#include <touchgfx/hal/Types.hpp>

FONT_GLYPH_LOCATION_FLASH_PRAGMA
KEEP extern const uint8_t unicodes_IRANSans_PerNumber_30_4bpp_31[] FONT_GLYPH_LOCATION_FLASH_ATTRIBUTE = {
    // Unicode: [0xFB56, uni067E]
    0x00, 0x04, 0x00, 0x00, 0x00, 0x00, 0x00, 0x00, 0x00, 0x00, 0x00, 0xB2, 0x07, 0x00, 0x50, 0x9F,
    0x00, 0x00, 0x00, 0x00, 0x00, 0x00, 0x00, 0x00, 0x20, 0xFE, 0x1E, 0x00, 0xD0, 0xFF, 0x05, 0x00,
    0x00, 0x00, 0x00, 0x00, 0x00, 0x00, 0x00, 0xFB, 0x8F, 0x00, 0xF3, 0xDF, 0x00, 0x00, 0x00, 0x00,
    0x00, 0x00, 0x00, 0x00, 0x00, 0xF2, 0xEF, 0x01, 0xF7, 0x7F, 0x00, 0x00, 0x00, 0x00, 0x00, 0x00,
    0x00, 0x00, 0x00, 0xA0, 0xFF, 0x06, 0xF9, 0x5F, 0x00, 0x00, 0x00, 0x00, 0x00, 0x00, 0x00, 0x00,
    0x00, 0x30, 0xFF, 0x0B, 0xF8, 0x6F, 0x00, 0x00, 0x00, 0x00, 0x00, 0x00, 0x00, 0x00, 0x00, 0x00,
    0xFD, 0x0F, 0xF5, 0xCF, 0x01, 0x00, 0x00, 0x00, 0x00, 0x00, 0x00, 0x00, 0x00, 0x00, 0xFA, 0x2F,
    0xE1, 0xFF, 0x4C, 0x00, 0x00, 0x00, 0x00, 0x00, 0x00, 0x00, 0x00, 0xA3, 0xFF, 0x1E, 0x50, 0xFF,
    0xFF, 0x8D, 0x35, 0x01, 0x00, 0x00, 0x10, 0x63, 0xD9, 0xFF, 0xFF, 0x06, 0x00, 0xE5, 0xFF, 0xFF,
    0xFF, 0xFF, 0xFF, 0xFF, 0xFF, 0xFF, 0xFF, 0xFF, 0x4C, 0x00, 0x00, 0x10, 0xE8, 0xFF, 0xFF, 0xFF,
    0xFF, 0xFF, 0xFF, 0xFF, 0xDF, 0x39, 0x00, 0x00, 0x00, 0x00, 0x00, 0x74, 0xCA, 0xED, 0xFF, 0xEF,
    0xAC, 0x58, 0x02, 0x00, 0x00, 0x00, 0x00, 0x00, 0x00, 0x00, 0x00, 0x00, 0x00, 0x00, 0x00, 0x00,
    0x00, 0x00, 0x00, 0x00, 0x00, 0x00, 0x00, 0x00, 0x00, 0x00, 0x00, 0x00, 0x00, 0x00, 0x00, 0x00,
    0x00, 0x00, 0x00, 0x00, 0x00, 0x00, 0x00, 0x19, 0x00, 0x00, 0x56, 0x00, 0x00, 0x00, 0x00, 0x00,
    0x00, 0x00, 0x00, 0x00, 0xB0, 0xCF, 0x01, 0x50, 0xFF, 0x05, 0x00, 0x00, 0x00, 0x00, 0x00, 0x00,
    0x00, 0x00, 0xF8, 0xFF, 0x0B, 0xF2, 0xFF, 0x2F, 0x00, 0x00, 0x00, 0x00, 0x00, 0x00, 0x00, 0x00,
    0xC1, 0xDF, 0x02, 0x70, 0xFF, 0x06, 0x00, 0x00, 0x00, 0x00, 0x00, 0x00, 0x00, 0x00, 0x10, 0x2B,
    0x10, 0x00, 0x67, 0x00, 0x00, 0x00, 0x00, 0x00, 0x00, 0x00, 0x00, 0x00, 0x00, 0x00, 0xC1, 0x08,
    0x00, 0x00, 0x00, 0x00, 0x00, 0x00, 0x00, 0x00, 0x00, 0x00, 0x00, 0x10, 0xFC, 0x8F, 0x00, 0x00,
    0x00, 0x00, 0x00, 0x00, 0x00, 0x00, 0x00, 0x00, 0x00, 0x10, 0xFC, 0x7F, 0x00, 0x00, 0x00, 0x00,
    0x00, 0x00, 0x00, 0x00, 0x00, 0x00, 0x00, 0x00, 0xC1, 0x07, 0x00, 0x00, 0x00, 0x00, 0x00, 0x00,
    // Unicode: [0xFB57, uniFB57]
    0x10, 0x00, 0x00, 0x00, 0x00, 0x00, 0x00, 0x00, 0x00, 0x00, 0x00, 0x00, 0x00, 0x00, 0x00, 0x00,
    0x00, 0xA0, 0x5D, 0x00, 0x00, 0x00, 0x00, 0x00, 0x00, 0x00, 0x00, 0x00, 0x00, 0x00, 0x00, 0x00,
    0x00, 0x00, 0xF1, 0xFF, 0x01, 0x00, 0x00, 0x00, 0x00, 0x00, 0x00, 0x00, 0x00, 0x00, 0x00, 0x00,
    0x00, 0x00, 0x00, 0xF5, 0xAF, 0x00, 0x00, 0x00, 0x00, 0x00, 0x00, 0x00, 0x00, 0x00, 0x00, 0x40,
    0x01, 0x00, 0x00, 0x00, 0xF8, 0x7F, 0x00, 0x00, 0x00, 0x00, 0x00, 0x00, 0x00, 0x00, 0x00, 0x00,
    0xF2, 0xBF, 0x00, 0x00, 0x00, 0xFA, 0x5F, 0x00, 0x00, 0x00, 0x00, 0x00, 0x00, 0x00, 0x00, 0x00,
    0x00, 0xF7, 0xAF, 0x00, 0x00, 0x00, 0xFA, 0x5F, 0x00, 0x00, 0x00, 0x00, 0x00, 0x00, 0x00, 0x00,
    0x00, 0x10, 0xFE, 0x8F, 0x00, 0x00, 0x00, 0xF8, 0xAF, 0x00, 0x00, 0x00, 0x00, 0x00, 0x00, 0x00,
    0x00, 0x00, 0xA0, 0xFF, 0x8F, 0x00, 0x00, 0x00, 0xF4, 0xFF, 0x03, 0x00, 0x00, 0x00, 0x00, 0x00,
    0x00, 0x00, 0x00, 0xF9, 0xFF, 0xAF, 0x00, 0x00, 0x00, 0xC0, 0xFF, 0x5E, 0x00, 0x00, 0x00, 0x00,
    0x00, 0x00, 0x00, 0xC4, 0xFF, 0xFF, 0xEF, 0x02, 0x00, 0x00, 0x30, 0xFE, 0xFF, 0x8D, 0x24, 0x00,
    0x00, 0x00, 0x52, 0xD8, 0xFF, 0xFF, 0x98, 0xFF, 0x5D, 0x01, 0x00, 0x00, 0xE3, 0xFF, 0xFF, 0xFF,
    0xEF, 0xEE, 0xFF, 0xFF, 0xFF, 0xFF, 0x5D, 0x10, 0xFE, 0xFF, 0xEF, 0x09, 0x00, 0x10, 0xE8, 0xFF,
    0xFF, 0xFF, 0xFF, 0xFF, 0xFF, 0xFF, 0x7D, 0x01, 0x00, 0xD3, 0xFF, 0xFF, 0x2F, 0x00, 0x00, 0x00,
    0x84, 0xCA, 0xEE, 0xFF, 0xDE, 0x9C, 0x26, 0x00, 0x00, 0x00, 0x10, 0xB7, 0xFE, 0x0B, 0x00, 0x00,
    0x00, 0x00, 0x00, 0x00, 0x00, 0x00, 0x00, 0x00, 0x00, 0x00, 0x00, 0x00, 0x00, 0x00, 0x00, 0x00,
    0x00, 0x00, 0x00, 0x00, 0x00, 0x00, 0x00, 0x00, 0x00, 0x00, 0x00, 0x00, 0x00, 0x00, 0x00, 0x00,
    0x00, 0x00, 0x00, 0x00, 0x10, 0x4B, 0x00, 0x00, 0xA6, 0x00, 0x00, 0x00, 0x00, 0x00, 0x00, 0x00,
    0x00, 0x00, 0x00, 0x00, 0x00, 0xB1, 0xFF, 0x04, 0x60, 0xFF, 0x0A, 0x00, 0x00, 0x00, 0x00, 0x00,
    0x00, 0x00, 0x00, 0x00, 0x00, 0x00, 0xF6, 0xFF, 0x0C, 0xE1, 0xFF, 0x4F, 0x00, 0x00, 0x00, 0x00,
    0x00, 0x00, 0x00, 0x00, 0x00, 0x00, 0x00, 0x80, 0xDF, 0x02, 0x30, 0xFE, 0x05, 0x00, 0x00, 0x00,
    0x00, 0x00, 0x00, 0x00, 0x00, 0x00, 0x00, 0x00, 0x00, 0x27, 0x10, 0x01, 0x53, 0x00, 0x00, 0x00,
    0x00, 0x00, 0x00, 0x00, 0x00, 0x00, 0x00, 0x00, 0x00, 0x00, 0x00, 0xD1, 0x1C, 0x00, 0x00, 0x00,
    0x00, 0x00, 0x00, 0x00, 0x00, 0x00, 0x00, 0x00, 0x00, 0x00, 0x00, 0x10, 0xFD, 0xCF, 0x00, 0x00,
    0x00, 0x00, 0x00, 0x00, 0x00, 0x00, 0x00, 0x00, 0x00, 0x00, 0x00, 0x00, 0x00, 0xF7, 0x6F, 0x00,
    0x00, 0x00, 0x00, 0x00, 0x00, 0x00, 0x00, 0x00, 0x00, 0x00, 0x00, 0x00, 0x00, 0x00, 0x70, 0x06,
    0x00, 0x00, 0x00, 0x00, 0x00, 0x00, 0x00, 0x00, 0x00,
    // Unicode: [0xFB58, uniFB58]
    0x00, 0x00, 0x00, 0x00, 0x10, 0x04, 0x00, 0x00, 0x00, 0x00, 0x00, 0xE7, 0x1F, 0x00, 0x00, 0x00,
    0x00, 0x00, 0xFA, 0x7F, 0x00, 0x00, 0x00, 0x00, 0x00, 0xF4, 0xCF, 0x00, 0x00, 0x00, 0x00, 0x00,
    0xD0, 0xFF, 0x02, 0x00, 0x00, 0x00, 0x00, 0x90, 0xFF, 0x06, 0x00, 0x00, 0x00, 0x00, 0x50, 0xFF,
    0x09, 0x00, 0x00, 0x00, 0x00, 0x20, 0xFF, 0x0B, 0x00, 0x00, 0x00, 0x00, 0x20, 0xFF, 0x0B, 0x00,
    0x00, 0x00, 0x00, 0x60, 0xFF, 0x0A, 0x00, 0x00, 0x00, 0x20, 0xF8, 0xFF, 0x06, 0xA1, 0xCC, 0xDC,
    0xFE, 0xFF, 0xCF, 0x00, 0xF6, 0xFF, 0xFF, 0xFF, 0xFF, 0x2D, 0x00, 0xD2, 0xFF, 0xFF, 0xEF, 0x6C,
    0x00, 0x00, 0x00, 0x00, 0x00, 0x00, 0x00, 0x00, 0x00, 0x00, 0x00, 0x00, 0x00, 0x00, 0x00, 0x00,
    0x00, 0x00, 0x01, 0x00, 0x00, 0x01, 0x00, 0x00, 0x70, 0x2D, 0x00, 0x20, 0x6E, 0x00, 0x00, 0xF7,
    0xDF, 0x02, 0xE2, 0xFF, 0x06, 0x00, 0xFB, 0xFF, 0x04, 0xF6, 0xFF, 0x0A, 0x00, 0xC1, 0x5F, 0x00,
    0x60, 0xAF, 0x00, 0x00, 0x10, 0x04, 0x50, 0x00, 0x04, 0x00, 0x00, 0x00, 0x00, 0xF9, 0x09, 0x00,
    0x00, 0x00, 0x00, 0x60, 0xFF, 0x6F, 0x00, 0x00, 0x00, 0x00, 0x00, 0xFB, 0x0B, 0x00, 0x00, 0x00,
    0x00, 0x00, 0x80, 0x00, 0x00, 0x00,
    // Unicode: [0xFB59, uniFB59]
    0x00, 0x00, 0x00, 0x00, 0x51, 0x5A, 0x00, 0x00, 0x00, 0x00, 0x00, 0x00, 0xF4, 0x9F, 0x00, 0x00,
    0x00, 0x00, 0x00, 0x00, 0xF1, 0xCF, 0x00, 0x00, 0x00, 0x00, 0x00, 0x00, 0xE0, 0xEF, 0x00, 0x00,
    0x00, 0x00, 0x00, 0x00, 0xD0, 0xFF, 0x00, 0x00, 0x00, 0x00, 0x00, 0x00, 0xE0, 0xFF, 0x02, 0x00,
    0x00, 0x00, 0x00, 0x00, 0xF7, 0xFF, 0x06, 0x00, 0x00, 0x00, 0x10, 0xA4, 0xFF, 0xFF, 0x2E, 0x00,
    0xC2, 0xED, 0xFF, 0xFF, 0xFF, 0xFF, 0xFF, 0x6D, 0xF7, 0xFF, 0xFF, 0xFF, 0xCF, 0xE5, 0xFF, 0xDF,
    0xE3, 0xFF, 0xDE, 0x7B, 0x03, 0x20, 0xEA, 0x7E, 0x00, 0x00, 0x00, 0x00, 0x00, 0x00, 0x00, 0x00,
    0x00, 0x00, 0x00, 0x00, 0x00, 0x00, 0x00, 0x00, 0x00, 0x50, 0x08, 0x00, 0x10, 0x2A, 0x00, 0x00,
    0x00, 0xF5, 0x8F, 0x00, 0xC1, 0xDF, 0x02, 0x00, 0x10, 0xFE, 0xFF, 0x04, 0xF9, 0xFF, 0x0A, 0x00,
    0x00, 0xF4, 0x7F, 0x00, 0xC1, 0xCF, 0x01, 0x00, 0x00, 0x40, 0x07, 0x10, 0x10, 0x19, 0x00, 0x00,
    0x00, 0x00, 0x00, 0xE6, 0x04, 0x00, 0x00, 0x00, 0x00, 0x00, 0x60, 0xFF, 0x3E, 0x00, 0x00, 0x00,
    0x00, 0x00, 0x30, 0xFE, 0x1D, 0x00, 0x00, 0x00, 0x00, 0x00, 0x00, 0xC3, 0x01, 0x00, 0x00, 0x00,
    // Unicode: [0xFB8E, uni06A9]
    0x00, 0x00, 0x00, 0x00, 0x00, 0x00, 0x00, 0x00, 0x00, 0x00, 0x00, 0x00, 0x00, 0x50, 0x6B, 0x00,
    0x00, 0x00, 0x00, 0x00, 0x00, 0x00, 0x00, 0x00, 0x00, 0x00, 0x00, 0x00, 0x71, 0xFD, 0xCF, 0x00,
    0x00, 0x00, 0x00, 0x00, 0x00, 0x00, 0x00, 0x00, 0x00, 0x00, 0x00, 0xA4, 0xFF, 0xFF, 0xEF, 0x02,
    0x00, 0x00, 0x00, 0x00, 0x00, 0x00, 0x00, 0x00, 0x00, 0x10, 0xC6, 0xFF, 0xFF, 0xCF, 0x16, 0x00,
    0x00, 0x00, 0x00, 0x00, 0x00, 0x00, 0x00, 0x00, 0x20, 0xE9, 0xFF, 0xFF, 0xAF, 0x03, 0x00, 0x00,
    0x00, 0x00, 0x00, 0x00, 0x00, 0x00, 0x00, 0x00, 0xF6, 0xFF, 0xFF, 0x7D, 0x01, 0x00, 0x00, 0x00,
    0x00, 0x00, 0x00, 0x00, 0x00, 0x00, 0x00, 0x00, 0xF9, 0xFF, 0x5B, 0x00, 0x00, 0x00, 0x00, 0x00,
    0x00, 0x00, 0x00, 0x00, 0x00, 0x00, 0x00, 0x00, 0xFA, 0x8F, 0x00, 0x00, 0x00, 0x00, 0x00, 0x00,
    0x00, 0x00, 0x00, 0x00, 0x00, 0x00, 0x00, 0x00, 0xFA, 0xFF, 0x08, 0x00, 0x00, 0x00, 0x00, 0x00,
    0x00, 0x00, 0x00, 0x00, 0x00, 0x00, 0x00, 0x00, 0xA1, 0xFF, 0x9F, 0x00, 0x00, 0x00, 0x00, 0x00,
    0x00, 0x00, 0x00, 0x00, 0x00, 0x00, 0x00, 0x00, 0x00, 0xF8, 0xFF, 0x0A, 0x00, 0x00, 0x00, 0x00,
    0x10, 0x03, 0x00, 0x00, 0x00, 0x00, 0x00, 0x00, 0x00, 0x60, 0xFF, 0xBF, 0x00, 0x00, 0x00, 0x00,
    0x90, 0x7F, 0x00, 0x00, 0x00, 0x00, 0x00, 0x00, 0x00, 0x00, 0xF5, 0xFF, 0x09, 0x00, 0x00, 0x00,
    0xF1, 0xFF, 0x02, 0x00, 0x00, 0x00, 0x00, 0x00, 0x00, 0x00, 0x50, 0xFF, 0x5F, 0x00, 0x00, 0x00,
    0xF6, 0xAF, 0x00, 0x00, 0x00, 0x00, 0x00, 0x00, 0x00, 0x00, 0x00, 0xF8, 0xDF, 0x00, 0x00, 0x00,
    0xFA, 0x4F, 0x00, 0x00, 0x00, 0x00, 0x00, 0x00, 0x00, 0x00, 0x00, 0xD0, 0xFF, 0x04, 0x00, 0x00,
    0xFC, 0x1F, 0x00, 0x00, 0x00, 0x00, 0x00, 0x00, 0x00, 0x00, 0x00, 0x70, 0xFF, 0x08, 0x00, 0x00,
    0xFC, 0x2F, 0x00, 0x00, 0x00, 0x00, 0x00, 0x00, 0x00, 0x00, 0x00, 0x60, 0xFF, 0x08, 0x00, 0x00,
    0xF9, 0x9F, 0x00, 0x00, 0x00, 0x00, 0x00, 0x00, 0x00, 0x00, 0x00, 0xA0, 0xFF, 0x05, 0x00, 0x00,
    0xF3, 0xFF, 0x2A, 0x00, 0x00, 0x00, 0x00, 0x00, 0x00, 0x00, 0x10, 0xF9, 0xEF, 0x01, 0x00, 0x00,
    0x80, 0xFF, 0xFF, 0x7B, 0x24, 0x00, 0x00, 0x00, 0x00, 0x51, 0xE9, 0xFF, 0x6F, 0x00, 0x00, 0x00,
    0x00, 0xF7, 0xFF, 0xFF, 0xFF, 0xEF, 0xEE, 0xEE, 0xFE, 0xFF, 0xFF, 0xFF, 0x07, 0x00, 0x00, 0x00,
    0x00, 0x30, 0xFA, 0xFF, 0xFF, 0xFF, 0xFF, 0xFF, 0xFF, 0xFF, 0xFF, 0x3A, 0x00, 0x00, 0x00, 0x00,
    0x00, 0x00, 0x10, 0x85, 0xCB, 0xEE, 0xFF, 0xFF, 0xDE, 0x9C, 0x16, 0x00, 0x00, 0x00, 0x00, 0x00,
    // Unicode: [0xFB8F, uniFB8F]
    0x00, 0x00, 0x00, 0x00, 0x00, 0x00, 0x00, 0x00, 0x00, 0x00, 0x00, 0x00, 0x00, 0x00, 0x00, 0x03,
    0x00, 0x00, 0x00, 0x00, 0x00, 0x00, 0x00, 0x00, 0x00, 0x00, 0x00, 0x00, 0x00, 0x00, 0x00, 0x10,
    0xD7, 0x1F, 0x00, 0x00, 0x00, 0x00, 0x00, 0x00, 0x00, 0x00, 0x00, 0x00, 0x00, 0x00, 0x00, 0x00,
    0x20, 0xE9, 0xFF, 0x7F, 0x00, 0x00, 0x00, 0x00, 0x00, 0x00, 0x00, 0x00, 0x00, 0x00, 0x00, 0x00,
    0x00, 0x40, 0xFB, 0xFF, 0xFF, 0x5C, 0x00, 0x00, 0x00, 0x00, 0x00, 0x00, 0x00, 0x00, 0x00, 0x00,
    0x00, 0x00, 0x71, 0xFD, 0xFF, 0xFF, 0x4A, 0x00, 0x00, 0x00, 0x00, 0x00, 0x00, 0x00, 0x00, 0x00,
    0x00, 0x00, 0x00, 0x92, 0xFE, 0xFF, 0xEF, 0x28, 0x00, 0x00, 0x00, 0x00, 0x00, 0x00, 0x00, 0x00,
    0x00, 0x00, 0x00, 0x00, 0x60, 0xFF, 0xFF, 0xCF, 0x05, 0x00, 0x00, 0x00, 0x00, 0x00, 0x00, 0x00,
    0x00, 0x00, 0x00, 0x00, 0x00, 0x00, 0x90, 0xFF, 0x9F, 0x03, 0x00, 0x00, 0x00, 0x00, 0x00, 0x00,
    0x00, 0x00, 0x00, 0x00, 0x00, 0x00, 0x00, 0x00, 0xA0, 0xFF, 0x0A, 0x00, 0x00, 0x00, 0x00, 0x00,
    0x00, 0x00, 0x00, 0x00, 0x00, 0x00, 0x00, 0x00, 0x00, 0x00, 0x70, 0xFF, 0xBF, 0x01, 0x00, 0x00,
    0x00, 0x00, 0x00, 0x00, 0x00, 0x00, 0x00, 0x00, 0x00, 0x00, 0x00, 0x00, 0x00, 0xE5, 0xFF, 0x2D,
    0x00, 0x00, 0x00, 0x00, 0x00, 0x00, 0x00, 0x00, 0x00, 0x00, 0x00, 0x00, 0x00, 0x00, 0x00, 0x30,
    0xFE, 0xDF, 0x02, 0x00, 0x00, 0x00, 0x00, 0x00, 0x00, 0x13, 0x00, 0x00, 0x00, 0x00, 0x00, 0x00,
    0x00, 0x00, 0xE3, 0xFF, 0x0C, 0x00, 0x00, 0x00, 0x00, 0x00, 0x00, 0xDD, 0x04, 0x00, 0x00, 0x00,
    0x00, 0x00, 0x00, 0x00, 0x30, 0xFE, 0x8F, 0x00, 0x00, 0x00, 0x00, 0x00, 0x50, 0xFF, 0x0D, 0x00,
    0x00, 0x00, 0x00, 0x00, 0x00, 0x00, 0x00, 0xF4, 0xFF, 0x04, 0x00, 0x00, 0x00, 0x00, 0xB0, 0xFF,
    0x06, 0x00, 0x00, 0x00, 0x00, 0x00, 0x00, 0x00, 0x00, 0x80, 0xFF, 0x0B, 0x00, 0x00, 0x00, 0x00,
    0xF0, 0xEF, 0x00, 0x00, 0x00, 0x00, 0x00, 0x00, 0x00, 0x00, 0x00, 0x10, 0xFE, 0x3F, 0x00, 0x00,
    0x00, 0x00, 0xF2, 0xCF, 0x00, 0x00, 0x00, 0x00, 0x00, 0x00, 0x00, 0x00, 0x00, 0x00, 0xF9, 0x8F,
    0x00, 0x00, 0x00, 0x00, 0xF1, 0xDF, 0x00, 0x00, 0x00, 0x00, 0x00, 0x00, 0x00, 0x00, 0x00, 0x00,
    0xF8, 0xEF, 0x01, 0x00, 0x00, 0x00, 0xD0, 0xFF, 0x05, 0x00, 0x00, 0x00, 0x00, 0x00, 0x00, 0x00,
    0x00, 0x00, 0xFD, 0xFF, 0x09, 0x00, 0x00, 0x00, 0x70, 0xFF, 0x6E, 0x00, 0x00, 0x00, 0x00, 0x00,
    0x00, 0x00, 0x00, 0xB1, 0xFF, 0xFF, 0x6F, 0x00, 0x00, 0x00, 0x10, 0xFD, 0xFF, 0x9D, 0x25, 0x00,
    0x00, 0x00, 0x00, 0x20, 0xA5, 0xFF, 0xEF, 0xFA, 0xFF, 0x4A, 0x00, 0x00, 0x00, 0xC2, 0xFF, 0xFF,
    0xFF, 0xEF, 0xDD, 0xDD, 0xDD, 0xFE, 0xFF, 0xFF, 0x4E, 0xA0, 0xFF, 0xFF, 0xEF, 0x1B, 0x00, 0x00,
    0xE7, 0xFF, 0xFF, 0xFF, 0xFF, 0xFF, 0xFF, 0xFF, 0xFF, 0x8E, 0x01, 0x00, 0xE6, 0xFF, 0xFF, 0x6F,
    0x00, 0x00, 0x00, 0x84, 0xDB, 0xFE, 0xFF, 0xFF, 0xEE, 0xBC, 0x48, 0x00, 0x00, 0x00, 0x10, 0xB6,
    0xED, 0x2D,
    // Unicode: [0xFB90, uniFB90]
    0x00, 0x00, 0x00, 0x00, 0x00, 0x00, 0x00, 0xB5, 0x01, 0x00, 0x00, 0x00, 0x00, 0x00, 0x10, 0xD7,
    0xFF, 0x06, 0x00, 0x00, 0x00, 0x00, 0x30, 0xF9, 0xFF, 0xFF, 0x0B, 0x00, 0x00, 0x00, 0x50, 0xFC,
    0xFF, 0xFF, 0x6C, 0x00, 0x00, 0x00, 0x71, 0xFD, 0xFF, 0xFF, 0x3A, 0x00, 0x00, 0x00, 0x30, 0xFF,
    0xFF, 0xDF, 0x17, 0x00, 0x00, 0x00, 0x00, 0x50, 0xFF, 0xBF, 0x05, 0x00, 0x00, 0x00, 0x00, 0x00,
    0x70, 0xFF, 0x1C, 0x00, 0x00, 0x00, 0x00, 0x00, 0x00, 0x40, 0xFE, 0xDF, 0x02, 0x00, 0x00, 0x00,
    0x00, 0x00, 0x00, 0xE3, 0xFF, 0x2D, 0x00, 0x00, 0x00, 0x00, 0x00, 0x00, 0x20, 0xFD, 0xDF, 0x01,
    0x00, 0x00, 0x00, 0x00, 0x00, 0x00, 0xE2, 0xFF, 0x0B, 0x00, 0x00, 0x00, 0x00, 0x00, 0x00, 0x30,
    0xFE, 0x7F, 0x00, 0x00, 0x00, 0x00, 0x00, 0x00, 0x00, 0xF4, 0xEF, 0x02, 0x00, 0x00, 0x00, 0x00,
    0x00, 0x00, 0x80, 0xFF, 0x08, 0x00, 0x00, 0x00, 0x00, 0x00, 0x00, 0x10, 0xFE, 0x0E, 0x00, 0x00,
    0x00, 0x00, 0x00, 0x00, 0x00, 0xFA, 0x2F, 0x00, 0x00, 0x00, 0x00, 0x00, 0x00, 0x00, 0xF8, 0x3F,
    0x00, 0x00, 0x00, 0x00, 0x00, 0x00, 0x00, 0xFA, 0x3F, 0x00, 0x00, 0x00, 0x00, 0x00, 0x00, 0x20,
    0xFF, 0x0F, 0x00, 0x00, 0x00, 0x00, 0x00, 0x20, 0xE7, 0xFF, 0x0A, 0x00, 0x00, 0xC2, 0xDD, 0xED,
    0xFF, 0xFF, 0xEF, 0x02, 0x00, 0x00, 0xF8, 0xFF, 0xFF, 0xFF, 0xFF, 0x3E, 0x00, 0x00, 0x00, 0xD3,
    0xFF, 0xFF, 0xEF, 0x7B, 0x01, 0x00, 0x00, 0x00,
    // Unicode: [0xFB91, uniFB91]
    0x00, 0x00, 0x00, 0x00, 0x00, 0x00, 0x00, 0x00, 0x13, 0x00, 0x00, 0x00, 0x00, 0x00, 0x00, 0x00,
    0x00, 0x00, 0xC5, 0x6F, 0x00, 0x00, 0x00, 0x00, 0x00, 0x00, 0x00, 0x10, 0xE7, 0xFF, 0xCF, 0x00,
    0x00, 0x00, 0x00, 0x00, 0x00, 0x30, 0xFA, 0xFF, 0xFF, 0x7D, 0x00, 0x00, 0x00, 0x00, 0x00, 0x50,
    0xFC, 0xFF, 0xFF, 0x5B, 0x00, 0x00, 0x00, 0x00, 0x00, 0x71, 0xFD, 0xFF, 0xEF, 0x39, 0x00, 0x00,
    0x00, 0x00, 0x00, 0x00, 0xFE, 0xFF, 0xDF, 0x17, 0x00, 0x00, 0x00, 0x00, 0x00, 0x00, 0x20, 0xFF,
    0xAF, 0x04, 0x00, 0x00, 0x00, 0x00, 0x00, 0x00, 0x00, 0x30, 0xFF, 0x2D, 0x00, 0x00, 0x00, 0x00,
    0x00, 0x00, 0x00, 0x00, 0x20, 0xFE, 0xEF, 0x02, 0x00, 0x00, 0x00, 0x00, 0x00, 0x00, 0x00, 0x00,
    0xD2, 0xFF, 0x1D, 0x00, 0x00, 0x00, 0x00, 0x00, 0x00, 0x00, 0x00, 0x20, 0xFD, 0xCF, 0x00, 0x00,
    0x00, 0x00, 0x00, 0x00, 0x00, 0x00, 0x00, 0xE2, 0xFF, 0x08, 0x00, 0x00, 0x00, 0x00, 0x00, 0x00,
    0x00, 0x00, 0x30, 0xFF, 0x3F, 0x00, 0x00, 0x00, 0x00, 0x00, 0x00, 0x00, 0x00, 0x00, 0xF7, 0xBF,
    0x00, 0x00, 0x00, 0x00, 0x00, 0x00, 0x00, 0x00, 0x00, 0xC0, 0xFF, 0x04, 0x00, 0x00, 0x00, 0x00,
    0x00, 0x00, 0x00, 0x00, 0x50, 0xFF, 0x0C, 0x00, 0x00, 0x00, 0x00, 0x00, 0x00, 0x00, 0x00, 0x00,
    0xFD, 0x5F, 0x00, 0x00, 0x00, 0x00, 0x00, 0x00, 0x00, 0x00, 0x00, 0xFA, 0xDF, 0x01, 0x00, 0x00,
    0x00, 0x00, 0x00, 0x00, 0x00, 0x00, 0xFA, 0xFF, 0x08, 0x00, 0x00, 0x00, 0x00, 0x00, 0x00, 0x00,
    0x20, 0xFE, 0xFF, 0x5F, 0x00, 0x00, 0x00, 0x00, 0x00, 0x00, 0x00, 0xD5, 0xFF, 0xFE, 0xFF, 0x28,
    0x00, 0x00, 0xB1, 0xDD, 0xDD, 0xED, 0xFF, 0xEF, 0xB2, 0xFF, 0xFF, 0xDE, 0x07, 0xF6, 0xFF, 0xFF,
    0xFF, 0xFF, 0x4E, 0x10, 0xFA, 0xFF, 0xFF, 0x0E, 0xD2, 0xFF, 0xFF, 0xEF, 0x8C, 0x01, 0x00, 0x40,
    0xD9, 0xFE, 0x08,
    // Unicode: [0xFBFC, uni06CC]
    0x00, 0x00, 0x00, 0x00, 0x00, 0x00, 0x00, 0x00, 0x20, 0xC8, 0xED, 0xAD, 0x03, 0x00, 0x00, 0x00,
    0x00, 0x00, 0x00, 0x00, 0x00, 0xF7, 0xFF, 0xFF, 0xFF, 0x03, 0x00, 0x00, 0x00, 0x00, 0x00, 0x00,
    0x00, 0xB1, 0xFF, 0xFF, 0xFF, 0xBF, 0x00, 0x00, 0x32, 0x00, 0x00, 0x00, 0x00, 0x00, 0xFB, 0xFF,
    0x4A, 0x01, 0x23, 0x00, 0x00, 0xF9, 0x4D, 0x00, 0x00, 0x00, 0x70, 0xFF, 0x5F, 0x00, 0x00, 0x00,
    0x00, 0x00, 0xFE, 0x3F, 0x00, 0x00, 0x00, 0xE1, 0xFF, 0x06, 0x00, 0x00, 0x00, 0x00, 0x30, 0xFF,
    0x0E, 0x00, 0x00, 0x00, 0xF7, 0xAF, 0x00, 0x00, 0x00, 0x00, 0x00, 0x80, 0xFF, 0x0A, 0x00, 0x00,
    0x00, 0xFB, 0x3F, 0x00, 0x00, 0x00, 0x00, 0x00, 0xB0, 0xFF, 0x05, 0x00, 0x00, 0x00, 0xFD, 0x0E,
    0x00, 0x00, 0x00, 0x00, 0x00, 0xE0, 0xFF, 0x01, 0x00, 0x00, 0x00, 0xFD, 0x1F, 0x00, 0x00, 0x00,
    0x00, 0x00, 0xF3, 0xDF, 0x00, 0x00, 0x00, 0x00, 0xFC, 0x9F, 0x01, 0x00, 0x00, 0x00, 0x00, 0xF5,
    0xAF, 0x00, 0x00, 0x00, 0x00, 0xF8, 0xFF, 0xAE, 0x25, 0x00, 0x00, 0x00, 0xF7, 0x8F, 0x00, 0x00,
    0x00, 0x00, 0xC1, 0xFF, 0xFF, 0xFF, 0x4B, 0x00, 0x00, 0xF8, 0x6F, 0x00, 0x00, 0x00, 0x00, 0x10,
    0xF8, 0xFF, 0xFF, 0xFF, 0x05, 0x00, 0xF9, 0x6F, 0x00, 0x00, 0x00, 0x00, 0x00, 0x10, 0x95, 0xFE,
    0xFF, 0x0C, 0x00, 0xF7, 0x8F, 0x00, 0x00, 0x00, 0x00, 0x00, 0x00, 0x00, 0x60, 0xFF, 0x0F, 0x00,
    0xF4, 0xDF, 0x00, 0x00, 0x00, 0x00, 0x00, 0x00, 0x00, 0x30, 0xFF, 0x0D, 0x00, 0xE0, 0xFF, 0x06,
    0x00, 0x00, 0x00, 0x00, 0x00, 0x00, 0xB1, 0xFF, 0x09, 0x00, 0x70, 0xFF, 0x6F, 0x00, 0x00, 0x00,
    0x00, 0x00, 0x40, 0xFD, 0xEF, 0x02, 0x00, 0x00, 0xFC, 0xFF, 0x7C, 0x13, 0x00, 0x31, 0x95, 0xFD,
    0xFF, 0x5F, 0x00, 0x00, 0x00, 0xB1, 0xFF, 0xFF, 0xFF, 0xFF, 0xFF, 0xFF, 0xFF, 0xDF, 0x04, 0x00,
    0x00, 0x00, 0x00, 0xE7, 0xFF, 0xFF, 0xFF, 0xFF, 0xFF, 0xDF, 0x17, 0x00, 0x00, 0x00, 0x00, 0x00,
    0x10, 0x95, 0xEC, 0xFF, 0xDE, 0x8A, 0x03, 0x00, 0x00, 0x00, 0x00,
    // Unicode: [0xFBFD, uniFBFD]
    0x00, 0x51, 0x00, 0x00, 0x00, 0x00, 0x00, 0x00, 0x00, 0x00, 0x00, 0x00, 0x00, 0x00, 0xF7, 0x5E,
    0x00, 0x00, 0x00, 0x00, 0x00, 0x00, 0x00, 0x00, 0x00, 0x00, 0x00, 0xFC, 0x4F, 0x00, 0x00, 0x00,
    0x00, 0x00, 0x00, 0x00, 0x00, 0x00, 0x00, 0x30, 0xFF, 0x0D, 0x00, 0x00, 0x00, 0x00, 0x00, 0x00,
    0x00, 0x00, 0x00, 0x00, 0x70, 0xFF, 0x08, 0x00, 0x00, 0x00, 0x00, 0x00, 0x00, 0x00, 0x00, 0x00,
    0x00, 0xC0, 0xFF, 0x04, 0x00, 0x00, 0x00, 0x00, 0x00, 0x00, 0x00, 0x00, 0x00, 0x00, 0xF0, 0xEF,
    0x00, 0x00, 0x00, 0x00, 0x00, 0x00, 0x00, 0x00, 0x00, 0x00, 0x00, 0xF3, 0xBF, 0x00, 0x00, 0x00,
    0x00, 0xD2, 0xDD, 0xDD, 0xDD, 0xDD, 0xDD, 0x2C, 0xF6, 0x9F, 0x00, 0x00, 0x00, 0x00, 0xF4, 0xFF,
    0xFF, 0xFF, 0xFF, 0xFF, 0x8F, 0xF7, 0x6F, 0x00, 0x00, 0x00, 0x00, 0xF5, 0xFF, 0xFF, 0xFF, 0xFF,
    0xFF, 0x3E, 0xF8, 0x5F, 0x00, 0x00, 0x00, 0x00, 0x20, 0xB6, 0xFF, 0xFF, 0x3E, 0x00, 0x00, 0xF8,
    0x5F, 0x00, 0x00, 0x00, 0x00, 0x00, 0x00, 0x81, 0xFF, 0xCF, 0x00, 0x00, 0xF7, 0x7F, 0x00, 0x00,
    0x00, 0x00, 0x00, 0x00, 0x00, 0xE3, 0xFF, 0x02, 0x00, 0xF4, 0xBF, 0x00, 0x00, 0x00, 0x00, 0x00,
    0x00, 0x00, 0xB0, 0xFF, 0x03, 0x00, 0xE1, 0xFF, 0x02, 0x00, 0x00, 0x00, 0x00, 0x00, 0x00, 0xF3,
    0xFF, 0x01, 0x00, 0x90, 0xFF, 0x2D, 0x00, 0x00, 0x00, 0x00, 0x00, 0x61, 0xFE, 0x9F, 0x00, 0x00,
    0x10, 0xFE, 0xEF, 0x49, 0x02, 0x00, 0x31, 0xA6, 0xFE, 0xFF, 0x1D, 0x00, 0x00, 0x00, 0xE4, 0xFF,
    0xFF, 0xFF, 0xFF, 0xFF, 0xFF, 0xFF, 0xAF, 0x01, 0x00, 0x00, 0x00, 0x20, 0xFA, 0xFF, 0xFF, 0xFF,
    0xFF, 0xFF, 0xBF, 0x04, 0x00, 0x00, 0x00, 0x00, 0x00, 0x20, 0x96, 0xCB, 0xDD, 0xBC, 0x58, 0x01,
    0x00, 0x00, 0x00, 0x00,
    // Unicode: [0xFBFE, uniFBFE]
    0x00, 0x00, 0x00, 0x00, 0x00, 0x04, 0x00, 0x00, 0x00, 0x00, 0x00, 0xC4, 0x5F, 0x00, 0x00, 0x00,
    0x00, 0x00, 0xF6, 0xBF, 0x00, 0x00, 0x00, 0x00, 0x00, 0xE1, 0xFF, 0x01, 0x00, 0x00, 0x00, 0x00,
    0x90, 0xFF, 0x06, 0x00, 0x00, 0x00, 0x00, 0x50, 0xFF, 0x0A, 0x00, 0x00, 0x00, 0x00, 0x10, 0xFF,
    0x0D, 0x00, 0x00, 0x00, 0x00, 0x00, 0xFE, 0x0F, 0x00, 0x00, 0x00, 0x00, 0x00, 0xFD, 0x0F, 0x00,
    0x00, 0x00, 0x00, 0x20, 0xFF, 0x0E, 0x00, 0x00, 0x00, 0x10, 0xD6, 0xFF, 0x09, 0x80, 0xCC, 0xDC,
    0xFE, 0xFF, 0xEF, 0x02, 0xF2, 0xFF, 0xFF, 0xFF, 0xFF, 0x4E, 0x00, 0xB0, 0xFF, 0xFF, 0xEF, 0x8C,
    0x02, 0x00, 0x00, 0x00, 0x00, 0x00, 0x00, 0x00, 0x00, 0x00, 0x00, 0x00, 0x00, 0x00, 0x00, 0x00,
    0x00, 0x00, 0x10, 0x00, 0x00, 0x10, 0x00, 0x00, 0x00, 0xE5, 0x05, 0x00, 0xE5, 0x04, 0x00, 0x50,
    0xFF, 0x5F, 0x50, 0xFF, 0x5F, 0x00, 0x70, 0xFF, 0x7F, 0x70, 0xFF, 0x7F, 0x00, 0x00, 0xF7, 0x07,
    0x00, 0xF7, 0x07, 0x00, 0x00, 0x30, 0x00, 0x00, 0x40, 0x00,
    // Unicode: [0xFBFF, uniFBFF]
    0x00, 0x00, 0x00, 0x00, 0x51, 0x5A, 0x00, 0x00, 0x00, 0x00, 0x00, 0x00, 0xF4, 0x9F, 0x00, 0x00,
    0x00, 0x00, 0x00, 0x00, 0xF1, 0xCF, 0x00, 0x00, 0x00, 0x00, 0x00, 0x00, 0xE0, 0xEF, 0x00, 0x00,
    0x00, 0x00, 0x00, 0x00, 0xD0, 0xFF, 0x00, 0x00, 0x00, 0x00, 0x00, 0x00, 0xE0, 0xFF, 0x02, 0x00,
    0x00, 0x00, 0x00, 0x00, 0xF7, 0xFF, 0x06, 0x00, 0x00, 0x00, 0x10, 0xA4, 0xFF, 0xFF, 0x2E, 0x00,
    0xC2, 0xED, 0xFF, 0xFF, 0xFF, 0xFF, 0xFF, 0x6D, 0xF7, 0xFF, 0xFF, 0xFF, 0xCF, 0xE5, 0xFF, 0xDF,
    0xE3, 0xFF, 0xDE, 0x7B, 0x03, 0x20, 0xEA, 0x7E, 0x00, 0x00, 0x00, 0x00, 0x00, 0x00, 0x00, 0x00,
    0x00, 0x00, 0x00, 0x00, 0x00, 0x00, 0x00, 0x00, 0x00, 0x00, 0x00, 0x00, 0x00, 0x00, 0x00, 0x00,
    0x00, 0x30, 0x07, 0x00, 0x30, 0x07, 0x00, 0x00, 0x00, 0xE3, 0x7F, 0x00, 0xE3, 0x7F, 0x00, 0x00,
    0x10, 0xFE, 0xFF, 0x15, 0xFE, 0xFF, 0x05, 0x00, 0x00, 0xF4, 0x9F, 0x00, 0xF5, 0xAF, 0x00, 0x00,
    0x00, 0x40, 0x09, 0x00, 0x50, 0x09, 0x00, 0x00,
    // Unicode: [0xFDF2, uniFDF2]
    0x00, 0x00, 0x00, 0x00, 0x00, 0x00, 0x00, 0x00, 0x00, 0x01, 0x00, 0x00, 0x00, 0x00, 0x00, 0x00,
    0x00, 0x00, 0x00, 0x00, 0x00, 0x00, 0x50, 0x0B, 0x00, 0x00, 0x00, 0x00, 0x00, 0x00, 0x00, 0x00,
    0x00, 0x00, 0x00, 0x00, 0x40, 0x0D, 0x00, 0x00, 0x00, 0x00, 0x00, 0x00, 0x00, 0x00, 0x00, 0x00,
    0x00, 0x00, 0x30, 0x0D, 0x00, 0x00, 0x00, 0x00, 0x00, 0x00, 0x00, 0x00, 0x00, 0x00, 0x00, 0x00,
    0x40, 0x0C, 0x00, 0x00, 0x00, 0x00, 0x00, 0x00, 0x00, 0x00, 0x00, 0x00, 0x00, 0x00, 0x30, 0x06,
    0x21, 0x00, 0x00, 0x00, 0x00, 0x00, 0x00, 0x00, 0x00, 0x00, 0x00, 0x00, 0x00, 0x00, 0xA9, 0x00,
    0x00, 0x00, 0x00, 0x00, 0x00, 0x00, 0x00, 0x00, 0x00, 0xB3, 0x10, 0x2C, 0xF3, 0x01, 0x00, 0x00,
    0x00, 0x00, 0x00, 0x00, 0x00, 0x00, 0x00, 0xE4, 0x50, 0x5F, 0xF0, 0x02, 0x00, 0x00, 0x00, 0x00,
    0x00, 0x00, 0x00, 0x00, 0x00, 0xF3, 0xC2, 0xBF, 0xF3, 0x01, 0x00, 0x00, 0x00, 0x00, 0x00, 0x00,
    0x00, 0x00, 0x00, 0xB0, 0xDF, 0xD3, 0xAF, 0x00, 0x00, 0x00, 0x00, 0x00, 0x00, 0x00, 0x00, 0x00,
    0x00, 0x00, 0x02, 0x00, 0x02, 0x00, 0x00, 0x00, 0x00, 0x00, 0x00, 0x00, 0x00, 0x00, 0x00, 0x00,
    0x00, 0x00, 0x00, 0x00, 0xB7, 0x0C, 0x00, 0x00, 0x00, 0x00, 0x00, 0x00, 0x00, 0x00, 0x50, 0x77,
    0x00, 0x00, 0xFE, 0x0E, 0x00, 0x00, 0x00, 0x00, 0x00, 0x00, 0x00, 0x00, 0xF1, 0xDF, 0x00, 0x00,
    0xFD, 0x0F, 0x00, 0x00, 0x00, 0x20, 0xFD, 0x0C, 0x00, 0x00, 0xF0, 0xEF, 0x00, 0x00, 0xFC, 0x1F,
    0x00, 0x00, 0x00, 0x10, 0xFF, 0x0D, 0x00, 0x00, 0xE0, 0xFF, 0x00, 0x00, 0xFA, 0x3F, 0x00, 0x00,
    0x00, 0x10, 0xFF, 0x0E, 0x00, 0x00, 0xD0, 0xFF, 0x01, 0x00, 0xF9, 0x4F, 0x00, 0x00, 0x10, 0xE9,
    0xFF, 0x1F, 0x00, 0x00, 0xC0, 0xFF, 0x02, 0x00, 0xF8, 0x5F, 0x00, 0x00, 0xE6, 0xFF, 0xFF, 0x2F,
    0x00, 0x00, 0xC0, 0xFF, 0x03, 0x00, 0xF7, 0x6F, 0x00, 0x90, 0xFF, 0xFF, 0xFE, 0x4F, 0x00, 0x00,
    0xB0, 0xFF, 0x04, 0x00, 0xF5, 0x7F, 0x00, 0xF8, 0xFF, 0x3C, 0xF8, 0x5F, 0x00, 0x00, 0xA0, 0xFF,
    0x06, 0x00, 0xF4, 0x8F, 0x40, 0xFF, 0x9F, 0x00, 0xF6, 0x7F, 0x00, 0x00, 0x90, 0xFF, 0x07, 0x00,
    0xF3, 0x9F, 0xC0, 0xFF, 0x09, 0x00, 0xF4, 0x9F, 0x00, 0x00, 0x90, 0xFF, 0x08, 0x00, 0xF2, 0xAF,
    0xF1, 0xEF, 0x01, 0x00, 0xF1, 0xCF, 0x00, 0x00, 0x80, 0xFF, 0x09, 0x00, 0xF0, 0xBF, 0xF0, 0xFF,
    0x05, 0x00, 0xE0, 0xFF, 0x00, 0x00, 0x80, 0xFF, 0x0A, 0x00, 0xE0, 0xCF, 0xA0, 0xFF, 0xFF, 0xEE,
    0xFF, 0xFF, 0x04, 0x00, 0x80, 0xFF, 0x0B, 0x00, 0xE0, 0xDF, 0x10, 0xFC, 0xFF, 0xFF, 0xFF, 0xFF,
    0x1C, 0x00, 0xD1, 0xFF, 0x2E, 0x00, 0xF6, 0xBF, 0x00, 0x60, 0xEB, 0xFF, 0xCE, 0xFE, 0xEF, 0xDC,
    0xFE, 0xFF, 0xFF, 0xED, 0xFF, 0x6F, 0x00, 0x00, 0x00, 0x00, 0x00, 0xE3, 0xFF, 0xFF, 0xFF, 0xEF,
    0xFF, 0xFF, 0xFF, 0x0C, 0x00, 0x00, 0x00, 0x00, 0x00, 0x20, 0xEA, 0xFF, 0xBE, 0x05, 0xD7, 0xFF,
    0x8D, 0x01,
    // Unicode: [0xFDFC, uniFDFC]
    0x00, 0x00, 0x00, 0x00, 0x00, 0x00, 0x00, 0xD0, 0xFF, 0x00, 0x60, 0xB9, 0x00, 0x00, 0x00, 0x00,
    0x00, 0x00, 0x00, 0x00, 0x00, 0x00, 0x00, 0x00, 0x00, 0x00, 0x00, 0x00, 0x00, 0xD0, 0xFF, 0x00,
    0xD0, 0xFF, 0x01, 0x00, 0x00, 0x00, 0x00, 0x00, 0x00, 0x00, 0x00, 0x00, 0x00, 0x00, 0x00, 0x00,
    0x00, 0x00, 0x00, 0xC0, 0xFF, 0x01, 0xC0, 0xFF, 0x02, 0x00, 0x00, 0x00, 0x00, 0x00, 0x00, 0x00,
    0x00, 0x00, 0x00, 0x00, 0x00, 0x00, 0x00, 0x00, 0x00, 0xB0, 0xFF, 0x02, 0xB0, 0xFF, 0x03, 0x00,
    0x00, 0x00, 0x00, 0x00, 0x00, 0x00, 0x00, 0x00, 0x00, 0x00, 0x00, 0x00, 0x00, 0x00, 0x00, 0xB0,
    0xFF, 0x02, 0xA0, 0xFF, 0x04, 0x00, 0x00, 0x00, 0x00, 0x00, 0x00, 0x00, 0x00, 0x00, 0x00, 0x00,
    0x00, 0x00, 0x00, 0x00, 0x00, 0xA0, 0xFF, 0x03, 0x90, 0xFF, 0x05, 0x00, 0x00, 0x00, 0x00, 0x00,
    0x00, 0x00, 0x00, 0x00, 0x00, 0x00, 0x00, 0x00, 0x00, 0x00, 0x00, 0x90, 0xFF, 0x04, 0x80, 0xFF,
    0x05, 0x00, 0x00, 0x00, 0x00, 0x00, 0x00, 0x00, 0x00, 0x00, 0x00, 0x00, 0x00, 0x00, 0x00, 0x00,
    0x00, 0x90, 0xFF, 0x04, 0x80, 0xFF, 0x05, 0x00, 0x00, 0x00, 0x00, 0x00, 0x00, 0x00, 0x00, 0x00,
    0x00, 0x00, 0x00, 0x00, 0x00, 0x00, 0x00, 0x80, 0xFF, 0x05, 0x80, 0xFF, 0x06, 0x00, 0x00, 0x00,
    0x20, 0x00, 0x00, 0x00, 0x00, 0x00, 0x00, 0x00, 0x00, 0x00, 0x00, 0x00, 0x00, 0x70, 0xFF, 0x05,
    0x80, 0xFF, 0x06, 0x00, 0x00, 0x30, 0xFA, 0x03, 0x00, 0x00, 0x00, 0x00, 0x00, 0x00, 0x00, 0x00,
    0x00, 0x00, 0x00, 0x70, 0xFF, 0x06, 0x70, 0xFF, 0x06, 0x00, 0x00, 0x80, 0xFF, 0x09, 0x00, 0x00,
    0x00, 0x00, 0x00, 0x00, 0x00, 0x00, 0x00, 0x00, 0x00, 0x60, 0xFF, 0x07, 0x70, 0xFF, 0x06, 0x00,
    0x00, 0x20, 0xFF, 0x1E, 0x00, 0x00, 0x00, 0x00, 0x00, 0x00, 0x00, 0x00, 0x00, 0x00, 0x00, 0x60,
    0xFF, 0x07, 0x70, 0xFF, 0x06, 0x00, 0x00, 0x00, 0xFB, 0x5F, 0x00, 0x00, 0x40, 0x00, 0x00, 0x00,
    0x00, 0x00, 0x00, 0x00, 0x00, 0x50, 0xFF, 0x08, 0x70, 0xFF, 0x06, 0x00, 0x00, 0x00, 0xF6, 0x9F,
    0x00, 0x70, 0xFE, 0x03, 0x00, 0x00, 0x00, 0x00, 0x00, 0x00, 0x00, 0x50, 0xFF, 0x08, 0x80, 0xFF,
    0x06, 0x00, 0x00, 0x00, 0xF2, 0xCF, 0x00, 0x80, 0xFF, 0x08, 0x00, 0x00, 0x00, 0x00, 0x00, 0x00,
    0x00, 0x40, 0xFF, 0x09, 0x80, 0xFF, 0x06, 0x00, 0x00, 0x00, 0xE0, 0xEF, 0x00, 0x30, 0xFF, 0x0C,
    0x10, 0x7D, 0x01, 0x00, 0x00, 0x00, 0x00, 0x40, 0xFF, 0x09, 0x80, 0xFF, 0x06, 0x00, 0x00, 0x00,
    0xE0, 0xFF, 0x00, 0x00, 0xFE, 0x1F, 0x80, 0xFF, 0x0A, 0x00, 0x00, 0x00, 0x00, 0x30, 0xFF, 0x0A,
    0x70, 0xFF, 0x06, 0x00, 0x00, 0x00, 0xF2, 0xDF, 0x00, 0x00, 0xFA, 0x4F, 0xD0, 0xFF, 0x03, 0x00,
    0x00, 0x00, 0x00, 0x30, 0xFF, 0x0A, 0x50, 0xFF, 0x2C, 0x00, 0x00, 0x30, 0xFC, 0x9F, 0x00, 0x00,
    0xF6, 0x7F, 0xF2, 0xDF, 0x00, 0x00, 0x00, 0x00, 0x00, 0x30, 0xFF, 0x0A, 0x10, 0xFD, 0xFF, 0xFF,
    0xCF, 0xFE, 0xFF, 0x2E, 0x00, 0x00, 0xF3, 0xAF, 0xF5, 0x9F, 0x00, 0x00, 0x00, 0x00, 0x00, 0x20,
    0xFF, 0x0B, 0x00, 0xE3, 0xFF, 0xFF, 0xFF, 0xFF, 0xEF, 0x04, 0x00, 0x00, 0xF2, 0xCF, 0xF6, 0x7F,
    0x00, 0x00, 0x00, 0x00, 0x00, 0x20, 0xFF, 0x0B, 0x00, 0x20, 0xF8, 0xFF, 0xFF, 0xCF, 0x28, 0x00,
    0x00, 0x00, 0xF3, 0xBF, 0xF7, 0x6F, 0x00, 0x00, 0x00, 0x00, 0x00, 0x20, 0xFF, 0x0B, 0x00, 0x00,
    0x00, 0x00, 0x00, 0x00, 0x00, 0x00, 0x00, 0x00, 0xF6, 0x9F, 0xF8, 0x5F, 0x00, 0x00, 0x00, 0x00,
    0x00, 0x30, 0xFF, 0x0A, 0x00, 0x00, 0x00, 0x00, 0x00, 0x00, 0x00, 0x00, 0x00, 0x00, 0xFC, 0x5F,
    0xF7, 0x7F, 0x00, 0x00, 0x00, 0x00, 0x00, 0x60, 0xFF, 0x08, 0x00, 0x00, 0x00, 0x00, 0x00, 0x00,
    0x00, 0x00, 0x00, 0x50, 0xFF, 0x1E, 0xF5, 0xBF, 0x00, 0x00, 0x00, 0x00, 0x00, 0xD0, 0xFF, 0x05,
    0x00, 0x50, 0x05, 0x00, 0x50, 0x05, 0x00, 0x00, 0x00, 0xE2, 0xFF, 0x07, 0xE1, 0xFF, 0x04, 0x00,
    0x00, 0x00, 0x00, 0xF7, 0xEF, 0x00, 0x00, 0xF5, 0x5F, 0x00, 0xF4, 0x5F, 0x00, 0x00, 0x20, 0xFD,
    0xCF, 0x00, 0x80, 0xFF, 0x3E, 0x00, 0x00, 0x00, 0x70, 0xFF, 0x7F, 0x00, 0x20, 0xFF, 0xFF, 0x22,
    0xFF, 0xFF, 0x02, 0x00, 0xD3, 0xFF, 0x2E, 0x00, 0x10, 0xFD, 0xFF, 0x39, 0x10, 0x63, 0xFD, 0xFF,
    0x0B, 0x00, 0x00, 0xF8, 0x8F, 0x00, 0xF8, 0x8F, 0x00, 0x60, 0xFE, 0xEF, 0x03, 0x00, 0x00, 0xE2,
    0xFF, 0xFF, 0xFF, 0xFF, 0xFF, 0xBF, 0x01, 0x00, 0x00, 0x80, 0x08, 0x00, 0x80, 0x09, 0x30, 0xFB,
    0xFF, 0x2D, 0x00, 0x00, 0x00, 0x10, 0xFA, 0xFF, 0xFF, 0xFF, 0xEF, 0x07, 0x00, 0x00, 0x00, 0x00,
    0x00, 0x00, 0x00, 0x00, 0xE0, 0xFF, 0xAF, 0x01, 0x00, 0x00, 0x00, 0x00, 0x20, 0xB8, 0xDD, 0x8B,
    0x14, 0x00, 0x00, 0x00, 0x00, 0x00, 0x00, 0x00, 0x00, 0x00, 0x80, 0xEF, 0x06, 0x00, 0x00, 0x00,
    0x00, 0x00, 0x00, 0x00, 0x00, 0x00, 0x00, 0x00, 0x00, 0x00, 0x00, 0x00, 0x00, 0x00, 0x00, 0x00,
    0x10, 0x18, 0x00, 0x00, 0x00, 0x00,
    // Unicode: [0xFE8D, uni0627]
    0x00, 0x11, 0x00, 0xE6, 0x6F, 0x00, 0xF6, 0x8F, 0x00, 0xF5, 0x9F, 0x00, 0xF3, 0xAF, 0x00, 0xF2,
    0xCF, 0x00, 0xF1, 0xDF, 0x00, 0xF0, 0xDF, 0x00, 0xE0, 0xEF, 0x00, 0xD0, 0xFF, 0x00, 0xD0, 0xFF,
    0x00, 0xD0, 0xFF, 0x01, 0xC0, 0xFF, 0x01, 0xC0, 0xFF, 0x01, 0xC0, 0xFF, 0x01, 0xC0, 0xFF, 0x01,
    0xC0, 0xFF, 0x01, 0xC0, 0xFF, 0x01, 0xC0, 0xFF, 0x01, 0xD0, 0xFF, 0x00, 0xD0, 0xFF, 0x00, 0xE0,
    0xEF, 0x00, 0xF0, 0xDF, 0x00, 0xF1, 0xDF, 0x00,
    // Unicode: [0xFE8E, uniFE8E]
    0x00, 0x10, 0x00, 0x00, 0x00, 0xC2, 0xAF, 0x00, 0x00, 0x00, 0xF2, 0xCF, 0x00, 0x00, 0x00, 0xF0,
    0xDF, 0x00, 0x00, 0x00, 0xE0, 0xEF, 0x00, 0x00, 0x00, 0xD0, 0xFF, 0x00, 0x00, 0x00, 0xD0, 0xFF,
    0x00, 0x00, 0x00, 0xD0, 0xFF, 0x01, 0x00, 0x00, 0xC0, 0xFF, 0x01, 0x00, 0x00, 0xC0, 0xFF, 0x01,
    0x00, 0x00, 0xC0, 0xFF, 0x02, 0x00, 0x00, 0xC0, 0xFF, 0x02, 0x00, 0x00, 0xC0, 0xFF, 0x02, 0x00,
    0x00, 0xC0, 0xFF, 0x02, 0x00, 0x00, 0xC0, 0xFF, 0x02, 0x00, 0x00, 0xC0, 0xFF, 0x02, 0x00, 0x00,
    0xC0, 0xFF, 0x02, 0x00, 0x00, 0xC0, 0xFF, 0x02, 0x00, 0x00, 0xB0, 0xFF, 0x03, 0x00, 0x00, 0x90,
    0xFF, 0x1A, 0x00, 0x00, 0x30, 0xFF, 0xFF, 0xCE, 0x02, 0x00, 0xF6, 0xFF, 0xFF, 0x09, 0x00, 0x30,
    0xD9, 0xEE, 0x04,
    // Unicode: [0xFE8F, uni0628]
    0x00, 0x04, 0x00, 0x00, 0x00, 0x00, 0x00, 0x00, 0x00, 0x00, 0x00, 0xA1, 0x09, 0x00, 0x40, 0xAF,
    0x01, 0x00, 0x00, 0x00, 0x00, 0x00, 0x00, 0x00, 0x10, 0xFE, 0x2F, 0x00, 0xB0, 0xFF, 0x07, 0x00,
    0x00, 0x00, 0x00, 0x00, 0x00, 0x00, 0x00, 0xF9, 0xAF, 0x00, 0xF2, 0xEF, 0x01, 0x00, 0x00, 0x00,
    0x00, 0x00, 0x00, 0x00, 0x00, 0xE1, 0xFF, 0x02, 0xF5, 0x9F, 0x00, 0x00, 0x00, 0x00, 0x00, 0x00,
    0x00, 0x00, 0x00, 0x80, 0xFF, 0x08, 0xF7, 0x6F, 0x00, 0x00, 0x00, 0x00, 0x00, 0x00, 0x00, 0x00,
    0x00, 0x20, 0xFF, 0x0D, 0xF7, 0x7F, 0x00, 0x00, 0x00, 0x00, 0x00, 0x00, 0x00, 0x00, 0x00, 0x00,
    0xFB, 0x1F, 0xF4, 0xDF, 0x01, 0x00, 0x00, 0x00, 0x00, 0x00, 0x00, 0x00, 0x00, 0x00, 0xF8, 0x3F,
    0xD0, 0xFF, 0x4D, 0x00, 0x00, 0x00, 0x00, 0x00, 0x00, 0x00, 0x00, 0x93, 0xFF, 0x2F, 0x30, 0xFF,
    0xFF, 0x9D, 0x36, 0x02, 0x00, 0x00, 0x10, 0x52, 0xD9, 0xFF, 0xFF, 0x08, 0x00, 0xE4, 0xFF, 0xFF,
    0xFF, 0xFF, 0xFF, 0xFF, 0xFF, 0xFF, 0xFF, 0xFF, 0x5C, 0x00, 0x00, 0x10, 0xE8, 0xFF, 0xFF, 0xFF,
    0xFF, 0xFF, 0xFF, 0xFF, 0xEF, 0x49, 0x00, 0x00, 0x00, 0x00, 0x00, 0x73, 0xCA, 0xED, 0xFF, 0xEF,
    0xBC, 0x58, 0x02, 0x00, 0x00, 0x00, 0x00, 0x00, 0x00, 0x00, 0x00, 0x00, 0x00, 0x00, 0x00, 0x00,
    0x00, 0x00, 0x00, 0x00, 0x00, 0x00, 0x00, 0x00, 0x00, 0x00, 0x00, 0x00, 0x00, 0x00, 0x00, 0x00,
    0x00, 0x00, 0x00, 0x00, 0x00, 0x00, 0x00, 0x00, 0x00, 0x00, 0x00, 0x00, 0x00, 0x00, 0x00, 0x00,
    0x00, 0x00, 0x00, 0x00, 0x00, 0x00, 0xB1, 0x06, 0x00, 0x00, 0x00, 0x00, 0x00, 0x00, 0x00, 0x00,
    0x00, 0x00, 0x00, 0x10, 0xFB, 0x6F, 0x00, 0x00, 0x00, 0x00, 0x00, 0x00, 0x00, 0x00, 0x00, 0x00,
    0x00, 0x50, 0xFF, 0xDF, 0x01, 0x00, 0x00, 0x00, 0x00, 0x00, 0x00, 0x00, 0x00, 0x00, 0x00, 0x00,
    0xF6, 0x2D, 0x00, 0x00, 0x00, 0x00, 0x00, 0x00, 0x00, 0x00, 0x00, 0x00, 0x00, 0x00, 0x50, 0x02,
    0x00, 0x00, 0x00, 0x00, 0x00, 0x00,
    // Unicode: [0xFE90, uniFE90]
    0x10, 0x00, 0x00, 0x00, 0x00, 0x00, 0x00, 0x00, 0x00, 0x00, 0x00, 0x00, 0x00, 0x00, 0x00, 0x00,
    0x00, 0xA0, 0x5D, 0x00, 0x00, 0x00, 0x00, 0x00, 0x00, 0x00, 0x00, 0x00, 0x00, 0x00, 0x00, 0x00,
    0x00, 0x00, 0xF1, 0xFF, 0x01, 0x00, 0x00, 0x00, 0x00, 0x00, 0x00, 0x00, 0x00, 0x00, 0x00, 0x00,
    0x00, 0x00, 0x00, 0xF5, 0xAF, 0x00, 0x00, 0x00, 0x00, 0x00, 0x00, 0x00, 0x00, 0x00, 0x00, 0x40,
    0x01, 0x00, 0x00, 0x00, 0xF8, 0x7F, 0x00, 0x00, 0x00, 0x00, 0x00, 0x00, 0x00, 0x00, 0x00, 0x00,
    0xF2, 0xBF, 0x00, 0x00, 0x00, 0xFA, 0x5F, 0x00, 0x00, 0x00, 0x00, 0x00, 0x00, 0x00, 0x00, 0x00,
    0x00, 0xF7, 0xAF, 0x00, 0x00, 0x00, 0xFA, 0x5F, 0x00, 0x00, 0x00, 0x00, 0x00, 0x00, 0x00, 0x00,
    0x00, 0x10, 0xFE, 0x8F, 0x00, 0x00, 0x00, 0xF8, 0xAF, 0x00, 0x00, 0x00, 0x00, 0x00, 0x00, 0x00,
    0x00, 0x00, 0xA0, 0xFF, 0x8F, 0x00, 0x00, 0x00, 0xF4, 0xFF, 0x03, 0x00, 0x00, 0x00, 0x00, 0x00,
    0x00, 0x00, 0x00, 0xF9, 0xFF, 0xAF, 0x00, 0x00, 0x00, 0xC0, 0xFF, 0x5E, 0x00, 0x00, 0x00, 0x00,
    0x00, 0x00, 0x00, 0xC4, 0xFF, 0xFF, 0xEF, 0x02, 0x00, 0x00, 0x30, 0xFE, 0xFF, 0x8D, 0x24, 0x00,
    0x00, 0x00, 0x52, 0xD8, 0xFF, 0xFF, 0x98, 0xFF, 0x5D, 0x01, 0x00, 0x00, 0xE3, 0xFF, 0xFF, 0xFF,
    0xEF, 0xEE, 0xFF, 0xFF, 0xFF, 0xFF, 0x5D, 0x10, 0xFE, 0xFF, 0xEF, 0x09, 0x00, 0x10, 0xE8, 0xFF,
    0xFF, 0xFF, 0xFF, 0xFF, 0xFF, 0xFF, 0x7D, 0x01, 0x00, 0xD3, 0xFF, 0xFF, 0x2F, 0x00, 0x00, 0x00,
    0x84, 0xCA, 0xEE, 0xFF, 0xDE, 0x9C, 0x26, 0x00, 0x00, 0x00, 0x10, 0xB7, 0xFE, 0x0B, 0x00, 0x00,
    0x00, 0x00, 0x00, 0x00, 0x00, 0x00, 0x00, 0x00, 0x00, 0x00, 0x00, 0x00, 0x00, 0x00, 0x00, 0x00,
    0x00, 0x00, 0x00, 0x00, 0x00, 0x00, 0x00, 0x00, 0x00, 0x00, 0x00, 0x00, 0x00, 0x00, 0x00, 0x00,
    0x00, 0x00, 0x00, 0x00, 0x00, 0x00, 0x00, 0x00, 0x00, 0x00, 0x00, 0x00, 0x00, 0x00, 0x00, 0x00,
    0x00, 0x00, 0x00, 0x00, 0x00, 0x00, 0x00, 0xD3, 0x03, 0x00, 0x00, 0x00, 0x00, 0x00, 0x00, 0x00,
    0x00, 0x00, 0x00, 0x00, 0x00, 0x00, 0x00, 0x30, 0xFE, 0x3E, 0x00, 0x00, 0x00, 0x00, 0x00, 0x00,
    0x00, 0x00, 0x00, 0x00, 0x00, 0x00, 0x00, 0x00, 0x90, 0xFF, 0x9F, 0x00, 0x00, 0x00, 0x00, 0x00,
    0x00, 0x00, 0x00, 0x00, 0x00, 0x00, 0x00, 0x00, 0x00, 0x00, 0xFA, 0x0A, 0x00, 0x00, 0x00, 0x00,
    0x00, 0x00, 0x00, 0x00, 0x00, 0x00, 0x00, 0x00, 0x00, 0x00, 0x00, 0x60, 0x00, 0x00, 0x00, 0x00,
    0x00, 0x00, 0x00, 0x00, 0x00, 0x00,
    // Unicode: [0xFE91, uniFE91]
    0x00, 0x00, 0x00, 0x00, 0x04, 0x00, 0x00, 0x00, 0x00, 0xC3, 0x6F, 0x00, 0x00, 0x00, 0x00, 0xF5,
    0xCF, 0x00, 0x00, 0x00, 0x00, 0xE0, 0xFF, 0x02, 0x00, 0x00, 0x00, 0x80, 0xFF, 0x07, 0x00, 0x00,
    0x00, 0x40, 0xFF, 0x0B, 0x00, 0x00, 0x00, 0x00, 0xFF, 0x0E, 0x00, 0x00, 0x00, 0x00, 0xFD, 0x1F,
    0x00, 0x00, 0x00, 0x00, 0xFC, 0x1F, 0x00, 0x00, 0x00, 0x10, 0xFE, 0x0F, 0x00, 0x00, 0x00, 0xB2,
    0xFF, 0x0B, 0xB2, 0xCC, 0xEC, 0xFF, 0xFF, 0x03, 0xF7, 0xFF, 0xFF, 0xFF, 0x5E, 0x00, 0xE3, 0xFF,
    0xFF, 0x9D, 0x02, 0x00, 0x00, 0x00, 0x00, 0x00, 0x00, 0x00, 0x00, 0x00, 0x00, 0x00, 0x00, 0x00,
    0x00, 0x00, 0x00, 0x00, 0x00, 0x00, 0x00, 0x00, 0x20, 0x08, 0x00, 0x00, 0x00, 0x00, 0xD2, 0x9F,
    0x00, 0x00, 0x00, 0x00, 0xFD, 0xFF, 0x06, 0x00, 0x00, 0x00, 0xE3, 0xBF, 0x00, 0x00, 0x00, 0x00,
    0x30, 0x0A, 0x00, 0x00,
    // Unicode: [0xFE92, uniFE92]
    0x00, 0x00, 0x00, 0x61, 0x3A, 0x00, 0x00, 0x00, 0x00, 0x00, 0xF7, 0x7F, 0x00, 0x00, 0x00, 0x00,
    0x00, 0xF3, 0xAF, 0x00, 0x00, 0x00, 0x00, 0x00, 0xF1, 0xBF, 0x00, 0x00, 0x00, 0x00, 0x00, 0xF0,
    0xDF, 0x00, 0x00, 0x00, 0x00, 0x00, 0xF2, 0xEF, 0x00, 0x00, 0x00, 0x00, 0x00, 0xF8, 0xFF, 0x03,
    0x00, 0x00, 0x00, 0x82, 0xFF, 0xFF, 0x1C, 0x00, 0xB1, 0xED, 0xFF, 0xFF, 0xFF, 0xFF, 0x4C, 0xF5,
    0xFF, 0xFF, 0xCF, 0xF7, 0xFF, 0xBF, 0xD1, 0xEF, 0xAD, 0x05, 0x40, 0xEB, 0x5E, 0x00, 0x00, 0x00,
    0x00, 0x00, 0x00, 0x00, 0x00, 0x00, 0x00, 0x00, 0x00, 0x00, 0x00, 0x00, 0x00, 0x00, 0x00, 0x00,
    0x00, 0x00, 0x00, 0x00, 0x00, 0xC1, 0x05, 0x00, 0x00, 0x00, 0x00, 0x10, 0xFD, 0x5F, 0x00, 0x00,
    0x00, 0x00, 0x60, 0xFF, 0xCF, 0x00, 0x00, 0x00, 0x00, 0x00, 0xF7, 0x1C, 0x00, 0x00, 0x00, 0x00,
    0x00, 0x60, 0x01, 0x00, 0x00,
    // Unicode: [0xFE95, uni062A]
    0x00, 0x00, 0x00, 0x00, 0x00, 0x39, 0x00, 0x00, 0x28, 0x00, 0x00, 0x00, 0x00, 0x00, 0x00, 0x00,
    0x00, 0x00, 0xA0, 0xEF, 0x03, 0x90, 0xEF, 0x02, 0x00, 0x00, 0x00, 0x00, 0x00, 0x00, 0x00, 0x00,
    0xF6, 0xFF, 0x0D, 0xF6, 0xFF, 0x0D, 0x00, 0x00, 0x00, 0x00, 0x00, 0x00, 0x00, 0x00, 0xA0, 0xEF,
    0x03, 0xA0, 0xEF, 0x03, 0x00, 0x00, 0x00, 0x00, 0x10, 0x03, 0x00, 0x00, 0x00, 0x39, 0x00, 0x00,
    0x39, 0x00, 0x00, 0xC3, 0x04, 0x00, 0x80, 0x7F, 0x00, 0x00, 0x00, 0x00, 0x00, 0x00, 0x00, 0x00,
    0x40, 0xFF, 0x0D, 0x00, 0xE1, 0xFF, 0x02, 0x00, 0x00, 0x00, 0x00, 0x00, 0x00, 0x00, 0x00, 0xFD,
    0x6F, 0x00, 0xF6, 0xAF, 0x00, 0x00, 0x00, 0x00, 0x00, 0x00, 0x00, 0x00, 0x00, 0xF5, 0xDF, 0x00,
    0xFA, 0x5F, 0x00, 0x00, 0x00, 0x00, 0x00, 0x00, 0x00, 0x00, 0x00, 0xC0, 0xFF, 0x03, 0xFC, 0x2F,
    0x00, 0x00, 0x00, 0x00, 0x00, 0x00, 0x00, 0x00, 0x00, 0x60, 0xFF, 0x08, 0xFB, 0x3F, 0x00, 0x00,
    0x00, 0x00, 0x00, 0x00, 0x00, 0x00, 0x00, 0x10, 0xFF, 0x0C, 0xF8, 0xAF, 0x00, 0x00, 0x00, 0x00,
    0x00, 0x00, 0x00, 0x00, 0x00, 0x00, 0xFD, 0x0E, 0xF2, 0xFF, 0x2B, 0x00, 0x00, 0x00, 0x00, 0x00,
    0x00, 0x00, 0x00, 0xB4, 0xFF, 0x0C, 0x70, 0xFF, 0xFF, 0x8C, 0x35, 0x01, 0x00, 0x00, 0x10, 0x63,
    0xEA, 0xFF, 0xFF, 0x04, 0x00, 0xF7, 0xFF, 0xFF, 0xFF, 0xFF, 0xFF, 0xFF, 0xFF, 0xFF, 0xFF, 0xFF,
    0x2A, 0x00, 0x00, 0x20, 0xFA, 0xFF, 0xFF, 0xFF, 0xFF, 0xFF, 0xFF, 0xFF, 0xCF, 0x28, 0x00, 0x00,
    0x00, 0x00, 0x10, 0x85, 0xCA, 0xED, 0xFF, 0xEE, 0xAC, 0x57, 0x01, 0x00, 0x00, 0x00,
    // Unicode: [0xFE96, uniFE96]
    0x00, 0x00, 0x00, 0x00, 0x00, 0x65, 0x00, 0x00, 0x55, 0x00, 0x00, 0x00, 0x00, 0x00, 0x00, 0x00,
    0x00, 0x00, 0x00, 0x00, 0x00, 0x50, 0xFF, 0x06, 0x50, 0xFF, 0x06, 0x00, 0x00, 0x00, 0x00, 0x00,
    0x00, 0x00, 0x00, 0x00, 0x00, 0x00, 0xF2, 0xFF, 0x3F, 0xF2, 0xFF, 0x3F, 0x00, 0x00, 0x00, 0x00,
    0x00, 0x00, 0x00, 0x10, 0x00, 0x00, 0x00, 0x60, 0xFF, 0x07, 0x60, 0xFF, 0x08, 0x00, 0x00, 0x00,
    0x00, 0x00, 0x00, 0x00, 0xA0, 0x5D, 0x00, 0x00, 0x00, 0x76, 0x00, 0x00, 0x86, 0x00, 0x00, 0x00,
    0x00, 0x00, 0x00, 0x00, 0x00, 0xF1, 0xFF, 0x01, 0x00, 0x00, 0x00, 0x00, 0x00, 0x00, 0x00, 0x00,
    0x00, 0x00, 0x00, 0x00, 0x00, 0x00, 0xF5, 0xAF, 0x00, 0x00, 0x00, 0x00, 0x00, 0x00, 0x00, 0x00,
    0x00, 0x00, 0x40, 0x01, 0x00, 0x00, 0x00, 0xF8, 0x7F, 0x00, 0x00, 0x00, 0x00, 0x00, 0x00, 0x00,
    0x00, 0x00, 0x00, 0xF2, 0xBF, 0x00, 0x00, 0x00, 0xFA, 0x5F, 0x00, 0x00, 0x00, 0x00, 0x00, 0x00,
    0x00, 0x00, 0x00, 0x00, 0xF7, 0xAF, 0x00, 0x00, 0x00, 0xFA, 0x5F, 0x00, 0x00, 0x00, 0x00, 0x00,
    0x00, 0x00, 0x00, 0x00, 0x10, 0xFE, 0x8F, 0x00, 0x00, 0x00, 0xF8, 0xAF, 0x00, 0x00, 0x00, 0x00,
    0x00, 0x00, 0x00, 0x00, 0x00, 0xA0, 0xFF, 0x8F, 0x00, 0x00, 0x00, 0xF4, 0xFF, 0x03, 0x00, 0x00,
    0x00, 0x00, 0x00, 0x00, 0x00, 0x00, 0xF9, 0xFF, 0xAF, 0x00, 0x00, 0x00, 0xC0, 0xFF, 0x5E, 0x00,
    0x00, 0x00, 0x00, 0x00, 0x00, 0x00, 0xC4, 0xFF, 0xFF, 0xEF, 0x02, 0x00, 0x00, 0x30, 0xFE, 0xFF,
    0x8D, 0x24, 0x00, 0x00, 0x00, 0x52, 0xD8, 0xFF, 0xFF, 0x98, 0xFF, 0x5D, 0x01, 0x00, 0x00, 0xE3,
    0xFF, 0xFF, 0xFF, 0xEF, 0xEE, 0xFF, 0xFF, 0xFF, 0xFF, 0x5D, 0x10, 0xFE, 0xFF, 0xEF, 0x09, 0x00,
    0x10, 0xE8, 0xFF, 0xFF, 0xFF, 0xFF, 0xFF, 0xFF, 0xFF, 0x7D, 0x01, 0x00, 0xD3, 0xFF, 0xFF, 0x2F,
    0x00, 0x00, 0x00, 0x84, 0xCA, 0xEE, 0xFF, 0xDE, 0x9C, 0x26, 0x00, 0x00, 0x00, 0x10, 0xB7, 0xFE,
    0x0B,
    // Unicode: [0xFE97, uniFE97]
    0x00, 0x00, 0x41, 0x00, 0x00, 0x41, 0x00, 0x00, 0x10, 0xFD, 0x05, 0x10, 0xFC, 0x05, 0x00, 0xD1,
    0xFF, 0x4F, 0xC1, 0xFF, 0x4F, 0x00, 0x70, 0xFF, 0x1C, 0x70, 0xFF, 0x1C, 0x00, 0x00, 0xC7, 0x01,
    0x00, 0xC7, 0x01, 0x00, 0x00, 0x00, 0x00, 0x00, 0x10, 0x00, 0x00, 0x00, 0x00, 0x00, 0x00, 0x00,
    0x00, 0x00, 0x00, 0x00, 0x00, 0x30, 0x01, 0x00, 0x00, 0x00, 0x00, 0x30, 0xFB, 0x08, 0x00, 0x00,
    0x00, 0x00, 0x30, 0xFF, 0x0E, 0x00, 0x00, 0x00, 0x00, 0x00, 0xFC, 0x4F, 0x00, 0x00, 0x00, 0x00,
    0x00, 0xF6, 0x9F, 0x00, 0x00, 0x00, 0x00, 0x00, 0xF2, 0xDF, 0x00, 0x00, 0x00, 0x00, 0x00, 0xD0,
    0xFF, 0x01, 0x00, 0x00, 0x00, 0x00, 0xB0, 0xFF, 0x03, 0x00, 0x00, 0x00, 0x00, 0xA0, 0xFF, 0x03,
    0x00, 0x00, 0x00, 0x00, 0xD1, 0xFF, 0x02, 0x00, 0x00, 0x00, 0x51, 0xFC, 0xDF, 0x00, 0xC6, 0xCC,
    0xDD, 0xFF, 0xFF, 0x5F, 0x00, 0xFE, 0xFF, 0xFF, 0xFF, 0xFF, 0x07, 0x00, 0xF8, 0xFF, 0xFF, 0xDF,
    0x39, 0x00, 0x00,
    // Unicode: [0xFE98, uniFE98]
    0x00, 0x00, 0x20, 0x00, 0x00, 0x10, 0x00, 0x00, 0x00, 0x00, 0xF5, 0x05, 0x00, 0xE5, 0x05, 0x00,
    0x00, 0x50, 0xFF, 0x5F, 0x50, 0xFF, 0x5F, 0x00, 0x00, 0x70, 0xFF, 0x7F, 0x70, 0xFF, 0x7F, 0x00,
    0x00, 0x00, 0xF6, 0x07, 0x00, 0xF7, 0x07, 0x00, 0x00, 0x00, 0x30, 0x00, 0x00, 0x30, 0x00, 0x00,
    0x00, 0x00, 0x00, 0x00, 0x00, 0x00, 0x00, 0x00, 0x00, 0x00, 0x00, 0x00, 0x00, 0x00, 0x00, 0x00,
    0x00, 0x00, 0x00, 0x00, 0x51, 0x5A, 0x00, 0x00, 0x00, 0x00, 0x00, 0x00, 0xF4, 0x9F, 0x00, 0x00,
    0x00, 0x00, 0x00, 0x00, 0xF1, 0xCF, 0x00, 0x00, 0x00, 0x00, 0x00, 0x00, 0xE0, 0xEF, 0x00, 0x00,
    0x00, 0x00, 0x00, 0x00, 0xD0, 0xFF, 0x00, 0x00, 0x00, 0x00, 0x00, 0x00, 0xE0, 0xFF, 0x02, 0x00,
    0x00, 0x00, 0x00, 0x00, 0xF7, 0xFF, 0x06, 0x00, 0x00, 0x00, 0x10, 0xA4, 0xFF, 0xFF, 0x2E, 0x00,
    0xC2, 0xED, 0xFF, 0xFF, 0xFF, 0xFF, 0xFF, 0x6D, 0xF7, 0xFF, 0xFF, 0xFF, 0xCF, 0xE5, 0xFF, 0xDF,
    0xE3, 0xFF, 0xDE, 0x7B, 0x03, 0x20, 0xEA, 0x7E,
    // Unicode: [0xFEA1, uni062D]
    0x00, 0x00, 0x40, 0xC9, 0xBD, 0x48, 0x00, 0x00, 0x00, 0x00, 0x00, 0x00, 0x30, 0xFC, 0xFF, 0xFF,
    0xFF, 0x5C, 0x00, 0x00, 0x00, 0x00, 0x00, 0xE4, 0xFF, 0xFF, 0xFF, 0xFF, 0xFF, 0x2B, 0x00, 0x00,
    0x00, 0x20, 0xFE, 0xEF, 0x17, 0x31, 0xF9, 0xFF, 0xEF, 0x07, 0x00, 0x00, 0x60, 0xFF, 0x2C, 0x00,
    0x00, 0x20, 0xF9, 0xFF, 0xDF, 0x05, 0x00, 0x00, 0xA3, 0x01, 0x00, 0x00, 0x00, 0x30, 0xFB, 0xFF,
    0xDF, 0x38, 0x00, 0x00, 0x00, 0x00, 0x00, 0x00, 0x20, 0x84, 0xFF, 0xFF, 0x8F, 0x00, 0x00, 0x00,
    0x00, 0x30, 0xC8, 0xFF, 0xFF, 0xFF, 0xFF, 0x4F, 0x00, 0x00, 0x00, 0x71, 0xFD, 0xFF, 0xFF, 0xFF,
    0xFF, 0xFF, 0x0E, 0x00, 0x00, 0x50, 0xFD, 0xFF, 0xFF, 0xEF, 0x8B, 0x56, 0x44, 0x03, 0x00, 0x10,
    0xFA, 0xFF, 0xFF, 0x7C, 0x02, 0x00, 0x00, 0x00, 0x00, 0x00, 0xC1, 0xFF, 0xFF, 0x29, 0x00, 0x00,
    0x00, 0x00, 0x00, 0x00, 0x00, 0xFB, 0xFF, 0x2B, 0x00, 0x00, 0x00, 0x00, 0x00, 0x00, 0x00, 0x60,
    0xFF, 0x8F, 0x00, 0x00, 0x00, 0x00, 0x00, 0x00, 0x00, 0x00, 0xE0, 0xFF, 0x09, 0x00, 0x00, 0x00,
    0x00, 0x00, 0x00, 0x00, 0x00, 0xF4, 0xDF, 0x00, 0x00, 0x00, 0x00, 0x00, 0x00, 0x00, 0x00, 0x00,
    0xF8, 0x7F, 0x00, 0x00, 0x00, 0x00, 0x00, 0x00, 0x00, 0x00, 0x00, 0xF9, 0x5F, 0x00, 0x00, 0x00,
    0x00, 0x00, 0x00, 0x00, 0x00, 0x00, 0xF8, 0x6F, 0x00, 0x00, 0x00, 0x00, 0x00, 0x00, 0x00, 0x00,
    0x00, 0xF7, 0x9F, 0x00, 0x00, 0x00, 0x00, 0x00, 0x00, 0x00, 0x00, 0x00, 0xF3, 0xEF, 0x02, 0x00,
    0x00, 0x00, 0x00, 0x00, 0x00, 0x00, 0x00, 0xD0, 0xFF, 0x1C, 0x00, 0x00, 0x00, 0x00, 0x00, 0x00,
    0x31, 0x00, 0x40, 0xFF, 0xCF, 0x03, 0x00, 0x00, 0x00, 0x00, 0x61, 0xEE, 0x02, 0x00, 0xF8, 0xFF,
    0xBF, 0x36, 0x01, 0x21, 0x95, 0xFE, 0xFF, 0x0B, 0x00, 0x80, 0xFF, 0xFF, 0xFF, 0xFF, 0xFF, 0xFF,
    0xFF, 0xBF, 0x02, 0x00, 0x00, 0xC4, 0xFF, 0xFF, 0xFF, 0xFF, 0xFF, 0xAF, 0x04, 0x00, 0x00, 0x00,
    0x00, 0x83, 0xDB, 0xFE, 0xCE, 0x69, 0x02, 0x00, 0x00,
    // Unicode: [0xFEA2, uniFEA2]
    0x00, 0x00, 0x83, 0xCC, 0x7B, 0x02, 0x00, 0x00, 0x00, 0x00, 0x00, 0x00, 0x00, 0x00, 0xA1, 0xFF,
    0xFF, 0xFF, 0xBF, 0x04, 0x00, 0x00, 0x00, 0x00, 0x00, 0x00, 0x10, 0xFC, 0xFF, 0xFF, 0xFF, 0xFF,
    0xCF, 0x04, 0x00, 0x00, 0x00, 0x00, 0x00, 0xA0, 0xFF, 0x8F, 0x13, 0x94, 0xFE, 0xFF, 0xCF, 0x05,
    0x00, 0x00, 0x00, 0x00, 0xF5, 0xFF, 0x04, 0x00, 0x00, 0x81, 0xFE, 0xFF, 0xDF, 0x16, 0x00, 0x00,
    0x00, 0xD6, 0x7F, 0x00, 0x00, 0x00, 0x00, 0x71, 0xFE, 0xFF, 0xEF, 0x2A, 0x00, 0x00, 0x00, 0x04,
    0x00, 0x00, 0x20, 0x96, 0xEC, 0xFF, 0xFF, 0xFF, 0x3F, 0x00, 0x00, 0x00, 0x00, 0x00, 0x61, 0xFC,
    0xFF, 0xFF, 0xFF, 0xFF, 0xFF, 0x1F, 0x00, 0x00, 0x00, 0x00, 0x50, 0xFD, 0xFF, 0xFF, 0xEF, 0xFD,
    0xBF, 0x88, 0x07, 0x00, 0x00, 0x00, 0x10, 0xFA, 0xFF, 0xDF, 0x58, 0x02, 0xF5, 0x8F, 0x00, 0x00,
    0x00, 0x00, 0x00, 0xC1, 0xFF, 0xBF, 0x04, 0x00, 0x00, 0xF2, 0xDF, 0x01, 0x00, 0x00, 0x00, 0x00,
    0xFB, 0xEF, 0x05, 0x00, 0x00, 0x00, 0xC0, 0xFF, 0x4C, 0x00, 0x00, 0x00, 0x50, 0xFF, 0x3E, 0x00,
    0x00, 0x00, 0x00, 0x30, 0xFF, 0xFF, 0xEF, 0xBE, 0x01, 0xD0, 0xFF, 0x04, 0x00, 0x00, 0x00, 0x00,
    0x00, 0xD4, 0xFF, 0xFF, 0xFF, 0x05, 0xF4, 0xBF, 0x00, 0x00, 0x00, 0x00, 0x00, 0x00, 0x00, 0xA6,
    0xED, 0xCF, 0x01, 0xF8, 0x5F, 0x00, 0x00, 0x00, 0x00, 0x00, 0x00, 0x00, 0x00, 0x00, 0x00, 0x00,
    0xFA, 0x2F, 0x00, 0x00, 0x00, 0x00, 0x00, 0x00, 0x00, 0x00, 0x00, 0x00, 0x00, 0xFB, 0x3F, 0x00,
    0x00, 0x00, 0x00, 0x00, 0x00, 0x00, 0x00, 0x00, 0x00, 0x00, 0xFA, 0x5F, 0x00, 0x00, 0x00, 0x00,
    0x00, 0x00, 0x00, 0x00, 0x00, 0x00, 0x00, 0xF7, 0xAF, 0x00, 0x00, 0x00, 0x00, 0x00, 0x00, 0x00,
    0x00, 0x00, 0x00, 0x00, 0xF2, 0xFF, 0x03, 0x00, 0x00, 0x00, 0x00, 0x00, 0x00, 0x00, 0x00, 0x00,
    0x00, 0xA0, 0xFF, 0x2D, 0x00, 0x00, 0x00, 0x00, 0x00, 0x00, 0x16, 0x00, 0x00, 0x00, 0x10, 0xFD,
    0xEF, 0x06, 0x00, 0x00, 0x00, 0x00, 0xA2, 0xBF, 0x00, 0x00, 0x00, 0x00, 0xE3, 0xFF, 0xDF, 0x48,
    0x12, 0x20, 0x94, 0xFE, 0xFF, 0x06, 0x00, 0x00, 0x00, 0x20, 0xFC, 0xFF, 0xFF, 0xFF, 0xFF, 0xFF,
    0xFF, 0x7F, 0x00, 0x00, 0x00, 0x00, 0x00, 0x60, 0xFC, 0xFF, 0xFF, 0xFF, 0xFF, 0x8E, 0x02, 0x00,
    0x00, 0x00, 0x00, 0x00, 0x00, 0x30, 0x96, 0xBB, 0x9A, 0x37, 0x00, 0x00, 0x00, 0x00, 0x00,
    // Unicode: [0xFEA3, uniFEA3]
    0x00, 0x00, 0x00, 0x00, 0xA4, 0xEE, 0x9D, 0x04, 0x00, 0x00, 0x00, 0x00, 0x00, 0x00, 0x00, 0x00,
    0x90, 0xFF, 0xFF, 0xFF, 0xDF, 0x17, 0x00, 0x00, 0x00, 0x00, 0x00, 0x00, 0x00, 0xFA, 0xFF, 0xEF,
    0xFF, 0xFF, 0xEF, 0x28, 0x00, 0x00, 0x00, 0x00, 0x00, 0x70, 0xFF, 0x8F, 0x01, 0x62, 0xFC, 0xFF,
    0xFF, 0x6B, 0x02, 0x00, 0x00, 0x00, 0xF2, 0xFF, 0x06, 0x00, 0x00, 0x40, 0xFA, 0xFF, 0xFF, 0xFF,
    0x07, 0x00, 0x00, 0xA2, 0xAF, 0x00, 0x00, 0x00, 0x00, 0x20, 0xD8, 0xFF, 0xFF, 0x0A, 0x00, 0x00,
    0x00, 0x12, 0x00, 0x00, 0x00, 0x00, 0x10, 0xD7, 0xFF, 0xFF, 0x0C, 0x00, 0x00, 0x00, 0x00, 0x00,
    0x00, 0x00, 0x30, 0xE9, 0xFF, 0xFF, 0x5C, 0x00, 0x00, 0x00, 0x00, 0x00, 0x00, 0x00, 0x72, 0xFC,
    0xFF, 0xFF, 0x4B, 0x00, 0x00, 0x00, 0x00, 0x00, 0x10, 0x63, 0xDA, 0xFF, 0xFF, 0xFF, 0x3A, 0x00,
    0x00, 0x00, 0xB1, 0xDD, 0xED, 0xFE, 0xFF, 0xFF, 0xFF, 0xCF, 0x27, 0x00, 0x00, 0x00, 0x00, 0xF7,
    0xFF, 0xFF, 0xFF, 0xFF, 0xFF, 0x8C, 0x03, 0x00, 0x00, 0x00, 0x00, 0x00, 0xD2, 0xFF, 0xFF, 0xDE,
    0x8B, 0x15, 0x00, 0x00, 0x00, 0x00, 0x00, 0x00, 0x00,
    // Unicode: [0xFEA4, uniFEA4]
    0x00, 0x00, 0x00, 0x40, 0xEA, 0xDE, 0x49, 0x00, 0x00, 0x00, 0x00, 0x00, 0x00, 0x00, 0x00, 0x00,
    0x00, 0xF9, 0xFF, 0xFF, 0xFF, 0x6D, 0x01, 0x00, 0x00, 0x00, 0x00, 0x00, 0x00, 0x00, 0xA0, 0xFF,
    0xFF, 0xFF, 0xFF, 0xFF, 0x8E, 0x02, 0x00, 0x00, 0x00, 0x00, 0x00, 0x00, 0xF8, 0xFF, 0x18, 0x20,
    0xD7, 0xFF, 0xFF, 0xBF, 0x26, 0x00, 0x00, 0x00, 0x00, 0x30, 0xFF, 0x5F, 0x00, 0x00, 0x00, 0xA4,
    0xFF, 0xFF, 0xFF, 0x6F, 0x00, 0x00, 0x00, 0x20, 0xFA, 0x09, 0x00, 0x00, 0x00, 0x00, 0x82, 0xFD,
    0xFF, 0xAF, 0x00, 0x00, 0x00, 0x00, 0x20, 0x01, 0x00, 0x00, 0x00, 0x00, 0x71, 0xFD, 0xFF, 0xBF,
    0x00, 0x00, 0x00, 0x00, 0x00, 0x00, 0x00, 0x00, 0x00, 0x82, 0xFE, 0xFF, 0xCF, 0x04, 0x00, 0x00,
    0x00, 0x00, 0x00, 0x00, 0x00, 0x10, 0xB5, 0xFF, 0xFF, 0xFF, 0x9F, 0x00, 0x00, 0x00, 0x00, 0x00,
    0x00, 0x10, 0x74, 0xFB, 0xFF, 0xFF, 0x9F, 0xF5, 0xFF, 0x3A, 0x00, 0x00, 0xB1, 0xDD, 0xED, 0xFE,
    0xFF, 0xFF, 0xFF, 0x8D, 0x01, 0x70, 0xFF, 0xFF, 0xDF, 0x5D, 0xF6, 0xFF, 0xFF, 0xFF, 0xFF, 0xEF,
    0x4A, 0x00, 0x00, 0x00, 0xE5, 0xFF, 0xFF, 0xCF, 0xD2, 0xFF, 0xFF, 0xCE, 0x7A, 0x03, 0x00, 0x00,
    0x00, 0x00, 0x10, 0xB7, 0xFD, 0x7F,
    // Unicode: [0xFEA5, uni062E]
    0x00, 0x00, 0x00, 0x20, 0x3D, 0x00, 0x00, 0x00, 0x00, 0x00, 0x00, 0x00, 0x00, 0x00, 0x00, 0xE2,
    0xEF, 0x03, 0x00, 0x00, 0x00, 0x00, 0x00, 0x00, 0x00, 0x00, 0x00, 0xF8, 0xFF, 0x0A, 0x00, 0x00,
    0x00, 0x00, 0x00, 0x00, 0x00, 0x00, 0x00, 0x90, 0xBF, 0x00, 0x00, 0x00, 0x00, 0x00, 0x00, 0x00,
    0x00, 0x00, 0x00, 0x00, 0x07, 0x00, 0x00, 0x00, 0x00, 0x00, 0x00, 0x00, 0x00, 0x00, 0x00, 0x00,
    0x00, 0x00, 0x00, 0x00, 0x00, 0x00, 0x00, 0x00, 0x00, 0x00, 0x00, 0x00, 0x00, 0x00, 0x00, 0x00,
    0x00, 0x00, 0x00, 0x00, 0x00, 0x00, 0x00, 0x00, 0x00, 0x00, 0x00, 0x00, 0x00, 0x00, 0x00, 0x00,
    0x00, 0x00, 0x10, 0xA7, 0xCD, 0x6A, 0x01, 0x00, 0x00, 0x00, 0x00, 0x00, 0x00, 0x00, 0xE8, 0xFF,
    0xFF, 0xFF, 0x9E, 0x01, 0x00, 0x00, 0x00, 0x00, 0x00, 0xA0, 0xFF, 0xFF, 0xFF, 0xFF, 0xFF, 0x6E,
    0x00, 0x00, 0x00, 0x00, 0x00, 0xF9, 0xFF, 0x3B, 0x20, 0xC6, 0xFF, 0xFF, 0x2B, 0x00, 0x00, 0x00,
    0x10, 0xFC, 0x6F, 0x00, 0x00, 0x00, 0xD5, 0xFF, 0xFF, 0x29, 0x00, 0x00, 0x00, 0x70, 0x07, 0x00,
    0x00, 0x00, 0x00, 0xE7, 0xFF, 0xFF, 0x6A, 0x01, 0x00, 0x00, 0x00, 0x00, 0x00, 0x00, 0x10, 0x53,
    0xFC, 0xFF, 0xFF, 0x01, 0x00, 0x00, 0x00, 0x00, 0x10, 0xA6, 0xFE, 0xFF, 0xFF, 0xFF, 0xBF, 0x00,
    0x00, 0x00, 0x00, 0x30, 0xFA, 0xFF, 0xFF, 0xFF, 0xFF, 0xFF, 0x7F, 0x00, 0x00, 0x00, 0x10, 0xFA,
    0xFF, 0xFF, 0xFF, 0x9C, 0x67, 0x45, 0x14, 0x00, 0x00, 0x00, 0xE4, 0xFF, 0xFF, 0x9E, 0x14, 0x00,
    0x00, 0x00, 0x00, 0x00, 0x00, 0x50, 0xFF, 0xFF, 0x5D, 0x01, 0x00, 0x00, 0x00, 0x00, 0x00, 0x00,
    0x00, 0xF4, 0xFF, 0x7E, 0x00, 0x00, 0x00, 0x00, 0x00, 0x00, 0x00, 0x00, 0x00, 0xFD, 0xDF, 0x03,
    0x00, 0x00, 0x00, 0x00, 0x00, 0x00, 0x00, 0x00, 0x70, 0xFF, 0x2E, 0x00, 0x00, 0x00, 0x00, 0x00,
    0x00, 0x00, 0x00, 0x00, 0xC0, 0xFF, 0x06, 0x00, 0x00, 0x00, 0x00, 0x00, 0x00, 0x00, 0x00, 0x00,
    0xF0, 0xEF, 0x00, 0x00, 0x00, 0x00, 0x00, 0x00, 0x00, 0x00, 0x00, 0x00, 0xF2, 0xCF, 0x00, 0x00,
    0x00, 0x00, 0x00, 0x00, 0x00, 0x00, 0x00, 0x00, 0xF1, 0xDF, 0x00, 0x00, 0x00, 0x00, 0x00, 0x00,
    0x00, 0x00, 0x00, 0x00, 0xE0, 0xFF, 0x02, 0x00, 0x00, 0x00, 0x00, 0x00, 0x00, 0x00, 0x00, 0x00,
    0xB0, 0xFF, 0x09, 0x00, 0x00, 0x00, 0x00, 0x00, 0x00, 0x00, 0x00, 0x00, 0x50, 0xFF, 0x5F, 0x00,
    0x00, 0x00, 0x00, 0x00, 0x00, 0x40, 0x00, 0x00, 0x00, 0xFC, 0xFF, 0x18, 0x00, 0x00, 0x00, 0x00,
    0x30, 0xFB, 0x08, 0x00, 0x00, 0xE2, 0xFF, 0xEF, 0x59, 0x12, 0x10, 0x73, 0xFB, 0xFF, 0x3F, 0x00,
    0x00, 0x20, 0xFD, 0xFF, 0xFF, 0xFF, 0xFF, 0xFF, 0xFF, 0xEF, 0x06, 0x00, 0x00, 0x00, 0x81, 0xFE,
    0xFF, 0xFF, 0xFF, 0xFF, 0xDF, 0x17, 0x00, 0x00, 0x00, 0x00, 0x00, 0x61, 0xD9, 0xFE, 0xDE, 0x8B,
    0x04, 0x00, 0x00, 0x00,
    // Unicode: [0xFEA6, uniFEA6]
    0x00, 0x00, 0x10, 0x7C, 0x00, 0x00, 0x00, 0x00, 0x00, 0x00, 0x00, 0x00, 0x00, 0x00, 0x00, 0xC1,
    0xFF, 0x06, 0x00, 0x00, 0x00, 0x00, 0x00, 0x00, 0x00, 0x00, 0x00, 0x00, 0xF4, 0xFF, 0x1D, 0x00,
    0x00, 0x00, 0x00, 0x00, 0x00, 0x00, 0x00, 0x00, 0x00, 0x50, 0xDF, 0x02, 0x00, 0x00, 0x00, 0x00,
    0x00, 0x00, 0x00, 0x00, 0x00, 0x00, 0x00, 0x25, 0x00, 0x00, 0x00, 0x00, 0x00, 0x00, 0x00, 0x00,
    0x00, 0x00, 0x00, 0x00, 0x00, 0x00, 0x00, 0x00, 0x00, 0x00, 0x00, 0x00, 0x00, 0x00, 0x00, 0x00,
    0x00, 0x00, 0x00, 0x00, 0x00, 0x00, 0x00, 0x00, 0x00, 0x00, 0x00, 0x00, 0x00, 0x83, 0xCC, 0x7B,
    0x02, 0x00, 0x00, 0x00, 0x00, 0x00, 0x00, 0x00, 0x00, 0xA1, 0xFF, 0xFF, 0xFF, 0xBF, 0x04, 0x00,
    0x00, 0x00, 0x00, 0x00, 0x00, 0x10, 0xFC, 0xFF, 0xFF, 0xFF, 0xFF, 0xCF, 0x04, 0x00, 0x00, 0x00,
    0x00, 0x00, 0xA0, 0xFF, 0x8F, 0x13, 0x94, 0xFE, 0xFF, 0xCF, 0x05, 0x00, 0x00, 0x00, 0x00, 0xF5,
    0xFF, 0x04, 0x00, 0x00, 0x81, 0xFE, 0xFF, 0xDF, 0x16, 0x00, 0x00, 0x00, 0xD6, 0x7F, 0x00, 0x00,
    0x00, 0x00, 0x71, 0xFE, 0xFF, 0xEF, 0x2A, 0x00, 0x00, 0x00, 0x04, 0x00, 0x00, 0x20, 0x96, 0xEC,
    0xFF, 0xFF, 0xFF, 0x3F, 0x00, 0x00, 0x00, 0x00, 0x00, 0x61, 0xFC, 0xFF, 0xFF, 0xFF, 0xFF, 0xFF,
    0x1F, 0x00, 0x00, 0x00, 0x00, 0x50, 0xFD, 0xFF, 0xFF, 0xEF, 0xFD, 0xBF, 0x88, 0x07, 0x00, 0x00,
    0x00, 0x10, 0xFA, 0xFF, 0xDF, 0x58, 0x02, 0xF5, 0x8F, 0x00, 0x00, 0x00, 0x00, 0x00, 0xC1, 0xFF,
    0xBF, 0x04, 0x00, 0x00, 0xF2, 0xDF, 0x01, 0x00, 0x00, 0x00, 0x00, 0xFB, 0xEF, 0x05, 0x00, 0x00,
    0x00, 0xC0, 0xFF, 0x4C, 0x00, 0x00, 0x00, 0x50, 0xFF, 0x3E, 0x00, 0x00, 0x00, 0x00, 0x30, 0xFF,
    0xFF, 0xEF, 0xBE, 0x01, 0xD0, 0xFF, 0x04, 0x00, 0x00, 0x00, 0x00, 0x00, 0xD4, 0xFF, 0xFF, 0xFF,
    0x05, 0xF4, 0xBF, 0x00, 0x00, 0x00, 0x00, 0x00, 0x00, 0x00, 0xA6, 0xED, 0xCF, 0x01, 0xF8, 0x5F,
    0x00, 0x00, 0x00, 0x00, 0x00, 0x00, 0x00, 0x00, 0x00, 0x00, 0x00, 0xFA, 0x2F, 0x00, 0x00, 0x00,
    0x00, 0x00, 0x00, 0x00, 0x00, 0x00, 0x00, 0x00, 0xFB, 0x3F, 0x00, 0x00, 0x00, 0x00, 0x00, 0x00,
    0x00, 0x00, 0x00, 0x00, 0x00, 0xFA, 0x5F, 0x00, 0x00, 0x00, 0x00, 0x00, 0x00, 0x00, 0x00, 0x00,
    0x00, 0x00, 0xF7, 0xAF, 0x00, 0x00, 0x00, 0x00, 0x00, 0x00, 0x00, 0x00, 0x00, 0x00, 0x00, 0xF2,
    0xFF, 0x03, 0x00, 0x00, 0x00, 0x00, 0x00, 0x00, 0x00, 0x00, 0x00, 0x00, 0xA0, 0xFF, 0x2D, 0x00,
    0x00, 0x00, 0x00, 0x00, 0x00, 0x16, 0x00, 0x00, 0x00, 0x10, 0xFD, 0xEF, 0x06, 0x00, 0x00, 0x00,
    0x00, 0xA2, 0xBF, 0x00, 0x00, 0x00, 0x00, 0xE3, 0xFF, 0xDF, 0x48, 0x12, 0x20, 0x94, 0xFE, 0xFF,
    0x06, 0x00, 0x00, 0x00, 0x20, 0xFC, 0xFF, 0xFF, 0xFF, 0xFF, 0xFF, 0xFF, 0x7F, 0x00, 0x00, 0x00,
    0x00, 0x00, 0x60, 0xFC, 0xFF, 0xFF, 0xFF, 0xFF, 0x8E, 0x02, 0x00, 0x00, 0x00, 0x00, 0x00, 0x00,
    0x30, 0x96, 0xBB, 0x9A, 0x37, 0x00, 0x00, 0x00, 0x00, 0x00,
    // Unicode: [0xFEA7, uniFEA7]
    0x00, 0x00, 0x00, 0x00, 0x00, 0x28, 0x00, 0x00, 0x00, 0x00, 0x00, 0x00, 0x00, 0x00, 0x00, 0x00,
    0x00, 0xA0, 0xDF, 0x02, 0x00, 0x00, 0x00, 0x00, 0x00, 0x00, 0x00, 0x00, 0x00, 0x00, 0xF7, 0xFF,
    0x0C, 0x00, 0x00, 0x00, 0x00, 0x00, 0x00, 0x00, 0x00, 0x00, 0x00, 0xC1, 0xEF, 0x03, 0x00, 0x00,
    0x00, 0x00, 0x00, 0x00, 0x00, 0x00, 0x00, 0x00, 0x10, 0x3B, 0x00, 0x00, 0x00, 0x00, 0x00, 0x00,
    0x00, 0x00, 0x00, 0x00, 0x00, 0x00, 0x00, 0x00, 0x00, 0x00, 0x00, 0x00, 0x00, 0x00, 0x00, 0x00,
    0x00, 0x00, 0x00, 0x00, 0x00, 0x00, 0x00, 0x00, 0x00, 0x00, 0x00, 0x00, 0x00, 0x00, 0x00, 0x00,
    0x00, 0x00, 0x00, 0x00, 0x00, 0x00, 0x00, 0x00, 0x00, 0x00, 0x00, 0x00, 0xA4, 0xEE, 0x9D, 0x04,
    0x00, 0x00, 0x00, 0x00, 0x00, 0x00, 0x00, 0x00, 0x90, 0xFF, 0xFF, 0xFF, 0xDF, 0x17, 0x00, 0x00,
    0x00, 0x00, 0x00, 0x00, 0x00, 0xFA, 0xFF, 0xEF, 0xFF, 0xFF, 0xEF, 0x28, 0x00, 0x00, 0x00, 0x00,
    0x00, 0x70, 0xFF, 0x8F, 0x01, 0x62, 0xFC, 0xFF, 0xFF, 0x6B, 0x02, 0x00, 0x00, 0x00, 0xF2, 0xFF,
    0x06, 0x00, 0x00, 0x40, 0xFA, 0xFF, 0xFF, 0xFF, 0x07, 0x00, 0x00, 0xA2, 0xAF, 0x00, 0x00, 0x00,
    0x00, 0x20, 0xD8, 0xFF, 0xFF, 0x0A, 0x00, 0x00, 0x00, 0x12, 0x00, 0x00, 0x00, 0x00, 0x10, 0xD7,
    0xFF, 0xFF, 0x0C, 0x00, 0x00, 0x00, 0x00, 0x00, 0x00, 0x00, 0x30, 0xE9, 0xFF, 0xFF, 0x5C, 0x00,
    0x00, 0x00, 0x00, 0x00, 0x00, 0x00, 0x72, 0xFC, 0xFF, 0xFF, 0x4B, 0x00, 0x00, 0x00, 0x00, 0x00,
    0x10, 0x63, 0xDA, 0xFF, 0xFF, 0xFF, 0x3A, 0x00, 0x00, 0x00, 0xB1, 0xDD, 0xED, 0xFE, 0xFF, 0xFF,
    0xFF, 0xCF, 0x27, 0x00, 0x00, 0x00, 0x00, 0xF7, 0xFF, 0xFF, 0xFF, 0xFF, 0xFF, 0x8C, 0x03, 0x00,
    0x00, 0x00, 0x00, 0x00, 0xD2, 0xFF, 0xFF, 0xDE, 0x8B, 0x15, 0x00, 0x00, 0x00, 0x00, 0x00, 0x00,
    0x00,
    // Unicode: [0xFEA8, uniFEA8]
    0x00, 0x00, 0x00, 0x00, 0x10, 0x00, 0x00, 0x00, 0x00, 0x00, 0x00, 0x00, 0x00, 0x00, 0x00, 0x00,
    0x00, 0x00, 0xC1, 0x08, 0x00, 0x00, 0x00, 0x00, 0x00, 0x00, 0x00, 0x00, 0x00, 0x00, 0x00, 0x10,
    0xFC, 0x8F, 0x00, 0x00, 0x00, 0x00, 0x00, 0x00, 0x00, 0x00, 0x00, 0x00, 0x00, 0x40, 0xFF, 0xCF,
    0x01, 0x00, 0x00, 0x00, 0x00, 0x00, 0x00, 0x00, 0x00, 0x00, 0x00, 0x00, 0xF4, 0x1C, 0x00, 0x00,
    0x00, 0x00, 0x00, 0x00, 0x00, 0x00, 0x00, 0x00, 0x00, 0x00, 0x40, 0x01, 0x00, 0x00, 0x00, 0x00,
    0x00, 0x00, 0x00, 0x00, 0x00, 0x00, 0x00, 0x00, 0x00, 0x00, 0x00, 0x00, 0x00, 0x00, 0x00, 0x00,
    0x00, 0x00, 0x00, 0x00, 0x00, 0x00, 0x00, 0x00, 0x00, 0x00, 0x00, 0x00, 0x00, 0x00, 0x00, 0x00,
    0x00, 0x00, 0x00, 0x40, 0xEA, 0xDE, 0x49, 0x00, 0x00, 0x00, 0x00, 0x00, 0x00, 0x00, 0x00, 0x00,
    0x00, 0xF9, 0xFF, 0xFF, 0xFF, 0x6D, 0x01, 0x00, 0x00, 0x00, 0x00, 0x00, 0x00, 0x00, 0xA0, 0xFF,
    0xFF, 0xFF, 0xFF, 0xFF, 0x8E, 0x02, 0x00, 0x00, 0x00, 0x00, 0x00, 0x00, 0xF8, 0xFF, 0x18, 0x20,
    0xD7, 0xFF, 0xFF, 0xBF, 0x26, 0x00, 0x00, 0x00, 0x00, 0x30, 0xFF, 0x5F, 0x00, 0x00, 0x00, 0xA4,
    0xFF, 0xFF, 0xFF, 0x6F, 0x00, 0x00, 0x00, 0x20, 0xFA, 0x09, 0x00, 0x00, 0x00, 0x00, 0x82, 0xFD,
    0xFF, 0xAF, 0x00, 0x00, 0x00, 0x00, 0x20, 0x01, 0x00, 0x00, 0x00, 0x00, 0x71, 0xFD, 0xFF, 0xBF,
    0x00, 0x00, 0x00, 0x00, 0x00, 0x00, 0x00, 0x00, 0x00, 0x82, 0xFE, 0xFF, 0xCF, 0x04, 0x00, 0x00,
    0x00, 0x00, 0x00, 0x00, 0x00, 0x10, 0xB5, 0xFF, 0xFF, 0xFF, 0x9F, 0x00, 0x00, 0x00, 0x00, 0x00,
    0x00, 0x10, 0x74, 0xFB, 0xFF, 0xFF, 0x9F, 0xF5, 0xFF, 0x3A, 0x00, 0x00, 0xB1, 0xDD, 0xED, 0xFE,
    0xFF, 0xFF, 0xFF, 0x8D, 0x01, 0x70, 0xFF, 0xFF, 0xDF, 0x5D, 0xF6, 0xFF, 0xFF, 0xFF, 0xFF, 0xEF,
    0x4A, 0x00, 0x00, 0x00, 0xE5, 0xFF, 0xFF, 0xCF, 0xD2, 0xFF, 0xFF, 0xCE, 0x7A, 0x03, 0x00, 0x00,
    0x00, 0x00, 0x10, 0xB7, 0xFD, 0x7F,
    // Unicode: [0xFEA9, uni062F]
    0x00, 0x00, 0x20, 0x02, 0x00, 0x00, 0x00, 0x00, 0x00, 0x00, 0xA0, 0x7F, 0x00, 0x00, 0x00, 0x00,
    0x00, 0x00, 0xF2, 0xFF, 0x1A, 0x00, 0x00, 0x00, 0x00, 0x00, 0xA1, 0xFF, 0xBF, 0x00, 0x00, 0x00,
    0x00, 0x00, 0x00, 0xF6, 0xFF, 0x0A, 0x00, 0x00, 0x00, 0x00, 0x00, 0x40, 0xFF, 0x7F, 0x00, 0x00,
    0x00, 0x00, 0x00, 0x00, 0xF6, 0xFF, 0x03, 0x00, 0x00, 0x00, 0x00, 0x00, 0xA0, 0xFF, 0x0B, 0x00,
    0x00, 0x00, 0x00, 0x00, 0x10, 0xFE, 0x4F, 0x00, 0x00, 0x00, 0x00, 0x00, 0x00, 0xF7, 0x9F, 0x00,
    0x00, 0x00, 0x00, 0x00, 0x00, 0xF1, 0xEF, 0x00, 0x00, 0x00, 0x00, 0x00, 0x00, 0xD0, 0xFF, 0x01,
    0x40, 0x04, 0x00, 0x00, 0x00, 0xE1, 0xFF, 0x01, 0xC0, 0xCF, 0x37, 0x01, 0x51, 0xFC, 0xCF, 0x00,
    0xF3, 0xFF, 0xFF, 0xFF, 0xFF, 0xFF, 0x4F, 0x00, 0xA2, 0xFF, 0xFF, 0xFF, 0xFF, 0xEF, 0x04, 0x00,
    0x00, 0x61, 0xDA, 0xFF, 0xBE, 0x16, 0x00, 0x00,
    // Unicode: [0xFEAA, uniFEAA]
    0x00, 0x00, 0x00, 0x71, 0x06, 0x00, 0x00, 0x00, 0x00, 0x00, 0x00, 0x20, 0xFE, 0x0E, 0x00, 0x00,
    0x00, 0x00, 0x00, 0x00, 0x00, 0xFC, 0x5F, 0x00, 0x00, 0x00, 0x00, 0x00, 0x00, 0x00, 0xF6, 0xBF,
    0x00, 0x00, 0x00, 0x00, 0x00, 0x00, 0x00, 0xE0, 0xFF, 0x02, 0x00, 0x00, 0x00, 0x00, 0x00, 0x00,
    0x80, 0xFF, 0x09, 0x00, 0x00, 0x00, 0x00, 0x00, 0x00, 0x20, 0xFF, 0x1E, 0x00, 0x00, 0x00, 0x00,
    0x00, 0x00, 0x00, 0xFB, 0x6F, 0x00, 0x00, 0x00, 0x00, 0x00, 0x00, 0x00, 0xF4, 0xCF, 0x00, 0x00,
    0x00, 0x00, 0x00, 0x00, 0x00, 0xD0, 0xFF, 0x04, 0x00, 0x00, 0x00, 0x00, 0x00, 0x00, 0x70, 0xFF,
    0x0A, 0x00, 0x00, 0x00, 0x00, 0x00, 0x00, 0x10, 0xFF, 0x1F, 0x00, 0x00, 0xB1, 0x04, 0x00, 0x00,
    0x10, 0xFD, 0x8F, 0x00, 0x00, 0xF9, 0xAF, 0x03, 0x20, 0xD6, 0xFF, 0xEF, 0x05, 0x00, 0xFC, 0xFF,
    0xFF, 0xFE, 0xFF, 0xFF, 0xFF, 0xEF, 0x6D, 0x91, 0xFF, 0xFF, 0xFF, 0xFF, 0x4D, 0xFB, 0xFF, 0xDF,
    0x00, 0x93, 0xFD, 0xDE, 0x5A, 0x00, 0x60, 0xEB, 0x8F,
    // Unicode: [0xFEAB, uni0630]
    0x00, 0x00, 0x80, 0x03, 0x00, 0x00, 0x00, 0x00, 0x00, 0x00, 0xF9, 0x3E, 0x00, 0x00, 0x00, 0x00,
    0x00, 0x60, 0xFF, 0xDF, 0x00, 0x00, 0x00, 0x00, 0x00, 0x00, 0xFA, 0x4E, 0x00, 0x00, 0x00, 0x00,
    0x00, 0x00, 0xA0, 0x04, 0x00, 0x00, 0x00, 0x00, 0x00, 0x00, 0x00, 0x00, 0x00, 0x00, 0x00, 0x00,
    0x00, 0x00, 0x00, 0x00, 0x00, 0x00, 0x00, 0x00, 0x00, 0x00, 0x20, 0x02, 0x00, 0x00, 0x00, 0x00,
    0x00, 0x00, 0xA0, 0x7F, 0x00, 0x00, 0x00, 0x00, 0x00, 0x00, 0xF2, 0xFF, 0x1A, 0x00, 0x00, 0x00,
    0x00, 0x00, 0xA1, 0xFF, 0xBF, 0x00, 0x00, 0x00, 0x00, 0x00, 0x00, 0xF6, 0xFF, 0x0A, 0x00, 0x00,
    0x00, 0x00, 0x00, 0x40, 0xFF, 0x7F, 0x00, 0x00, 0x00, 0x00, 0x00, 0x00, 0xF6, 0xFF, 0x03, 0x00,
    0x00, 0x00, 0x00, 0x00, 0xA0, 0xFF, 0x0B, 0x00, 0x00, 0x00, 0x00, 0x00, 0x10, 0xFE, 0x4F, 0x00,
    0x00, 0x00, 0x00, 0x00, 0x00, 0xF7, 0x9F, 0x00, 0x00, 0x00, 0x00, 0x00, 0x00, 0xF1, 0xEF, 0x00,
    0x00, 0x00, 0x00, 0x00, 0x00, 0xD0, 0xFF, 0x01, 0x40, 0x04, 0x00, 0x00, 0x00, 0xE1, 0xFF, 0x01,
    0xC0, 0xCF, 0x37, 0x01, 0x51, 0xFC, 0xCF, 0x00, 0xF3, 0xFF, 0xFF, 0xFF, 0xFF, 0xFF, 0x4F, 0x00,
    0xA2, 0xFF, 0xFF, 0xFF, 0xFF, 0xEF, 0x04, 0x00, 0x00, 0x61, 0xDA, 0xFF, 0xBE, 0x16, 0x00, 0x00,
    // Unicode: [0xFEAC, uniFEAC]
    0x00, 0x00, 0x00, 0x84, 0x00, 0x00, 0x00, 0x00, 0x00, 0x00, 0x00, 0x40, 0xFE, 0x09, 0x00, 0x00,
    0x00, 0x00, 0x00, 0x00, 0xE1, 0xFF, 0x5F, 0x00, 0x00, 0x00, 0x00, 0x00, 0x00, 0x40, 0xFE, 0x09,
    0x00, 0x00, 0x00, 0x00, 0x00, 0x00, 0x00, 0x84, 0x00, 0x00, 0x00, 0x00, 0x00, 0x00, 0x00, 0x00,
    0x00, 0x00, 0x00, 0x00, 0x00, 0x00, 0x00, 0x00, 0x00, 0x00, 0x00, 0x00, 0x00, 0x00, 0x00, 0x00,
    0x00, 0x00, 0x71, 0x06, 0x00, 0x00, 0x00, 0x00, 0x00, 0x00, 0x20, 0xFE, 0x0E, 0x00, 0x00, 0x00,
    0x00, 0x00, 0x00, 0x00, 0xFC, 0x5F, 0x00, 0x00, 0x00, 0x00, 0x00, 0x00, 0x00, 0xF6, 0xBF, 0x00,
    0x00, 0x00, 0x00, 0x00, 0x00, 0x00, 0xE0, 0xFF, 0x02, 0x00, 0x00, 0x00, 0x00, 0x00, 0x00, 0x80,
    0xFF, 0x09, 0x00, 0x00, 0x00, 0x00, 0x00, 0x00, 0x20, 0xFF, 0x1E, 0x00, 0x00, 0x00, 0x00, 0x00,
    0x00, 0x00, 0xFB, 0x6F, 0x00, 0x00, 0x00, 0x00, 0x00, 0x00, 0x00, 0xF4, 0xCF, 0x00, 0x00, 0x00,
    0x00, 0x00, 0x00, 0x00, 0xD0, 0xFF, 0x04, 0x00, 0x00, 0x00, 0x00, 0x00, 0x00, 0x70, 0xFF, 0x0A,
    0x00, 0x00, 0x00, 0x00, 0x00, 0x00, 0x10, 0xFF, 0x1F, 0x00, 0x00, 0xB1, 0x04, 0x00, 0x00, 0x10,
    0xFD, 0x8F, 0x00, 0x00, 0xF9, 0xAF, 0x03, 0x20, 0xD6, 0xFF, 0xEF, 0x05, 0x00, 0xFC, 0xFF, 0xFF,
    0xFE, 0xFF, 0xFF, 0xFF, 0xEF, 0x6D, 0x91, 0xFF, 0xFF, 0xFF, 0xFF, 0x4D, 0xFB, 0xFF, 0xDF, 0x00,
    0x93, 0xFD, 0xDE, 0x5A, 0x00, 0x60, 0xEB, 0x8F,
    // Unicode: [0xFEAD, uni0631]
    0x00, 0x00, 0x00, 0x00, 0x24, 0x00, 0x00, 0x00, 0x00, 0xE5, 0x8F, 0x00, 0x00, 0x00, 0x00, 0xF3,
    0xCF, 0x00, 0x00, 0x00, 0x00, 0xD0, 0xFF, 0x01, 0x00, 0x00, 0x00, 0x90, 0xFF, 0x05, 0x00, 0x00,
    0x00, 0x60, 0xFF, 0x09, 0x00, 0x00, 0x00, 0x20, 0xFF, 0x0C, 0x00, 0x00, 0x00, 0x00, 0xFE, 0x0E,
    0x00, 0x00, 0x00, 0x00, 0xFC, 0x1F, 0x00, 0x00, 0x00, 0x00, 0xFE, 0x0F, 0x00, 0x00, 0x00, 0x20,
    0xFF, 0x0D, 0x00, 0x00, 0x00, 0x80, 0xFF, 0x08, 0x00, 0x00, 0x00, 0xF3, 0xFF, 0x02, 0x00, 0x00,
    0x10, 0xFD, 0x9F, 0x00, 0x00, 0x00, 0xC1, 0xFF, 0x1D, 0x00, 0x00, 0x30, 0xFD, 0xEF, 0x03, 0x00,
    0x00, 0xF7, 0xFF, 0x3E, 0x00, 0x00, 0xD5, 0xFF, 0xDF, 0x02, 0x00, 0x00, 0xF9, 0xFF, 0x19, 0x00,
    0x00, 0x00, 0xF2, 0x4D, 0x00, 0x00, 0x00, 0x00, 0x40, 0x00, 0x00, 0x00, 0x00, 0x00,
    // Unicode: [0xFEAE, uniFEAE]
    0x00, 0x00, 0x00, 0x00, 0x10, 0x00, 0x00, 0x00, 0x00, 0x00, 0x00, 0x92, 0x8E, 0x00, 0x00, 0x00,
    0x00, 0x00, 0x00, 0xF3, 0xDF, 0x00, 0x00, 0x00, 0x00, 0x00, 0x00, 0xE0, 0xFF, 0x04, 0x00, 0x00,
    0x00, 0x00, 0x00, 0x90, 0xFF, 0x0B, 0x00, 0x00, 0x00, 0x00, 0x00, 0x60, 0xFF, 0x6F, 0x00, 0x00,
    0x00, 0x00, 0x00, 0x20, 0xFF, 0xFF, 0x05, 0x00, 0x00, 0x00, 0x00, 0x00, 0xFE, 0xFF, 0xEF, 0x2B,
    0x00, 0x00, 0x00, 0x00, 0xFC, 0xFF, 0xFF, 0x7F, 0x00, 0x00, 0x00, 0x00, 0xFC, 0x5F, 0xFC, 0x3D,
    0x00, 0x00, 0x00, 0x00, 0xFE, 0x0F, 0x00, 0x00, 0x00, 0x00, 0x00, 0x50, 0xFF, 0x0B, 0x00, 0x00,
    0x00, 0x00, 0x00, 0xC0, 0xFF, 0x06, 0x00, 0x00, 0x00, 0x00, 0x00, 0xF9, 0xDF, 0x00, 0x00, 0x00,
    0x00, 0x00, 0x70, 0xFF, 0x4F, 0x00, 0x00, 0x00, 0x00, 0x00, 0xF9, 0xFF, 0x08, 0x00, 0x00, 0x00,
    0x00, 0xC2, 0xFF, 0x8F, 0x00, 0x00, 0x00, 0x00, 0x71, 0xFE, 0xFF, 0x07, 0x00, 0x00, 0x00, 0x00,
    0xF9, 0xFF, 0x5E, 0x00, 0x00, 0x00, 0x00, 0x00, 0xF3, 0xAF, 0x02, 0x00, 0x00, 0x00, 0x00, 0x00,
    0x80, 0x04, 0x00, 0x00, 0x00, 0x00, 0x00, 0x00,
    // Unicode: [0xFEAF, uni0632]
    0x00, 0x00, 0x00, 0x91, 0x01, 0x00, 0x00, 0x00, 0x10, 0xFC, 0x1C, 0x00, 0x00, 0x00, 0xA0, 0xFF,
    0xAF, 0x00, 0x00, 0x00, 0x10, 0xFC, 0x1D, 0x00, 0x00, 0x00, 0x00, 0xA1, 0x01, 0x00, 0x00, 0x00,
    0x00, 0x00, 0x00, 0x00, 0x00, 0x00, 0x00, 0x00, 0x00, 0x00, 0x00, 0x00, 0x00, 0x00, 0x00, 0x00,
    0x00, 0x00, 0x00, 0x00, 0x24, 0x00, 0x00, 0x00, 0x00, 0xE5, 0x8F, 0x00, 0x00, 0x00, 0x00, 0xF3,
    0xCF, 0x00, 0x00, 0x00, 0x00, 0xD0, 0xFF, 0x01, 0x00, 0x00, 0x00, 0x90, 0xFF, 0x05, 0x00, 0x00,
    0x00, 0x60, 0xFF, 0x09, 0x00, 0x00, 0x00, 0x20, 0xFF, 0x0C, 0x00, 0x00, 0x00, 0x00, 0xFE, 0x0E,
    0x00, 0x00, 0x00, 0x00, 0xFC, 0x1F, 0x00, 0x00, 0x00, 0x00, 0xFE, 0x0F, 0x00, 0x00, 0x00, 0x20,
    0xFF, 0x0D, 0x00, 0x00, 0x00, 0x80, 0xFF, 0x08, 0x00, 0x00, 0x00, 0xF3, 0xFF, 0x02, 0x00, 0x00,
    0x10, 0xFD, 0x9F, 0x00, 0x00, 0x00, 0xC1, 0xFF, 0x1D, 0x00, 0x00, 0x30, 0xFD, 0xEF, 0x03, 0x00,
    0x00, 0xF7, 0xFF, 0x3E, 0x00, 0x00, 0xD5, 0xFF, 0xDF, 0x02, 0x00, 0x00, 0xF9, 0xFF, 0x19, 0x00,
    0x00, 0x00, 0xF2, 0x4D, 0x00, 0x00, 0x00, 0x00, 0x40, 0x00, 0x00, 0x00, 0x00, 0x00,
    // Unicode: [0xFEB0, uniFEB0]
    0x00, 0x00, 0x00, 0x60, 0x00, 0x00, 0x00, 0x00, 0x00, 0x00, 0x00, 0xF9, 0x0A, 0x00, 0x00, 0x00,
    0x00, 0x00, 0x80, 0xFF, 0xAF, 0x00, 0x00, 0x00, 0x00, 0x00, 0x20, 0xFE, 0x4E, 0x00, 0x00, 0x00,
    0x00, 0x00, 0x00, 0xD2, 0x04, 0x00, 0x00, 0x00, 0x00, 0x00, 0x00, 0x00, 0x00, 0x00, 0x00, 0x00,
    0x00, 0x00, 0x00, 0x00, 0x00, 0x00, 0x00, 0x00, 0x00, 0x00, 0x00, 0x00, 0x00, 0x00, 0x00, 0x00,
    0x00, 0x00, 0x00, 0x00, 0x10, 0x00, 0x00, 0x00, 0x00, 0x00, 0x00, 0x92, 0x8E, 0x00, 0x00, 0x00,
    0x00, 0x00, 0x00, 0xF3, 0xDF, 0x00, 0x00, 0x00, 0x00, 0x00, 0x00, 0xE0, 0xFF, 0x04, 0x00, 0x00,
    0x00, 0x00, 0x00, 0x90, 0xFF, 0x0B, 0x00, 0x00, 0x00, 0x00, 0x00, 0x60, 0xFF, 0x6F, 0x00, 0x00,
    0x00, 0x00, 0x00, 0x20, 0xFF, 0xFF, 0x05, 0x00, 0x00, 0x00, 0x00, 0x00, 0xFE, 0xFF, 0xEF, 0x2B,
    0x00, 0x00, 0x00, 0x00, 0xFC, 0xFF, 0xFF, 0x7F, 0x00, 0x00, 0x00, 0x00, 0xFC, 0x5F, 0xFC, 0x3D,
    0x00, 0x00, 0x00, 0x00, 0xFE, 0x0F, 0x00, 0x00, 0x00, 0x00, 0x00, 0x50, 0xFF, 0x0B, 0x00, 0x00,
    0x00, 0x00, 0x00, 0xC0, 0xFF, 0x06, 0x00, 0x00, 0x00, 0x00, 0x00, 0xF9, 0xDF, 0x00, 0x00, 0x00,
    0x00, 0x00, 0x70, 0xFF, 0x4F, 0x00, 0x00, 0x00, 0x00, 0x00, 0xF9, 0xFF, 0x08, 0x00, 0x00, 0x00,
    0x00, 0xC2, 0xFF, 0x8F, 0x00, 0x00, 0x00, 0x00, 0x71, 0xFE, 0xFF, 0x07, 0x00, 0x00, 0x00, 0x00,
    0xF9, 0xFF, 0x5E, 0x00, 0x00, 0x00, 0x00, 0x00, 0xF3, 0xAF, 0x02, 0x00, 0x00, 0x00, 0x00, 0x00,
    0x80, 0x04, 0x00, 0x00, 0x00, 0x00, 0x00, 0x00,
    // Unicode: [0xFEB5, uni0634]
    0x00, 0x00, 0x00, 0x00, 0x00, 0x00, 0x00, 0x00, 0x00, 0x00, 0x00, 0x00, 0x00, 0x55, 0x00, 0x00,
    0x00, 0x00, 0x00, 0x00, 0x00, 0x00, 0x00, 0x00, 0x00, 0x00, 0x00, 0x00, 0x00, 0x00, 0x00, 0x50,
    0xFF, 0x05, 0x00, 0x00, 0x00, 0x00, 0x00, 0x00, 0x00, 0x00, 0x00, 0x00, 0x00, 0x00, 0x00, 0x00,
    0x00, 0x00, 0xD0, 0xFF, 0x1D, 0x00, 0x00, 0x00, 0x00, 0x00, 0x00, 0x00, 0x00, 0x00, 0x00, 0x00,
    0x00, 0x00, 0x00, 0x00, 0x00, 0x20, 0xDD, 0x02, 0x00, 0x00, 0x00, 0x00, 0x00, 0x00, 0x00, 0x00,
    0x00, 0x00, 0x00, 0x00, 0x00, 0x00, 0x00, 0x50, 0x01, 0x22, 0x20, 0x03, 0x00, 0x00, 0x00, 0x00,
    0x00, 0x00, 0x00, 0x00, 0x00, 0x00, 0x00, 0x00, 0x00, 0x00, 0xF6, 0x1B, 0x00, 0xD2, 0x4E, 0x00,
    0x00, 0x00, 0x00, 0x00, 0x00, 0x00, 0x00, 0x00, 0x00, 0x00, 0x00, 0x00, 0x60, 0xFF, 0xBF, 0x10,
    0xFD, 0xEF, 0x03, 0x00, 0x00, 0x00, 0x00, 0x00, 0x00, 0x00, 0x00, 0x00, 0x00, 0x00, 0x00, 0x20,
    0xFD, 0x6F, 0x00, 0xF8, 0xCF, 0x01, 0x00, 0x00, 0x00, 0x00, 0x00, 0x00, 0x00, 0x00, 0x00, 0x00,
    0x00, 0x00, 0x00, 0xD1, 0x06, 0x00, 0x80, 0x1C, 0x00, 0x00, 0x00, 0x00, 0x00, 0x00, 0x00, 0x00,
    0x00, 0x00, 0x00, 0x00, 0x00, 0x00, 0x00, 0x00, 0x00, 0x00, 0x00, 0x00, 0x00, 0x00, 0x00, 0x00,
    0x00, 0x00, 0x00, 0x00, 0x00, 0x00, 0x00, 0x00, 0x00, 0x00, 0x00, 0x00, 0x00, 0x00, 0x00, 0x04,
    0x00, 0x00, 0x00, 0x00, 0x00, 0x00, 0x00, 0x00, 0x00, 0x00, 0x00, 0x00, 0x00, 0x00, 0x00, 0x00,
    0x00, 0xD6, 0x1E, 0x00, 0x00, 0x00, 0x00, 0x00, 0x00, 0x00, 0x00, 0x00, 0x00, 0x00, 0x00, 0x00,
    0x00, 0x00, 0x00, 0x00, 0xFA, 0x7F, 0x00, 0x00, 0x00, 0x00, 0x00, 0x00, 0x00, 0x00, 0x00, 0x00,
    0x00, 0x00, 0x00, 0x00, 0x00, 0x00, 0x00, 0xF3, 0xDF, 0x00, 0x00, 0x00, 0x00, 0x00, 0x00, 0x00,
    0x00, 0x00, 0x20, 0x06, 0x00, 0x00, 0x00, 0x94, 0x6A, 0x00, 0xC0, 0xFF, 0x03, 0x00, 0x30, 0x00,
    0x00, 0x00, 0x00, 0x00, 0x00, 0xE6, 0x1E, 0x00, 0x00, 0x00, 0xF7, 0x8F, 0x00, 0x70, 0xFF, 0x07,
    0x00, 0xF5, 0x07, 0x00, 0x00, 0x00, 0x00, 0x00, 0xFA, 0x7F, 0x00, 0x00, 0x00, 0xF7, 0x9F, 0x00,
    0x30, 0xFF, 0x0A, 0x00, 0xFD, 0x5F, 0x00, 0x00, 0x00, 0x00, 0x00, 0xF2, 0xDF, 0x00, 0x00, 0x00,
    0xF7, 0xBF, 0x00, 0x10, 0xFF, 0x0C, 0x40, 0xFF, 0x0D, 0x00, 0x00, 0x00, 0x00, 0x00, 0xC0, 0xFF,
    0x07, 0x00, 0x00, 0xF9, 0xEF, 0x00, 0x10, 0xFF, 0x0C, 0x90, 0xFF, 0x07, 0x00, 0x00, 0x00, 0x00,
    0x00, 0x60, 0xFF, 0x2E, 0x00, 0x00, 0xFD, 0xFF, 0x03, 0x50, 0xFF, 0x0A, 0xD0, 0xFF, 0x02, 0x00,
    0x00, 0x00, 0x00, 0x00, 0x20, 0xFF, 0xDF, 0x04, 0x80, 0xFF, 0xFF, 0x1C, 0xC1, 0xFF, 0x07, 0xF2,
    0xEF, 0x00, 0x00, 0x00, 0x00, 0x00, 0x00, 0x00, 0xFE, 0xFF, 0xEF, 0xFE, 0xFF, 0xFF, 0xEF, 0xFF,
    0xFF, 0x02, 0xF4, 0xBF, 0x00, 0x00, 0x00, 0x00, 0x00, 0x00, 0x00, 0xFC, 0xFF, 0xFF, 0xFF, 0xDF,
    0xF5, 0xFF, 0xFF, 0x6F, 0x00, 0xF6, 0x8F, 0x00, 0x00, 0x00, 0x00, 0x00, 0x00, 0x00, 0xFB, 0x7F,
    0xEB, 0xDE, 0x18, 0x30, 0xEA, 0xBE, 0x04, 0x00, 0xF6, 0x7F, 0x00, 0x00, 0x00, 0x00, 0x00, 0x00,
    0x00, 0xFB, 0x1F, 0x00, 0x00, 0x00, 0x00, 0x00, 0x00, 0x00, 0x00, 0xF5, 0x8F, 0x00, 0x00, 0x00,
    0x00, 0x00, 0x00, 0x00, 0xFD, 0x0F, 0x00, 0x00, 0x00, 0x00, 0x00, 0x00, 0x00, 0x00, 0xF4, 0xBF,
    0x00, 0x00, 0x00, 0x00, 0x00, 0x00, 0x10, 0xFF, 0x0D, 0x00, 0x00, 0x00, 0x00, 0x00, 0x00, 0x00,
    0x00, 0xF1, 0xFF, 0x01, 0x00, 0x00, 0x00, 0x00, 0x00, 0x70, 0xFF, 0x09, 0x00, 0x00, 0x00, 0x00,
    0x00, 0x00, 0x00, 0x00, 0xA0, 0xFF, 0x09, 0x00, 0x00, 0x00, 0x00, 0x00, 0xE3, 0xFF, 0x03, 0x00,
    0x00, 0x00, 0x00, 0x00, 0x00, 0x00, 0x00, 0x30, 0xFF, 0x7F, 0x00, 0x00, 0x00, 0x00, 0x40, 0xFE,
    0xAF, 0x00, 0x00, 0x00, 0x00, 0x00, 0x00, 0x00, 0x00, 0x00, 0x00, 0xF8, 0xFF, 0x5C, 0x02, 0x10,
    0x63, 0xFB, 0xFF, 0x1D, 0x00, 0x00, 0x00, 0x00, 0x00, 0x00, 0x00, 0x00, 0x00, 0x00, 0x90, 0xFF,
    0xFF, 0xFF, 0xFF, 0xFF, 0xFF, 0xCF, 0x02, 0x00, 0x00, 0x00, 0x00, 0x00, 0x00, 0x00, 0x00, 0x00,
    0x00, 0x00, 0xE6, 0xFF, 0xFF, 0xFF, 0xFF, 0xEF, 0x06, 0x00, 0x00, 0x00, 0x00, 0x00, 0x00, 0x00,
    0x00, 0x00, 0x00, 0x00, 0x00, 0x10, 0xA6, 0xDC, 0xDD, 0x8B, 0x05, 0x00, 0x00, 0x00, 0x00, 0x00,
    0x00, 0x00, 0x00, 0x00, 0x00, 0x00,
    // Unicode: [0xFEB6, uniFEB6]
    0x00, 0x00, 0x00, 0x00, 0x00, 0x00, 0x00, 0x00, 0x00, 0x00, 0x00, 0x00, 0x00, 0x10, 0x18, 0x00,
    0x00, 0x00, 0x00, 0x00, 0x00, 0x00, 0x00, 0x00, 0x00, 0x00, 0x00, 0x00, 0x00, 0x00, 0x00, 0x00,
    0x00, 0x00, 0x00, 0xB1, 0xBF, 0x01, 0x00, 0x00, 0x00, 0x00, 0x00, 0x00, 0x00, 0x00, 0x00, 0x00,
    0x00, 0x00, 0x00, 0x00, 0x00, 0x00, 0x00, 0x00, 0x00, 0xF6, 0xFF, 0x07, 0x00, 0x00, 0x00, 0x00,
    0x00, 0x00, 0x00, 0x00, 0x00, 0x00, 0x00, 0x00, 0x00, 0x00, 0x00, 0x00, 0x00, 0x00, 0x00, 0x80,
    0x9F, 0x00, 0x00, 0x00, 0x00, 0x00, 0x00, 0x00, 0x00, 0x00, 0x00, 0x00, 0x00, 0x00, 0x00, 0x00,
    0x00, 0x00, 0x00, 0x00, 0x41, 0x00, 0x05, 0x40, 0x00, 0x00, 0x00, 0x00, 0x00, 0x00, 0x00, 0x00,
    0x00, 0x00, 0x00, 0x00, 0x00, 0x00, 0x00, 0x00, 0x00, 0x10, 0xFC, 0x05, 0x00, 0xF7, 0x0A, 0x00,
    0x00, 0x00, 0x00, 0x00, 0x00, 0x00, 0x00, 0x00, 0x00, 0x00, 0x00, 0x00, 0x00, 0x00, 0x00, 0xC1,
    0xFF, 0x4F, 0x60, 0xFF, 0xAF, 0x00, 0x00, 0x00, 0x00, 0x00, 0x00, 0x00, 0x00, 0x00, 0x00, 0x00,
    0x00, 0x00, 0x00, 0x00, 0x00, 0x70, 0xFF, 0x1C, 0x20, 0xFE, 0x6F, 0x00, 0x00, 0x00, 0x00, 0x00,
    0x00, 0x00, 0x00, 0x00, 0x00, 0x00, 0x00, 0x00, 0x00, 0x00, 0x00, 0x00, 0xC7, 0x01, 0x00, 0xD2,
    0x06, 0x00, 0x00, 0x00, 0x00, 0x00, 0x00, 0x00, 0x00, 0x00, 0x00, 0x00, 0x00, 0x00, 0x00, 0x00,
    0x00, 0x00, 0x10, 0x00, 0x00, 0x10, 0x00, 0x00, 0x00, 0x00, 0x00, 0x00, 0x00, 0x00, 0x00, 0x00,
    0x00, 0x00, 0x00, 0x00, 0x00, 0x00, 0x00, 0x00, 0x00, 0x00, 0x00, 0x00, 0x00, 0x00, 0x00, 0x00,
    0x00, 0x00, 0x00, 0x00, 0x00, 0x00, 0x00, 0x00, 0x00, 0x00, 0x00, 0x00, 0x00, 0x00, 0x00, 0x00,
    0x00, 0x00, 0x00, 0x00, 0x00, 0x00, 0x00, 0x00, 0x00, 0x00, 0x00, 0x00, 0x00, 0x00, 0x00, 0x00,
    0x00, 0x00, 0x00, 0x00, 0x00, 0x00, 0x00, 0x00, 0x00, 0xA8, 0x1B, 0x00, 0x00, 0x00, 0x00, 0x00,
    0x00, 0x00, 0x00, 0x00, 0x00, 0x00, 0x00, 0x34, 0x00, 0x00, 0x00, 0x70, 0x56, 0x00, 0x00, 0xFB,
    0x2F, 0x00, 0x00, 0x00, 0x00, 0x30, 0x00, 0x00, 0x00, 0x00, 0x00, 0x00, 0x91, 0xAF, 0x00, 0x00,
    0x00, 0xF0, 0xFF, 0x00, 0x00, 0xFB, 0x5F, 0x00, 0x00, 0x00, 0x00, 0xF5, 0x07, 0x00, 0x00, 0x00,
    0x00, 0x00, 0xE1, 0xFF, 0x01, 0x00, 0x00, 0xF1, 0xEF, 0x00, 0x00, 0xFC, 0x8F, 0x00, 0x00, 0x00,
    0x00, 0xFD, 0x5F, 0x00, 0x00, 0x00, 0x00, 0x00, 0x90, 0xFF, 0x06, 0x00, 0x00, 0xF2, 0xEF, 0x00,
    0x00, 0xFD, 0xCF, 0x00, 0x00, 0x00, 0x40, 0xFF, 0x0D, 0x00, 0x00, 0x00, 0x00, 0x00, 0x40, 0xFF,
    0x0D, 0x00, 0x00, 0xF5, 0xFF, 0x00, 0x10, 0xFF, 0xFF, 0x03, 0x00, 0x00, 0x90, 0xFF, 0x07, 0x00,
    0x00, 0x00, 0x00, 0x00, 0x00, 0xFF, 0x5F, 0x00, 0x00, 0xFA, 0xFF, 0x04, 0x60, 0xFF, 0xFF, 0x0B,
    0x00, 0x00, 0xD0, 0xFF, 0x02, 0x00, 0x00, 0x00, 0x00, 0x00, 0x00, 0xFD, 0xEF, 0x05, 0x60, 0xFF,
    0xFF, 0x0B, 0xD2, 0xFF, 0xFF, 0x9F, 0x01, 0x00, 0xF2, 0xEF, 0x00, 0x00, 0x00, 0x00, 0x00, 0x00,
    0x00, 0xFA, 0xFF, 0xFF, 0xFE, 0xFF, 0xFF, 0xEF, 0xFF, 0xDF, 0xF7, 0xFF, 0xDF, 0x04, 0xF4, 0xAF,
    0x00, 0x00, 0x00, 0x00, 0x00, 0x00, 0x00, 0xFA, 0xFF, 0xFF, 0xFF, 0xDF, 0xE5, 0xFF, 0xFF, 0x3E,
    0x80, 0xFF, 0xFF, 0x0B, 0xF6, 0x9F, 0x00, 0x00, 0x00, 0x00, 0x00, 0x00, 0x00, 0xFA, 0x7F, 0xEB,
    0xCE, 0x18, 0x20, 0xEA, 0xAE, 0x02, 0x00, 0xB4, 0xEE, 0x06, 0xF6, 0x8F, 0x00, 0x00, 0x00, 0x00,
    0x00, 0x00, 0x00, 0xFA, 0x2F, 0x00, 0x00, 0x00, 0x00, 0x00, 0x00, 0x00, 0x00, 0x00, 0x00, 0x00,
    0xF5, 0x9F, 0x00, 0x00, 0x00, 0x00, 0x00, 0x00, 0x00, 0xFD, 0x1F, 0x00, 0x00, 0x00, 0x00, 0x00,
    0x00, 0x00, 0x00, 0x00, 0x00, 0x00, 0xF3, 0xBF, 0x00, 0x00, 0x00, 0x00, 0x00, 0x00, 0x10, 0xFF,
    0x0D, 0x00, 0x00, 0x00, 0x00, 0x00, 0x00, 0x00, 0x00, 0x00, 0x00, 0x00, 0xF0, 0xFF, 0x01, 0x00,
    0x00, 0x00, 0x00, 0x00, 0x70, 0xFF, 0x09, 0x00, 0x00, 0x00, 0x00, 0x00, 0x00, 0x00, 0x00, 0x00,
    0x00, 0x00, 0xA0, 0xFF, 0x09, 0x00, 0x00, 0x00, 0x00, 0x00, 0xE2, 0xFF, 0x04, 0x00, 0x00, 0x00,
    0x00, 0x00, 0x00, 0x00, 0x00, 0x00, 0x00, 0x00, 0x30, 0xFF, 0x7F, 0x00, 0x00, 0x00, 0x00, 0x40,
    0xFE, 0xBF, 0x00, 0x00, 0x00, 0x00, 0x00, 0x00, 0x00, 0x00, 0x00, 0x00, 0x00, 0x00, 0x00, 0xF8,
    0xFF, 0x5C, 0x02, 0x10, 0x63, 0xFB, 0xFF, 0x1D, 0x00, 0x00, 0x00, 0x00, 0x00, 0x00, 0x00, 0x00,
    0x00, 0x00, 0x00, 0x00, 0x00, 0x90, 0xFF, 0xFF, 0xFF, 0xFF, 0xFF, 0xFF, 0xCF, 0x02, 0x00, 0x00,
    0x00, 0x00, 0x00, 0x00, 0x00, 0x00, 0x00, 0x00, 0x00, 0x00, 0x00, 0x00, 0xE6, 0xFF, 0xFF, 0xFF,
    0xFF, 0xEF, 0x17, 0x00, 0x00, 0x00, 0x00, 0x00, 0x00, 0x00, 0x00, 0x00, 0x00, 0x00, 0x00, 0x00,
    0x00, 0x00, 0x00, 0x95, 0xDC, 0xCD, 0x9B, 0x15, 0x00, 0x00, 0x00, 0x00, 0x00, 0x00, 0x00, 0x00,
    0x00, 0x00, 0x00, 0x00, 0x00, 0x00,
    // Unicode: [0xFEB7, uniFEB7]
    0x00, 0x00, 0x00, 0x00, 0x00, 0x00, 0x00, 0x10, 0x00, 0x00, 0x00, 0x00, 0x00, 0x00, 0x00, 0x00,
    0x00, 0x00, 0x00, 0x00, 0xE3, 0x04, 0x00, 0x00, 0x00, 0x00, 0x00, 0x00, 0x00, 0x00, 0x00, 0x00,
    0x30, 0xFE, 0x4F, 0x00, 0x00, 0x00, 0x00, 0x00, 0x00, 0x00, 0x00, 0x00, 0x00, 0x30, 0xFE, 0x4E,
    0x00, 0x00, 0x00, 0x00, 0x00, 0x00, 0x00, 0x00, 0x00, 0x00, 0x00, 0xD3, 0x04, 0x00, 0x00, 0x00,
    0x00, 0x00, 0x00, 0x00, 0x00, 0x00, 0x50, 0x0A, 0x00, 0x10, 0x3B, 0x00, 0x00, 0x00, 0x00, 0x00,
    0x00, 0x00, 0x00, 0xF4, 0xBF, 0x00, 0xC1, 0xEF, 0x03, 0x00, 0x00, 0x00, 0x00, 0x00, 0x00, 0x00,
    0xFD, 0xFF, 0x05, 0xF7, 0xFF, 0x0C, 0x00, 0x00, 0x00, 0x00, 0x00, 0x00, 0x00, 0xD2, 0x8F, 0x00,
    0x90, 0xDF, 0x02, 0x00, 0x00, 0x00, 0x00, 0x00, 0x00, 0x00, 0x20, 0x07, 0x00, 0x00, 0x28, 0x00,
    0x00, 0x00, 0x00, 0x00, 0x00, 0x00, 0x00, 0x00, 0x00, 0x00, 0x00, 0x00, 0x00, 0x00, 0x00, 0x00,
    0x00, 0x00, 0x00, 0x00, 0x00, 0x00, 0x00, 0x00, 0x00, 0x20, 0x03, 0x00, 0x00, 0x00, 0x00, 0x00,
    0x00, 0x00, 0x00, 0x00, 0x00, 0x10, 0xF8, 0x0B, 0x00, 0x00, 0x00, 0x00, 0x00, 0x00, 0x00, 0x00,
    0x00, 0x00, 0x10, 0xFE, 0x3F, 0x00, 0x00, 0x00, 0x00, 0x20, 0x00, 0x00, 0x00, 0x80, 0x47, 0x00,
    0xF8, 0x9F, 0x00, 0x00, 0x00, 0x00, 0xD0, 0xCF, 0x01, 0x00, 0xF1, 0xDF, 0x00, 0xF3, 0xEF, 0x00,
    0x00, 0x00, 0x00, 0xF2, 0xCF, 0x00, 0x00, 0xF4, 0xBF, 0x00, 0xD0, 0xFF, 0x03, 0x00, 0x00, 0x00,
    0xF7, 0x8F, 0x00, 0x00, 0xF8, 0x8F, 0x00, 0x90, 0xFF, 0x06, 0x00, 0x00, 0x00, 0xFD, 0x5F, 0x00,
    0x00, 0xFD, 0x7F, 0x00, 0x60, 0xFF, 0x08, 0x00, 0x00, 0x50, 0xFF, 0x3F, 0x00, 0x50, 0xFF, 0x7F,
    0x00, 0x40, 0xFF, 0x09, 0x00, 0x00, 0xE2, 0xFF, 0x3F, 0x00, 0xD1, 0xFF, 0x9F, 0x00, 0x60, 0xFF,
    0x08, 0x00, 0x62, 0xFE, 0xFF, 0xBF, 0x32, 0xFC, 0xFF, 0xEF, 0x02, 0xD2, 0xFF, 0x05, 0xD1, 0xFF,
    0xFF, 0xFE, 0xFF, 0xFF, 0xFF, 0xEF, 0xFF, 0xEF, 0xFF, 0xEF, 0x01, 0xF5, 0xFF, 0xEF, 0x93, 0xFF,
    0xFF, 0xFF, 0x45, 0xFE, 0xFF, 0xFF, 0x4E, 0x00, 0xC1, 0xDF, 0x18, 0x00, 0xC6, 0xEE, 0x29, 0x00,
    0xA3, 0xFE, 0x9D, 0x02, 0x00,
    // Unicode: [0xFEB8, uniFEB8]
    0x00, 0x00, 0x00, 0x00, 0x00, 0x00, 0x00, 0x00, 0x13, 0x00, 0x00, 0x00, 0x00, 0x00, 0x00, 0x00,
    0x00, 0x00, 0x00, 0x00, 0x00, 0x00, 0x00, 0x30, 0xCE, 0x01, 0x00, 0x00, 0x00, 0x00, 0x00, 0x00,
    0x00, 0x00, 0x00, 0x00, 0x00, 0x00, 0x00, 0xE1, 0xFF, 0x0C, 0x00, 0x00, 0x00, 0x00, 0x00, 0x00,
    0x00, 0x00, 0x00, 0x00, 0x00, 0x00, 0x00, 0x60, 0xEF, 0x04, 0x00, 0x00, 0x00, 0x00, 0x00, 0x00,
    0x00, 0x00, 0x00, 0x00, 0x00, 0x00, 0x20, 0x00, 0x46, 0x10, 0x01, 0x00, 0x00, 0x00, 0x00, 0x00,
    0x00, 0x00, 0x00, 0x00, 0x00, 0x00, 0xF5, 0x06, 0x00, 0xC1, 0x1B, 0x00, 0x00, 0x00, 0x00, 0x00,
    0x00, 0x00, 0x00, 0x00, 0x00, 0x50, 0xFF, 0x6F, 0x10, 0xFC, 0xBF, 0x01, 0x00, 0x00, 0x00, 0x00,
    0x00, 0x00, 0x00, 0x00, 0x00, 0x60, 0xFF, 0x7F, 0x10, 0xFD, 0xDF, 0x01, 0x00, 0x00, 0x00, 0x00,
    0x00, 0x00, 0x00, 0x00, 0x00, 0x00, 0xF6, 0x08, 0x00, 0xD2, 0x2D, 0x00, 0x00, 0x00, 0x00, 0x00,
    0x00, 0x00, 0x00, 0x00, 0x00, 0x00, 0x30, 0x00, 0x00, 0x20, 0x02, 0x00, 0x00, 0x00, 0x00, 0x00,
    0x00, 0x00, 0x00, 0x00, 0x00, 0x00, 0x00, 0x00, 0x00, 0x00, 0x00, 0x00, 0x00, 0x00, 0x00, 0x00,
    0x00, 0x00, 0x00, 0x00, 0x00, 0x00, 0x00, 0x00, 0x00, 0x00, 0x00, 0x00, 0x00, 0x00, 0x00, 0x00,
    0x00, 0x00, 0x00, 0x00, 0x00, 0x00, 0x00, 0x00, 0x00, 0x00, 0x00, 0x00, 0x00, 0x00, 0x00, 0x00,
    0x00, 0x00, 0x00, 0x40, 0x14, 0x00, 0x00, 0x70, 0x47, 0x00, 0x00, 0xA7, 0x1B, 0x00, 0x00, 0x00,
    0x00, 0x00, 0x00, 0xC0, 0xFF, 0x03, 0x00, 0xD0, 0xFF, 0x01, 0x00, 0xFC, 0x2F, 0x00, 0x00, 0x00,
    0x00, 0x00, 0x00, 0xF2, 0xFF, 0x00, 0x00, 0xF2, 0xEF, 0x00, 0x00, 0xFB, 0x4F, 0x00, 0x00, 0x00,
    0x00, 0x00, 0x00, 0xF8, 0xCF, 0x00, 0x00, 0xF7, 0xDF, 0x00, 0x00, 0xFC, 0x8F, 0x00, 0x00, 0x00,
    0x00, 0x00, 0x10, 0xFE, 0xBF, 0x00, 0x00, 0xFC, 0xCF, 0x00, 0x00, 0xFD, 0xCF, 0x00, 0x00, 0x00,
    0x00, 0x00, 0x90, 0xFF, 0xAF, 0x00, 0x40, 0xFF, 0xDF, 0x00, 0x10, 0xFF, 0xFF, 0x03, 0x00, 0x00,
    0x00, 0x00, 0xF5, 0xFF, 0xBF, 0x00, 0xC0, 0xFF, 0xFF, 0x01, 0x50, 0xFF, 0xFF, 0x0A, 0x00, 0x00,
    0x00, 0x60, 0xFF, 0xFF, 0xEF, 0x01, 0xF9, 0xFF, 0xFF, 0x08, 0xD1, 0xFF, 0xFF, 0x8F, 0x00, 0x00,
    0xB1, 0xFE, 0xFF, 0xBB, 0xFF, 0xEE, 0xFF, 0x9F, 0xFF, 0xEF, 0xFF, 0xDF, 0xF7, 0xFF, 0xCE, 0x04,
    0xF6, 0xFF, 0xBF, 0x31, 0xFE, 0xFF, 0xFF, 0x07, 0xF8, 0xFF, 0xFF, 0x3E, 0x90, 0xFF, 0xFF, 0x0B,
    0xD2, 0xCE, 0x06, 0x00, 0xA3, 0xEE, 0x4B, 0x00, 0x60, 0xFC, 0xAE, 0x02, 0x00, 0xB5, 0xEE, 0x05,
    // Unicode: [0xFEB9, uni0635]
    0x00, 0x00, 0x00, 0x00, 0x00, 0x00, 0x00, 0x00, 0x00, 0x00, 0x00, 0x00, 0x00, 0x00, 0x50, 0xDA,
    0xEF, 0x7C, 0x01, 0x00, 0x00, 0x00, 0x00, 0x00, 0x00, 0x00, 0x00, 0x00, 0x00, 0x00, 0x00, 0x00,
    0x00, 0x50, 0xFD, 0xFF, 0xFF, 0xFF, 0x3D, 0x00, 0x00, 0x00, 0x00, 0x00, 0x00, 0x00, 0x00, 0x00,
    0x00, 0x00, 0x00, 0x00, 0x10, 0xFA, 0xFF, 0xFF, 0xFF, 0xFF, 0xEF, 0x02, 0x00, 0x00, 0x00, 0x00,
    0x00, 0x00, 0x00, 0x00, 0xB5, 0x0B, 0x00, 0x00, 0xC1, 0xFF, 0xDF, 0x37, 0x20, 0xE6, 0xFF, 0x0A,
    0x00, 0x00, 0x00, 0x00, 0x00, 0x00, 0x00, 0x10, 0xFF, 0x3F, 0x00, 0x00, 0xFB, 0xFF, 0x18, 0x00,
    0x00, 0x30, 0xFF, 0x1F, 0x00, 0xB7, 0x02, 0x00, 0x00, 0x00, 0x00, 0x00, 0xFA, 0xCF, 0x00, 0x80,
    0xFF, 0x5F, 0x00, 0x00, 0x00, 0x00, 0xFB, 0x2F, 0x00, 0xFE, 0x2F, 0x00, 0x00, 0x00, 0x00, 0x00,
    0xF5, 0xFF, 0x06, 0xF4, 0xFF, 0x05, 0x00, 0x00, 0x00, 0x00, 0xFC, 0x1F, 0x50, 0xFF, 0x0B, 0x00,
    0x00, 0x00, 0x00, 0x00, 0xF1, 0xFF, 0x4E, 0xFD, 0x8F, 0x00, 0x00, 0x00, 0x00, 0x40, 0xFF, 0x0D,
    0xA0, 0xFF, 0x05, 0x00, 0x00, 0x00, 0x00, 0x00, 0xD0, 0xFF, 0xFF, 0xFF, 0x0D, 0x00, 0x00, 0x00,
    0x00, 0xE4, 0xFF, 0x07, 0xE0, 0xFF, 0x01, 0x00, 0x00, 0x00, 0x00, 0x00, 0xA0, 0xFF, 0xFF, 0xFF,
    0x4B, 0x02, 0x00, 0x20, 0xB6, 0xFF, 0xCF, 0x01, 0xF3, 0xBF, 0x00, 0x00, 0x00, 0x00, 0x00, 0x00,
    0x70, 0xFF, 0xFE, 0xFF, 0xFF, 0xFF, 0xEE, 0xFF, 0xFF, 0xFF, 0x2C, 0x00, 0xF6, 0x8F, 0x00, 0x00,
    0x00, 0x00, 0x00, 0x00, 0x60, 0xFF, 0x47, 0xFB, 0xFF, 0xFF, 0xFF, 0xFF, 0xFF, 0x8E, 0x01, 0x00,
    0xF8, 0x6F, 0x00, 0x00, 0x00, 0x00, 0x00, 0x00, 0x60, 0xFF, 0x07, 0x20, 0xA7, 0xDC, 0xFE, 0xCE,
    0x59, 0x01, 0x00, 0x00, 0xF9, 0x5F, 0x00, 0x00, 0x00, 0x00, 0x00, 0x00, 0x80, 0xFF, 0x06, 0x00,
    0x00, 0x00, 0x00, 0x00, 0x00, 0x00, 0x00, 0x00, 0xF8, 0x5F, 0x00, 0x00, 0x00, 0x00, 0x00, 0x00,
    0xC0, 0xFF, 0x03, 0x00, 0x00, 0x00, 0x00, 0x00, 0x00, 0x00, 0x00, 0x00, 0xF6, 0x8F, 0x00, 0x00,
    0x00, 0x00, 0x00, 0x00, 0xF3, 0xEF, 0x00, 0x00, 0x00, 0x00, 0x00, 0x00, 0x00, 0x00, 0x00, 0x00,
    0xF2, 0xEF, 0x01, 0x00, 0x00, 0x00, 0x00, 0x00, 0xFC, 0x8F, 0x00, 0x00, 0x00, 0x00, 0x00, 0x00,
    0x00, 0x00, 0x00, 0x00, 0xC0, 0xFF, 0x1B, 0x00, 0x00, 0x00, 0x00, 0xA1, 0xFF, 0x1E, 0x00, 0x00,
    0x00, 0x00, 0x00, 0x00, 0x00, 0x00, 0x00, 0x00, 0x30, 0xFF, 0xEF, 0x38, 0x01, 0x00, 0x72, 0xFE,
    0xFF, 0x05, 0x00, 0x00, 0x00, 0x00, 0x00, 0x00, 0x00, 0x00, 0x00, 0x00, 0x00, 0xF6, 0xFF, 0xFF,
    0xEF, 0xFE, 0xFF, 0xFF, 0x6F, 0x00, 0x00, 0x00, 0x00, 0x00, 0x00, 0x00, 0x00, 0x00, 0x00, 0x00,
    0x00, 0x40, 0xFC, 0xFF, 0xFF, 0xFF, 0xFF, 0xCF, 0x03, 0x00, 0x00, 0x00, 0x00, 0x00, 0x00, 0x00,
    0x00, 0x00, 0x00, 0x00, 0x00, 0x00, 0x30, 0xB8, 0xFD, 0xEF, 0x9C, 0x04, 0x00, 0x00, 0x00, 0x00,
    0x00, 0x00, 0x00, 0x00, 0x00, 0x00, 0x00, 0x00,
    // Unicode: [0xFEBA, uniFEBA]
    0x00, 0x00, 0x00, 0x00, 0x00, 0x00, 0x00, 0x00, 0x00, 0x00, 0x00, 0x00, 0x00, 0x00, 0x00, 0x41,
    0x77, 0x26, 0x00, 0x00, 0x00, 0x00, 0x00, 0x00, 0x00, 0x00, 0x00, 0x00, 0x00, 0x00, 0x00, 0x00,
    0x00, 0x00, 0x00, 0x00, 0x92, 0xFF, 0xFF, 0xFF, 0x2B, 0x00, 0x00, 0x00, 0x00, 0x00, 0x00, 0x00,
    0x00, 0x00, 0x00, 0x00, 0x00, 0x00, 0x00, 0x00, 0x00, 0x80, 0xFF, 0xFF, 0xFF, 0xFF, 0xEF, 0x02,
    0x00, 0x00, 0x00, 0x00, 0x00, 0x00, 0x00, 0x00, 0x00, 0x00, 0x10, 0x17, 0x00, 0x00, 0x10, 0xFB,
    0xFF, 0xCF, 0x88, 0xFB, 0xFF, 0x0D, 0x00, 0x00, 0x00, 0x00, 0x00, 0x00, 0x00, 0x00, 0x00, 0x00,
    0xF7, 0x7F, 0x00, 0x00, 0xC1, 0xFF, 0xBF, 0x03, 0x00, 0x40, 0xFE, 0x5F, 0x00, 0x00, 0x00, 0x60,
    0x01, 0x00, 0x00, 0x00, 0x00, 0x00, 0xF6, 0xEF, 0x01, 0x00, 0xFA, 0xFF, 0x07, 0x00, 0x00, 0x00,
    0xF7, 0x9F, 0x00, 0x00, 0x00, 0xF4, 0x4D, 0x00, 0x00, 0x00, 0x00, 0x00, 0xF1, 0xFF, 0x09, 0x60,
    0xFF, 0x6F, 0x00, 0x00, 0x00, 0x00, 0xF4, 0x9F, 0x00, 0x00, 0x00, 0xFA, 0x7F, 0x00, 0x00, 0x00,
    0x00, 0x00, 0xB0, 0xFF, 0x4F, 0xE2, 0xFF, 0x09, 0x00, 0x00, 0x00, 0x00, 0xF7, 0x7F, 0x00, 0x00,
    0x10, 0xFF, 0x1F, 0x00, 0x00, 0x00, 0x00, 0x00, 0x70, 0xFF, 0xEF, 0xFC, 0xDF, 0x00, 0x00, 0x00,
    0x00, 0x10, 0xFD, 0x2F, 0x00, 0x00, 0x60, 0xFF, 0x0A, 0x00, 0x00, 0x00, 0x00, 0x00, 0x40, 0xFF,
    0xFF, 0xFF, 0x4F, 0x00, 0x00, 0x00, 0x00, 0xC2, 0xFF, 0x2D, 0x00, 0x00, 0x90, 0xFF, 0x05, 0x00,
    0x00, 0x00, 0x00, 0x00, 0x10, 0xFF, 0xFF, 0xFF, 0x8E, 0x24, 0x01, 0x21, 0xA5, 0xFF, 0xFF, 0xFF,
    0xBE, 0x01, 0xD0, 0xFF, 0x02, 0x00, 0x00, 0x00, 0x00, 0x00, 0x00, 0xFF, 0xCF, 0xFF, 0xFF, 0xFF,
    0xFF, 0xFF, 0xFF, 0xFF, 0xFE, 0xFF, 0xFF, 0x06, 0xF0, 0xEF, 0x00, 0x00, 0x00, 0x00, 0x00, 0x00,
    0x00, 0xFE, 0x0F, 0xD6, 0xFF, 0xFF, 0xFF, 0xFF, 0xFF, 0x7E, 0x41, 0xD9, 0xDE, 0x02, 0xF1, 0xCF,
    0x00, 0x00, 0x00, 0x00, 0x00, 0x00, 0x00, 0xFF, 0x0E, 0x00, 0x73, 0xB9, 0xDC, 0xCD, 0x59, 0x00,
    0x00, 0x00, 0x00, 0x00, 0xF1, 0xCF, 0x00, 0x00, 0x00, 0x00, 0x00, 0x00, 0x20, 0xFF, 0x0C, 0x00,
    0x00, 0x00, 0x00, 0x00, 0x00, 0x00, 0x00, 0x00, 0x00, 0x00, 0xF0, 0xDF, 0x00, 0x00, 0x00, 0x00,
    0x00, 0x00, 0x70, 0xFF, 0x09, 0x00, 0x00, 0x00, 0x00, 0x00, 0x00, 0x00, 0x00, 0x00, 0x00, 0x00,
    0xD0, 0xFF, 0x03, 0x00, 0x00, 0x00, 0x00, 0x00, 0xD0, 0xFF, 0x04, 0x00, 0x00, 0x00, 0x00, 0x00,
    0x00, 0x00, 0x00, 0x00, 0x00, 0x00, 0x80, 0xFF, 0x0B, 0x00, 0x00, 0x00, 0x00, 0x00, 0xFA, 0xCF,
    0x00, 0x00, 0x00, 0x00, 0x00, 0x00, 0x00, 0x00, 0x00, 0x00, 0x00, 0x00, 0x20, 0xFE, 0xBF, 0x02,
    0x00, 0x00, 0x00, 0xB2, 0xFF, 0x4F, 0x00, 0x00, 0x00, 0x00, 0x00, 0x00, 0x00, 0x00, 0x00, 0x00,
    0x00, 0x00, 0x00, 0xF5, 0xFF, 0xBF, 0x68, 0x55, 0xB7, 0xFF, 0xFF, 0x06, 0x00, 0x00, 0x00, 0x00,
    0x00, 0x00, 0x00, 0x00, 0x00, 0x00, 0x00, 0x00, 0x00, 0x50, 0xFE, 0xFF, 0xFF, 0xFF, 0xFF, 0xFF,
    0x6E, 0x00, 0x00, 0x00, 0x00, 0x00, 0x00, 0x00, 0x00, 0x00, 0x00, 0x00, 0x00, 0x00, 0x00, 0x00,
    0x92, 0xFE, 0xFF, 0xFF, 0xFF, 0x8E, 0x02, 0x00, 0x00, 0x00, 0x00, 0x00, 0x00, 0x00, 0x00, 0x00,
    0x00, 0x00, 0x00, 0x00, 0x00, 0x00, 0x00, 0x30, 0x75, 0x77, 0x36, 0x00, 0x00, 0x00, 0x00, 0x00,
    0x00, 0x00, 0x00, 0x00, 0x00, 0x00, 0x00, 0x00, 0x00, 0x00,
    // Unicode: [0xFEBB, uniFEBB]
    0x00, 0x00, 0x00, 0x00, 0x00, 0x00, 0x00, 0x00, 0x00, 0x72, 0xDB, 0xCE, 0x28, 0x00, 0x00, 0x00,
    0x00, 0x00, 0x00, 0x00, 0x00, 0x00, 0x00, 0xA1, 0xFF, 0xFF, 0xFF, 0xEF, 0x05, 0x00, 0x00, 0x00,
    0x00, 0x80, 0x49, 0x00, 0x00, 0x40, 0xFE, 0xFF, 0x8C, 0xC8, 0xFF, 0x5F, 0x00, 0x00, 0x00, 0x00,
    0xD0, 0xFF, 0x02, 0x00, 0xF6, 0xFF, 0x3B, 0x00, 0x00, 0xF6, 0xEF, 0x01, 0x00, 0x00, 0x00, 0xF1,
    0xEF, 0x00, 0x50, 0xFF, 0x7F, 0x00, 0x00, 0x00, 0x90, 0xFF, 0x05, 0x00, 0x00, 0x00, 0xF4, 0xCF,
    0x00, 0xF3, 0xFF, 0x06, 0x00, 0x00, 0x00, 0x60, 0xFF, 0x08, 0x00, 0x00, 0x00, 0xF7, 0xCF, 0x00,
    0xFD, 0x8F, 0x00, 0x00, 0x00, 0x00, 0x80, 0xFF, 0x07, 0x00, 0x00, 0x00, 0xFC, 0xEF, 0x70, 0xFF,
    0x0C, 0x00, 0x00, 0x00, 0x00, 0xE2, 0xFF, 0x04, 0x00, 0x00, 0x40, 0xFF, 0xFF, 0xE5, 0xFF, 0x03,
    0x00, 0x00, 0x00, 0x50, 0xFD, 0xDF, 0x00, 0x00, 0x10, 0xE6, 0xFF, 0xFF, 0xFF, 0xAF, 0x00, 0x00,
    0x10, 0x74, 0xFC, 0xFF, 0x4F, 0x00, 0xB1, 0xFE, 0xFF, 0xAF, 0xFC, 0xFF, 0xEF, 0xEE, 0xEE, 0xFF,
    0xFF, 0xFF, 0xEF, 0x04, 0x00, 0xF6, 0xFF, 0xFF, 0x1B, 0xB1, 0xFF, 0xFF, 0xFF, 0xFF, 0xFF, 0xFF,
    0xEF, 0x18, 0x00, 0x00, 0xD2, 0xDF, 0x5A, 0x00, 0x00, 0x94, 0xDB, 0xFE, 0xEF, 0xCE, 0x8A, 0x03,
    0x00, 0x00, 0x00,
    // Unicode: [0xFEBC, uniFEBC]
    0x00, 0x00, 0x00, 0x00, 0x00, 0x00, 0x00, 0x00, 0x00, 0x00, 0x20, 0x12, 0x00, 0x00, 0x00, 0x00,
    0x00, 0x00, 0x00, 0x00, 0x00, 0x00, 0x00, 0x00, 0x00, 0xA5, 0xFE, 0xFF, 0x6C, 0x00, 0x00, 0x00,
    0x00, 0x00, 0x00, 0x00, 0x00, 0x00, 0x00, 0x00, 0xC3, 0xFF, 0xFF, 0xFF, 0xFF, 0x1A, 0x00, 0x00,
    0x00, 0x00, 0x00, 0x60, 0x49, 0x00, 0x00, 0x60, 0xFF, 0xFF, 0x9C, 0xB8, 0xFF, 0xAF, 0x00, 0x00,
    0x00, 0x00, 0x00, 0xB0, 0xFF, 0x03, 0x00, 0xF7, 0xFF, 0x3B, 0x00, 0x00, 0xE3, 0xFF, 0x04, 0x00,
    0x00, 0x00, 0x00, 0xE0, 0xFF, 0x01, 0x60, 0xFF, 0x8F, 0x00, 0x00, 0x00, 0x60, 0xFF, 0x09, 0x00,
    0x00, 0x00, 0x00, 0xF2, 0xEF, 0x00, 0xF3, 0xFF, 0x08, 0x00, 0x00, 0x00, 0x30, 0xFF, 0x0A, 0x00,
    0x00, 0x00, 0x00, 0xF6, 0xEF, 0x00, 0xFC, 0xAF, 0x00, 0x00, 0x00, 0x00, 0x60, 0xFF, 0x09, 0x00,
    0x00, 0x00, 0x00, 0xFB, 0xFF, 0x61, 0xFF, 0x1D, 0x00, 0x00, 0x00, 0x00, 0xD1, 0xFF, 0x06, 0x00,
    0x00, 0x00, 0x40, 0xFF, 0xFF, 0xD7, 0xFF, 0x05, 0x00, 0x00, 0x00, 0x40, 0xFD, 0xEF, 0x01, 0x00,
    0x00, 0x00, 0xE4, 0xFF, 0xFF, 0xFF, 0xCF, 0x00, 0x00, 0x10, 0x74, 0xFC, 0xFF, 0x6F, 0x00, 0x00,
    0xB1, 0xFE, 0xFF, 0xBF, 0xFA, 0xFF, 0xEF, 0xEE, 0xEE, 0xFF, 0xFF, 0xFF, 0xFF, 0xEF, 0xEE, 0x4D,
    0xF6, 0xFF, 0xFF, 0x1A, 0x90, 0xFF, 0xFF, 0xFF, 0xFF, 0xFF, 0xFF, 0xFF, 0xFF, 0xFF, 0xFF, 0xBF,
    0xD2, 0xDE, 0x4A, 0x00, 0x00, 0x83, 0xDB, 0xFE, 0xFF, 0xFF, 0xBE, 0xC9, 0xFE, 0xFF, 0xFF, 0x6E,
    // Unicode: [0xFEBD, uni0636]
    0x00, 0x00, 0x00, 0x00, 0x00, 0x00, 0x00, 0x00, 0x00, 0x00, 0x00, 0x00, 0x00, 0x00, 0x00, 0xB4,
    0x01, 0x00, 0x00, 0x00, 0x00, 0x00, 0x00, 0x00, 0x00, 0x00, 0x00, 0x00, 0x00, 0x00, 0x00, 0x00,
    0x00, 0x00, 0x40, 0xFF, 0x1C, 0x00, 0x00, 0x00, 0x00, 0x00, 0x00, 0x00, 0x00, 0x00, 0x00, 0x00,
    0x00, 0x00, 0x00, 0x00, 0x00, 0x00, 0xC0, 0xFF, 0x6F, 0x00, 0x00, 0x00, 0x00, 0x00, 0x00, 0x00,
    0x00, 0x00, 0x00, 0x00, 0x00, 0x00, 0x00, 0x00, 0x00, 0x00, 0x10, 0xFD, 0x08, 0x00, 0x00, 0x00,
    0x00, 0x00, 0x00, 0x00, 0x00, 0x00, 0x00, 0x00, 0x00, 0x00, 0x00, 0x00, 0x00, 0x00, 0x00, 0x71,
    0x00, 0x00, 0x00, 0x00, 0x00, 0x00, 0x00, 0x00, 0x00, 0x00, 0x00, 0x00, 0x00, 0x00, 0x00, 0x00,
    0x00, 0x00, 0x00, 0x00, 0x00, 0x00, 0x00, 0x00, 0x00, 0x00, 0x00, 0x00, 0x00, 0x00, 0x00, 0x00,
    0x00, 0x00, 0x00, 0x00, 0x00, 0x00, 0x00, 0x00, 0x00, 0x00, 0x00, 0x00, 0x00, 0x00, 0x00, 0x00,
    0x00, 0x00, 0x00, 0x00, 0x00, 0x00, 0x00, 0x00, 0x00, 0x00, 0x00, 0x00, 0x00, 0x00, 0x00, 0x00,
    0x00, 0x00, 0x00, 0x00, 0x00, 0x00, 0x00, 0x00, 0x00, 0x00, 0x00, 0x00, 0x00, 0x00, 0x50, 0xDA,
    0xEF, 0x7C, 0x01, 0x00, 0x00, 0x00, 0x00, 0x00, 0x00, 0x00, 0x00, 0x00, 0x00, 0x00, 0x00, 0x00,
    0x00, 0x50, 0xFD, 0xFF, 0xFF, 0xFF, 0x3D, 0x00, 0x00, 0x00, 0x00, 0x00, 0x00, 0x00, 0x00, 0x00,
    0x00, 0x00, 0x00, 0x00, 0x10, 0xFA, 0xFF, 0xFF, 0xFF, 0xFF, 0xEF, 0x02, 0x00, 0x00, 0x00, 0x00,
    0x00, 0x00, 0x00, 0x00, 0xB5, 0x0B, 0x00, 0x00, 0xC1, 0xFF, 0xDF, 0x37, 0x20, 0xE6, 0xFF, 0x0A,
    0x00, 0x00, 0x00, 0x00, 0x00, 0x00, 0x00, 0x10, 0xFF, 0x3F, 0x00, 0x00, 0xFB, 0xFF, 0x18, 0x00,
    0x00, 0x30, 0xFF, 0x1F, 0x00, 0xB7, 0x02, 0x00, 0x00, 0x00, 0x00, 0x00, 0xFA, 0xCF, 0x00, 0x80,
    0xFF, 0x5F, 0x00, 0x00, 0x00, 0x00, 0xFB, 0x2F, 0x00, 0xFE, 0x2F, 0x00, 0x00, 0x00, 0x00, 0x00,
    0xF5, 0xFF, 0x06, 0xF4, 0xFF, 0x05, 0x00, 0x00, 0x00, 0x00, 0xFC, 0x1F, 0x50, 0xFF, 0x0B, 0x00,
    0x00, 0x00, 0x00, 0x00, 0xF1, 0xFF, 0x4E, 0xFD, 0x8F, 0x00, 0x00, 0x00, 0x00, 0x40, 0xFF, 0x0D,
    0xA0, 0xFF, 0x05, 0x00, 0x00, 0x00, 0x00, 0x00, 0xD0, 0xFF, 0xFF, 0xFF, 0x0D, 0x00, 0x00, 0x00,
    0x00, 0xE4, 0xFF, 0x07, 0xE0, 0xFF, 0x01, 0x00, 0x00, 0x00, 0x00, 0x00, 0xA0, 0xFF, 0xFF, 0xFF,
    0x4B, 0x02, 0x00, 0x20, 0xB6, 0xFF, 0xCF, 0x01, 0xF3, 0xBF, 0x00, 0x00, 0x00, 0x00, 0x00, 0x00,
    0x70, 0xFF, 0xFE, 0xFF, 0xFF, 0xFF, 0xEE, 0xFF, 0xFF, 0xFF, 0x2C, 0x00, 0xF6, 0x8F, 0x00, 0x00,
    0x00, 0x00, 0x00, 0x00, 0x60, 0xFF, 0x47, 0xFB, 0xFF, 0xFF, 0xFF, 0xFF, 0xFF, 0x8E, 0x01, 0x00,
    0xF8, 0x6F, 0x00, 0x00, 0x00, 0x00, 0x00, 0x00, 0x60, 0xFF, 0x07, 0x20, 0xA7, 0xDC, 0xFE, 0xCE,
    0x59, 0x01, 0x00, 0x00, 0xF9, 0x5F, 0x00, 0x00, 0x00, 0x00, 0x00, 0x00, 0x80, 0xFF, 0x06, 0x00,
    0x00, 0x00, 0x00, 0x00, 0x00, 0x00, 0x00, 0x00, 0xF8, 0x5F, 0x00, 0x00, 0x00, 0x00, 0x00, 0x00,
    0xC0, 0xFF, 0x03, 0x00, 0x00, 0x00, 0x00, 0x00, 0x00, 0x00, 0x00, 0x00, 0xF6, 0x8F, 0x00, 0x00,
    0x00, 0x00, 0x00, 0x00, 0xF3, 0xEF, 0x00, 0x00, 0x00, 0x00, 0x00, 0x00, 0x00, 0x00, 0x00, 0x00,
    0xF2, 0xEF, 0x01, 0x00, 0x00, 0x00, 0x00, 0x00, 0xFC, 0x8F, 0x00, 0x00, 0x00, 0x00, 0x00, 0x00,
    0x00, 0x00, 0x00, 0x00, 0xC0, 0xFF, 0x1B, 0x00, 0x00, 0x00, 0x00, 0xA1, 0xFF, 0x1E, 0x00, 0x00,
    0x00, 0x00, 0x00, 0x00, 0x00, 0x00, 0x00, 0x00, 0x30, 0xFF, 0xEF, 0x38, 0x01, 0x00, 0x72, 0xFE,
    0xFF, 0x05, 0x00, 0x00, 0x00, 0x00, 0x00, 0x00, 0x00, 0x00, 0x00, 0x00, 0x00, 0xF6, 0xFF, 0xFF,
    0xEF, 0xFE, 0xFF, 0xFF, 0x6F, 0x00, 0x00, 0x00, 0x00, 0x00, 0x00, 0x00, 0x00, 0x00, 0x00, 0x00,
    0x00, 0x40, 0xFC, 0xFF, 0xFF, 0xFF, 0xFF, 0xCF, 0x03, 0x00, 0x00, 0x00, 0x00, 0x00, 0x00, 0x00,
    0x00, 0x00, 0x00, 0x00, 0x00, 0x00, 0x30, 0xB8, 0xFD, 0xEF, 0x9C, 0x04, 0x00, 0x00, 0x00, 0x00,
    0x00, 0x00, 0x00, 0x00, 0x00, 0x00, 0x00, 0x00,
    // Unicode: [0xFEBE, uniFEBE]
    0x00, 0x00, 0x00, 0x00, 0x00, 0x00, 0x00, 0x00, 0x00, 0x00, 0x00, 0x00, 0x00, 0x00, 0x00, 0x00,
    0x29, 0x00, 0x00, 0x00, 0x00, 0x00, 0x00, 0x00, 0x00, 0x00, 0x00, 0x00, 0x00, 0x00, 0x00, 0x00,
    0x00, 0x00, 0x00, 0x00, 0x00, 0xB0, 0xDF, 0x02, 0x00, 0x00, 0x00, 0x00, 0x00, 0x00, 0x00, 0x00,
    0x00, 0x00, 0x00, 0x00, 0x00, 0x00, 0x00, 0x00, 0x00, 0x00, 0x00, 0xF8, 0xFF, 0x0B, 0x00, 0x00,
    0x00, 0x00, 0x00, 0x00, 0x00, 0x00, 0x00, 0x00, 0x00, 0x00, 0x00, 0x00, 0x00, 0x00, 0x00, 0x00,
    0x00, 0xB1, 0xEF, 0x02, 0x00, 0x00, 0x00, 0x00, 0x00, 0x00, 0x00, 0x00, 0x00, 0x00, 0x00, 0x00,
    0x00, 0x00, 0x00, 0x00, 0x00, 0x00, 0x00, 0x10, 0x2A, 0x00, 0x00, 0x00, 0x00, 0x00, 0x00, 0x00,
    0x00, 0x00, 0x00, 0x00, 0x00, 0x00, 0x00, 0x00, 0x00, 0x00, 0x00, 0x00, 0x00, 0x00, 0x00, 0x00,
    0x00, 0x00, 0x00, 0x00, 0x00, 0x00, 0x00, 0x00, 0x00, 0x00, 0x00, 0x00, 0x00, 0x00, 0x00, 0x00,
    0x00, 0x00, 0x00, 0x00, 0x00, 0x00, 0x00, 0x00, 0x00, 0x00, 0x00, 0x00, 0x00, 0x00, 0x00, 0x00,
    0x00, 0x00, 0x00, 0x00, 0x00, 0x00, 0x00, 0x00, 0x00, 0x41, 0x77, 0x26, 0x00, 0x00, 0x00, 0x00,
    0x00, 0x00, 0x00, 0x00, 0x00, 0x00, 0x00, 0x00, 0x00, 0x00, 0x00, 0x00, 0x00, 0x00, 0x92, 0xFF,
    0xFF, 0xFF, 0x2B, 0x00, 0x00, 0x00, 0x00, 0x00, 0x00, 0x00, 0x00, 0x00, 0x00, 0x00, 0x00, 0x00,
    0x00, 0x00, 0x00, 0x80, 0xFF, 0xFF, 0xFF, 0xFF, 0xEF, 0x02, 0x00, 0x00, 0x00, 0x00, 0x00, 0x00,
    0x00, 0x00, 0x00, 0x00, 0x10, 0x17, 0x00, 0x00, 0x10, 0xFB, 0xFF, 0xCF, 0x88, 0xFB, 0xFF, 0x0D,
    0x00, 0x00, 0x00, 0x00, 0x00, 0x00, 0x00, 0x00, 0x00, 0x00, 0xF7, 0x7F, 0x00, 0x00, 0xC1, 0xFF,
    0xBF, 0x03, 0x00, 0x40, 0xFE, 0x5F, 0x00, 0x00, 0x00, 0x60, 0x01, 0x00, 0x00, 0x00, 0x00, 0x00,
    0xF6, 0xEF, 0x01, 0x00, 0xFA, 0xFF, 0x07, 0x00, 0x00, 0x00, 0xF7, 0x9F, 0x00, 0x00, 0x00, 0xF4,
    0x4D, 0x00, 0x00, 0x00, 0x00, 0x00, 0xF1, 0xFF, 0x09, 0x60, 0xFF, 0x6F, 0x00, 0x00, 0x00, 0x00,
    0xF4, 0x9F, 0x00, 0x00, 0x00, 0xFA, 0x7F, 0x00, 0x00, 0x00, 0x00, 0x00, 0xB0, 0xFF, 0x4F, 0xE2,
    0xFF, 0x09, 0x00, 0x00, 0x00, 0x00, 0xF7, 0x7F, 0x00, 0x00, 0x10, 0xFF, 0x1F, 0x00, 0x00, 0x00,
    0x00, 0x00, 0x70, 0xFF, 0xEF, 0xFC, 0xDF, 0x00, 0x00, 0x00, 0x00, 0x10, 0xFD, 0x2F, 0x00, 0x00,
    0x60, 0xFF, 0x0A, 0x00, 0x00, 0x00, 0x00, 0x00, 0x40, 0xFF, 0xFF, 0xFF, 0x4F, 0x00, 0x00, 0x00,
    0x00, 0xC2, 0xFF, 0x2D, 0x00, 0x00, 0x90, 0xFF, 0x05, 0x00, 0x00, 0x00, 0x00, 0x00, 0x10, 0xFF,
    0xFF, 0xFF, 0x8E, 0x24, 0x01, 0x21, 0xA5, 0xFF, 0xFF, 0xFF, 0xBE, 0x01, 0xD0, 0xFF, 0x02, 0x00,
    0x00, 0x00, 0x00, 0x00, 0x00, 0xFF, 0xCF, 0xFF, 0xFF, 0xFF, 0xFF, 0xFF, 0xFF, 0xFF, 0xFE, 0xFF,
    0xFF, 0x06, 0xF0, 0xEF, 0x00, 0x00, 0x00, 0x00, 0x00, 0x00, 0x00, 0xFE, 0x0F, 0xD6, 0xFF, 0xFF,
    0xFF, 0xFF, 0xFF, 0x7E, 0x41, 0xD9, 0xDE, 0x02, 0xF1, 0xCF, 0x00, 0x00, 0x00, 0x00, 0x00, 0x00,
    0x00, 0xFF, 0x0E, 0x00, 0x73, 0xB9, 0xDC, 0xCD, 0x59, 0x00, 0x00, 0x00, 0x00, 0x00, 0xF1, 0xCF,
    0x00, 0x00, 0x00, 0x00, 0x00, 0x00, 0x20, 0xFF, 0x0C, 0x00, 0x00, 0x00, 0x00, 0x00, 0x00, 0x00,
    0x00, 0x00, 0x00, 0x00, 0xF0, 0xDF, 0x00, 0x00, 0x00, 0x00, 0x00, 0x00, 0x70, 0xFF, 0x09, 0x00,
    0x00, 0x00, 0x00, 0x00, 0x00, 0x00, 0x00, 0x00, 0x00, 0x00, 0xD0, 0xFF, 0x03, 0x00, 0x00, 0x00,
    0x00, 0x00, 0xD0, 0xFF, 0x04, 0x00, 0x00, 0x00, 0x00, 0x00, 0x00, 0x00, 0x00, 0x00, 0x00, 0x00,
    0x80, 0xFF, 0x0B, 0x00, 0x00, 0x00, 0x00, 0x00, 0xFA, 0xCF, 0x00, 0x00, 0x00, 0x00, 0x00, 0x00,
    0x00, 0x00, 0x00, 0x00, 0x00, 0x00, 0x20, 0xFE, 0xBF, 0x02, 0x00, 0x00, 0x00, 0xB2, 0xFF, 0x4F,
    0x00, 0x00, 0x00, 0x00, 0x00, 0x00, 0x00, 0x00, 0x00, 0x00, 0x00, 0x00, 0x00, 0xF5, 0xFF, 0xBF,
    0x68, 0x55, 0xB7, 0xFF, 0xFF, 0x06, 0x00, 0x00, 0x00, 0x00, 0x00, 0x00, 0x00, 0x00, 0x00, 0x00,
    0x00, 0x00, 0x00, 0x50, 0xFE, 0xFF, 0xFF, 0xFF, 0xFF, 0xFF, 0x6E, 0x00, 0x00, 0x00, 0x00, 0x00,
    0x00, 0x00, 0x00, 0x00, 0x00, 0x00, 0x00, 0x00, 0x00, 0x00, 0x92, 0xFE, 0xFF, 0xFF, 0xFF, 0x8E,
    0x02, 0x00, 0x00, 0x00, 0x00, 0x00, 0x00, 0x00, 0x00, 0x00, 0x00, 0x00, 0x00, 0x00, 0x00, 0x00,
    0x00, 0x30, 0x75, 0x77, 0x36, 0x00, 0x00, 0x00, 0x00, 0x00, 0x00, 0x00, 0x00, 0x00, 0x00, 0x00,
    0x00, 0x00, 0x00, 0x00,
    // Unicode: [0xFEBF, uniFEBF]
    0x00, 0x00, 0x00, 0x00, 0x00, 0x00, 0x00, 0x00, 0x00, 0x00, 0xBB, 0x00, 0x00, 0x00, 0x00, 0x00,
    0x00, 0x00, 0x00, 0x00, 0x00, 0x00, 0x00, 0x00, 0xB0, 0xFF, 0x0B, 0x00, 0x00, 0x00, 0x00, 0x00,
    0x00, 0x00, 0x00, 0x00, 0x00, 0x00, 0x00, 0xD2, 0xFF, 0x2E, 0x00, 0x00, 0x00, 0x00, 0x00, 0x00,
    0x00, 0x00, 0x00, 0x00, 0x00, 0x00, 0x20, 0xED, 0x02, 0x00, 0x00, 0x00, 0x00, 0x00, 0x00, 0x00,
    0x00, 0x00, 0x00, 0x00, 0x00, 0x00, 0x22, 0x00, 0x00, 0x00, 0x00, 0x00, 0x00, 0x00, 0x00, 0x00,
    0x00, 0x00, 0x00, 0x00, 0x00, 0x00, 0x00, 0x00, 0x00, 0x00, 0x00, 0x00, 0x00, 0x00, 0x00, 0x00,
    0x00, 0x00, 0x00, 0x00, 0x00, 0x00, 0x00, 0x00, 0x00, 0x00, 0x00, 0x00, 0x00, 0x00, 0x00, 0x00,
    0x00, 0x00, 0x00, 0x00, 0x00, 0x00, 0x00, 0x00, 0x00, 0x00, 0x00, 0x00, 0x00, 0x00, 0x00, 0x00,
    0x00, 0x72, 0xDB, 0xCE, 0x28, 0x00, 0x00, 0x00, 0x00, 0x00, 0x00, 0x00, 0x00, 0x00, 0x00, 0xA1,
    0xFF, 0xFF, 0xFF, 0xEF, 0x05, 0x00, 0x00, 0x00, 0x00, 0x80, 0x49, 0x00, 0x00, 0x40, 0xFE, 0xFF,
    0x8C, 0xC8, 0xFF, 0x5F, 0x00, 0x00, 0x00, 0x00, 0xD0, 0xFF, 0x02, 0x00, 0xF6, 0xFF, 0x3B, 0x00,
    0x00, 0xF6, 0xEF, 0x01, 0x00, 0x00, 0x00, 0xF1, 0xEF, 0x00, 0x50, 0xFF, 0x7F, 0x00, 0x00, 0x00,
    0x90, 0xFF, 0x05, 0x00, 0x00, 0x00, 0xF4, 0xCF, 0x00, 0xF3, 0xFF, 0x06, 0x00, 0x00, 0x00, 0x60,
    0xFF, 0x08, 0x00, 0x00, 0x00, 0xF7, 0xCF, 0x00, 0xFD, 0x8F, 0x00, 0x00, 0x00, 0x00, 0x80, 0xFF,
    0x07, 0x00, 0x00, 0x00, 0xFC, 0xEF, 0x70, 0xFF, 0x0C, 0x00, 0x00, 0x00, 0x00, 0xE2, 0xFF, 0x04,
    0x00, 0x00, 0x40, 0xFF, 0xFF, 0xE5, 0xFF, 0x03, 0x00, 0x00, 0x00, 0x50, 0xFD, 0xDF, 0x00, 0x00,
    0x10, 0xE6, 0xFF, 0xFF, 0xFF, 0xAF, 0x00, 0x00, 0x10, 0x74, 0xFC, 0xFF, 0x4F, 0x00, 0xB1, 0xFE,
    0xFF, 0xAF, 0xFC, 0xFF, 0xEF, 0xEE, 0xEE, 0xFF, 0xFF, 0xFF, 0xEF, 0x04, 0x00, 0xF6, 0xFF, 0xFF,
    0x1B, 0xB1, 0xFF, 0xFF, 0xFF, 0xFF, 0xFF, 0xFF, 0xEF, 0x18, 0x00, 0x00, 0xD2, 0xDF, 0x5A, 0x00,
    0x00, 0x94, 0xDB, 0xFE, 0xEF, 0xCE, 0x8A, 0x03, 0x00, 0x00, 0x00,
    // Unicode: [0xFEC0, uniFEC0]
    0x00, 0x00, 0x00, 0x00, 0x00, 0x00, 0x00, 0x00, 0x00, 0x00, 0x90, 0x04, 0x00, 0x00, 0x00, 0x00,
    0x00, 0x00, 0x00, 0x00, 0x00, 0x00, 0x00, 0x00, 0x00, 0x00, 0xF9, 0x4E, 0x00, 0x00, 0x00, 0x00,
    0x00, 0x00, 0x00, 0x00, 0x00, 0x00, 0x00, 0x00, 0x00, 0x50, 0xFF, 0xEF, 0x01, 0x00, 0x00, 0x00,
    0x00, 0x00, 0x00, 0x00, 0x00, 0x00, 0x00, 0x00, 0x00, 0x00, 0xF8, 0x4E, 0x00, 0x00, 0x00, 0x00,
    0x00, 0x00, 0x00, 0x00, 0x00, 0x00, 0x00, 0x00, 0x00, 0x00, 0x80, 0x04, 0x00, 0x00, 0x00, 0x00,
    0x00, 0x00, 0x00, 0x00, 0x00, 0x00, 0x00, 0x00, 0x00, 0x00, 0x00, 0x00, 0x00, 0x00, 0x00, 0x00,
    0x00, 0x00, 0x00, 0x00, 0x00, 0x00, 0x00, 0x00, 0x00, 0x00, 0x00, 0x00, 0x00, 0x00, 0x00, 0x00,
    0x00, 0x00, 0x00, 0x00, 0x00, 0x00, 0x00, 0x00, 0x00, 0x00, 0x20, 0x12, 0x00, 0x00, 0x00, 0x00,
    0x00, 0x00, 0x00, 0x00, 0x00, 0x00, 0x00, 0x00, 0x00, 0xA5, 0xFE, 0xFF, 0x6C, 0x00, 0x00, 0x00,
    0x00, 0x00, 0x00, 0x00, 0x00, 0x00, 0x00, 0x00, 0xC3, 0xFF, 0xFF, 0xFF, 0xFF, 0x1A, 0x00, 0x00,
    0x00, 0x00, 0x00, 0x60, 0x49, 0x00, 0x00, 0x60, 0xFF, 0xFF, 0x9C, 0xB8, 0xFF, 0xAF, 0x00, 0x00,
    0x00, 0x00, 0x00, 0xB0, 0xFF, 0x03, 0x00, 0xF7, 0xFF, 0x3B, 0x00, 0x00, 0xE3, 0xFF, 0x04, 0x00,
    0x00, 0x00, 0x00, 0xE0, 0xFF, 0x01, 0x60, 0xFF, 0x8F, 0x00, 0x00, 0x00, 0x60, 0xFF, 0x09, 0x00,
    0x00, 0x00, 0x00, 0xF2, 0xEF, 0x00, 0xF3, 0xFF, 0x08, 0x00, 0x00, 0x00, 0x30, 0xFF, 0x0A, 0x00,
    0x00, 0x00, 0x00, 0xF6, 0xEF, 0x00, 0xFC, 0xAF, 0x00, 0x00, 0x00, 0x00, 0x60, 0xFF, 0x09, 0x00,
    0x00, 0x00, 0x00, 0xFB, 0xFF, 0x61, 0xFF, 0x1D, 0x00, 0x00, 0x00, 0x00, 0xD1, 0xFF, 0x06, 0x00,
    0x00, 0x00, 0x40, 0xFF, 0xFF, 0xD7, 0xFF, 0x05, 0x00, 0x00, 0x00, 0x40, 0xFD, 0xEF, 0x01, 0x00,
    0x00, 0x00, 0xE4, 0xFF, 0xFF, 0xFF, 0xCF, 0x00, 0x00, 0x10, 0x74, 0xFC, 0xFF, 0x6F, 0x00, 0x00,
    0xB1, 0xFE, 0xFF, 0xBF, 0xFA, 0xFF, 0xEF, 0xEE, 0xEE, 0xFF, 0xFF, 0xFF, 0xFF, 0xEF, 0xEE, 0x4D,
    0xF6, 0xFF, 0xFF, 0x1A, 0x90, 0xFF, 0xFF, 0xFF, 0xFF, 0xFF, 0xFF, 0xFF, 0xFF, 0xFF, 0xFF, 0xBF,
    0xD2, 0xDE, 0x4A, 0x00, 0x00, 0x83, 0xDB, 0xFE, 0xFF, 0xFF, 0xBE, 0xC9, 0xFE, 0xFF, 0xFF, 0x6E,
    // Unicode: [0xFED1, uni0641]
    0x00, 0x00, 0x00, 0x00, 0x00, 0x00, 0x00, 0x00, 0x00, 0x00, 0x27, 0x00, 0x00, 0x00, 0x00, 0x00,
    0x00, 0x00, 0x00, 0x00, 0x00, 0x00, 0x00, 0x90, 0xDF, 0x02, 0x00, 0x00, 0x00, 0x00, 0x00, 0x00,
    0x00, 0x00, 0x00, 0x00, 0x00, 0xF6, 0xFF, 0x0C, 0x00, 0x00, 0x00, 0x00, 0x00, 0x00, 0x00, 0x00,
    0x00, 0x00, 0x00, 0xB1, 0xEF, 0x04, 0x00, 0x00, 0x00, 0x00, 0x00, 0x00, 0x00, 0x00, 0x00, 0x00,
    0x00, 0x10, 0x4B, 0x00, 0x00, 0x00, 0x00, 0x00, 0x00, 0x00, 0x00, 0x00, 0x00, 0x00, 0x00, 0x00,
    0x00, 0x00, 0x00, 0x00, 0x00, 0x00, 0x00, 0x00, 0x00, 0x00, 0x00, 0x00, 0x00, 0x00, 0x00, 0x00,
    0x00, 0x00, 0x00, 0x00, 0x00, 0x00, 0x00, 0x00, 0x00, 0x00, 0x00, 0x40, 0x67, 0x01, 0x00, 0x00,
    0x00, 0x00, 0x00, 0x00, 0x00, 0x00, 0x00, 0x00, 0x10, 0xFB, 0xFF, 0x5E, 0x00, 0x00, 0x00, 0x00,
    0x00, 0x00, 0x00, 0x00, 0x00, 0x00, 0xB0, 0xFF, 0xFF, 0xFF, 0x05, 0x00, 0x10, 0x00, 0x00, 0x00,
    0x00, 0x00, 0x00, 0x00, 0xF4, 0xEF, 0xC7, 0xFF, 0x1E, 0x00, 0x70, 0x4C, 0x00, 0x00, 0x00, 0x00,
    0x00, 0x00, 0xFB, 0x5F, 0x10, 0xFD, 0x7F, 0x00, 0xD0, 0xFF, 0x03, 0x00, 0x00, 0x00, 0x00, 0x00,
    0xFE, 0x0D, 0x00, 0xF4, 0xDF, 0x00, 0xF2, 0xDF, 0x00, 0x00, 0x00, 0x00, 0x00, 0x30, 0xFF, 0x09,
    0x00, 0xD0, 0xFF, 0x03, 0xF5, 0x9F, 0x00, 0x00, 0x00, 0x00, 0x00, 0x30, 0xFF, 0x0A, 0x00, 0x90,
    0xFF, 0x06, 0xF7, 0x7F, 0x00, 0x00, 0x00, 0x00, 0x00, 0x10, 0xFF, 0x6F, 0x01, 0x60, 0xFF, 0x08,
    0xF6, 0x7F, 0x00, 0x00, 0x00, 0x00, 0x00, 0x00, 0xFA, 0xFF, 0xFF, 0xFF, 0xFF, 0x09, 0xF4, 0xBF,
    0x00, 0x00, 0x00, 0x00, 0x00, 0x00, 0xC1, 0xFF, 0xFF, 0xFF, 0xFF, 0x08, 0xE1, 0xFF, 0x04, 0x00,
    0x00, 0x00, 0x00, 0x00, 0x00, 0xB7, 0xDD, 0xFD, 0xFF, 0x06, 0x80, 0xFF, 0x5E, 0x00, 0x00, 0x00,
    0x00, 0x00, 0x00, 0x00, 0x10, 0xF9, 0xFF, 0x02, 0x00, 0xFC, 0xFF, 0x6C, 0x02, 0x00, 0x00, 0x00,
    0x00, 0x52, 0xE9, 0xFF, 0x7F, 0x00, 0x00, 0xB1, 0xFF, 0xFF, 0xFF, 0xCD, 0xCC, 0xDC, 0xFE, 0xFF,
    0xFF, 0xFF, 0x08, 0x00, 0x00, 0x00, 0xC5, 0xFF, 0xFF, 0xFF, 0xFF, 0xFF, 0xFF, 0xFF, 0xEF, 0x29,
    0x00, 0x00, 0x00, 0x00, 0x00, 0x72, 0xCA, 0xED, 0xFF, 0xEE, 0xBD, 0x79, 0x03, 0x00, 0x00, 0x00,
    // Unicode: [0xFED2, uniFED2]
    0x00, 0x00, 0x00, 0x00, 0x00, 0x00, 0x00, 0x00, 0x00, 0x00, 0x00, 0x01, 0x00, 0x00, 0x00, 0x00,
    0x00, 0x00, 0x00, 0x00, 0x00, 0x00, 0x00, 0x00, 0x00, 0x00, 0x60, 0x2D, 0x00, 0x00, 0x00, 0x00,
    0x00, 0x00, 0x00, 0x00, 0x00, 0x00, 0x00, 0x00, 0x00, 0x00, 0xF6, 0xEF, 0x02, 0x00, 0x00, 0x00,
    0x00, 0x00, 0x00, 0x00, 0x00, 0x00, 0x00, 0x00, 0x00, 0x00, 0xFA, 0xFF, 0x06, 0x00, 0x00, 0x00,
    0x00, 0x00, 0x00, 0x00, 0x00, 0x00, 0x00, 0x00, 0x00, 0x00, 0xA0, 0x6F, 0x00, 0x00, 0x00, 0x00,
    0x00, 0x00, 0x00, 0x00, 0x00, 0x00, 0x00, 0x00, 0x00, 0x00, 0x00, 0x04, 0x00, 0x00, 0x00, 0x00,
    0x00, 0x00, 0x00, 0x00, 0x00, 0x00, 0x00, 0x00, 0x00, 0x00, 0x00, 0x00, 0x00, 0x00, 0x00, 0x00,
    0x00, 0x00, 0x00, 0x00, 0x00, 0x00, 0x00, 0x00, 0x00, 0x00, 0x00, 0x00, 0x00, 0x00, 0x00, 0x00,
    0x00, 0x00, 0x00, 0x00, 0x00, 0x00, 0x00, 0x00, 0x00, 0x00, 0x00, 0x00, 0x00, 0x00, 0x00, 0x00,
    0x10, 0x00, 0x00, 0x00, 0x00, 0x00, 0x00, 0x00, 0x00, 0x10, 0xD8, 0xDF, 0x07, 0x00, 0x00, 0x00,
    0xE1, 0x19, 0x00, 0x00, 0x00, 0x00, 0x00, 0x00, 0x00, 0xD2, 0xFF, 0xFF, 0xBF, 0x00, 0x00, 0x00,
    0xF6, 0xAF, 0x00, 0x00, 0x00, 0x00, 0x00, 0x00, 0x00, 0xFC, 0xFF, 0xFE, 0xFF, 0x07, 0x00, 0x00,
    0xFB, 0x4F, 0x00, 0x00, 0x00, 0x00, 0x00, 0x00, 0x60, 0xFF, 0x4E, 0x60, 0xFF, 0x0E, 0x00, 0x00,
    0xFD, 0x1F, 0x00, 0x00, 0x00, 0x00, 0x00, 0x00, 0xC0, 0xFF, 0x06, 0x00, 0xFC, 0x3F, 0x00, 0x00,
    0xFF, 0x0E, 0x00, 0x00, 0x00, 0x00, 0x00, 0x00, 0xF1, 0xEF, 0x00, 0x00, 0xF9, 0x4F, 0x00, 0x00,
    0xFE, 0x0E, 0x00, 0x00, 0x00, 0x00, 0x00, 0x00, 0xF2, 0xCF, 0x00, 0x00, 0xF9, 0x4F, 0x00, 0x00,
    0xFD, 0x2F, 0x00, 0x00, 0x00, 0x00, 0x00, 0x00, 0xF2, 0xDF, 0x00, 0x00, 0xFC, 0x3F, 0x00, 0x00,
    0xF8, 0xBF, 0x00, 0x00, 0x00, 0x00, 0x00, 0x00, 0xD0, 0xFF, 0x08, 0x40, 0xFF, 0x0E, 0x00, 0x00,
    0xE2, 0xFF, 0x1A, 0x00, 0x00, 0x00, 0x00, 0x00, 0x70, 0xFF, 0xBF, 0xE6, 0xFF, 0x09, 0x00, 0x00,
    0x50, 0xFF, 0xEF, 0x48, 0x01, 0x00, 0x00, 0x00, 0x00, 0xFA, 0xFF, 0xFF, 0xFF, 0x03, 0x00, 0x00,
    0x00, 0xE5, 0xFF, 0xFF, 0xEF, 0xCD, 0xCC, 0xDC, 0xED, 0xFF, 0xFF, 0xFF, 0xFF, 0xFF, 0xDE, 0x06,
    0x00, 0x20, 0xE9, 0xFF, 0xFF, 0xFF, 0xFF, 0xFF, 0xFF, 0xFF, 0xFF, 0xFE, 0xFF, 0xFF, 0xFF, 0x0D,
    0x00, 0x00, 0x00, 0x84, 0xCB, 0xFE, 0xFF, 0xFF, 0xDE, 0x9C, 0x37, 0x20, 0x96, 0xEC, 0xFE, 0x07,
    // Unicode: [0xFED3, uniFED3]
    0x00, 0x00, 0x00, 0x20, 0x00, 0x00, 0x00, 0x00, 0x00, 0x00, 0x00, 0xE2, 0x0A, 0x00, 0x00, 0x00,
    0x00, 0x00, 0x20, 0xFE, 0xAF, 0x00, 0x00, 0x00, 0x00, 0x00, 0x30, 0xFE, 0xBF, 0x00, 0x00, 0x00,
    0x00, 0x00, 0x00, 0xE3, 0x0B, 0x00, 0x00, 0x00, 0x00, 0x00, 0x00, 0x20, 0x00, 0x00, 0x00, 0x00,
    0x00, 0x00, 0x00, 0x00, 0x00, 0x00, 0x00, 0x00, 0x00, 0x00, 0x00, 0x00, 0x00, 0x00, 0x00, 0x00,
    0x00, 0x00, 0x00, 0xC5, 0xAD, 0x03, 0x00, 0x00, 0x00, 0x00, 0x80, 0xFF, 0xFF, 0x6F, 0x00, 0x00,
    0x00, 0x00, 0xF4, 0xFF, 0xFF, 0xFF, 0x03, 0x00, 0x00, 0x00, 0xFC, 0x8F, 0xB1, 0xFF, 0x0D, 0x00,
    0x00, 0x20, 0xFF, 0x0E, 0x10, 0xFD, 0x5F, 0x00, 0x00, 0x60, 0xFF, 0x09, 0x00, 0xF7, 0xAF, 0x00,
    0x00, 0x80, 0xFF, 0x06, 0x00, 0xF1, 0xEF, 0x00, 0x00, 0x80, 0xFF, 0x06, 0x00, 0xD0, 0xFF, 0x02,
    0x00, 0x50, 0xFF, 0x4D, 0x01, 0xA0, 0xFF, 0x04, 0x00, 0x00, 0xFD, 0xFF, 0xFF, 0xFF, 0xFF, 0x04,
    0x00, 0x00, 0xD2, 0xFF, 0xFF, 0xFF, 0xFF, 0x03, 0x00, 0x00, 0x00, 0xB6, 0xED, 0xFE, 0xFF, 0x01,
    0x00, 0x00, 0x00, 0x00, 0x10, 0xFA, 0xBF, 0x00, 0x00, 0x00, 0x10, 0x64, 0xFA, 0xFF, 0x4F, 0x00,
    0xB1, 0xED, 0xFF, 0xFF, 0xFF, 0xEF, 0x05, 0x00, 0xF7, 0xFF, 0xFF, 0xFF, 0xEF, 0x29, 0x00, 0x00,
    0xD2, 0xEF, 0xCD, 0x7A, 0x04, 0x00, 0x00, 0x00,
    // Unicode: [0xFED4, uniFED4]
    0x00, 0x00, 0x00, 0x00, 0x00, 0x01, 0x00, 0x00, 0x00, 0x00, 0x00, 0x00, 0x00, 0x00, 0xA0, 0x1B,
    0x00, 0x00, 0x00, 0x00, 0x00, 0x00, 0x00, 0x00, 0xFA, 0xBF, 0x01, 0x00, 0x00, 0x00, 0x00, 0x00,
    0x00, 0x10, 0xFD, 0xEF, 0x02, 0x00, 0x00, 0x00, 0x00, 0x00, 0x00, 0x00, 0xD2, 0x3E, 0x00, 0x00,
    0x00, 0x00, 0x00, 0x00, 0x00, 0x00, 0x20, 0x03, 0x00, 0x00, 0x00, 0x00, 0x00, 0x00, 0x00, 0x00,
    0x00, 0x00, 0x00, 0x00, 0x00, 0x00, 0x00, 0x00, 0x00, 0x00, 0x00, 0x00, 0x00, 0x00, 0x00, 0x00,
    0x00, 0x00, 0x00, 0x00, 0x00, 0x00, 0x00, 0x00, 0x00, 0x00, 0x00, 0x00, 0x00, 0x20, 0xC9, 0x8C,
    0x01, 0x00, 0x00, 0x00, 0x00, 0x00, 0x00, 0xF6, 0xFF, 0xFF, 0x3E, 0x00, 0x00, 0x00, 0x00, 0x00,
    0x40, 0xFF, 0xFF, 0xFF, 0xDF, 0x00, 0x00, 0x00, 0x00, 0x00, 0xD0, 0xFF, 0x1A, 0xF5, 0xFF, 0x06,
    0x00, 0x00, 0x00, 0x00, 0xF4, 0xDF, 0x00, 0x90, 0xFF, 0x0B, 0x00, 0x00, 0x00, 0x00, 0xF8, 0x6F,
    0x00, 0x40, 0xFF, 0x0E, 0x00, 0x00, 0x00, 0x00, 0xFA, 0x4F, 0x00, 0x20, 0xFF, 0x0E, 0x00, 0x00,
    0x00, 0x00, 0xFA, 0x4F, 0x00, 0x30, 0xFF, 0x0C, 0x00, 0x00, 0x00, 0x00, 0xF7, 0xCF, 0x01, 0xA0,
    0xFF, 0x08, 0x00, 0x00, 0x00, 0x00, 0xE1, 0xFF, 0x6D, 0xF8, 0xFF, 0x02, 0x00, 0x00, 0x00, 0x00,
    0x40, 0xFF, 0xFF, 0xFF, 0x9F, 0x00, 0x00, 0x00, 0xB2, 0xDD, 0xED, 0xFF, 0xFF, 0xFF, 0xFF, 0xEF,
    0xDD, 0x06, 0xF7, 0xFF, 0xFF, 0xFF, 0xFF, 0xFF, 0xFF, 0xFF, 0xFF, 0x0D, 0xD3, 0xFF, 0xEF, 0xAD,
    0x27, 0x72, 0xDA, 0xFF, 0xFF, 0x07,
    // Unicode: [0xFEDD, uni0644]
    0x00, 0x00, 0x00, 0x00, 0x00, 0x00, 0x00, 0xC0, 0xFF, 0x01, 0x00, 0x00, 0x00, 0x00, 0x00, 0x00,
    0x00, 0xB0, 0xFF, 0x02, 0x00, 0x00, 0x00, 0x00, 0x00, 0x00, 0x00, 0xB0, 0xFF, 0x03, 0x00, 0x00,
    0x00, 0x00, 0x00, 0x00, 0x00, 0xA0, 0xFF, 0x03, 0x00, 0x00, 0x00, 0x00, 0x00, 0x00, 0x00, 0x90,
    0xFF, 0x04, 0x00, 0x00, 0x00, 0x00, 0x00, 0x00, 0x00, 0x90, 0xFF, 0x05, 0x00, 0x00, 0x00, 0x00,
    0x00, 0x00, 0x00, 0x80, 0xFF, 0x05, 0x00, 0x00, 0x00, 0x00, 0x00, 0x00, 0x00, 0x70, 0xFF, 0x06,
    0x00, 0x00, 0x00, 0x00, 0x00, 0x00, 0x00, 0x70, 0xFF, 0x06, 0x00, 0x00, 0x00, 0x00, 0x00, 0x00,
    0x00, 0x60, 0xFF, 0x07, 0x00, 0x00, 0x00, 0x00, 0x00, 0x00, 0x00, 0x60, 0xFF, 0x07, 0x00, 0x00,
    0x00, 0x00, 0x00, 0x00, 0x00, 0x50, 0xFF, 0x08, 0x00, 0x00, 0x00, 0x00, 0x00, 0x00, 0x00, 0x50,
    0xFF, 0x09, 0x00, 0x00, 0x00, 0x00, 0x00, 0x00, 0x00, 0x40, 0xFF, 0x09, 0x00, 0x00, 0x00, 0x00,
    0x00, 0x00, 0x00, 0x40, 0xFF, 0x0A, 0x00, 0x00, 0x00, 0x00, 0x00, 0x00, 0x00, 0x30, 0xFF, 0x0A,
    0x00, 0x48, 0x00, 0x00, 0x00, 0x00, 0x00, 0x30, 0xFF, 0x0B, 0x50, 0xFF, 0x0A, 0x00, 0x00, 0x00,
    0x00, 0x20, 0xFF, 0x0B, 0xA0, 0xFF, 0x06, 0x00, 0x00, 0x00, 0x00, 0x20, 0xFF, 0x0B, 0xE0, 0xFF,
    0x01, 0x00, 0x00, 0x00, 0x00, 0x10, 0xFF, 0x0C, 0xF3, 0xBF, 0x00, 0x00, 0x00, 0x00, 0x00, 0x10,
    0xFF, 0x0C, 0xF5, 0x9F, 0x00, 0x00, 0x00, 0x00, 0x00, 0x10, 0xFF, 0x0C, 0xF6, 0x7F, 0x00, 0x00,
    0x00, 0x00, 0x00, 0x10, 0xFF, 0x0C, 0xF7, 0x7F, 0x00, 0x00, 0x00, 0x00, 0x00, 0x20, 0xFF, 0x0B,
    0xF6, 0x8F, 0x00, 0x00, 0x00, 0x00, 0x00, 0x50, 0xFF, 0x0A, 0xF4, 0xBF, 0x00, 0x00, 0x00, 0x00,
    0x00, 0xB0, 0xFF, 0x06, 0xF1, 0xFF, 0x04, 0x00, 0x00, 0x00, 0x00, 0xF5, 0xFF, 0x01, 0x90, 0xFF,
    0x2E, 0x00, 0x00, 0x00, 0x50, 0xFF, 0x9F, 0x00, 0x10, 0xFD, 0xEF, 0x28, 0x00, 0x41, 0xFB, 0xFF,
    0x1D, 0x00, 0x00, 0xE3, 0xFF, 0xFF, 0xEE, 0xFF, 0xFF, 0xDF, 0x02, 0x00, 0x00, 0x20, 0xFB, 0xFF,
    0xFF, 0xFF, 0xFF, 0x19, 0x00, 0x00, 0x00, 0x00, 0x40, 0xD9, 0xEE, 0xAD, 0x26, 0x00, 0x00, 0x00,
    // Unicode: [0xFEDE, uniFEDE]
    0x00, 0x00, 0x00, 0x00, 0x00, 0x00, 0x00, 0xF1, 0xDF, 0x00, 0x00, 0x00, 0x00, 0x00, 0x00, 0x00,
    0x00, 0x00, 0x00, 0xF0, 0xDF, 0x00, 0x00, 0x00, 0x00, 0x00, 0x00, 0x00, 0x00, 0x00, 0x00, 0xE0,
    0xEF, 0x00, 0x00, 0x00, 0x00, 0x00, 0x00, 0x00, 0x00, 0x00, 0x00, 0xE0, 0xFF, 0x00, 0x00, 0x00,
    0x00, 0x00, 0x00, 0x00, 0x00, 0x00, 0x00, 0xD0, 0xFF, 0x00, 0x00, 0x00, 0x00, 0x00, 0x00, 0x00,
    0x00, 0x00, 0x00, 0xD0, 0xFF, 0x01, 0x00, 0x00, 0x00, 0x00, 0x00, 0x00, 0x00, 0x00, 0x00, 0xC0,
    0xFF, 0x01, 0x00, 0x00, 0x00, 0x00, 0x00, 0x00, 0x00, 0x00, 0x00, 0xB0, 0xFF, 0x02, 0x00, 0x00,
    0x00, 0x00, 0x00, 0x00, 0x00, 0x00, 0x00, 0xB0, 0xFF, 0x03, 0x00, 0x00, 0x00, 0x00, 0x00, 0x00,
    0x00, 0x00, 0x00, 0xA0, 0xFF, 0x03, 0x00, 0x00, 0x00, 0x00, 0x00, 0x00, 0x00, 0x00, 0x00, 0xA0,
    0xFF, 0x04, 0x00, 0x00, 0x00, 0x00, 0x00, 0x00, 0x00, 0x00, 0x00, 0x90, 0xFF, 0x04, 0x00, 0x00,
    0x00, 0x00, 0x00, 0x00, 0x00, 0x00, 0x00, 0x90, 0xFF, 0x05, 0x00, 0x00, 0x00, 0x00, 0x00, 0x00,
    0x00, 0x00, 0x00, 0x80, 0xFF, 0x05, 0x00, 0x00, 0x00, 0x00, 0x00, 0x00, 0x00, 0x00, 0x00, 0x80,
    0xFF, 0x06, 0x00, 0x00, 0x00, 0x03, 0x00, 0x00, 0x00, 0x00, 0x00, 0x70, 0xFF, 0x07, 0x00, 0x00,
    0x50, 0x9F, 0x01, 0x00, 0x00, 0x00, 0x00, 0x70, 0xFF, 0x08, 0x00, 0x00, 0xC0, 0xFF, 0x07, 0x00,
    0x00, 0x00, 0x00, 0x60, 0xFF, 0x0D, 0x00, 0x00, 0xF1, 0xEF, 0x01, 0x00, 0x00, 0x00, 0x00, 0x60,
    0xFF, 0x9F, 0x01, 0x00, 0xF5, 0xAF, 0x00, 0x00, 0x00, 0x00, 0x00, 0x50, 0xFF, 0xFF, 0xDF, 0x05,
    0xF8, 0x6F, 0x00, 0x00, 0x00, 0x00, 0x00, 0x50, 0xFF, 0xFF, 0xFF, 0x0D, 0xF9, 0x4F, 0x00, 0x00,
    0x00, 0x00, 0x00, 0x50, 0xFF, 0xBC, 0xFE, 0x07, 0xFA, 0x3F, 0x00, 0x00, 0x00, 0x00, 0x00, 0x40,
    0xFF, 0x09, 0x00, 0x00, 0xFA, 0x3F, 0x00, 0x00, 0x00, 0x00, 0x00, 0x50, 0xFF, 0x08, 0x00, 0x00,
    0xFA, 0x4F, 0x00, 0x00, 0x00, 0x00, 0x00, 0x70, 0xFF, 0x07, 0x00, 0x00, 0xF7, 0x9F, 0x00, 0x00,
    0x00, 0x00, 0x00, 0xC0, 0xFF, 0x04, 0x00, 0x00, 0xF3, 0xFF, 0x03, 0x00, 0x00, 0x00, 0x00, 0xF5,
    0xEF, 0x00, 0x00, 0x00, 0xB0, 0xFF, 0x3E, 0x00, 0x00, 0x00, 0x60, 0xFF, 0x8F, 0x00, 0x00, 0x00,
    0x30, 0xFF, 0xFF, 0x38, 0x10, 0x63, 0xFC, 0xFF, 0x1D, 0x00, 0x00, 0x00, 0x00, 0xF5, 0xFF, 0xFF,
    0xFF, 0xFF, 0xFF, 0xDF, 0x02, 0x00, 0x00, 0x00, 0x00, 0x40, 0xFD, 0xFF, 0xFF, 0xFF, 0xEF, 0x17,
    0x00, 0x00, 0x00, 0x00, 0x00, 0x00, 0x50, 0xC9, 0xCD, 0x8B, 0x15, 0x00, 0x00, 0x00, 0x00, 0x00,
    // Unicode: [0xFEDF, uniFEDF]
    0x00, 0x00, 0x90, 0xFD, 0x01, 0x00, 0x00, 0xB0, 0xFF, 0x02, 0x00, 0x00, 0xA0, 0xFF, 0x04, 0x00,
    0x00, 0x90, 0xFF, 0x05, 0x00, 0x00, 0x80, 0xFF, 0x06, 0x00, 0x00, 0x70, 0xFF, 0x07, 0x00, 0x00,
    0x60, 0xFF, 0x08, 0x00, 0x00, 0x50, 0xFF, 0x08, 0x00, 0x00, 0x50, 0xFF, 0x09, 0x00, 0x00, 0x40,
    0xFF, 0x0A, 0x00, 0x00, 0x40, 0xFF, 0x0A, 0x00, 0x00, 0x30, 0xFF, 0x0B, 0x00, 0x00, 0x20, 0xFF,
    0x0B, 0x00, 0x00, 0x20, 0xFF, 0x0C, 0x00, 0x00, 0x10, 0xFF, 0x0C, 0x00, 0x00, 0x10, 0xFF, 0x0C,
    0x00, 0x00, 0x20, 0xFF, 0x0C, 0x00, 0x00, 0x50, 0xFF, 0x0A, 0x00, 0x00, 0xD3, 0xFF, 0x06, 0xB1,
    0xED, 0xFF, 0xDF, 0x01, 0xF6, 0xFF, 0xFF, 0x3E, 0x00, 0xD2, 0xEF, 0x8C, 0x02, 0x00,
    // Unicode: [0xFEE0, uniFEE0]
    0x00, 0x00, 0x10, 0x86, 0x05, 0x00, 0x00, 0x00, 0x00, 0x30, 0xFF, 0x0A, 0x00, 0x00, 0x00, 0x00,
    0x30, 0xFF, 0x0B, 0x00, 0x00, 0x00, 0x00, 0x20, 0xFF, 0x0C, 0x00, 0x00, 0x00, 0x00, 0x20, 0xFF,
    0x0C, 0x00, 0x00, 0x00, 0x00, 0x10, 0xFF, 0x0C, 0x00, 0x00, 0x00, 0x00, 0x10, 0xFF, 0x0D, 0x00,
    0x00, 0x00, 0x00, 0x10, 0xFF, 0x0D, 0x00, 0x00, 0x00, 0x00, 0x10, 0xFF, 0x0D, 0x00, 0x00, 0x00,
    0x00, 0x10, 0xFF, 0x0D, 0x00, 0x00, 0x00, 0x00, 0x10, 0xFF, 0x0D, 0x00, 0x00, 0x00, 0x00, 0x10,
    0xFF, 0x0D, 0x00, 0x00, 0x00, 0x00, 0x10, 0xFF, 0x0D, 0x00, 0x00, 0x00, 0x00, 0x10, 0xFF, 0x0C,
    0x00, 0x00, 0x00, 0x00, 0x10, 0xFF, 0x0C, 0x00, 0x00, 0x00, 0x00, 0x20, 0xFF, 0x0C, 0x00, 0x00,
    0x00, 0x00, 0x20, 0xFF, 0x0C, 0x00, 0x00, 0x00, 0x00, 0x30, 0xFF, 0x0C, 0x00, 0x00, 0x00, 0x00,
    0x50, 0xFF, 0x1E, 0x00, 0x00, 0x00, 0x00, 0xB1, 0xFF, 0xAF, 0x01, 0x00, 0xC3, 0xDD, 0xFF, 0xFF,
    0xFF, 0xDF, 0x06, 0xF9, 0xFF, 0xFF, 0xBF, 0xFF, 0xFF, 0x0E, 0xE4, 0xFF, 0xCF, 0x04, 0xB4, 0xFE,
    0x08,
    // Unicode: [0xFEE1, uni0645]
    0x00, 0x00, 0x00, 0x00, 0xC6, 0xDF, 0x19, 0x00, 0x00, 0x00, 0x00, 0xA0, 0xFF, 0xFF, 0xDF, 0x02,
    0x00, 0x00, 0x00, 0xF8, 0xFF, 0xFE, 0xFF, 0x0A, 0x00, 0x00, 0x30, 0xFF, 0x6F, 0x40, 0xFE, 0x3F,
    0x00, 0x00, 0xB0, 0xFF, 0x09, 0x00, 0xF8, 0x6F, 0x00, 0x00, 0xF3, 0xEF, 0x01, 0x00, 0xF4, 0x9F,
    0x30, 0xDB, 0xFD, 0x8F, 0x00, 0x00, 0xF3, 0x9F, 0xE1, 0xFF, 0xFF, 0xBF, 0x04, 0x00, 0xF4, 0x8F,
    0xF6, 0xFF, 0xFF, 0xFF, 0xDF, 0x27, 0xF8, 0x4F, 0xF7, 0x6F, 0xA4, 0xFF, 0xFF, 0xFF, 0xFF, 0x1E,
    0xF6, 0x7F, 0x00, 0x71, 0xFD, 0xFF, 0xFF, 0x06, 0xF6, 0x7F, 0x00, 0x00, 0x30, 0xC8, 0x5C, 0x00,
    0xF5, 0x8F, 0x00, 0x00, 0x00, 0x00, 0x00, 0x00, 0xF5, 0x9F, 0x00, 0x00, 0x00, 0x00, 0x00, 0x00,
    0xF4, 0x9F, 0x00, 0x00, 0x00, 0x00, 0x00, 0x00, 0xF4, 0xAF, 0x00, 0x00, 0x00, 0x00, 0x00, 0x00,
    0xF3, 0xAF, 0x00, 0x00, 0x00, 0x00, 0x00, 0x00, 0xF2, 0xBF, 0x00, 0x00, 0x00, 0x00, 0x00, 0x00,
    0xF2, 0xBF, 0x00, 0x00, 0x00, 0x00, 0x00, 0x00, 0xF1, 0xCF, 0x00, 0x00, 0x00, 0x00, 0x00, 0x00,
    0xF1, 0xDF, 0x00, 0x00, 0x00, 0x00, 0x00, 0x00, 0xF0, 0xDF, 0x00, 0x00, 0x00, 0x00, 0x00, 0x00,
    0xE0, 0xEF, 0x00, 0x00, 0x00, 0x00, 0x00, 0x00,
    // Unicode: [0xFEE2, uniFEE2]
    0x00, 0x00, 0x00, 0x00, 0xD7, 0xDF, 0x18, 0x00, 0x00, 0x00, 0x00, 0x00, 0x00, 0x00, 0xB1, 0xFF,
    0xFF, 0xDF, 0x01, 0x00, 0x00, 0x00, 0x00, 0x00, 0x00, 0xFA, 0xFF, 0xFE, 0xFF, 0x0A, 0x00, 0x00,
    0x00, 0x00, 0x00, 0x50, 0xFF, 0x4F, 0x60, 0xFF, 0x2F, 0x00, 0x00, 0x00, 0x00, 0x00, 0xD0, 0xFF,
    0x06, 0x00, 0xFA, 0x5F, 0x00, 0x00, 0x00, 0x00, 0x00, 0xF4, 0xCF, 0x00, 0x00, 0xF5, 0x9F, 0x00,
    0x00, 0x00, 0x40, 0xFD, 0xFE, 0x6F, 0x00, 0x00, 0xF5, 0xDF, 0x00, 0x00, 0x00, 0xE2, 0xFF, 0xFF,
    0xCF, 0x15, 0x00, 0xF8, 0xFF, 0x06, 0x00, 0x00, 0xF7, 0xEF, 0xFF, 0xFF, 0xEF, 0x59, 0xFE, 0xFF,
    0x6F, 0x00, 0x00, 0xF9, 0x5F, 0x72, 0xFD, 0xFF, 0xFF, 0xFF, 0xFE, 0xFF, 0xBE, 0x04, 0xF8, 0x6F,
    0x00, 0x40, 0xFA, 0xFF, 0xEF, 0xA3, 0xFF, 0xFF, 0x0C, 0xF7, 0x7F, 0x00, 0x00, 0x10, 0x96, 0x29,
    0x00, 0xB5, 0xEE, 0x06, 0xF7, 0x7F, 0x00, 0x00, 0x00, 0x00, 0x00, 0x00, 0x00, 0x00, 0x00, 0xF6,
    0x8F, 0x00, 0x00, 0x00, 0x00, 0x00, 0x00, 0x00, 0x00, 0x00, 0xF5, 0x8F, 0x00, 0x00, 0x00, 0x00,
    0x00, 0x00, 0x00, 0x00, 0x00, 0xF5, 0x9F, 0x00, 0x00, 0x00, 0x00, 0x00, 0x00, 0x00, 0x00, 0x00,
    0xF4, 0xAF, 0x00, 0x00, 0x00, 0x00, 0x00, 0x00, 0x00, 0x00, 0x00, 0xF4, 0xAF, 0x00, 0x00, 0x00,
    0x00, 0x00, 0x00, 0x00, 0x00, 0x00, 0xF3, 0xBF, 0x00, 0x00, 0x00, 0x00, 0x00, 0x00, 0x00, 0x00,
    0x00, 0xF2, 0xBF, 0x00, 0x00, 0x00, 0x00, 0x00, 0x00, 0x00, 0x00, 0x00, 0xF2, 0xCF, 0x00, 0x00,
    0x00, 0x00, 0x00, 0x00, 0x00, 0x00, 0x00, 0xF1, 0xDF, 0x00, 0x00, 0x00, 0x00, 0x00, 0x00, 0x00,
    0x00, 0x00, 0xD0, 0xBD, 0x00, 0x00, 0x00, 0x00, 0x00, 0x00, 0x00, 0x00, 0x00,
    // Unicode: [0xFEE3, uniFEE3]
    0x00, 0x00, 0x00, 0x00, 0x00, 0xD7, 0xDF, 0x17, 0x00, 0x00, 0x00, 0x00, 0x00, 0x90, 0xFF, 0xFF,
    0xCF, 0x01, 0x00, 0x00, 0x00, 0x00, 0xF5, 0xFF, 0xFF, 0xFF, 0x08, 0x00, 0x00, 0x00, 0x10, 0xFE,
    0x7F, 0x50, 0xFF, 0x1F, 0x00, 0x00, 0x00, 0x70, 0xFF, 0x0C, 0x00, 0xF9, 0x5F, 0x00, 0x00, 0x00,
    0xE1, 0xFF, 0x04, 0x00, 0xF5, 0x8F, 0x00, 0x00, 0x00, 0xF9, 0xCF, 0x00, 0x00, 0xF4, 0x8F, 0x00,
    0x00, 0x50, 0xFF, 0xBF, 0x01, 0x00, 0xF6, 0x7F, 0x00, 0x10, 0xF8, 0xFF, 0xFF, 0x6D, 0x11, 0xFC,
    0x4F, 0xB1, 0xFE, 0xFF, 0xCF, 0xFF, 0xFF, 0xFF, 0xFF, 0x0D, 0xF6, 0xFF, 0xFF, 0x09, 0xB2, 0xFF,
    0xFF, 0xFF, 0x04, 0xD2, 0xDE, 0x39, 0x00, 0x00, 0x93, 0xCC, 0x3A, 0x00,
    // Unicode: [0xFEE4, uniFEE4]
    0x00, 0x00, 0x00, 0x00, 0x30, 0xEB, 0xAE, 0x03, 0x00, 0x00, 0x00, 0x00, 0x00, 0x00, 0x00, 0x00,
    0xE3, 0xFF, 0xFF, 0x4F, 0x00, 0x00, 0x00, 0x00, 0x00, 0x00, 0x00, 0x00, 0xFD, 0xFF, 0xFF, 0xEF,
    0x02, 0x00, 0x00, 0x00, 0x00, 0x00, 0x00, 0x60, 0xFF, 0x1D, 0xB1, 0xFF, 0x09, 0x00, 0x00, 0x00,
    0x00, 0x00, 0x00, 0xE1, 0xFF, 0x04, 0x10, 0xFE, 0x2F, 0x00, 0x00, 0x00, 0x00, 0x00, 0x00, 0xF7,
    0xBF, 0x00, 0x00, 0xFA, 0x8F, 0x00, 0x00, 0x00, 0x00, 0x00, 0x20, 0xFE, 0x4F, 0x00, 0x00, 0xF9,
    0xEF, 0x00, 0x00, 0x00, 0x00, 0x00, 0xC1, 0xFF, 0x4F, 0x00, 0x00, 0xFC, 0xFF, 0x07, 0x00, 0x00,
    0x00, 0x30, 0xFC, 0xFF, 0xFF, 0x29, 0x60, 0xFF, 0xFF, 0x5F, 0x00, 0x00, 0xB1, 0xFE, 0xFF, 0xDF,
    0xFF, 0xFF, 0xFE, 0xFF, 0xFA, 0xFF, 0xCE, 0x03, 0xF7, 0xFF, 0xEF, 0x04, 0xE8, 0xFF, 0xFF, 0x9F,
    0x80, 0xFF, 0xFF, 0x0A, 0xD2, 0xDE, 0x28, 0x00, 0x10, 0xB7, 0xCD, 0x07, 0x00, 0xB4, 0xED, 0x04,
    // Unicode: [0xFEE5, uni0646]
    0x00, 0x00, 0x00, 0x00, 0x00, 0x55, 0x00, 0x00, 0x00, 0x00, 0x00, 0x00, 0x00, 0x00, 0x00, 0x50,
    0xFF, 0x05, 0x00, 0x00, 0x00, 0x00, 0x00, 0x00, 0x00, 0x00, 0xF2, 0xFF, 0x2F, 0x00, 0x00, 0x02,
    0x00, 0x00, 0x00, 0x00, 0x00, 0x70, 0xFF, 0x07, 0x00, 0xB2, 0x1E, 0x00, 0x00, 0xC2, 0x02, 0x00,
    0x00, 0x77, 0x00, 0x00, 0xFB, 0x7F, 0x00, 0x00, 0xFA, 0x4E, 0x00, 0x00, 0x00, 0x00, 0x00, 0xF4,
    0xDF, 0x00, 0x20, 0xFF, 0x1E, 0x00, 0x00, 0x00, 0x00, 0x00, 0xD0, 0xFF, 0x04, 0x70, 0xFF, 0x09,
    0x00, 0x00, 0x00, 0x00, 0x00, 0x70, 0xFF, 0x08, 0xC0, 0xFF, 0x04, 0x00, 0x00, 0x00, 0x00, 0x00,
    0x30, 0xFF, 0x0C, 0xF1, 0xEF, 0x00, 0x00, 0x00, 0x00, 0x00, 0x00, 0x00, 0xFE, 0x0F, 0xF4, 0xBF,
    0x00, 0x00, 0x00, 0x00, 0x00, 0x00, 0x00, 0xFD, 0x2F, 0xF5, 0x9F, 0x00, 0x00, 0x00, 0x00, 0x00,
    0x00, 0x00, 0xFB, 0x3F, 0xF6, 0x8F, 0x00, 0x00, 0x00, 0x00, 0x00, 0x00, 0x00, 0xFB, 0x3F, 0xF6,
    0x8F, 0x00, 0x00, 0x00, 0x00, 0x00, 0x00, 0x00, 0xFC, 0x1F, 0xF4, 0xAF, 0x00, 0x00, 0x00, 0x00,
    0x00, 0x00, 0x10, 0xFF, 0x0E, 0xF1, 0xEF, 0x01, 0x00, 0x00, 0x00, 0x00, 0x00, 0x60, 0xFF, 0x0A,
    0xB0, 0xFF, 0x0A, 0x00, 0x00, 0x00, 0x00, 0x00, 0xE1, 0xFF, 0x05, 0x50, 0xFF, 0x9F, 0x00, 0x00,
    0x00, 0x00, 0x30, 0xFD, 0xCF, 0x00, 0x00, 0xFA, 0xFF, 0x6D, 0x01, 0x00, 0x41, 0xFA, 0xFF, 0x2E,
    0x00, 0x00, 0xB1, 0xFF, 0xFF, 0xEF, 0xEE, 0xFF, 0xFF, 0xDF, 0x03, 0x00, 0x00, 0x00, 0xF8, 0xFF,
    0xFF, 0xFF, 0xFF, 0xFF, 0x19, 0x00, 0x00, 0x00, 0x00, 0x10, 0xB7, 0xFE, 0xEF, 0xAD, 0x16, 0x00,
    0x00, 0x00,
    // Unicode: [0xFEE6, uniFEE6]
    0x00, 0x00, 0x00, 0x00, 0x00, 0x36, 0x00, 0x00, 0x00, 0x00, 0x00, 0x00, 0x00, 0x00, 0x00, 0x00,
    0x00, 0x60, 0xEF, 0x03, 0x00, 0x00, 0x02, 0x00, 0x00, 0x00, 0x00, 0x00, 0x00, 0x00, 0xF4, 0xFF,
    0x1E, 0x00, 0xB2, 0x0D, 0x00, 0x00, 0x00, 0x00, 0xB3, 0x02, 0x00, 0x90, 0xFF, 0x06, 0x00, 0xFC,
    0x6F, 0x00, 0x00, 0x00, 0x00, 0xFB, 0x3E, 0x00, 0x00, 0x69, 0x00, 0x00, 0xF6, 0xDF, 0x01, 0x00,
    0x00, 0x30, 0xFF, 0x1E, 0x00, 0x00, 0x00, 0x00, 0x00, 0xE0, 0xFF, 0x08, 0x00, 0x00, 0x90, 0xFF,
    0x08, 0x00, 0x00, 0x00, 0x00, 0x00, 0x90, 0xFF, 0x5F, 0x00, 0x00, 0xD0, 0xFF, 0x02, 0x00, 0x00,
    0x00, 0x00, 0x00, 0x50, 0xFF, 0xFF, 0x17, 0x00, 0xF2, 0xDF, 0x00, 0x00, 0x00, 0x00, 0x00, 0x00,
    0x10, 0xFF, 0xFF, 0xFF, 0x8D, 0xF4, 0xAF, 0x00, 0x00, 0x00, 0x00, 0x00, 0x00, 0x00, 0xFE, 0xFF,
    0xFF, 0xFF, 0xF6, 0x8F, 0x00, 0x00, 0x00, 0x00, 0x00, 0x00, 0x00, 0xFD, 0x5F, 0xDA, 0xAE, 0xF7,
    0x6F, 0x00, 0x00, 0x00, 0x00, 0x00, 0x00, 0x00, 0xFC, 0x1F, 0x00, 0x00, 0xF7, 0x7F, 0x00, 0x00,
    0x00, 0x00, 0x00, 0x00, 0x00, 0xFE, 0x0F, 0x00, 0x00, 0xF5, 0x9F, 0x00, 0x00, 0x00, 0x00, 0x00,
    0x00, 0x20, 0xFF, 0x0C, 0x00, 0x00, 0xF2, 0xDF, 0x00, 0x00, 0x00, 0x00, 0x00, 0x00, 0x70, 0xFF,
    0x09, 0x00, 0x00, 0xC0, 0xFF, 0x06, 0x00, 0x00, 0x00, 0x00, 0x00, 0xE2, 0xFF, 0x04, 0x00, 0x00,
    0x60, 0xFF, 0x4E, 0x00, 0x00, 0x00, 0x00, 0x30, 0xFD, 0xBF, 0x00, 0x00, 0x00, 0x00, 0xFB, 0xFF,
    0x39, 0x00, 0x00, 0x41, 0xFA, 0xFF, 0x2E, 0x00, 0x00, 0x00, 0x00, 0xC1, 0xFF, 0xFF, 0xEF, 0xEE,
    0xFF, 0xFF, 0xDF, 0x02, 0x00, 0x00, 0x00, 0x00, 0x10, 0xF9, 0xFF, 0xFF, 0xFF, 0xFF, 0xFF, 0x18,
    0x00, 0x00, 0x00, 0x00, 0x00, 0x00, 0x20, 0xB8, 0xFE, 0xEF, 0xAD, 0x16, 0x00, 0x00, 0x00, 0x00,
    0x00,
    // Unicode: [0xFEE7, uniFEE7]
    0x00, 0x00, 0x00, 0x15, 0x00, 0x00, 0x00, 0x00, 0x50, 0xDF, 0x01, 0x00, 0x00, 0x00, 0xF4, 0xFF,
    0x1D, 0x00, 0x00, 0x00, 0xC1, 0xFF, 0x07, 0x00, 0x00, 0x00, 0x10, 0x7C, 0x00, 0x00, 0x00, 0x00,
    0x00, 0x00, 0x00, 0x00, 0x00, 0x00, 0x00, 0x00, 0x00, 0x00, 0x00, 0x00, 0x00, 0x00, 0x04, 0x00,
    0x00, 0x00, 0x00, 0xC3, 0x6F, 0x00, 0x00, 0x00, 0x00, 0xF5, 0xCF, 0x00, 0x00, 0x00, 0x00, 0xE0,
    0xFF, 0x02, 0x00, 0x00, 0x00, 0x80, 0xFF, 0x07, 0x00, 0x00, 0x00, 0x40, 0xFF, 0x0B, 0x00, 0x00,
    0x00, 0x00, 0xFF, 0x0E, 0x00, 0x00, 0x00, 0x00, 0xFD, 0x1F, 0x00, 0x00, 0x00, 0x00, 0xFC, 0x1F,
    0x00, 0x00, 0x00, 0x10, 0xFE, 0x0F, 0x00, 0x00, 0x00, 0xB2, 0xFF, 0x0B, 0xB2, 0xCC, 0xEC, 0xFF,
    0xFF, 0x03, 0xF7, 0xFF, 0xFF, 0xFF, 0x5E, 0x00, 0xE3, 0xFF, 0xFF, 0x9D, 0x02, 0x00,
    // Unicode: [0xFEE8, uniFEE8]
    0x00, 0x00, 0x00, 0x10, 0x00, 0x00, 0x00, 0x00, 0x00, 0x00, 0xE3, 0x05, 0x00, 0x00, 0x00, 0x00,
    0x30, 0xFE, 0x5F, 0x00, 0x00, 0x00, 0x00, 0x60, 0xFF, 0xAF, 0x00, 0x00, 0x00, 0x00, 0x00, 0xF7,
    0x0A, 0x00, 0x00, 0x00, 0x00, 0x00, 0x40, 0x00, 0x00, 0x00, 0x00, 0x00, 0x00, 0x00, 0x00, 0x00,
    0x00, 0x00, 0x00, 0x00, 0x00, 0x00, 0x00, 0x00, 0x00, 0x00, 0x00, 0x00, 0x00, 0x00, 0x00, 0x00,
    0x00, 0x00, 0x61, 0x3A, 0x00, 0x00, 0x00, 0x00, 0x00, 0xF7, 0x7F, 0x00, 0x00, 0x00, 0x00, 0x00,
    0xF3, 0xAF, 0x00, 0x00, 0x00, 0x00, 0x00, 0xF1, 0xBF, 0x00, 0x00, 0x00, 0x00, 0x00, 0xF0, 0xDF,
    0x00, 0x00, 0x00, 0x00, 0x00, 0xF2, 0xEF, 0x00, 0x00, 0x00, 0x00, 0x00, 0xF8, 0xFF, 0x03, 0x00,
    0x00, 0x00, 0x82, 0xFF, 0xFF, 0x1C, 0x00, 0xB1, 0xED, 0xFF, 0xFF, 0xFF, 0xFF, 0x4C, 0xF5, 0xFF,
    0xFF, 0xCF, 0xF7, 0xFF, 0xBF, 0xD1, 0xEF, 0xAD, 0x05, 0x40, 0xEB, 0x5E,
    // Unicode: [0xFEE9, uni0647]
    0x00, 0x00, 0x31, 0x00, 0x00, 0x00, 0x00, 0x00, 0xEA, 0x04, 0x00, 0x00, 0x00, 0x70, 0xFF, 0x4E,
    0x00, 0x00, 0x00, 0x20, 0xFE, 0xEF, 0x04, 0x00, 0x00, 0x90, 0xFF, 0xFF, 0x2E, 0x00, 0x00, 0xF8,
    0xFF, 0xFE, 0xCF, 0x00, 0x40, 0xFF, 0x7F, 0xE2, 0xFF, 0x07, 0xD0, 0xFF, 0x09, 0x40, 0xFF, 0x2E,
    0xF5, 0xDF, 0x01, 0x00, 0xFA, 0x8F, 0xFA, 0x6F, 0x00, 0x00, 0xF2, 0xDF, 0xFC, 0x2F, 0x00, 0x00,
    0xD0, 0xFF, 0xFC, 0x2F, 0x00, 0x00, 0xE0, 0xFF, 0xF9, 0xCF, 0x03, 0x10, 0xF8, 0xDF, 0xE2, 0xFF,
    0xEF, 0xFE, 0xFF, 0x6F, 0x40, 0xFE, 0xFF, 0xFF, 0xFF, 0x09, 0x00, 0x81, 0xFC, 0xEF, 0x4A, 0x00,
    // Unicode: [0xFEEA, uniFEEA]
    0x00, 0x00, 0x00, 0x81, 0xBB, 0x00, 0x00, 0x00, 0x00, 0x00, 0x00, 0xF1, 0xDF, 0x00, 0x00, 0x00,
    0x00, 0x00, 0x00, 0xF1, 0xFF, 0x00, 0x00, 0x00, 0x00, 0x00, 0x81, 0xFE, 0xFF, 0x01, 0x00, 0x00,
    0x00, 0x60, 0xFE, 0xFF, 0xFF, 0x03, 0x00, 0x00, 0x00, 0xFA, 0xFF, 0xEF, 0xFF, 0x05, 0x00, 0x00,
    0x90, 0xFF, 0xAF, 0x82, 0xFF, 0x07, 0x00, 0x00, 0xF5, 0xEF, 0x04, 0x60, 0xFF, 0x09, 0x00, 0x00,
    0xFD, 0x3F, 0x00, 0x40, 0xFF, 0x0B, 0x00, 0x00, 0xFF, 0x0C, 0x00, 0x10, 0xFF, 0x0D, 0x00, 0x00,
    0xFF, 0x5E, 0x00, 0x00, 0xFE, 0x1F, 0x00, 0x00, 0xFA, 0xFF, 0xDF, 0xED, 0xFF, 0x5F, 0x00, 0x00,
    0xC1, 0xFF, 0xFF, 0xFF, 0xFF, 0xDF, 0x02, 0x00, 0x00, 0xB6, 0xFE, 0xEF, 0xEC, 0xFF, 0xEF, 0x1B,
    0x00, 0x00, 0x00, 0x00, 0x30, 0xFE, 0xFF, 0x6F, 0x00, 0x00, 0x00, 0x00, 0x00, 0x92, 0xFD, 0x2D,
    // Unicode: [0xFEEB, uniFEEB]
    0x00, 0x00, 0x00, 0x00, 0x03, 0x00, 0x00, 0x00, 0x00, 0x00, 0x00, 0x00, 0x00, 0x00, 0x00, 0x50,
    0xCF, 0x16, 0x00, 0x00, 0x00, 0x00, 0x00, 0x00, 0x00, 0x00, 0x00, 0xD0, 0xFF, 0xEF, 0x39, 0x00,
    0x00, 0x00, 0x00, 0x00, 0x00, 0x00, 0x00, 0xA1, 0xFF, 0xFF, 0xFF, 0x4B, 0x00, 0x00, 0x00, 0x00,
    0x00, 0x00, 0x00, 0xE4, 0xFF, 0xFF, 0xFF, 0xFF, 0x4B, 0x00, 0x00, 0x00, 0x00, 0x00, 0x30, 0xFF,
    0x9F, 0x85, 0xFF, 0xFF, 0xFF, 0x2B, 0x00, 0x00, 0x00, 0x00, 0xC0, 0xFF, 0x05, 0x00, 0xF7, 0xEF,
    0xFE, 0xEF, 0x05, 0x00, 0x00, 0x00, 0xF3, 0xBF, 0x00, 0x00, 0xF2, 0xEF, 0x91, 0xFF, 0x4F, 0x00,
    0x00, 0x00, 0xF6, 0x6F, 0x00, 0x00, 0xF0, 0xFF, 0x00, 0xF6, 0xEF, 0x01, 0x00, 0x00, 0xF7, 0x6F,
    0x00, 0x00, 0xF2, 0xDF, 0x00, 0x90, 0xFF, 0x06, 0x00, 0x00, 0xF4, 0xBF, 0x00, 0x00, 0xF7, 0x9F,
    0x00, 0x20, 0xFF, 0x09, 0x00, 0x00, 0xD0, 0xFF, 0x06, 0x20, 0xFE, 0x4F, 0x00, 0x10, 0xFF, 0x0A,
    0x00, 0x00, 0x50, 0xFF, 0x7F, 0xD4, 0xFF, 0x0B, 0x00, 0x80, 0xFF, 0x08, 0x00, 0x00, 0x00, 0xFA,
    0xFF, 0xFF, 0xEF, 0x02, 0x30, 0xF9, 0xFF, 0x03, 0xD2, 0xFF, 0xFF, 0xFF, 0xFF, 0xFF, 0xFF, 0xFF,
    0xFF, 0xFF, 0x9F, 0x00, 0xF7, 0xFF, 0xFF, 0xFF, 0xFF, 0xFF, 0xFF, 0xFF, 0xFF, 0xFF, 0x08, 0x00,
    0xD3, 0xFF, 0xEF, 0xBD, 0x59, 0x83, 0xDB, 0xFE, 0xCE, 0x38, 0x00, 0x00,
    // Unicode: [0xFEEC, uniFEEC]
    0x00, 0x00, 0x00, 0x00, 0x75, 0x04, 0x00, 0x00, 0x00, 0x00, 0x00, 0x00, 0x00, 0xC1, 0xFF, 0x9F,
    0x00, 0x00, 0x00, 0x00, 0x00, 0x00, 0x00, 0xFC, 0xFF, 0xFF, 0x05, 0x00, 0x00, 0x00, 0x00, 0x00,
    0x60, 0xFF, 0xCF, 0xFF, 0x0C, 0x00, 0x00, 0x00, 0x00, 0x00, 0xE1, 0xFF, 0x06, 0xFC, 0x2F, 0x00,
    0x00, 0x00, 0x00, 0x00, 0xF5, 0xBF, 0x00, 0xF6, 0x5F, 0x00, 0x00, 0x00, 0x00, 0x00, 0xFB, 0x4F,
    0x00, 0xF4, 0x6F, 0x00, 0x00, 0x00, 0x00, 0x00, 0xFE, 0x0E, 0x00, 0xF6, 0x7F, 0x00, 0x00, 0x00,
    0x00, 0x20, 0xFF, 0x0A, 0x00, 0xFA, 0x5F, 0x00, 0x00, 0x00, 0x00, 0x40, 0xFF, 0x08, 0x40, 0xFF,
    0x1E, 0x00, 0x00, 0x00, 0x00, 0x50, 0xFF, 0x18, 0xF7, 0xFF, 0x06, 0x00, 0x00, 0x00, 0xB1, 0xED,
    0xFF, 0xFF, 0xFF, 0xAF, 0x10, 0xB6, 0x9D, 0x00, 0xF6, 0xFF, 0xFF, 0xFF, 0xEF, 0x07, 0xD4, 0xFF,
    0xFF, 0x02, 0xD2, 0xFF, 0xFF, 0xBF, 0x16, 0x50, 0xFF, 0xFF, 0xBF, 0x00, 0x00, 0x00, 0xFA, 0x7F,
    0x00, 0xE2, 0xFF, 0x3C, 0x00, 0x00, 0x00, 0x00, 0xF3, 0xEF, 0x01, 0xF8, 0xBF, 0x00, 0x00, 0x00,
    0x00, 0x00, 0xC0, 0xFF, 0x09, 0xFE, 0x1E, 0x00, 0x00, 0x00, 0x00, 0x00, 0x40, 0xFF, 0x7F, 0xFF,
    0x09, 0x00, 0x00, 0x00, 0x00, 0x00, 0x00, 0xFA, 0xFF, 0xFF, 0x07, 0x00, 0x00, 0x00, 0x00, 0x00,
    0x00, 0xD1, 0xFF, 0xFF, 0x09, 0x00, 0x00, 0x00, 0x00, 0x00, 0x00, 0x20, 0xFD, 0xFF, 0x1E, 0x00,
    0x00, 0x00, 0x00, 0x00, 0x00, 0x00, 0xD2, 0xFF, 0x6F, 0x00, 0x00, 0x00, 0x00, 0x00, 0x00, 0x00,
    0x10, 0xFB, 0x0B, 0x00, 0x00, 0x00, 0x00, 0x00, 0x00, 0x00, 0x00, 0x60, 0x01, 0x00, 0x00, 0x00,
    // Unicode: [0xFEED, uni0648]
    0x00, 0x00, 0xC5, 0xDF, 0x18, 0x00, 0x00, 0x00, 0x70, 0xFF, 0xFF, 0xDF, 0x02, 0x00, 0x00, 0xF4,
    0xFF, 0xFE, 0xFF, 0x1D, 0x00, 0x00, 0xFC, 0x8F, 0x30, 0xFD, 0x9F, 0x00, 0x30, 0xFF, 0x0D, 0x00,
    0xF3, 0xFF, 0x01, 0x70, 0xFF, 0x07, 0x00, 0x90, 0xFF, 0x07, 0x90, 0xFF, 0x05, 0x00, 0x30, 0xFF,
    0x0B, 0x90, 0xFF, 0x06, 0x00, 0x00, 0xFE, 0x0E, 0x60, 0xFF, 0x4D, 0x00, 0x00, 0xFC, 0x1F, 0x10,
    0xFE, 0xFF, 0xEF, 0xEE, 0xFF, 0x2F, 0x00, 0xF5, 0xFF, 0xFF, 0xFF, 0xFF, 0x2F, 0x00, 0x20, 0xD9,
    0xFE, 0xFF, 0xFF, 0x1F, 0x00, 0x00, 0x00, 0x00, 0x00, 0xFF, 0x0D, 0x00, 0x00, 0x00, 0x00, 0x60,
    0xFF, 0x09, 0x00, 0x00, 0x00, 0x00, 0xD1, 0xFF, 0x03, 0x00, 0x00, 0x00, 0x10, 0xFC, 0xAF, 0x00,
    0x00, 0x00, 0x00, 0xC2, 0xFF, 0x1E, 0x00, 0x00, 0x00, 0x81, 0xFF, 0xEF, 0x03, 0x00, 0x00, 0x83,
    0xFE, 0xFF, 0x4E, 0x00, 0x00, 0xE8, 0xFF, 0xFF, 0xAF, 0x01, 0x00, 0x00, 0xF9, 0xFF, 0xCF, 0x05,
    0x00, 0x00, 0x00, 0xF6, 0x9D, 0x03, 0x00, 0x00, 0x00, 0x00, 0x11, 0x00, 0x00, 0x00, 0x00, 0x00,
    0x00,
    // Unicode: [0xFEEE, uniFEEE]
    0x00, 0x00, 0xC5, 0xDF, 0x18, 0x00, 0x00, 0x00, 0x00, 0x70, 0xFF, 0xFF, 0xDF, 0x03, 0x00, 0x00,
    0x00, 0xF4, 0xFF, 0xFE, 0xFF, 0x1D, 0x00, 0x00, 0x00, 0xFC, 0x8F, 0x30, 0xFD, 0x9F, 0x00, 0x00,
    0x20, 0xFF, 0x0D, 0x00, 0xF3, 0xFF, 0x02, 0x00, 0x60, 0xFF, 0x08, 0x00, 0x90, 0xFF, 0x08, 0x00,
    0x80, 0xFF, 0x05, 0x00, 0x30, 0xFF, 0x0C, 0x00, 0x80, 0xFF, 0x06, 0x00, 0x00, 0xFE, 0x0F, 0x00,
    0x60, 0xFF, 0x4D, 0x00, 0x00, 0xFC, 0x2F, 0x00, 0x10, 0xFE, 0xFF, 0xDE, 0xED, 0xFF, 0xEF, 0x4D,
    0x00, 0xF4, 0xFF, 0xFF, 0xFF, 0xFF, 0xFF, 0xAF, 0x00, 0x20, 0xD9, 0xFE, 0xFF, 0xFF, 0xFF, 0x5E,
    0x00, 0x00, 0x00, 0x00, 0x00, 0xFE, 0x0C, 0x00, 0x00, 0x00, 0x00, 0x00, 0x50, 0xFF, 0x08, 0x00,
    0x00, 0x00, 0x00, 0x00, 0xD1, 0xFF, 0x02, 0x00, 0x00, 0x00, 0x00, 0x10, 0xFB, 0x9F, 0x00, 0x00,
    0x00, 0x00, 0x00, 0xC2, 0xFF, 0x1D, 0x00, 0x00, 0x00, 0x00, 0x71, 0xFF, 0xEF, 0x03, 0x00, 0x00,
    0x00, 0x83, 0xFE, 0xFF, 0x3E, 0x00, 0x00, 0x00, 0xE8, 0xFF, 0xFF, 0xBF, 0x01, 0x00, 0x00, 0x00,
    0xF9, 0xFF, 0xCF, 0x05, 0x00, 0x00, 0x00, 0x00, 0xF6, 0x9E, 0x04, 0x00, 0x00, 0x00, 0x00, 0x00,
    0x21, 0x00, 0x00, 0x00, 0x00, 0x00, 0x00, 0x00,
    // Unicode: [0xFEFB, uniFEFB]
    0x00, 0x00, 0x00, 0x00, 0x00, 0x00, 0x64, 0x06, 0x00, 0x00, 0x00, 0x00, 0x00, 0x00, 0x10, 0xFF,
    0x0D, 0x00, 0x00, 0x00, 0x00, 0x00, 0x00, 0x00, 0xFE, 0x0F, 0x00, 0x50, 0x0C, 0x00, 0x00, 0x00,
    0x00, 0xFD, 0x2F, 0x00, 0xF8, 0x8F, 0x00, 0x00, 0x00, 0x00, 0xFB, 0x4F, 0x00, 0xF4, 0xFF, 0x03,
    0x00, 0x00, 0x00, 0xF9, 0x6F, 0x00, 0x90, 0xFF, 0x0C, 0x00, 0x00, 0x00, 0xF8, 0x8F, 0x00, 0x10,
    0xFE, 0x6F, 0x00, 0x00, 0x00, 0xF6, 0xAF, 0x00, 0x00, 0xF6, 0xEF, 0x01, 0x00, 0x00, 0xF4, 0xBF,
    0x00, 0x00, 0xC0, 0xFF, 0x08, 0x00, 0x00, 0xF3, 0xDF, 0x00, 0x00, 0x30, 0xFF, 0x2E, 0x00, 0x00,
    0xF1, 0xEF, 0x00, 0x00, 0x00, 0xFA, 0x9F, 0x00, 0x00, 0xE0, 0xFF, 0x00, 0x00, 0x00, 0xF2, 0xFF,
    0x02, 0x00, 0xD0, 0xFF, 0x02, 0x00, 0x00, 0xA0, 0xFF, 0x08, 0x00, 0xB0, 0xFF, 0x03, 0x00, 0x00,
    0x30, 0xFF, 0x1E, 0x00, 0xA0, 0xFF, 0x03, 0x00, 0x00, 0x00, 0xFB, 0x6F, 0x00, 0xB0, 0xFF, 0x03,
    0x00, 0x00, 0x00, 0xF5, 0xBF, 0x00, 0xE0, 0xFF, 0x01, 0x00, 0x00, 0x00, 0xE1, 0xFF, 0x01, 0xF6,
    0xCF, 0x00, 0x00, 0x00, 0x00, 0xA0, 0xFF, 0x15, 0xFE, 0x7F, 0x00, 0x00, 0x00, 0x00, 0x60, 0xFF,
    0xCB, 0xFF, 0x1E, 0x00, 0x00, 0x00, 0x00, 0x30, 0xFF, 0xFF, 0xFF, 0x05, 0x00, 0x00, 0x60, 0xEF,
    0xFE, 0xFF, 0xFF, 0x6F, 0x00, 0x00, 0x00, 0x90, 0xFF, 0xFF, 0xFF, 0xAF, 0x02, 0x00, 0x00, 0x00,
    0xA0, 0xFE, 0xDF, 0x7B, 0x02, 0x00, 0x00, 0x00,
    // Unicode: [0xFEFC, uniFEFC]
    0x00, 0x00, 0x00, 0x00, 0x00, 0x00, 0x42, 0x05, 0x00, 0x00, 0x00, 0x00, 0x00, 0x00, 0x00, 0x00,
    0x00, 0xFD, 0x0F, 0x00, 0x00, 0x00, 0x00, 0x00, 0x00, 0x00, 0x00, 0x00, 0xFC, 0x2F, 0x00, 0x00,
    0x00, 0x20, 0x1B, 0x00, 0x00, 0x00, 0x00, 0xFB, 0x3F, 0x00, 0x00, 0x00, 0xE5, 0xAF, 0x00, 0x00,
    0x00, 0x00, 0xF9, 0x5F, 0x00, 0x00, 0x00, 0xE2, 0xFF, 0x05, 0x00, 0x00, 0x00, 0xF8, 0x6F, 0x00,
    0x00, 0x00, 0x70, 0xFF, 0x1D, 0x00, 0x00, 0x00, 0xF6, 0x7F, 0x00, 0x00, 0x00, 0x00, 0xFC, 0x8F,
    0x00, 0x00, 0x00, 0xF5, 0x9F, 0x00, 0x00, 0x00, 0x00, 0xF3, 0xFF, 0x02, 0x00, 0x00, 0xF4, 0xAF,
    0x00, 0x00, 0x00, 0x00, 0x90, 0xFF, 0x0A, 0x00, 0x00, 0xF2, 0xBF, 0x00, 0x00, 0x00, 0x00, 0x10,
    0xFE, 0x3F, 0x00, 0x00, 0xF1, 0xDF, 0x00, 0x00, 0x00, 0x00, 0x00, 0xF8, 0xBF, 0x00, 0x00, 0xF0,
    0xEF, 0x00, 0x00, 0x00, 0x00, 0x00, 0xE1, 0xFF, 0x04, 0x00, 0xE0, 0xFF, 0x00, 0x00, 0x00, 0x00,
    0x00, 0x70, 0xFF, 0x0A, 0x00, 0xD0, 0xFF, 0x01, 0x00, 0x00, 0x00, 0x00, 0x10, 0xFE, 0x2F, 0x00,
    0xC0, 0xFF, 0x02, 0x00, 0x00, 0x00, 0x00, 0x00, 0xF9, 0x8F, 0x00, 0xA0, 0xFF, 0x03, 0x00, 0x00,
    0x00, 0x00, 0x00, 0xF3, 0xDF, 0x00, 0xB0, 0xFF, 0x04, 0x00, 0x00, 0x00, 0x00, 0x00, 0xC0, 0xFF,
    0x04, 0xE0, 0xFF, 0x05, 0x00, 0x00, 0x00, 0x00, 0x00, 0x70, 0xFF, 0x08, 0xF8, 0xFF, 0x09, 0x00,
    0x00, 0x00, 0x00, 0x00, 0x30, 0xFF, 0x8C, 0xFF, 0xFF, 0x7F, 0x01, 0x00, 0x00, 0x00, 0x00, 0x10,
    0xFE, 0xFF, 0xFF, 0xFC, 0xFF, 0xDF, 0x07, 0x00, 0x30, 0xEF, 0xFE, 0xFF, 0xFF, 0x8F, 0x90, 0xFF,
    0xFF, 0x0F, 0x00, 0x60, 0xFF, 0xFF, 0xFF, 0xCF, 0x04, 0x00, 0xB5, 0xFF, 0x09, 0x00, 0x70, 0xFE,
    0xEF, 0x8B, 0x03, 0x00, 0x00, 0x00, 0x00, 0x00
};
