#include <touchgfx/hal/Types.hpp>

FONT_GLYPH_LOCATION_FLASH_PRAGMA
KEEP extern const uint8_t unicodes_IRANSans_PerNumber_40_4bpp_0[] FONT_GLYPH_LOCATION_FLASH_ATTRIBUTE = {
    // Unicode: [0x0020, space]
    // (Has no glyph data)
    // Unicode: [0x0021, exclam]
    0x50, 0xBB, 0x5B, 0x00, 0x70, 0xFF, 0x7F, 0x00, 0x70, 0xFF, 0x7F, 0x00, 0x70, 0xFF, 0x7F, 0x00,
    0x70, 0xFF, 0x7F, 0x00, 0x70, 0xFF, 0x7F, 0x00, 0x70, 0xFF, 0x7F, 0x00, 0x70, 0xFF, 0x7F, 0x00,
    0x60, 0xFF, 0x6F, 0x00, 0x50, 0xFF, 0x6F, 0x00, 0x50, 0xFF, 0x5F, 0x00, 0x40, 0xFF, 0x5F, 0x00,
    0x40, 0xFF, 0x5F, 0x00, 0x30, 0xFF, 0x4F, 0x00, 0x30, 0xFF, 0x4F, 0x00, 0x20, 0xFF, 0x3F, 0x00,
    0x10, 0xFF, 0x3F, 0x00, 0x10, 0xFF, 0x3F, 0x00, 0x00, 0xFF, 0x2F, 0x00, 0x00, 0xFF, 0x2F, 0x00,
    0x00, 0xFE, 0x1F, 0x00, 0x00, 0xFE, 0x1F, 0x00, 0x00, 0xFD, 0x1F, 0x00, 0x00, 0x00, 0x00, 0x00,
    0x00, 0x00, 0x00, 0x00, 0x00, 0x00, 0x00, 0x00, 0x00, 0xC1, 0x05, 0x00, 0x10, 0xFC, 0x5F, 0x00,
    0xC1, 0xFF, 0xFF, 0x05, 0xD2, 0xFF, 0xEF, 0x03, 0x20, 0xFD, 0x3E, 0x00, 0x00, 0xC2, 0x03, 0x00,
    // Unicode: [0x0022, quotedbl]
    0xF2, 0xFF, 0x0D, 0xA0, 0xFF, 0x5F, 0xF2, 0xFF, 0x0D, 0xA0, 0xFF, 0x5F, 0xF2, 0xFF, 0x0D, 0xA0,
    0xFF, 0x5F, 0xF2, 0xFF, 0x0D, 0xA0, 0xFF, 0x5F, 0xF2, 0xFF, 0x0D, 0xA0, 0xFF, 0x5F, 0xF0, 0xFF,
    0x0B, 0x80, 0xFF, 0x3F, 0xC0, 0xFF, 0x08, 0x50, 0xFF, 0x0F, 0xA0, 0xFF, 0x06, 0x30, 0xFF, 0x0C,
    0x70, 0xFF, 0x03, 0x00, 0xFF, 0x0A, 0x40, 0xFF, 0x01, 0x00, 0xFC, 0x07,
    // Unicode: [0x0023, numbersign]
    0x00, 0x00, 0x00, 0x10, 0xFF, 0x0C, 0x00, 0x00, 0xF1, 0xEF, 0x00, 0x00, 0x00, 0x00, 0x50, 0xFF,
    0x09, 0x00, 0x00, 0xF4, 0xAF, 0x00, 0x00, 0x00, 0x00, 0x90, 0xFF, 0x05, 0x00, 0x00, 0xF8, 0x7F,
    0x00, 0x00, 0x00, 0x00, 0xC0, 0xFF, 0x02, 0x00, 0x00, 0xFB, 0x3F, 0x00, 0x00, 0x00, 0x00, 0xF1,
    0xDF, 0x00, 0x00, 0x00, 0xFE, 0x0E, 0x00, 0x00, 0x00, 0x00, 0xF5, 0x9F, 0x00, 0x00, 0x30, 0xFF,
    0x0B, 0x00, 0x00, 0x00, 0x00, 0xF8, 0x6F, 0x00, 0x00, 0x70, 0xFF, 0x07, 0x00, 0xF9, 0xFF, 0xFF,
    0xFF, 0xFF, 0xFF, 0xFF, 0xFF, 0xFF, 0xFF, 0xBF, 0xF9, 0xFF, 0xFF, 0xFF, 0xFF, 0xFF, 0xFF, 0xFF,
    0xFF, 0xFF, 0xBF, 0xD8, 0xDD, 0xED, 0xFF, 0xDE, 0xDD, 0xDD, 0xFE, 0xFF, 0xDD, 0xAD, 0x00, 0x00,
    0x60, 0xFF, 0x08, 0x00, 0x00, 0xF4, 0xAF, 0x00, 0x00, 0x00, 0x00, 0x90, 0xFF, 0x05, 0x00, 0x00,
    0xF8, 0x7F, 0x00, 0x00, 0x00, 0x00, 0xC0, 0xFF, 0x02, 0x00, 0x00, 0xFB, 0x4F, 0x00, 0x00, 0x00,
    0x00, 0xF0, 0xEF, 0x00, 0x00, 0x00, 0xFE, 0x1F, 0x00, 0x00, 0x00, 0x00, 0xF3, 0xBF, 0x00, 0x00,
    0x20, 0xFF, 0x0C, 0x00, 0x00, 0x00, 0x00, 0xF6, 0x8F, 0x00, 0x00, 0x50, 0xFF, 0x09, 0x00, 0x00,
    0x00, 0x00, 0xF9, 0x5F, 0x00, 0x00, 0x80, 0xFF, 0x06, 0x00, 0x00, 0xF9, 0xFF, 0xFF, 0xFF, 0xFF,
    0xFF, 0xFF, 0xFF, 0xFF, 0xFF, 0xBF, 0xF9, 0xFF, 0xFF, 0xFF, 0xFF, 0xFF, 0xFF, 0xFF, 0xFF, 0xFF,
    0xBF, 0xD8, 0xED, 0xFF, 0xDE, 0xDD, 0xDD, 0xFE, 0xEF, 0xDD, 0xDD, 0xAD, 0x00, 0x60, 0xFF, 0x08,
    0x00, 0x00, 0xF5, 0x9F, 0x00, 0x00, 0x00, 0x00, 0x90, 0xFF, 0x04, 0x00, 0x00, 0xF8, 0x6F, 0x00,
    0x00, 0x00, 0x00, 0xD0, 0xFF, 0x01, 0x00, 0x00, 0xFC, 0x3F, 0x00, 0x00, 0x00, 0x00, 0xF1, 0xDF,
    0x00, 0x00, 0x00, 0xFE, 0x0E, 0x00, 0x00, 0x00, 0x00, 0xF4, 0xAF, 0x00, 0x00, 0x30, 0xFF, 0x0B,
    0x00, 0x00, 0x00, 0x00, 0xF7, 0x7F, 0x00, 0x00, 0x60, 0xFF, 0x08, 0x00, 0x00, 0x00, 0x00, 0xFA,
    0x4F, 0x00, 0x00, 0x90, 0xFF, 0x05, 0x00, 0x00, 0x00, 0x00, 0xFD, 0x1F, 0x00, 0x00, 0xC0, 0xFF,
    0x02, 0x00, 0x00, 0x00,
    // Unicode: [0x0024, dollar]
    0x00, 0x00, 0x00, 0x00, 0x80, 0x08, 0x00, 0x00, 0x00, 0x00, 0x00, 0x00, 0x00, 0x00, 0xF0, 0x0F,
    0x00, 0x00, 0x00, 0x00, 0x00, 0x00, 0x10, 0x95, 0xFB, 0xBF, 0x59, 0x00, 0x00, 0x00, 0x00, 0x00,
    0xE7, 0xFF, 0xFF, 0xFF, 0xFF, 0x5D, 0x00, 0x00, 0x00, 0xB0, 0xFF, 0xFF, 0xFF, 0xFF, 0xFF, 0xFF,
    0x07, 0x00, 0x00, 0xF9, 0xFF, 0x8E, 0xF4, 0x5F, 0xFA, 0xFF, 0x4F, 0x00, 0x30, 0xFF, 0xDF, 0x02,
    0xF0, 0x0F, 0x60, 0xFF, 0xDF, 0x00, 0x80, 0xFF, 0x3F, 0x00, 0xF0, 0x0F, 0x00, 0xFA, 0xFF, 0x04,
    0xC0, 0xFF, 0x0B, 0x00, 0xF0, 0x0F, 0x00, 0xF4, 0xFF, 0x08, 0xE0, 0xFF, 0x09, 0x00, 0xF0, 0x0F,
    0x00, 0x91, 0x57, 0x02, 0xE0, 0xFF, 0x0A, 0x00, 0xF0, 0x0F, 0x00, 0x00, 0x00, 0x00, 0xC0, 0xFF,
    0x0D, 0x00, 0xF0, 0x0F, 0x00, 0x00, 0x00, 0x00, 0x90, 0xFF, 0x6F, 0x00, 0xF0, 0x0F, 0x00, 0x00,
    0x00, 0x00, 0x30, 0xFF, 0xFF, 0x06, 0xF0, 0x0F, 0x00, 0x00, 0x00, 0x00, 0x00, 0xF9, 0xFF, 0xCF,
    0xF7, 0x0F, 0x00, 0x00, 0x00, 0x00, 0x00, 0xA0, 0xFF, 0xFF, 0xFF, 0xBF, 0x37, 0x00, 0x00, 0x00,
    0x00, 0x00, 0xD6, 0xFF, 0xFF, 0xFF, 0xFF, 0x5C, 0x00, 0x00, 0x00, 0x00, 0x00, 0xA5, 0xFE, 0xFF,
    0xFF, 0xFF, 0x0A, 0x00, 0x00, 0x00, 0x00, 0x00, 0xF1, 0xBF, 0xFF, 0xFF, 0xAF, 0x00, 0x00, 0x00,
    0x00, 0x00, 0xF0, 0x0F, 0x92, 0xFF, 0xFF, 0x06, 0x00, 0x00, 0x00, 0x00, 0xF0, 0x0F, 0x00, 0xF6,
    0xFF, 0x0D, 0x00, 0x00, 0x00, 0x00, 0xF0, 0x0F, 0x00, 0xB0, 0xFF, 0x2F, 0x00, 0x00, 0x00, 0x00,
    0xF0, 0x0F, 0x00, 0x60, 0xFF, 0x5F, 0x94, 0xEB, 0x01, 0x00, 0xF0, 0x0F, 0x00, 0x40, 0xFF, 0x5F,
    0xF6, 0xFF, 0x04, 0x00, 0xF0, 0x0F, 0x00, 0x50, 0xFF, 0x4F, 0xF4, 0xFF, 0x09, 0x00, 0xF0, 0x0F,
    0x00, 0x80, 0xFF, 0x2F, 0xE1, 0xFF, 0x1E, 0x00, 0xF0, 0x0F, 0x00, 0xE1, 0xFF, 0x0D, 0x80, 0xFF,
    0xBF, 0x00, 0xF0, 0x0F, 0x00, 0xFA, 0xFF, 0x07, 0x10, 0xFE, 0xFF, 0x4C, 0xF0, 0x0F, 0xC3, 0xFF,
    0xDF, 0x01, 0x00, 0xE4, 0xFF, 0xFF, 0xFE, 0xEF, 0xFF, 0xFF, 0x2E, 0x00, 0x00, 0x30, 0xFC, 0xFF,
    0xFF, 0xFF, 0xFF, 0xCF, 0x02, 0x00, 0x00, 0x00, 0x40, 0xD9, 0xFF, 0xEF, 0xAD, 0x05, 0x00, 0x00,
    0x00, 0x00, 0x00, 0x00, 0xF1, 0x0F, 0x00, 0x00, 0x00, 0x00, 0x00, 0x00, 0x00, 0x00, 0xF0, 0x0F,
    0x00, 0x00, 0x00, 0x00, 0x00, 0x00, 0x00, 0x00, 0xF0, 0x0F, 0x00, 0x00, 0x00, 0x00, 0x00, 0x00,
    0x00, 0x00, 0x80, 0x08, 0x00, 0x00, 0x00, 0x00,
    // Unicode: [0x0025, percent]
    0x00, 0x40, 0xEB, 0xDF, 0x29, 0x00, 0x00, 0x00, 0x00, 0x00, 0x20, 0xFF, 0x0B, 0x00, 0x00, 0x00,
    0x00, 0xF8, 0xFF, 0xFF, 0xFF, 0x05, 0x00, 0x00, 0x00, 0x00, 0xA0, 0xFF, 0x03, 0x00, 0x00, 0x00,
    0x50, 0xFF, 0x9F, 0xA7, 0xFF, 0x4F, 0x00, 0x00, 0x00, 0x00, 0xF3, 0xAF, 0x00, 0x00, 0x00, 0x00,
    0xD0, 0xFF, 0x05, 0x00, 0xF7, 0xCF, 0x00, 0x00, 0x00, 0x00, 0xFB, 0x2F, 0x00, 0x00, 0x00, 0x00,
    0xF4, 0xCF, 0x00, 0x00, 0xD0, 0xFF, 0x03, 0x00, 0x00, 0x30, 0xFF, 0x09, 0x00, 0x00, 0x00, 0x00,
    0xF8, 0x8F, 0x00, 0x00, 0xA0, 0xFF, 0x06, 0x00, 0x00, 0xB0, 0xFF, 0x02, 0x00, 0x00, 0x00, 0x00,
    0xF9, 0x7F, 0x00, 0x00, 0x80, 0xFF, 0x08, 0x00, 0x00, 0xF4, 0x9F, 0x00, 0x00, 0x00, 0x00, 0x00,
    0xFA, 0x6F, 0x00, 0x00, 0x80, 0xFF, 0x08, 0x00, 0x00, 0xFC, 0x2F, 0x00, 0x00, 0x00, 0x00, 0x00,
    0xF9, 0x6F, 0x00, 0x00, 0x80, 0xFF, 0x08, 0x00, 0x50, 0xFF, 0x08, 0x00, 0x00, 0x00, 0x00, 0x00,
    0xF7, 0x8F, 0x00, 0x00, 0xA0, 0xFF, 0x06, 0x00, 0xC0, 0xEF, 0x01, 0x00, 0x00, 0x00, 0x00, 0x00,
    0xF4, 0xCF, 0x00, 0x00, 0xD0, 0xFF, 0x02, 0x00, 0xF5, 0x8F, 0x00, 0x00, 0x00, 0x00, 0x00, 0x00,
    0xE0, 0xFF, 0x05, 0x00, 0xF6, 0xCF, 0x00, 0x00, 0xFD, 0x1E, 0x00, 0x00, 0x00, 0x00, 0x00, 0x00,
    0x60, 0xFF, 0x9F, 0xA6, 0xFF, 0x3F, 0x00, 0x60, 0xFF, 0x07, 0x00, 0x00, 0x00, 0x00, 0x00, 0x00,
    0x00, 0xF8, 0xFF, 0xFF, 0xFF, 0x05, 0x00, 0xD0, 0xEF, 0x01, 0x00, 0x00, 0x00, 0x00, 0x00, 0x00,
    0x00, 0x40, 0xEA, 0xDF, 0x29, 0x00, 0x00, 0xF7, 0x6F, 0x00, 0x00, 0x00, 0x00, 0x00, 0x00, 0x00,
    0x00, 0x00, 0x00, 0x00, 0x00, 0x00, 0x10, 0xFE, 0x0D, 0x00, 0x10, 0xD8, 0xEE, 0x6C, 0x00, 0x00,
    0x00, 0x00, 0x00, 0x00, 0x00, 0x00, 0x70, 0xFF, 0x06, 0x00, 0xD2, 0xFF, 0xFF, 0xFF, 0x1C, 0x00,
    0x00, 0x00, 0x00, 0x00, 0x00, 0x00, 0xE1, 0xDF, 0x00, 0x00, 0xFC, 0xCF, 0x77, 0xFD, 0xBF, 0x00,
    0x00, 0x00, 0x00, 0x00, 0x00, 0x00, 0xF8, 0x5F, 0x00, 0x60, 0xFF, 0x0C, 0x00, 0xD1, 0xFF, 0x05,
    0x00, 0x00, 0x00, 0x00, 0x00, 0x10, 0xFE, 0x0C, 0x00, 0xB0, 0xFF, 0x05, 0x00, 0x50, 0xFF, 0x0B,
    0x00, 0x00, 0x00, 0x00, 0x00, 0x90, 0xFF, 0x05, 0x00, 0xF0, 0xFF, 0x01, 0x00, 0x20, 0xFF, 0x0E,
    0x00, 0x00, 0x00, 0x00, 0x00, 0xF2, 0xCF, 0x00, 0x00, 0xF2, 0xEF, 0x00, 0x00, 0x00, 0xFF, 0x1F,
    0x00, 0x00, 0x00, 0x00, 0x00, 0xF9, 0x4F, 0x00, 0x00, 0xF2, 0xEF, 0x00, 0x00, 0x00, 0xFF, 0x1F,
    0x00, 0x00, 0x00, 0x00, 0x20, 0xFF, 0x0B, 0x00, 0x00, 0xF1, 0xEF, 0x00, 0x00, 0x00, 0xFF, 0x1F,
    0x00, 0x00, 0x00, 0x00, 0xA0, 0xFF, 0x04, 0x00, 0x00, 0xE0, 0xFF, 0x01, 0x00, 0x20, 0xFF, 0x0E,
    0x00, 0x00, 0x00, 0x00, 0xF3, 0xBF, 0x00, 0x00, 0x00, 0xB0, 0xFF, 0x04, 0x00, 0x60, 0xFF, 0x0A,
    0x00, 0x00, 0x00, 0x00, 0xFB, 0x3F, 0x00, 0x00, 0x00, 0x60, 0xFF, 0x1C, 0x00, 0xD1, 0xFF, 0x05,
    0x00, 0x00, 0x00, 0x40, 0xFF, 0x0A, 0x00, 0x00, 0x00, 0x00, 0xFC, 0xDF, 0x77, 0xFD, 0xBF, 0x00,
    0x00, 0x00, 0x00, 0xB0, 0xFF, 0x02, 0x00, 0x00, 0x00, 0x00, 0xD2, 0xFF, 0xFF, 0xFF, 0x1B, 0x00,
    0x00, 0x00, 0x00, 0xF4, 0xAF, 0x00, 0x00, 0x00, 0x00, 0x00, 0x10, 0xC7, 0xEE, 0x6C, 0x00, 0x00,
    // Unicode: [0x0026, ampersand]
    0x00, 0x00, 0x00, 0x10, 0xB7, 0xFE, 0xBE, 0x06, 0x00, 0x00, 0x00, 0x00, 0x00, 0x00, 0x00, 0x00,
    0xE4, 0xFF, 0xFF, 0xFF, 0xCF, 0x02, 0x00, 0x00, 0x00, 0x00, 0x00, 0x00, 0x50, 0xFF, 0xFF, 0xEF,
    0xFF, 0xFF, 0x1D, 0x00, 0x00, 0x00, 0x00, 0x00, 0x00, 0xE1, 0xFF, 0x6E, 0x00, 0xC2, 0xFF, 0x8F,
    0x00, 0x00, 0x00, 0x00, 0x00, 0x00, 0xF6, 0xFF, 0x06, 0x00, 0x10, 0xFE, 0xDF, 0x00, 0x00, 0x00,
    0x00, 0x00, 0x00, 0xF9, 0xFF, 0x00, 0x00, 0x00, 0xFA, 0xFF, 0x01, 0x00, 0x00, 0x00, 0x00, 0x00,
    0xF9, 0xFF, 0x00, 0x00, 0x00, 0xF9, 0xFF, 0x00, 0x00, 0x00, 0x00, 0x00, 0x00, 0xF7, 0xFF, 0x05,
    0x00, 0x00, 0xFC, 0xCF, 0x00, 0x00, 0x00, 0x00, 0x00, 0x00, 0xF1, 0xFF, 0x1D, 0x00, 0x50, 0xFF,
    0x5F, 0x00, 0x00, 0x00, 0x00, 0x00, 0x00, 0x70, 0xFF, 0xCF, 0x00, 0xF6, 0xFF, 0x09, 0x00, 0x00,
    0x00, 0x00, 0x00, 0x00, 0x00, 0xFB, 0xFF, 0xAA, 0xFF, 0x9F, 0x00, 0x00, 0x00, 0x00, 0x00, 0x00,
    0x00, 0x00, 0xD1, 0xFF, 0xFF, 0xDF, 0x05, 0x00, 0x00, 0x00, 0x00, 0x00, 0x00, 0x00, 0x10, 0xE7,
    0xFF, 0xFF, 0x1E, 0x00, 0x00, 0x00, 0x00, 0x00, 0x00, 0x00, 0x00, 0xD4, 0xFF, 0xEF, 0xFF, 0x9F,
    0x00, 0x00, 0x00, 0x00, 0x00, 0x00, 0x00, 0x70, 0xFF, 0xDF, 0x24, 0xFE, 0xFF, 0x07, 0x00, 0x20,
    0x00, 0x00, 0x00, 0x00, 0xF7, 0xFF, 0x1B, 0x00, 0xF3, 0xFF, 0x4F, 0x00, 0xF1, 0xBE, 0x06, 0x00,
    0x30, 0xFF, 0xCF, 0x00, 0x00, 0x60, 0xFF, 0xEF, 0x03, 0xF5, 0xFF, 0x08, 0x00, 0xB0, 0xFF, 0x3F,
    0x00, 0x00, 0x00, 0xF8, 0xFF, 0x1D, 0xFB, 0xFF, 0x03, 0x00, 0xF1, 0xFF, 0x0B, 0x00, 0x00, 0x00,
    0xB0, 0xFF, 0xDF, 0xFF, 0xCF, 0x00, 0x00, 0xF3, 0xFF, 0x08, 0x00, 0x00, 0x00, 0x10, 0xFD, 0xFF,
    0xFF, 0x5F, 0x00, 0x00, 0xF4, 0xFF, 0x09, 0x00, 0x00, 0x00, 0x00, 0xE3, 0xFF, 0xFF, 0x0C, 0x00,
    0x00, 0xF2, 0xFF, 0x0D, 0x00, 0x00, 0x00, 0x00, 0x60, 0xFF, 0xFF, 0x08, 0x00, 0x00, 0xD0, 0xFF,
    0x7F, 0x00, 0x00, 0x00, 0x00, 0xD2, 0xFF, 0xFF, 0x6F, 0x00, 0x00, 0x60, 0xFF, 0xFF, 0x04, 0x00,
    0x00, 0x40, 0xFD, 0xFF, 0xFF, 0xFF, 0x06, 0x00, 0x00, 0xFB, 0xFF, 0x9F, 0x24, 0x53, 0xFB, 0xFF,
    0x9F, 0xFA, 0xFF, 0x9F, 0x00, 0x00, 0xC1, 0xFF, 0xFF, 0xFF, 0xFF, 0xFF, 0xFF, 0x08, 0xB1, 0xFF,
    0xFF, 0x08, 0x00, 0x00, 0xF9, 0xFF, 0xFF, 0xFF, 0xFF, 0x4D, 0x00, 0x10, 0xFB, 0xCF, 0x01, 0x00,
    0x00, 0x20, 0xB7, 0xFD, 0xCE, 0x49, 0x00, 0x00, 0x00, 0x80, 0x1D, 0x00,
    // Unicode: [0x0027, quotesingle]
    0xF4, 0xFF, 0x0C, 0xF4, 0xFF, 0x0C, 0xF4, 0xFF, 0x0C, 0xF4, 0xFF, 0x0C, 0xF3, 0xFF, 0x0B, 0xF2,
    0xFF, 0x09, 0xE0, 0xFF, 0x07, 0xC0, 0xFF, 0x04, 0x90, 0xFF, 0x01, 0x70, 0xEF, 0x00,
    // Unicode: [0x0028, parenleft]
    0x00, 0x00, 0x00, 0x00, 0x60, 0x0C, 0x00, 0x00, 0x00, 0x00, 0x00, 0xF6, 0x9F, 0x00, 0x00, 0x00,
    0x00, 0x50, 0xFF, 0xFF, 0x07, 0x00, 0x00, 0x00, 0xE3, 0xFF, 0xEF, 0x03, 0x00, 0x00, 0x10, 0xFD,
    0xFF, 0x3E, 0x00, 0x00, 0x00, 0xA0, 0xFF, 0xFF, 0x03, 0x00, 0x00, 0x00, 0xF4, 0xFF, 0x6F, 0x00,
    0x00, 0x00, 0x10, 0xFD, 0xFF, 0x0A, 0x00, 0x00, 0x00, 0x70, 0xFF, 0xEF, 0x01, 0x00, 0x00, 0x00,
    0xD0, 0xFF, 0x6F, 0x00, 0x00, 0x00, 0x00, 0xF6, 0xFF, 0x0D, 0x00, 0x00, 0x00, 0x00, 0xFC, 0xFF,
    0x06, 0x00, 0x00, 0x00, 0x20, 0xFF, 0xEF, 0x01, 0x00, 0x00, 0x00, 0x70, 0xFF, 0xAF, 0x00, 0x00,
    0x00, 0x00, 0xA0, 0xFF, 0x5F, 0x00, 0x00, 0x00, 0x00, 0xD0, 0xFF, 0x1F, 0x00, 0x00, 0x00, 0x00,
    0xF0, 0xFF, 0x0E, 0x00, 0x00, 0x00, 0x00, 0xF2, 0xFF, 0x0C, 0x00, 0x00, 0x00, 0x00, 0xF2, 0xFF,
    0x0B, 0x00, 0x00, 0x00, 0x00, 0xF2, 0xFF, 0x0B, 0x00, 0x00, 0x00, 0x00, 0xF1, 0xFF, 0x0C, 0x00,
    0x00, 0x00, 0x00, 0xF0, 0xFF, 0x0E, 0x00, 0x00, 0x00, 0x00, 0xC0, 0xFF, 0x2F, 0x00, 0x00, 0x00,
    0x00, 0x90, 0xFF, 0x6F, 0x00, 0x00, 0x00, 0x00, 0x50, 0xFF, 0xBF, 0x00, 0x00, 0x00, 0x00, 0x10,
    0xFF, 0xFF, 0x02, 0x00, 0x00, 0x00, 0x00, 0xFA, 0xFF, 0x09, 0x00, 0x00, 0x00, 0x00, 0xF3, 0xFF,
    0x2F, 0x00, 0x00, 0x00, 0x00, 0xB0, 0xFF, 0xAF, 0x00, 0x00, 0x00, 0x00, 0x30, 0xFF, 0xFF, 0x05,
    0x00, 0x00, 0x00, 0x00, 0xF9, 0xFF, 0x2E, 0x00, 0x00, 0x00, 0x00, 0xD1, 0xFF, 0xDF, 0x01, 0x00,
    0x00, 0x00, 0x40, 0xFF, 0xFF, 0x0B, 0x00, 0x00, 0x00, 0x00, 0xF7, 0xFF, 0xBF, 0x00, 0x00, 0x00,
    0x00, 0x90, 0xFF, 0xFF, 0x0B, 0x00, 0x00, 0x00, 0x00, 0xFB, 0xFF, 0x09, 0x00, 0x00, 0x00, 0x00,
    0xB0, 0xAF, 0x00, 0x00, 0x00, 0x00, 0x00, 0x00, 0x18, 0x00,
    // Unicode: [0x0029, parenright]
    0x00, 0xD2, 0x03, 0x00, 0x00, 0x00, 0x00, 0x10, 0xFC, 0x3E, 0x00, 0x00, 0x00, 0x00, 0xA0, 0xFF,
    0xEF, 0x02, 0x00, 0x00, 0x00, 0x50, 0xFF, 0xFF, 0x1D, 0x00, 0x00, 0x00, 0x00, 0xF5, 0xFF, 0xAF,
    0x00, 0x00, 0x00, 0x00, 0x70, 0xFF, 0xFF, 0x06, 0x00, 0x00, 0x00, 0x00, 0xFA, 0xFF, 0x2E, 0x00,
    0x00, 0x00, 0x00, 0xD1, 0xFF, 0xAF, 0x00, 0x00, 0x00, 0x00, 0x40, 0xFF, 0xFF, 0x03, 0x00, 0x00,
    0x00, 0x00, 0xFA, 0xFF, 0x0A, 0x00, 0x00, 0x00, 0x00, 0xF2, 0xFF, 0x2F, 0x00, 0x00, 0x00, 0x00,
    0xA0, 0xFF, 0x9F, 0x00, 0x00, 0x00, 0x00, 0x30, 0xFF, 0xEF, 0x00, 0x00, 0x00, 0x00, 0x00, 0xFE,
    0xFF, 0x03, 0x00, 0x00, 0x00, 0x00, 0xF9, 0xFF, 0x07, 0x00, 0x00, 0x00, 0x00, 0xF5, 0xFF, 0x0A,
    0x00, 0x00, 0x00, 0x00, 0xF2, 0xFF, 0x0C, 0x00, 0x00, 0x00, 0x00, 0xF0, 0xFF, 0x0D, 0x00, 0x00,
    0x00, 0x00, 0xE0, 0xFF, 0x0E, 0x00, 0x00, 0x00, 0x00, 0xF0, 0xFF, 0x0D, 0x00, 0x00, 0x00, 0x00,
    0xF1, 0xFF, 0x0D, 0x00, 0x00, 0x00, 0x00, 0xF3, 0xFF, 0x0B, 0x00, 0x00, 0x00, 0x00, 0xF5, 0xFF,
    0x09, 0x00, 0x00, 0x00, 0x00, 0xFA, 0xFF, 0x06, 0x00, 0x00, 0x00, 0x00, 0xFE, 0xFF, 0x01, 0x00,
    0x00, 0x00, 0x50, 0xFF, 0xCF, 0x00, 0x00, 0x00, 0x00, 0xC0, 0xFF, 0x6F, 0x00, 0x00, 0x00, 0x00,
    0xF5, 0xFF, 0x1E, 0x00, 0x00, 0x00, 0x10, 0xFD, 0xFF, 0x08, 0x00, 0x00, 0x00, 0x90, 0xFF, 0xEF,
    0x01, 0x00, 0x00, 0x00, 0xF5, 0xFF, 0x6F, 0x00, 0x00, 0x00, 0x30, 0xFE, 0xFF, 0x0B, 0x00, 0x00,
    0x00, 0xD2, 0xFF, 0xEF, 0x01, 0x00, 0x00, 0x20, 0xFD, 0xFF, 0x4F, 0x00, 0x00, 0x00, 0xD2, 0xFF,
    0xFF, 0x06, 0x00, 0x00, 0x00, 0xC1, 0xFF, 0x8F, 0x00, 0x00, 0x00, 0x00, 0x10, 0xFD, 0x08, 0x00,
    0x00, 0x00, 0x00, 0x00, 0x72, 0x00, 0x00, 0x00, 0x00, 0x00,
    // Unicode: [0x002A, asterisk]
    0x00, 0x00, 0x00, 0xE0, 0xFF, 0x08, 0x00, 0x00, 0x00, 0x00, 0x00, 0x00, 0xE0, 0xFF, 0x07, 0x00,
    0x00, 0x00, 0x00, 0x00, 0x00, 0xD0, 0xFF, 0x06, 0x00, 0x00, 0x00, 0x00, 0x00, 0x00, 0xC0, 0xFF,
    0x06, 0x00, 0x00, 0x00, 0x90, 0x6B, 0x01, 0xC0, 0xFF, 0x05, 0x30, 0xD8, 0x04, 0xE0, 0xFF, 0xAF,
    0xC5, 0xFF, 0x87, 0xFD, 0xFF, 0x09, 0xF4, 0xFF, 0xFF, 0xFF, 0xFF, 0xFF, 0xFF, 0xFF, 0x0E, 0x93,
    0xFD, 0xFF, 0xFF, 0xFF, 0xFF, 0xFF, 0xCF, 0x18, 0x00, 0x20, 0xB7, 0xFF, 0xFF, 0xDF, 0x59, 0x01,
    0x00, 0x00, 0x00, 0x30, 0xFE, 0xFF, 0xBF, 0x00, 0x00, 0x00, 0x00, 0x00, 0xD1, 0xFF, 0xFE, 0xFF,
    0x08, 0x00, 0x00, 0x00, 0x00, 0xFB, 0xFF, 0x94, 0xFF, 0x6F, 0x00, 0x00, 0x00, 0x90, 0xFF, 0x9F,
    0x10, 0xFD, 0xFF, 0x04, 0x00, 0x00, 0xF3, 0xFF, 0x1D, 0x00, 0xF4, 0xFF, 0x0D, 0x00, 0x00, 0x50,
    0xFE, 0x03, 0x00, 0x80, 0xCF, 0x02, 0x00, 0x00, 0x00, 0x51, 0x00, 0x00, 0x00, 0x06, 0x00, 0x00,
    // Unicode: [0x002B, plus]
    0x00, 0x00, 0x00, 0x00, 0xBB, 0x4B, 0x00, 0x00, 0x00, 0x00, 0x00, 0x00, 0x00, 0x00, 0xFF, 0x5F,
    0x00, 0x00, 0x00, 0x00, 0x00, 0x00, 0x00, 0x00, 0xFF, 0x5F, 0x00, 0x00, 0x00, 0x00, 0x00, 0x00,
    0x00, 0x00, 0xFF, 0x5F, 0x00, 0x00, 0x00, 0x00, 0x00, 0x00, 0x00, 0x00, 0xFF, 0x5F, 0x00, 0x00,
    0x00, 0x00, 0x00, 0x00, 0x00, 0x00, 0xFF, 0x5F, 0x00, 0x00, 0x00, 0x00, 0x00, 0x00, 0x00, 0x00,
    0xFF, 0x5F, 0x00, 0x00, 0x00, 0x00, 0x00, 0x00, 0x00, 0x00, 0xFF, 0x5F, 0x00, 0x00, 0x00, 0x00,
    0xFC, 0xFF, 0xFF, 0xFF, 0xFF, 0xFF, 0xFF, 0xFF, 0xFF, 0x2F, 0xFC, 0xFF, 0xFF, 0xFF, 0xFF, 0xFF,
    0xFF, 0xFF, 0xFF, 0x2F, 0xFC, 0xFF, 0xFF, 0xFF, 0xFF, 0xFF, 0xFF, 0xFF, 0xFF, 0x2F, 0x43, 0x44,
    0x44, 0x44, 0xFF, 0x7F, 0x44, 0x44, 0x44, 0x04, 0x00, 0x00, 0x00, 0x00, 0xFF, 0x5F, 0x00, 0x00,
    0x00, 0x00, 0x00, 0x00, 0x00, 0x00, 0xFF, 0x5F, 0x00, 0x00, 0x00, 0x00, 0x00, 0x00, 0x00, 0x00,
    0xFF, 0x5F, 0x00, 0x00, 0x00, 0x00, 0x00, 0x00, 0x00, 0x00, 0xFF, 0x5F, 0x00, 0x00, 0x00, 0x00,
    0x00, 0x00, 0x00, 0x00, 0xFF, 0x5F, 0x00, 0x00, 0x00, 0x00, 0x00, 0x00, 0x00, 0x00, 0xFF, 0x5F,
    0x00, 0x00, 0x00, 0x00, 0x00, 0x00, 0x00, 0x00, 0xFF, 0x5F, 0x00, 0x00, 0x00, 0x00,
    // Unicode: [0x002C, comma]
    0xF6, 0xFF, 0x08, 0xF7, 0xFF, 0x08, 0xF7, 0xFF, 0x08, 0xF7, 0xFF, 0x08, 0x00, 0xF8, 0x08, 0x00,
    0xFA, 0x06, 0x10, 0xFE, 0x03, 0xB1, 0xBF, 0x00, 0xF6, 0x1D, 0x00, 0x60, 0x00, 0x00,
    // Unicode: [0x002D, hyphen]
    0x81, 0x88, 0x88, 0x88, 0x88, 0x88, 0x88, 0x01, 0xF3, 0xFF, 0xFF, 0xFF, 0xFF, 0xFF, 0xFF, 0x02,
    0xF3, 0xFF, 0xFF, 0xFF, 0xFF, 0xFF, 0xFF, 0x02, 0xF3, 0xFF, 0xFF, 0xFF, 0xFF, 0xFF, 0xFF, 0x02,
    // Unicode: [0x002E, period]
    0x10, 0xB8, 0x29, 0x00, 0xB0, 0xFF, 0xEF, 0x02, 0xF2, 0xFF, 0xFF, 0x07, 0xF3, 0xFF, 0xFF, 0x08,
    0xC0, 0xFF, 0xFF, 0x03, 0x20, 0xEB, 0x5C, 0x00,
    // Unicode: [0x002F, slash]
    0x00, 0x00, 0x00, 0x00, 0xFD, 0x0E, 0x00, 0x00, 0x00, 0x20, 0xFF, 0x0A, 0x00, 0x00, 0x00, 0x70,
    0xFF, 0x06, 0x00, 0x00, 0x00, 0xB0, 0xFF, 0x01, 0x00, 0x00, 0x00, 0xF1, 0xCF, 0x00, 0x00, 0x00,
    0x00, 0xF5, 0x7F, 0x00, 0x00, 0x00, 0x00, 0xFA, 0x3F, 0x00, 0x00, 0x00, 0x00, 0xFE, 0x0D, 0x00,
    0x00, 0x00, 0x30, 0xFF, 0x09, 0x00, 0x00, 0x00, 0x80, 0xFF, 0x04, 0x00, 0x00, 0x00, 0xC0, 0xFF,
    0x01, 0x00, 0x00, 0x00, 0xF2, 0xBF, 0x00, 0x00, 0x00, 0x00, 0xF6, 0x6F, 0x00, 0x00, 0x00, 0x00,
    0xFB, 0x2F, 0x00, 0x00, 0x00, 0x10, 0xFE, 0x0C, 0x00, 0x00, 0x00, 0x40, 0xFF, 0x08, 0x00, 0x00,
    0x00, 0x90, 0xFF, 0x03, 0x00, 0x00, 0x00, 0xD0, 0xEF, 0x00, 0x00, 0x00, 0x00, 0xF3, 0xAF, 0x00,
    0x00, 0x00, 0x00, 0xF7, 0x5F, 0x00, 0x00, 0x00, 0x00, 0xFC, 0x1F, 0x00, 0x00, 0x00, 0x10, 0xFF,
    0x0B, 0x00, 0x00, 0x00, 0x60, 0xFF, 0x07, 0x00, 0x00, 0x00, 0xA0, 0xFF, 0x02, 0x00, 0x00, 0x00,
    0xE0, 0xDF, 0x00, 0x00, 0x00, 0x00, 0xF4, 0x9F, 0x00, 0x00, 0x00, 0x00, 0xF8, 0x4F, 0x00, 0x00,
    0x00, 0x00, 0xFD, 0x0E, 0x00, 0x00, 0x00, 0x00,
    // Unicode: [0x0030, zero]
    0x00, 0x00, 0x00, 0x12, 0x00, 0x00, 0x00, 0x00, 0x30, 0xEA, 0xFF, 0x9E, 0x02, 0x00, 0x00, 0xF6,
    0xFF, 0xFF, 0xFF, 0x5E, 0x00, 0x50, 0xFF, 0xFF, 0xFF, 0xFF, 0xFF, 0x03, 0xE1, 0xFF, 0x6E, 0x11,
    0xE7, 0xFF, 0x0C, 0xF5, 0xFF, 0x03, 0x00, 0x40, 0xFF, 0x4F, 0xF9, 0xAF, 0x00, 0x00, 0x00, 0xFB,
    0x7F, 0xFA, 0x8F, 0x00, 0x00, 0x00, 0xF9, 0x8F, 0xF8, 0xAF, 0x00, 0x00, 0x00, 0xFC, 0x7F, 0xF5,
    0xFF, 0x04, 0x00, 0x60, 0xFF, 0x3F, 0xD0, 0xFF, 0x8F, 0x33, 0xF8, 0xFF, 0x0C, 0x40, 0xFF, 0xFF,
    0xFF, 0xFF, 0xEF, 0x03, 0x00, 0xE5, 0xFF, 0xFF, 0xFF, 0x3E, 0x00, 0x00, 0x10, 0xC8, 0xEE, 0x7C,
    0x01, 0x00,
    // Unicode: [0x0031, one]
    0x00, 0x10, 0x00, 0x00, 0x00, 0x00, 0xE6, 0x07, 0x00, 0x00, 0xB1, 0xFF, 0x1E, 0x00, 0x00, 0xC0,
    0xFF, 0x8F, 0x00, 0x00, 0x40, 0xFF, 0xEF, 0x00, 0x00, 0x00, 0xFC, 0xFF, 0x04, 0x00, 0x00, 0xF6,
    0xFF, 0x0A, 0x00, 0x00, 0xF1, 0xFF, 0x0E, 0x00, 0x00, 0xB0, 0xFF, 0x3F, 0x00, 0x00, 0x80, 0xFF,
    0x7F, 0x00, 0x00, 0x40, 0xFF, 0xAF, 0x00, 0x00, 0x10, 0xFF, 0xDF, 0x00, 0x00, 0x00, 0xFD, 0xFF,
    0x01, 0x00, 0x00, 0xFB, 0xFF, 0x03, 0x00, 0x00, 0xF8, 0xFF, 0x05, 0x00, 0x00, 0xF6, 0xFF, 0x07,
    0x00, 0x00, 0xF5, 0xFF, 0x08, 0x00, 0x00, 0xF3, 0xFF, 0x0A, 0x00, 0x00, 0xF2, 0xFF, 0x0B, 0x00,
    0x00, 0xF1, 0xFF, 0x0C, 0x00, 0x00, 0xF0, 0xFF, 0x0D, 0x00, 0x00, 0xE0, 0xFF, 0x0E, 0x00, 0x00,
    0xE0, 0xFF, 0x0E, 0x00, 0x00, 0xE0, 0xFF, 0x0F, 0x00, 0x00, 0xE0, 0xFF, 0x0F, 0x00, 0x00, 0xD0,
    0xFF, 0x1F, 0x00, 0x00, 0xD0, 0xFF, 0x1F, 0x00, 0x00, 0xD0, 0xFF, 0x1F, 0x00, 0x00, 0xC0, 0xFF,
    0x1F,
    // Unicode: [0x0032, two]
    0x00, 0x00, 0x00, 0x00, 0x00, 0x00, 0x00, 0x00, 0x41, 0x01, 0x00, 0xC6, 0x01, 0x00, 0x00, 0x00,
    0x00, 0xE7, 0xFF, 0x04, 0xC3, 0xFF, 0x07, 0x00, 0x00, 0x00, 0x00, 0xF7, 0xFF, 0x06, 0xF6, 0xFF,
    0x0E, 0x00, 0x00, 0x00, 0x00, 0xF6, 0xFF, 0x06, 0xC0, 0xFF, 0x6F, 0x00, 0x00, 0x00, 0x00, 0xF6,
    0xFF, 0x07, 0x50, 0xFF, 0xDF, 0x00, 0x00, 0x00, 0x00, 0xF7, 0xFF, 0x06, 0x00, 0xFD, 0xFF, 0x05,
    0x00, 0x00, 0x00, 0xF9, 0xFF, 0x04, 0x00, 0xF8, 0xFF, 0x0C, 0x00, 0x00, 0x00, 0xFD, 0xFF, 0x02,
    0x00, 0xF3, 0xFF, 0x8F, 0x00, 0x00, 0x50, 0xFF, 0xDF, 0x00, 0x00, 0xD0, 0xFF, 0xFF, 0x3A, 0x10,
    0xE5, 0xFF, 0x7F, 0x00, 0x00, 0xA0, 0xFF, 0xFF, 0xFF, 0xFF, 0xFF, 0xFF, 0x1D, 0x00, 0x00, 0x60,
    0xFF, 0xFF, 0xFF, 0xFF, 0xFF, 0xEF, 0x04, 0x00, 0x00, 0x40, 0xFF, 0xFF, 0xFF, 0xFF, 0xFF, 0x4D,
    0x00, 0x00, 0x00, 0x20, 0xFF, 0xDF, 0xA7, 0xBC, 0x59, 0x00, 0x00, 0x00, 0x00, 0x00, 0xFE, 0xEF,
    0x00, 0x00, 0x00, 0x00, 0x00, 0x00, 0x00, 0x00, 0xFC, 0xFF, 0x00, 0x00, 0x00, 0x00, 0x00, 0x00,
    0x00, 0x00, 0xFA, 0xFF, 0x02, 0x00, 0x00, 0x00, 0x00, 0x00, 0x00, 0x00, 0xF9, 0xFF, 0x03, 0x00,
    0x00, 0x00, 0x00, 0x00, 0x00, 0x00, 0xF8, 0xFF, 0x04, 0x00, 0x00, 0x00, 0x00, 0x00, 0x00, 0x00,
    0xF7, 0xFF, 0x05, 0x00, 0x00, 0x00, 0x00, 0x00, 0x00, 0x00, 0xF6, 0xFF, 0x06, 0x00, 0x00, 0x00,
    0x00, 0x00, 0x00, 0x00, 0xF6, 0xFF, 0x07, 0x00, 0x00, 0x00, 0x00, 0x00, 0x00, 0x00, 0xF5, 0xFF,
    0x08, 0x00, 0x00, 0x00, 0x00, 0x00, 0x00, 0x00, 0xF4, 0xFF, 0x08, 0x00, 0x00, 0x00, 0x00, 0x00,
    0x00, 0x00, 0xF4, 0xFF, 0x09, 0x00, 0x00, 0x00, 0x00, 0x00, 0x00, 0x00, 0xF4, 0xFF, 0x09, 0x00,
    0x00, 0x00, 0x00, 0x00, 0x00, 0x00, 0xF4, 0xFF, 0x0A, 0x00, 0x00, 0x00, 0x00, 0x00, 0x00, 0x00,
    0xF4, 0xFF, 0x0A, 0x00, 0x00, 0x00, 0x00, 0x00, 0x00, 0x00, 0xF4, 0xFF, 0x0A, 0x00, 0x00, 0x00,
    0x00, 0x00,
    // Unicode: [0x0033, three]
    0x00, 0x51, 0x00, 0x00, 0x00, 0x00, 0x61, 0x97, 0x08, 0x00, 0x82, 0xDA, 0x07, 0x60, 0xFE, 0x01,
    0x00, 0x00, 0x00, 0xF2, 0xFF, 0x0C, 0x00, 0xF3, 0xFF, 0x0A, 0xFB, 0xFF, 0x08, 0x00, 0x00, 0x00,
    0xF1, 0xFF, 0x0D, 0x00, 0xF1, 0xFF, 0x0C, 0xF7, 0xFF, 0x1E, 0x00, 0x00, 0x00, 0xF0, 0xFF, 0x0F,
    0x00, 0xE0, 0xFF, 0x0E, 0xE1, 0xFF, 0x7F, 0x00, 0x00, 0x00, 0xF0, 0xFF, 0x2F, 0x00, 0xD0, 0xFF,
    0x0F, 0x70, 0xFF, 0xDF, 0x00, 0x00, 0x00, 0xF1, 0xFF, 0x5F, 0x00, 0xC0, 0xFF, 0x1F, 0x20, 0xFF,
    0xFF, 0x05, 0x00, 0x00, 0xF3, 0xFF, 0x8F, 0x00, 0xD0, 0xFF, 0x0F, 0x00, 0xFC, 0xFF, 0x0C, 0x00,
    0x00, 0xF6, 0xFF, 0xDF, 0x00, 0xF0, 0xFF, 0x0E, 0x00, 0xF7, 0xFF, 0x5F, 0x00, 0x00, 0xFC, 0xFF,
    0xFF, 0x06, 0xF6, 0xFF, 0x0B, 0x00, 0xF3, 0xFF, 0xEF, 0x15, 0x91, 0xFF, 0xFF, 0xFF, 0xDF, 0xFF,
    0xFF, 0x06, 0x00, 0xE0, 0xFF, 0xFF, 0xFF, 0xFF, 0xFF, 0xFF, 0xFF, 0xFF, 0xFF, 0xDF, 0x01, 0x00,
    0xB0, 0xFF, 0xFF, 0xFF, 0xFF, 0xFF, 0x5B, 0xFF, 0xFF, 0xFF, 0x3E, 0x00, 0x00, 0x80, 0xFF, 0xFF,
    0xFF, 0xFF, 0xBF, 0x01, 0xA3, 0xFE, 0x9D, 0x02, 0x00, 0x00, 0x50, 0xFF, 0xCF, 0xB7, 0xAC, 0x05,
    0x00, 0x00, 0x00, 0x00, 0x00, 0x00, 0x00, 0x20, 0xFF, 0xDF, 0x00, 0x00, 0x00, 0x00, 0x00, 0x00,
    0x00, 0x00, 0x00, 0x00, 0x00, 0xFF, 0xFF, 0x00, 0x00, 0x00, 0x00, 0x00, 0x00, 0x00, 0x00, 0x00,
    0x00, 0x00, 0xFD, 0xFF, 0x01, 0x00, 0x00, 0x00, 0x00, 0x00, 0x00, 0x00, 0x00, 0x00, 0x00, 0xFB,
    0xFF, 0x03, 0x00, 0x00, 0x00, 0x00, 0x00, 0x00, 0x00, 0x00, 0x00, 0x00, 0xFA, 0xFF, 0x04, 0x00,
    0x00, 0x00, 0x00, 0x00, 0x00, 0x00, 0x00, 0x00, 0x00, 0xF8, 0xFF, 0x05, 0x00, 0x00, 0x00, 0x00,
    0x00, 0x00, 0x00, 0x00, 0x00, 0x00, 0xF7, 0xFF, 0x06, 0x00, 0x00, 0x00, 0x00, 0x00, 0x00, 0x00,
    0x00, 0x00, 0x00, 0xF6, 0xFF, 0x06, 0x00, 0x00, 0x00, 0x00, 0x00, 0x00, 0x00, 0x00, 0x00, 0x00,
    0xF6, 0xFF, 0x07, 0x00, 0x00, 0x00, 0x00, 0x00, 0x00, 0x00, 0x00, 0x00, 0x00, 0xF5, 0xFF, 0x07,
    0x00, 0x00, 0x00, 0x00, 0x00, 0x00, 0x00, 0x00, 0x00, 0x00, 0xF4, 0xFF, 0x08, 0x00, 0x00, 0x00,
    0x00, 0x00, 0x00, 0x00, 0x00, 0x00, 0x00, 0xF4, 0xFF, 0x08, 0x00, 0x00, 0x00, 0x00, 0x00, 0x00,
    0x00, 0x00, 0x00, 0x00, 0xF4, 0xFF, 0x08, 0x00, 0x00, 0x00, 0x00, 0x00, 0x00, 0x00, 0x00, 0x00,
    0x00, 0xF4, 0xFF, 0x08, 0x00, 0x00, 0x00, 0x00, 0x00, 0x00, 0x00, 0x00, 0x00, 0x00, 0xF4, 0xFF,
    0x09, 0x00, 0x00, 0x00, 0x00, 0x00, 0x00, 0x00, 0x00,
    // Unicode: [0x0034, four]
    0x00, 0x30, 0x00, 0x00, 0x00, 0xA5, 0xFD, 0xBE, 0x28, 0x00, 0x00, 0x10, 0xF9, 0x05, 0x00, 0xC2,
    0xFF, 0xFF, 0xFF, 0xFF, 0x2A, 0x00, 0xE3, 0xFF, 0x0D, 0x30, 0xFE, 0xFF, 0xFF, 0xFF, 0xFF, 0xEF,
    0x05, 0xE1, 0xFF, 0x6F, 0xD1, 0xFF, 0xFF, 0xDF, 0xFE, 0xFF, 0xFF, 0x4F, 0x60, 0xFF, 0xDF, 0xF8,
    0xFF, 0x7F, 0x01, 0x20, 0xE8, 0xFF, 0x08, 0x00, 0xFE, 0xFF, 0xFF, 0xFF, 0x05, 0x00, 0x00, 0x20,
    0x6B, 0x00, 0x00, 0xF8, 0xFF, 0xFF, 0xCF, 0x00, 0x00, 0x00, 0x00, 0x00, 0x00, 0x00, 0xF3, 0xFF,
    0xFF, 0xBF, 0x00, 0x00, 0x00, 0x00, 0x00, 0x00, 0x00, 0xD0, 0xFF, 0xFF, 0xFF, 0x02, 0x00, 0x00,
    0x00, 0x00, 0x00, 0x00, 0xA0, 0xFF, 0xFF, 0xFF, 0x5D, 0x01, 0x00, 0x20, 0xC6, 0x08, 0x00, 0x60,
    0xFF, 0xFF, 0xFF, 0xFF, 0xEF, 0xDD, 0xFE, 0xFF, 0x2E, 0x00, 0x30, 0xFF, 0xFF, 0xFF, 0xFF, 0xFF,
    0xFF, 0xFF, 0xFF, 0xAF, 0x00, 0x00, 0xFF, 0xFF, 0xD4, 0xFF, 0xFF, 0xFF, 0xFF, 0xFF, 0x1A, 0x00,
    0x00, 0xFD, 0xFF, 0x02, 0x95, 0xEC, 0xFF, 0xCE, 0x38, 0x00, 0x00, 0x00, 0xFA, 0xFF, 0x04, 0x00,
    0x00, 0x00, 0x00, 0x00, 0x00, 0x00, 0x00, 0xF9, 0xFF, 0x05, 0x00, 0x00, 0x00, 0x00, 0x00, 0x00,
    0x00, 0x00, 0xF7, 0xFF, 0x07, 0x00, 0x00, 0x00, 0x00, 0x00, 0x00, 0x00, 0x00, 0xF5, 0xFF, 0x08,
    0x00, 0x00, 0x00, 0x00, 0x00, 0x00, 0x00, 0x00, 0xF5, 0xFF, 0x09, 0x00, 0x00, 0x00, 0x00, 0x00,
    0x00, 0x00, 0x00, 0xF4, 0xFF, 0x0A, 0x00, 0x00, 0x00, 0x00, 0x00, 0x00, 0x00, 0x00, 0xF3, 0xFF,
    0x0B, 0x00, 0x00, 0x00, 0x00, 0x00, 0x00, 0x00, 0x00, 0xF2, 0xFF, 0x0B, 0x00, 0x00, 0x00, 0x00,
    0x00, 0x00, 0x00, 0x00, 0xF2, 0xFF, 0x0C, 0x00, 0x00, 0x00, 0x00, 0x00, 0x00, 0x00, 0x00, 0xF2,
    0xFF, 0x0C, 0x00, 0x00, 0x00, 0x00, 0x00, 0x00, 0x00, 0x00, 0xF1, 0xFF, 0x0C, 0x00, 0x00, 0x00,
    0x00, 0x00, 0x00, 0x00, 0x00, 0xF1, 0xFF, 0x0D, 0x00, 0x00, 0x00, 0x00, 0x00, 0x00, 0x00, 0x00,
    0xF1, 0xFF, 0x0D, 0x00, 0x00, 0x00, 0x00, 0x00, 0x00, 0x00, 0x00, 0xF0, 0xFF, 0x0D, 0x00, 0x00,
    0x00, 0x00, 0x00, 0x00,
    // Unicode: [0x0035, five]
    0x00, 0x00, 0x00, 0x00, 0x20, 0x00, 0x00, 0x00, 0x00, 0x00, 0x00, 0x00, 0x00, 0x00, 0x00, 0x00,
    0xF7, 0x05, 0x00, 0x00, 0x00, 0x00, 0x00, 0x00, 0x00, 0x00, 0x00, 0x70, 0xFF, 0x6F, 0x00, 0x00,
    0x00, 0x00, 0x00, 0x00, 0x00, 0x00, 0x00, 0xE2, 0xFF, 0xFF, 0x07, 0x00, 0x00, 0x00, 0x00, 0x00,
    0x00, 0x00, 0x00, 0xD0, 0xFF, 0xFF, 0x7F, 0x00, 0x00, 0x00, 0x00, 0x00, 0x00, 0x00, 0x00, 0xF8,
    0xFF, 0xFF, 0xFF, 0x07, 0x00, 0x00, 0x00, 0x00, 0x00, 0x00, 0x20, 0xFF, 0xFF, 0xFE, 0xFF, 0x6F,
    0x00, 0x00, 0x00, 0x00, 0x00, 0x00, 0xB0, 0xFF, 0xBF, 0xD1, 0xFF, 0xFF, 0x04, 0x00, 0x00, 0x00,
    0x00, 0x00, 0xF4, 0xFF, 0x2F, 0x20, 0xFD, 0xFF, 0x2E, 0x00, 0x00, 0x00, 0x00, 0x00, 0xFC, 0xFF,
    0x08, 0x00, 0xE3, 0xFF, 0xCF, 0x00, 0x00, 0x00, 0x00, 0x50, 0xFF, 0xEF, 0x01, 0x00, 0x50, 0xFF,
    0xFF, 0x08, 0x00, 0x00, 0x00, 0xC0, 0xFF, 0x7F, 0x00, 0x00, 0x00, 0xF8, 0xFF, 0x2F, 0x00, 0x00,
    0x00, 0xF4, 0xFF, 0x1E, 0x00, 0x00, 0x00, 0xC0, 0xFF, 0xBF, 0x00, 0x00, 0x00, 0xFA, 0xFF, 0x07,
    0x00, 0x00, 0x00, 0x30, 0xFF, 0xFF, 0x04, 0x00, 0x20, 0xFF, 0xFF, 0x01, 0x00, 0x00, 0x00, 0x00,
    0xF9, 0xFF, 0x0C, 0x00, 0x70, 0xFF, 0xAF, 0x00, 0x00, 0x00, 0x00, 0x00, 0xE1, 0xFF, 0x4F, 0x00,
    0xC0, 0xFF, 0x4F, 0x00, 0x00, 0x00, 0x00, 0x00, 0x90, 0xFF, 0xAF, 0x00, 0xF1, 0xFF, 0x0E, 0x00,
    0x00, 0x00, 0x00, 0x00, 0x20, 0xFF, 0xFF, 0x01, 0xF5, 0xFF, 0x0A, 0x00, 0x00, 0x00, 0x00, 0x00,
    0x00, 0xFB, 0xFF, 0x06, 0xF8, 0xFF, 0x06, 0x00, 0x00, 0x00, 0x00, 0x00, 0x00, 0xF5, 0xFF, 0x09,
    0xFA, 0xFF, 0x04, 0x00, 0x10, 0xFF, 0x3F, 0x00, 0x00, 0xF2, 0xFF, 0x0C, 0xFB, 0xFF, 0x02, 0x00,
    0x40, 0xFF, 0x4F, 0x00, 0x00, 0xF0, 0xFF, 0x0D, 0xFC, 0xFF, 0x01, 0x00, 0x70, 0xFF, 0x6F, 0x00,
    0x00, 0xE0, 0xFF, 0x0E, 0xFC, 0xFF, 0x02, 0x00, 0xB0, 0xFF, 0xAF, 0x00, 0x00, 0xF0, 0xFF, 0x0D,
    0xFA, 0xFF, 0x04, 0x00, 0xF1, 0xFF, 0xEF, 0x00, 0x00, 0xF3, 0xFF, 0x0B, 0xF8, 0xFF, 0x08, 0x00,
    0xF7, 0xFF, 0xFF, 0x05, 0x00, 0xF9, 0xFF, 0x07, 0xF3, 0xFF, 0x4E, 0x30, 0xFE, 0xFF, 0xFF, 0x2D,
    0x50, 0xFF, 0xFF, 0x02, 0xB0, 0xFF, 0xFF, 0xFD, 0xFF, 0xFF, 0xFF, 0xEF, 0xFE, 0xFF, 0xAF, 0x00,
    0x30, 0xFF, 0xFF, 0xFF, 0xFF, 0xAF, 0xFF, 0xFF, 0xFF, 0xFF, 0x2E, 0x00, 0x00, 0xE4, 0xFF, 0xFF,
    0xEF, 0x05, 0xF9, 0xFF, 0xFF, 0xDF, 0x03, 0x00, 0x00, 0x10, 0xD8, 0xDF, 0x29, 0x00, 0x50, 0xEB,
    0xCE, 0x17, 0x00, 0x00,
    // Unicode: [0x0036, six]
    0x00, 0x00, 0x00, 0x71, 0xEC, 0xEF, 0xAD, 0x15, 0x00, 0x00, 0x00, 0x00, 0x70, 0xFE, 0xFF, 0xFF,
    0xFF, 0xEF, 0x04, 0x00, 0x00, 0x00, 0xFA, 0xFF, 0xFF, 0xFF, 0xFF, 0xEF, 0x01, 0x00, 0x00, 0x90,
    0xFF, 0xFF, 0xEF, 0xDC, 0xFF, 0x6F, 0x00, 0x00, 0x00, 0xF4, 0xFF, 0xCF, 0x05, 0x00, 0x50, 0x0A,
    0x00, 0x00, 0x00, 0xFB, 0xFF, 0x0B, 0x00, 0x00, 0x00, 0x00, 0x00, 0x00, 0x10, 0xFF, 0xEF, 0x01,
    0x00, 0x00, 0x00, 0x00, 0x00, 0x00, 0x30, 0xFF, 0xBF, 0x00, 0x00, 0x00, 0x00, 0x00, 0x00, 0x00,
    0x30, 0xFF, 0xBF, 0x00, 0x00, 0x00, 0x00, 0x00, 0x00, 0x00, 0x10, 0xFF, 0xFF, 0x03, 0x00, 0x00,
    0x00, 0x30, 0xA8, 0x00, 0x00, 0xFC, 0xFF, 0x9F, 0x45, 0x64, 0xB8, 0xFE, 0xFF, 0x02, 0x00, 0xF4,
    0xFF, 0xFF, 0xFF, 0xFF, 0xFF, 0xFF, 0xFF, 0x06, 0x00, 0x50, 0xFF, 0xFF, 0xFF, 0xFF, 0xFF, 0xFF,
    0xFF, 0x0A, 0x00, 0x00, 0xA2, 0xFF, 0xFF, 0xFF, 0xFF, 0xFF, 0x39, 0x00, 0x00, 0x00, 0x00, 0x51,
    0xFD, 0xFF, 0xFF, 0x2A, 0x00, 0x00, 0x00, 0x00, 0x00, 0x80, 0xFF, 0xFF, 0x6F, 0x00, 0x00, 0x00,
    0x00, 0x00, 0x00, 0xF6, 0xFF, 0xEF, 0x03, 0x00, 0x00, 0x00, 0x00, 0x00, 0x30, 0xFF, 0xFF, 0x2D,
    0x00, 0x00, 0x00, 0x00, 0x00, 0x00, 0xD1, 0xFF, 0xEF, 0x02, 0x00, 0x00, 0x00, 0x00, 0x00, 0x00,
    0xFA, 0xFF, 0x3E, 0x00, 0x00, 0x00, 0x00, 0x00, 0x00, 0x50, 0xFF, 0xFF, 0x06, 0x00, 0x00, 0x00,
    0x00, 0x00, 0x00, 0xD1, 0xFF, 0xAF, 0x00, 0x00, 0x00, 0x00, 0x00, 0x00, 0x00, 0xF8, 0xFF, 0x1E,
    0x00, 0x00, 0x00, 0x00, 0x00, 0x00, 0x10, 0xFE, 0xFF, 0x06, 0x00, 0x00, 0x00, 0x00, 0x00, 0x00,
    0x80, 0xFF, 0xCF, 0x00, 0x00, 0x00, 0x00, 0x00, 0x00, 0x00, 0xE1, 0xFF, 0x4F, 0x00, 0x00, 0x00,
    0x00, 0x00, 0x00, 0x00, 0xF7, 0xFF, 0x0C, 0x00, 0x00, 0x00, 0x00, 0x00, 0x00, 0x00, 0xFC, 0xFF,
    0x05, 0x00, 0x00, 0x00, 0x00, 0x00, 0x00, 0x00, 0x72, 0xEC, 0x00, 0x00, 0x00, 0x00, 0x00, 0x00,
    0x00, 0x00, 0x00, 0x10, 0x00, 0x00, 0x00, 0x00, 0x00, 0x00, 0x00, 0x00,
    // Unicode: [0x0037, seven]
    0x00, 0xA1, 0x04, 0x00, 0x00, 0x00, 0x00, 0x00, 0x00, 0x90, 0x06, 0x00, 0x60, 0xFE, 0x0D, 0x00,
    0x00, 0x00, 0x00, 0x00, 0x00, 0xF4, 0xBF, 0x02, 0xE1, 0xFF, 0x7F, 0x00, 0x00, 0x00, 0x00, 0x00,
    0x00, 0xFC, 0xFF, 0x09, 0x50, 0xFF, 0xFF, 0x02, 0x00, 0x00, 0x00, 0x00, 0x50, 0xFF, 0xEF, 0x01,
    0x00, 0xFB, 0xFF, 0x0A, 0x00, 0x00, 0x00, 0x00, 0xC0, 0xFF, 0x8F, 0x00, 0x00, 0xF2, 0xFF, 0x3F,
    0x00, 0x00, 0x00, 0x00, 0xF5, 0xFF, 0x1E, 0x00, 0x00, 0x80, 0xFF, 0xCF, 0x00, 0x00, 0x00, 0x00,
    0xFB, 0xFF, 0x08, 0x00, 0x00, 0x10, 0xFE, 0xFF, 0x04, 0x00, 0x00, 0x30, 0xFF, 0xEF, 0x01, 0x00,
    0x00, 0x00, 0xF7, 0xFF, 0x0C, 0x00, 0x00, 0xA0, 0xFF, 0x8F, 0x00, 0x00, 0x00, 0x00, 0xD0, 0xFF,
    0x4F, 0x00, 0x00, 0xF1, 0xFF, 0x1E, 0x00, 0x00, 0x00, 0x00, 0x60, 0xFF, 0xBF, 0x00, 0x00, 0xF7,
    0xFF, 0x09, 0x00, 0x00, 0x00, 0x00, 0x00, 0xFE, 0xFF, 0x02, 0x00, 0xFD, 0xFF, 0x03, 0x00, 0x00,
    0x00, 0x00, 0x00, 0xF7, 0xFF, 0x08, 0x40, 0xFF, 0xBF, 0x00, 0x00, 0x00, 0x00, 0x00, 0x00, 0xF1,
    0xFF, 0x0E, 0x90, 0xFF, 0x5F, 0x00, 0x00, 0x00, 0x00, 0x00, 0x00, 0xA0, 0xFF, 0x4F, 0xE0, 0xFF,
    0x0E, 0x00, 0x00, 0x00, 0x00, 0x00, 0x00, 0x50, 0xFF, 0xAF, 0xF4, 0xFF, 0x09, 0x00, 0x00, 0x00,
    0x00, 0x00, 0x00, 0x00, 0xFE, 0xEF, 0xFA, 0xFF, 0x04, 0x00, 0x00, 0x00, 0x00, 0x00, 0x00, 0x00,
    0xFA, 0xFF, 0xFF, 0xEF, 0x00, 0x00, 0x00, 0x00, 0x00, 0x00, 0x00, 0x00, 0xF6, 0xFF, 0xFF, 0x9F,
    0x00, 0x00, 0x00, 0x00, 0x00, 0x00, 0x00, 0x00, 0xF2, 0xFF, 0xFF, 0x5F, 0x00, 0x00, 0x00, 0x00,
    0x00, 0x00, 0x00, 0x00, 0xD0, 0xFF, 0xFF, 0x1F, 0x00, 0x00, 0x00, 0x00, 0x00, 0x00, 0x00, 0x00,
    0xA0, 0xFF, 0xFF, 0x0D, 0x00, 0x00, 0x00, 0x00, 0x00, 0x00, 0x00, 0x00, 0x70, 0xFF, 0xFF, 0x0A,
    0x00, 0x00, 0x00, 0x00, 0x00, 0x00, 0x00, 0x00, 0x50, 0xFF, 0xFF, 0x07, 0x00, 0x00, 0x00, 0x00,
    0x00, 0x00, 0x00, 0x00, 0x30, 0xFF, 0xFF, 0x05, 0x00, 0x00, 0x00, 0x00, 0x00, 0x00, 0x00, 0x00,
    0x10, 0xFF, 0xFF, 0x03, 0x00, 0x00, 0x00, 0x00, 0x00, 0x00, 0x00, 0x00, 0x00, 0xFF, 0xFF, 0x01,
    0x00, 0x00, 0x00, 0x00, 0x00, 0x00, 0x00, 0x00, 0x00, 0xFF, 0xFF, 0x01, 0x00, 0x00, 0x00, 0x00,
    0x00, 0x00, 0x00, 0x00, 0x00, 0xFE, 0xFF, 0x00, 0x00, 0x00, 0x00, 0x00,
    // Unicode: [0x0038, eight]
    0x00, 0x00, 0x00, 0x00, 0x60, 0xFF, 0x8F, 0x00, 0x00, 0x00, 0x00, 0x00, 0x00, 0x00, 0x00, 0x00,
    0x70, 0xFF, 0x8F, 0x00, 0x00, 0x00, 0x00, 0x00, 0x00, 0x00, 0x00, 0x00, 0x80, 0xFF, 0x9F, 0x00,
    0x00, 0x00, 0x00, 0x00, 0x00, 0x00, 0x00, 0x00, 0xA0, 0xFF, 0xAF, 0x00, 0x00, 0x00, 0x00, 0x00,
    0x00, 0x00, 0x00, 0x00, 0xB0, 0xFF, 0xBF, 0x00, 0x00, 0x00, 0x00, 0x00, 0x00, 0x00, 0x00, 0x00,
    0xE0, 0xFF, 0xEF, 0x00, 0x00, 0x00, 0x00, 0x00, 0x00, 0x00, 0x00, 0x00, 0xF1, 0xFF, 0xFF, 0x01,
    0x00, 0x00, 0x00, 0x00, 0x00, 0x00, 0x00, 0x00, 0xF4, 0xFF, 0xFF, 0x04, 0x00, 0x00, 0x00, 0x00,
    0x00, 0x00, 0x00, 0x00, 0xF8, 0xFF, 0xFF, 0x07, 0x00, 0x00, 0x00, 0x00, 0x00, 0x00, 0x00, 0x00,
    0xFC, 0xFF, 0xFF, 0x0B, 0x00, 0x00, 0x00, 0x00, 0x00, 0x00, 0x00, 0x10, 0xFF, 0xFF, 0xFF, 0x0E,
    0x00, 0x00, 0x00, 0x00, 0x00, 0x00, 0x00, 0x60, 0xFF, 0xFF, 0xFF, 0x4F, 0x00, 0x00, 0x00, 0x00,
    0x00, 0x00, 0x00, 0xB0, 0xFF, 0x7F, 0xFF, 0x9F, 0x00, 0x00, 0x00, 0x00, 0x00, 0x00, 0x00, 0xF1,
    0xFF, 0x1C, 0xFF, 0xEF, 0x00, 0x00, 0x00, 0x00, 0x00, 0x00, 0x00, 0xF6, 0xFF, 0x07, 0xFA, 0xFF,
    0x05, 0x00, 0x00, 0x00, 0x00, 0x00, 0x00, 0xFC, 0xFF, 0x02, 0xF4, 0xFF, 0x0B, 0x00, 0x00, 0x00,
    0x00, 0x00, 0x40, 0xFF, 0xBF, 0x00, 0xD0, 0xFF, 0x2F, 0x00, 0x00, 0x00, 0x00, 0x00, 0xA0, 0xFF,
    0x5F, 0x00, 0x70, 0xFF, 0x9F, 0x00, 0x00, 0x00, 0x00, 0x00, 0xF2, 0xFF, 0x0E, 0x00, 0x10, 0xFF,
    0xEF, 0x01, 0x00, 0x00, 0x00, 0x00, 0xF8, 0xFF, 0x08, 0x00, 0x00, 0xF9, 0xFF, 0x09, 0x00, 0x00,
    0x00, 0x10, 0xFE, 0xFF, 0x02, 0x00, 0x00, 0xF2, 0xFF, 0x2F, 0x00, 0x00, 0x00, 0x80, 0xFF, 0xAF,
    0x00, 0x00, 0x00, 0x90, 0xFF, 0xAF, 0x00, 0x00, 0x00, 0xE1, 0xFF, 0x4F, 0x00, 0x00, 0x00, 0x20,
    0xFE, 0xFF, 0x04, 0x00, 0x00, 0xF8, 0xFF, 0x0C, 0x00, 0x00, 0x00, 0x00, 0xF8, 0xFF, 0x0D, 0x00,
    0x20, 0xFF, 0xFF, 0x04, 0x00, 0x00, 0x00, 0x00, 0xE1, 0xFF, 0x7F, 0x00, 0x90, 0xFF, 0xCF, 0x00,
    0x00, 0x00, 0x00, 0x00, 0x60, 0xFF, 0xEF, 0x02, 0xE1, 0xFF, 0x4F, 0x00, 0x00, 0x00, 0x00, 0x00,
    0x00, 0xFB, 0xFF, 0x09, 0x20, 0xFB, 0x0A, 0x00, 0x00, 0x00, 0x00, 0x00, 0x00, 0xF2, 0x8F, 0x00,
    0x00, 0x50, 0x02, 0x00, 0x00, 0x00, 0x00, 0x00, 0x00, 0x50, 0x02, 0x00,
    // Unicode: [0x0039, nine]
    0x00, 0x00, 0x81, 0xFD, 0x9D, 0x02, 0x00, 0x00, 0x00, 0x00, 0x00, 0x20, 0xFD, 0xFF, 0xFF, 0x3E,
    0x00, 0x00, 0x00, 0x00, 0x00, 0xD1, 0xFF, 0xFF, 0xFF, 0xEF, 0x02, 0x00, 0x00, 0x00, 0x00, 0xF9,
    0xFF, 0xEF, 0xFF, 0xFF, 0x0B, 0x00, 0x00, 0x00, 0x20, 0xFF, 0xFF, 0x07, 0xF6, 0xFF, 0x3F, 0x00,
    0x00, 0x00, 0x70, 0xFF, 0xAF, 0x00, 0xA0, 0xFF, 0x9F, 0x00, 0x00, 0x00, 0xC0, 0xFF, 0x4F, 0x00,
    0x30, 0xFF, 0xEF, 0x00, 0x00, 0x00, 0xE0, 0xFF, 0x0F, 0x00, 0x00, 0xFC, 0xFF, 0x03, 0x00, 0x00,
    0xF1, 0xFF, 0x0D, 0x00, 0x00, 0xF8, 0xFF, 0x07, 0x00, 0x00, 0xF0, 0xFF, 0x1E, 0x00, 0x00, 0xF5,
    0xFF, 0x0A, 0x00, 0x00, 0xC0, 0xFF, 0xBF, 0x03, 0x00, 0xF5, 0xFF, 0x0C, 0x00, 0x00, 0x50, 0xFF,
    0xFF, 0xEF, 0xED, 0xFF, 0xFF, 0x0E, 0x00, 0x00, 0x00, 0xF9, 0xFF, 0xFF, 0xFF, 0xFF, 0xFF, 0x1F,
    0x00, 0x00, 0x00, 0x60, 0xFE, 0xFF, 0xFF, 0xFF, 0xFF, 0x3F, 0x00, 0x00, 0x00, 0x00, 0x61, 0xDB,
    0xEF, 0xDC, 0xFF, 0x5F, 0x00, 0x00, 0x00, 0x00, 0x00, 0x00, 0x00, 0x70, 0xFF, 0x7F, 0x00, 0x00,
    0x00, 0x00, 0x00, 0x00, 0x00, 0x40, 0xFF, 0xAF, 0x00, 0x00, 0x00, 0x00, 0x00, 0x00, 0x00, 0x10,
    0xFF, 0xDF, 0x00, 0x00, 0x00, 0x00, 0x00, 0x00, 0x00, 0x00, 0xFD, 0xFF, 0x01, 0x00, 0x00, 0x00,
    0x00, 0x00, 0x00, 0x00, 0xFA, 0xFF, 0x05, 0x00, 0x00, 0x00, 0x00, 0x00, 0x00, 0x00, 0xF6, 0xFF,
    0x08, 0x00, 0x00, 0x00, 0x00, 0x00, 0x00, 0x00, 0xF2, 0xFF, 0x0D, 0x00, 0x00, 0x00, 0x00, 0x00,
    0x00, 0x00, 0xC0, 0xFF, 0x4F, 0x00, 0x00, 0x00, 0x00, 0x00, 0x00, 0x00, 0x70, 0xFF, 0x9F, 0x00,
    0x00, 0x00, 0x00, 0x00, 0x00, 0x00, 0x10, 0xFF, 0xFF, 0x02, 0x00, 0x00, 0x00, 0x00, 0x00, 0x00,
    0x00, 0xFA, 0xFF, 0x0A, 0x00, 0x00, 0x00, 0x00, 0x00, 0x00, 0x00, 0xE2, 0xFF, 0x1E, 0x00, 0x00,
    0x00, 0x00, 0x00, 0x00, 0x00, 0x70, 0xFF, 0x06, 0x00, 0x00, 0x00, 0x00, 0x00, 0x00, 0x00, 0x00,
    0xBA, 0x00, 0x00, 0x00, 0x00, 0x00, 0x00, 0x00, 0x00, 0x00, 0x20, 0x00,
    // Unicode: [0x003A, colon]
    0x20, 0xEB, 0x3C, 0x00, 0xC0, 0xFF, 0xEF, 0x01, 0xF1, 0xFF, 0xFF, 0x04, 0xE0, 0xFF, 0xFF, 0x02,
    0x50, 0xFF, 0x8F, 0x00, 0x00, 0x52, 0x03, 0x00, 0x00, 0x00, 0x00, 0x00, 0x00, 0x00, 0x00, 0x00,
    0x00, 0x00, 0x00, 0x00, 0x00, 0x00, 0x00, 0x00, 0x00, 0x00, 0x00, 0x00, 0x00, 0x00, 0x00, 0x00,
    0x00, 0x52, 0x03, 0x00, 0x50, 0xFF, 0x8F, 0x00, 0xE0, 0xFF, 0xFF, 0x02, 0xF1, 0xFF, 0xFF, 0x04,
    0xC0, 0xFF, 0xEF, 0x01, 0x20, 0xEB, 0x4C, 0x00,
    // Unicode: [0x003B, semicolon]
    0xF7, 0xFF, 0x08, 0xF7, 0xFF, 0x08, 0xF7, 0xFF, 0x08, 0xF6, 0xFF, 0x08, 0x00, 0x00, 0x00, 0x00,
    0x00, 0x00, 0x00, 0x00, 0x00, 0x00, 0x00, 0x00, 0x00, 0x00, 0x00, 0x00, 0x00, 0x00, 0x00, 0x00,
    0x00, 0x00, 0x00, 0x00, 0x00, 0x00, 0x00, 0x00, 0x00, 0x00, 0x00, 0x00, 0x00, 0x00, 0x00, 0x00,
    0x00, 0x00, 0x00, 0xF6, 0xFF, 0x08, 0xF7, 0xFF, 0x08, 0xF7, 0xFF, 0x08, 0xF7, 0xFF, 0x08, 0x00,
    0xF8, 0x08, 0x00, 0xFA, 0x06, 0x10, 0xFE, 0x03, 0xB1, 0xBF, 0x00, 0xF6, 0x1D, 0x00, 0x60, 0x00,
    0x00,
    // Unicode: [0x003C, less]
    0x00, 0x00, 0x00, 0x00, 0x00, 0x00, 0x00, 0x00, 0x00, 0x14, 0x00, 0x00, 0x00, 0x00, 0x00, 0x00,
    0x00, 0x10, 0xD7, 0x2F, 0x00, 0x00, 0x00, 0x00, 0x00, 0x00, 0x30, 0xE9, 0xFF, 0x2F, 0x00, 0x00,
    0x00, 0x00, 0x00, 0x50, 0xFC, 0xFF, 0xFF, 0x2F, 0x00, 0x00, 0x00, 0x00, 0x82, 0xFE, 0xFF, 0xFF,
    0x9E, 0x02, 0x00, 0x00, 0x00, 0xA4, 0xFF, 0xFF, 0xFF, 0x6C, 0x01, 0x00, 0x00, 0x10, 0xD7, 0xFF,
    0xFF, 0xEF, 0x39, 0x00, 0x00, 0x00, 0x30, 0xE9, 0xFF, 0xFF, 0xCF, 0x16, 0x00, 0x00, 0x00, 0x00,
    0xFA, 0xFF, 0xFF, 0x9E, 0x03, 0x00, 0x00, 0x00, 0x00, 0x00, 0xFC, 0xFF, 0x7D, 0x01, 0x00, 0x00,
    0x00, 0x00, 0x00, 0x00, 0xFC, 0xFF, 0x6D, 0x01, 0x00, 0x00, 0x00, 0x00, 0x00, 0x00, 0xFA, 0xFF,
    0xFF, 0x9E, 0x03, 0x00, 0x00, 0x00, 0x00, 0x00, 0x30, 0xE9, 0xFF, 0xFF, 0xCF, 0x16, 0x00, 0x00,
    0x00, 0x00, 0x00, 0x10, 0xD7, 0xFF, 0xFF, 0xEF, 0x28, 0x00, 0x00, 0x00, 0x00, 0x00, 0x00, 0xB4,
    0xFF, 0xFF, 0xFF, 0x5B, 0x00, 0x00, 0x00, 0x00, 0x00, 0x00, 0x82, 0xFE, 0xFF, 0xFF, 0x8D, 0x02,
    0x00, 0x00, 0x00, 0x00, 0x00, 0x61, 0xFC, 0xFF, 0xFF, 0x2F, 0x00, 0x00, 0x00, 0x00, 0x00, 0x00,
    0x40, 0xFA, 0xFF, 0x2F, 0x00, 0x00, 0x00, 0x00, 0x00, 0x00, 0x00, 0x10, 0xE8, 0x2F, 0x00, 0x00,
    0x00, 0x00, 0x00, 0x00, 0x00, 0x00, 0x00, 0x15,
    // Unicode: [0x003D, equal]
    0xFC, 0xFF, 0xFF, 0xFF, 0xFF, 0xFF, 0xFF, 0xFF, 0xFF, 0x2F, 0xFC, 0xFF, 0xFF, 0xFF, 0xFF, 0xFF,
    0xFF, 0xFF, 0xFF, 0x2F, 0xFC, 0xFF, 0xFF, 0xFF, 0xFF, 0xFF, 0xFF, 0xFF, 0xFF, 0x2F, 0x43, 0x44,
    0x44, 0x44, 0x44, 0x44, 0x44, 0x44, 0x44, 0x14, 0x00, 0x00, 0x00, 0x00, 0x00, 0x00, 0x00, 0x00,
    0x00, 0x00, 0x00, 0x00, 0x00, 0x00, 0x00, 0x00, 0x00, 0x00, 0x00, 0x00, 0x00, 0x00, 0x00, 0x00,
    0x00, 0x00, 0x00, 0x00, 0x00, 0x00, 0x00, 0x00, 0x00, 0x00, 0x00, 0x00, 0x00, 0x00, 0x00, 0x00,
    0x43, 0x44, 0x44, 0x44, 0x44, 0x44, 0x44, 0x44, 0x44, 0x14, 0xFC, 0xFF, 0xFF, 0xFF, 0xFF, 0xFF,
    0xFF, 0xFF, 0xFF, 0x2F, 0xFC, 0xFF, 0xFF, 0xFF, 0xFF, 0xFF, 0xFF, 0xFF, 0xFF, 0x2F, 0xFC, 0xFF,
    0xFF, 0xFF, 0xFF, 0xFF, 0xFF, 0xFF, 0xFF, 0x2F,
    // Unicode: [0x003E, greater]
    0x15, 0x00, 0x00, 0x00, 0x00, 0x00, 0x00, 0x00, 0x00, 0x00, 0xEC, 0x39, 0x00, 0x00, 0x00, 0x00,
    0x00, 0x00, 0x00, 0x00, 0xFC, 0xFF, 0x5B, 0x00, 0x00, 0x00, 0x00, 0x00, 0x00, 0x00, 0xFC, 0xFF,
    0xFF, 0x8E, 0x02, 0x00, 0x00, 0x00, 0x00, 0x00, 0x61, 0xFC, 0xFF, 0xFF, 0xAF, 0x04, 0x00, 0x00,
    0x00, 0x00, 0x00, 0x40, 0xFA, 0xFF, 0xFF, 0xDF, 0x16, 0x00, 0x00, 0x00, 0x00, 0x00, 0x10, 0xD7,
    0xFF, 0xFF, 0xEF, 0x39, 0x00, 0x00, 0x00, 0x00, 0x00, 0x00, 0xA4, 0xFF, 0xFF, 0xFF, 0x5B, 0x00,
    0x00, 0x00, 0x00, 0x00, 0x00, 0x72, 0xFD, 0xFF, 0xFF, 0x2D, 0x00, 0x00, 0x00, 0x00, 0x00, 0x00,
    0x50, 0xFB, 0xFF, 0x2F, 0x00, 0x00, 0x00, 0x00, 0x00, 0x00, 0x40, 0xFB, 0xFF, 0x2F, 0x00, 0x00,
    0x00, 0x00, 0x00, 0x71, 0xFD, 0xFF, 0xFF, 0x1D, 0x00, 0x00, 0x00, 0x00, 0xA4, 0xFF, 0xFF, 0xFF,
    0x5B, 0x00, 0x00, 0x00, 0x10, 0xC6, 0xFF, 0xFF, 0xEF, 0x29, 0x00, 0x00, 0x00, 0x30, 0xE9, 0xFF,
    0xFF, 0xDF, 0x16, 0x00, 0x00, 0x00, 0x50, 0xFC, 0xFF, 0xFF, 0xAF, 0x04, 0x00, 0x00, 0x00, 0x00,
    0xFC, 0xFF, 0xFF, 0x8E, 0x02, 0x00, 0x00, 0x00, 0x00, 0x00, 0xFC, 0xFF, 0x6C, 0x00, 0x00, 0x00,
    0x00, 0x00, 0x00, 0x00, 0xFC, 0x3A, 0x00, 0x00, 0x00, 0x00, 0x00, 0x00, 0x00, 0x00, 0x16, 0x00,
    0x00, 0x00, 0x00, 0x00, 0x00, 0x00, 0x00, 0x00,
    // Unicode: [0x003F, question]
    0x00, 0x00, 0x20, 0xB7, 0xED, 0xDF, 0x8B, 0x02, 0x00, 0x00, 0x00, 0x00, 0xF8, 0xFF, 0xFF, 0xFF,
    0xFF, 0xAF, 0x01, 0x00, 0x00, 0xB1, 0xFF, 0xFF, 0xEF, 0xFE, 0xFF, 0xFF, 0x2D, 0x00, 0x00, 0xF9,
    0xFF, 0x7E, 0x01, 0x10, 0xD6, 0xFF, 0xDF, 0x01, 0x30, 0xFF, 0xEF, 0x03, 0x00, 0x00, 0x10, 0xFC,
    0xFF, 0x08, 0x90, 0xFF, 0x5F, 0x00, 0x00, 0x00, 0x00, 0xE2, 0xFF, 0x0E, 0xE0, 0xFF, 0x0D, 0x00,
    0x00, 0x00, 0x00, 0x90, 0xFF, 0x2F, 0xF2, 0xFF, 0x09, 0x00, 0x00, 0x00, 0x00, 0x60, 0xFF, 0x3F,
    0x10, 0x43, 0x02, 0x00, 0x00, 0x00, 0x00, 0x70, 0xFF, 0x2F, 0x00, 0x00, 0x00, 0x00, 0x00, 0x00,
    0x00, 0xC0, 0xFF, 0x0D, 0x00, 0x00, 0x00, 0x00, 0x00, 0x00, 0x00, 0xF8, 0xFF, 0x07, 0x00, 0x00,
    0x00, 0x00, 0x00, 0x00, 0x70, 0xFF, 0xCF, 0x01, 0x00, 0x00, 0x00, 0x00, 0x00, 0x00, 0xF9, 0xFF,
    0x2D, 0x00, 0x00, 0x00, 0x00, 0x00, 0x00, 0xB1, 0xFF, 0xDF, 0x02, 0x00, 0x00, 0x00, 0x00, 0x00,
    0x00, 0xFB, 0xFF, 0x1C, 0x00, 0x00, 0x00, 0x00, 0x00, 0x00, 0x80, 0xFF, 0xBF, 0x01, 0x00, 0x00,
    0x00, 0x00, 0x00, 0x00, 0xF2, 0xFF, 0x0C, 0x00, 0x00, 0x00, 0x00, 0x00, 0x00, 0x00, 0xF7, 0xFF,
    0x04, 0x00, 0x00, 0x00, 0x00, 0x00, 0x00, 0x00, 0xFA, 0xCF, 0x00, 0x00, 0x00, 0x00, 0x00, 0x00,
    0x00, 0x00, 0xFB, 0xAF, 0x00, 0x00, 0x00, 0x00, 0x00, 0x00, 0x00, 0x00, 0xFC, 0x9F, 0x00, 0x00,
    0x00, 0x00, 0x00, 0x00, 0x00, 0x00, 0x21, 0x12, 0x00, 0x00, 0x00, 0x00, 0x00, 0x00, 0x00, 0x00,
    0x00, 0x00, 0x00, 0x00, 0x00, 0x00, 0x00, 0x00, 0x00, 0x00, 0x00, 0x00, 0x00, 0x00, 0x00, 0x00,
    0x00, 0x00, 0x00, 0x00, 0xFF, 0xFF, 0x00, 0x00, 0x00, 0x00, 0x00, 0x00, 0x00, 0x00, 0xFF, 0xFF,
    0x00, 0x00, 0x00, 0x00, 0x00, 0x00, 0x00, 0x00, 0xFF, 0xFF, 0x00, 0x00, 0x00, 0x00, 0x00, 0x00,
    0x00, 0x00, 0xFF, 0xFF, 0x00, 0x00, 0x00, 0x00,
    // Unicode: [0x0040, at]
    0x00, 0x00, 0x00, 0x00, 0x00, 0x00, 0x40, 0xA7, 0xDC, 0xFE, 0xDE, 0x9C, 0x26, 0x00, 0x00, 0x00,
    0x00, 0x00, 0x00, 0x00, 0x00, 0x00, 0x00, 0x00, 0x92, 0xFE, 0xFF, 0xFF, 0xFF, 0xFF, 0xFF, 0xFF,
    0x6C, 0x01, 0x00, 0x00, 0x00, 0x00, 0x00, 0x00, 0x00, 0x00, 0x91, 0xFF, 0xFF, 0xFF, 0xEF, 0xDD,
    0xED, 0xFF, 0xFF, 0xFF, 0x5D, 0x00, 0x00, 0x00, 0x00, 0x00, 0x00, 0x00, 0x40, 0xFE, 0xFF, 0xCF,
    0x47, 0x01, 0x00, 0x00, 0x52, 0xE9, 0xFF, 0xFF, 0x1A, 0x00, 0x00, 0x00, 0x00, 0x00, 0x00, 0xF7,
    0xFF, 0xAF, 0x03, 0x00, 0x00, 0x00, 0x00, 0x00, 0x00, 0xD6, 0xFF, 0xCF, 0x01, 0x00, 0x00, 0x00,
    0x00, 0x80, 0xFF, 0xCF, 0x03, 0x00, 0x00, 0x00, 0x00, 0x00, 0x00, 0x00, 0x00, 0xF8, 0xFF, 0x1C,
    0x00, 0x00, 0x00, 0x00, 0xF6, 0xFF, 0x09, 0x00, 0x00, 0x00, 0x00, 0x00, 0x00, 0x00, 0x00, 0x00,
    0x50, 0xFF, 0x9F, 0x00, 0x00, 0x00, 0x30, 0xFE, 0x8F, 0x00, 0x00, 0x00, 0x93, 0xFD, 0xBE, 0x05,
    0x00, 0xFC, 0xBF, 0x00, 0xF5, 0xFF, 0x04, 0x00, 0x00, 0xC0, 0xFF, 0x0A, 0x00, 0x00, 0xA1, 0xFF,
    0xFF, 0xFF, 0xBF, 0x01, 0xFE, 0x7F, 0x00, 0x80, 0xFF, 0x0C, 0x00, 0x00, 0xF5, 0xDF, 0x01, 0x00,
    0x20, 0xFD, 0xFF, 0xEF, 0xFE, 0xFF, 0x3C, 0xFF, 0x4F, 0x00, 0x10, 0xFE, 0x3F, 0x00, 0x00, 0xFD,
    0x4F, 0x00, 0x00, 0xD2, 0xFF, 0xAF, 0x02, 0x30, 0xFB, 0xDF, 0xFF, 0x1F, 0x00, 0x00, 0xF7, 0x9F,
    0x00, 0x50, 0xFF, 0x0B, 0x00, 0x00, 0xFB, 0xFF, 0x07, 0x00, 0x00, 0xA0, 0xFF, 0xFF, 0x0D, 0x00,
    0x00, 0xF2, 0xDF, 0x00, 0xB0, 0xFF, 0x04, 0x00, 0x60, 0xFF, 0x9F, 0x00, 0x00, 0x00, 0x10, 0xFF,
    0xFF, 0x0A, 0x00, 0x00, 0xE0, 0xFF, 0x01, 0xF1, 0xEF, 0x00, 0x00, 0xE1, 0xFF, 0x1D, 0x00, 0x00,
    0x00, 0x00, 0xFB, 0xFF, 0x07, 0x00, 0x00, 0xB0, 0xFF, 0x02, 0xF4, 0x9F, 0x00, 0x00, 0xF6, 0xFF,
    0x06, 0x00, 0x00, 0x00, 0x00, 0xF8, 0xFF, 0x04, 0x00, 0x00, 0xB0, 0xFF, 0x03, 0xF7, 0x6F, 0x00,
    0x00, 0xFB, 0xEF, 0x01, 0x00, 0x00, 0x00, 0x00, 0xF7, 0xFF, 0x01, 0x00, 0x00, 0xB0, 0xFF, 0x02,
    0xFA, 0x4F, 0x00, 0x10, 0xFF, 0xAF, 0x00, 0x00, 0x00, 0x00, 0x00, 0xF9, 0xCF, 0x00, 0x00, 0x00,
    0xD0, 0xFF, 0x00, 0xFB, 0x2F, 0x00, 0x40, 0xFF, 0x7F, 0x00, 0x00, 0x00, 0x00, 0x00, 0xFA, 0x9F,
    0x00, 0x00, 0x00, 0xF2, 0xDF, 0x00, 0xFC, 0x1F, 0x00, 0x50, 0xFF, 0x5F, 0x00, 0x00, 0x00, 0x00,
    0x00, 0xFE, 0x6F, 0x00, 0x00, 0x00, 0xF7, 0x9F, 0x00, 0xFC, 0x1F, 0x00, 0x60, 0xFF, 0x4F, 0x00,
    0x00, 0x00, 0x00, 0x40, 0xFF, 0x3F, 0x00, 0x00, 0x00, 0xFD, 0x4F, 0x00, 0xFB, 0x2F, 0x00, 0x50,
    0xFF, 0x4F, 0x00, 0x00, 0x00, 0x00, 0xB0, 0xFF, 0x0E, 0x00, 0x00, 0x70, 0xFF, 0x0C, 0x00, 0xFA,
    0x4F, 0x00, 0x20, 0xFF, 0x7F, 0x00, 0x00, 0x00, 0x00, 0xF4, 0xFF, 0x0B, 0x00, 0x00, 0xF3, 0xFF,
    0x04, 0x00, 0xF8, 0x7F, 0x00, 0x00, 0xFE, 0xCF, 0x00, 0x00, 0x00, 0x10, 0xFD, 0xFF, 0x08, 0x00,
    0x30, 0xFE, 0x9F, 0x00, 0x00, 0xF5, 0xBF, 0x00, 0x00, 0xF8, 0xFF, 0x06, 0x00, 0x00, 0xD2, 0xFF,
    0xFF, 0x07, 0x00, 0xE6, 0xFF, 0x0C, 0x00, 0x00, 0xF1, 0xFF, 0x01, 0x00, 0xE1, 0xFF, 0x7F, 0x01,
    0x61, 0xFE, 0xFF, 0xFF, 0x4D, 0xB5, 0xFF, 0xCF, 0x01, 0x00, 0x00, 0xB0, 0xFF, 0x07, 0x00, 0x50,
    0xFF, 0xFF, 0xDF, 0xFF, 0xDF, 0xF5, 0xFF, 0xFF, 0xFF, 0xFF, 0x1B, 0x00, 0x00, 0x00, 0x50, 0xFF,
    0x1E, 0x00, 0x00, 0xE5, 0xFF, 0xFF, 0xFF, 0x1A, 0xD0, 0xFF, 0xFF, 0xFF, 0x7E, 0x00, 0x00, 0x00,
    0x00, 0x00, 0xFC, 0xBF, 0x00, 0x00, 0x20, 0xD8, 0xDE, 0x4A, 0x00, 0x20, 0xEA, 0xDF, 0x6B, 0x01,
    0x00, 0x40, 0x77, 0x06, 0x00, 0xF3, 0xFF, 0x08, 0x00, 0x00, 0x00, 0x00, 0x00, 0x00, 0x00, 0x00,
    0x00, 0x00, 0x00, 0x00, 0xE3, 0xFF, 0x09, 0x00, 0x70, 0xFF, 0x9F, 0x00, 0x00, 0x00, 0x00, 0x00,
    0x00, 0x00, 0x00, 0x00, 0x00, 0x00, 0x50, 0xFE, 0xCF, 0x01, 0x00, 0x00, 0xF9, 0xFF, 0x3C, 0x00,
    0x00, 0x00, 0x00, 0x00, 0x00, 0x00, 0x00, 0x00, 0x10, 0xF9, 0xFF, 0x1C, 0x00, 0x00, 0x00, 0x80,
    0xFF, 0xFF, 0x5B, 0x00, 0x00, 0x00, 0x00, 0x00, 0x00, 0x00, 0x20, 0xE8, 0xFF, 0xBF, 0x01, 0x00,
    0x00, 0x00, 0x00, 0xE5, 0xFF, 0xFF, 0xAE, 0x37, 0x01, 0x00, 0x00, 0x20, 0x74, 0xFB, 0xFF, 0xFF,
    0x07, 0x00, 0x00, 0x00, 0x00, 0x00, 0x10, 0xE8, 0xFF, 0xFF, 0xFF, 0xFF, 0xDE, 0xED, 0xFF, 0xFF,
    0xFF, 0xFF, 0x2A, 0x00, 0x00, 0x00, 0x00, 0x00, 0x00, 0x00, 0x10, 0xC7, 0xFF, 0xFF, 0xFF, 0xFF,
    0xFF, 0xFF, 0xFF, 0xEF, 0x29, 0x00, 0x00, 0x00, 0x00, 0x00, 0x00, 0x00, 0x00, 0x00, 0x00, 0x51,
    0xA8, 0xEC, 0xFE, 0xEF, 0xCD, 0x7A, 0x04, 0x00, 0x00, 0x00, 0x00, 0x00,
    // Unicode: [0x0041, A]
    0x00, 0x00, 0x00, 0x00, 0x00, 0xF4, 0xFF, 0x3F, 0x00, 0x00, 0x00, 0x00, 0x00, 0x00, 0x00, 0x00,
    0x00, 0x00, 0x00, 0xFA, 0xFF, 0xAF, 0x00, 0x00, 0x00, 0x00, 0x00, 0x00, 0x00, 0x00, 0x00, 0x00,
    0x10, 0xFF, 0xFF, 0xFF, 0x01, 0x00, 0x00, 0x00, 0x00, 0x00, 0x00, 0x00, 0x00, 0x00, 0x70, 0xFF,
    0xEB, 0xFF, 0x07, 0x00, 0x00, 0x00, 0x00, 0x00, 0x00, 0x00, 0x00, 0x00, 0xC0, 0xFF, 0x97, 0xFF,
    0x0D, 0x00, 0x00, 0x00, 0x00, 0x00, 0x00, 0x00, 0x00, 0x00, 0xF3, 0xFF, 0x33, 0xFF, 0x5F, 0x00,
    0x00, 0x00, 0x00, 0x00, 0x00, 0x00, 0x00, 0x00, 0xF9, 0xDF, 0x00, 0xFD, 0xBF, 0x00, 0x00, 0x00,
    0x00, 0x00, 0x00, 0x00, 0x00, 0x10, 0xFE, 0x8F, 0x00, 0xF7, 0xFF, 0x02, 0x00, 0x00, 0x00, 0x00,
    0x00, 0x00, 0x00, 0x60, 0xFF, 0x2F, 0x00, 0xF1, 0xFF, 0x09, 0x00, 0x00, 0x00, 0x00, 0x00, 0x00,
    0x00, 0xC0, 0xFF, 0x0B, 0x00, 0xA0, 0xFF, 0x1E, 0x00, 0x00, 0x00, 0x00, 0x00, 0x00, 0x00, 0xF3,
    0xFF, 0x06, 0x00, 0x40, 0xFF, 0x6F, 0x00, 0x00, 0x00, 0x00, 0x00, 0x00, 0x00, 0xF9, 0xEF, 0x01,
    0x00, 0x00, 0xFD, 0xCF, 0x00, 0x00, 0x00, 0x00, 0x00, 0x00, 0x10, 0xFE, 0x9F, 0x00, 0x00, 0x00,
    0xF7, 0xFF, 0x04, 0x00, 0x00, 0x00, 0x00, 0x00, 0x60, 0xFF, 0x3F, 0x00, 0x00, 0x00, 0xF2, 0xFF,
    0x0A, 0x00, 0x00, 0x00, 0x00, 0x00, 0xB0, 0xFF, 0x0C, 0x00, 0x00, 0x00, 0xA0, 0xFF, 0x2F, 0x00,
    0x00, 0x00, 0x00, 0x00, 0xF2, 0xFF, 0x06, 0x00, 0x00, 0x00, 0x40, 0xFF, 0x8F, 0x00, 0x00, 0x00,
    0x00, 0x00, 0xF8, 0xFF, 0xFF, 0xFF, 0xFF, 0xFF, 0xFF, 0xFF, 0xEF, 0x00, 0x00, 0x00, 0x00, 0x00,
    0xFE, 0xFF, 0xFF, 0xFF, 0xFF, 0xFF, 0xFF, 0xFF, 0xFF, 0x05, 0x00, 0x00, 0x00, 0x50, 0xFF, 0xFF,
    0xFF, 0xFF, 0xFF, 0xFF, 0xFF, 0xFF, 0xFF, 0x0B, 0x00, 0x00, 0x00, 0xB0, 0xFF, 0x1E, 0x11, 0x11,
    0x11, 0x11, 0x11, 0xB1, 0xFF, 0x3F, 0x00, 0x00, 0x00, 0xF2, 0xFF, 0x09, 0x00, 0x00, 0x00, 0x00,
    0x00, 0x60, 0xFF, 0x9F, 0x00, 0x00, 0x00, 0xF8, 0xFF, 0x04, 0x00, 0x00, 0x00, 0x00, 0x00, 0x10,
    0xFE, 0xEF, 0x01, 0x00, 0x00, 0xFD, 0xDF, 0x00, 0x00, 0x00, 0x00, 0x00, 0x00, 0x00, 0xFA, 0xFF,
    0x06, 0x00, 0x40, 0xFF, 0x8F, 0x00, 0x00, 0x00, 0x00, 0x00, 0x00, 0x00, 0xF4, 0xFF, 0x0D, 0x00,
    0xA0, 0xFF, 0x3F, 0x00, 0x00, 0x00, 0x00, 0x00, 0x00, 0x00, 0xD0, 0xFF, 0x4F, 0x00, 0xF1, 0xFF,
    0x0D, 0x00, 0x00, 0x00, 0x00, 0x00, 0x00, 0x00, 0x80, 0xFF, 0xAF, 0x00, 0xF7, 0xFF, 0x07, 0x00,
    0x00, 0x00, 0x00, 0x00, 0x00, 0x00, 0x20, 0xFF, 0xFF, 0x02, 0xFD, 0xFF, 0x02, 0x00, 0x00, 0x00,
    0x00, 0x00, 0x00, 0x00, 0x00, 0xFC, 0xFF, 0x08,
    // Unicode: [0x0042, B]
    0xF9, 0xFF, 0xFF, 0xFF, 0xFF, 0xFF, 0xDE, 0x7B, 0x02, 0x00, 0x00, 0xF9, 0xFF, 0xFF, 0xFF, 0xFF,
    0xFF, 0xFF, 0xFF, 0x7E, 0x00, 0x00, 0xF9, 0xFF, 0xFF, 0xFF, 0xFF, 0xFF, 0xFF, 0xFF, 0xFF, 0x0A,
    0x00, 0xF9, 0xFF, 0x57, 0x55, 0x55, 0x65, 0x97, 0xFD, 0xFF, 0x8F, 0x00, 0xF9, 0xFF, 0x03, 0x00,
    0x00, 0x00, 0x00, 0x60, 0xFF, 0xFF, 0x01, 0xF9, 0xFF, 0x03, 0x00, 0x00, 0x00, 0x00, 0x00, 0xF9,
    0xFF, 0x06, 0xF9, 0xFF, 0x03, 0x00, 0x00, 0x00, 0x00, 0x00, 0xF3, 0xFF, 0x09, 0xF9, 0xFF, 0x03,
    0x00, 0x00, 0x00, 0x00, 0x00, 0xF2, 0xFF, 0x09, 0xF9, 0xFF, 0x03, 0x00, 0x00, 0x00, 0x00, 0x00,
    0xF3, 0xFF, 0x07, 0xF9, 0xFF, 0x03, 0x00, 0x00, 0x00, 0x00, 0x00, 0xF8, 0xFF, 0x02, 0xF9, 0xFF,
    0x03, 0x00, 0x00, 0x00, 0x00, 0x60, 0xFF, 0x9F, 0x00, 0xF9, 0xFF, 0x57, 0x55, 0x55, 0x55, 0x86,
    0xFD, 0xFF, 0x0B, 0x00, 0xF9, 0xFF, 0xFF, 0xFF, 0xFF, 0xFF, 0xFF, 0xFF, 0x7F, 0x00, 0x00, 0xF9,
    0xFF, 0xFF, 0xFF, 0xFF, 0xFF, 0xFF, 0xFF, 0xAF, 0x03, 0x00, 0xF9, 0xFF, 0xFF, 0xFF, 0xFF, 0xFF,
    0xFF, 0xFF, 0xFF, 0x8F, 0x00, 0xF9, 0xFF, 0x03, 0x00, 0x00, 0x00, 0x21, 0xB5, 0xFF, 0xFF, 0x08,
    0xF9, 0xFF, 0x03, 0x00, 0x00, 0x00, 0x00, 0x00, 0xF5, 0xFF, 0x3F, 0xF9, 0xFF, 0x03, 0x00, 0x00,
    0x00, 0x00, 0x00, 0x80, 0xFF, 0xAF, 0xF9, 0xFF, 0x03, 0x00, 0x00, 0x00, 0x00, 0x00, 0x10, 0xFF,
    0xEF, 0xF9, 0xFF, 0x03, 0x00, 0x00, 0x00, 0x00, 0x00, 0x00, 0xFE, 0xFF, 0xF9, 0xFF, 0x03, 0x00,
    0x00, 0x00, 0x00, 0x00, 0x00, 0xFE, 0xFF, 0xF9, 0xFF, 0x03, 0x00, 0x00, 0x00, 0x00, 0x00, 0x30,
    0xFF, 0xDF, 0xF9, 0xFF, 0x03, 0x00, 0x00, 0x00, 0x00, 0x00, 0xA0, 0xFF, 0x8F, 0xF9, 0xFF, 0x03,
    0x00, 0x00, 0x00, 0x00, 0x10, 0xF8, 0xFF, 0x3F, 0xF9, 0xFF, 0x57, 0x55, 0x55, 0x55, 0x65, 0xE9,
    0xFF, 0xFF, 0x09, 0xF9, 0xFF, 0xFF, 0xFF, 0xFF, 0xFF, 0xFF, 0xFF, 0xFF, 0xBF, 0x01, 0xF9, 0xFF,
    0xFF, 0xFF, 0xFF, 0xFF, 0xFF, 0xFF, 0xEF, 0x07, 0x00, 0xF9, 0xFF, 0xFF, 0xFF, 0xFF, 0xFF, 0xEE,
    0x9C, 0x15, 0x00, 0x00,
    // Unicode: [0x0043, C]
    0x00, 0x00, 0x00, 0x00, 0x72, 0xDA, 0xFE, 0xDE, 0x7A, 0x01, 0x00, 0x00, 0x00, 0x00, 0x00, 0x00,
    0xB4, 0xFF, 0xFF, 0xFF, 0xFF, 0xFF, 0x9F, 0x01, 0x00, 0x00, 0x00, 0x00, 0xA1, 0xFF, 0xFF, 0xFF,
    0xFF, 0xFF, 0xFF, 0xFF, 0x4E, 0x00, 0x00, 0x00, 0x20, 0xFD, 0xFF, 0xDF, 0x69, 0x44, 0x74, 0xFB,
    0xFF, 0xFF, 0x05, 0x00, 0x00, 0xD1, 0xFF, 0xEF, 0x05, 0x00, 0x00, 0x00, 0x30, 0xFC, 0xFF, 0x2E,
    0x00, 0x00, 0xFB, 0xFF, 0x2C, 0x00, 0x00, 0x00, 0x00, 0x00, 0xB0, 0xFF, 0xBF, 0x00, 0x50, 0xFF,
    0xEF, 0x01, 0x00, 0x00, 0x00, 0x00, 0x00, 0x10, 0xFE, 0xFF, 0x04, 0xC0, 0xFF, 0x5F, 0x00, 0x00,
    0x00, 0x00, 0x00, 0x00, 0x00, 0xF7, 0xFF, 0x09, 0xF3, 0xFF, 0x0D, 0x00, 0x00, 0x00, 0x00, 0x00,
    0x00, 0x00, 0xA1, 0x47, 0x01, 0xF7, 0xFF, 0x09, 0x00, 0x00, 0x00, 0x00, 0x00, 0x00, 0x00, 0x00,
    0x00, 0x00, 0xFA, 0xFF, 0x05, 0x00, 0x00, 0x00, 0x00, 0x00, 0x00, 0x00, 0x00, 0x00, 0x00, 0xFD,
    0xFF, 0x02, 0x00, 0x00, 0x00, 0x00, 0x00, 0x00, 0x00, 0x00, 0x00, 0x00, 0xFE, 0xFF, 0x00, 0x00,
    0x00, 0x00, 0x00, 0x00, 0x00, 0x00, 0x00, 0x00, 0x00, 0xFF, 0xEF, 0x00, 0x00, 0x00, 0x00, 0x00,
    0x00, 0x00, 0x00, 0x00, 0x00, 0x00, 0xFF, 0xEF, 0x00, 0x00, 0x00, 0x00, 0x00, 0x00, 0x00, 0x00,
    0x00, 0x00, 0x00, 0xFE, 0xFF, 0x01, 0x00, 0x00, 0x00, 0x00, 0x00, 0x00, 0x00, 0x00, 0x00, 0x00,
    0xFC, 0xFF, 0x02, 0x00, 0x00, 0x00, 0x00, 0x00, 0x00, 0x00, 0x00, 0x00, 0x00, 0xF9, 0xFF, 0x04,
    0x00, 0x00, 0x00, 0x00, 0x00, 0x00, 0x00, 0x00, 0x00, 0x00, 0xF6, 0xFF, 0x08, 0x00, 0x00, 0x00,
    0x00, 0x00, 0x00, 0x00, 0x90, 0x8B, 0x04, 0xF1, 0xFF, 0x0D, 0x00, 0x00, 0x00, 0x00, 0x00, 0x00,
    0x00, 0xE0, 0xFF, 0x2F, 0xB0, 0xFF, 0x5F, 0x00, 0x00, 0x00, 0x00, 0x00, 0x00, 0x00, 0xF6, 0xFF,
    0x0B, 0x40, 0xFF, 0xEF, 0x01, 0x00, 0x00, 0x00, 0x00, 0x00, 0x20, 0xFE, 0xFF, 0x05, 0x00, 0xFB,
    0xFF, 0x1C, 0x00, 0x00, 0x00, 0x00, 0x00, 0xC1, 0xFF, 0xCF, 0x00, 0x00, 0xE2, 0xFF, 0xEF, 0x06,
    0x00, 0x00, 0x00, 0x40, 0xFD, 0xFF, 0x2E, 0x00, 0x00, 0x30, 0xFE, 0xFF, 0xDF, 0x58, 0x34, 0x85,
    0xFC, 0xFF, 0xFF, 0x05, 0x00, 0x00, 0x00, 0xD3, 0xFF, 0xFF, 0xFF, 0xFF, 0xFF, 0xFF, 0xFF, 0x4E,
    0x00, 0x00, 0x00, 0x00, 0x10, 0xE8, 0xFF, 0xFF, 0xFF, 0xFF, 0xFF, 0x9F, 0x01, 0x00, 0x00, 0x00,
    0x00, 0x00, 0x10, 0x95, 0xEC, 0xFE, 0xDE, 0x6A, 0x01, 0x00, 0x00, 0x00,
    // Unicode: [0x0044, D]
    0xFE, 0xFF, 0xFF, 0xFF, 0xFF, 0xFF, 0xCE, 0x7A, 0x02, 0x00, 0x00, 0x00, 0xFE, 0xFF, 0xFF, 0xFF,
    0xFF, 0xFF, 0xFF, 0xFF, 0xAF, 0x02, 0x00, 0x00, 0xFE, 0xFF, 0xFF, 0xFF, 0xFF, 0xFF, 0xFF, 0xFF,
    0xFF, 0x5E, 0x00, 0x00, 0xFE, 0xEF, 0x55, 0x55, 0x55, 0x65, 0x97, 0xFD, 0xFF, 0xFF, 0x05, 0x00,
    0xFE, 0xDF, 0x00, 0x00, 0x00, 0x00, 0x00, 0x40, 0xFD, 0xFF, 0x3F, 0x00, 0xFE, 0xDF, 0x00, 0x00,
    0x00, 0x00, 0x00, 0x00, 0xC1, 0xFF, 0xCF, 0x00, 0xFE, 0xDF, 0x00, 0x00, 0x00, 0x00, 0x00, 0x00,
    0x20, 0xFE, 0xFF, 0x05, 0xFE, 0xDF, 0x00, 0x00, 0x00, 0x00, 0x00, 0x00, 0x00, 0xF6, 0xFF, 0x0B,
    0xFE, 0xDF, 0x00, 0x00, 0x00, 0x00, 0x00, 0x00, 0x00, 0xE0, 0xFF, 0x1F, 0xFE, 0xDF, 0x00, 0x00,
    0x00, 0x00, 0x00, 0x00, 0x00, 0xA0, 0xFF, 0x5F, 0xFE, 0xDF, 0x00, 0x00, 0x00, 0x00, 0x00, 0x00,
    0x00, 0x60, 0xFF, 0x8F, 0xFE, 0xDF, 0x00, 0x00, 0x00, 0x00, 0x00, 0x00, 0x00, 0x40, 0xFF, 0x9F,
    0xFE, 0xDF, 0x00, 0x00, 0x00, 0x00, 0x00, 0x00, 0x00, 0x30, 0xFF, 0xBF, 0xFE, 0xDF, 0x00, 0x00,
    0x00, 0x00, 0x00, 0x00, 0x00, 0x20, 0xFF, 0xBF, 0xFE, 0xDF, 0x00, 0x00, 0x00, 0x00, 0x00, 0x00,
    0x00, 0x30, 0xFF, 0xBF, 0xFE, 0xDF, 0x00, 0x00, 0x00, 0x00, 0x00, 0x00, 0x00, 0x40, 0xFF, 0xAF,
    0xFE, 0xDF, 0x00, 0x00, 0x00, 0x00, 0x00, 0x00, 0x00, 0x50, 0xFF, 0x9F, 0xFE, 0xDF, 0x00, 0x00,
    0x00, 0x00, 0x00, 0x00, 0x00, 0x80, 0xFF, 0x6F, 0xFE, 0xDF, 0x00, 0x00, 0x00, 0x00, 0x00, 0x00,
    0x00, 0xB0, 0xFF, 0x4F, 0xFE, 0xDF, 0x00, 0x00, 0x00, 0x00, 0x00, 0x00, 0x00, 0xF1, 0xFF, 0x0E,
    0xFE, 0xDF, 0x00, 0x00, 0x00, 0x00, 0x00, 0x00, 0x00, 0xF8, 0xFF, 0x09, 0xFE, 0xDF, 0x00, 0x00,
    0x00, 0x00, 0x00, 0x00, 0x20, 0xFE, 0xFF, 0x03, 0xFE, 0xDF, 0x00, 0x00, 0x00, 0x00, 0x00, 0x00,
    0xC1, 0xFF, 0xAF, 0x00, 0xFE, 0xDF, 0x00, 0x00, 0x00, 0x00, 0x00, 0x50, 0xFD, 0xFF, 0x2E, 0x00,
    0xFE, 0xEF, 0x55, 0x55, 0x55, 0x65, 0x97, 0xFD, 0xFF, 0xFF, 0x04, 0x00, 0xFE, 0xFF, 0xFF, 0xFF,
    0xFF, 0xFF, 0xFF, 0xFF, 0xFF, 0x4E, 0x00, 0x00, 0xFE, 0xFF, 0xFF, 0xFF, 0xFF, 0xFF, 0xFF, 0xFF,
    0x9F, 0x02, 0x00, 0x00, 0xFE, 0xFF, 0xFF, 0xFF, 0xFF, 0xEF, 0xCE, 0x69, 0x01, 0x00, 0x00, 0x00,
    // Unicode: [0x0045, E]
    0xFC, 0xFF, 0xFF, 0xFF, 0xFF, 0xFF, 0xFF, 0xFF, 0xFF, 0xFF, 0x0D, 0xFC, 0xFF, 0xFF, 0xFF, 0xFF,
    0xFF, 0xFF, 0xFF, 0xFF, 0xFF, 0x0D, 0xFC, 0xFF, 0xFF, 0xFF, 0xFF, 0xFF, 0xFF, 0xFF, 0xFF, 0xFF,
    0x0D, 0xFC, 0xFF, 0x55, 0x55, 0x55, 0x55, 0x55, 0x55, 0x55, 0x55, 0x05, 0xFC, 0xEF, 0x00, 0x00,
    0x00, 0x00, 0x00, 0x00, 0x00, 0x00, 0x00, 0xFC, 0xEF, 0x00, 0x00, 0x00, 0x00, 0x00, 0x00, 0x00,
    0x00, 0x00, 0xFC, 0xEF, 0x00, 0x00, 0x00, 0x00, 0x00, 0x00, 0x00, 0x00, 0x00, 0xFC, 0xEF, 0x00,
    0x00, 0x00, 0x00, 0x00, 0x00, 0x00, 0x00, 0x00, 0xFC, 0xEF, 0x00, 0x00, 0x00, 0x00, 0x00, 0x00,
    0x00, 0x00, 0x00, 0xFC, 0xEF, 0x00, 0x00, 0x00, 0x00, 0x00, 0x00, 0x00, 0x00, 0x00, 0xFC, 0xEF,
    0x00, 0x00, 0x00, 0x00, 0x00, 0x00, 0x00, 0x00, 0x00, 0xFC, 0xFF, 0x55, 0x55, 0x55, 0x55, 0x55,
    0x55, 0x55, 0x45, 0x00, 0xFC, 0xFF, 0xFF, 0xFF, 0xFF, 0xFF, 0xFF, 0xFF, 0xFF, 0xCF, 0x00, 0xFC,
    0xFF, 0xFF, 0xFF, 0xFF, 0xFF, 0xFF, 0xFF, 0xFF, 0xCF, 0x00, 0xFC, 0xFF, 0xFF, 0xFF, 0xFF, 0xFF,
    0xFF, 0xFF, 0xFF, 0xCF, 0x00, 0xFC, 0xEF, 0x00, 0x00, 0x00, 0x00, 0x00, 0x00, 0x00, 0x00, 0x00,
    0xFC, 0xEF, 0x00, 0x00, 0x00, 0x00, 0x00, 0x00, 0x00, 0x00, 0x00, 0xFC, 0xEF, 0x00, 0x00, 0x00,
    0x00, 0x00, 0x00, 0x00, 0x00, 0x00, 0xFC, 0xEF, 0x00, 0x00, 0x00, 0x00, 0x00, 0x00, 0x00, 0x00,
    0x00, 0xFC, 0xEF, 0x00, 0x00, 0x00, 0x00, 0x00, 0x00, 0x00, 0x00, 0x00, 0xFC, 0xEF, 0x00, 0x00,
    0x00, 0x00, 0x00, 0x00, 0x00, 0x00, 0x00, 0xFC, 0xEF, 0x00, 0x00, 0x00, 0x00, 0x00, 0x00, 0x00,
    0x00, 0x00, 0xFC, 0xEF, 0x00, 0x00, 0x00, 0x00, 0x00, 0x00, 0x00, 0x00, 0x00, 0xFC, 0xEF, 0x00,
    0x00, 0x00, 0x00, 0x00, 0x00, 0x00, 0x00, 0x00, 0xFC, 0xFF, 0x55, 0x55, 0x55, 0x55, 0x55, 0x55,
    0x55, 0x55, 0x35, 0xFC, 0xFF, 0xFF, 0xFF, 0xFF, 0xFF, 0xFF, 0xFF, 0xFF, 0xFF, 0x8F, 0xFC, 0xFF,
    0xFF, 0xFF, 0xFF, 0xFF, 0xFF, 0xFF, 0xFF, 0xFF, 0x8F, 0xFC, 0xFF, 0xFF, 0xFF, 0xFF, 0xFF, 0xFF,
    0xFF, 0xFF, 0xFF, 0x8F,
    // Unicode: [0x0046, F]
    0xFB, 0xFF, 0xFF, 0xFF, 0xFF, 0xFF, 0xFF, 0xFF, 0xFF, 0x9F, 0xFB, 0xFF, 0xFF, 0xFF, 0xFF, 0xFF,
    0xFF, 0xFF, 0xFF, 0x9F, 0xFB, 0xFF, 0xFF, 0xFF, 0xFF, 0xFF, 0xFF, 0xFF, 0xFF, 0x9F, 0xFB, 0xFF,
    0x56, 0x55, 0x55, 0x55, 0x55, 0x55, 0x55, 0x35, 0xFB, 0xFF, 0x01, 0x00, 0x00, 0x00, 0x00, 0x00,
    0x00, 0x00, 0xFB, 0xFF, 0x01, 0x00, 0x00, 0x00, 0x00, 0x00, 0x00, 0x00, 0xFB, 0xFF, 0x01, 0x00,
    0x00, 0x00, 0x00, 0x00, 0x00, 0x00, 0xFB, 0xFF, 0x01, 0x00, 0x00, 0x00, 0x00, 0x00, 0x00, 0x00,
    0xFB, 0xFF, 0x01, 0x00, 0x00, 0x00, 0x00, 0x00, 0x00, 0x00, 0xFB, 0xFF, 0x01, 0x00, 0x00, 0x00,
    0x00, 0x00, 0x00, 0x00, 0xFB, 0xFF, 0x01, 0x00, 0x00, 0x00, 0x00, 0x00, 0x00, 0x00, 0xFB, 0xFF,
    0x56, 0x55, 0x55, 0x55, 0x55, 0x55, 0x35, 0x00, 0xFB, 0xFF, 0xFF, 0xFF, 0xFF, 0xFF, 0xFF, 0xFF,
    0x8F, 0x00, 0xFB, 0xFF, 0xFF, 0xFF, 0xFF, 0xFF, 0xFF, 0xFF, 0x8F, 0x00, 0xFB, 0xFF, 0xFF, 0xFF,
    0xFF, 0xFF, 0xFF, 0xFF, 0x8F, 0x00, 0xFB, 0xFF, 0x01, 0x00, 0x00, 0x00, 0x00, 0x00, 0x00, 0x00,
    0xFB, 0xFF, 0x01, 0x00, 0x00, 0x00, 0x00, 0x00, 0x00, 0x00, 0xFB, 0xFF, 0x01, 0x00, 0x00, 0x00,
    0x00, 0x00, 0x00, 0x00, 0xFB, 0xFF, 0x01, 0x00, 0x00, 0x00, 0x00, 0x00, 0x00, 0x00, 0xFB, 0xFF,
    0x01, 0x00, 0x00, 0x00, 0x00, 0x00, 0x00, 0x00, 0xFB, 0xFF, 0x01, 0x00, 0x00, 0x00, 0x00, 0x00,
    0x00, 0x00, 0xFB, 0xFF, 0x01, 0x00, 0x00, 0x00, 0x00, 0x00, 0x00, 0x00, 0xFB, 0xFF, 0x01, 0x00,
    0x00, 0x00, 0x00, 0x00, 0x00, 0x00, 0xFB, 0xFF, 0x01, 0x00, 0x00, 0x00, 0x00, 0x00, 0x00, 0x00,
    0xFB, 0xFF, 0x01, 0x00, 0x00, 0x00, 0x00, 0x00, 0x00, 0x00, 0xFB, 0xFF, 0x01, 0x00, 0x00, 0x00,
    0x00, 0x00, 0x00, 0x00, 0xFB, 0xFF, 0x01, 0x00, 0x00, 0x00, 0x00, 0x00, 0x00, 0x00, 0xFB, 0xFF,
    0x01, 0x00, 0x00, 0x00, 0x00, 0x00, 0x00, 0x00,
    // Unicode: [0x005B, bracketleft]
    0xF4, 0xFF, 0xFF, 0xFF, 0x07, 0xF4, 0xFF, 0xFF, 0xFF, 0x07, 0xF4, 0xFF, 0xDE, 0xDD, 0x06, 0xF4,
    0xFF, 0x04, 0x00, 0x00, 0xF4, 0xFF, 0x04, 0x00, 0x00, 0xF4, 0xFF, 0x04, 0x00, 0x00, 0xF4, 0xFF,
    0x04, 0x00, 0x00, 0xF4, 0xFF, 0x04, 0x00, 0x00, 0xF4, 0xFF, 0x04, 0x00, 0x00, 0xF4, 0xFF, 0x04,
    0x00, 0x00, 0xF4, 0xFF, 0x04, 0x00, 0x00, 0xF4, 0xFF, 0x04, 0x00, 0x00, 0xF4, 0xFF, 0x04, 0x00,
    0x00, 0xF4, 0xFF, 0x04, 0x00, 0x00, 0xF4, 0xFF, 0x04, 0x00, 0x00, 0xF4, 0xFF, 0x04, 0x00, 0x00,
    0xF4, 0xFF, 0x04, 0x00, 0x00, 0xF4, 0xFF, 0x04, 0x00, 0x00, 0xF4, 0xFF, 0x04, 0x00, 0x00, 0xF4,
    0xFF, 0x04, 0x00, 0x00, 0xF4, 0xFF, 0x04, 0x00, 0x00, 0xF4, 0xFF, 0x04, 0x00, 0x00, 0xF4, 0xFF,
    0x04, 0x00, 0x00, 0xF4, 0xFF, 0x04, 0x00, 0x00, 0xF4, 0xFF, 0x04, 0x00, 0x00, 0xF4, 0xFF, 0x04,
    0x00, 0x00, 0xF4, 0xFF, 0x04, 0x00, 0x00, 0xF4, 0xFF, 0x04, 0x00, 0x00, 0xF4, 0xFF, 0x04, 0x00,
    0x00, 0xF4, 0xFF, 0x04, 0x00, 0x00, 0xF4, 0xFF, 0x04, 0x00, 0x00, 0xF4, 0xFF, 0x04, 0x00, 0x00,
    0xF4, 0xFF, 0x04, 0x00, 0x00, 0xF4, 0xFF, 0xDE, 0xDD, 0x06, 0xF4, 0xFF, 0xFF, 0xFF, 0x07, 0xF4,
    0xFF, 0xFF, 0xFF, 0x07,
    // Unicode: [0x005C, backslash]
    0xFD, 0x0E, 0x00, 0x00, 0x00, 0x00, 0xF8, 0x4F, 0x00, 0x00, 0x00, 0x00, 0xF4, 0x9F, 0x00, 0x00,
    0x00, 0x00, 0xE0, 0xDF, 0x00, 0x00, 0x00, 0x00, 0xA0, 0xFF, 0x02, 0x00, 0x00, 0x00, 0x60, 0xFF,
    0x07, 0x00, 0x00, 0x00, 0x10, 0xFF, 0x0B, 0x00, 0x00, 0x00, 0x00, 0xFC, 0x1F, 0x00, 0x00, 0x00,
    0x00, 0xF7, 0x5F, 0x00, 0x00, 0x00, 0x00, 0xF3, 0xAF, 0x00, 0x00, 0x00, 0x00, 0xD0, 0xEF, 0x00,
    0x00, 0x00, 0x00, 0x90, 0xFF, 0x03, 0x00, 0x00, 0x00, 0x40, 0xFF, 0x08, 0x00, 0x00, 0x00, 0x10,
    0xFE, 0x0C, 0x00, 0x00, 0x00, 0x00, 0xFB, 0x2F, 0x00, 0x00, 0x00, 0x00, 0xF6, 0x6F, 0x00, 0x00,
    0x00, 0x00, 0xF2, 0xBF, 0x00, 0x00, 0x00, 0x00, 0xC0, 0xEF, 0x01, 0x00, 0x00, 0x00, 0x80, 0xFF,
    0x04, 0x00, 0x00, 0x00, 0x30, 0xFF, 0x09, 0x00, 0x00, 0x00, 0x00, 0xFE, 0x0D, 0x00, 0x00, 0x00,
    0x00, 0xFA, 0x3F, 0x00, 0x00, 0x00, 0x00, 0xF5, 0x7F, 0x00, 0x00, 0x00, 0x00, 0xF1, 0xCF, 0x00,
    0x00, 0x00, 0x00, 0xB0, 0xFF, 0x01, 0x00, 0x00, 0x00, 0x70, 0xFF, 0x06, 0x00, 0x00, 0x00, 0x20,
    0xFF, 0x0A, 0x00, 0x00, 0x00, 0x00, 0xFD, 0x0E,
    // Unicode: [0x005D, bracketright]
    0xF4, 0xFF, 0xFF, 0xFF, 0x08, 0xF4, 0xFF, 0xFF, 0xFF, 0x08, 0xD3, 0xDD, 0xFD, 0xFF, 0x08, 0x00,
    0x00, 0xF0, 0xFF, 0x08, 0x00, 0x00, 0xF0, 0xFF, 0x08, 0x00, 0x00, 0xF0, 0xFF, 0x08, 0x00, 0x00,
    0xF0, 0xFF, 0x08, 0x00, 0x00, 0xF0, 0xFF, 0x08, 0x00, 0x00, 0xF0, 0xFF, 0x08, 0x00, 0x00, 0xF0,
    0xFF, 0x08, 0x00, 0x00, 0xF0, 0xFF, 0x08, 0x00, 0x00, 0xF0, 0xFF, 0x08, 0x00, 0x00, 0xF0, 0xFF,
    0x08, 0x00, 0x00, 0xF0, 0xFF, 0x08, 0x00, 0x00, 0xF0, 0xFF, 0x08, 0x00, 0x00, 0xF0, 0xFF, 0x08,
    0x00, 0x00, 0xF0, 0xFF, 0x08, 0x00, 0x00, 0xF0, 0xFF, 0x08, 0x00, 0x00, 0xF0, 0xFF, 0x08, 0x00,
    0x00, 0xF0, 0xFF, 0x08, 0x00, 0x00, 0xF0, 0xFF, 0x08, 0x00, 0x00, 0xF0, 0xFF, 0x08, 0x00, 0x00,
    0xF0, 0xFF, 0x08, 0x00, 0x00, 0xF0, 0xFF, 0x08, 0x00, 0x00, 0xF0, 0xFF, 0x08, 0x00, 0x00, 0xF0,
    0xFF, 0x08, 0x00, 0x00, 0xF0, 0xFF, 0x08, 0x00, 0x00, 0xF0, 0xFF, 0x08, 0x00, 0x00, 0xF0, 0xFF,
    0x08, 0x00, 0x00, 0xF0, 0xFF, 0x08, 0x00, 0x00, 0xF0, 0xFF, 0x08, 0x00, 0x00, 0xF0, 0xFF, 0x08,
    0x00, 0x00, 0xF0, 0xFF, 0x08, 0xD3, 0xDD, 0xFD, 0xFF, 0x08, 0xF4, 0xFF, 0xFF, 0xFF, 0x08, 0xF4,
    0xFF, 0xFF, 0xFF, 0x08,
    // Unicode: [0x005E, asciicircum]
    0x00, 0x00, 0x00, 0x81, 0x78, 0x00, 0x00, 0x00, 0x00, 0x00, 0x00, 0x00, 0xF7, 0xFF, 0x03, 0x00,
    0x00, 0x00, 0x00, 0x00, 0x00, 0xFE, 0xFF, 0x0A, 0x00, 0x00, 0x00, 0x00, 0x00, 0x60, 0xFF, 0xFF,
    0x2F, 0x00, 0x00, 0x00, 0x00, 0x00, 0xC0, 0xFF, 0xFD, 0x9F, 0x00, 0x00, 0x00, 0x00, 0x00, 0xF4,
    0xEF, 0xF3, 0xEF, 0x01, 0x00, 0x00, 0x00, 0x00, 0xFB, 0x8F, 0xC0, 0xFF, 0x07, 0x00, 0x00, 0x00,
    0x20, 0xFF, 0x2F, 0x60, 0xFF, 0x0D, 0x00, 0x00, 0x00, 0x90, 0xFF, 0x0B, 0x00, 0xFE, 0x5F, 0x00,
    0x00, 0x00, 0xF1, 0xFF, 0x05, 0x00, 0xF8, 0xCF, 0x00, 0x00, 0x00, 0xF7, 0xDF, 0x00, 0x00, 0xF2,
    0xFF, 0x04, 0x00, 0x00, 0xFE, 0x7F, 0x00, 0x00, 0xA0, 0xFF, 0x0B, 0x00, 0x60, 0xFF, 0x2F, 0x00,
    0x00, 0x40, 0xFF, 0x2F, 0x00, 0xC0, 0xFF, 0x0A, 0x00, 0x00, 0x00, 0xFD, 0x9F, 0x00, 0xF4, 0xFF,
    0x04, 0x00, 0x00, 0x00, 0xF7, 0xEF, 0x01, 0xFB, 0xDF, 0x00, 0x00, 0x00, 0x00, 0xE1, 0xFF, 0x07,
    // Unicode: [0x005F, underscore]
    0x85, 0x88, 0x88, 0x88, 0x88, 0x88, 0x88, 0x88, 0x88, 0x88, 0x88, 0x58, 0xF9, 0xFF, 0xFF, 0xFF,
    0xFF, 0xFF, 0xFF, 0xFF, 0xFF, 0xFF, 0xFF, 0xBF, 0xF9, 0xFF, 0xFF, 0xFF, 0xFF, 0xFF, 0xFF, 0xFF,
    0xFF, 0xFF, 0xFF, 0xBF,
    // Unicode: [0x0060, grave]
    0x61, 0x66, 0x36, 0x00, 0x80, 0xFF, 0xDF, 0x00, 0x00, 0xFA, 0xFF, 0x06, 0x00, 0xC1, 0xFF, 0x0D,
    0x00, 0x20, 0xFD, 0x5F, 0x00, 0x00, 0xE3, 0xCF,
    // Unicode: [0x007B, braceleft]
    0x00, 0x00, 0x00, 0xA3, 0xFE, 0x6F, 0x00, 0x00, 0x50, 0xFF, 0xFF, 0x6F, 0x00, 0x00, 0xE1, 0xFF,
    0xFF, 0x6F, 0x00, 0x00, 0xF6, 0xFF, 0x28, 0x01, 0x00, 0x00, 0xFA, 0xBF, 0x00, 0x00, 0x00, 0x00,
    0xFB, 0x8F, 0x00, 0x00, 0x00, 0x00, 0xFC, 0x7F, 0x00, 0x00, 0x00, 0x00, 0xFC, 0x7F, 0x00, 0x00,
    0x00, 0x00, 0xFD, 0x7F, 0x00, 0x00, 0x00, 0x00, 0xFD, 0x6F, 0x00, 0x00, 0x00, 0x00, 0xFD, 0x6F,
    0x00, 0x00, 0x00, 0x00, 0xFE, 0x5F, 0x00, 0x00, 0x00, 0x10, 0xFF, 0x4F, 0x00, 0x00, 0x00, 0x50,
    0xFF, 0x1E, 0x00, 0x00, 0x00, 0xC1, 0xFF, 0x0A, 0x00, 0x00, 0x63, 0xFD, 0xEF, 0x02, 0x00, 0x00,
    0xFD, 0xFF, 0x2C, 0x00, 0x00, 0x00, 0xFD, 0xCF, 0x01, 0x00, 0x00, 0x00, 0xFD, 0xFF, 0x3D, 0x00,
    0x00, 0x00, 0x41, 0xFB, 0xEF, 0x02, 0x00, 0x00, 0x00, 0xC0, 0xFF, 0x09, 0x00, 0x00, 0x00, 0x50,
    0xFF, 0x0E, 0x00, 0x00, 0x00, 0x10, 0xFF, 0x3F, 0x00, 0x00, 0x00, 0x00, 0xFE, 0x5F, 0x00, 0x00,
    0x00, 0x00, 0xFE, 0x6F, 0x00, 0x00, 0x00, 0x00, 0xFD, 0x6F, 0x00, 0x00, 0x00, 0x00, 0xFD, 0x7F,
    0x00, 0x00, 0x00, 0x00, 0xFD, 0x7F, 0x00, 0x00, 0x00, 0x00, 0xFC, 0x7F, 0x00, 0x00, 0x00, 0x00,
    0xFC, 0x7F, 0x00, 0x00, 0x00, 0x00, 0xFB, 0x8F, 0x00, 0x00, 0x00, 0x00, 0xF9, 0xBF, 0x00, 0x00,
    0x00, 0x00, 0xF6, 0xFF, 0x27, 0x01, 0x00, 0x00, 0xE1, 0xFF, 0xFF, 0x6F, 0x00, 0x00, 0x40, 0xFE,
    0xFF, 0x6F, 0x00, 0x00, 0x00, 0xA2, 0xFD, 0x6F,
    // Unicode: [0x007C, bar]
    0xF5, 0xBF, 0xF5, 0xBF, 0xF5, 0xBF, 0xF5, 0xBF, 0xF5, 0xBF, 0xF5, 0xBF, 0xF5, 0xBF, 0xF5, 0xBF,
    0xF5, 0xBF, 0xF5, 0xBF, 0xF5, 0xBF, 0xF5, 0xBF, 0xF5, 0xBF, 0xF5, 0xBF, 0xF5, 0xBF, 0xF5, 0xBF,
    0xF5, 0xBF, 0xF5, 0xBF, 0xF5, 0xBF, 0xF5, 0xBF, 0xF5, 0xBF, 0xF5, 0xBF, 0xF5, 0xBF, 0xF5, 0xBF,
    0xF5, 0xBF, 0xF5, 0xBF, 0xF5, 0xBF, 0xF5, 0xBF, 0xF5, 0xBF, 0xF5, 0xBF, 0xF5, 0xBF, 0xF5, 0xBF,
    0xF5, 0xBF, 0xF5, 0xBF, 0xF5, 0xBF, 0xF5, 0xBF,
    // Unicode: [0x007D, braceright]
    0xF1, 0xEF, 0x6C, 0x00, 0x00, 0x00, 0x00, 0xF1, 0xFF, 0xFF, 0x0A, 0x00, 0x00, 0x00, 0xF1, 0xFF,
    0xFF, 0x6F, 0x00, 0x00, 0x00, 0x10, 0x52, 0xFE, 0xBF, 0x00, 0x00, 0x00, 0x00, 0x00, 0xF6, 0xFF,
    0x00, 0x00, 0x00, 0x00, 0x00, 0xF3, 0xFF, 0x01, 0x00, 0x00, 0x00, 0x00, 0xF2, 0xFF, 0x02, 0x00,
    0x00, 0x00, 0x00, 0xF2, 0xFF, 0x02, 0x00, 0x00, 0x00, 0x00, 0xF2, 0xFF, 0x03, 0x00, 0x00, 0x00,
    0x00, 0xF2, 0xFF, 0x03, 0x00, 0x00, 0x00, 0x00, 0xF1, 0xFF, 0x04, 0x00, 0x00, 0x00, 0x00, 0xF0,
    0xFF, 0x04, 0x00, 0x00, 0x00, 0x00, 0xD0, 0xFF, 0x06, 0x00, 0x00, 0x00, 0x00, 0xA0, 0xFF, 0x0A,
    0x00, 0x00, 0x00, 0x00, 0x50, 0xFF, 0x4F, 0x00, 0x00, 0x00, 0x00, 0x00, 0xFA, 0xEF, 0x48, 0x01,
    0x00, 0x00, 0x00, 0x90, 0xFF, 0xFF, 0x04, 0x00, 0x00, 0x00, 0x00, 0xF8, 0xFF, 0x04, 0x00, 0x00,
    0x00, 0xB1, 0xFF, 0xFF, 0x04, 0x00, 0x00, 0x00, 0xFA, 0xEF, 0x26, 0x00, 0x00, 0x00, 0x40, 0xFF,
    0x3F, 0x00, 0x00, 0x00, 0x00, 0x90, 0xFF, 0x0A, 0x00, 0x00, 0x00, 0x00, 0xD0, 0xFF, 0x06, 0x00,
    0x00, 0x00, 0x00, 0xF0, 0xFF, 0x04, 0x00, 0x00, 0x00, 0x00, 0xF1, 0xFF, 0x04, 0x00, 0x00, 0x00,
    0x00, 0xF1, 0xFF, 0x03, 0x00, 0x00, 0x00, 0x00, 0xF1, 0xFF, 0x03, 0x00, 0x00, 0x00, 0x00, 0xF2,
    0xFF, 0x02, 0x00, 0x00, 0x00, 0x00, 0xF2, 0xFF, 0x02, 0x00, 0x00, 0x00, 0x00, 0xF2, 0xFF, 0x02,
    0x00, 0x00, 0x00, 0x00, 0xF3, 0xFF, 0x01, 0x00, 0x00, 0x00, 0x00, 0xF6, 0xEF, 0x00, 0x00, 0x00,
    0x10, 0x51, 0xFE, 0xAF, 0x00, 0x00, 0x00, 0xF1, 0xFF, 0xFF, 0x4F, 0x00, 0x00, 0x00, 0xF1, 0xFF,
    0xFF, 0x08, 0x00, 0x00, 0x00, 0xF1, 0xEF, 0x5B, 0x00, 0x00, 0x00, 0x00,
    // Unicode: [0x007E, asciitilde]
    0x00, 0x93, 0xED, 0xDF, 0x7A, 0x02, 0x00, 0x00, 0x00, 0x20, 0x08, 0x80, 0xFF, 0xFF, 0xFF, 0xFF,
    0xBF, 0x16, 0x00, 0x10, 0xE7, 0x0A, 0xF4, 0xFF, 0xFF, 0xFF, 0xFF, 0xFF, 0xFF, 0xAC, 0xFB, 0xFF,
    0x0A, 0xF4, 0xFF, 0xAC, 0xEB, 0xFF, 0xFF, 0xFF, 0xFF, 0xFF, 0xFF, 0x0A, 0xF4, 0x2A, 0x00, 0x00,
    0x83, 0xFD, 0xFF, 0xFF, 0xFF, 0xCF, 0x03, 0x64, 0x00, 0x00, 0x00, 0x00, 0x40, 0xD9, 0xFF, 0xBE,
    0x05, 0x00,
    // Unicode: [0x00A1, exclamdown]
    0xF5, 0xFF, 0x0B, 0xF5, 0xFF, 0x0B, 0xF5, 0xFF, 0x0B, 0xF5, 0xFF, 0x0B, 0x00, 0x00, 0x00, 0x00,
    0x00, 0x00, 0x00, 0x00, 0x00, 0x20, 0x34, 0x00, 0x80, 0xDF, 0x00, 0x90, 0xEF, 0x00, 0xA0, 0xFF,
    0x00, 0xB0, 0xFF, 0x01, 0xC0, 0xFF, 0x02, 0xD0, 0xFF, 0x03, 0xE0, 0xFF, 0x04, 0xF0, 0xFF, 0x06,
    0xF1, 0xFF, 0x07, 0xF2, 0xFF, 0x08, 0xF3, 0xFF, 0x09, 0xF4, 0xFF, 0x0A, 0xF5, 0xFF, 0x0B, 0xF6,
    0xFF, 0x0C, 0xF7, 0xFF, 0x0D, 0xF7, 0xFF, 0x0D, 0xF7, 0xFF, 0x0D, 0xF7, 0xFF, 0x0D, 0xF7, 0xFF,
    0x0D, 0xF7, 0xFF, 0x0D, 0xF7, 0xFF, 0x0D,
    // Unicode: [0x00A2, cent]
    0x00, 0x00, 0x00, 0x00, 0x00, 0x00, 0x30, 0x01, 0x00, 0x00, 0x00, 0x00, 0x00, 0x00, 0x00, 0x00,
    0xC0, 0x6F, 0x00, 0x00, 0x00, 0x00, 0x00, 0x00, 0x00, 0x00, 0xF2, 0x3F, 0x00, 0x00, 0x00, 0x00,
    0x00, 0x00, 0x00, 0x00, 0xF6, 0x0E, 0x00, 0x00, 0x00, 0x00, 0x00, 0x00, 0x00, 0x00, 0xFA, 0x0A,
    0x00, 0x00, 0x00, 0x00, 0x00, 0x00, 0x00, 0x00, 0xFE, 0x05, 0x00, 0x00, 0x00, 0x00, 0x00, 0x00,
    0x00, 0x40, 0xFF, 0x01, 0x00, 0x00, 0x00, 0x00, 0x00, 0x00, 0x00, 0x90, 0xBF, 0x00, 0x00, 0x00,
    0x00, 0x00, 0x30, 0xC8, 0xFE, 0xFF, 0x8F, 0x00, 0x00, 0x00, 0x00, 0x20, 0xFA, 0xFF, 0xFF, 0xFF,
    0xFF, 0x1A, 0x00, 0x00, 0x00, 0xE3, 0xFF, 0xFF, 0xBD, 0xFE, 0xFF, 0xDF, 0x01, 0x00, 0x10, 0xFD,
    0xFF, 0x2A, 0x00, 0xFB, 0xFE, 0xFF, 0x0B, 0x00, 0x90, 0xFF, 0x8F, 0x00, 0x10, 0xFF, 0xB4, 0xFF,
    0x4F, 0x00, 0xF1, 0xFF, 0x0C, 0x00, 0x50, 0xEF, 0x20, 0xFF, 0x9F, 0x00, 0xF6, 0xFF, 0x05, 0x00,
    0xA0, 0xAF, 0x00, 0xA9, 0x58, 0x00, 0xF9, 0xFF, 0x01, 0x00, 0xE0, 0x6F, 0x00, 0x00, 0x00, 0x00,
    0xFC, 0xDF, 0x00, 0x00, 0xF4, 0x1F, 0x00, 0x00, 0x00, 0x00, 0xFD, 0xCF, 0x00, 0x00, 0xF9, 0x0B,
    0x00, 0x00, 0x00, 0x00, 0xFD, 0xBF, 0x00, 0x00, 0xFD, 0x07, 0x00, 0x00, 0x00, 0x00, 0xFD, 0xCF,
    0x00, 0x30, 0xFF, 0x02, 0x00, 0x00, 0x00, 0x00, 0xFC, 0xDF, 0x00, 0x70, 0xDF, 0x00, 0x00, 0x00,
    0x00, 0x00, 0xF9, 0xFF, 0x01, 0xC0, 0x8F, 0x00, 0x00, 0xC5, 0x9A, 0x01, 0xF5, 0xFF, 0x05, 0xF2,
    0x4F, 0x00, 0x00, 0xFA, 0xEF, 0x00, 0xE1, 0xFF, 0x0C, 0xF6, 0x0E, 0x00, 0x20, 0xFE, 0x9F, 0x00,
    0x80, 0xFF, 0x8F, 0xFB, 0x0A, 0x00, 0xC1, 0xFF, 0x2F, 0x00, 0x00, 0xFC, 0xFF, 0xFF, 0x05, 0x40,
    0xFD, 0xFF, 0x07, 0x00, 0x00, 0xD2, 0xFF, 0xFF, 0xDF, 0xFE, 0xFF, 0x9F, 0x00, 0x00, 0x00, 0x10,
    0xFA, 0xFF, 0xFF, 0xFF, 0xEF, 0x07, 0x00, 0x00, 0x00, 0x00, 0xE0, 0xDF, 0xFE, 0xBE, 0x17, 0x00,
    0x00, 0x00, 0x00, 0x00, 0xF4, 0x3F, 0x00, 0x00, 0x00, 0x00, 0x00, 0x00, 0x00, 0x00, 0xF8, 0x0D,
    0x00, 0x00, 0x00, 0x00, 0x00, 0x00, 0x00, 0x00, 0xFC, 0x09, 0x00, 0x00, 0x00, 0x00, 0x00, 0x00,
    0x00, 0x20, 0xFF, 0x04, 0x00, 0x00, 0x00, 0x00, 0x00, 0x00, 0x00, 0x60, 0xEF, 0x00, 0x00, 0x00,
    0x00, 0x00, 0x00, 0x00, 0x00, 0xB0, 0xAF, 0x00, 0x00, 0x00, 0x00, 0x00, 0x00, 0x00, 0x00, 0xD0,
    0x6F, 0x00, 0x00, 0x00, 0x00, 0x00, 0x00, 0x00, 0x00, 0x00, 0x13, 0x00, 0x00, 0x00, 0x00, 0x00,
    0x00, 0x00,
    // Unicode: [0x00A3, sterling]
    0x00, 0x00, 0x00, 0x30, 0xC8, 0xFE, 0xDE, 0x5A, 0x00, 0x00, 0x00, 0x00, 0x00, 0x20, 0xFA, 0xFF,
    0xFF, 0xFF, 0xFF, 0x3D, 0x00, 0x00, 0x00, 0x00, 0xE3, 0xFF, 0xFF, 0xDF, 0xFE, 0xFF, 0xFF, 0x05,
    0x00, 0x00, 0x10, 0xFD, 0xFF, 0x4C, 0x00, 0x30, 0xFA, 0xFF, 0x2E, 0x00, 0x00, 0x80, 0xFF, 0xAF,
    0x00, 0x00, 0x00, 0x60, 0xFF, 0xAF, 0x00, 0x00, 0xD0, 0xFF, 0x1E, 0x00, 0x00, 0x00, 0x00, 0xFA,
    0xFF, 0x01, 0x00, 0xF1, 0xFF, 0x0A, 0x00, 0x00, 0x00, 0x00, 0xF4, 0xEF, 0x04, 0x00, 0xF1, 0xFF,
    0x0A, 0x00, 0x00, 0x00, 0x00, 0x31, 0x01, 0x00, 0x00, 0xF0, 0xFF, 0x0C, 0x00, 0x00, 0x00, 0x00,
    0x00, 0x00, 0x00, 0x00, 0xD0, 0xFF, 0x0E, 0x00, 0x00, 0x00, 0x00, 0x00, 0x00, 0x00, 0x00, 0x90,
    0xFF, 0x4F, 0x00, 0x00, 0x00, 0x00, 0x00, 0x00, 0x00, 0x00, 0x40, 0xFF, 0x8F, 0x00, 0x00, 0x00,
    0x00, 0x00, 0x00, 0x00, 0xF2, 0xFF, 0xFF, 0xFF, 0xFF, 0xFF, 0xDF, 0x00, 0x00, 0x00, 0x00, 0xF2,
    0xFF, 0xFF, 0xFF, 0xFF, 0xFF, 0xDF, 0x00, 0x00, 0x00, 0x00, 0xD2, 0xDD, 0xFE, 0xFF, 0xDE, 0xDD,
    0xBD, 0x00, 0x00, 0x00, 0x00, 0x00, 0x00, 0xF3, 0xFF, 0x08, 0x00, 0x00, 0x00, 0x00, 0x00, 0x00,
    0x00, 0x00, 0xF1, 0xFF, 0x0A, 0x00, 0x00, 0x00, 0x00, 0x00, 0x00, 0x00, 0x00, 0xF0, 0xFF, 0x09,
    0x00, 0x00, 0x00, 0x00, 0x00, 0x00, 0x00, 0x00, 0xF1, 0xFF, 0x06, 0x00, 0x00, 0x00, 0x00, 0x00,
    0x00, 0x00, 0x00, 0xF4, 0xFF, 0x01, 0x00, 0x00, 0x00, 0x00, 0x00, 0x00, 0x00, 0x00, 0xF9, 0x9F,
    0x00, 0x00, 0x00, 0x00, 0x00, 0x00, 0x00, 0x00, 0x20, 0xFF, 0x1E, 0x00, 0x00, 0x00, 0x00, 0x00,
    0x00, 0x00, 0x00, 0xC1, 0xFF, 0x04, 0x00, 0x00, 0x00, 0x00, 0x00, 0x00, 0x00, 0x10, 0xFB, 0xCF,
    0xCA, 0xBD, 0x59, 0x01, 0x00, 0x00, 0x60, 0x01, 0xE3, 0xFF, 0xFF, 0xFF, 0xFF, 0xFF, 0xCF, 0x69,
    0x85, 0xFD, 0x06, 0xF2, 0xFF, 0xFF, 0xFF, 0xFF, 0xFF, 0xFF, 0xFF, 0xFF, 0xFF, 0x0B, 0xB0, 0xFF,
    0x5A, 0x02, 0x21, 0xC7, 0xFF, 0xFF, 0xFF, 0xFF, 0x0D, 0x50, 0x2A, 0x00, 0x00, 0x00, 0x00, 0x72,
    0xEB, 0xDF, 0x5A, 0x00,
    // Unicode: [0x00A5, yen]
    0xFB, 0xFF, 0x02, 0x00, 0x00, 0x00, 0x00, 0x00, 0x50, 0xFF, 0xCF, 0xF3, 0xFF, 0x0B, 0x00, 0x00,
    0x00, 0x00, 0x00, 0xD0, 0xFF, 0x3F, 0x80, 0xFF, 0x5F, 0x00, 0x00, 0x00, 0x00, 0x00, 0xF7, 0xFF,
    0x09, 0x10, 0xFD, 0xDF, 0x01, 0x00, 0x00, 0x00, 0x10, 0xFE, 0xEF, 0x01, 0x00, 0xF5, 0xFF, 0x08,
    0x00, 0x00, 0x00, 0x90, 0xFF, 0x6F, 0x00, 0x00, 0xB0, 0xFF, 0x2F, 0x00, 0x00, 0x00, 0xF3, 0xFF,
    0x0C, 0x00, 0x00, 0x20, 0xFF, 0xBF, 0x00, 0x00, 0x00, 0xFB, 0xFF, 0x03, 0x00, 0x00, 0x00, 0xF8,
    0xFF, 0x04, 0x00, 0x50, 0xFF, 0x9F, 0x00, 0x00, 0x00, 0x00, 0xD1, 0xFF, 0x0D, 0x00, 0xD0, 0xFF,
    0x1E, 0x00, 0x00, 0x00, 0x00, 0x50, 0xFF, 0x7F, 0x00, 0xF7, 0xFF, 0x06, 0x00, 0x00, 0x00, 0x00,
    0x00, 0xFB, 0xEF, 0x11, 0xFE, 0xCF, 0x00, 0x00, 0x00, 0x00, 0x00, 0x00, 0xF2, 0xFF, 0x89, 0xFF,
    0x3F, 0x00, 0x00, 0x00, 0x00, 0x00, 0x00, 0x80, 0xFF, 0xEE, 0xFF, 0x09, 0x00, 0x00, 0x00, 0xA0,
    0xDD, 0xDD, 0xDD, 0xFF, 0xFF, 0xFF, 0xDD, 0xDD, 0xDD, 0x0B, 0xC0, 0xFF, 0xFF, 0xFF, 0xFF, 0xFF,
    0xFF, 0xFF, 0xFF, 0xFF, 0x0D, 0xC0, 0xFF, 0xFF, 0xFF, 0xFF, 0xFF, 0xFF, 0xFF, 0xFF, 0xFF, 0x0D,
    0x00, 0x00, 0x00, 0x00, 0xA0, 0xFF, 0x0C, 0x00, 0x00, 0x00, 0x00, 0x00, 0x00, 0x00, 0x00, 0xA0,
    0xFF, 0x0C, 0x00, 0x00, 0x00, 0x00, 0x00, 0x00, 0x00, 0x00, 0xA0, 0xFF, 0x0C, 0x00, 0x00, 0x00,
    0x00, 0xC0, 0xFF, 0xFF, 0xFF, 0xFF, 0xFF, 0xFF, 0xFF, 0xFF, 0xFF, 0x0D, 0xC0, 0xFF, 0xFF, 0xFF,
    0xFF, 0xFF, 0xFF, 0xFF, 0xFF, 0xFF, 0x0D, 0x80, 0xAA, 0xAA, 0xAA, 0xEA, 0xFF, 0xAE, 0xAA, 0xAA,
    0xAA, 0x09, 0x00, 0x00, 0x00, 0x00, 0xA0, 0xFF, 0x0C, 0x00, 0x00, 0x00, 0x00, 0x00, 0x00, 0x00,
    0x00, 0xA0, 0xFF, 0x0C, 0x00, 0x00, 0x00, 0x00, 0x00, 0x00, 0x00, 0x00, 0xA0, 0xFF, 0x0C, 0x00,
    0x00, 0x00, 0x00, 0x00, 0x00, 0x00, 0x00, 0xA0, 0xFF, 0x0C, 0x00, 0x00, 0x00, 0x00, 0x00, 0x00,
    0x00, 0x00, 0xA0, 0xFF, 0x0C, 0x00, 0x00, 0x00, 0x00, 0x00, 0x00, 0x00, 0x00, 0xA0, 0xFF, 0x0C,
    0x00, 0x00, 0x00, 0x00,
    // Unicode: [0x00A9, copyright]
    0x00, 0x00, 0x00, 0x00, 0x00, 0x95, 0xEC, 0xEF, 0xBD, 0x37, 0x00, 0x00, 0x00, 0x00, 0x00, 0x00,
    0x00, 0x00, 0x10, 0xE8, 0xFF, 0xFF, 0xFF, 0xFF, 0xFF, 0x5C, 0x00, 0x00, 0x00, 0x00, 0x00, 0x00,
    0x00, 0xE7, 0xFF, 0xDF, 0x8A, 0x77, 0xB8, 0xFF, 0xFF, 0x3C, 0x00, 0x00, 0x00, 0x00, 0x00, 0xB1,
    0xFF, 0xAF, 0x03, 0x00, 0x00, 0x00, 0x61, 0xFD, 0xFF, 0x06, 0x00, 0x00, 0x00, 0x10, 0xFC, 0xCF,
    0x03, 0x00, 0x00, 0x00, 0x00, 0x00, 0x60, 0xFE, 0x7F, 0x00, 0x00, 0x00, 0xB0, 0xFF, 0x09, 0x00,
    0x00, 0x00, 0x00, 0x00, 0x00, 0x00, 0xD2, 0xFF, 0x05, 0x00, 0x00, 0xF7, 0x9F, 0x00, 0x00, 0x40,
    0xDA, 0xFE, 0x9D, 0x03, 0x00, 0x20, 0xFD, 0x2E, 0x00, 0x20, 0xFF, 0x0C, 0x00, 0x10, 0xFB, 0xFF,
    0xFF, 0xFF, 0x8F, 0x00, 0x00, 0xF3, 0xAF, 0x00, 0x90, 0xFF, 0x03, 0x00, 0xD1, 0xFF, 0x6C, 0x43,
    0xD7, 0xFF, 0x08, 0x00, 0x90, 0xFF, 0x03, 0xE1, 0xAF, 0x00, 0x00, 0xFA, 0x8F, 0x00, 0x00, 0x10,
    0xFC, 0x3F, 0x00, 0x10, 0xFE, 0x09, 0xF5, 0x4F, 0x00, 0x30, 0xFF, 0x0B, 0x00, 0x00, 0x00, 0xF2,
    0x6E, 0x00, 0x00, 0xFA, 0x0E, 0xF9, 0x0E, 0x00, 0x80, 0xFF, 0x04, 0x00, 0x00, 0x00, 0x20, 0x00,
    0x00, 0x00, 0xF5, 0x3F, 0xFC, 0x0A, 0x00, 0xB0, 0xEF, 0x00, 0x00, 0x00, 0x00, 0x00, 0x00, 0x00,
    0x00, 0xF2, 0x6F, 0xFD, 0x08, 0x00, 0xD0, 0xCF, 0x00, 0x00, 0x00, 0x00, 0x00, 0x00, 0x00, 0x00,
    0xF0, 0x7F, 0xFE, 0x08, 0x00, 0xD0, 0xBF, 0x00, 0x00, 0x00, 0x00, 0x00, 0x00, 0x00, 0x00, 0xE0,
    0x8F, 0xFD, 0x08, 0x00, 0xD0, 0xCF, 0x00, 0x00, 0x00, 0x00, 0x00, 0x00, 0x00, 0x00, 0xF0, 0x7F,
    0xFC, 0x0A, 0x00, 0xB0, 0xEF, 0x00, 0x00, 0x00, 0x00, 0x00, 0x00, 0x00, 0x00, 0xF1, 0x6F, 0xF9,
    0x0E, 0x00, 0x80, 0xFF, 0x03, 0x00, 0x00, 0x00, 0xB0, 0x7D, 0x00, 0x00, 0xF5, 0x3F, 0xF5, 0x3F,
    0x00, 0x20, 0xFF, 0x0A, 0x00, 0x00, 0x00, 0xF3, 0xAF, 0x00, 0x00, 0xF9, 0x0E, 0xE1, 0x9F, 0x00,
    0x00, 0xFA, 0x7F, 0x00, 0x00, 0x20, 0xFE, 0x3F, 0x00, 0x10, 0xFE, 0x09, 0x90, 0xFF, 0x02, 0x00,
    0xD1, 0xFF, 0x6C, 0x54, 0xF9, 0xFF, 0x07, 0x00, 0x80, 0xFF, 0x03, 0x20, 0xFF, 0x0B, 0x00, 0x10,
    0xFB, 0xFF, 0xFF, 0xFF, 0x7F, 0x00, 0x00, 0xF3, 0xAF, 0x00, 0x00, 0xF7, 0x9F, 0x00, 0x00, 0x50,
    0xDA, 0xEF, 0x8C, 0x02, 0x00, 0x10, 0xFD, 0x2E, 0x00, 0x00, 0xB0, 0xFF, 0x09, 0x00, 0x00, 0x00,
    0x00, 0x00, 0x00, 0x00, 0xD2, 0xFF, 0x05, 0x00, 0x00, 0x10, 0xFC, 0xBF, 0x02, 0x00, 0x00, 0x00,
    0x00, 0x00, 0x60, 0xFE, 0x7F, 0x00, 0x00, 0x00, 0x00, 0xB1, 0xFF, 0x9F, 0x03, 0x00, 0x00, 0x00,
    0x51, 0xFC, 0xFF, 0x06, 0x00, 0x00, 0x00, 0x00, 0x00, 0xF7, 0xFF, 0xDF, 0x7A, 0x76, 0xB8, 0xFE,
    0xFF, 0x3D, 0x00, 0x00, 0x00, 0x00, 0x00, 0x00, 0x20, 0xE9, 0xFF, 0xFF, 0xFF, 0xFF, 0xFF, 0x6D,
    0x00, 0x00, 0x00, 0x00, 0x00, 0x00, 0x00, 0x00, 0x10, 0x95, 0xEC, 0xEF, 0xBD, 0x38, 0x00, 0x00,
    0x00, 0x00, 0x00,
    // Unicode: [0x00AE, registered]
    0x00, 0x00, 0x00, 0x00, 0x00, 0x95, 0xEC, 0xEF, 0xBD, 0x37, 0x00, 0x00, 0x00, 0x00, 0x00, 0x00,
    0x00, 0x00, 0x10, 0xE8, 0xFF, 0xFF, 0xFF, 0xFF, 0xFF, 0x5C, 0x00, 0x00, 0x00, 0x00, 0x00, 0x00,
    0x00, 0xE7, 0xFF, 0xDF, 0x8A, 0x77, 0xB8, 0xFF, 0xFF, 0x3C, 0x00, 0x00, 0x00, 0x00, 0x00, 0xB1,
    0xFF, 0xAF, 0x03, 0x00, 0x00, 0x00, 0x61, 0xFD, 0xFF, 0x06, 0x00, 0x00, 0x00, 0x10, 0xFC, 0xCF,
    0x03, 0x00, 0x00, 0x00, 0x00, 0x00, 0x60, 0xFE, 0x7F, 0x00, 0x00, 0x00, 0xB0, 0xFF, 0x09, 0x00,
    0x00, 0x00, 0x00, 0x00, 0x00, 0x00, 0xD2, 0xFF, 0x05, 0x00, 0x00, 0xF7, 0x9F, 0x00, 0x21, 0x22,
    0x22, 0x12, 0x00, 0x00, 0x00, 0x20, 0xFD, 0x2E, 0x00, 0x20, 0xFF, 0x0C, 0x00, 0xFA, 0xFF, 0xFF,
    0xFF, 0xBE, 0x05, 0x00, 0x00, 0xF3, 0xAF, 0x00, 0x90, 0xFF, 0x03, 0x00, 0xFA, 0xFF, 0xFF, 0xFF,
    0xFF, 0x7F, 0x00, 0x00, 0x90, 0xFF, 0x03, 0xE1, 0xAF, 0x00, 0x00, 0xFA, 0x0E, 0x00, 0x10, 0xE5,
    0xFF, 0x02, 0x00, 0x10, 0xFE, 0x09, 0xF5, 0x4F, 0x00, 0x00, 0xFA, 0x0E, 0x00, 0x00, 0x50, 0xFF,
    0x07, 0x00, 0x00, 0xFA, 0x0E, 0xF9, 0x0E, 0x00, 0x00, 0xFA, 0x0E, 0x00, 0x00, 0x30, 0xFF, 0x08,
    0x00, 0x00, 0xF5, 0x3F, 0xFC, 0x0A, 0x00, 0x00, 0xFA, 0x0E, 0x00, 0x00, 0x70, 0xFF, 0x05, 0x00,
    0x00, 0xF2, 0x6F, 0xFD, 0x08, 0x00, 0x00, 0xFA, 0x3E, 0x33, 0x43, 0xF8, 0xDF, 0x00, 0x00, 0x00,
    0xF0, 0x7F, 0xFE, 0x08, 0x00, 0x00, 0xFA, 0xFF, 0xFF, 0xFF, 0xFF, 0x2D, 0x00, 0x00, 0x00, 0xE0,
    0x8F, 0xFD, 0x08, 0x00, 0x00, 0xFA, 0xFF, 0xFF, 0xFF, 0x5B, 0x00, 0x00, 0x00, 0x00, 0xF0, 0x7F,
    0xFC, 0x0A, 0x00, 0x00, 0xFA, 0x0E, 0x20, 0xF9, 0x7F, 0x00, 0x00, 0x00, 0x00, 0xF1, 0x6F, 0xF9,
    0x0E, 0x00, 0x00, 0xFA, 0x0E, 0x00, 0x90, 0xFF, 0x05, 0x00, 0x00, 0x00, 0xF5, 0x3F, 0xF5, 0x3F,
    0x00, 0x00, 0xFA, 0x0E, 0x00, 0x10, 0xFD, 0x2E, 0x00, 0x00, 0x00, 0xF9, 0x0E, 0xE1, 0x9F, 0x00,
    0x00, 0xFA, 0x0E, 0x00, 0x00, 0xF4, 0xBF, 0x00, 0x00, 0x10, 0xFE, 0x09, 0x90, 0xFF, 0x02, 0x00,
    0xFA, 0x0E, 0x00, 0x00, 0xA0, 0xFF, 0x05, 0x00, 0x80, 0xFF, 0x03, 0x20, 0xFF, 0x0B, 0x00, 0xFA,
    0x0E, 0x00, 0x00, 0x20, 0xFE, 0x1E, 0x00, 0xF3, 0xAF, 0x00, 0x00, 0xF7, 0x9F, 0x00, 0x85, 0x07,
    0x00, 0x00, 0x00, 0x85, 0x48, 0x10, 0xFD, 0x2E, 0x00, 0x00, 0xB0, 0xFF, 0x09, 0x00, 0x00, 0x00,
    0x00, 0x00, 0x00, 0x00, 0xD2, 0xFF, 0x05, 0x00, 0x00, 0x10, 0xFC, 0xBF, 0x02, 0x00, 0x00, 0x00,
    0x00, 0x00, 0x60, 0xFE, 0x7F, 0x00, 0x00, 0x00, 0x00, 0xB1, 0xFF, 0x9F, 0x03, 0x00, 0x00, 0x00,
    0x51, 0xFC, 0xFF, 0x06, 0x00, 0x00, 0x00, 0x00, 0x00, 0xF7, 0xFF, 0xDF, 0x7A, 0x76, 0xB8, 0xFE,
    0xFF, 0x3D, 0x00, 0x00, 0x00, 0x00, 0x00, 0x00, 0x20, 0xE9, 0xFF, 0xFF, 0xFF, 0xFF, 0xFF, 0x6D,
    0x00, 0x00, 0x00, 0x00, 0x00, 0x00, 0x00, 0x00, 0x10, 0x95, 0xEC, 0xEF, 0xBD, 0x38, 0x00, 0x00,
    0x00, 0x00, 0x00,
    // Unicode: [0x00B1, plusminus]
    0x00, 0x00, 0x00, 0x00, 0xB7, 0x7B, 0x00, 0x00, 0x00, 0x00, 0x00, 0x00, 0x00, 0x00, 0xFA, 0xAF,
    0x00, 0x00, 0x00, 0x00, 0x00, 0x00, 0x00, 0x00, 0xFA, 0xAF, 0x00, 0x00, 0x00, 0x00, 0x00, 0x00,
    0x00, 0x00, 0xFA, 0xAF, 0x00, 0x00, 0x00, 0x00, 0x00, 0x00, 0x00, 0x00, 0xFA, 0xAF, 0x00, 0x00,
    0x00, 0x00, 0x00, 0x00, 0x00, 0x00, 0xFA, 0xAF, 0x00, 0x00, 0x00, 0x00, 0x00, 0x00, 0x00, 0x00,
    0xFA, 0xAF, 0x00, 0x00, 0x00, 0x00, 0x00, 0x00, 0x00, 0x00, 0xFA, 0xAF, 0x00, 0x00, 0x00, 0x00,
    0xF7, 0xFF, 0xFF, 0xFF, 0xFF, 0xFF, 0xFF, 0xFF, 0xFF, 0x7F, 0xF7, 0xFF, 0xFF, 0xFF, 0xFF, 0xFF,
    0xFF, 0xFF, 0xFF, 0x7F, 0xF7, 0xFF, 0xFF, 0xFF, 0xFF, 0xFF, 0xFF, 0xFF, 0xFF, 0x7F, 0x42, 0x44,
    0x44, 0x44, 0xFB, 0xBF, 0x44, 0x44, 0x44, 0x24, 0x00, 0x00, 0x00, 0x00, 0xFA, 0xAF, 0x00, 0x00,
    0x00, 0x00, 0x00, 0x00, 0x00, 0x00, 0xFA, 0xAF, 0x00, 0x00, 0x00, 0x00, 0x00, 0x00, 0x00, 0x00,
    0xFA, 0xAF, 0x00, 0x00, 0x00, 0x00, 0x00, 0x00, 0x00, 0x00, 0xFA, 0xAF, 0x00, 0x00, 0x00, 0x00,
    0x00, 0x00, 0x00, 0x00, 0xFA, 0xAF, 0x00, 0x00, 0x00, 0x00, 0x00, 0x00, 0x00, 0x00, 0xFA, 0xAF,
    0x00, 0x00, 0x00, 0x00, 0x00, 0x00, 0x00, 0x00, 0xFA, 0xAF, 0x00, 0x00, 0x00, 0x00, 0x00, 0x00,
    0x00, 0x00, 0x00, 0x00, 0x00, 0x00, 0x00, 0x00, 0x42, 0x44, 0x44, 0x44, 0x44, 0x44, 0x44, 0x44,
    0x44, 0x24, 0xF7, 0xFF, 0xFF, 0xFF, 0xFF, 0xFF, 0xFF, 0xFF, 0xFF, 0x7F, 0xF7, 0xFF, 0xFF, 0xFF,
    0xFF, 0xFF, 0xFF, 0xFF, 0xFF, 0x7F, 0xF7, 0xFF, 0xFF, 0xFF, 0xFF, 0xFF, 0xFF, 0xFF, 0xFF, 0x7F,
    // Unicode: [0x00B4, acute]
    0x00, 0x61, 0x66, 0x26, 0x00, 0xF7, 0xFF, 0x0C, 0x10, 0xFE, 0xEF, 0x02, 0x70, 0xFF, 0x4F, 0x00,
    0xE0, 0xFF, 0x07, 0x00, 0xF6, 0xAF, 0x00, 0x00,
    // Unicode: [0x00BA, ordmasculine]
    0x00, 0x00, 0xB6, 0xFE, 0x9D, 0x02, 0x00, 0x00, 0xB1, 0xFF, 0xFF, 0xFF, 0x5F, 0x00, 0x00, 0xFA,
    0xEF, 0x9A, 0xFD, 0xFF, 0x04, 0x40, 0xFF, 0x2D, 0x00, 0x70, 0xFF, 0x0D, 0xA0, 0xFF, 0x05, 0x00,
    0x00, 0xFC, 0x4F, 0xE0, 0xEF, 0x00, 0x00, 0x00, 0xF6, 0x7F, 0xF1, 0xCF, 0x00, 0x00, 0x00, 0xF4,
    0x9F, 0xF2, 0xCF, 0x00, 0x00, 0x00, 0xF3, 0xAF, 0xF1, 0xCF, 0x00, 0x00, 0x00, 0xF4, 0x9F, 0xE0,
    0xFF, 0x00, 0x00, 0x00, 0xF6, 0x7F, 0xB0, 0xFF, 0x05, 0x00, 0x00, 0xFB, 0x4F, 0x50, 0xFF, 0x2D,
    0x00, 0x70, 0xFF, 0x0D, 0x00, 0xFB, 0xEF, 0x9A, 0xFC, 0xFF, 0x04, 0x00, 0xB1, 0xFF, 0xFF, 0xFF,
    0x5F, 0x00, 0x00, 0x00, 0xB6, 0xFE, 0x9D, 0x02, 0x00,
    // Unicode: [0x00BF, questiondown]
    0x00, 0x00, 0x00, 0xA0, 0xFF, 0x5F, 0x00, 0x00, 0x00, 0x00, 0x00, 0x00, 0x00, 0xA0, 0xFF, 0x5F,
    0x00, 0x00, 0x00, 0x00, 0x00, 0x00, 0x00, 0xA0, 0xFF, 0x5F, 0x00, 0x00, 0x00, 0x00, 0x00, 0x00,
    0x00, 0xA0, 0xFF, 0x5F, 0x00, 0x00, 0x00, 0x00, 0x00, 0x00, 0x00, 0x00, 0x00, 0x00, 0x00, 0x00,
    0x00, 0x00, 0x00, 0x00, 0x00, 0x00, 0x00, 0x00, 0x00, 0x00, 0x00, 0x00, 0x00, 0x00, 0x00, 0x00,
    0x00, 0x00, 0x00, 0x00, 0x00, 0x00, 0x00, 0x00, 0x00, 0x50, 0xFF, 0x1F, 0x00, 0x00, 0x00, 0x00,
    0x00, 0x00, 0x00, 0x50, 0xFF, 0x1F, 0x00, 0x00, 0x00, 0x00, 0x00, 0x00, 0x00, 0x70, 0xFF, 0x0F,
    0x00, 0x00, 0x00, 0x00, 0x00, 0x00, 0x00, 0xB0, 0xFF, 0x0C, 0x00, 0x00, 0x00, 0x00, 0x00, 0x00,
    0x00, 0xF4, 0xFF, 0x08, 0x00, 0x00, 0x00, 0x00, 0x00, 0x00, 0x20, 0xFE, 0xFF, 0x02, 0x00, 0x00,
    0x00, 0x00, 0x00, 0x00, 0xE3, 0xFF, 0x6F, 0x00, 0x00, 0x00, 0x00, 0x00, 0x00, 0x40, 0xFE, 0xFF,
    0x09, 0x00, 0x00, 0x00, 0x00, 0x00, 0x00, 0xF4, 0xFF, 0x8F, 0x00, 0x00, 0x00, 0x00, 0x00, 0x00,
    0x30, 0xFE, 0xFF, 0x07, 0x00, 0x00, 0x00, 0x00, 0x00, 0x00, 0xD0, 0xFF, 0x6F, 0x00, 0x00, 0x00,
    0x00, 0x00, 0x00, 0x00, 0xF5, 0xFF, 0x08, 0x00, 0x00, 0x00, 0x00, 0x00, 0x00, 0x00, 0xFA, 0xEF,
    0x01, 0x00, 0x00, 0x00, 0x00, 0x00, 0x00, 0x00, 0xFC, 0xBF, 0x00, 0x00, 0x00, 0x00, 0x00, 0x81,
    0x57, 0x02, 0xFD, 0xBF, 0x00, 0x00, 0x00, 0x00, 0x00, 0xF4, 0xFF, 0x06, 0xFC, 0xEF, 0x00, 0x00,
    0x00, 0x00, 0x00, 0xF9, 0xFF, 0x03, 0xF8, 0xFF, 0x06, 0x00, 0x00, 0x00, 0x20, 0xFF, 0xDF, 0x00,
    0xF2, 0xFF, 0x4F, 0x00, 0x00, 0x00, 0xC1, 0xFF, 0x6F, 0x00, 0x70, 0xFF, 0xFF, 0x28, 0x00, 0x50,
    0xFD, 0xFF, 0x0C, 0x00, 0x00, 0xF9, 0xFF, 0xFF, 0xDE, 0xFF, 0xFF, 0xDF, 0x02, 0x00, 0x00, 0x60,
    0xFE, 0xFF, 0xFF, 0xFF, 0xFF, 0x1A, 0x00, 0x00, 0x00, 0x00, 0x61, 0xDA, 0xFE, 0xCE, 0x38, 0x00,
    0x00, 0x00,
    // Unicode: [0x00D7, multiply]
    0x00, 0x03, 0x00, 0x00, 0x00, 0x00, 0x00, 0x02, 0x00, 0x60, 0x7F, 0x00, 0x00, 0x00, 0x00, 0x30,
    0xAE, 0x00, 0xF6, 0xFF, 0x07, 0x00, 0x00, 0x00, 0xE3, 0xFF, 0x0A, 0xF4, 0xFF, 0x8F, 0x00, 0x00,
    0x30, 0xFE, 0xFF, 0x09, 0x40, 0xFF, 0xFF, 0x08, 0x00, 0xE3, 0xFF, 0x8F, 0x00, 0x00, 0xF4, 0xFF,
    0x8F, 0x30, 0xFE, 0xFF, 0x08, 0x00, 0x00, 0x40, 0xFE, 0xFF, 0xEA, 0xFF, 0x8F, 0x00, 0x00, 0x00,
    0x00, 0xE4, 0xFF, 0xFF, 0xFF, 0x08, 0x00, 0x00, 0x00, 0x00, 0x40, 0xFE, 0xFF, 0x8F, 0x00, 0x00,
    0x00, 0x00, 0x00, 0x40, 0xFE, 0xFF, 0x8F, 0x00, 0x00, 0x00, 0x00, 0x00, 0xE4, 0xFF, 0xFF, 0xFF,
    0x09, 0x00, 0x00, 0x00, 0x40, 0xFE, 0xFF, 0xE9, 0xFF, 0x9F, 0x00, 0x00, 0x00, 0xE4, 0xFF, 0x7F,
    0x30, 0xFE, 0xFF, 0x09, 0x00, 0x40, 0xFF, 0xFF, 0x07, 0x00, 0xE3, 0xFF, 0x9F, 0x00, 0xF4, 0xFF,
    0x7F, 0x00, 0x00, 0x30, 0xFE, 0xFF, 0x09, 0xF7, 0xFF, 0x07, 0x00, 0x00, 0x00, 0xE3, 0xFF, 0x0B,
    0x70, 0x7F, 0x00, 0x00, 0x00, 0x00, 0x30, 0xAE, 0x00, 0x00, 0x03, 0x00, 0x00, 0x00, 0x00, 0x00,
    0x02, 0x00,
    // Unicode: [0x00F7, divide]
    0x00, 0x00, 0x00, 0x00, 0xEE, 0xEE, 0x00, 0x00, 0x00, 0x00, 0x00, 0x00, 0x00, 0x00, 0xFF, 0xFF,
    0x00, 0x00, 0x00, 0x00, 0x00, 0x00, 0x00, 0x00, 0xFF, 0xFF, 0x00, 0x00, 0x00, 0x00, 0x00, 0x00,
    0x00, 0x00, 0xFF, 0xFF, 0x00, 0x00, 0x00, 0x00, 0x00, 0x00, 0x00, 0x00, 0x00, 0x00, 0x00, 0x00,
    0x00, 0x00, 0x00, 0x00, 0x00, 0x00, 0x00, 0x00, 0x00, 0x00, 0x00, 0x00, 0x42, 0x44, 0x44, 0x44,
    0x44, 0x44, 0x44, 0x44, 0x44, 0x24, 0xF7, 0xFF, 0xFF, 0xFF, 0xFF, 0xFF, 0xFF, 0xFF, 0xFF, 0x7F,
    0xF7, 0xFF, 0xFF, 0xFF, 0xFF, 0xFF, 0xFF, 0xFF, 0xFF, 0x7F, 0xF7, 0xFF, 0xFF, 0xFF, 0xFF, 0xFF,
    0xFF, 0xFF, 0xFF, 0x7F, 0x00, 0x00, 0x00, 0x00, 0x00, 0x00, 0x00, 0x00, 0x00, 0x00, 0x00, 0x00,
    0x00, 0x00, 0x00, 0x00, 0x00, 0x00, 0x00, 0x00, 0x00, 0x00, 0x00, 0x00, 0xEE, 0xEE, 0x00, 0x00,
    0x00, 0x00, 0x00, 0x00, 0x00, 0x00, 0xFF, 0xFF, 0x00, 0x00, 0x00, 0x00, 0x00, 0x00, 0x00, 0x00,
    0xFF, 0xFF, 0x00, 0x00, 0x00, 0x00, 0x00, 0x00, 0x00, 0x00, 0xFF, 0xFF, 0x00, 0x00, 0x00, 0x00,
    // Unicode: [0x0627, uni0627]
    0x84, 0xCA, 0x02, 0xFA, 0xFF, 0x04, 0xF8, 0xFF, 0x05, 0xF7, 0xFF, 0x07, 0xF5, 0xFF, 0x08, 0xF4,
    0xFF, 0x0A, 0xF3, 0xFF, 0x0B, 0xF2, 0xFF, 0x0C, 0xF0, 0xFF, 0x0D, 0xF0, 0xFF, 0x0E, 0xE0, 0xFF,
    0x0E, 0xD0, 0xFF, 0x0F, 0xC0, 0xFF, 0x0F, 0xC0, 0xFF, 0x1F, 0xB0, 0xFF, 0x1F, 0xB0, 0xFF, 0x2F,
    0xB0, 0xFF, 0x2F, 0xB0, 0xFF, 0x2F, 0xB0, 0xFF, 0x2F, 0xB0, 0xFF, 0x2F, 0xB0, 0xFF, 0x2F, 0xB0,
    0xFF, 0x2F, 0xB0, 0xFF, 0x2F, 0xB0, 0xFF, 0x1F, 0xC0, 0xFF, 0x1F, 0xC0, 0xFF, 0x0F, 0xD0, 0xFF,
    0x0F, 0xE0, 0xFF, 0x0E, 0xE0, 0xFF, 0x0D, 0xF0, 0xFF, 0x0C, 0xF1, 0xFF, 0x0C,
    // Unicode: [0x0628, uni0628]
    0x00, 0x00, 0x00, 0x00, 0x00, 0x00, 0x00, 0x00, 0x00, 0x00, 0x00, 0x00, 0x00, 0x00, 0x00, 0x40,
    0x00, 0x00, 0x00, 0x16, 0x00, 0x00, 0x00, 0x00, 0x00, 0x00, 0x00, 0x00, 0x00, 0x00, 0x00, 0x00,
    0x20, 0xFB, 0x03, 0x00, 0x40, 0xDF, 0x03, 0x00, 0x00, 0x00, 0x00, 0x00, 0x00, 0x00, 0x00, 0x00,
    0x00, 0x00, 0xE5, 0xFF, 0x0C, 0x00, 0xC0, 0xFF, 0x5F, 0x00, 0x00, 0x00, 0x00, 0x00, 0x00, 0x00,
    0x00, 0x00, 0x00, 0x00, 0xE2, 0xFF, 0x5F, 0x00, 0xF3, 0xFF, 0x1E, 0x00, 0x00, 0x00, 0x00, 0x00,
    0x00, 0x00, 0x00, 0x00, 0x00, 0x00, 0x70, 0xFF, 0xCF, 0x00, 0xF8, 0xFF, 0x08, 0x00, 0x00, 0x00,
    0x00, 0x00, 0x00, 0x00, 0x00, 0x00, 0x00, 0x00, 0x10, 0xFE, 0xFF, 0x04, 0xFC, 0xFF, 0x03, 0x00,
    0x00, 0x00, 0x00, 0x00, 0x00, 0x00, 0x00, 0x00, 0x00, 0x00, 0x00, 0xF7, 0xFF, 0x0A, 0xFE, 0xEF,
    0x00, 0x00, 0x00, 0x00, 0x00, 0x00, 0x00, 0x00, 0x00, 0x00, 0x00, 0x00, 0x00, 0xE1, 0xFF, 0x0E,
    0xFF, 0xDF, 0x00, 0x00, 0x00, 0x00, 0x00, 0x00, 0x00, 0x00, 0x00, 0x00, 0x00, 0x00, 0x00, 0x90,
    0xFF, 0x4F, 0xFE, 0xFF, 0x01, 0x00, 0x00, 0x00, 0x00, 0x00, 0x00, 0x00, 0x00, 0x00, 0x00, 0x00,
    0x00, 0x40, 0xFF, 0x7F, 0xFB, 0xFF, 0x08, 0x00, 0x00, 0x00, 0x00, 0x00, 0x00, 0x00, 0x00, 0x00,
    0x00, 0x00, 0x00, 0x10, 0xFF, 0x9F, 0xF6, 0xFF, 0x7F, 0x00, 0x00, 0x00, 0x00, 0x00, 0x00, 0x00,
    0x00, 0x00, 0x00, 0x00, 0x00, 0x81, 0xFF, 0x9F, 0xC0, 0xFF, 0xFF, 0x6D, 0x01, 0x00, 0x00, 0x00,
    0x00, 0x00, 0x00, 0x00, 0x00, 0x00, 0xA4, 0xFE, 0xFF, 0x5F, 0x30, 0xFE, 0xFF, 0xFF, 0xCF, 0x68,
    0x24, 0x01, 0x00, 0x00, 0x00, 0x21, 0x74, 0xEB, 0xFF, 0xFF, 0xFF, 0x09, 0x00, 0xD3, 0xFF, 0xFF,
    0xFF, 0xFF, 0xFF, 0xFF, 0xFF, 0xFF, 0xFF, 0xFF, 0xFF, 0xFF, 0xFF, 0xFF, 0x5D, 0x00, 0x00, 0x10,
    0xF9, 0xFF, 0xFF, 0xFF, 0xFF, 0xFF, 0xFF, 0xFF, 0xFF, 0xFF, 0xFF, 0xFF, 0xFF, 0x6B, 0x00, 0x00,
    0x00, 0x00, 0x20, 0xC8, 0xFF, 0xFF, 0xFF, 0xFF, 0xFF, 0xFF, 0xFF, 0xFF, 0xFF, 0xAE, 0x26, 0x00,
    0x00, 0x00, 0x00, 0x00, 0x00, 0x00, 0x41, 0xA7, 0xDB, 0xEE, 0xFF, 0xEE, 0xBD, 0x79, 0x25, 0x00,
    0x00, 0x00, 0x00, 0x00, 0x00, 0x00, 0x00, 0x00, 0x00, 0x00, 0x00, 0x00, 0x00, 0x00, 0x00, 0x00,
    0x00, 0x00, 0x00, 0x00, 0x00, 0x00, 0x00, 0x00, 0x00, 0x00, 0x00, 0x00, 0x00, 0x00, 0x00, 0x00,
    0x00, 0x00, 0x00, 0x00, 0x00, 0x00, 0x00, 0x00, 0x00, 0x00, 0x00, 0x00, 0x00, 0x00, 0x00, 0x00,
    0x00, 0x00, 0x00, 0x00, 0x00, 0x00, 0x00, 0x00, 0x00, 0x00, 0x00, 0x00, 0x00, 0x00, 0x00, 0x00,
    0x00, 0x00, 0x00, 0x00, 0x00, 0x00, 0x00, 0x00, 0x00, 0x00, 0x00, 0x00, 0x00, 0x00, 0x00, 0x00,
    0x00, 0x00, 0x00, 0x00, 0xC1, 0x06, 0x00, 0x00, 0x00, 0x00, 0x00, 0x00, 0x00, 0x00, 0x00, 0x00,
    0x00, 0x00, 0x00, 0x00, 0x00, 0x10, 0xFC, 0x6F, 0x00, 0x00, 0x00, 0x00, 0x00, 0x00, 0x00, 0x00,
    0x00, 0x00, 0x00, 0x00, 0x00, 0x00, 0x00, 0xC1, 0xFF, 0xFF, 0x06, 0x00, 0x00, 0x00, 0x00, 0x00,
    0x00, 0x00, 0x00, 0x00, 0x00, 0x00, 0x00, 0x00, 0x00, 0xD2, 0xFF, 0xFF, 0x07, 0x00, 0x00, 0x00,
    0x00, 0x00, 0x00, 0x00, 0x00, 0x00, 0x00, 0x00, 0x00, 0x00, 0x00, 0x20, 0xFD, 0x7F, 0x00, 0x00,
    0x00, 0x00, 0x00, 0x00, 0x00, 0x00, 0x00, 0x00, 0x00, 0x00, 0x00, 0x00, 0x00, 0x00, 0xD2, 0x07,
    0x00, 0x00, 0x00, 0x00, 0x00, 0x00, 0x00, 0x00, 0x00, 0x00, 0x00, 0x00, 0x00, 0x00, 0x00, 0x00,
    0x10, 0x00, 0x00, 0x00, 0x00, 0x00, 0x00, 0x00, 0x00, 0x00,
    // Unicode: [0x062F, uni062F]
    0x00, 0x00, 0x00, 0xC3, 0x04, 0x00, 0x00, 0x00, 0x00, 0x00, 0x00, 0x00, 0x00, 0xF9, 0x9F, 0x00,
    0x00, 0x00, 0x00, 0x00, 0x00, 0x00, 0x10, 0xFF, 0xFF, 0x1B, 0x00, 0x00, 0x00, 0x00, 0x00, 0x00,
    0x40, 0xFE, 0xFF, 0xDF, 0x01, 0x00, 0x00, 0x00, 0x00, 0x00, 0x00, 0xB2, 0xFF, 0xFF, 0x1C, 0x00,
    0x00, 0x00, 0x00, 0x00, 0x00, 0x00, 0xF9, 0xFF, 0xBF, 0x00, 0x00, 0x00, 0x00, 0x00, 0x00, 0x00,
    0x80, 0xFF, 0xFF, 0x08, 0x00, 0x00, 0x00, 0x00, 0x00, 0x00, 0x00, 0xF9, 0xFF, 0x4F, 0x00, 0x00,
    0x00, 0x00, 0x00, 0x00, 0x00, 0xC0, 0xFF, 0xDF, 0x00, 0x00, 0x00, 0x00, 0x00, 0x00, 0x00, 0x20,
    0xFE, 0xFF, 0x06, 0x00, 0x00, 0x00, 0x00, 0x00, 0x00, 0x00, 0xF6, 0xFF, 0x1E, 0x00, 0x00, 0x00,
    0x00, 0x00, 0x00, 0x00, 0xD0, 0xFF, 0x6F, 0x00, 0x00, 0x00, 0x00, 0x00, 0x00, 0x00, 0x60, 0xFF,
    0xBF, 0x00, 0x00, 0x00, 0x00, 0x00, 0x00, 0x00, 0x10, 0xFF, 0xEF, 0x00, 0x00, 0x00, 0x00, 0x00,
    0x00, 0x00, 0x00, 0xFC, 0xFF, 0x01, 0x10, 0x00, 0x00, 0x00, 0x00, 0x00, 0x00, 0xFB, 0xFF, 0x02,
    0xB0, 0x4B, 0x00, 0x00, 0x00, 0x00, 0x40, 0xFF, 0xFF, 0x00, 0xF2, 0xFF, 0x9D, 0x25, 0x01, 0x41,
    0xF9, 0xFF, 0xAF, 0x00, 0xF9, 0xFF, 0xFF, 0xFF, 0xFF, 0xFF, 0xFF, 0xFF, 0x3E, 0x00, 0xFB, 0xFF,
    0xFF, 0xFF, 0xFF, 0xFF, 0xFF, 0xEF, 0x04, 0x00, 0x50, 0xFA, 0xFF, 0xFF, 0xFF, 0xFF, 0xFF, 0x2B,
    0x00, 0x00, 0x00, 0x10, 0x85, 0xEC, 0xEF, 0xBD, 0x37, 0x00, 0x00, 0x00,
    // Unicode: [0x0639, uni0639]
    0x00, 0x00, 0x00, 0x00, 0x00, 0x00, 0xB6, 0xFD, 0xBE, 0x27, 0x00, 0x00, 0x00, 0x00, 0x00, 0x00,
    0x00, 0x00, 0xD4, 0xFF, 0xFF, 0xFF, 0xFF, 0x2A, 0x00, 0x00, 0x00, 0x00, 0x00, 0x00, 0x50, 0xFF,
    0xFF, 0xFF, 0xFF, 0xFF, 0xEF, 0x06, 0x00, 0x00, 0x00, 0x00, 0x00, 0xF4, 0xFF, 0xFF, 0xEF, 0xFF,
    0xFF, 0xFF, 0x9F, 0x00, 0x00, 0x00, 0x00, 0x00, 0xFD, 0xFF, 0x7E, 0x01, 0x30, 0xFA, 0xFF, 0x6F,
    0x00, 0x00, 0x00, 0x00, 0x50, 0xFF, 0xEF, 0x03, 0x00, 0x00, 0x30, 0xFD, 0x06, 0x00, 0x00, 0x00,
    0x00, 0xA0, 0xFF, 0x7F, 0x00, 0x00, 0x00, 0x00, 0x41, 0x00, 0x00, 0x00, 0x00, 0x00, 0xC0, 0xFF,
    0x2F, 0x00, 0x00, 0x00, 0x00, 0x00, 0x00, 0x00, 0x00, 0x00, 0x00, 0xC0, 0xFF, 0x0F, 0x00, 0x00,
    0x00, 0x00, 0x00, 0x00, 0x00, 0x00, 0x00, 0x00, 0xB0, 0xFF, 0x2F, 0x00, 0x00, 0x00, 0x00, 0x00,
    0x00, 0x00, 0x00, 0x00, 0x00, 0x90, 0xFF, 0x9F, 0x00, 0x00, 0x00, 0x00, 0x00, 0x00, 0x00, 0x00,
    0x00, 0x00, 0x30, 0xFF, 0xFF, 0x3A, 0x00, 0x00, 0x00, 0x20, 0x24, 0x00, 0x00, 0x00, 0x00, 0x00,
    0xFA, 0xFF, 0xFF, 0xBD, 0xA9, 0xCB, 0xFE, 0x8F, 0x00, 0x00, 0x00, 0x00, 0x00, 0xC1, 0xFF, 0xFF,
    0xFF, 0xFF, 0xFF, 0xFF, 0xBF, 0x00, 0x00, 0x00, 0x00, 0x00, 0x30, 0xFE, 0xFF, 0xFF, 0xFF, 0xFF,
    0xFF, 0xEF, 0x00, 0x00, 0x00, 0x00, 0x20, 0xFA, 0xFF, 0xFF, 0xFF, 0xFF, 0xFF, 0xBD, 0x68, 0x00,
    0x00, 0x00, 0x00, 0xF8, 0xFF, 0xFF, 0xFF, 0xCF, 0x69, 0x13, 0x00, 0x00, 0x00, 0x00, 0x00, 0xC1,
    0xFF, 0xFF, 0xFF, 0x5B, 0x01, 0x00, 0x00, 0x00, 0x00, 0x00, 0x00, 0x20, 0xFD, 0xFF, 0xFF, 0x29,
    0x00, 0x00, 0x00, 0x00, 0x00, 0x00, 0x00, 0x00, 0xC1, 0xFF, 0xFF, 0x2B, 0x00, 0x00, 0x00, 0x00,
    0x00, 0x00, 0x00, 0x00, 0x00, 0xFA, 0xFF, 0x7F, 0x00, 0x00, 0x00, 0x00, 0x00, 0x00, 0x00, 0x00,
    0x00, 0x40, 0xFF, 0xFF, 0x06, 0x00, 0x00, 0x00, 0x00, 0x00, 0x00, 0x00, 0x00, 0x00, 0xC0, 0xFF,
    0x9F, 0x00, 0x00, 0x00, 0x00, 0x00, 0x00, 0x00, 0x00, 0x00, 0x00, 0xF3, 0xFF, 0x1E, 0x00, 0x00,
    0x00, 0x00, 0x00, 0x00, 0x00, 0x00, 0x00, 0x00, 0xF8, 0xFF, 0x07, 0x00, 0x00, 0x00, 0x00, 0x00,
    0x00, 0x00, 0x00, 0x00, 0x00, 0xFB, 0xFF, 0x02, 0x00, 0x00, 0x00, 0x00, 0x00, 0x00, 0x00, 0x00,
    0x00, 0x00, 0xFD, 0xFF, 0x00, 0x00, 0x00, 0x00, 0x00, 0x00, 0x00, 0x00, 0x00, 0x00, 0x00, 0xFE,
    0xEF, 0x00, 0x00, 0x00, 0x00, 0x00, 0x00, 0x00, 0x00, 0x00, 0x00, 0x00, 0xFD, 0xEF, 0x00, 0x00,
    0x00, 0x00, 0x00, 0x00, 0x00, 0x00, 0x00, 0x00, 0x00, 0xFC, 0xFF, 0x02, 0x00, 0x00, 0x00, 0x00,
    0x00, 0x00, 0x00, 0x00, 0x00, 0x00, 0xF9, 0xFF, 0x07, 0x00, 0x00, 0x00, 0x00, 0x00, 0x00, 0x00,
    0x00, 0x00, 0x00, 0xF6, 0xFF, 0x2E, 0x00, 0x00, 0x00, 0x00, 0x00, 0x00, 0x00, 0x00, 0x00, 0x00,
    0xE1, 0xFF, 0xBF, 0x01, 0x00, 0x00, 0x00, 0x00, 0x00, 0x00, 0x00, 0x10, 0x00, 0x80, 0xFF, 0xFF,
    0x1C, 0x00, 0x00, 0x00, 0x00, 0x00, 0x00, 0x00, 0xE6, 0x05, 0x00, 0xFC, 0xFF, 0xEF, 0x17, 0x00,
    0x00, 0x00, 0x00, 0x00, 0xB4, 0xFF, 0x2E, 0x00, 0xE2, 0xFF, 0xFF, 0xFF, 0x7B, 0x35, 0x22, 0x53,
    0xD8, 0xFF, 0xFF, 0xBF, 0x00, 0x20, 0xFD, 0xFF, 0xFF, 0xFF, 0xFF, 0xFF, 0xFF, 0xFF, 0xFF, 0xFF,
    0x4E, 0x00, 0x00, 0xA1, 0xFF, 0xFF, 0xFF, 0xFF, 0xFF, 0xFF, 0xFF, 0xFF, 0xAF, 0x02, 0x00, 0x00,
    0x00, 0xA3, 0xFF, 0xFF, 0xFF, 0xFF, 0xFF, 0xFF, 0xAF, 0x03, 0x00, 0x00, 0x00, 0x00, 0x00, 0x61,
    0xC9, 0xED, 0xEF, 0xCD, 0x59, 0x01, 0x00, 0x00,
    // Unicode: [0x0646, uni0646]
    0x00, 0x00, 0x00, 0x00, 0x00, 0x00, 0x90, 0x08, 0x00, 0x00, 0x00, 0x00, 0x00, 0x00, 0x00, 0x00,
    0x00, 0x00, 0x00, 0x00, 0xF9, 0x8F, 0x00, 0x00, 0x00, 0x00, 0x00, 0x00, 0x00, 0x00, 0x00, 0x00,
    0x00, 0x90, 0xFF, 0xFF, 0x08, 0x00, 0x00, 0x00, 0x00, 0x00, 0x00, 0x00, 0x00, 0x00, 0x00, 0xB1,
    0xFF, 0xFF, 0x0B, 0x00, 0x00, 0x70, 0x02, 0x00, 0x00, 0x00, 0x00, 0x00, 0x00, 0x10, 0xFB, 0xBF,
    0x01, 0x00, 0x30, 0xFC, 0x0B, 0x00, 0x00, 0xB0, 0x06, 0x00, 0x00, 0x00, 0xB1, 0x1B, 0x00, 0x00,
    0xF1, 0xFF, 0x3F, 0x00, 0x00, 0xF5, 0xAF, 0x01, 0x00, 0x00, 0x10, 0x01, 0x00, 0x00, 0x90, 0xFF,
    0xAF, 0x00, 0x00, 0xFC, 0xFF, 0x07, 0x00, 0x00, 0x00, 0x00, 0x00, 0x00, 0x20, 0xFF, 0xFF, 0x01,
    0x40, 0xFF, 0xEF, 0x01, 0x00, 0x00, 0x00, 0x00, 0x00, 0x00, 0x00, 0xFB, 0xFF, 0x06, 0x90, 0xFF,
    0x8F, 0x00, 0x00, 0x00, 0x00, 0x00, 0x00, 0x00, 0x00, 0xF5, 0xFF, 0x0B, 0xE0, 0xFF, 0x3F, 0x00,
    0x00, 0x00, 0x00, 0x00, 0x00, 0x00, 0x00, 0xF1, 0xFF, 0x0E, 0xF3, 0xFF, 0x0D, 0x00, 0x00, 0x00,
    0x00, 0x00, 0x00, 0x00, 0x00, 0xC0, 0xFF, 0x3F, 0xF6, 0xFF, 0x09, 0x00, 0x00, 0x00, 0x00, 0x00,
    0x00, 0x00, 0x00, 0x90, 0xFF, 0x6F, 0xF9, 0xFF, 0x05, 0x00, 0x00, 0x00, 0x00, 0x00, 0x00, 0x00,
    0x00, 0x60, 0xFF, 0x7F, 0xFB, 0xFF, 0x03, 0x00, 0x00, 0x00, 0x00, 0x00, 0x00, 0x00, 0x00, 0x50,
    0xFF, 0x9F, 0xFD, 0xFF, 0x01, 0x00, 0x00, 0x00, 0x00, 0x00, 0x00, 0x00, 0x00, 0x40, 0xFF, 0x9F,
    0xFD, 0xFF, 0x00, 0x00, 0x00, 0x00, 0x00, 0x00, 0x00, 0x00, 0x00, 0x50, 0xFF, 0x9F, 0xFD, 0xFF,
    0x01, 0x00, 0x00, 0x00, 0x00, 0x00, 0x00, 0x00, 0x00, 0x60, 0xFF, 0x7F, 0xFC, 0xFF, 0x02, 0x00,
    0x00, 0x00, 0x00, 0x00, 0x00, 0x00, 0x00, 0x90, 0xFF, 0x5F, 0xF9, 0xFF, 0x06, 0x00, 0x00, 0x00,
    0x00, 0x00, 0x00, 0x00, 0x00, 0xD0, 0xFF, 0x2F, 0xF6, 0xFF, 0x0C, 0x00, 0x00, 0x00, 0x00, 0x00,
    0x00, 0x00, 0x00, 0xF4, 0xFF, 0x0D, 0xF1, 0xFF, 0x6F, 0x00, 0x00, 0x00, 0x00, 0x00, 0x00, 0x00,
    0x10, 0xFD, 0xFF, 0x07, 0xA0, 0xFF, 0xFF, 0x04, 0x00, 0x00, 0x00, 0x00, 0x00, 0x00, 0xB1, 0xFF,
    0xEF, 0x01, 0x20, 0xFF, 0xFF, 0x7F, 0x00, 0x00, 0x00, 0x00, 0x00, 0x40, 0xFD, 0xFF, 0x6F, 0x00,
    0x00, 0xF7, 0xFF, 0xFF, 0x7D, 0x03, 0x00, 0x10, 0x73, 0xFC, 0xFF, 0xFF, 0x0A, 0x00, 0x00, 0x80,
    0xFF, 0xFF, 0xFF, 0xFF, 0xEE, 0xFE, 0xFF, 0xFF, 0xFF, 0xAF, 0x00, 0x00, 0x00, 0x00, 0xF7, 0xFF,
    0xFF, 0xFF, 0xFF, 0xFF, 0xFF, 0xFF, 0xEF, 0x06, 0x00, 0x00, 0x00, 0x00, 0x30, 0xFB, 0xFF, 0xFF,
    0xFF, 0xFF, 0xFF, 0xEF, 0x18, 0x00, 0x00, 0x00, 0x00, 0x00, 0x00, 0x20, 0xB7, 0xED, 0xFF, 0xDE,
    0x8B, 0x04, 0x00, 0x00, 0x00, 0x00,
    // Unicode: [0x0648, uni0648]
    0x00, 0x00, 0x00, 0x81, 0xCB, 0x5A, 0x00, 0x00, 0x00, 0x00, 0x00, 0x40, 0xFE, 0xFF, 0xFF, 0x2B,
    0x00, 0x00, 0x00, 0x00, 0xF4, 0xFF, 0xFF, 0xFF, 0xDF, 0x02, 0x00, 0x00, 0x10, 0xFD, 0xFF, 0xFF,
    0xFF, 0xFF, 0x1C, 0x00, 0x00, 0x70, 0xFF, 0xDF, 0x13, 0xF8, 0xFF, 0x8F, 0x00, 0x00, 0xD0, 0xFF,
    0x3F, 0x00, 0x80, 0xFF, 0xFF, 0x02, 0x00, 0xF4, 0xFF, 0x0B, 0x00, 0x00, 0xFC, 0xFF, 0x08, 0x00,
    0xF8, 0xFF, 0x06, 0x00, 0x00, 0xF5, 0xFF, 0x0D, 0x00, 0xFA, 0xFF, 0x03, 0x00, 0x00, 0xD0, 0xFF,
    0x3F, 0x00, 0xFC, 0xFF, 0x01, 0x00, 0x00, 0x90, 0xFF, 0x7F, 0x00, 0xFC, 0xFF, 0x01, 0x00, 0x00,
    0x50, 0xFF, 0xAF, 0x00, 0xFA, 0xFF, 0x06, 0x00, 0x00, 0x20, 0xFF, 0xCF, 0x00, 0xF7, 0xFF, 0x7F,
    0x02, 0x00, 0x10, 0xFF, 0xDF, 0x00, 0xE2, 0xFF, 0xFF, 0xEF, 0xEE, 0xEE, 0xFF, 0xDF, 0x00, 0x60,
    0xFF, 0xFF, 0xFF, 0xFF, 0xFF, 0xFF, 0xDF, 0x00, 0x00, 0xE6, 0xFF, 0xFF, 0xFF, 0xFF, 0xFF, 0xCF,
    0x00, 0x00, 0x10, 0xB7, 0xFE, 0xFF, 0xFF, 0xFF, 0x9F, 0x00, 0x00, 0x00, 0x00, 0x00, 0x00, 0x40,
    0xFF, 0x7F, 0x00, 0x00, 0x00, 0x00, 0x00, 0x00, 0x90, 0xFF, 0x2F, 0x00, 0x00, 0x00, 0x00, 0x00,
    0x00, 0xF2, 0xFF, 0x0C, 0x00, 0x00, 0x00, 0x00, 0x00, 0x00, 0xFB, 0xFF, 0x05, 0x00, 0x00, 0x00,
    0x00, 0x00, 0x90, 0xFF, 0xCF, 0x00, 0x00, 0x00, 0x00, 0x00, 0x00, 0xFA, 0xFF, 0x3F, 0x00, 0x00,
    0x00, 0x00, 0x00, 0xC3, 0xFF, 0xFF, 0x07, 0x00, 0x00, 0x00, 0x00, 0x91, 0xFF, 0xFF, 0x9F, 0x00,
    0x00, 0x00, 0x00, 0x93, 0xFE, 0xFF, 0xFF, 0x09, 0x00, 0x00, 0x51, 0xD9, 0xFF, 0xFF, 0xFF, 0x6F,
    0x00, 0x00, 0x00, 0xF5, 0xFF, 0xFF, 0xFF, 0xCF, 0x03, 0x00, 0x00, 0x00, 0xF2, 0xFF, 0xFF, 0xDF,
    0x05, 0x00, 0x00, 0x00, 0x00, 0xD0, 0xFF, 0xAE, 0x04, 0x00, 0x00, 0x00, 0x00, 0x00, 0x70, 0x47,
    0x00, 0x00, 0x00, 0x00, 0x00, 0x00, 0x00,
    // Unicode: [0x06AF, uni06AF]
    0x00, 0x00, 0x00, 0x00, 0x00, 0x00, 0x00, 0x00, 0x00, 0x00, 0x00, 0x00, 0x00, 0x00, 0x00, 0x00,
    0x00, 0x00, 0x14, 0x00, 0x00, 0x00, 0x00, 0x00, 0x00, 0x00, 0x00, 0x00, 0x00, 0x00, 0x00, 0x00,
    0x00, 0x00, 0x00, 0x00, 0x00, 0x10, 0xC6, 0x8F, 0x00, 0x00, 0x00, 0x00, 0x00, 0x00, 0x00, 0x00,
    0x00, 0x00, 0x00, 0x00, 0x00, 0x00, 0x00, 0x00, 0x00, 0x20, 0xE9, 0xFF, 0xAF, 0x00, 0x00, 0x00,
    0x00, 0x00, 0x00, 0x00, 0x00, 0x00, 0x00, 0x00, 0x00, 0x00, 0x00, 0x00, 0x00, 0x50, 0xFB, 0xFF,
    0x8E, 0x02, 0x00, 0x00, 0x00, 0x00, 0x00, 0x00, 0x00, 0x00, 0x00, 0x00, 0x00, 0x00, 0x00, 0x00,
    0x00, 0x71, 0xFD, 0xFF, 0x6C, 0x01, 0x00, 0x00, 0x00, 0x00, 0x00, 0x00, 0x00, 0x00, 0x00, 0x00,
    0x00, 0x00, 0x00, 0x00, 0x00, 0xA3, 0xFF, 0xFF, 0x4A, 0x00, 0x00, 0x50, 0x7B, 0x00, 0x00, 0x00,
    0x00, 0x00, 0x00, 0x00, 0x00, 0x00, 0x00, 0x00, 0x00, 0xC4, 0xFF, 0xEF, 0x18, 0x00, 0x00, 0x71,
    0xFD, 0xDF, 0x00, 0x00, 0x00, 0x00, 0x00, 0x00, 0x00, 0x00, 0x00, 0x00, 0x00, 0x00, 0xF9, 0xCF,
    0x05, 0x00, 0x00, 0xA3, 0xFF, 0xFF, 0xFF, 0x04, 0x00, 0x00, 0x00, 0x00, 0x00, 0x00, 0x00, 0x00,
    0x00, 0x00, 0x00, 0x9A, 0x03, 0x00, 0x10, 0xC6, 0xFF, 0xFF, 0xFF, 0xEF, 0x06, 0x00, 0x00, 0x00,
    0x00, 0x00, 0x00, 0x00, 0x00, 0x00, 0x00, 0x00, 0x00, 0x00, 0x20, 0xE8, 0xFF, 0xFF, 0xFF, 0xDF,
    0x17, 0x00, 0x00, 0x00, 0x00, 0x00, 0x00, 0x00, 0x00, 0x00, 0x00, 0x00, 0x00, 0x00, 0x40, 0xFB,
    0xFF, 0xFF, 0xFF, 0xBF, 0x04, 0x00, 0x00, 0x00, 0x00, 0x00, 0x00, 0x00, 0x00, 0x00, 0x00, 0x00,
    0x00, 0x00, 0x71, 0xFD, 0xFF, 0xFF, 0xFF, 0x8E, 0x02, 0x00, 0x00, 0x00, 0x00, 0x00, 0x00, 0x00,
    0x00, 0x00, 0x00, 0x00, 0x00, 0x00, 0x00, 0xFA, 0xFF, 0xFF, 0xFF, 0x6C, 0x00, 0x00, 0x00, 0x00,
    0x00, 0x00, 0x00, 0x00, 0x00, 0x00, 0x00, 0x00, 0x00, 0x00, 0x00, 0x00, 0xFB, 0xFF, 0xFF, 0x3A,
    0x00, 0x00, 0x00, 0x00, 0x00, 0x00, 0x00, 0x00, 0x00, 0x00, 0x00, 0x00, 0x00, 0x00, 0x00, 0x00,
    0x00, 0xFD, 0xFF, 0x17, 0x00, 0x00, 0x00, 0x00, 0x00, 0x00, 0x00, 0x00, 0x00, 0x00, 0x00, 0x00,
    0x00, 0x00, 0x00, 0x00, 0x00, 0x00, 0xFE, 0xFF, 0x1A, 0x00, 0x00, 0x00, 0x00, 0x00, 0x00, 0x00,
    0x00, 0x00, 0x00, 0x00, 0x00, 0x00, 0x00, 0x00, 0x00, 0x00, 0x00, 0xFD, 0xFF, 0xCF, 0x01, 0x00,
    0x00, 0x00, 0x00, 0x00, 0x00, 0x00, 0x00, 0x00, 0x00, 0x00, 0x00, 0x00, 0x00, 0x00, 0x00, 0x00,
    0xB1, 0xFF, 0xFF, 0x2D, 0x00, 0x00, 0x00, 0x00, 0x00, 0x00, 0x00, 0x00, 0x00, 0x00, 0x00, 0x00,
    0x00, 0x00, 0x00, 0x00, 0x00, 0x00, 0xF9, 0xFF, 0xEF, 0x03, 0x00, 0x00, 0x00, 0x00, 0x00, 0x00,
    0x00, 0x00, 0x00, 0x00, 0x00, 0x00, 0x00, 0x00, 0x00, 0x00, 0x00, 0x70, 0xFF, 0xFF, 0x3E, 0x00,
    0x00, 0x00, 0x00, 0x00, 0x00, 0x62, 0x00, 0x00, 0x00, 0x00, 0x00, 0x00, 0x00, 0x00, 0x00, 0x00,
    0x00, 0xF5, 0xFF, 0xEF, 0x03, 0x00, 0x00, 0x00, 0x00, 0x00, 0xFA, 0x1A, 0x00, 0x00, 0x00, 0x00,
    0x00, 0x00, 0x00, 0x00, 0x00, 0x00, 0x40, 0xFF, 0xFF, 0x2E, 0x00, 0x00, 0x00, 0x00, 0x30, 0xFF,
    0xDF, 0x00, 0x00, 0x00, 0x00, 0x00, 0x00, 0x00, 0x00, 0x00, 0x00, 0x00, 0xF4, 0xFF, 0xBF, 0x00,
    0x00, 0x00, 0x00, 0xA0, 0xFF, 0x9F, 0x00, 0x00, 0x00, 0x00, 0x00, 0x00, 0x00, 0x00, 0x00, 0x00,
    0x00, 0x60, 0xFF, 0xFF, 0x06, 0x00, 0x00, 0x00, 0xE0, 0xFF, 0x2F, 0x00, 0x00, 0x00, 0x00, 0x00,
    0x00, 0x00, 0x00, 0x00, 0x00, 0x00, 0x00, 0xF9, 0xFF, 0x0E, 0x00, 0x00, 0x00, 0xF3, 0xFF, 0x0B,
    0x00, 0x00, 0x00, 0x00, 0x00, 0x00, 0x00, 0x00, 0x00, 0x00, 0x00, 0x00, 0xD1, 0xFF, 0x5F, 0x00,
    0x00, 0x00, 0xF5, 0xFF, 0x08, 0x00, 0x00, 0x00, 0x00, 0x00, 0x00, 0x00, 0x00, 0x00, 0x00, 0x00,
    0x00, 0x70, 0xFF, 0x9F, 0x00, 0x00, 0x00, 0xF6, 0xFF, 0x07, 0x00, 0x00, 0x00, 0x00, 0x00, 0x00,
    0x00, 0x00, 0x00, 0x00, 0x00, 0x00, 0x30, 0xFF, 0xBF, 0x00, 0x00, 0x00, 0xF5, 0xFF, 0x09, 0x00,
    0x00, 0x00, 0x00, 0x00, 0x00, 0x00, 0x00, 0x00, 0x00, 0x00, 0x00, 0x30, 0xFF, 0xAF, 0x00, 0x00,
    0x00, 0xF2, 0xFF, 0x2E, 0x00, 0x00, 0x00, 0x00, 0x00, 0x00, 0x00, 0x00, 0x00, 0x00, 0x00, 0x00,
    0x70, 0xFF, 0x8F, 0x00, 0x00, 0x00, 0xC0, 0xFF, 0xCF, 0x02, 0x00, 0x00, 0x00, 0x00, 0x00, 0x00,
    0x00, 0x00, 0x00, 0x00, 0x00, 0xF4, 0xFF, 0x3F, 0x00, 0x00, 0x00, 0x40, 0xFF, 0xFF, 0x8E, 0x02,
    0x00, 0x00, 0x00, 0x00, 0x00, 0x00, 0x00, 0x00, 0x00, 0x92, 0xFF, 0xFF, 0x0B, 0x00, 0x00, 0x00,
    0x00, 0xF8, 0xFF, 0xFF, 0xCF, 0x69, 0x24, 0x00, 0x00, 0x00, 0x00, 0x00, 0x31, 0xB7, 0xFF, 0xFF,
    0xEF, 0x02, 0x00, 0x00, 0x00, 0x00, 0x80, 0xFF, 0xFF, 0xFF, 0xFF, 0xFF, 0xEF, 0xEE, 0xDD, 0xDD,
    0xEE, 0xFF, 0xFF, 0xFF, 0xFF, 0x4E, 0x00, 0x00, 0x00, 0x00, 0x00, 0x00, 0xC4, 0xFF, 0xFF, 0xFF,
    0xFF, 0xFF, 0xFF, 0xFF, 0xFF, 0xFF, 0xFF, 0xFF, 0xFF, 0xAF, 0x02, 0x00, 0x00, 0x00, 0x00, 0x00,
    0x00, 0x00, 0xA4, 0xFE, 0xFF, 0xFF, 0xFF, 0xFF, 0xFF, 0xFF, 0xFF, 0xFF, 0xFF, 0x9E, 0x03, 0x00,
    0x00, 0x00, 0x00, 0x00, 0x00, 0x00, 0x00, 0x00, 0x30, 0x96, 0xCB, 0xED, 0xFE, 0xFF, 0xFF, 0xDE,
    0xAC, 0x47, 0x00, 0x00, 0x00, 0x00, 0x00, 0x00, 0x00,
    // Unicode: [0x06CC, uni06CC]
    0x00, 0x00, 0x00, 0x00, 0x00, 0x00, 0x00, 0x00, 0x00, 0x00, 0x00, 0x00, 0x83, 0xEC, 0xEF, 0x9D,
    0x04, 0x00, 0x00, 0x00, 0x00, 0x00, 0x00, 0x00, 0x00, 0x00, 0x00, 0x00, 0xC3, 0xFF, 0xFF, 0xFF,
    0xFF, 0x0C, 0x00, 0x00, 0x00, 0x00, 0x00, 0x00, 0x00, 0x00, 0x00, 0x00, 0x80, 0xFF, 0xFF, 0xFF,
    0xFF, 0xFF, 0x05, 0x00, 0x00, 0x00, 0x00, 0x00, 0x00, 0x00, 0x00, 0x00, 0x00, 0xFA, 0xFF, 0xFF,
    0xFF, 0xFF, 0xDF, 0x00, 0x00, 0x10, 0x03, 0x00, 0x00, 0x00, 0x00, 0x00, 0x00, 0x90, 0xFF, 0xFF,
    0x9F, 0x24, 0x10, 0x44, 0x00, 0x00, 0x50, 0xDF, 0x28, 0x00, 0x00, 0x00, 0x00, 0x00, 0xF7, 0xFF,
    0xCF, 0x02, 0x00, 0x00, 0x00, 0x00, 0x00, 0xA0, 0xFF, 0x8F, 0x00, 0x00, 0x00, 0x00, 0x20, 0xFE,
    0xFF, 0x1C, 0x00, 0x00, 0x00, 0x00, 0x00, 0x00, 0xE0, 0xFF, 0x3F, 0x00, 0x00, 0x00, 0x00, 0x80,
    0xFF, 0xDF, 0x01, 0x00, 0x00, 0x00, 0x00, 0x00, 0x00, 0xF4, 0xFF, 0x0E, 0x00, 0x00, 0x00, 0x00,
    0xE0, 0xFF, 0x4F, 0x00, 0x00, 0x00, 0x00, 0x00, 0x00, 0x00, 0xF8, 0xFF, 0x09, 0x00, 0x00, 0x00,
    0x00, 0xF4, 0xFF, 0x0B, 0x00, 0x00, 0x00, 0x00, 0x00, 0x00, 0x00, 0xFC, 0xFF, 0x05, 0x00, 0x00,
    0x00, 0x00, 0xF7, 0xFF, 0x06, 0x00, 0x00, 0x00, 0x00, 0x00, 0x00, 0x10, 0xFF, 0xFF, 0x01, 0x00,
    0x00, 0x00, 0x00, 0xF8, 0xFF, 0x04, 0x00, 0x00, 0x00, 0x00, 0x00, 0x00, 0x50, 0xFF, 0xCF, 0x00,
    0x00, 0x00, 0x00, 0x00, 0xF8, 0xFF, 0x05, 0x00, 0x00, 0x00, 0x00, 0x00, 0x00, 0x80, 0xFF, 0x8F,
    0x00, 0x00, 0x00, 0x00, 0x00, 0xF6, 0xFF, 0x1C, 0x00, 0x00, 0x00, 0x00, 0x00, 0x00, 0xB0, 0xFF,
    0x5F, 0x00, 0x00, 0x00, 0x00, 0x00, 0xF3, 0xFF, 0xEF, 0x38, 0x00, 0x00, 0x00, 0x00, 0x00, 0xD0,
    0xFF, 0x2F, 0x00, 0x00, 0x00, 0x00, 0x00, 0xC0, 0xFF, 0xFF, 0xFF, 0xAE, 0x16, 0x00, 0x00, 0x00,
    0xF0, 0xFF, 0x0F, 0x00, 0x00, 0x00, 0x00, 0x00, 0x10, 0xFC, 0xFF, 0xFF, 0xFF, 0xFF, 0x2A, 0x00,
    0x00, 0xF1, 0xFF, 0x0D, 0x00, 0x00, 0x00, 0x00, 0x00, 0x00, 0x81, 0xFE, 0xFF, 0xFF, 0xFF, 0xEF,
    0x02, 0x00, 0xF2, 0xFF, 0x0D, 0x00, 0x00, 0x00, 0x00, 0x00, 0x00, 0x00, 0x61, 0xEB, 0xFF, 0xFF,
    0xFF, 0x09, 0x00, 0xF1, 0xFF, 0x0E, 0x00, 0x00, 0x00, 0x00, 0x00, 0x00, 0x00, 0x00, 0x00, 0x84,
    0xFE, 0xFF, 0x0E, 0x00, 0xE0, 0xFF, 0x2F, 0x00, 0x00, 0x00, 0x00, 0x00, 0x00, 0x00, 0x00, 0x00,
    0x00, 0xF3, 0xFF, 0x0F, 0x00, 0xB0, 0xFF, 0x7F, 0x00, 0x00, 0x00, 0x00, 0x00, 0x00, 0x00, 0x00,
    0x00, 0x00, 0xF4, 0xFF, 0x0D, 0x00, 0x60, 0xFF, 0xEF, 0x01, 0x00, 0x00, 0x00, 0x00, 0x00, 0x00,
    0x00, 0x00, 0x10, 0xFC, 0xFF, 0x09, 0x00, 0x10, 0xFE, 0xFF, 0x1C, 0x00, 0x00, 0x00, 0x00, 0x00,
    0x00, 0x00, 0x00, 0xC2, 0xFF, 0xFF, 0x03, 0x00, 0x00, 0xF6, 0xFF, 0xDF, 0x05, 0x00, 0x00, 0x00,
    0x00, 0x00, 0x00, 0x93, 0xFF, 0xFF, 0x9F, 0x00, 0x00, 0x00, 0xB0, 0xFF, 0xFF, 0xDF, 0x58, 0x12,
    0x00, 0x21, 0x64, 0xD9, 0xFF, 0xFF, 0xFF, 0x0A, 0x00, 0x00, 0x00, 0x10, 0xFC, 0xFF, 0xFF, 0xFF,
    0xFF, 0xFF, 0xFF, 0xFF, 0xFF, 0xFF, 0xFF, 0x9F, 0x00, 0x00, 0x00, 0x00, 0x00, 0x80, 0xFF, 0xFF,
    0xFF, 0xFF, 0xFF, 0xFF, 0xFF, 0xFF, 0xFF, 0xCF, 0x03, 0x00, 0x00, 0x00, 0x00, 0x00, 0x00, 0xA3,
    0xFF, 0xFF, 0xFF, 0xFF, 0xFF, 0xFF, 0xFF, 0xAE, 0x03, 0x00, 0x00, 0x00, 0x00, 0x00, 0x00, 0x00,
    0x00, 0x51, 0xC9, 0xED, 0xFF, 0xDE, 0x9B, 0x37, 0x00, 0x00, 0x00, 0x00, 0x00, 0x00
};
