#include <touchgfx/hal/Types.hpp>

FONT_GLYPH_LOCATION_FLASH_PRAGMA
KEEP extern const uint8_t unicodes_BTrafcBd_35_4bpp_31[] FONT_GLYPH_LOCATION_FLASH_ATTRIBUTE = {
    // Unicode: [0xFB8E, u0643]
    0x00, 0x00, 0x00, 0x00, 0x00, 0x00, 0x00, 0x00, 0x00, 0x00, 0x00, 0x00, 0x00, 0x00, 0x00, 0x00,
    0x10, 0x45, 0x00, 0x00, 0x00, 0x00, 0x00, 0x00, 0x00, 0x00, 0x00, 0x00, 0x00, 0x00, 0x00, 0x00,
    0x00, 0x00, 0x62, 0xFB, 0xDF, 0x00, 0x00, 0x00, 0x00, 0x00, 0x00, 0x00, 0x00, 0x00, 0x00, 0x00,
    0x00, 0x00, 0x00, 0x40, 0xD8, 0xFF, 0xFF, 0xFF, 0x05, 0x00, 0x00, 0x00, 0x00, 0x00, 0x00, 0x00,
    0x00, 0x00, 0x00, 0x00, 0x10, 0xA5, 0xFE, 0xFF, 0xFF, 0xFF, 0xFF, 0x0B, 0x00, 0x00, 0x00, 0x00,
    0x00, 0x00, 0x00, 0x00, 0x00, 0x00, 0x00, 0xE4, 0xFF, 0xFF, 0xFF, 0xFF, 0xCF, 0x48, 0x01, 0x00,
    0x00, 0x00, 0x00, 0x00, 0x00, 0x00, 0x00, 0x00, 0x00, 0x00, 0xFE, 0xFF, 0xFF, 0xCF, 0x48, 0x01,
    0x00, 0x00, 0x00, 0x00, 0x00, 0x00, 0x00, 0x00, 0x00, 0x00, 0x00, 0x00, 0x20, 0xFF, 0xFF, 0x5B,
    0x01, 0x00, 0x00, 0x00, 0x00, 0x00, 0x00, 0x00, 0x00, 0x00, 0x00, 0x00, 0x00, 0x00, 0x00, 0x10,
    0xFF, 0xFF, 0x05, 0x00, 0x00, 0x00, 0x00, 0x00, 0x00, 0x00, 0x00, 0x00, 0x00, 0x00, 0x00, 0x00,
    0x00, 0x00, 0x00, 0xFA, 0xFF, 0x0B, 0x00, 0x00, 0x00, 0x00, 0x00, 0x00, 0x00, 0x00, 0x00, 0x00,
    0x00, 0x00, 0x00, 0x00, 0x00, 0x00, 0xF3, 0xFF, 0x4F, 0x00, 0x00, 0x00, 0x00, 0x00, 0x00, 0x00,
    0x00, 0x00, 0x00, 0x00, 0x00, 0x00, 0x00, 0x00, 0x00, 0xA0, 0xFF, 0xCF, 0x00, 0x00, 0x00, 0x00,
    0x00, 0x00, 0x00, 0x00, 0x00, 0x00, 0x00, 0x00, 0x00, 0x00, 0x00, 0x00, 0x30, 0xFF, 0xFF, 0x05,
    0x00, 0x00, 0x00, 0x00, 0x00, 0x00, 0x00, 0x00, 0x00, 0x00, 0x00, 0x00, 0x00, 0x00, 0x00, 0x00,
    0xFA, 0xFF, 0x0D, 0x00, 0x00, 0x00, 0x00, 0x81, 0x88, 0x07, 0x00, 0x00, 0x00, 0x00, 0x00, 0x00,
    0x00, 0x00, 0x00, 0xF2, 0xFF, 0x6F, 0x00, 0x00, 0x00, 0x00, 0xF2, 0xFF, 0x0D, 0x00, 0x00, 0x00,
    0x00, 0x00, 0x00, 0x00, 0x00, 0x00, 0x90, 0xFF, 0xDF, 0x00, 0x00, 0x00, 0x00, 0xF2, 0xFF, 0x0E,
    0x00, 0x00, 0x00, 0x00, 0x00, 0x00, 0x00, 0x00, 0x00, 0x30, 0xFF, 0xFF, 0x02, 0x00, 0x00, 0x00,
    0xF1, 0xFF, 0x4F, 0x00, 0x00, 0x00, 0x00, 0x00, 0x00, 0x00, 0x00, 0x00, 0x10, 0xFF, 0xFF, 0x03,
    0x00, 0x00, 0x00, 0xE0, 0xFF, 0xFF, 0x9B, 0x88, 0x88, 0x88, 0x88, 0x88, 0x88, 0x88, 0x88, 0xD9,
    0xFF, 0xFF, 0x02, 0x00, 0x00, 0x00, 0xB0, 0xFF, 0xFF, 0xFF, 0xFF, 0xFF, 0xFF, 0xFF, 0xFF, 0xFF,
    0xFF, 0xFF, 0xFF, 0xFF, 0xDF, 0x00, 0x00, 0x00, 0x00, 0x50, 0xFF, 0xFF, 0xFF, 0xFF, 0xFF, 0xFF,
    0xFF, 0xFF, 0xFF, 0xFF, 0xFF, 0xFF, 0xFF, 0x6F, 0x00, 0x00, 0x00, 0x00, 0x00, 0xF9, 0xFF, 0xFF,
    0xFF, 0xFF, 0xFF, 0xFF, 0xFF, 0xFF, 0xFF, 0xFF, 0xFF, 0xFF, 0x07, 0x00, 0x00, 0x00, 0x00, 0x00,
    0x50, 0xEB, 0xFF, 0xFF, 0xFF, 0xFF, 0xFF, 0xFF, 0xFF, 0xFF, 0xFF, 0xDE, 0x29, 0x00, 0x00, 0x00,
    0x00, 0x00,
    // Unicode: [0xFB8F, uFEDA]
    0x00, 0x00, 0x00, 0x00, 0x00, 0x00, 0x00, 0x00, 0x00, 0x00, 0x00, 0x00, 0x00, 0x00, 0x00, 0x00,
    0x30, 0x05, 0x00, 0x00, 0x00, 0x00, 0x00, 0x00, 0x00, 0x00, 0x00, 0x00, 0x00, 0x00, 0x00, 0x00,
    0x00, 0x00, 0x94, 0xFD, 0x2F, 0x00, 0x00, 0x00, 0x00, 0x00, 0x00, 0x00, 0x00, 0x00, 0x00, 0x00,
    0x00, 0x00, 0x00, 0x51, 0xE9, 0xFF, 0xFF, 0x9F, 0x00, 0x00, 0x00, 0x00, 0x00, 0x00, 0x00, 0x00,
    0x00, 0x00, 0x00, 0x00, 0x10, 0xA6, 0xFE, 0xFF, 0xFF, 0xFF, 0xEF, 0x01, 0x00, 0x00, 0x00, 0x00,
    0x00, 0x00, 0x00, 0x00, 0x00, 0x00, 0x00, 0xE4, 0xFF, 0xFF, 0xFF, 0xFF, 0xBF, 0x27, 0x00, 0x00,
    0x00, 0x00, 0x00, 0x00, 0x00, 0x00, 0x00, 0x00, 0x00, 0x00, 0xFD, 0xFF, 0xFF, 0xDF, 0x59, 0x01,
    0x00, 0x00, 0x00, 0x00, 0x00, 0x00, 0x00, 0x00, 0x00, 0x00, 0x00, 0x00, 0x10, 0xFF, 0xFF, 0x7D,
    0x02, 0x00, 0x00, 0x00, 0x00, 0x00, 0x00, 0x00, 0x00, 0x00, 0x00, 0x00, 0x00, 0x00, 0x00, 0x00,
    0xFF, 0xFF, 0x04, 0x00, 0x00, 0x00, 0x00, 0x00, 0x00, 0x00, 0x00, 0x00, 0x00, 0x00, 0x00, 0x00,
    0x00, 0x00, 0x00, 0xFA, 0xFF, 0x0A, 0x00, 0x00, 0x00, 0x00, 0x00, 0x00, 0x00, 0x00, 0x00, 0x00,
    0x00, 0x00, 0x00, 0x00, 0x00, 0x00, 0xF3, 0xFF, 0x3F, 0x00, 0x00, 0x00, 0x00, 0x00, 0x00, 0x00,
    0x00, 0x00, 0x00, 0x00, 0x00, 0x00, 0x00, 0x00, 0x00, 0xA0, 0xFF, 0xBF, 0x00, 0x00, 0x00, 0x00,
    0x00, 0x00, 0x00, 0x00, 0x00, 0x00, 0x00, 0x00, 0x00, 0x00, 0x00, 0x00, 0x30, 0xFF, 0xFF, 0x04,
    0x00, 0x00, 0x00, 0x00, 0x00, 0x00, 0x00, 0x00, 0x00, 0x00, 0x00, 0x00, 0x00, 0x00, 0x00, 0x00,
    0xFA, 0xFF, 0x0C, 0x00, 0x00, 0x00, 0x00, 0x81, 0x88, 0x07, 0x00, 0x00, 0x00, 0x00, 0x00, 0x00,
    0x00, 0x00, 0x00, 0xF2, 0xFF, 0x6F, 0x00, 0x00, 0x00, 0x00, 0xF2, 0xFF, 0x0D, 0x00, 0x00, 0x00,
    0x00, 0x00, 0x00, 0x00, 0x00, 0x00, 0x90, 0xFF, 0xEF, 0x02, 0x00, 0x00, 0x00, 0xF2, 0xFF, 0x0E,
    0x00, 0x00, 0x00, 0x00, 0x00, 0x00, 0x00, 0x00, 0x00, 0x30, 0xFF, 0xFF, 0x1C, 0x00, 0x00, 0x00,
    0xF1, 0xFF, 0x4F, 0x00, 0x00, 0x00, 0x00, 0x00, 0x00, 0x00, 0x00, 0x00, 0x30, 0xFF, 0xFF, 0xDF,
    0x05, 0x00, 0x00, 0xE0, 0xFF, 0xFF, 0x9B, 0x88, 0x88, 0x88, 0x88, 0x88, 0x88, 0x88, 0x88, 0xEA,
    0xFF, 0xFF, 0xFF, 0xEF, 0x9B, 0x05, 0xB0, 0xFF, 0xFF, 0xFF, 0xFF, 0xFF, 0xFF, 0xFF, 0xFF, 0xFF,
    0xFF, 0xFF, 0xFF, 0xFF, 0xFF, 0xFF, 0xFF, 0xFF, 0x08, 0x50, 0xFF, 0xFF, 0xFF, 0xFF, 0xFF, 0xFF,
    0xFF, 0xFF, 0xFF, 0xFF, 0xFF, 0xFF, 0xFF, 0x6F, 0xFC, 0xFF, 0xFF, 0x08, 0x00, 0xF9, 0xFF, 0xFF,
    0xFF, 0xFF, 0xFF, 0xFF, 0xFF, 0xFF, 0xFF, 0xFF, 0xFF, 0xFF, 0x07, 0xB1, 0xFF, 0xFF, 0x08, 0x00,
    0x50, 0xEB, 0xFF, 0xFF, 0xFF, 0xFF, 0xFF, 0xFF, 0xFF, 0xFF, 0xFF, 0xDE, 0x39, 0x00, 0x00, 0xA4,
    0xFD, 0x08,
    // Unicode: [0xFB90, uFEDB]
    0x00, 0x00, 0x00, 0x00, 0x00, 0x00, 0x20, 0xA6, 0x01, 0x00, 0x00, 0x00, 0x00, 0x00, 0x83, 0xFC,
    0xFF, 0x07, 0x00, 0x00, 0x00, 0x51, 0xE9, 0xFF, 0xFF, 0xFF, 0x0D, 0x00, 0x10, 0xB6, 0xFF, 0xFF,
    0xFF, 0xFF, 0xFF, 0x3D, 0x00, 0xD1, 0xFF, 0xFF, 0xFF, 0xFF, 0xAE, 0x26, 0x00, 0x00, 0xF8, 0xFF,
    0xFF, 0xBE, 0x37, 0x00, 0x00, 0x00, 0x00, 0xFA, 0xFF, 0x4E, 0x00, 0x00, 0x00, 0x00, 0x00, 0x00,
    0xF7, 0xFF, 0x0D, 0x00, 0x00, 0x00, 0x00, 0x00, 0x00, 0xF2, 0xFF, 0x5F, 0x00, 0x00, 0x00, 0x00,
    0x00, 0x00, 0xA0, 0xFF, 0xDF, 0x00, 0x00, 0x00, 0x00, 0x00, 0x00, 0x20, 0xFF, 0xFF, 0x05, 0x00,
    0x00, 0x00, 0x00, 0x00, 0x00, 0xFA, 0xFF, 0x0D, 0x00, 0x00, 0x00, 0x00, 0x00, 0x00, 0xF3, 0xFF,
    0x6F, 0x00, 0x00, 0x00, 0x00, 0x00, 0x00, 0xA0, 0xFF, 0xDF, 0x00, 0x00, 0x00, 0x00, 0x00, 0x00,
    0x30, 0xFF, 0xFF, 0x05, 0x00, 0x00, 0x00, 0x00, 0x00, 0x00, 0xFB, 0xFF, 0x09, 0x00, 0x00, 0x00,
    0x00, 0x00, 0x00, 0xFA, 0xFF, 0x0A, 0x00, 0x00, 0x00, 0x84, 0x88, 0xB9, 0xFF, 0xFF, 0x09, 0x00,
    0x00, 0x00, 0xF8, 0xFF, 0xFF, 0xFF, 0xFF, 0x05, 0x00, 0x00, 0x00, 0xF8, 0xFF, 0xFF, 0xFF, 0xCF,
    0x00, 0x00, 0x00, 0x00, 0xF8, 0xFF, 0xFF, 0xFF, 0x1C, 0x00, 0x00, 0x00, 0x00, 0xF8, 0xFF, 0xEF,
    0x6B, 0x00, 0x00, 0x00, 0x00, 0x00,
    // Unicode: [0xFB91, uFEDC]
    0x00, 0x00, 0x00, 0x00, 0x00, 0x00, 0x51, 0x29, 0x00, 0x00, 0x00, 0x00, 0x00, 0x10, 0xA5, 0xFE,
    0x9F, 0x00, 0x00, 0x00, 0x00, 0x61, 0xFB, 0xFF, 0xFF, 0xFF, 0x02, 0x00, 0x10, 0xC6, 0xFF, 0xFF,
    0xFF, 0xFF, 0xEF, 0x05, 0x00, 0xD2, 0xFF, 0xFF, 0xFF, 0xFF, 0x8D, 0x04, 0x00, 0x00, 0xFA, 0xFF,
    0xFF, 0xAE, 0x26, 0x00, 0x00, 0x00, 0x00, 0xFC, 0xFF, 0x4D, 0x00, 0x00, 0x00, 0x00, 0x00, 0x00,
    0xF9, 0xFF, 0x0B, 0x00, 0x00, 0x00, 0x00, 0x00, 0x00, 0xF3, 0xFF, 0x3F, 0x00, 0x00, 0x00, 0x00,
    0x00, 0x00, 0xB0, 0xFF, 0xAF, 0x00, 0x00, 0x00, 0x00, 0x00, 0x00, 0x40, 0xFF, 0xFF, 0x03, 0x00,
    0x00, 0x00, 0x00, 0x00, 0x00, 0xFC, 0xFF, 0x0B, 0x00, 0x00, 0x00, 0x00, 0x00, 0x00, 0xF4, 0xFF,
    0x3F, 0x00, 0x00, 0x00, 0x00, 0x00, 0x00, 0xC0, 0xFF, 0xBF, 0x00, 0x00, 0x00, 0x00, 0x00, 0x00,
    0x40, 0xFF, 0xFF, 0x06, 0x00, 0x00, 0x00, 0x00, 0x00, 0x00, 0xFD, 0xFF, 0x5F, 0x00, 0x00, 0x00,
    0x00, 0x00, 0x00, 0xFD, 0xFF, 0xFF, 0x19, 0x00, 0x00, 0x84, 0x88, 0xC9, 0xFF, 0xFF, 0xFF, 0xFF,
    0x9C, 0x08, 0xF8, 0xFF, 0xFF, 0xFF, 0xFF, 0xFF, 0xFF, 0xFF, 0x0E, 0xF8, 0xFF, 0xFF, 0xFF, 0xAF,
    0xF9, 0xFF, 0xFF, 0x0E, 0xF8, 0xFF, 0xFF, 0xFF, 0x1B, 0x90, 0xFF, 0xFF, 0x0E, 0xF8, 0xFF, 0xDF,
    0x5B, 0x00, 0x00, 0x94, 0xED, 0x0E,
    // Unicode: [0xFBFC, u064A]
    0x00, 0x00, 0x00, 0x00, 0x00, 0x00, 0x00, 0x00, 0xA5, 0xDD, 0x6B, 0x01, 0x00, 0x00, 0x00, 0x00,
    0x00, 0x00, 0x00, 0xC3, 0xFF, 0xFF, 0xFF, 0x5E, 0x00, 0x00, 0x00, 0x00, 0x00, 0x00, 0x50, 0xFE,
    0xFF, 0xFF, 0xFF, 0x6F, 0x00, 0x00, 0x00, 0x00, 0x00, 0x00, 0xF5, 0xFF, 0xFF, 0xFF, 0xFF, 0x0C,
    0x00, 0x00, 0x00, 0x00, 0x00, 0x20, 0xFE, 0xFF, 0x6D, 0x12, 0xC6, 0x04, 0x00, 0x00, 0x00, 0x00,
    0x00, 0xA0, 0xFF, 0xCF, 0x01, 0x00, 0x00, 0x00, 0x30, 0x5A, 0x01, 0x00, 0x00, 0xF1, 0xFF, 0x1E,
    0x00, 0x00, 0x00, 0x00, 0x80, 0xFF, 0x5F, 0x00, 0x00, 0xF4, 0xFF, 0x2B, 0x01, 0x00, 0x00, 0x00,
    0xC0, 0xFF, 0x3F, 0x00, 0x00, 0xF5, 0xFF, 0xFF, 0xEF, 0xBC, 0x69, 0x00, 0xE0, 0xFF, 0x1F, 0x00,
    0x00, 0xF3, 0xFF, 0xFF, 0xFF, 0xFF, 0xFF, 0x1D, 0xF1, 0xFF, 0x0E, 0x00, 0x00, 0xD0, 0xFF, 0xFF,
    0xFF, 0xFF, 0xFF, 0x9F, 0xF2, 0xFF, 0x0E, 0x00, 0x00, 0x30, 0xFC, 0xFF, 0xFF, 0xFF, 0xFF, 0xDF,
    0xF1, 0xFF, 0x0F, 0x00, 0x00, 0x00, 0x20, 0x64, 0x77, 0xA7, 0xFF, 0xCF, 0xE0, 0xFF, 0x4F, 0x00,
    0x00, 0x00, 0x00, 0x00, 0x00, 0xB0, 0xFF, 0xAF, 0xC0, 0xFF, 0xBF, 0x00, 0x00, 0x00, 0x00, 0x00,
    0x20, 0xFB, 0xFF, 0x4F, 0x70, 0xFF, 0xFF, 0x19, 0x00, 0x00, 0x00, 0x41, 0xFA, 0xFF, 0xFF, 0x0A,
    0x10, 0xFE, 0xFF, 0xEF, 0x9B, 0x98, 0xCA, 0xFF, 0xFF, 0xFF, 0xCF, 0x01, 0x00, 0xF7, 0xFF, 0xFF,
    0xFF, 0xFF, 0xFF, 0xFF, 0xFF, 0xFF, 0x1B, 0x00, 0x00, 0x90, 0xFF, 0xFF, 0xFF, 0xFF, 0xFF, 0xFF,
    0xFF, 0x6E, 0x00, 0x00, 0x00, 0x00, 0xE7, 0xFF, 0xFF, 0xFF, 0xFF, 0xFF, 0x8E, 0x02, 0x00, 0x00,
    0x00, 0x00, 0x10, 0xB6, 0xED, 0xEF, 0xBD, 0x48, 0x00, 0x00, 0x00, 0x00,
    // Unicode: [0xFBFD, uFEF2]
    0x20, 0x49, 0x00, 0x00, 0x00, 0x00, 0x00, 0x00, 0x00, 0x00, 0x00, 0x00, 0x00, 0x70, 0xFF, 0x5E,
    0x00, 0x00, 0x00, 0x81, 0x88, 0x88, 0x88, 0x88, 0x88, 0x08, 0xB0, 0xFF, 0x3F, 0x00, 0x00, 0x00,
    0xF6, 0xFF, 0xFF, 0xFF, 0xFF, 0xFF, 0x0F, 0xE0, 0xFF, 0x1F, 0x00, 0x00, 0x00, 0xFA, 0xFF, 0xFF,
    0xFF, 0xFF, 0xFF, 0x0F, 0xF1, 0xFF, 0x0E, 0x00, 0x00, 0x00, 0xFE, 0xFF, 0xFF, 0xFF, 0xFF, 0xFF,
    0x0F, 0xF2, 0xFF, 0x0E, 0x00, 0x00, 0x00, 0x95, 0xFD, 0xFF, 0xFF, 0xFF, 0xFF, 0x0F, 0xF1, 0xFF,
    0x0F, 0x00, 0x00, 0x00, 0x00, 0x10, 0x95, 0xFE, 0xFF, 0xDF, 0x00, 0xF0, 0xFF, 0x3F, 0x00, 0x00,
    0x00, 0x00, 0x00, 0x00, 0x90, 0xFF, 0xBF, 0x00, 0xD0, 0xFF, 0x9F, 0x00, 0x00, 0x00, 0x00, 0x00,
    0x00, 0xD2, 0xFF, 0x7F, 0x00, 0xA0, 0xFF, 0xFF, 0x05, 0x00, 0x00, 0x00, 0x00, 0x60, 0xFE, 0xFF,
    0x1E, 0x00, 0x40, 0xFF, 0xFF, 0xAF, 0x14, 0x10, 0x32, 0x96, 0xFE, 0xFF, 0xFF, 0x05, 0x00, 0x00,
    0xFD, 0xFF, 0xFF, 0xFF, 0xFF, 0xFF, 0xFF, 0xFF, 0xFF, 0x6F, 0x00, 0x00, 0x00, 0xF3, 0xFF, 0xFF,
    0xFF, 0xFF, 0xFF, 0xFF, 0xFF, 0xDF, 0x04, 0x00, 0x00, 0x00, 0x40, 0xFE, 0xFF, 0xFF, 0xFF, 0xFF,
    0xFF, 0xEF, 0x17, 0x00, 0x00, 0x00, 0x00, 0x00, 0x81, 0xFE, 0xFF, 0xFF, 0xFF, 0xAE, 0x05, 0x00,
    0x00, 0x00, 0x00, 0x00, 0x00, 0x00, 0x30, 0x65, 0x66, 0x24, 0x00, 0x00, 0x00, 0x00, 0x00, 0x00,
    // Unicode: [0xFBFE, uFEF3]
    0x00, 0x00, 0x10, 0x03, 0x00, 0x00, 0x00, 0xD4, 0x1E, 0x00, 0x00, 0x91, 0xFF, 0x8F, 0x00, 0x00,
    0xD0, 0xFF, 0xEF, 0x01, 0x00, 0x50, 0xFF, 0xFF, 0x08, 0x00, 0x00, 0xFB, 0xFF, 0x0D, 0x00, 0x00,
    0xF3, 0xFF, 0x3F, 0x00, 0x00, 0xF1, 0xFF, 0x4F, 0x84, 0x98, 0xFC, 0xFF, 0x4F, 0xF7, 0xFF, 0xFF,
    0xFF, 0x1F, 0xF7, 0xFF, 0xFF, 0xFF, 0x0B, 0xF7, 0xFF, 0xFF, 0xEF, 0x03, 0xF7, 0xFF, 0xEF, 0x2A,
    0x00, 0x00, 0x00, 0x00, 0x00, 0x00, 0x00, 0x00, 0x00, 0x00, 0x00, 0x00, 0x00, 0x00, 0x00, 0x00,
    0xA0, 0xBB, 0x08, 0xBB, 0x7B, 0xD0, 0xFF, 0x0B, 0xFF, 0x9F, 0xD0, 0xFF, 0x0B, 0xFF, 0x9F, 0xD0,
    0xFF, 0x0B, 0xFF, 0x9F,
    // Unicode: [0xFBFF, uFEF4]
    0x00, 0x40, 0xFF, 0xCF, 0x00, 0x00, 0x00, 0x00, 0x40, 0xFF, 0xCF, 0x00, 0x00, 0x00, 0x00, 0x40,
    0xFF, 0xCF, 0x00, 0x00, 0x00, 0x00, 0x40, 0xFF, 0xCF, 0x00, 0x00, 0x00, 0x00, 0x40, 0xFF, 0xEF,
    0x00, 0x00, 0x00, 0x00, 0x60, 0xFF, 0xFF, 0x05, 0x00, 0x00, 0x00, 0xC0, 0xFF, 0xFF, 0x2D, 0x00,
    0x00, 0x94, 0xFD, 0xFF, 0xFF, 0xEF, 0x9A, 0x01, 0xF8, 0xFF, 0xFF, 0xFF, 0xFF, 0xFF, 0x02, 0xF8,
    0xFF, 0xFF, 0xDC, 0xFF, 0xFF, 0x02, 0xF8, 0xFF, 0xEF, 0x43, 0xFE, 0xFF, 0x02, 0xF8, 0xEF, 0x2A,
    0x00, 0xA2, 0xFE, 0x02, 0x00, 0x00, 0x00, 0x00, 0x00, 0x00, 0x00, 0x00, 0x00, 0x00, 0x00, 0x00,
    0x00, 0x00, 0x00, 0x00, 0x00, 0x00, 0x00, 0x00, 0x00, 0x10, 0xFF, 0x8F, 0xF3, 0xFF, 0x06, 0x00,
    0x10, 0xFF, 0x8F, 0xF3, 0xFF, 0x06, 0x00, 0x10, 0xFF, 0x8F, 0xF3, 0xFF, 0x06, 0x00, 0x10, 0xAA,
    0x5A, 0xA2, 0xAA, 0x04, 0x00,
    // Unicode: [0xFE8D, u0627]
    0xF2, 0xFF, 0x0D, 0xF2, 0xFF, 0x0D, 0xF2, 0xFF, 0x0D, 0xF2, 0xFF, 0x0D, 0xF2, 0xFF, 0x0D, 0xF2,
    0xFF, 0x0D, 0xF2, 0xFF, 0x0D, 0xF2, 0xFF, 0x0D, 0xF2, 0xFF, 0x0D, 0xF2, 0xFF, 0x0D, 0xF2, 0xFF,
    0x0D, 0xF2, 0xFF, 0x0D, 0xF2, 0xFF, 0x0D, 0xF2, 0xFF, 0x0D, 0xF2, 0xFF, 0x0D, 0xF2, 0xFF, 0x0D,
    0xF2, 0xFF, 0x0D, 0xF2, 0xFF, 0x0D, 0xF2, 0xFF, 0x0D, 0xF2, 0xFF, 0x0D, 0xF2, 0xFF, 0x0D,
    // Unicode: [0xFE8E, uFE8E]
    0xF2, 0xFF, 0x0D, 0x00, 0x00, 0xF2, 0xFF, 0x0D, 0x00, 0x00, 0xF2, 0xFF, 0x0D, 0x00, 0x00, 0xF2,
    0xFF, 0x0D, 0x00, 0x00, 0xF2, 0xFF, 0x0D, 0x00, 0x00, 0xF2, 0xFF, 0x0D, 0x00, 0x00, 0xF2, 0xFF,
    0x0D, 0x00, 0x00, 0xF2, 0xFF, 0x0D, 0x00, 0x00, 0xF2, 0xFF, 0x0D, 0x00, 0x00, 0xF2, 0xFF, 0x0D,
    0x00, 0x00, 0xF2, 0xFF, 0x0D, 0x00, 0x00, 0xF2, 0xFF, 0x0D, 0x00, 0x00, 0xF2, 0xFF, 0x0D, 0x00,
    0x00, 0xF2, 0xFF, 0x0E, 0x00, 0x00, 0xF2, 0xFF, 0x1F, 0x00, 0x00, 0xF0, 0xFF, 0x9F, 0x00, 0x00,
    0xD0, 0xFF, 0xFF, 0x9C, 0x58, 0x80, 0xFF, 0xFF, 0xFF, 0x8F, 0x20, 0xFF, 0xFF, 0xFF, 0x8F, 0x00,
    0xF6, 0xFF, 0xFF, 0x8F, 0x00, 0x40, 0xEB, 0xFF, 0x8F,
    // Unicode: [0xFE8F, u0628]
    0x00, 0x00, 0x00, 0x00, 0x00, 0x00, 0x00, 0x00, 0x00, 0x00, 0x00, 0x00, 0x00, 0x00, 0x10, 0x00,
    0x00, 0x00, 0x00, 0x00, 0x00, 0x00, 0x00, 0x00, 0x00, 0x00, 0x00, 0x00, 0x00, 0x00, 0x20, 0x9C,
    0x00, 0x00, 0x00, 0x00, 0x00, 0x00, 0x00, 0x00, 0x00, 0x00, 0x00, 0x00, 0x00, 0x00, 0x00, 0xF7,
    0xFF, 0x03, 0x00, 0x00, 0x00, 0x00, 0x00, 0x00, 0x00, 0x00, 0x00, 0x00, 0x00, 0x00, 0x00, 0x20,
    0xFF, 0xFF, 0x0B, 0x00, 0x81, 0x88, 0x07, 0x00, 0x00, 0x00, 0x00, 0x00, 0x00, 0x00, 0x00, 0x00,
    0x00, 0xF9, 0xFF, 0x4F, 0x00, 0xF2, 0xFF, 0x0D, 0x00, 0x00, 0x00, 0x00, 0x00, 0x00, 0x00, 0x00,
    0x00, 0x00, 0xE1, 0xFF, 0xAF, 0x00, 0xF2, 0xFF, 0x0E, 0x00, 0x00, 0x00, 0x00, 0x00, 0x00, 0x00,
    0x00, 0x00, 0x00, 0x70, 0xFF, 0xEF, 0x00, 0xF2, 0xFF, 0x3F, 0x00, 0x00, 0x00, 0x00, 0x00, 0x00,
    0x00, 0x00, 0x00, 0x00, 0x30, 0xFF, 0xFF, 0x02, 0xF0, 0xFF, 0xEF, 0x9A, 0x88, 0x88, 0x88, 0x88,
    0x88, 0x88, 0x88, 0x88, 0x88, 0xC9, 0xFF, 0xFF, 0x01, 0xC0, 0xFF, 0xFF, 0xFF, 0xFF, 0xFF, 0xFF,
    0xFF, 0xFF, 0xFF, 0xFF, 0xFF, 0xFF, 0xFF, 0xFF, 0xDF, 0x00, 0x50, 0xFF, 0xFF, 0xFF, 0xFF, 0xFF,
    0xFF, 0xFF, 0xFF, 0xFF, 0xFF, 0xFF, 0xFF, 0xFF, 0xFF, 0x8F, 0x00, 0x00, 0xF9, 0xFF, 0xFF, 0xFF,
    0xFF, 0xFF, 0xFF, 0xFF, 0xFF, 0xFF, 0xFF, 0xFF, 0xFF, 0xFF, 0x1C, 0x00, 0x00, 0x50, 0xEA, 0xFF,
    0xFF, 0xFF, 0xFF, 0xFF, 0xFF, 0xFF, 0xFF, 0xFF, 0xFF, 0xFF, 0x8D, 0x01, 0x00, 0x00, 0x00, 0x00,
    0x00, 0x00, 0x00, 0x00, 0x00, 0x00, 0x00, 0x00, 0x00, 0x00, 0x00, 0x00, 0x00, 0x00, 0x00, 0x00,
    0x00, 0x00, 0x00, 0x00, 0x00, 0x00, 0x00, 0x00, 0x00, 0x00, 0x00, 0x00, 0x00, 0x00, 0x00, 0x00,
    0x00, 0x00, 0x00, 0x00, 0x00, 0x00, 0x00, 0x00, 0x00, 0x00, 0x00, 0x00, 0x00, 0x00, 0x00, 0x00,
    0x00, 0x00, 0x00, 0x00, 0x00, 0x00, 0xA0, 0xFF, 0x6F, 0x00, 0x00, 0x00, 0x00, 0x00, 0x00, 0x00,
    0x00, 0x00, 0x00, 0x00, 0x00, 0x00, 0x00, 0xA0, 0xFF, 0x6F, 0x00, 0x00, 0x00, 0x00, 0x00, 0x00,
    0x00, 0x00, 0x00, 0x00, 0x00, 0x00, 0x00, 0x00, 0xA0, 0xFF, 0x6F, 0x00, 0x00, 0x00, 0x00, 0x00,
    0x00, 0x00, 0x00, 0x00, 0x00, 0x00, 0x00, 0x00, 0x00, 0xA0, 0xFF, 0x6F, 0x00, 0x00, 0x00, 0x00,
    0x00, 0x00, 0x00, 0x00, 0x00, 0x00, 0x00, 0x00, 0x00, 0x00, 0x00, 0x11, 0x01, 0x00, 0x00, 0x00,
    0x00, 0x00, 0x00, 0x00, 0x00,
    // Unicode: [0xFE90, uFE90]
    0x00, 0x00, 0x00, 0x00, 0x00, 0x00, 0x00, 0x00, 0x00, 0x00, 0x00, 0x00, 0x00, 0x20, 0x7B, 0x00,
    0x00, 0x00, 0x00, 0x00, 0x00, 0x00, 0x00, 0x00, 0x00, 0x00, 0x00, 0x00, 0x00, 0x00, 0x00, 0x00,
    0xE6, 0xEF, 0x01, 0x00, 0x00, 0x00, 0x00, 0x00, 0x00, 0x00, 0x00, 0x00, 0x00, 0x00, 0x00, 0x00,
    0x00, 0x00, 0x20, 0xFF, 0xFF, 0x09, 0x00, 0x00, 0x00, 0x81, 0x88, 0x07, 0x00, 0x00, 0x00, 0x00,
    0x00, 0x00, 0x00, 0x00, 0x00, 0x00, 0xF9, 0xFF, 0x3F, 0x00, 0x00, 0x00, 0xF2, 0xFF, 0x0D, 0x00,
    0x00, 0x00, 0x00, 0x00, 0x00, 0x00, 0x00, 0x00, 0x00, 0xE1, 0xFF, 0xCF, 0x00, 0x00, 0x00, 0xF2,
    0xFF, 0x0E, 0x00, 0x00, 0x00, 0x00, 0x00, 0x00, 0x00, 0x00, 0x00, 0x00, 0x70, 0xFF, 0xFF, 0x0A,
    0x00, 0x00, 0xF2, 0xFF, 0x3F, 0x00, 0x00, 0x00, 0x00, 0x00, 0x00, 0x00, 0x00, 0x00, 0x00, 0x30,
    0xFF, 0xFF, 0xCF, 0x02, 0x00, 0xF0, 0xFF, 0xEF, 0x9A, 0x88, 0x88, 0x88, 0x88, 0x88, 0x88, 0x88,
    0x88, 0x88, 0xC9, 0xFF, 0xFF, 0xFF, 0xCF, 0x69, 0xC0, 0xFF, 0xFF, 0xFF, 0xFF, 0xFF, 0xFF, 0xFF,
    0xFF, 0xFF, 0xFF, 0xFF, 0xFF, 0xFF, 0xFF, 0xFF, 0xFF, 0xFF, 0xAF, 0x50, 0xFF, 0xFF, 0xFF, 0xFF,
    0xFF, 0xFF, 0xFF, 0xFF, 0xFF, 0xFF, 0xFF, 0xFF, 0xFF, 0xFF, 0x4E, 0xFF, 0xFF, 0xAF, 0x00, 0xF9,
    0xFF, 0xFF, 0xFF, 0xFF, 0xFF, 0xFF, 0xFF, 0xFF, 0xFF, 0xFF, 0xFF, 0xFF, 0xFF, 0x07, 0xE4, 0xFF,
    0xAF, 0x00, 0x50, 0xEA, 0xFF, 0xFF, 0xFF, 0xFF, 0xFF, 0xFF, 0xFF, 0xFF, 0xFF, 0xFF, 0xEF, 0x6C,
    0x00, 0x10, 0xC8, 0xAE, 0x00, 0x00, 0x00, 0x00, 0x00, 0x00, 0x00, 0x00, 0x00, 0x00, 0x00, 0x00,
    0x00, 0x00, 0x00, 0x00, 0x00, 0x00, 0x00, 0x00, 0x00, 0x00, 0x00, 0x00, 0x00, 0x00, 0x00, 0x00,
    0x00, 0x00, 0x00, 0x00, 0x00, 0x00, 0x00, 0x00, 0x00, 0x00, 0x00, 0x00, 0x00, 0x00, 0x00, 0x00,
    0x00, 0x00, 0x00, 0x00, 0x00, 0x00, 0x00, 0x00, 0x00, 0x00, 0x00, 0x00, 0x00, 0x00, 0x00, 0x00,
    0x00, 0x00, 0x00, 0xA0, 0xFF, 0x6F, 0x00, 0x00, 0x00, 0x00, 0x00, 0x00, 0x00, 0x00, 0x00, 0x00,
    0x00, 0x00, 0x00, 0x00, 0x00, 0x00, 0xA0, 0xFF, 0x6F, 0x00, 0x00, 0x00, 0x00, 0x00, 0x00, 0x00,
    0x00, 0x00, 0x00, 0x00, 0x00, 0x00, 0x00, 0x00, 0x00, 0xA0, 0xFF, 0x6F, 0x00, 0x00, 0x00, 0x00,
    0x00, 0x00, 0x00, 0x00, 0x00, 0x00, 0x00, 0x00, 0x00, 0x00, 0x00, 0x00, 0xA0, 0xFF, 0x6F, 0x00,
    0x00, 0x00, 0x00, 0x00, 0x00, 0x00, 0x00, 0x00, 0x00, 0x00, 0x00, 0x00, 0x00, 0x00, 0x00, 0x00,
    0x11, 0x01, 0x00, 0x00, 0x00, 0x00, 0x00, 0x00, 0x00, 0x00, 0x00, 0x00,
    // Unicode: [0xFE91, uFE91]
    0x00, 0x00, 0x10, 0x03, 0x00, 0x00, 0x00, 0xD4, 0x1E, 0x00, 0x00, 0x91, 0xFF, 0x8F, 0x00, 0x00,
    0xD0, 0xFF, 0xEF, 0x01, 0x00, 0x50, 0xFF, 0xFF, 0x08, 0x00, 0x00, 0xFB, 0xFF, 0x0D, 0x00, 0x00,
    0xF3, 0xFF, 0x3F, 0x00, 0x00, 0xF1, 0xFF, 0x4F, 0x84, 0x98, 0xFC, 0xFF, 0x4F, 0xF7, 0xFF, 0xFF,
    0xFF, 0x1F, 0xF7, 0xFF, 0xFF, 0xFF, 0x0B, 0xF7, 0xFF, 0xFF, 0xEF, 0x03, 0xF7, 0xFF, 0xEF, 0x2A,
    0x00, 0x00, 0x00, 0x00, 0x00, 0x00, 0x00, 0x00, 0x00, 0x00, 0x00, 0x00, 0x00, 0x00, 0x00, 0x00,
    0x00, 0xD0, 0xFF, 0x2F, 0x00, 0x00, 0xD0, 0xFF, 0x2F, 0x00, 0x00, 0xD0, 0xFF, 0x2F, 0x00, 0x00,
    0xD0, 0xFF, 0x2F, 0x00,
    // Unicode: [0xFE92, uFE92]
    0x00, 0x40, 0xFF, 0xCF, 0x00, 0x00, 0x00, 0x00, 0x40, 0xFF, 0xCF, 0x00, 0x00, 0x00, 0x00, 0x40,
    0xFF, 0xCF, 0x00, 0x00, 0x00, 0x00, 0x40, 0xFF, 0xCF, 0x00, 0x00, 0x00, 0x00, 0x40, 0xFF, 0xEF,
    0x00, 0x00, 0x00, 0x00, 0x60, 0xFF, 0xFF, 0x05, 0x00, 0x00, 0x00, 0xC0, 0xFF, 0xFF, 0x2D, 0x00,
    0x00, 0x94, 0xFD, 0xFF, 0xFF, 0xEF, 0x9A, 0x01, 0xF8, 0xFF, 0xFF, 0xFF, 0xFF, 0xFF, 0x02, 0xF8,
    0xFF, 0xFF, 0xDC, 0xFF, 0xFF, 0x02, 0xF8, 0xFF, 0xEF, 0x43, 0xFE, 0xFF, 0x02, 0xF8, 0xEF, 0x2A,
    0x00, 0xA2, 0xFE, 0x02, 0x00, 0x00, 0x00, 0x00, 0x00, 0x00, 0x00, 0x00, 0x00, 0x00, 0x00, 0x00,
    0x00, 0x00, 0x00, 0x00, 0x00, 0x00, 0x00, 0x00, 0x00, 0x00, 0x20, 0xFF, 0xDF, 0x00, 0x00, 0x00,
    0x00, 0x20, 0xFF, 0xDF, 0x00, 0x00, 0x00, 0x00, 0x20, 0xFF, 0xDF, 0x00, 0x00, 0x00, 0x00, 0x20,
    0xFF, 0xDF, 0x00, 0x00, 0x00,
    // Unicode: [0xFE95, u062A]
    0x00, 0x00, 0x00, 0x00, 0x00, 0xB0, 0xFF, 0x0E, 0xFC, 0xCF, 0x00, 0x00, 0x00, 0x00, 0x00, 0x00,
    0x00, 0x00, 0x00, 0x00, 0x00, 0x00, 0xB0, 0xFF, 0x0E, 0xFC, 0xCF, 0x00, 0x00, 0x00, 0x00, 0x00,
    0x00, 0x00, 0x00, 0x00, 0x00, 0x00, 0x00, 0xB0, 0xFF, 0x0E, 0xFC, 0xCF, 0x00, 0x00, 0x00, 0x00,
    0x11, 0x00, 0x00, 0x00, 0x00, 0x00, 0x00, 0x00, 0x70, 0x99, 0x09, 0x98, 0x79, 0x00, 0x00, 0x00,
    0x30, 0xAD, 0x00, 0x00, 0x00, 0x00, 0x00, 0x00, 0x00, 0x00, 0x00, 0x00, 0x00, 0x00, 0x00, 0x00,
    0x00, 0xF8, 0xFF, 0x04, 0x00, 0x00, 0x00, 0x00, 0x00, 0x00, 0x00, 0x00, 0x00, 0x00, 0x00, 0x00,
    0x00, 0x20, 0xFE, 0xFF, 0x0C, 0x00, 0xA1, 0xAA, 0x09, 0x00, 0x00, 0x00, 0x00, 0x00, 0x00, 0x00,
    0x00, 0x00, 0x00, 0xF8, 0xFF, 0x4F, 0x00, 0xF2, 0xFF, 0x0D, 0x00, 0x00, 0x00, 0x00, 0x00, 0x00,
    0x00, 0x00, 0x00, 0x00, 0xE1, 0xFF, 0xAF, 0x00, 0xF2, 0xFF, 0x0E, 0x00, 0x00, 0x00, 0x00, 0x00,
    0x00, 0x00, 0x00, 0x00, 0x00, 0x70, 0xFF, 0xEF, 0x00, 0xF2, 0xFF, 0x4F, 0x00, 0x00, 0x00, 0x00,
    0x00, 0x00, 0x00, 0x00, 0x00, 0x00, 0x30, 0xFF, 0xFF, 0x02, 0xF0, 0xFF, 0xFF, 0x9A, 0x88, 0x88,
    0x88, 0x88, 0x88, 0x88, 0x88, 0x88, 0x88, 0xC9, 0xFF, 0xFF, 0x01, 0xC0, 0xFF, 0xFF, 0xFF, 0xFF,
    0xFF, 0xFF, 0xFF, 0xFF, 0xFF, 0xFF, 0xFF, 0xFF, 0xFF, 0xFF, 0xDF, 0x00, 0x50, 0xFF, 0xFF, 0xFF,
    0xFF, 0xFF, 0xFF, 0xFF, 0xFF, 0xFF, 0xFF, 0xFF, 0xFF, 0xFF, 0xFF, 0x8F, 0x00, 0x00, 0xF9, 0xFF,
    0xFF, 0xFF, 0xFF, 0xFF, 0xFF, 0xFF, 0xFF, 0xFF, 0xFF, 0xFF, 0xFF, 0xFF, 0x1C, 0x00, 0x00, 0x40,
    0xEA, 0xFF, 0xFF, 0xFF, 0xFF, 0xFF, 0xFF, 0xFF, 0xFF, 0xFF, 0xFF, 0xFF, 0x8D, 0x01, 0x00,
    // Unicode: [0xFE96, uFE96]
    0x00, 0x00, 0x00, 0x00, 0x00, 0xB0, 0xFF, 0x0E, 0xFC, 0xCF, 0x00, 0x00, 0x00, 0x00, 0x00, 0x00,
    0x00, 0x00, 0x00, 0x00, 0x00, 0x00, 0x00, 0x00, 0xB0, 0xFF, 0x0E, 0xFC, 0xCF, 0x00, 0x00, 0x00,
    0x00, 0x00, 0x00, 0x00, 0x00, 0x00, 0x00, 0x00, 0x00, 0x00, 0x00, 0xB0, 0xFF, 0x0E, 0xFC, 0xCF,
    0x00, 0x00, 0x00, 0x00, 0x10, 0x00, 0x00, 0x00, 0x00, 0x00, 0x00, 0x00, 0x00, 0x00, 0x70, 0x99,
    0x09, 0x98, 0x79, 0x00, 0x00, 0x00, 0x30, 0x8D, 0x00, 0x00, 0x00, 0x00, 0x00, 0x00, 0x00, 0x00,
    0x00, 0x00, 0x00, 0x00, 0x00, 0x00, 0x00, 0x00, 0x00, 0xF8, 0xEF, 0x02, 0x00, 0x00, 0x00, 0x00,
    0x00, 0x00, 0x00, 0x00, 0x00, 0x00, 0x00, 0x00, 0x00, 0x00, 0x00, 0x20, 0xFE, 0xFF, 0x09, 0x00,
    0x00, 0x00, 0xA1, 0xAA, 0x09, 0x00, 0x00, 0x00, 0x00, 0x00, 0x00, 0x00, 0x00, 0x00, 0x00, 0xF8,
    0xFF, 0x3F, 0x00, 0x00, 0x00, 0xF2, 0xFF, 0x0D, 0x00, 0x00, 0x00, 0x00, 0x00, 0x00, 0x00, 0x00,
    0x00, 0x00, 0xE1, 0xFF, 0xCF, 0x01, 0x00, 0x00, 0xF2, 0xFF, 0x0E, 0x00, 0x00, 0x00, 0x00, 0x00,
    0x00, 0x00, 0x00, 0x00, 0x00, 0x70, 0xFF, 0xFF, 0x0B, 0x00, 0x00, 0xF2, 0xFF, 0x4F, 0x00, 0x00,
    0x00, 0x00, 0x00, 0x00, 0x00, 0x00, 0x00, 0x00, 0x30, 0xFF, 0xFF, 0xCF, 0x03, 0x00, 0xF0, 0xFF,
    0xFF, 0x9A, 0x88, 0x88, 0x88, 0x88, 0x88, 0x88, 0x88, 0x88, 0x88, 0xC9, 0xFF, 0xFF, 0xFF, 0xCF,
    0x69, 0xC0, 0xFF, 0xFF, 0xFF, 0xFF, 0xFF, 0xFF, 0xFF, 0xFF, 0xFF, 0xFF, 0xFF, 0xFF, 0xFF, 0xFF,
    0xFF, 0xFF, 0xFF, 0xAF, 0x50, 0xFF, 0xFF, 0xFF, 0xFF, 0xFF, 0xFF, 0xFF, 0xFF, 0xFF, 0xFF, 0xFF,
    0xFF, 0xFF, 0xFF, 0x4E, 0xFF, 0xFF, 0xAF, 0x00, 0xF9, 0xFF, 0xFF, 0xFF, 0xFF, 0xFF, 0xFF, 0xFF,
    0xFF, 0xFF, 0xFF, 0xFF, 0xFF, 0xFF, 0x07, 0xE4, 0xFF, 0xAF, 0x00, 0x40, 0xEA, 0xFF, 0xFF, 0xFF,
    0xFF, 0xFF, 0xFF, 0xFF, 0xFF, 0xFF, 0xFF, 0xEF, 0x6C, 0x00, 0x10, 0xC8, 0xAE,
    // Unicode: [0xFE97, uFE97]
    0x40, 0xFF, 0x5F, 0xF7, 0xFF, 0x03, 0x40, 0xFF, 0x5F, 0xF7, 0xFF, 0x03, 0x40, 0xFF, 0x5F, 0xF7,
    0xFF, 0x03, 0x20, 0x88, 0x28, 0x83, 0x88, 0x01, 0x00, 0x00, 0x00, 0x00, 0x00, 0x00, 0x00, 0x00,
    0x00, 0x03, 0x00, 0x00, 0x00, 0x00, 0xD3, 0x1E, 0x00, 0x00, 0x00, 0x80, 0xFF, 0x8F, 0x00, 0x00,
    0x00, 0xD0, 0xFF, 0xEF, 0x01, 0x00, 0x00, 0x50, 0xFF, 0xFF, 0x08, 0x00, 0x00, 0x00, 0xFC, 0xFF,
    0x0D, 0x00, 0x00, 0x00, 0xF4, 0xFF, 0x2F, 0x00, 0x00, 0x00, 0xF1, 0xFF, 0x4F, 0x00, 0x84, 0x98,
    0xFC, 0xFF, 0x4F, 0x00, 0xF7, 0xFF, 0xFF, 0xFF, 0x1F, 0x00, 0xF7, 0xFF, 0xFF, 0xFF, 0x0B, 0x00,
    0xF7, 0xFF, 0xFF, 0xEF, 0x03, 0x00, 0xF7, 0xFF, 0xEF, 0x2A, 0x00, 0x00,
    // Unicode: [0xFE98, uFE98]
    0x10, 0xFF, 0x8F, 0xF3, 0xFF, 0x06, 0x00, 0x10, 0xFF, 0x8F, 0xF3, 0xFF, 0x06, 0x00, 0x10, 0xFF,
    0x8F, 0xF3, 0xFF, 0x06, 0x00, 0x10, 0xAA, 0x5A, 0xA2, 0xAA, 0x04, 0x00, 0x00, 0x00, 0x00, 0x00,
    0x00, 0x00, 0x00, 0x00, 0x00, 0x00, 0x00, 0x00, 0x00, 0x00, 0x00, 0x30, 0xAA, 0x8A, 0x00, 0x00,
    0x00, 0x00, 0x40, 0xFF, 0xCF, 0x00, 0x00, 0x00, 0x00, 0x40, 0xFF, 0xCF, 0x00, 0x00, 0x00, 0x00,
    0x40, 0xFF, 0xCF, 0x00, 0x00, 0x00, 0x00, 0x40, 0xFF, 0xEF, 0x00, 0x00, 0x00, 0x00, 0x50, 0xFF,
    0xFF, 0x04, 0x00, 0x00, 0x00, 0xB0, 0xFF, 0xFF, 0x1D, 0x00, 0x00, 0x94, 0xFD, 0xFF, 0xFF, 0xEF,
    0x9A, 0x01, 0xF8, 0xFF, 0xFF, 0xFF, 0xFF, 0xFF, 0x02, 0xF8, 0xFF, 0xFF, 0xDC, 0xFF, 0xFF, 0x02,
    0xF8, 0xFF, 0xEF, 0x43, 0xFE, 0xFF, 0x02, 0xF8, 0xEF, 0x2A, 0x00, 0xA2, 0xFE, 0x02,
    // Unicode: [0xFE9D, u062C]
    0x00, 0x60, 0xEC, 0xFF, 0xFF, 0xFF, 0xFF, 0xFF, 0xFF, 0xFF, 0xFF, 0x05, 0x30, 0xFD, 0xFF, 0xFF,
    0xFF, 0xFF, 0xFF, 0xFF, 0xFF, 0xFF, 0xFF, 0x04, 0x60, 0xFF, 0xFF, 0xFF, 0xFF, 0xFF, 0xFF, 0xFF,
    0xFF, 0xFF, 0xFF, 0x03, 0x00, 0xFB, 0xFF, 0xFF, 0xFF, 0xFF, 0xFF, 0xFF, 0xFF, 0xFF, 0xFF, 0x01,
    0x00, 0xF2, 0x9D, 0x45, 0x44, 0xE7, 0xFF, 0xFF, 0xFF, 0xCE, 0xAB, 0x00, 0x00, 0x20, 0x00, 0x00,
    0xA2, 0xFF, 0xFF, 0xEF, 0x49, 0x00, 0x00, 0x00, 0x00, 0x00, 0x00, 0x60, 0xFE, 0xFF, 0xFF, 0x18,
    0x00, 0x00, 0x00, 0x00, 0x00, 0x00, 0x10, 0xFA, 0xFF, 0xFF, 0x3C, 0x00, 0x00, 0x00, 0x00, 0x00,
    0x00, 0x00, 0xC1, 0xFF, 0xFF, 0x7F, 0x00, 0x00, 0x00, 0x00, 0x00, 0x00, 0x00, 0x10, 0xFC, 0xFF,
    0xEF, 0x04, 0x00, 0x00, 0x00, 0x00, 0x00, 0x00, 0x00, 0xB0, 0xFF, 0xFF, 0x2D, 0x00, 0x00, 0x00,
    0x00, 0x00, 0x00, 0x00, 0x00, 0xF7, 0xFF, 0xDF, 0x01, 0x00, 0x00, 0x00, 0x00, 0x00, 0x00, 0x00,
    0x10, 0xFE, 0xFF, 0x2E, 0x00, 0x00, 0x00, 0x00, 0x00, 0x00, 0x00, 0x00, 0x80, 0xFF, 0xFF, 0x04,
    0x00, 0xF5, 0xFF, 0x0B, 0x00, 0x00, 0x00, 0x00, 0xC0, 0xFF, 0xAF, 0x00, 0x00, 0xF5, 0xFF, 0x0B,
    0x00, 0x00, 0x00, 0x00, 0xF1, 0xFF, 0x5F, 0x00, 0x00, 0xF5, 0xFF, 0x0B, 0x00, 0x00, 0x00, 0x00,
    0xF2, 0xFF, 0x3F, 0x00, 0x00, 0xF5, 0xFF, 0x0B, 0x00, 0x00, 0x00, 0x00, 0xF2, 0xFF, 0x4F, 0x00,
    0x00, 0x00, 0x00, 0x00, 0x00, 0x00, 0x00, 0x00, 0xF1, 0xFF, 0x9F, 0x00, 0x00, 0x00, 0x00, 0x00,
    0x00, 0x00, 0x00, 0x00, 0xD0, 0xFF, 0xEF, 0x02, 0x00, 0x00, 0x00, 0x00, 0x00, 0x00, 0x00, 0x00,
    0x90, 0xFF, 0xFF, 0x2D, 0x00, 0x00, 0x00, 0x00, 0x00, 0x51, 0x00, 0x00, 0x30, 0xFF, 0xFF, 0xEF,
    0x06, 0x00, 0x00, 0x00, 0x93, 0xFE, 0x03, 0x00, 0x00, 0xFB, 0xFF, 0xFF, 0xEF, 0x9B, 0xA9, 0xEB,
    0xFF, 0xFF, 0x0B, 0x00, 0x00, 0xD1, 0xFF, 0xFF, 0xFF, 0xFF, 0xFF, 0xFF, 0xFF, 0xFF, 0x3F, 0x00,
    0x00, 0x20, 0xFC, 0xFF, 0xFF, 0xFF, 0xFF, 0xFF, 0xFF, 0xFF, 0x5E, 0x00, 0x00, 0x00, 0x70, 0xFE,
    0xFF, 0xFF, 0xFF, 0xFF, 0xFF, 0x7C, 0x01, 0x00, 0x00, 0x00, 0x00, 0x40, 0xC9, 0xEE, 0xEF, 0xAD,
    0x27, 0x00, 0x00, 0x00,
    // Unicode: [0xFE9E, uFE9E]
    0x00, 0x61, 0xEC, 0xFF, 0xFF, 0xFF, 0xFF, 0xFF, 0xFF, 0xFF, 0xFF, 0x05, 0x30, 0xFD, 0xFF, 0xFF,
    0xFF, 0xFF, 0xFF, 0xFF, 0xFF, 0xFF, 0xFF, 0x04, 0x50, 0xFF, 0xFF, 0xFF, 0xFF, 0xFF, 0xFF, 0xFF,
    0xFF, 0xFF, 0xFF, 0x03, 0x00, 0xFB, 0xFF, 0xFF, 0xFF, 0xFF, 0xFF, 0xFF, 0xFF, 0xFF, 0xFF, 0x01,
    0x00, 0xF3, 0x6B, 0x44, 0x44, 0xD6, 0xFF, 0xFF, 0xFF, 0xCE, 0xAA, 0x00, 0x00, 0x30, 0x00, 0x00,
    0x81, 0xFF, 0xFF, 0xFF, 0x5B, 0x00, 0x00, 0x00, 0x00, 0x00, 0x00, 0x40, 0xFE, 0xFF, 0xFF, 0x8F,
    0x00, 0x00, 0x00, 0x00, 0x00, 0x00, 0x00, 0xF7, 0xFF, 0xFF, 0xFF, 0xDF, 0x01, 0x00, 0x00, 0x00,
    0x00, 0x00, 0xA0, 0xFF, 0xFF, 0xEF, 0xFD, 0xFF, 0x0A, 0x00, 0x00, 0x00, 0x00, 0x00, 0xFB, 0xFF,
    0xFF, 0x1A, 0xF4, 0xFF, 0xBF, 0x02, 0x00, 0x00, 0x00, 0x90, 0xFF, 0xFF, 0x7F, 0x00, 0xA0, 0xFF,
    0xFF, 0xBF, 0x89, 0x58, 0x00, 0xF5, 0xFF, 0xFF, 0x06, 0x00, 0x20, 0xFE, 0xFF, 0xFF, 0xFF, 0x8F,
    0x10, 0xFE, 0xFF, 0x7F, 0x00, 0x00, 0x00, 0xF5, 0xFF, 0xFF, 0xFF, 0x8F, 0x60, 0xFF, 0xFF, 0x0A,
    0x00, 0x00, 0x00, 0x60, 0xFF, 0xFF, 0xFF, 0x8F, 0xB0, 0xFF, 0xEF, 0x01, 0x00, 0x00, 0x00, 0x00,
    0x92, 0xED, 0xFF, 0x8F, 0xF0, 0xFF, 0x9F, 0x00, 0xB0, 0xFF, 0x5F, 0x00, 0x00, 0x00, 0x00, 0x00,
    0xF2, 0xFF, 0x5F, 0x00, 0xB0, 0xFF, 0x5F, 0x00, 0x00, 0x00, 0x00, 0x00, 0xF2, 0xFF, 0x4F, 0x00,
    0xB0, 0xFF, 0x5F, 0x00, 0x00, 0x00, 0x00, 0x00, 0xF1, 0xFF, 0x6F, 0x00, 0xB0, 0xFF, 0x5F, 0x00,
    0x00, 0x00, 0x00, 0x00, 0xE0, 0xFF, 0xBF, 0x00, 0x00, 0x00, 0x00, 0x00, 0x00, 0x00, 0x00, 0x00,
    0xB0, 0xFF, 0xFF, 0x05, 0x00, 0x00, 0x00, 0x00, 0x00, 0x00, 0x00, 0x00, 0x60, 0xFF, 0xFF, 0x5F,
    0x00, 0x00, 0x00, 0x00, 0x10, 0xA5, 0x00, 0x00, 0x10, 0xFE, 0xFF, 0xFF, 0x6C, 0x12, 0x10, 0x62,
    0xE9, 0xFF, 0x06, 0x00, 0x00, 0xF5, 0xFF, 0xFF, 0xFF, 0xFF, 0xFF, 0xFF, 0xFF, 0xFF, 0x0D, 0x00,
    0x00, 0x70, 0xFF, 0xFF, 0xFF, 0xFF, 0xFF, 0xFF, 0xFF, 0xFF, 0x7F, 0x00, 0x00, 0x00, 0xE5, 0xFF,
    0xFF, 0xFF, 0xFF, 0xFF, 0xFF, 0xEF, 0x18, 0x00, 0x00, 0x00, 0x10, 0xD7, 0xFF, 0xFF, 0xFF, 0xFF,
    0xBF, 0x16, 0x00, 0x00, 0x00, 0x00, 0x00, 0x00, 0x52, 0x87, 0x78, 0x36, 0x00, 0x00, 0x00, 0x00,
    // Unicode: [0xFE9F, uFE9F]
    0x30, 0xFF, 0xFF, 0x7D, 0x00, 0x00, 0x00, 0x00, 0x00, 0x30, 0xFF, 0xFF, 0xFF, 0x0A, 0x00, 0x00,
    0x00, 0x00, 0x30, 0xFF, 0xFF, 0xFF, 0xAF, 0x00, 0x00, 0x00, 0x00, 0x30, 0xFF, 0xFF, 0xFF, 0xFF,
    0x0A, 0x00, 0x00, 0x00, 0x00, 0x22, 0x63, 0xFE, 0xFF, 0xAF, 0x00, 0x00, 0x00, 0x00, 0x00, 0x00,
    0xD1, 0xFF, 0xFF, 0x09, 0x00, 0x00, 0x00, 0x00, 0x00, 0x20, 0xFD, 0xFF, 0x9F, 0x00, 0x00, 0x00,
    0x00, 0x00, 0x00, 0xD2, 0xFF, 0xFF, 0x09, 0x00, 0x00, 0x00, 0x00, 0x00, 0x20, 0xFE, 0xFF, 0x9F,
    0x00, 0x84, 0x88, 0x88, 0x88, 0x88, 0xFB, 0xFF, 0xFF, 0x08, 0xF8, 0xFF, 0xFF, 0xFF, 0xFF, 0xFF,
    0xFF, 0xFF, 0x8F, 0xF8, 0xFF, 0xFF, 0xFF, 0xFF, 0xFF, 0xFF, 0xFF, 0x5F, 0xF8, 0xFF, 0xFF, 0xFF,
    0xFF, 0xFF, 0xFF, 0xFF, 0x09, 0xF8, 0xFF, 0xFF, 0xFF, 0xFF, 0xFF, 0xFF, 0xDF, 0x01, 0x00, 0x00,
    0x00, 0x00, 0x00, 0x00, 0x00, 0x00, 0x00, 0x00, 0x00, 0x00, 0x00, 0x00, 0x00, 0x00, 0x00, 0x00,
    0x00, 0x00, 0x00, 0x00, 0x00, 0x00, 0x00, 0x00, 0x00, 0x00, 0x20, 0xFF, 0xDF, 0x00, 0x00, 0x00,
    0x00, 0x00, 0x00, 0x20, 0xFF, 0xDF, 0x00, 0x00, 0x00, 0x00, 0x00, 0x00, 0x20, 0xFF, 0xDF, 0x00,
    0x00, 0x00, 0x00, 0x00, 0x00, 0x20, 0xFF, 0xDF, 0x00, 0x00, 0x00, 0x00, 0x00, 0x00, 0x00, 0x11,
    0x11, 0x00, 0x00, 0x00, 0x00, 0x00,
    // Unicode: [0xFEA0, uFEA0]
    0x00, 0x00, 0x42, 0x55, 0x55, 0x55, 0x55, 0x55, 0x55, 0x55, 0x55, 0x01, 0x00, 0xC4, 0xFF, 0xFF,
    0xFF, 0xFF, 0xFF, 0xFF, 0xFF, 0xFF, 0xFF, 0x03, 0x70, 0xFF, 0xFF, 0xFF, 0xFF, 0xFF, 0xFF, 0xFF,
    0xFF, 0xFF, 0xFF, 0x01, 0x50, 0xFF, 0xFF, 0xFF, 0xFF, 0xFF, 0xFF, 0xFF, 0xFF, 0xFF, 0xFF, 0x00,
    0x00, 0xFB, 0xFF, 0xFF, 0xFF, 0xFF, 0xFF, 0xFF, 0xFF, 0xFF, 0xDF, 0x00, 0x00, 0xD2, 0x38, 0x11,
    0x00, 0x20, 0xFC, 0xFF, 0xFF, 0x7B, 0x56, 0x00, 0x00, 0x00, 0x00, 0x00, 0x00, 0xE3, 0xFF, 0xFF,
    0x3D, 0x00, 0x00, 0x00, 0x00, 0x00, 0x00, 0x00, 0x60, 0xFF, 0xFF, 0xCF, 0x01, 0x00, 0x00, 0x00,
    0x00, 0x00, 0x00, 0x10, 0xFA, 0xFF, 0xFF, 0xFF, 0x07, 0x00, 0x00, 0x00, 0x00, 0x00, 0x30, 0xE8,
    0xFF, 0xFF, 0xFF, 0xFF, 0xAF, 0x02, 0x00, 0x00, 0x94, 0xBA, 0xFE, 0xFF, 0xFF, 0xEF, 0x94, 0xFF,
    0xFF, 0xCF, 0x9A, 0x48, 0xF8, 0xFF, 0xFF, 0xFF, 0xFF, 0x2D, 0x10, 0xFD, 0xFF, 0xFF, 0xFF, 0x7F,
    0xF8, 0xFF, 0xFF, 0xFF, 0xBF, 0x01, 0x00, 0xF4, 0xFF, 0xFF, 0xFF, 0x7F, 0xF8, 0xFF, 0xFF, 0xEF,
    0x06, 0x00, 0x00, 0x60, 0xFF, 0xFF, 0xFF, 0x7F, 0xF8, 0xFF, 0xBE, 0x16, 0x00, 0x00, 0x00, 0x00,
    0xA3, 0xFE, 0xFF, 0x7F, 0x00, 0x00, 0x00, 0x00, 0x00, 0x00, 0x00, 0x00, 0x00, 0x00, 0x00, 0x00,
    0x00, 0x00, 0x00, 0x00, 0x00, 0x00, 0x00, 0x00, 0x00, 0x00, 0x00, 0x00, 0x00, 0x00, 0x00, 0x00,
    0x00, 0x00, 0x00, 0x00, 0x00, 0x00, 0x00, 0x00, 0x00, 0x00, 0x00, 0x00, 0xFD, 0xFF, 0x02, 0x00,
    0x00, 0x00, 0x00, 0x00, 0x00, 0x00, 0x00, 0x00, 0xFD, 0xFF, 0x02, 0x00, 0x00, 0x00, 0x00, 0x00,
    0x00, 0x00, 0x00, 0x00, 0xFD, 0xFF, 0x02, 0x00, 0x00, 0x00, 0x00, 0x00, 0x00, 0x00, 0x00, 0x00,
    0xFD, 0xFF, 0x02, 0x00, 0x00, 0x00, 0x00, 0x00, 0x00, 0x00, 0x00, 0x00, 0x11, 0x11, 0x00, 0x00,
    0x00, 0x00, 0x00, 0x00,
    // Unicode: [0xFEA5, u062E]
    0x00, 0x00, 0x00, 0x00, 0xF9, 0xFF, 0x07, 0x00, 0x00, 0x00, 0x00, 0x00, 0x00, 0x00, 0x00, 0x00,
    0xF9, 0xFF, 0x07, 0x00, 0x00, 0x00, 0x00, 0x00, 0x00, 0x00, 0x00, 0x00, 0xF9, 0xFF, 0x07, 0x00,
    0x00, 0x00, 0x00, 0x00, 0x00, 0x00, 0x00, 0x00, 0xF9, 0xFF, 0x07, 0x00, 0x00, 0x00, 0x00, 0x00,
    0x00, 0x00, 0x00, 0x00, 0x10, 0x11, 0x00, 0x00, 0x00, 0x00, 0x00, 0x00, 0x00, 0x00, 0x00, 0x00,
    0x00, 0x00, 0x00, 0x00, 0x00, 0x00, 0x00, 0x00, 0x00, 0x20, 0xA7, 0xAA, 0xAA, 0xAA, 0xAA, 0xAA,
    0xAA, 0xAA, 0xAA, 0x04, 0x00, 0xF9, 0xFF, 0xFF, 0xFF, 0xFF, 0xFF, 0xFF, 0xFF, 0xFF, 0xFF, 0x04,
    0x70, 0xFF, 0xFF, 0xFF, 0xFF, 0xFF, 0xFF, 0xFF, 0xFF, 0xFF, 0xFF, 0x03, 0x10, 0xFE, 0xFF, 0xFF,
    0xFF, 0xFF, 0xFF, 0xFF, 0xFF, 0xFF, 0xFF, 0x02, 0x00, 0xF5, 0xEF, 0x9A, 0x99, 0xE9, 0xFF, 0xFF,
    0xFF, 0xFF, 0xFF, 0x00, 0x00, 0x70, 0x03, 0x00, 0x50, 0xFD, 0xFF, 0xFF, 0x8D, 0x24, 0x00, 0x00,
    0x00, 0x00, 0x00, 0x20, 0xFB, 0xFF, 0xFF, 0x6D, 0x00, 0x00, 0x00, 0x00, 0x00, 0x00, 0x00, 0xE5,
    0xFF, 0xFF, 0x7F, 0x00, 0x00, 0x00, 0x00, 0x00, 0x00, 0x00, 0x70, 0xFF, 0xFF, 0xCF, 0x03, 0x00,
    0x00, 0x00, 0x00, 0x00, 0x00, 0x00, 0xF8, 0xFF, 0xFF, 0x09, 0x00, 0x00, 0x00, 0x00, 0x00, 0x00,
    0x00, 0x70, 0xFF, 0xFF, 0x7F, 0x00, 0x00, 0x00, 0x00, 0x00, 0x00, 0x00, 0x00, 0xF3, 0xFF, 0xFF,
    0x05, 0x00, 0x00, 0x00, 0x00, 0x00, 0x00, 0x00, 0x00, 0xFC, 0xFF, 0x6F, 0x00, 0x00, 0x00, 0x00,
    0x00, 0x00, 0x00, 0x00, 0x50, 0xFF, 0xFF, 0x09, 0x00, 0x00, 0x00, 0x00, 0x00, 0x00, 0x00, 0x00,
    0xB0, 0xFF, 0xDF, 0x01, 0x00, 0x00, 0x00, 0x00, 0x00, 0x00, 0x00, 0x00, 0xE0, 0xFF, 0x7F, 0x00,
    0x00, 0x00, 0x00, 0x00, 0x00, 0x00, 0x00, 0x00, 0xF1, 0xFF, 0x3F, 0x00, 0x00, 0x00, 0x00, 0x00,
    0x00, 0x00, 0x00, 0x00, 0xF2, 0xFF, 0x3F, 0x00, 0x00, 0x00, 0x00, 0x00, 0x00, 0x00, 0x00, 0x00,
    0xF1, 0xFF, 0x6F, 0x00, 0x00, 0x00, 0x00, 0x00, 0x00, 0x00, 0x00, 0x00, 0xE0, 0xFF, 0xCF, 0x00,
    0x00, 0x00, 0x00, 0x00, 0x00, 0x00, 0x00, 0x00, 0xB0, 0xFF, 0xFF, 0x07, 0x00, 0x00, 0x00, 0x00,
    0x00, 0x00, 0x00, 0x00, 0x70, 0xFF, 0xFF, 0x7F, 0x00, 0x00, 0x00, 0x00, 0x00, 0x95, 0x00, 0x00,
    0x10, 0xFE, 0xFF, 0xFF, 0x6C, 0x12, 0x10, 0x52, 0xE9, 0xFF, 0x06, 0x00, 0x00, 0xF6, 0xFF, 0xFF,
    0xFF, 0xFF, 0xFF, 0xFF, 0xFF, 0xFF, 0x0D, 0x00, 0x00, 0x80, 0xFF, 0xFF, 0xFF, 0xFF, 0xFF, 0xFF,
    0xFF, 0xFF, 0x7F, 0x00, 0x00, 0x00, 0xE6, 0xFF, 0xFF, 0xFF, 0xFF, 0xFF, 0xFF, 0xEF, 0x18, 0x00,
    0x00, 0x00, 0x10, 0xD7, 0xFF, 0xFF, 0xFF, 0xFF, 0xBF, 0x16, 0x00, 0x00, 0x00, 0x00, 0x00, 0x00,
    0x52, 0x87, 0x78, 0x36, 0x00, 0x00, 0x00, 0x00,
    // Unicode: [0xFEA6, uFEA6]
    0x00, 0x00, 0x00, 0x00, 0xF9, 0xFF, 0x07, 0x00, 0x00, 0x00, 0x00, 0x00, 0x00, 0x00, 0x00, 0x00,
    0xF9, 0xFF, 0x07, 0x00, 0x00, 0x00, 0x00, 0x00, 0x00, 0x00, 0x00, 0x00, 0xF9, 0xFF, 0x07, 0x00,
    0x00, 0x00, 0x00, 0x00, 0x00, 0x00, 0x00, 0x00, 0xF9, 0xFF, 0x07, 0x00, 0x00, 0x00, 0x00, 0x00,
    0x00, 0x00, 0x00, 0x00, 0x10, 0x11, 0x00, 0x00, 0x00, 0x00, 0x00, 0x00, 0x00, 0x00, 0x00, 0x00,
    0x00, 0x00, 0x00, 0x00, 0x00, 0x00, 0x00, 0x00, 0x00, 0x00, 0x31, 0x43, 0x44, 0x44, 0x44, 0x44,
    0x44, 0x44, 0x44, 0x01, 0x00, 0xA2, 0xFF, 0xFF, 0xFF, 0xFF, 0xFF, 0xFF, 0xFF, 0xFF, 0xFF, 0x05,
    0x50, 0xFF, 0xFF, 0xFF, 0xFF, 0xFF, 0xFF, 0xFF, 0xFF, 0xFF, 0xFF, 0x04, 0x30, 0xFF, 0xFF, 0xFF,
    0xFF, 0xFF, 0xFF, 0xFF, 0xFF, 0xFF, 0xFF, 0x02, 0x00, 0xF9, 0xFF, 0xFF, 0xFF, 0xFF, 0xFF, 0xFF,
    0xFF, 0xFF, 0xFF, 0x01, 0x00, 0xD1, 0x27, 0x00, 0x00, 0xD6, 0xFF, 0xFF, 0xEF, 0x8B, 0x77, 0x00,
    0x00, 0x00, 0x00, 0x00, 0xC4, 0xFF, 0xFF, 0xDF, 0x16, 0x00, 0x00, 0x00, 0x00, 0x00, 0x00, 0x90,
    0xFF, 0xFF, 0xFF, 0xAF, 0x00, 0x00, 0x00, 0x00, 0x00, 0x00, 0x20, 0xFC, 0xFF, 0xFF, 0xFE, 0xFF,
    0x07, 0x00, 0x00, 0x00, 0x00, 0x00, 0xE3, 0xFF, 0xFF, 0x4D, 0xF6, 0xFF, 0x9F, 0x01, 0x00, 0x00,
    0x00, 0x30, 0xFE, 0xFF, 0xBF, 0x01, 0xC0, 0xFF, 0xFF, 0xBE, 0x89, 0x58, 0x00, 0xD1, 0xFF, 0xFF,
    0x0A, 0x00, 0x30, 0xFF, 0xFF, 0xFF, 0xFF, 0x8F, 0x00, 0xFA, 0xFF, 0x9F, 0x00, 0x00, 0x00, 0xF6,
    0xFF, 0xFF, 0xFF, 0x8F, 0x30, 0xFF, 0xFF, 0x0C, 0x00, 0x00, 0x00, 0x70, 0xFF, 0xFF, 0xFF, 0x8F,
    0x90, 0xFF, 0xFF, 0x02, 0x00, 0x00, 0x00, 0x00, 0x93, 0xED, 0xFF, 0x8F, 0xE0, 0xFF, 0x9F, 0x00,
    0x00, 0x00, 0x00, 0x00, 0x00, 0x00, 0x00, 0x00, 0xF1, 0xFF, 0x5F, 0x00, 0x00, 0x00, 0x00, 0x00,
    0x00, 0x00, 0x00, 0x00, 0xF2, 0xFF, 0x4F, 0x00, 0x00, 0x00, 0x00, 0x00, 0x00, 0x00, 0x00, 0x00,
    0xF1, 0xFF, 0x6F, 0x00, 0x00, 0x00, 0x00, 0x00, 0x00, 0x00, 0x00, 0x00, 0xF0, 0xFF, 0xBF, 0x00,
    0x00, 0x00, 0x00, 0x00, 0x00, 0x00, 0x00, 0x00, 0xC0, 0xFF, 0xFF, 0x05, 0x00, 0x00, 0x00, 0x00,
    0x00, 0x00, 0x00, 0x00, 0x70, 0xFF, 0xFF, 0x5E, 0x00, 0x00, 0x00, 0x00, 0x00, 0x95, 0x00, 0x00,
    0x10, 0xFE, 0xFF, 0xFF, 0x6B, 0x12, 0x10, 0x52, 0xE9, 0xFF, 0x06, 0x00, 0x00, 0xF7, 0xFF, 0xFF,
    0xFF, 0xFF, 0xFF, 0xFF, 0xFF, 0xFF, 0x0D, 0x00, 0x00, 0x90, 0xFF, 0xFF, 0xFF, 0xFF, 0xFF, 0xFF,
    0xFF, 0xFF, 0x7F, 0x00, 0x00, 0x00, 0xE6, 0xFF, 0xFF, 0xFF, 0xFF, 0xFF, 0xFF, 0xEF, 0x18, 0x00,
    0x00, 0x00, 0x10, 0xD8, 0xFF, 0xFF, 0xFF, 0xFF, 0xBF, 0x16, 0x00, 0x00, 0x00, 0x00, 0x00, 0x00,
    0x52, 0x87, 0x78, 0x36, 0x00, 0x00, 0x00, 0x00,
    // Unicode: [0xFEA7, uFEA7]
    0x20, 0xFF, 0xEF, 0x00, 0x00, 0x00, 0x00, 0x00, 0x00, 0x20, 0xFF, 0xEF, 0x00, 0x00, 0x00, 0x00,
    0x00, 0x00, 0x20, 0xFF, 0xEF, 0x00, 0x00, 0x00, 0x00, 0x00, 0x00, 0x20, 0xFF, 0xEF, 0x00, 0x00,
    0x00, 0x00, 0x00, 0x00, 0x00, 0x11, 0x11, 0x00, 0x00, 0x00, 0x00, 0x00, 0x00, 0x00, 0x00, 0x00,
    0x00, 0x00, 0x00, 0x00, 0x00, 0x00, 0x00, 0x00, 0x00, 0x00, 0x00, 0x00, 0x00, 0x00, 0x00, 0x30,
    0xFF, 0xFF, 0x7D, 0x00, 0x00, 0x00, 0x00, 0x00, 0x30, 0xFF, 0xFF, 0xFF, 0x0A, 0x00, 0x00, 0x00,
    0x00, 0x30, 0xFF, 0xFF, 0xFF, 0xAF, 0x00, 0x00, 0x00, 0x00, 0x30, 0xFF, 0xFF, 0xFF, 0xFF, 0x0A,
    0x00, 0x00, 0x00, 0x00, 0x22, 0x63, 0xFE, 0xFF, 0xAF, 0x00, 0x00, 0x00, 0x00, 0x00, 0x00, 0xD1,
    0xFF, 0xFF, 0x09, 0x00, 0x00, 0x00, 0x00, 0x00, 0x20, 0xFD, 0xFF, 0x9F, 0x00, 0x00, 0x00, 0x00,
    0x00, 0x00, 0xD2, 0xFF, 0xFF, 0x09, 0x00, 0x00, 0x00, 0x00, 0x00, 0x20, 0xFE, 0xFF, 0x9F, 0x00,
    0x84, 0x88, 0x88, 0x88, 0x88, 0xFB, 0xFF, 0xFF, 0x08, 0xF8, 0xFF, 0xFF, 0xFF, 0xFF, 0xFF, 0xFF,
    0xFF, 0x8F, 0xF8, 0xFF, 0xFF, 0xFF, 0xFF, 0xFF, 0xFF, 0xFF, 0x5F, 0xF8, 0xFF, 0xFF, 0xFF, 0xFF,
    0xFF, 0xFF, 0xFF, 0x09, 0xF8, 0xFF, 0xFF, 0xFF, 0xFF, 0xFF, 0xFF, 0xDF, 0x01,
    // Unicode: [0xFEA8, uFEA8]
    0x00, 0x00, 0x00, 0x00, 0xF3, 0xFF, 0x0C, 0x00, 0x00, 0x00, 0x00, 0x00, 0x00, 0x00, 0x00, 0x00,
    0xF3, 0xFF, 0x0C, 0x00, 0x00, 0x00, 0x00, 0x00, 0x00, 0x00, 0x00, 0x00, 0xF3, 0xFF, 0x0C, 0x00,
    0x00, 0x00, 0x00, 0x00, 0x00, 0x00, 0x00, 0x00, 0xF3, 0xFF, 0x0C, 0x00, 0x00, 0x00, 0x00, 0x00,
    0x00, 0x00, 0x00, 0x00, 0x10, 0x11, 0x01, 0x00, 0x00, 0x00, 0x00, 0x00, 0x00, 0x00, 0x00, 0x00,
    0x00, 0x00, 0x00, 0x00, 0x00, 0x00, 0x00, 0x00, 0x00, 0x00, 0x42, 0x55, 0x55, 0x55, 0x55, 0x55,
    0x55, 0x55, 0x55, 0x01, 0x00, 0xC4, 0xFF, 0xFF, 0xFF, 0xFF, 0xFF, 0xFF, 0xFF, 0xFF, 0xFF, 0x03,
    0x70, 0xFF, 0xFF, 0xFF, 0xFF, 0xFF, 0xFF, 0xFF, 0xFF, 0xFF, 0xFF, 0x01, 0x50, 0xFF, 0xFF, 0xFF,
    0xFF, 0xFF, 0xFF, 0xFF, 0xFF, 0xFF, 0xFF, 0x00, 0x00, 0xFB, 0xFF, 0xFF, 0xFF, 0xFF, 0xFF, 0xFF,
    0xFF, 0xFF, 0xDF, 0x00, 0x00, 0xD2, 0x38, 0x11, 0x00, 0x20, 0xFC, 0xFF, 0xFF, 0x7B, 0x56, 0x00,
    0x00, 0x00, 0x00, 0x00, 0x00, 0xE3, 0xFF, 0xFF, 0x3D, 0x00, 0x00, 0x00, 0x00, 0x00, 0x00, 0x00,
    0x60, 0xFF, 0xFF, 0xCF, 0x01, 0x00, 0x00, 0x00, 0x00, 0x00, 0x00, 0x10, 0xFA, 0xFF, 0xFF, 0xFF,
    0x07, 0x00, 0x00, 0x00, 0x00, 0x00, 0x30, 0xE8, 0xFF, 0xFF, 0xFF, 0xFF, 0xAF, 0x02, 0x00, 0x00,
    0x94, 0xBA, 0xFE, 0xFF, 0xFF, 0xEF, 0x94, 0xFF, 0xFF, 0xCF, 0x9A, 0x48, 0xF8, 0xFF, 0xFF, 0xFF,
    0xFF, 0x2D, 0x10, 0xFD, 0xFF, 0xFF, 0xFF, 0x7F, 0xF8, 0xFF, 0xFF, 0xFF, 0xBF, 0x01, 0x00, 0xF4,
    0xFF, 0xFF, 0xFF, 0x7F, 0xF8, 0xFF, 0xFF, 0xEF, 0x06, 0x00, 0x00, 0x60, 0xFF, 0xFF, 0xFF, 0x7F,
    0xF8, 0xFF, 0xBE, 0x16, 0x00, 0x00, 0x00, 0x00, 0xA3, 0xFE, 0xFF, 0x7F,
    // Unicode: [0xFEAD, u0631]
    0x00, 0x00, 0x00, 0x00, 0x00, 0xB2, 0x08, 0x00, 0x00, 0x00, 0x00, 0x00, 0x81, 0xFF, 0x1F, 0x00,
    0x00, 0x00, 0x00, 0x00, 0xF4, 0xFF, 0x8F, 0x00, 0x00, 0x00, 0x00, 0x00, 0xB0, 0xFF, 0xFF, 0x01,
    0x00, 0x00, 0x00, 0x00, 0x40, 0xFF, 0xFF, 0x08, 0x00, 0x00, 0x00, 0x00, 0x00, 0xFC, 0xFF, 0x0E,
    0x00, 0x00, 0x00, 0x00, 0x00, 0xF5, 0xFF, 0x2F, 0x00, 0x00, 0x00, 0x00, 0x00, 0xF1, 0xFF, 0x4F,
    0x00, 0x00, 0x00, 0x00, 0x00, 0xF1, 0xFF, 0x3F, 0x00, 0x00, 0x00, 0x00, 0x00, 0xF6, 0xFF, 0x0F,
    0x00, 0x00, 0x00, 0x00, 0x20, 0xFE, 0xFF, 0x0A, 0x00, 0x00, 0x00, 0x00, 0xD2, 0xFF, 0xFF, 0x03,
    0x00, 0x00, 0x00, 0x30, 0xFD, 0xFF, 0xAF, 0x00, 0x00, 0x00, 0x00, 0xE6, 0xFF, 0xFF, 0x1C, 0x00,
    0x00, 0x00, 0xB2, 0xFF, 0xFF, 0xCF, 0x01, 0x00, 0x00, 0x70, 0xFE, 0xFF, 0xFF, 0x1B, 0x00, 0x00,
    0x40, 0xFD, 0xFF, 0xFF, 0x7F, 0x00, 0x00, 0x00, 0xFB, 0xFF, 0xFF, 0xDF, 0x03, 0x00, 0x00, 0x00,
    0xF8, 0xFF, 0xFF, 0x18, 0x00, 0x00, 0x00, 0x00, 0xE1, 0xFF, 0x3C, 0x00, 0x00, 0x00, 0x00, 0x00,
    0x70, 0x6E, 0x00, 0x00, 0x00, 0x00, 0x00, 0x00, 0x10, 0x01, 0x00, 0x00, 0x00, 0x00, 0x00, 0x00,
    // Unicode: [0xFEAE, uFEAE]
    0x00, 0x00, 0x00, 0x00, 0x00, 0x00, 0x12, 0x00, 0x00, 0x00, 0x00, 0x00, 0x00, 0x00, 0x00, 0x00,
    0x81, 0x8F, 0x00, 0x00, 0x00, 0x00, 0x00, 0x00, 0x00, 0x00, 0x40, 0xFD, 0xFF, 0x01, 0x00, 0x00,
    0x00, 0x00, 0x00, 0x00, 0x00, 0x30, 0xFF, 0xFF, 0x09, 0x00, 0x00, 0x00, 0x00, 0x00, 0x00, 0x00,
    0x00, 0xFB, 0xFF, 0x2F, 0x00, 0x00, 0x00, 0x00, 0x00, 0x00, 0x00, 0x00, 0xF3, 0xFF, 0x9F, 0x00,
    0x00, 0x00, 0x00, 0x00, 0x00, 0x00, 0x00, 0xB0, 0xFF, 0xFF, 0x03, 0x00, 0x00, 0x00, 0x00, 0x00,
    0x00, 0x00, 0x50, 0xFF, 0xFF, 0x4E, 0x00, 0x00, 0x00, 0x00, 0x00, 0x00, 0x00, 0x30, 0xFF, 0xFF,
    0xFF, 0x9C, 0x38, 0x00, 0x00, 0x00, 0x00, 0x00, 0x40, 0xFF, 0xFF, 0xFF, 0xFF, 0x5F, 0x00, 0x00,
    0x00, 0x00, 0x00, 0xA0, 0xFF, 0xFF, 0xFF, 0xFF, 0x5F, 0x00, 0x00, 0x00, 0x00, 0x00, 0xF7, 0xFF,
    0x8F, 0xF8, 0xFF, 0x5F, 0x00, 0x00, 0x00, 0x00, 0x70, 0xFF, 0xFF, 0x1E, 0x40, 0xEA, 0x5F, 0x00,
    0x00, 0x00, 0x10, 0xFA, 0xFF, 0xFF, 0x06, 0x00, 0x00, 0x00, 0x00, 0x00, 0x00, 0xD3, 0xFF, 0xFF,
    0x8F, 0x00, 0x00, 0x00, 0x00, 0x00, 0x00, 0x81, 0xFF, 0xFF, 0xFF, 0x07, 0x00, 0x00, 0x00, 0x00,
    0x00, 0x50, 0xFD, 0xFF, 0xFF, 0x5E, 0x00, 0x00, 0x00, 0x00, 0x00, 0x20, 0xFB, 0xFF, 0xFF, 0xCF,
    0x02, 0x00, 0x00, 0x00, 0x00, 0x00, 0xE1, 0xFF, 0xFF, 0xFF, 0x07, 0x00, 0x00, 0x00, 0x00, 0x00,
    0x00, 0x70, 0xFF, 0xFF, 0x2B, 0x00, 0x00, 0x00, 0x00, 0x00, 0x00, 0x00, 0x00, 0xFD, 0x5E, 0x00,
    0x00, 0x00, 0x00, 0x00, 0x00, 0x00, 0x00, 0x00, 0x85, 0x01, 0x00, 0x00, 0x00, 0x00, 0x00, 0x00,
    0x00, 0x00,
    // Unicode: [0xFEAF, u0632]
    0x00, 0x00, 0x00, 0x00, 0x11, 0x01, 0x00, 0x00, 0x00, 0x00, 0x00, 0x90, 0xFF, 0x6F, 0x00, 0x00,
    0x00, 0x00, 0x00, 0x90, 0xFF, 0x6F, 0x00, 0x00, 0x00, 0x00, 0x00, 0x90, 0xFF, 0x6F, 0x00, 0x00,
    0x00, 0x00, 0x00, 0x90, 0xFF, 0x6F, 0x00, 0x00, 0x00, 0x00, 0x00, 0x00, 0x00, 0x00, 0x00, 0x00,
    0x00, 0x00, 0x00, 0x00, 0x00, 0x40, 0x04, 0x00, 0x00, 0x00, 0x00, 0x00, 0x20, 0xFA, 0x0D, 0x00,
    0x00, 0x00, 0x00, 0x00, 0xF4, 0xFF, 0x5F, 0x00, 0x00, 0x00, 0x00, 0x00, 0xE1, 0xFF, 0xDF, 0x00,
    0x00, 0x00, 0x00, 0x00, 0x70, 0xFF, 0xFF, 0x05, 0x00, 0x00, 0x00, 0x00, 0x10, 0xFE, 0xFF, 0x0B,
    0x00, 0x00, 0x00, 0x00, 0x00, 0xF8, 0xFF, 0x1F, 0x00, 0x00, 0x00, 0x00, 0x00, 0xF3, 0xFF, 0x3F,
    0x00, 0x00, 0x00, 0x00, 0x00, 0xF1, 0xFF, 0x4F, 0x00, 0x00, 0x00, 0x00, 0x00, 0xF3, 0xFF, 0x2F,
    0x00, 0x00, 0x00, 0x00, 0x00, 0xFB, 0xFF, 0x0C, 0x00, 0x00, 0x00, 0x00, 0x80, 0xFF, 0xFF, 0x06,
    0x00, 0x00, 0x00, 0x00, 0xF8, 0xFF, 0xDF, 0x00, 0x00, 0x00, 0x00, 0xB1, 0xFF, 0xFF, 0x4F, 0x00,
    0x00, 0x00, 0x40, 0xFD, 0xFF, 0xFF, 0x06, 0x00, 0x00, 0x10, 0xF9, 0xFF, 0xFF, 0x5E, 0x00, 0x00,
    0x00, 0xE6, 0xFF, 0xFF, 0xDF, 0x03, 0x00, 0x00, 0xD4, 0xFF, 0xFF, 0xFF, 0x1A, 0x00, 0x00, 0x00,
    0xFC, 0xFF, 0xFF, 0x5E, 0x00, 0x00, 0x00, 0x00, 0xF4, 0xFF, 0x9F, 0x01, 0x00, 0x00, 0x00, 0x00,
    0xB0, 0xCF, 0x04, 0x00, 0x00, 0x00, 0x00, 0x00, 0x30, 0x07, 0x00, 0x00, 0x00, 0x00, 0x00, 0x00,
    // Unicode: [0xFEB0, uFEB0]
    0x00, 0x00, 0x00, 0x00, 0xF9, 0xFF, 0x06, 0x00, 0x00, 0x00, 0x00, 0x00, 0x00, 0x00, 0x00, 0xF9,
    0xFF, 0x06, 0x00, 0x00, 0x00, 0x00, 0x00, 0x00, 0x00, 0x00, 0xF9, 0xFF, 0x06, 0x00, 0x00, 0x00,
    0x00, 0x00, 0x00, 0x00, 0x00, 0xF9, 0xFF, 0x06, 0x00, 0x00, 0x00, 0x00, 0x00, 0x00, 0x00, 0x00,
    0x00, 0x00, 0x00, 0x00, 0x00, 0x00, 0x00, 0x00, 0x00, 0x00, 0x00, 0x00, 0x00, 0x24, 0x00, 0x00,
    0x00, 0x00, 0x00, 0x00, 0x00, 0x00, 0x00, 0xA2, 0x9F, 0x00, 0x00, 0x00, 0x00, 0x00, 0x00, 0x00,
    0x00, 0x50, 0xFE, 0xFF, 0x02, 0x00, 0x00, 0x00, 0x00, 0x00, 0x00, 0x00, 0x30, 0xFF, 0xFF, 0x09,
    0x00, 0x00, 0x00, 0x00, 0x00, 0x00, 0x00, 0x00, 0xFA, 0xFF, 0x2F, 0x00, 0x00, 0x00, 0x00, 0x00,
    0x00, 0x00, 0x00, 0xF2, 0xFF, 0x9F, 0x00, 0x00, 0x00, 0x00, 0x00, 0x00, 0x00, 0x00, 0xB0, 0xFF,
    0xFF, 0x04, 0x00, 0x00, 0x00, 0x00, 0x00, 0x00, 0x00, 0x50, 0xFF, 0xFF, 0x4E, 0x00, 0x00, 0x00,
    0x00, 0x00, 0x00, 0x00, 0x30, 0xFF, 0xFF, 0xFF, 0x9C, 0x38, 0x00, 0x00, 0x00, 0x00, 0x00, 0x40,
    0xFF, 0xFF, 0xFF, 0xFF, 0x5F, 0x00, 0x00, 0x00, 0x00, 0x00, 0xB0, 0xFF, 0xFF, 0xFF, 0xFF, 0x5F,
    0x00, 0x00, 0x00, 0x00, 0x00, 0xF8, 0xFF, 0x8F, 0xF8, 0xFF, 0x5F, 0x00, 0x00, 0x00, 0x00, 0x80,
    0xFF, 0xFF, 0x1E, 0x40, 0xEA, 0x5F, 0x00, 0x00, 0x00, 0x10, 0xFB, 0xFF, 0xFF, 0x06, 0x00, 0x00,
    0x00, 0x00, 0x00, 0x00, 0xD4, 0xFF, 0xFF, 0x8F, 0x00, 0x00, 0x00, 0x00, 0x00, 0x00, 0x81, 0xFF,
    0xFF, 0xFF, 0x07, 0x00, 0x00, 0x00, 0x00, 0x00, 0x50, 0xFD, 0xFF, 0xFF, 0x5E, 0x00, 0x00, 0x00,
    0x00, 0x00, 0x20, 0xFB, 0xFF, 0xFF, 0xCF, 0x02, 0x00, 0x00, 0x00, 0x00, 0x00, 0xE1, 0xFF, 0xFF,
    0xFF, 0x07, 0x00, 0x00, 0x00, 0x00, 0x00, 0x00, 0x70, 0xFF, 0xFF, 0x2B, 0x00, 0x00, 0x00, 0x00,
    0x00, 0x00, 0x00, 0x00, 0xFD, 0x5E, 0x00, 0x00, 0x00, 0x00, 0x00, 0x00, 0x00, 0x00, 0x00, 0x85,
    0x01, 0x00, 0x00, 0x00, 0x00, 0x00, 0x00, 0x00, 0x00,
    // Unicode: [0xFEB9, u0635]
    0x00, 0x00, 0x00, 0x00, 0x00, 0x00, 0x00, 0x00, 0x00, 0x00, 0x00, 0x00, 0x00, 0x00, 0x00, 0x00,
    0x20, 0x13, 0x00, 0x00, 0x00, 0x00, 0x00, 0x00, 0x00, 0x00, 0x00, 0x00, 0x00, 0x00, 0x00, 0x00,
    0x00, 0x00, 0x00, 0xA3, 0xFE, 0xFF, 0x19, 0x00, 0x00, 0x00, 0x00, 0x00, 0x00, 0x00, 0x00, 0x00,
    0x00, 0x10, 0x00, 0x00, 0x00, 0x00, 0x80, 0xFF, 0xFF, 0xFF, 0xDF, 0x02, 0x00, 0x00, 0x00, 0x00,
    0x00, 0x00, 0x00, 0x00, 0x10, 0xD8, 0x00, 0x00, 0x00, 0x10, 0xFB, 0xFF, 0xFF, 0xFF, 0xFF, 0x0C,
    0x00, 0x00, 0x00, 0x00, 0x00, 0x00, 0x00, 0x00, 0xD5, 0xFF, 0x05, 0x00, 0x00, 0xC1, 0xFF, 0xFF,
    0xFF, 0xFF, 0xFF, 0x6F, 0x00, 0x00, 0x00, 0x00, 0x00, 0x00, 0x00, 0x00, 0xFD, 0xFF, 0x0C, 0x00,
    0x00, 0xFB, 0xFF, 0xAF, 0x13, 0xC3, 0xFF, 0xCF, 0x00, 0x00, 0x00, 0x00, 0x00, 0x00, 0x00, 0x00,
    0xF5, 0xFF, 0x5F, 0x00, 0x90, 0xFF, 0xFF, 0x05, 0x00, 0x10, 0xFF, 0xFF, 0x00, 0x00, 0x00, 0x00,
    0x00, 0x00, 0x00, 0x00, 0xC0, 0xFF, 0xDF, 0x01, 0xF5, 0xFF, 0x5F, 0x00, 0x00, 0x00, 0xFD, 0xFF,
    0x00, 0x00, 0x00, 0x00, 0x00, 0x00, 0x00, 0x00, 0x60, 0xFF, 0xFF, 0x19, 0xFE, 0xFF, 0x06, 0x00,
    0x00, 0x10, 0xFF, 0xEF, 0x10, 0x38, 0x00, 0x00, 0x00, 0x00, 0x00, 0x00, 0x00, 0xFE, 0xFF, 0xEF,
    0xFF, 0x8F, 0x00, 0x00, 0x00, 0x90, 0xFF, 0xCF, 0x50, 0xFF, 0x5D, 0x00, 0x00, 0x00, 0x00, 0x00,
    0x00, 0xF9, 0xFF, 0xFF, 0xFF, 0x9F, 0x88, 0x88, 0xA9, 0xFD, 0xFF, 0x8F, 0x90, 0xFF, 0x5F, 0x00,
    0x00, 0x00, 0x00, 0x00, 0x00, 0xF5, 0xFF, 0xFF, 0xFF, 0xFF, 0xFF, 0xFF, 0xFF, 0xFF, 0xFF, 0x1E,
    0xD0, 0xFF, 0x1F, 0x00, 0x00, 0x00, 0x00, 0x00, 0x00, 0xF1, 0xFF, 0xFF, 0xFF, 0xFF, 0xFF, 0xFF,
    0xFF, 0xFF, 0xFF, 0x06, 0xF0, 0xFF, 0x0D, 0x00, 0x00, 0x00, 0x00, 0x00, 0x00, 0xE0, 0xFF, 0xFF,
    0xFF, 0xFF, 0xFF, 0xFF, 0xFF, 0xFF, 0x6F, 0x00, 0xF2, 0xFF, 0x0B, 0x00, 0x00, 0x00, 0x00, 0x00,
    0x00, 0xE0, 0xFF, 0xAF, 0xFD, 0xFF, 0xFF, 0xFF, 0xEF, 0x9D, 0x02, 0x00, 0xF1, 0xFF, 0x0C, 0x00,
    0x00, 0x00, 0x00, 0x00, 0x00, 0xF1, 0xFF, 0x4F, 0x00, 0x00, 0x00, 0x00, 0x00, 0x00, 0x00, 0x00,
    0xF0, 0xFF, 0x0E, 0x00, 0x00, 0x00, 0x00, 0x00, 0x00, 0xF4, 0xFF, 0x2F, 0x00, 0x00, 0x00, 0x00,
    0x00, 0x00, 0x00, 0x00, 0xD0, 0xFF, 0x4F, 0x00, 0x00, 0x00, 0x00, 0x00, 0x00, 0xF9, 0xFF, 0x0E,
    0x00, 0x00, 0x00, 0x00, 0x00, 0x00, 0x00, 0x00, 0x90, 0xFF, 0xCF, 0x00, 0x00, 0x00, 0x00, 0x00,
    0x30, 0xFF, 0xFF, 0x0A, 0x00, 0x00, 0x00, 0x00, 0x00, 0x00, 0x00, 0x00, 0x40, 0xFF, 0xFF, 0x1B,
    0x00, 0x00, 0x00, 0x00, 0xE4, 0xFF, 0xFF, 0x04, 0x00, 0x00, 0x00, 0x00, 0x00, 0x00, 0x00, 0x00,
    0x00, 0xFD, 0xFF, 0xEF, 0x48, 0x01, 0x21, 0xB5, 0xFF, 0xFF, 0xBF, 0x00, 0x00, 0x00, 0x00, 0x00,
    0x00, 0x00, 0x00, 0x00, 0x00, 0xF4, 0xFF, 0xFF, 0xFF, 0xFF, 0xFF, 0xFF, 0xFF, 0xFF, 0x2E, 0x00,
    0x00, 0x00, 0x00, 0x00, 0x00, 0x00, 0x00, 0x00, 0x00, 0x80, 0xFF, 0xFF, 0xFF, 0xFF, 0xFF, 0xFF,
    0xFF, 0xEF, 0x03, 0x00, 0x00, 0x00, 0x00, 0x00, 0x00, 0x00, 0x00, 0x00, 0x00, 0x00, 0xF9, 0xFF,
    0xFF, 0xFF, 0xFF, 0xFF, 0xFF, 0x3D, 0x00, 0x00, 0x00, 0x00, 0x00, 0x00, 0x00, 0x00, 0x00, 0x00,
    0x00, 0x00, 0x50, 0xFE, 0xFF, 0xFF, 0xFF, 0xFF, 0x7E, 0x00, 0x00, 0x00, 0x00, 0x00, 0x00, 0x00,
    0x00, 0x00, 0x00, 0x00, 0x00, 0x00, 0x00, 0x50, 0xC9, 0xFD, 0xCE, 0x59, 0x01, 0x00, 0x00, 0x00,
    0x00, 0x00, 0x00, 0x00, 0x00, 0x00, 0x00, 0x00,
    // Unicode: [0xFEBA, uFEBA]
    0x00, 0x00, 0x00, 0x00, 0x00, 0x00, 0x00, 0x00, 0x00, 0x00, 0x00, 0x00, 0x00, 0x00, 0x00, 0x00,
    0x20, 0x13, 0x00, 0x00, 0x00, 0x00, 0x00, 0x00, 0x00, 0x00, 0x00, 0x00, 0x00, 0x00, 0x00, 0x00,
    0x00, 0x00, 0x00, 0x00, 0x00, 0xA3, 0xFE, 0xFF, 0x2A, 0x00, 0x00, 0x00, 0x00, 0x00, 0x00, 0x00,
    0x00, 0x00, 0x00, 0x00, 0x00, 0x10, 0x00, 0x00, 0x00, 0x00, 0x80, 0xFF, 0xFF, 0xFF, 0xEF, 0x03,
    0x00, 0x00, 0x00, 0x00, 0x00, 0x00, 0x00, 0x00, 0x00, 0x00, 0x10, 0xD8, 0x00, 0x00, 0x00, 0x10,
    0xFB, 0xFF, 0xFF, 0xFF, 0xFF, 0x2E, 0x00, 0x00, 0x00, 0x00, 0x00, 0x00, 0x00, 0x00, 0x00, 0x00,
    0xD5, 0xFF, 0x05, 0x00, 0x00, 0xC1, 0xFF, 0xFF, 0xFF, 0xFF, 0xFF, 0xAF, 0x00, 0x00, 0x00, 0x00,
    0x00, 0x00, 0x00, 0x00, 0x00, 0x00, 0xFD, 0xFF, 0x0C, 0x00, 0x00, 0xFB, 0xFF, 0xAF, 0x13, 0xC3,
    0xFF, 0xFF, 0x01, 0x00, 0x00, 0x00, 0x00, 0x00, 0x00, 0x00, 0x00, 0x00, 0xF5, 0xFF, 0x5F, 0x00,
    0x90, 0xFF, 0xFF, 0x05, 0x00, 0x10, 0xFF, 0xFF, 0x03, 0x00, 0x00, 0x00, 0x00, 0x00, 0x00, 0x00,
    0x00, 0x00, 0xC0, 0xFF, 0xDF, 0x01, 0xF5, 0xFF, 0x5F, 0x00, 0x00, 0x00, 0xFD, 0xFF, 0x03, 0x00,
    0x00, 0x00, 0x00, 0x00, 0x00, 0x00, 0x00, 0x00, 0x60, 0xFF, 0xFF, 0x19, 0xFE, 0xFF, 0x06, 0x00,
    0x00, 0x10, 0xFF, 0xFF, 0x02, 0x00, 0x10, 0x38, 0x00, 0x00, 0x00, 0x00, 0x00, 0x00, 0x00, 0xFE,
    0xFF, 0xEF, 0xFF, 0x8F, 0x00, 0x00, 0x00, 0x90, 0xFF, 0xEF, 0x00, 0x00, 0x50, 0xFF, 0x5D, 0x00,
    0x00, 0x00, 0x00, 0x00, 0x00, 0xF9, 0xFF, 0xFF, 0xFF, 0x9F, 0x88, 0x88, 0xA9, 0xFD, 0xFF, 0xFF,
    0xAD, 0x59, 0x90, 0xFF, 0x5F, 0x00, 0x00, 0x00, 0x00, 0x00, 0x00, 0xF5, 0xFF, 0xFF, 0xFF, 0xFF,
    0xFF, 0xFF, 0xFF, 0xFF, 0xFF, 0xFF, 0xFF, 0x9F, 0xD0, 0xFF, 0x1F, 0x00, 0x00, 0x00, 0x00, 0x00,
    0x00, 0xF1, 0xFF, 0xFF, 0xFF, 0xFF, 0xFF, 0xFF, 0xFF, 0xFF, 0xFF, 0xFF, 0xFF, 0x9F, 0xF0, 0xFF,
    0x0D, 0x00, 0x00, 0x00, 0x00, 0x00, 0x00, 0xE0, 0xFF, 0xFF, 0xFF, 0xFF, 0xFF, 0xFF, 0xFF, 0xFF,
    0x9F, 0xE4, 0xFF, 0x9F, 0xF2, 0xFF, 0x0B, 0x00, 0x00, 0x00, 0x00, 0x00, 0x00, 0xE0, 0xFF, 0xAF,
    0xFD, 0xFF, 0xFF, 0xFF, 0xEF, 0xAD, 0x04, 0x20, 0xD8, 0x9F, 0xF1, 0xFF, 0x0C, 0x00, 0x00, 0x00,
    0x00, 0x00, 0x00, 0xF1, 0xFF, 0x4F, 0x00, 0x00, 0x00, 0x00, 0x00, 0x00, 0x00, 0x00, 0x00, 0x00,
    0xF0, 0xFF, 0x0E, 0x00, 0x00, 0x00, 0x00, 0x00, 0x00, 0xF4, 0xFF, 0x2F, 0x00, 0x00, 0x00, 0x00,
    0x00, 0x00, 0x00, 0x00, 0x00, 0x00, 0xD0, 0xFF, 0x4F, 0x00, 0x00, 0x00, 0x00, 0x00, 0x00, 0xF9,
    0xFF, 0x0E, 0x00, 0x00, 0x00, 0x00, 0x00, 0x00, 0x00, 0x00, 0x00, 0x00, 0x90, 0xFF, 0xCF, 0x00,
    0x00, 0x00, 0x00, 0x00, 0x30, 0xFF, 0xFF, 0x0A, 0x00, 0x00, 0x00, 0x00, 0x00, 0x00, 0x00, 0x00,
    0x00, 0x00, 0x40, 0xFF, 0xFF, 0x1B, 0x00, 0x00, 0x00, 0x00, 0xE4, 0xFF, 0xFF, 0x04, 0x00, 0x00,
    0x00, 0x00, 0x00, 0x00, 0x00, 0x00, 0x00, 0x00, 0x00, 0xFD, 0xFF, 0xEF, 0x48, 0x01, 0x21, 0xB5,
    0xFF, 0xFF, 0xBF, 0x00, 0x00, 0x00, 0x00, 0x00, 0x00, 0x00, 0x00, 0x00, 0x00, 0x00, 0x00, 0xF4,
    0xFF, 0xFF, 0xFF, 0xFF, 0xFF, 0xFF, 0xFF, 0xFF, 0x2E, 0x00, 0x00, 0x00, 0x00, 0x00, 0x00, 0x00,
    0x00, 0x00, 0x00, 0x00, 0x00, 0x80, 0xFF, 0xFF, 0xFF, 0xFF, 0xFF, 0xFF, 0xFF, 0xEF, 0x03, 0x00,
    0x00, 0x00, 0x00, 0x00, 0x00, 0x00, 0x00, 0x00, 0x00, 0x00, 0x00, 0x00, 0xF9, 0xFF, 0xFF, 0xFF,
    0xFF, 0xFF, 0xFF, 0x3D, 0x00, 0x00, 0x00, 0x00, 0x00, 0x00, 0x00, 0x00, 0x00, 0x00, 0x00, 0x00,
    0x00, 0x00, 0x50, 0xFE, 0xFF, 0xFF, 0xFF, 0xFF, 0x7E, 0x00, 0x00, 0x00, 0x00, 0x00, 0x00, 0x00,
    0x00, 0x00, 0x00, 0x00, 0x00, 0x00, 0x00, 0x00, 0x00, 0x50, 0xC9, 0xFD, 0xCE, 0x59, 0x01, 0x00,
    0x00, 0x00, 0x00, 0x00, 0x00, 0x00, 0x00, 0x00, 0x00, 0x00, 0x00, 0x00,
    // Unicode: [0xFEBB, uFEBB]
    0x00, 0x00, 0x00, 0x00, 0x00, 0x00, 0x00, 0x00, 0x00, 0x20, 0x23, 0x00, 0x00, 0x00, 0x00, 0x00,
    0x00, 0x00, 0x00, 0x00, 0x00, 0x00, 0x81, 0xFD, 0xFF, 0x4D, 0x00, 0x00, 0x00, 0x00, 0x00, 0x00,
    0x00, 0x00, 0x00, 0x40, 0xFE, 0xFF, 0xFF, 0xFF, 0x06, 0x00, 0x00, 0x30, 0x66, 0x46, 0x00, 0x00,
    0x00, 0xF7, 0xFF, 0xFF, 0xFF, 0xFF, 0x4F, 0x00, 0x00, 0x70, 0xFF, 0x9F, 0x00, 0x00, 0x80, 0xFF,
    0xFF, 0xFF, 0xFF, 0xFF, 0xCF, 0x00, 0x00, 0x70, 0xFF, 0x9F, 0x00, 0x00, 0xF7, 0xFF, 0xCF, 0x15,
    0x82, 0xFF, 0xFF, 0x03, 0x00, 0x70, 0xFF, 0x9F, 0x00, 0x50, 0xFF, 0xFF, 0x09, 0x00, 0x00, 0xFA,
    0xFF, 0x06, 0x00, 0x70, 0xFF, 0xAF, 0x00, 0xE3, 0xFF, 0x9F, 0x00, 0x00, 0x00, 0xF8, 0xFF, 0x06,
    0x00, 0x80, 0xFF, 0xFF, 0x02, 0xFC, 0xFF, 0x0A, 0x00, 0x00, 0x00, 0xFA, 0xFF, 0x05, 0x00, 0xC0,
    0xFF, 0xFF, 0xAD, 0xFF, 0xCF, 0x01, 0x00, 0x00, 0x40, 0xFF, 0xFF, 0x03, 0x94, 0xFD, 0xFF, 0xFF,
    0xFF, 0xFF, 0xAF, 0x88, 0x88, 0x98, 0xFC, 0xFF, 0xEF, 0x00, 0xF8, 0xFF, 0xFF, 0xFF, 0xFF, 0xFF,
    0xFF, 0xFF, 0xFF, 0xFF, 0xFF, 0xFF, 0x7F, 0x00, 0xF8, 0xFF, 0xFF, 0xFB, 0xFF, 0xFF, 0xFF, 0xFF,
    0xFF, 0xFF, 0xFF, 0xFF, 0x0B, 0x00, 0xF8, 0xFF, 0xCF, 0x61, 0xFF, 0xFF, 0xFF, 0xFF, 0xFF, 0xFF,
    0xFF, 0xBF, 0x01, 0x00, 0xF8, 0xCE, 0x18, 0x00, 0x93, 0xED, 0xFF, 0xFF, 0xFF, 0xFF, 0xAE, 0x05,
    0x00, 0x00,
    // Unicode: [0xFEBC, uFEBC]
    0x00, 0x00, 0x00, 0x00, 0x00, 0x00, 0x00, 0x00, 0x00, 0x20, 0x23, 0x00, 0x00, 0x00, 0x00, 0x00,
    0x00, 0x00, 0x00, 0x00, 0x00, 0x00, 0x00, 0x81, 0xFE, 0xFF, 0x4C, 0x00, 0x00, 0x00, 0x00, 0x00,
    0x00, 0x00, 0x00, 0x00, 0x00, 0x60, 0xFE, 0xFF, 0xFF, 0xFF, 0x06, 0x00, 0x00, 0x00, 0x30, 0x66,
    0x36, 0x00, 0x00, 0x00, 0xF9, 0xFF, 0xFF, 0xFF, 0xFF, 0x3F, 0x00, 0x00, 0x00, 0x80, 0xFF, 0x9F,
    0x00, 0x00, 0xA0, 0xFF, 0xFF, 0xFF, 0xFF, 0xFF, 0xBF, 0x00, 0x00, 0x00, 0x80, 0xFF, 0x9F, 0x00,
    0x00, 0xFA, 0xFF, 0xCF, 0x14, 0x92, 0xFF, 0xFF, 0x01, 0x00, 0x00, 0x80, 0xFF, 0x9F, 0x00, 0x80,
    0xFF, 0xFF, 0x09, 0x00, 0x00, 0xFC, 0xFF, 0x04, 0x00, 0x00, 0x80, 0xFF, 0xAF, 0x00, 0xF5, 0xFF,
    0x8F, 0x00, 0x00, 0x00, 0xF9, 0xFF, 0x04, 0x00, 0x00, 0x80, 0xFF, 0xDF, 0x10, 0xFE, 0xFF, 0x0A,
    0x00, 0x00, 0x00, 0xFB, 0xFF, 0x03, 0x00, 0x00, 0xC0, 0xFF, 0xFF, 0xBB, 0xFF, 0xCF, 0x00, 0x00,
    0x00, 0x60, 0xFF, 0xFF, 0x01, 0x00, 0x94, 0xFC, 0xFF, 0xFF, 0xFF, 0xFF, 0xAF, 0x88, 0x88, 0xA8,
    0xFC, 0xFF, 0xFF, 0xAE, 0x49, 0xF8, 0xFF, 0xFF, 0xFF, 0xFF, 0xFF, 0xFF, 0xFF, 0xFF, 0xFF, 0xFF,
    0xFF, 0xFF, 0xFF, 0x8F, 0xF8, 0xFF, 0xFF, 0xFB, 0xFF, 0xFF, 0xFF, 0xFF, 0xFF, 0xFF, 0xFF, 0xFF,
    0xFF, 0xFF, 0x8F, 0xF8, 0xFF, 0xCF, 0x70, 0xFF, 0xFF, 0xFF, 0xFF, 0xFF, 0xFF, 0xFF, 0x9F, 0xF6,
    0xFF, 0x8F, 0xF8, 0xCE, 0x18, 0x00, 0xA4, 0xFD, 0xFF, 0xFF, 0xFF, 0xFF, 0xAD, 0x04, 0x30, 0xEA,
    0x8F,
    // Unicode: [0xFEC5, u0638]
    0x00, 0x00, 0x00, 0xF3, 0xFF, 0x0C, 0x00, 0x00, 0xFA, 0xFF, 0x06, 0x00, 0x00, 0x00, 0x00, 0x00,
    0xF3, 0xFF, 0x0C, 0x00, 0x00, 0xFA, 0xFF, 0x06, 0x00, 0x00, 0x00, 0x00, 0x00, 0xF3, 0xFF, 0x0C,
    0x00, 0x00, 0xFA, 0xFF, 0x06, 0x00, 0x00, 0x00, 0x00, 0x00, 0xF3, 0xFF, 0x0C, 0x00, 0x00, 0xFA,
    0xFF, 0x06, 0x00, 0x00, 0x00, 0x00, 0x00, 0xF3, 0xFF, 0x0C, 0x00, 0x00, 0x00, 0x00, 0x00, 0x00,
    0x00, 0x00, 0x00, 0x00, 0xF3, 0xFF, 0x0C, 0x00, 0x00, 0x00, 0x00, 0x00, 0x00, 0x00, 0x00, 0x00,
    0x00, 0xF3, 0xFF, 0x0C, 0x00, 0x00, 0x00, 0x43, 0x03, 0x00, 0x00, 0x00, 0x00, 0x00, 0xF3, 0xFF,
    0x0C, 0x00, 0x10, 0xE8, 0xFF, 0xEF, 0x06, 0x00, 0x00, 0x00, 0x00, 0xF3, 0xFF, 0x0C, 0x00, 0xE5,
    0xFF, 0xFF, 0xFF, 0x8F, 0x00, 0x00, 0x00, 0x00, 0xF3, 0xFF, 0x0C, 0x70, 0xFF, 0xFF, 0xFF, 0xFF,
    0xFF, 0x05, 0x00, 0x00, 0x00, 0xF3, 0xFF, 0x0C, 0xF8, 0xFF, 0xFF, 0xFF, 0xFF, 0xFF, 0x0D, 0x00,
    0x00, 0x00, 0xF3, 0xFF, 0x6C, 0xFF, 0xFF, 0x7E, 0x11, 0xF6, 0xFF, 0x3F, 0x00, 0x00, 0x00, 0xF3,
    0xFF, 0xFE, 0xFF, 0xCF, 0x02, 0x00, 0x70, 0xFF, 0x6F, 0x00, 0x00, 0x00, 0xF3, 0xFF, 0xFF, 0xFF,
    0x1B, 0x00, 0x00, 0x40, 0xFF, 0x7F, 0x00, 0x00, 0x00, 0xF4, 0xFF, 0xFF, 0xCF, 0x01, 0x00, 0x00,
    0x70, 0xFF, 0x6F, 0x00, 0x00, 0x00, 0xF6, 0xFF, 0xFF, 0x1D, 0x00, 0x00, 0x00, 0xE3, 0xFF, 0x4F,
    0x81, 0x88, 0x98, 0xFE, 0xFF, 0xFF, 0x8B, 0x88, 0x88, 0xB9, 0xFF, 0xFF, 0x0E, 0xF2, 0xFF, 0xFF,
    0xFF, 0xFF, 0xFF, 0xFF, 0xFF, 0xFF, 0xFF, 0xFF, 0xFF, 0x07, 0xF2, 0xFF, 0xFF, 0xFF, 0xFF, 0xFF,
    0xFF, 0xFF, 0xFF, 0xFF, 0xFF, 0xBF, 0x00, 0x30, 0xFC, 0xFF, 0xFF, 0xFF, 0xFF, 0xFF, 0xFF, 0xFF,
    0xFF, 0xFF, 0x0A, 0x00, 0x00, 0x40, 0xD9, 0xFF, 0xFF, 0xFF, 0xFF, 0xFF, 0xFF, 0xEF, 0x4A, 0x00,
    0x00,
    // Unicode: [0xFEC6, uFEC6]
    0x00, 0x00, 0x00, 0xF1, 0xFF, 0x0E, 0x00, 0x00, 0xFA, 0xFF, 0x06, 0x00, 0x00, 0x00, 0x00, 0x00,
    0x00, 0x00, 0xF1, 0xFF, 0x0E, 0x00, 0x00, 0xFA, 0xFF, 0x06, 0x00, 0x00, 0x00, 0x00, 0x00, 0x00,
    0x00, 0xF1, 0xFF, 0x0E, 0x00, 0x00, 0xFA, 0xFF, 0x06, 0x00, 0x00, 0x00, 0x00, 0x00, 0x00, 0x00,
    0xF1, 0xFF, 0x0E, 0x00, 0x00, 0xFA, 0xFF, 0x06, 0x00, 0x00, 0x00, 0x00, 0x00, 0x00, 0x00, 0xF1,
    0xFF, 0x0E, 0x00, 0x00, 0x00, 0x00, 0x00, 0x00, 0x00, 0x00, 0x00, 0x00, 0x00, 0x00, 0xF1, 0xFF,
    0x0E, 0x00, 0x00, 0x00, 0x00, 0x00, 0x00, 0x00, 0x00, 0x00, 0x00, 0x00, 0x00, 0xF1, 0xFF, 0x0E,
    0x00, 0x00, 0x00, 0x43, 0x14, 0x00, 0x00, 0x00, 0x00, 0x00, 0x00, 0x00, 0xF1, 0xFF, 0x0E, 0x00,
    0x10, 0xE7, 0xFF, 0xEF, 0x18, 0x00, 0x00, 0x00, 0x00, 0x00, 0x00, 0xF1, 0xFF, 0x0E, 0x00, 0xD3,
    0xFF, 0xFF, 0xFF, 0xCF, 0x01, 0x00, 0x00, 0x00, 0x00, 0x00, 0xF1, 0xFF, 0x0E, 0x50, 0xFF, 0xFF,
    0xFF, 0xFF, 0xFF, 0x0A, 0x00, 0x00, 0x00, 0x00, 0x00, 0xF1, 0xFF, 0x0E, 0xF6, 0xFF, 0xFF, 0xFF,
    0xFF, 0xFF, 0x3F, 0x00, 0x00, 0x00, 0x00, 0x00, 0xF1, 0xFF, 0x4E, 0xFF, 0xFF, 0x8E, 0x12, 0xE5,
    0xFF, 0x9F, 0x00, 0x00, 0x00, 0x00, 0x00, 0xF1, 0xFF, 0xEF, 0xFF, 0xDF, 0x02, 0x00, 0x50, 0xFF,
    0xCF, 0x00, 0x00, 0x00, 0x00, 0x00, 0xF1, 0xFF, 0xFF, 0xFF, 0x1C, 0x00, 0x00, 0x30, 0xFF, 0xCF,
    0x00, 0x00, 0x00, 0x00, 0x00, 0xF2, 0xFF, 0xFF, 0xDF, 0x01, 0x00, 0x00, 0x50, 0xFF, 0xBF, 0x00,
    0x00, 0x00, 0x00, 0x00, 0xF7, 0xFF, 0xFF, 0x2E, 0x00, 0x00, 0x00, 0xD2, 0xFF, 0x9F, 0x00, 0x00,
    0x81, 0x88, 0xA8, 0xFF, 0xFF, 0xFF, 0x8C, 0x88, 0x88, 0xA9, 0xFF, 0xFF, 0xFF, 0x9B, 0x18, 0xF2,
    0xFF, 0xFF, 0xFF, 0xFF, 0xFF, 0xFF, 0xFF, 0xFF, 0xFF, 0xFF, 0xFF, 0xFF, 0xFF, 0x1F, 0xF2, 0xFF,
    0xFF, 0xFF, 0xFF, 0xFF, 0xFF, 0xFF, 0xFF, 0xFF, 0xFF, 0xFF, 0xFF, 0xFF, 0x1F, 0x40, 0xFB, 0xFF,
    0xFF, 0xFF, 0xFF, 0xFF, 0xFF, 0xFF, 0xFF, 0xFF, 0x5E, 0xFB, 0xFF, 0x1F, 0x00, 0x20, 0xC7, 0xFE,
    0xFF, 0xFF, 0xFF, 0xFF, 0xFF, 0xEF, 0x8C, 0x01, 0x60, 0xEC, 0x1F,
    // Unicode: [0xFEC7, uFEC7]
    0x00, 0x00, 0xFF, 0xFF, 0x00, 0x00, 0x90, 0xFF, 0x7F, 0x00, 0x00, 0x00, 0x00, 0x00, 0xFF, 0xFF,
    0x00, 0x00, 0x90, 0xFF, 0x7F, 0x00, 0x00, 0x00, 0x00, 0x00, 0xFF, 0xFF, 0x00, 0x00, 0x90, 0xFF,
    0x7F, 0x00, 0x00, 0x00, 0x00, 0x00, 0xFF, 0xFF, 0x00, 0x00, 0x90, 0xFF, 0x7F, 0x00, 0x00, 0x00,
    0x00, 0x00, 0xFF, 0xFF, 0x00, 0x00, 0x00, 0x00, 0x00, 0x00, 0x00, 0x00, 0x00, 0x00, 0xFF, 0xFF,
    0x00, 0x00, 0x00, 0x00, 0x00, 0x00, 0x00, 0x00, 0x00, 0x00, 0xFF, 0xFF, 0x00, 0x00, 0x00, 0x30,
    0x44, 0x01, 0x00, 0x00, 0x00, 0x00, 0xFF, 0xFF, 0x00, 0x00, 0x70, 0xFD, 0xFF, 0x7E, 0x00, 0x00,
    0x00, 0x00, 0xFF, 0xFF, 0x00, 0x30, 0xFD, 0xFF, 0xFF, 0xFF, 0x0A, 0x00, 0x00, 0x00, 0xFF, 0xFF,
    0x00, 0xE4, 0xFF, 0xFF, 0xFF, 0xFF, 0x7F, 0x00, 0x00, 0x00, 0xFF, 0xFF, 0x50, 0xFF, 0xFF, 0xFF,
    0xFF, 0xFF, 0xEF, 0x01, 0x00, 0x00, 0xFF, 0xFF, 0xF4, 0xFF, 0xFF, 0x28, 0x51, 0xFE, 0xFF, 0x06,
    0x00, 0x00, 0xFF, 0xFF, 0xFE, 0xFF, 0x3D, 0x00, 0x00, 0xF5, 0xFF, 0x09, 0x00, 0x00, 0xFF, 0xFF,
    0xFF, 0xDF, 0x02, 0x00, 0x00, 0xF2, 0xFF, 0x0A, 0x00, 0x10, 0xFF, 0xFF, 0xFF, 0x2D, 0x00, 0x00,
    0x00, 0xF4, 0xFF, 0x09, 0x00, 0x70, 0xFF, 0xFF, 0xEF, 0x03, 0x00, 0x00, 0x10, 0xFC, 0xFF, 0x06,
    0x94, 0xFC, 0xFF, 0xFF, 0xCF, 0x88, 0x88, 0x98, 0xEA, 0xFF, 0xFF, 0x02, 0xF8, 0xFF, 0xFF, 0xFF,
    0xFF, 0xFF, 0xFF, 0xFF, 0xFF, 0xFF, 0x9F, 0x00, 0xF8, 0xFF, 0xFF, 0xFF, 0xFF, 0xFF, 0xFF, 0xFF,
    0xFF, 0xFF, 0x1D, 0x00, 0xF8, 0xFF, 0xFF, 0xFF, 0xFF, 0xFF, 0xFF, 0xFF, 0xFF, 0xBF, 0x01, 0x00,
    0xF8, 0xFF, 0xFF, 0xFF, 0xFF, 0xFF, 0xFF, 0xFF, 0xBE, 0x05, 0x00, 0x00,
    // Unicode: [0xFEC8, uFEC8]
    0x00, 0x00, 0xFF, 0xFF, 0x00, 0x00, 0x90, 0xFF, 0x7F, 0x00, 0x00, 0x00, 0x00, 0x00, 0x00, 0x00,
    0xFF, 0xFF, 0x00, 0x00, 0x90, 0xFF, 0x7F, 0x00, 0x00, 0x00, 0x00, 0x00, 0x00, 0x00, 0xFF, 0xFF,
    0x00, 0x00, 0x90, 0xFF, 0x7F, 0x00, 0x00, 0x00, 0x00, 0x00, 0x00, 0x00, 0xFF, 0xFF, 0x00, 0x00,
    0x90, 0xFF, 0x7F, 0x00, 0x00, 0x00, 0x00, 0x00, 0x00, 0x00, 0xFF, 0xFF, 0x00, 0x00, 0x00, 0x00,
    0x00, 0x00, 0x00, 0x00, 0x00, 0x00, 0x00, 0x00, 0xFF, 0xFF, 0x00, 0x00, 0x00, 0x00, 0x00, 0x00,
    0x00, 0x00, 0x00, 0x00, 0x00, 0x00, 0xFF, 0xFF, 0x00, 0x00, 0x00, 0x30, 0x44, 0x01, 0x00, 0x00,
    0x00, 0x00, 0x00, 0x00, 0xFF, 0xFF, 0x00, 0x00, 0x70, 0xFD, 0xFF, 0x8F, 0x01, 0x00, 0x00, 0x00,
    0x00, 0x00, 0xFF, 0xFF, 0x00, 0x30, 0xFD, 0xFF, 0xFF, 0xFF, 0x1C, 0x00, 0x00, 0x00, 0x00, 0x00,
    0xFF, 0xFF, 0x00, 0xE4, 0xFF, 0xFF, 0xFF, 0xFF, 0xBF, 0x00, 0x00, 0x00, 0x00, 0x00, 0xFF, 0xFF,
    0x50, 0xFF, 0xFF, 0xFF, 0xFF, 0xFF, 0xFF, 0x04, 0x00, 0x00, 0x00, 0x00, 0xFF, 0xFF, 0xF4, 0xFF,
    0xFF, 0x28, 0x51, 0xFE, 0xFF, 0x0A, 0x00, 0x00, 0x00, 0x00, 0xFF, 0xFF, 0xFE, 0xFF, 0x3D, 0x00,
    0x00, 0xF5, 0xFF, 0x0D, 0x00, 0x00, 0x00, 0x00, 0xFF, 0xFF, 0xFF, 0xDF, 0x02, 0x00, 0x00, 0xF2,
    0xFF, 0x0D, 0x00, 0x00, 0x00, 0x10, 0xFF, 0xFF, 0xFF, 0x2D, 0x00, 0x00, 0x00, 0xF4, 0xFF, 0x0C,
    0x00, 0x00, 0x00, 0x60, 0xFF, 0xFF, 0xEF, 0x03, 0x00, 0x00, 0x10, 0xFC, 0xFF, 0x0A, 0x00, 0x00,
    0x94, 0xFB, 0xFF, 0xFF, 0xCF, 0x88, 0x88, 0x98, 0xEA, 0xFF, 0xFF, 0xCF, 0x89, 0x01, 0xF8, 0xFF,
    0xFF, 0xFF, 0xFF, 0xFF, 0xFF, 0xFF, 0xFF, 0xFF, 0xFF, 0xFF, 0xFF, 0x02, 0xF8, 0xFF, 0xFF, 0xFF,
    0xFF, 0xFF, 0xFF, 0xFF, 0xFF, 0xFF, 0xFF, 0xFF, 0xFF, 0x02, 0xF8, 0xFF, 0xFF, 0xFF, 0xFF, 0xFF,
    0xFF, 0xFF, 0xFF, 0xEF, 0xB5, 0xFF, 0xFF, 0x02, 0xF8, 0xFF, 0xFF, 0xFF, 0xFF, 0xFF, 0xFF, 0xFF,
    0xCE, 0x28, 0x00, 0xC7, 0xFE, 0x02,
    // Unicode: [0xFEC9, u0639]
    0x00, 0x00, 0x00, 0x30, 0xA8, 0xBB, 0x2B, 0x00, 0x00, 0x00, 0x00, 0x00, 0x30, 0xFC, 0xFF, 0xFF,
    0x3F, 0x00, 0x00, 0x00, 0x00, 0x00, 0xF5, 0xFF, 0xFF, 0xFF, 0x3F, 0x00, 0x00, 0x00, 0x00, 0x20,
    0xFF, 0xFF, 0xFF, 0xFF, 0x3F, 0x00, 0x00, 0x00, 0x00, 0xA0, 0xFF, 0xFF, 0x6C, 0x12, 0x01, 0x00,
    0x00, 0x00, 0x00, 0xE0, 0xFF, 0x9F, 0x00, 0x00, 0x00, 0x00, 0x00, 0x00, 0x00, 0xF0, 0xFF, 0x0E,
    0x00, 0x00, 0x00, 0x00, 0x00, 0x00, 0x00, 0xE0, 0xFF, 0x0E, 0x00, 0x00, 0x00, 0x82, 0x08, 0x00,
    0x00, 0xA0, 0xFF, 0x6F, 0x00, 0x00, 0xB5, 0xFF, 0x2F, 0x00, 0x00, 0x30, 0xFF, 0xFF, 0x8C, 0xE9,
    0xFF, 0xFF, 0x9F, 0x00, 0x00, 0x00, 0xF9, 0xFF, 0xFF, 0xFF, 0xFF, 0xFF, 0x8E, 0x00, 0x00, 0x00,
    0xB0, 0xFF, 0xFF, 0xFF, 0xFF, 0x6C, 0x01, 0x00, 0x00, 0x00, 0xA0, 0xFF, 0xFF, 0xFF, 0x3A, 0x00,
    0x00, 0x00, 0x00, 0x10, 0xFB, 0xFF, 0xFF, 0x2A, 0x00, 0x00, 0x00, 0x00, 0x00, 0xB0, 0xFF, 0xFF,
    0x3D, 0x00, 0x00, 0x00, 0x00, 0x00, 0x00, 0xF8, 0xFF, 0xAF, 0x01, 0x00, 0x00, 0x00, 0x00, 0x00,
    0x20, 0xFF, 0xFF, 0x09, 0x00, 0x00, 0x00, 0x00, 0x00, 0x00, 0x90, 0xFF, 0xBF, 0x00, 0x00, 0x00,
    0x00, 0x00, 0x00, 0x00, 0xD0, 0xFF, 0x3F, 0x00, 0x00, 0x00, 0x00, 0x00, 0x00, 0x00, 0xF1, 0xFF,
    0x0E, 0x00, 0x00, 0x00, 0x00, 0x00, 0x00, 0x00, 0xF2, 0xFF, 0x0E, 0x00, 0x00, 0x00, 0x00, 0x00,
    0x00, 0x00, 0xF1, 0xFF, 0x3F, 0x00, 0x00, 0x00, 0x00, 0x00, 0x00, 0x00, 0xD0, 0xFF, 0xBF, 0x00,
    0x00, 0x00, 0x00, 0x00, 0x00, 0x00, 0x80, 0xFF, 0xFF, 0x3C, 0x00, 0x00, 0x00, 0x10, 0xB6, 0x08,
    0x20, 0xFE, 0xFF, 0xFF, 0xAD, 0x78, 0x98, 0xFC, 0xFF, 0x1E, 0x00, 0xF6, 0xFF, 0xFF, 0xFF, 0xFF,
    0xFF, 0xFF, 0xFF, 0x8F, 0x00, 0x60, 0xFF, 0xFF, 0xFF, 0xFF, 0xFF, 0xFF, 0xFF, 0xCF, 0x00, 0x00,
    0xC3, 0xFF, 0xFF, 0xFF, 0xFF, 0xFF, 0xCF, 0x06, 0x00, 0x00, 0x00, 0x83, 0xEC, 0xEF, 0xCD, 0x59,
    0x02, 0x00,
    // Unicode: [0xFECA, uFECA]
    0x00, 0x00, 0x00, 0x00, 0x30, 0x76, 0x47, 0x01, 0x00, 0x00, 0x00, 0x00, 0x00, 0x70, 0xFE, 0xFF,
    0xFF, 0x8E, 0x01, 0x00, 0x00, 0x00, 0x00, 0xFB, 0xFF, 0xFF, 0xFF, 0xFF, 0x0C, 0x00, 0x00, 0x00,
    0x40, 0xFF, 0xFF, 0xFF, 0xFF, 0xFF, 0x4F, 0x00, 0x00, 0x00, 0x30, 0xFF, 0xFF, 0xFF, 0xFF, 0xFF,
    0x4F, 0x00, 0x00, 0x00, 0x00, 0xF9, 0xFF, 0xFF, 0xFF, 0xFF, 0x1E, 0x00, 0x00, 0x00, 0x00, 0xB0,
    0xFF, 0xFF, 0xFF, 0xFF, 0x07, 0x00, 0x00, 0x00, 0x00, 0x00, 0xFB, 0xFF, 0xFF, 0xCF, 0x00, 0x00,
    0x00, 0x00, 0x00, 0x00, 0xE2, 0xFF, 0xFF, 0x4F, 0x00, 0x00, 0x00, 0x00, 0x00, 0x70, 0xFE, 0xFF,
    0xFF, 0xFF, 0x9B, 0x18, 0x00, 0x00, 0x30, 0xFD, 0xFF, 0xFF, 0xFF, 0xFF, 0xFF, 0x3F, 0x00, 0x00,
    0xF6, 0xFF, 0xFF, 0x6E, 0xF6, 0xFF, 0xFF, 0x3F, 0x00, 0x60, 0xFF, 0xFF, 0x9F, 0x01, 0x30, 0xFD,
    0xFF, 0x3F, 0x00, 0xF5, 0xFF, 0xEF, 0x04, 0x00, 0x00, 0x60, 0xEB, 0x3F, 0x10, 0xFE, 0xFF, 0x2D,
    0x00, 0x00, 0x00, 0x00, 0x00, 0x00, 0x80, 0xFF, 0xEF, 0x02, 0x00, 0x00, 0x00, 0x00, 0x00, 0x00,
    0xD0, 0xFF, 0x6F, 0x00, 0x00, 0x00, 0x00, 0x00, 0x00, 0x00, 0xF1, 0xFF, 0x0F, 0x00, 0x00, 0x00,
    0x00, 0x00, 0x00, 0x00, 0xF2, 0xFF, 0x0E, 0x00, 0x00, 0x00, 0x00, 0x00, 0x00, 0x00, 0xF1, 0xFF,
    0x2F, 0x00, 0x00, 0x00, 0x00, 0x00, 0x00, 0x00, 0xD0, 0xFF, 0xAF, 0x00, 0x00, 0x00, 0x00, 0x00,
    0x00, 0x00, 0x80, 0xFF, 0xFF, 0x3B, 0x00, 0x00, 0x00, 0x00, 0x42, 0x00, 0x20, 0xFE, 0xFF, 0xFF,
    0xAD, 0x78, 0x98, 0xEB, 0xEF, 0x01, 0x00, 0xF5, 0xFF, 0xFF, 0xFF, 0xFF, 0xFF, 0xFF, 0xFF, 0x05,
    0x00, 0x50, 0xFF, 0xFF, 0xFF, 0xFF, 0xFF, 0xFF, 0xFF, 0x0A, 0x00, 0x00, 0xB2, 0xFF, 0xFF, 0xFF,
    0xFF, 0xFF, 0xDF, 0x07, 0x00, 0x00, 0x00, 0x83, 0xEB, 0xFF, 0xCE, 0x6A, 0x02, 0x00,
    // Unicode: [0xFECB, uFECB]
    0x00, 0x00, 0x40, 0xDA, 0xFF, 0xBE, 0x27, 0x00, 0x00, 0x00, 0x10, 0xFA, 0xFF, 0xFF, 0xFF, 0xFF,
    0x3B, 0x00, 0x00, 0xB0, 0xFF, 0xFF, 0xFF, 0xFF, 0xFF, 0xFF, 0x02, 0x00, 0xF5, 0xFF, 0xFF, 0xFF,
    0xFF, 0xFF, 0x9F, 0x00, 0x00, 0xFB, 0xFF, 0xCF, 0x14, 0x31, 0xC7, 0x2F, 0x00, 0x00, 0xFD, 0xFF,
    0x1D, 0x00, 0x00, 0x00, 0x02, 0x00, 0x00, 0xFC, 0xFF, 0x09, 0x00, 0x00, 0x00, 0x00, 0x00, 0x00,
    0xFA, 0xFF, 0x0B, 0x00, 0x00, 0x00, 0x00, 0x00, 0x00, 0xF5, 0xFF, 0x8F, 0x01, 0x00, 0x00, 0x00,
    0x00, 0x84, 0xF9, 0xFF, 0xFF, 0xBE, 0x89, 0x88, 0x88, 0x08, 0xF8, 0xFF, 0xFF, 0xFF, 0xFF, 0xFF,
    0xFF, 0xFF, 0x0E, 0xF8, 0xFF, 0xFF, 0xFF, 0xFF, 0xFF, 0xFF, 0xFF, 0x0E, 0xF8, 0xFF, 0xFF, 0xFF,
    0xFF, 0xFF, 0xFF, 0xFF, 0x0E, 0xF8, 0xFF, 0xFF, 0xFF, 0xFF, 0xFF, 0xFF, 0xFF, 0x0E,
    // Unicode: [0xFECC, uFECC]
    0x00, 0x00, 0x83, 0xDB, 0xEF, 0x6B, 0x00, 0x00, 0x00, 0xC2, 0xFF, 0xFF, 0xFF, 0xFF, 0x0B, 0x00,
    0x00, 0xFD, 0xFF, 0xFF, 0xFF, 0xFF, 0x6F, 0x00, 0x20, 0xFF, 0xFF, 0xFF, 0xFF, 0xFF, 0x8F, 0x00,
    0x00, 0xFB, 0xFF, 0xFF, 0xFF, 0xFF, 0x5F, 0x00, 0x00, 0xD2, 0xFF, 0xFF, 0xFF, 0xFF, 0x0D, 0x00,
    0x00, 0x20, 0xFD, 0xFF, 0xFF, 0xFF, 0x04, 0x00, 0x00, 0x00, 0xC1, 0xFF, 0xFF, 0xAF, 0x00, 0x00,
    0x84, 0xA9, 0xFC, 0xFF, 0xFF, 0xFF, 0x9C, 0x78, 0xF8, 0xFF, 0xFF, 0xFF, 0xFF, 0xFF, 0xFF, 0xCF,
    0xF8, 0xFF, 0xFF, 0xFF, 0xDC, 0xFF, 0xFF, 0xCF, 0xF8, 0xFF, 0xFF, 0xAF, 0x10, 0xF9, 0xFF, 0xCF,
    0xF8, 0xFF, 0xAD, 0x04, 0x00, 0x30, 0xD9, 0xCF,
    // Unicode: [0xFED1, u0641]
    0x00, 0x00, 0x00, 0x00, 0x00, 0x00, 0x00, 0x00, 0x00, 0x00, 0x00, 0xC0, 0xFF, 0x4F, 0x00, 0x00,
    0x00, 0x00, 0x00, 0x00, 0x00, 0x00, 0x00, 0x00, 0x00, 0x00, 0x00, 0x00, 0xC0, 0xFF, 0x4F, 0x00,
    0x00, 0x00, 0x00, 0x00, 0x00, 0x00, 0x00, 0x00, 0x00, 0x00, 0x00, 0x00, 0x00, 0xC0, 0xFF, 0x4F,
    0x00, 0x00, 0x00, 0x00, 0x00, 0x00, 0x00, 0x00, 0x00, 0x00, 0x00, 0x00, 0x00, 0x00, 0xC0, 0xFF,
    0x4F, 0x00, 0x00, 0x00, 0x00, 0x00, 0x00, 0x00, 0x00, 0x00, 0x00, 0x00, 0x00, 0x00, 0x00, 0x10,
    0x11, 0x01, 0x00, 0x00, 0x00, 0x00, 0x00, 0x00, 0x00, 0x00, 0x00, 0x00, 0x00, 0x00, 0x00, 0x00,
    0x80, 0xED, 0x7C, 0x01, 0x00, 0x00, 0x00, 0x00, 0x00, 0x00, 0x00, 0x00, 0x00, 0x00, 0x00, 0x00,
    0x00, 0xFA, 0xFF, 0xFF, 0x2D, 0x00, 0x00, 0x00, 0x00, 0x00, 0x00, 0x00, 0x00, 0x00, 0x00, 0x00,
    0x00, 0x40, 0xFF, 0xFF, 0xFF, 0xDF, 0x01, 0x00, 0x00, 0x00, 0x00, 0x00, 0x00, 0x00, 0x00, 0x00,
    0x00, 0x00, 0xB0, 0xFF, 0xFF, 0xFF, 0xFF, 0x09, 0x00, 0x00, 0x00, 0x00, 0x00, 0x00, 0x00, 0x00,
    0x00, 0x00, 0x00, 0xE0, 0xFF, 0x17, 0xE4, 0xFF, 0x2F, 0x00, 0x00, 0x00, 0x00, 0x00, 0x00, 0x00,
    0x00, 0x00, 0x00, 0x00, 0xF1, 0xFF, 0x01, 0x50, 0xFF, 0x8F, 0x00, 0x00, 0x00, 0x00, 0x00, 0x00,
    0x00, 0x00, 0x00, 0x00, 0x00, 0xF0, 0xFF, 0x04, 0x00, 0xFF, 0xDF, 0x00, 0x00, 0x00, 0x00, 0x00,
    0x00, 0x00, 0x00, 0x00, 0x00, 0x00, 0xD0, 0xFF, 0x7E, 0x86, 0xFF, 0xFF, 0x01, 0x61, 0x66, 0x06,
    0x00, 0x00, 0x00, 0x00, 0x00, 0x00, 0x00, 0x70, 0xFF, 0xFF, 0xFF, 0xFF, 0xFF, 0x03, 0xF2, 0xFF,
    0x0D, 0x00, 0x00, 0x00, 0x00, 0x00, 0x00, 0x00, 0x00, 0xFC, 0xFF, 0xFF, 0xFF, 0xFF, 0x04, 0xF2,
    0xFF, 0x0E, 0x00, 0x00, 0x00, 0x00, 0x00, 0x00, 0x00, 0x00, 0x81, 0xFD, 0xCE, 0xFE, 0xFF, 0x04,
    0xF1, 0xFF, 0x5F, 0x00, 0x00, 0x00, 0x00, 0x00, 0x00, 0x00, 0x00, 0x00, 0x00, 0x20, 0xFE, 0xFF,
    0x03, 0xF0, 0xFF, 0xFF, 0x9B, 0x88, 0x88, 0x88, 0x88, 0x88, 0x88, 0x88, 0x88, 0x98, 0xEB, 0xFF,
    0xFF, 0x01, 0xB0, 0xFF, 0xFF, 0xFF, 0xFF, 0xFF, 0xFF, 0xFF, 0xFF, 0xFF, 0xFF, 0xFF, 0xFF, 0xFF,
    0xFF, 0xCF, 0x00, 0x50, 0xFF, 0xFF, 0xFF, 0xFF, 0xFF, 0xFF, 0xFF, 0xFF, 0xFF, 0xFF, 0xFF, 0xFF,
    0xFF, 0xFF, 0x4F, 0x00, 0x00, 0xF9, 0xFF, 0xFF, 0xFF, 0xFF, 0xFF, 0xFF, 0xFF, 0xFF, 0xFF, 0xFF,
    0xFF, 0xFF, 0xFF, 0x07, 0x00, 0x00, 0x50, 0xEB, 0xFF, 0xFF, 0xFF, 0xFF, 0xFF, 0xFF, 0xFF, 0xFF,
    0xFF, 0xFF, 0xDE, 0x39, 0x00, 0x00,
    // Unicode: [0xFED2, uFED2]
    0x00, 0x00, 0x00, 0x00, 0x00, 0x00, 0x00, 0x00, 0x00, 0x00, 0x00, 0x00, 0xB0, 0xFF, 0x5F, 0x00,
    0x00, 0x00, 0x00, 0x00, 0x00, 0x00, 0x00, 0x00, 0x00, 0x00, 0x00, 0x00, 0x00, 0x00, 0xB0, 0xFF,
    0x5F, 0x00, 0x00, 0x00, 0x00, 0x00, 0x00, 0x00, 0x00, 0x00, 0x00, 0x00, 0x00, 0x00, 0x00, 0x00,
    0xB0, 0xFF, 0x5F, 0x00, 0x00, 0x00, 0x00, 0x00, 0x00, 0x00, 0x00, 0x00, 0x00, 0x00, 0x00, 0x00,
    0x00, 0x00, 0xB0, 0xFF, 0x5F, 0x00, 0x00, 0x00, 0x00, 0x00, 0x00, 0x00, 0x00, 0x00, 0x00, 0x00,
    0x00, 0x00, 0x00, 0x00, 0x10, 0x11, 0x01, 0x00, 0x00, 0x00, 0x00, 0x00, 0x00, 0x00, 0x00, 0x00,
    0x00, 0x00, 0x00, 0x00, 0x00, 0x00, 0x00, 0x00, 0x00, 0x00, 0x00, 0x00, 0x00, 0x00, 0x00, 0x00,
    0x00, 0x00, 0x00, 0x00, 0x00, 0x00, 0x00, 0x00, 0x72, 0xA9, 0x69, 0x01, 0x00, 0x00, 0x00, 0x00,
    0x00, 0x00, 0x00, 0x00, 0x00, 0x00, 0x00, 0x00, 0x00, 0x70, 0xFF, 0xFF, 0xFF, 0x6F, 0x00, 0x00,
    0x00, 0x00, 0x00, 0x00, 0x00, 0x00, 0x00, 0x00, 0x00, 0x00, 0x00, 0xF5, 0xFF, 0xFF, 0xFF, 0xFF,
    0x03, 0x00, 0x00, 0x00, 0x00, 0x00, 0x00, 0x00, 0x00, 0x00, 0x00, 0x00, 0x00, 0xFC, 0xFF, 0xFF,
    0xFF, 0xFF, 0x0A, 0x00, 0x00, 0x00, 0x00, 0x00, 0x00, 0x00, 0x00, 0x00, 0x00, 0x00, 0x10, 0xFF,
    0xCF, 0x02, 0xE5, 0xFF, 0x0D, 0x00, 0xB1, 0xBB, 0x09, 0x00, 0x00, 0x00, 0x00, 0x00, 0x00, 0x00,
    0x10, 0xFF, 0x7F, 0x00, 0xB0, 0xFF, 0x0D, 0x00, 0xF2, 0xFF, 0x0D, 0x00, 0x00, 0x00, 0x00, 0x00,
    0x00, 0x00, 0x00, 0xFF, 0xBF, 0x00, 0xE1, 0xFF, 0x0B, 0x00, 0xF2, 0xFF, 0x0E, 0x00, 0x00, 0x00,
    0x00, 0x00, 0x00, 0x00, 0x00, 0xFA, 0xFF, 0x29, 0xFB, 0xFF, 0x05, 0x00, 0xF1, 0xFF, 0x6F, 0x00,
    0x00, 0x00, 0x00, 0x00, 0x00, 0x00, 0x00, 0xE2, 0xFF, 0xFF, 0xFF, 0xBF, 0x00, 0x00, 0xE0, 0xFF,
    0xFF, 0x9B, 0x88, 0x88, 0x88, 0x88, 0x88, 0x88, 0x88, 0xB8, 0xFF, 0xFF, 0xFF, 0x9F, 0x88, 0x28,
    0x90, 0xFF, 0xFF, 0xFF, 0xFF, 0xFF, 0xFF, 0xFF, 0xFF, 0xFF, 0xFF, 0xFF, 0xFF, 0xFF, 0xFF, 0xFF,
    0xFF, 0x4F, 0x20, 0xFF, 0xFF, 0xFF, 0xFF, 0xFF, 0xFF, 0xFF, 0xFF, 0xFF, 0xFF, 0xFF, 0xFF, 0xFF,
    0xFF, 0xFF, 0xFF, 0x4F, 0x00, 0xF5, 0xFF, 0xFF, 0xFF, 0xFF, 0xFF, 0xFF, 0xFF, 0xFF, 0xFF, 0xFF,
    0xFF, 0x39, 0xFB, 0xFF, 0xFF, 0x4F, 0x00, 0x20, 0xDA, 0xFF, 0xFF, 0xFF, 0xFF, 0xFF, 0xFF, 0xFF,
    0xFF, 0xCE, 0x28, 0x00, 0x30, 0xD9, 0xFF, 0x4F,
    // Unicode: [0xFED3, uFED3]
    0x00, 0x00, 0x20, 0xFF, 0xEF, 0x00, 0x00, 0x00, 0x00, 0x00, 0x20, 0xFF, 0xEF, 0x00, 0x00, 0x00,
    0x00, 0x00, 0x20, 0xFF, 0xEF, 0x00, 0x00, 0x00, 0x00, 0x00, 0x20, 0xFF, 0xEF, 0x00, 0x00, 0x00,
    0x00, 0x00, 0x00, 0x11, 0x11, 0x00, 0x00, 0x00, 0x00, 0x00, 0x20, 0xEA, 0xBE, 0x05, 0x00, 0x00,
    0x00, 0x00, 0xD1, 0xFF, 0xFF, 0xBF, 0x01, 0x00, 0x00, 0x00, 0xF9, 0xFF, 0xFF, 0xFF, 0x0A, 0x00,
    0x00, 0x10, 0xFF, 0xFF, 0xFF, 0xFF, 0x5F, 0x00, 0x00, 0x40, 0xFF, 0x4F, 0x51, 0xFE, 0xDF, 0x00,
    0x00, 0x50, 0xFF, 0x0D, 0x00, 0xF7, 0xFF, 0x04, 0x00, 0x30, 0xFF, 0x7F, 0x01, 0xF5, 0xFF, 0x08,
    0x00, 0x00, 0xFE, 0xFF, 0xFF, 0xFF, 0xFF, 0x0B, 0x00, 0x00, 0xF6, 0xFF, 0xFF, 0xFF, 0xFF, 0x0E,
    0x00, 0x00, 0x70, 0xFE, 0xFF, 0xFF, 0xFF, 0x0F, 0x00, 0x00, 0x00, 0x41, 0x55, 0xF3, 0xFF, 0x0F,
    0x00, 0x00, 0x00, 0x00, 0x00, 0xF8, 0xFF, 0x0E, 0x84, 0x88, 0x88, 0x88, 0xC9, 0xFF, 0xFF, 0x0B,
    0xF8, 0xFF, 0xFF, 0xFF, 0xFF, 0xFF, 0xFF, 0x07, 0xF8, 0xFF, 0xFF, 0xFF, 0xFF, 0xFF, 0xDF, 0x01,
    0xF8, 0xFF, 0xFF, 0xFF, 0xFF, 0xFF, 0x3E, 0x00, 0xF8, 0xFF, 0xFF, 0xFF, 0xFF, 0x9D, 0x02, 0x00,
    // Unicode: [0xFED4, uFED4]
    0x00, 0x00, 0x00, 0xF8, 0xFF, 0x07, 0x00, 0x00, 0x00, 0x00, 0x00, 0x00, 0xF8, 0xFF, 0x07, 0x00,
    0x00, 0x00, 0x00, 0x00, 0x00, 0xF8, 0xFF, 0x07, 0x00, 0x00, 0x00, 0x00, 0x00, 0x00, 0xF8, 0xFF,
    0x07, 0x00, 0x00, 0x00, 0x00, 0x00, 0x00, 0x11, 0x11, 0x00, 0x00, 0x00, 0x00, 0x00, 0x00, 0x00,
    0x00, 0x00, 0x00, 0x00, 0x00, 0x00, 0x00, 0x00, 0x10, 0x96, 0x9A, 0x27, 0x00, 0x00, 0x00, 0x00,
    0x00, 0xE5, 0xFF, 0xFF, 0xFF, 0x08, 0x00, 0x00, 0x00, 0x30, 0xFF, 0xFF, 0xFF, 0xFF, 0x5F, 0x00,
    0x00, 0x00, 0xA0, 0xFF, 0xFF, 0xFF, 0xFF, 0xCF, 0x00, 0x00, 0x00, 0xE0, 0xFF, 0x3D, 0x30, 0xFD,
    0xFF, 0x00, 0x00, 0x00, 0xE0, 0xFF, 0x09, 0x00, 0xF8, 0xFF, 0x00, 0x00, 0x00, 0xD0, 0xFF, 0x1D,
    0x00, 0xFC, 0xDF, 0x00, 0x00, 0x00, 0x70, 0xFF, 0xBF, 0xA3, 0xFF, 0x8F, 0x00, 0x00, 0x00, 0x00,
    0xFC, 0xFF, 0xFF, 0xFF, 0x1D, 0x00, 0x00, 0x84, 0x88, 0xFA, 0xFF, 0xFF, 0xFF, 0x8A, 0x88, 0x03,
    0xF8, 0xFF, 0xFF, 0xFF, 0xFF, 0xFF, 0xFF, 0xFF, 0x06, 0xF8, 0xFF, 0xFF, 0xFF, 0xFF, 0xFF, 0xFF,
    0xFF, 0x06, 0xF8, 0xFF, 0xFF, 0xAF, 0xA3, 0xFF, 0xFF, 0xFF, 0x06, 0xF8, 0xEF, 0x8C, 0x02, 0x00,
    0x82, 0xFC, 0xFF, 0x06,
    // Unicode: [0xFED5, u0642]
    0x00, 0x00, 0x00, 0x00, 0x00, 0x60, 0xFF, 0x4F, 0xF8, 0xFF, 0x01, 0x00, 0x00, 0x00, 0x00, 0x00,
    0x00, 0x60, 0xFF, 0x4F, 0xF8, 0xFF, 0x01, 0x00, 0x00, 0x00, 0x00, 0x00, 0x00, 0x60, 0xFF, 0x4F,
    0xF8, 0xFF, 0x01, 0x00, 0x00, 0x00, 0x00, 0x00, 0x00, 0x40, 0xAA, 0x2A, 0xA5, 0xAA, 0x01, 0x00,
    0x00, 0x00, 0x00, 0x00, 0x00, 0x00, 0x00, 0x00, 0x00, 0x00, 0x00, 0x00, 0x00, 0x00, 0x00, 0x00,
    0x00, 0x00, 0x00, 0x00, 0x00, 0x00, 0x00, 0x00, 0x00, 0x00, 0x00, 0x00, 0x00, 0x00, 0x20, 0xEA,
    0xDF, 0x29, 0x00, 0x00, 0x00, 0x00, 0x00, 0x00, 0x00, 0x00, 0xE3, 0xFF, 0xFF, 0xEF, 0x05, 0x00,
    0x00, 0x00, 0x00, 0x00, 0x00, 0x10, 0xFD, 0xFF, 0xFF, 0xFF, 0x4F, 0x00, 0x00, 0x00, 0x00, 0x00,
    0x00, 0x60, 0xFF, 0xFF, 0xFF, 0xFF, 0xEF, 0x01, 0x00, 0x00, 0x00, 0x00, 0x00, 0x90, 0xFF, 0x5F,
    0x41, 0xFD, 0xFF, 0x09, 0x00, 0x00, 0x00, 0x00, 0x00, 0x90, 0xFF, 0x1F, 0x00, 0xE2, 0xFF, 0x1F,
    0x80, 0x8B, 0x04, 0x00, 0x00, 0x80, 0xFF, 0x9F, 0x02, 0xB2, 0xFF, 0x6F, 0xC0, 0xFF, 0x3F, 0x00,
    0x00, 0x40, 0xFF, 0xFF, 0xFF, 0xFF, 0xFF, 0x9F, 0xF0, 0xFF, 0x0F, 0x00, 0x00, 0x00, 0xFD, 0xFF,
    0xFF, 0xFF, 0xFF, 0xBF, 0xF2, 0xFF, 0x0E, 0x00, 0x00, 0x00, 0xD2, 0xFF, 0xFF, 0xFF, 0xFF, 0xCF,
    0xF2, 0xFF, 0x0E, 0x00, 0x00, 0x00, 0x10, 0xA6, 0xBC, 0xB8, 0xFF, 0xBF, 0xF0, 0xFF, 0x1F, 0x00,
    0x00, 0x00, 0x00, 0x00, 0x00, 0xC0, 0xFF, 0xAF, 0xE0, 0xFF, 0x5F, 0x00, 0x00, 0x00, 0x00, 0x00,
    0x00, 0xF3, 0xFF, 0x7F, 0xA0, 0xFF, 0xCF, 0x00, 0x00, 0x00, 0x00, 0x00, 0x10, 0xFD, 0xFF, 0x3F,
    0x60, 0xFF, 0xFF, 0x1A, 0x00, 0x00, 0x00, 0x00, 0xD3, 0xFF, 0xFF, 0x0C, 0x00, 0xFD, 0xFF, 0xDF,
    0x37, 0x01, 0x21, 0xA5, 0xFF, 0xFF, 0xFF, 0x04, 0x00, 0xF5, 0xFF, 0xFF, 0xFF, 0xFF, 0xFF, 0xFF,
    0xFF, 0xFF, 0x8F, 0x00, 0x00, 0x80, 0xFF, 0xFF, 0xFF, 0xFF, 0xFF, 0xFF, 0xFF, 0xFF, 0x09, 0x00,
    0x00, 0x00, 0xF7, 0xFF, 0xFF, 0xFF, 0xFF, 0xFF, 0xFF, 0x6F, 0x00, 0x00, 0x00, 0x00, 0x30, 0xFA,
    0xFF, 0xFF, 0xFF, 0xFF, 0x9E, 0x02, 0x00, 0x00, 0x00, 0x00, 0x00, 0x10, 0x85, 0xA9, 0x9A, 0x47,
    0x00, 0x00, 0x00, 0x00,
    // Unicode: [0xFED6, uFED6]
    0x00, 0x00, 0x00, 0x00, 0x00, 0x50, 0xFF, 0x4F, 0xF7, 0xFF, 0x03, 0x00, 0x00, 0x00, 0x00, 0x00,
    0x00, 0x00, 0x00, 0x50, 0xFF, 0x4F, 0xF7, 0xFF, 0x03, 0x00, 0x00, 0x00, 0x00, 0x00, 0x00, 0x00,
    0x00, 0x50, 0xFF, 0x4F, 0xF7, 0xFF, 0x03, 0x00, 0x00, 0x00, 0x00, 0x00, 0x00, 0x00, 0x00, 0x30,
    0xAA, 0x3A, 0xA4, 0xAA, 0x02, 0x00, 0x00, 0x00, 0x00, 0x00, 0x00, 0x00, 0x00, 0x00, 0x00, 0x00,
    0x00, 0x00, 0x00, 0x00, 0x00, 0x00, 0x00, 0x00, 0x00, 0x00, 0x00, 0x00, 0x00, 0x00, 0x00, 0x00,
    0x00, 0x00, 0x00, 0x00, 0x00, 0x00, 0x00, 0x00, 0x00, 0x00, 0x20, 0xE9, 0xDF, 0x29, 0x00, 0x00,
    0x00, 0x00, 0x00, 0x00, 0x00, 0x00, 0x00, 0x00, 0xD2, 0xFF, 0xFF, 0xEF, 0x05, 0x00, 0x00, 0x00,
    0x00, 0x00, 0x00, 0x00, 0x00, 0x00, 0xFC, 0xFF, 0xFF, 0xFF, 0x5F, 0x00, 0x00, 0x00, 0x00, 0x00,
    0x00, 0x00, 0x00, 0x30, 0xFF, 0xFF, 0xFF, 0xFF, 0xEF, 0x01, 0x00, 0x00, 0x00, 0x00, 0x00, 0x00,
    0x00, 0x70, 0xFF, 0x5F, 0x30, 0xFD, 0xFF, 0x09, 0x00, 0x00, 0x00, 0x00, 0x00, 0x00, 0x00, 0x70,
    0xFF, 0x1F, 0x00, 0xF2, 0xFF, 0x1E, 0x00, 0x00, 0x60, 0x58, 0x01, 0x00, 0x00, 0x60, 0xFF, 0xAF,
    0x24, 0xB2, 0xFF, 0xAF, 0x88, 0x04, 0xB0, 0xFF, 0x3F, 0x00, 0x00, 0x30, 0xFF, 0xFF, 0xFF, 0xFF,
    0xFF, 0xFF, 0xFF, 0x06, 0xF0, 0xFF, 0x1F, 0x00, 0x00, 0x00, 0xFB, 0xFF, 0xFF, 0xFF, 0xFF, 0xFF,
    0xFF, 0x06, 0xF1, 0xFF, 0x0E, 0x00, 0x00, 0x00, 0xD2, 0xFF, 0xFF, 0xFF, 0xFF, 0xFF, 0xFF, 0x06,
    0xF2, 0xFF, 0x0E, 0x00, 0x00, 0x00, 0x10, 0xC7, 0xFE, 0xFF, 0xFF, 0xFF, 0xFF, 0x06, 0xF1, 0xFF,
    0x0F, 0x00, 0x00, 0x00, 0x00, 0x00, 0x00, 0xC0, 0xFF, 0x8F, 0x00, 0x00, 0xE0, 0xFF, 0x4F, 0x00,
    0x00, 0x00, 0x00, 0x00, 0x00, 0xF3, 0xFF, 0x5F, 0x00, 0x00, 0xC0, 0xFF, 0xBF, 0x00, 0x00, 0x00,
    0x00, 0x00, 0x00, 0xFC, 0xFF, 0x1E, 0x00, 0x00, 0x80, 0xFF, 0xFF, 0x08, 0x00, 0x00, 0x00, 0x00,
    0xB1, 0xFF, 0xFF, 0x09, 0x00, 0x00, 0x20, 0xFF, 0xFF, 0xCF, 0x36, 0x01, 0x21, 0x95, 0xFE, 0xFF,
    0xEF, 0x02, 0x00, 0x00, 0x00, 0xF9, 0xFF, 0xFF, 0xFF, 0xFF, 0xFF, 0xFF, 0xFF, 0xFF, 0x5F, 0x00,
    0x00, 0x00, 0x00, 0xC1, 0xFF, 0xFF, 0xFF, 0xFF, 0xFF, 0xFF, 0xFF, 0xFF, 0x05, 0x00, 0x00, 0x00,
    0x00, 0x10, 0xFA, 0xFF, 0xFF, 0xFF, 0xFF, 0xFF, 0xFF, 0x3D, 0x00, 0x00, 0x00, 0x00, 0x00, 0x00,
    0x40, 0xFB, 0xFF, 0xFF, 0xFF, 0xFF, 0x6C, 0x00, 0x00, 0x00, 0x00, 0x00, 0x00, 0x00, 0x00, 0x10,
    0x75, 0x99, 0x78, 0x25, 0x00, 0x00, 0x00, 0x00, 0x00, 0x00,
    // Unicode: [0xFED7, uFED7]
    0x00, 0x50, 0xFF, 0x4F, 0xF7, 0xFF, 0x02, 0x00, 0x00, 0x50, 0xFF, 0x4F, 0xF7, 0xFF, 0x02, 0x00,
    0x00, 0x50, 0xFF, 0x4F, 0xF7, 0xFF, 0x02, 0x00, 0x00, 0x30, 0xAA, 0x3A, 0xA4, 0xAA, 0x01, 0x00,
    0x00, 0x00, 0x00, 0x00, 0x00, 0x00, 0x00, 0x00, 0x00, 0x00, 0x20, 0xEA, 0xBE, 0x05, 0x00, 0x00,
    0x00, 0x00, 0xD1, 0xFF, 0xFF, 0xBF, 0x01, 0x00, 0x00, 0x00, 0xF9, 0xFF, 0xFF, 0xFF, 0x0A, 0x00,
    0x00, 0x10, 0xFF, 0xFF, 0xFF, 0xFF, 0x5F, 0x00, 0x00, 0x40, 0xFF, 0x4F, 0x51, 0xFE, 0xDF, 0x00,
    0x00, 0x50, 0xFF, 0x0D, 0x00, 0xF7, 0xFF, 0x04, 0x00, 0x30, 0xFF, 0x7F, 0x01, 0xF5, 0xFF, 0x08,
    0x00, 0x00, 0xFE, 0xFF, 0xFF, 0xFF, 0xFF, 0x0B, 0x00, 0x00, 0xF6, 0xFF, 0xFF, 0xFF, 0xFF, 0x0E,
    0x00, 0x00, 0x70, 0xFE, 0xFF, 0xFF, 0xFF, 0x0F, 0x00, 0x00, 0x00, 0x41, 0x55, 0xF3, 0xFF, 0x0F,
    0x00, 0x00, 0x00, 0x00, 0x00, 0xF8, 0xFF, 0x0E, 0x84, 0x88, 0x88, 0x88, 0xC9, 0xFF, 0xFF, 0x0B,
    0xF8, 0xFF, 0xFF, 0xFF, 0xFF, 0xFF, 0xFF, 0x07, 0xF8, 0xFF, 0xFF, 0xFF, 0xFF, 0xFF, 0xDF, 0x01,
    0xF8, 0xFF, 0xFF, 0xFF, 0xFF, 0xFF, 0x3E, 0x00, 0xF8, 0xFF, 0xFF, 0xFF, 0xFF, 0x9D, 0x02, 0x00,
    // Unicode: [0xFED8, uFED8]
    0x00, 0x00, 0xFC, 0xCF, 0xE0, 0xFF, 0x0A, 0x00, 0x00, 0x00, 0x00, 0xFC, 0xCF, 0xE0, 0xFF, 0x0A,
    0x00, 0x00, 0x00, 0x00, 0xFC, 0xCF, 0xE0, 0xFF, 0x0A, 0x00, 0x00, 0x00, 0x00, 0xA8, 0x8A, 0x90,
    0xAA, 0x06, 0x00, 0x00, 0x00, 0x00, 0x00, 0x00, 0x00, 0x00, 0x00, 0x00, 0x00, 0x00, 0x00, 0x10,
    0x96, 0x9A, 0x27, 0x00, 0x00, 0x00, 0x00, 0x00, 0xE5, 0xFF, 0xFF, 0xFF, 0x08, 0x00, 0x00, 0x00,
    0x30, 0xFF, 0xFF, 0xFF, 0xFF, 0x5F, 0x00, 0x00, 0x00, 0xA0, 0xFF, 0xFF, 0xFF, 0xFF, 0xCF, 0x00,
    0x00, 0x00, 0xE0, 0xFF, 0x3D, 0x30, 0xFD, 0xFF, 0x00, 0x00, 0x00, 0xE0, 0xFF, 0x09, 0x00, 0xF8,
    0xFF, 0x00, 0x00, 0x00, 0xD0, 0xFF, 0x1D, 0x00, 0xFC, 0xDF, 0x00, 0x00, 0x00, 0x70, 0xFF, 0xBF,
    0xA3, 0xFF, 0x8F, 0x00, 0x00, 0x00, 0x00, 0xFC, 0xFF, 0xFF, 0xFF, 0x1D, 0x00, 0x00, 0x84, 0x88,
    0xFA, 0xFF, 0xFF, 0xFF, 0x8A, 0x88, 0x03, 0xF8, 0xFF, 0xFF, 0xFF, 0xFF, 0xFF, 0xFF, 0xFF, 0x06,
    0xF8, 0xFF, 0xFF, 0xFF, 0xFF, 0xFF, 0xFF, 0xFF, 0x06, 0xF8, 0xFF, 0xFF, 0xAF, 0xA3, 0xFF, 0xFF,
    0xFF, 0x06, 0xF8, 0xEF, 0x8C, 0x02, 0x00, 0x82, 0xFC, 0xFF, 0x06,
    // Unicode: [0xFEDD, u0644]
    0x00, 0x00, 0x00, 0x00, 0x00, 0x00, 0x00, 0x00, 0xFD, 0xCF, 0x00, 0x00, 0x00, 0x00, 0x00, 0x00,
    0x00, 0x00, 0xFD, 0xCF, 0x00, 0x00, 0x00, 0x00, 0x00, 0x00, 0x00, 0x00, 0xFD, 0xCF, 0x00, 0x00,
    0x00, 0x00, 0x00, 0x00, 0x00, 0x00, 0xFD, 0xCF, 0x00, 0x00, 0x00, 0x00, 0x00, 0x00, 0x00, 0x00,
    0xFD, 0xCF, 0x00, 0x00, 0x00, 0x00, 0x00, 0x00, 0x00, 0x00, 0xFD, 0xCF, 0x00, 0x00, 0x00, 0x00,
    0x00, 0x00, 0x00, 0x00, 0xFD, 0xCF, 0x00, 0x00, 0x00, 0x00, 0x00, 0x00, 0x00, 0x00, 0xFD, 0xCF,
    0x00, 0x00, 0x00, 0x00, 0x00, 0x00, 0x00, 0x00, 0xFD, 0xCF, 0x00, 0x00, 0x00, 0x00, 0x00, 0x00,
    0x00, 0x00, 0xFD, 0xCF, 0x00, 0x00, 0x00, 0x00, 0x00, 0x00, 0x00, 0x00, 0xFD, 0xCF, 0x00, 0x00,
    0x00, 0x00, 0x00, 0x00, 0x00, 0x00, 0xFD, 0xCF, 0x00, 0x05, 0x00, 0x00, 0x00, 0x00, 0x00, 0x00,
    0xFD, 0xCF, 0x40, 0xEF, 0x19, 0x00, 0x00, 0x00, 0x00, 0x00, 0xFD, 0xCF, 0x90, 0xFF, 0x1F, 0x00,
    0x00, 0x00, 0x00, 0x00, 0xFD, 0xCF, 0xC0, 0xFF, 0x0D, 0x00, 0x00, 0x00, 0x00, 0x00, 0xFD, 0xCF,
    0xF0, 0xFF, 0x09, 0x00, 0x00, 0x00, 0x00, 0x00, 0xFD, 0xCF, 0xF2, 0xFF, 0x07, 0x00, 0x00, 0x00,
    0x00, 0x00, 0xFD, 0xCF, 0xF1, 0xFF, 0x08, 0x00, 0x00, 0x00, 0x00, 0x00, 0xFE, 0xBF, 0xF0, 0xFF,
    0x0A, 0x00, 0x00, 0x00, 0x00, 0x10, 0xFF, 0xAF, 0xD0, 0xFF, 0x2F, 0x00, 0x00, 0x00, 0x00, 0x70,
    0xFF, 0x7F, 0x90, 0xFF, 0xBF, 0x01, 0x00, 0x00, 0x00, 0xF4, 0xFF, 0x3F, 0x30, 0xFF, 0xFF, 0x7D,
    0x13, 0x20, 0xB5, 0xFF, 0xFF, 0x0C, 0x00, 0xFB, 0xFF, 0xFF, 0xFF, 0xFF, 0xFF, 0xFF, 0xFF, 0x04,
    0x00, 0xE2, 0xFF, 0xFF, 0xFF, 0xFF, 0xFF, 0xFF, 0x7F, 0x00, 0x00, 0x20, 0xFD, 0xFF, 0xFF, 0xFF,
    0xFF, 0xFF, 0x07, 0x00, 0x00, 0x00, 0x81, 0xFE, 0xFF, 0xFF, 0xEF, 0x2A, 0x00, 0x00, 0x00, 0x00,
    0x00, 0x40, 0x76, 0x67, 0x04, 0x00, 0x00, 0x00,
    // Unicode: [0xFEDE, uFEDE]
    0x00, 0x00, 0x00, 0x00, 0x00, 0x00, 0x00, 0x00, 0xFD, 0xDF, 0x00, 0x00, 0x00, 0x00, 0x00, 0x00,
    0x00, 0x00, 0x00, 0x00, 0x00, 0xFD, 0xDF, 0x00, 0x00, 0x00, 0x00, 0x00, 0x00, 0x00, 0x00, 0x00,
    0x00, 0x00, 0xFD, 0xDF, 0x00, 0x00, 0x00, 0x00, 0x00, 0x00, 0x00, 0x00, 0x00, 0x00, 0x00, 0xFD,
    0xDF, 0x00, 0x00, 0x00, 0x00, 0x00, 0x00, 0x00, 0x00, 0x00, 0x00, 0x00, 0xFD, 0xDF, 0x00, 0x00,
    0x00, 0x00, 0x00, 0x00, 0x00, 0x00, 0x00, 0x00, 0x00, 0xFD, 0xDF, 0x00, 0x00, 0x00, 0x00, 0x00,
    0x00, 0x00, 0x00, 0x00, 0x00, 0x00, 0xFD, 0xDF, 0x00, 0x00, 0x00, 0x00, 0x00, 0x00, 0x00, 0x00,
    0x00, 0x00, 0x00, 0xFD, 0xDF, 0x00, 0x00, 0x00, 0x00, 0x00, 0x00, 0x00, 0x00, 0x00, 0x00, 0x00,
    0xFD, 0xDF, 0x00, 0x00, 0x00, 0x00, 0x00, 0x00, 0x00, 0x00, 0x00, 0x00, 0x00, 0xFD, 0xDF, 0x00,
    0x00, 0x00, 0x00, 0x00, 0x00, 0x00, 0x00, 0x00, 0x00, 0x00, 0xFD, 0xDF, 0x00, 0x00, 0x00, 0x00,
    0x00, 0x00, 0x00, 0x00, 0x00, 0x00, 0x00, 0xFD, 0xDF, 0x00, 0x00, 0x00, 0x00, 0x00, 0x00, 0x00,
    0x00, 0x00, 0x00, 0x00, 0xFD, 0xDF, 0x00, 0x00, 0x00, 0x00, 0x00, 0x00, 0x00, 0x00, 0x00, 0x00,
    0x00, 0xFD, 0xFF, 0x00, 0x00, 0x00, 0x00, 0x00, 0x00, 0x00, 0x00, 0x00, 0x00, 0x00, 0xFD, 0xFF,
    0x04, 0x00, 0x00, 0x10, 0x39, 0x00, 0x00, 0x00, 0x00, 0x00, 0x00, 0xFD, 0xFF, 0x1C, 0x00, 0x00,
    0x60, 0xFF, 0x2D, 0x00, 0x00, 0x00, 0x00, 0x00, 0xFD, 0xFF, 0xEF, 0x9A, 0x04, 0xA0, 0xFF, 0x0F,
    0x00, 0x00, 0x00, 0x00, 0x00, 0xFD, 0xFF, 0xFF, 0xFF, 0x08, 0xD0, 0xFF, 0x0C, 0x00, 0x00, 0x00,
    0x00, 0x00, 0xFD, 0xFF, 0xFF, 0xFF, 0x08, 0xF1, 0xFF, 0x09, 0x00, 0x00, 0x00, 0x00, 0x00, 0xFD,
    0xDF, 0xFD, 0xFF, 0x08, 0xF2, 0xFF, 0x07, 0x00, 0x00, 0x00, 0x00, 0x00, 0xFD, 0xCF, 0x91, 0xFD,
    0x08, 0xF1, 0xFF, 0x08, 0x00, 0x00, 0x00, 0x00, 0x00, 0xFE, 0xBF, 0x00, 0x00, 0x00, 0xF0, 0xFF,
    0x0B, 0x00, 0x00, 0x00, 0x00, 0x10, 0xFF, 0xAF, 0x00, 0x00, 0x00, 0xD0, 0xFF, 0x2F, 0x00, 0x00,
    0x00, 0x00, 0x70, 0xFF, 0x7F, 0x00, 0x00, 0x00, 0x90, 0xFF, 0xCF, 0x01, 0x00, 0x00, 0x00, 0xF5,
    0xFF, 0x3F, 0x00, 0x00, 0x00, 0x30, 0xFF, 0xFF, 0x7D, 0x13, 0x20, 0xB5, 0xFF, 0xFF, 0x0C, 0x00,
    0x00, 0x00, 0x00, 0xFB, 0xFF, 0xFF, 0xFF, 0xFF, 0xFF, 0xFF, 0xFF, 0x03, 0x00, 0x00, 0x00, 0x00,
    0xE2, 0xFF, 0xFF, 0xFF, 0xFF, 0xFF, 0xFF, 0x6F, 0x00, 0x00, 0x00, 0x00, 0x00, 0x20, 0xFD, 0xFF,
    0xFF, 0xFF, 0xFF, 0xFF, 0x06, 0x00, 0x00, 0x00, 0x00, 0x00, 0x00, 0x91, 0xFE, 0xFF, 0xFF, 0xEF,
    0x2A, 0x00, 0x00, 0x00, 0x00, 0x00, 0x00, 0x00, 0x00, 0x41, 0x87, 0x68, 0x04, 0x00, 0x00, 0x00,
    0x00, 0x00, 0x00,
    // Unicode: [0xFEDF, uFEDF]
    0x00, 0x10, 0xFF, 0xEF, 0x00, 0x10, 0xFF, 0xEF, 0x00, 0x10, 0xFF, 0xEF, 0x00, 0x10, 0xFF, 0xEF,
    0x00, 0x10, 0xFF, 0xEF, 0x00, 0x10, 0xFF, 0xEF, 0x00, 0x10, 0xFF, 0xEF, 0x00, 0x10, 0xFF, 0xEF,
    0x00, 0x10, 0xFF, 0xEF, 0x00, 0x10, 0xFF, 0xEF, 0x00, 0x10, 0xFF, 0xEF, 0x00, 0x10, 0xFF, 0xEF,
    0x00, 0x10, 0xFF, 0xEF, 0x00, 0x10, 0xFF, 0xEF, 0x00, 0x20, 0xFF, 0xEF, 0x00, 0x60, 0xFF, 0xDF,
    0x94, 0xFB, 0xFF, 0xCF, 0xF8, 0xFF, 0xFF, 0x8F, 0xF8, 0xFF, 0xFF, 0x2F, 0xF8, 0xFF, 0xFF, 0x06,
    0xF8, 0xDF, 0x3A, 0x00,
    // Unicode: [0xFEE0, uFEE0]
    0x00, 0x10, 0xFF, 0xEF, 0x00, 0x00, 0x00, 0x00, 0x10, 0xFF, 0xEF, 0x00, 0x00, 0x00, 0x00, 0x10,
    0xFF, 0xEF, 0x00, 0x00, 0x00, 0x00, 0x10, 0xFF, 0xEF, 0x00, 0x00, 0x00, 0x00, 0x10, 0xFF, 0xEF,
    0x00, 0x00, 0x00, 0x00, 0x10, 0xFF, 0xEF, 0x00, 0x00, 0x00, 0x00, 0x10, 0xFF, 0xEF, 0x00, 0x00,
    0x00, 0x00, 0x10, 0xFF, 0xEF, 0x00, 0x00, 0x00, 0x00, 0x10, 0xFF, 0xEF, 0x00, 0x00, 0x00, 0x00,
    0x10, 0xFF, 0xEF, 0x00, 0x00, 0x00, 0x00, 0x10, 0xFF, 0xEF, 0x00, 0x00, 0x00, 0x00, 0x10, 0xFF,
    0xEF, 0x00, 0x00, 0x00, 0x00, 0x10, 0xFF, 0xEF, 0x00, 0x00, 0x00, 0x00, 0x10, 0xFF, 0xFF, 0x01,
    0x00, 0x00, 0x00, 0x20, 0xFF, 0xFF, 0x06, 0x00, 0x00, 0x00, 0x60, 0xFF, 0xFF, 0x3E, 0x00, 0x00,
    0x94, 0xFB, 0xFF, 0xFF, 0xFF, 0x9B, 0x06, 0xF8, 0xFF, 0xFF, 0xFF, 0xFF, 0xFF, 0x0A, 0xF8, 0xFF,
    0xFF, 0xDE, 0xFF, 0xFF, 0x0A, 0xF8, 0xFF, 0xFF, 0x35, 0xFE, 0xFF, 0x0A, 0xF8, 0xCE, 0x28, 0x00,
    0x92, 0xFD, 0x0A,
    // Unicode: [0xFEE1, u0645]
    0x00, 0x00, 0x00, 0x00, 0x60, 0xEC, 0xCE, 0x18, 0x00, 0x00, 0x00, 0x00, 0x00, 0x00, 0xFA, 0xFF,
    0xFF, 0xEF, 0x05, 0x00, 0x00, 0x00, 0x00, 0x80, 0xFF, 0xFF, 0xFF, 0xFF, 0x4F, 0x00, 0x00, 0x00,
    0x00, 0xF2, 0xFF, 0x6C, 0x95, 0xFF, 0xCF, 0x00, 0x00, 0x00, 0x00, 0xF9, 0xBF, 0x01, 0x00, 0xF8,
    0xFF, 0x01, 0x00, 0x00, 0x00, 0xFD, 0x3F, 0x00, 0x00, 0xF5, 0xFF, 0x02, 0x00, 0x71, 0xEC, 0xFF,
    0xAF, 0x35, 0x42, 0xFC, 0xFF, 0x01, 0x00, 0xFC, 0xFF, 0xFF, 0xFF, 0xFF, 0xFF, 0xFF, 0xCF, 0x00,
    0x70, 0xFF, 0xFF, 0xFF, 0xFF, 0xFF, 0xFF, 0xFF, 0x4F, 0x00, 0xD0, 0xFF, 0xFF, 0xFF, 0xFF, 0xFF,
    0xFF, 0xFF, 0x06, 0x00, 0xF1, 0xFF, 0x2C, 0x32, 0x96, 0xEC, 0xDF, 0x29, 0x00, 0x00, 0xF2, 0xFF,
    0x08, 0x00, 0x00, 0x00, 0x00, 0x00, 0x00, 0x00, 0xF2, 0xFF, 0x08, 0x00, 0x00, 0x00, 0x00, 0x00,
    0x00, 0x00, 0xF2, 0xFF, 0x08, 0x00, 0x00, 0x00, 0x00, 0x00, 0x00, 0x00, 0xF2, 0xFF, 0x08, 0x00,
    0x00, 0x00, 0x00, 0x00, 0x00, 0x00, 0xF2, 0xFF, 0x08, 0x00, 0x00, 0x00, 0x00, 0x00, 0x00, 0x00,
    0xF2, 0xFF, 0x08, 0x00, 0x00, 0x00, 0x00, 0x00, 0x00, 0x00, 0xF2, 0xFF, 0x08, 0x00, 0x00, 0x00,
    0x00, 0x00, 0x00, 0x00, 0xF2, 0xFF, 0x08, 0x00, 0x00, 0x00, 0x00, 0x00, 0x00, 0x00, 0xF2, 0xFF,
    0x08, 0x00, 0x00, 0x00, 0x00, 0x00, 0x00, 0x00, 0xF2, 0xFF, 0x08, 0x00, 0x00, 0x00, 0x00, 0x00,
    0x00, 0x00, 0xF2, 0xFF, 0x08, 0x00, 0x00, 0x00, 0x00, 0x00, 0x00, 0x00, 0xF2, 0xFF, 0x08, 0x00,
    0x00, 0x00, 0x00, 0x00, 0x00, 0x00, 0xF2, 0xFF, 0x08, 0x00, 0x00, 0x00, 0x00, 0x00, 0x00, 0x00,
    0xF2, 0xFF, 0x08, 0x00, 0x00, 0x00, 0x00, 0x00, 0x00, 0x00,
    // Unicode: [0xFEE2, uFEE2]
    0x00, 0x00, 0x00, 0x00, 0x60, 0xEC, 0xDE, 0x49, 0x00, 0x00, 0x00, 0x00, 0x00, 0x00, 0x00, 0xFA,
    0xFF, 0xFF, 0xFF, 0x09, 0x00, 0x00, 0x00, 0x00, 0x00, 0x80, 0xFF, 0xFF, 0xFF, 0xFF, 0x8F, 0x00,
    0x00, 0x00, 0x00, 0x00, 0xF2, 0xFF, 0x6C, 0x95, 0xFF, 0xEF, 0x01, 0x00, 0x00, 0x00, 0x00, 0xF9,
    0xBF, 0x01, 0x00, 0xF8, 0xFF, 0x04, 0x00, 0x00, 0x00, 0x00, 0xFD, 0x3F, 0x00, 0x00, 0xF5, 0xFF,
    0x07, 0x00, 0x00, 0x71, 0xEC, 0xFF, 0xAF, 0x35, 0x42, 0xFC, 0xFF, 0x8F, 0x13, 0x00, 0xFC, 0xFF,
    0xFF, 0xFF, 0xFF, 0xFF, 0xFF, 0xFF, 0xFF, 0xDF, 0x70, 0xFF, 0xFF, 0xFF, 0xFF, 0xFF, 0xFF, 0xFF,
    0xFF, 0xFF, 0xDF, 0xD0, 0xFF, 0xFF, 0xFF, 0xFF, 0xFF, 0xFF, 0xFF, 0xDA, 0xFF, 0xDF, 0xF1, 0xFF,
    0x2C, 0x32, 0x96, 0xEC, 0xEF, 0x6B, 0x10, 0xC8, 0xDF, 0xF2, 0xFF, 0x08, 0x00, 0x00, 0x00, 0x00,
    0x00, 0x00, 0x00, 0x00, 0xF2, 0xFF, 0x08, 0x00, 0x00, 0x00, 0x00, 0x00, 0x00, 0x00, 0x00, 0xF2,
    0xFF, 0x08, 0x00, 0x00, 0x00, 0x00, 0x00, 0x00, 0x00, 0x00, 0xF2, 0xFF, 0x08, 0x00, 0x00, 0x00,
    0x00, 0x00, 0x00, 0x00, 0x00, 0xF2, 0xFF, 0x08, 0x00, 0x00, 0x00, 0x00, 0x00, 0x00, 0x00, 0x00,
    0xF2, 0xFF, 0x08, 0x00, 0x00, 0x00, 0x00, 0x00, 0x00, 0x00, 0x00, 0xF2, 0xFF, 0x08, 0x00, 0x00,
    0x00, 0x00, 0x00, 0x00, 0x00, 0x00, 0xF2, 0xFF, 0x08, 0x00, 0x00, 0x00, 0x00, 0x00, 0x00, 0x00,
    0x00, 0xF2, 0xFF, 0x08, 0x00, 0x00, 0x00, 0x00, 0x00, 0x00, 0x00, 0x00, 0xF2, 0xFF, 0x08, 0x00,
    0x00, 0x00, 0x00, 0x00, 0x00, 0x00, 0x00, 0xF2, 0xFF, 0x08, 0x00, 0x00, 0x00, 0x00, 0x00, 0x00,
    0x00, 0x00, 0xF2, 0xFF, 0x08, 0x00, 0x00, 0x00, 0x00, 0x00, 0x00, 0x00, 0x00, 0xF2, 0xFF, 0x08,
    0x00, 0x00, 0x00, 0x00, 0x00, 0x00, 0x00, 0x00, 0xF2, 0xFF, 0x08, 0x00, 0x00, 0x00, 0x00, 0x00,
    0x00, 0x00, 0x00,
    // Unicode: [0xFEE3, uFEE3]
    0x00, 0x00, 0x00, 0x50, 0xCB, 0x5A, 0x00, 0x00, 0x00, 0x00, 0x00, 0x00, 0xF8, 0xFF, 0xFF, 0x2C,
    0x00, 0x00, 0x00, 0x00, 0x50, 0xFF, 0xFF, 0xFF, 0xEF, 0x03, 0x00, 0x00, 0x00, 0xE1, 0xFF, 0xFF,
    0xFF, 0xFF, 0x2E, 0x00, 0x00, 0x00, 0xF9, 0xFF, 0x18, 0xE7, 0xFF, 0xBF, 0x00, 0x00, 0x40, 0xFF,
    0xCF, 0x00, 0x30, 0xFF, 0xFF, 0x02, 0x00, 0xE3, 0xFF, 0x7F, 0x00, 0x00, 0xF9, 0xFF, 0x04, 0x94,
    0xFE, 0xFF, 0xFF, 0x5B, 0x11, 0xFB, 0xFF, 0x04, 0xF8, 0xFF, 0xFF, 0xFF, 0xFF, 0xFF, 0xFF, 0xFF,
    0x01, 0xF8, 0xFF, 0xFF, 0xFF, 0xFF, 0xFF, 0xFF, 0x9F, 0x00, 0xF8, 0xFF, 0x2A, 0xFB, 0xFF, 0xFF,
    0xFF, 0x1C, 0x00, 0xF8, 0x6D, 0x00, 0x40, 0xEA, 0xFF, 0x7D, 0x00, 0x00, 0x00, 0x00, 0x00, 0x00,
    0x00, 0x11, 0x00, 0x00, 0x00,
    // Unicode: [0xFEE4, uFEE4]
    0x00, 0x00, 0x00, 0x71, 0xDC, 0x6B, 0x00, 0x00, 0x00, 0x00, 0x00, 0x00, 0x10, 0xFC, 0xFF, 0xFF,
    0x2C, 0x00, 0x00, 0x00, 0x00, 0x00, 0xA0, 0xFF, 0xFF, 0xFF, 0xEF, 0x03, 0x00, 0x00, 0x00, 0x00,
    0xF4, 0xFF, 0xFF, 0xFF, 0xFF, 0x1D, 0x00, 0x00, 0x00, 0x00, 0xFC, 0xFF, 0x17, 0xF8, 0xFF, 0xAF,
    0x00, 0x00, 0x00, 0x40, 0xFF, 0xCF, 0x00, 0x60, 0xFF, 0xFF, 0x02, 0x00, 0x00, 0xC1, 0xFF, 0x5F,
    0x00, 0x00, 0xFC, 0xFF, 0x06, 0x00, 0x94, 0xFD, 0xFF, 0xEF, 0x03, 0x00, 0xF9, 0xFF, 0xCF, 0x89,
    0xF8, 0xFF, 0xFF, 0xFF, 0x8F, 0x22, 0xFD, 0xFF, 0xFF, 0xFF, 0xF8, 0xFF, 0xFF, 0xFF, 0xFF, 0xFF,
    0xFF, 0xFF, 0xFF, 0xFF, 0xF8, 0xFF, 0xAE, 0xFF, 0xFF, 0xFF, 0xFF, 0xCF, 0xFF, 0xFF, 0xF8, 0x9D,
    0x02, 0xD4, 0xFF, 0xFF, 0xFF, 0x08, 0xC6, 0xFE, 0x00, 0x00, 0x00, 0x00, 0xB6, 0xFE, 0x5C, 0x00,
    0x00, 0x00,
    // Unicode: [0xFEE5, u0646]
    0x00, 0x00, 0x00, 0x00, 0xFE, 0xFF, 0x01, 0x00, 0x00, 0x10, 0x00, 0x00, 0x00, 0x00, 0x00, 0xFE,
    0xFF, 0x01, 0x00, 0x10, 0xEA, 0x01, 0x00, 0x00, 0x00, 0x00, 0xFE, 0xFF, 0x01, 0x00, 0xE5, 0xFF,
    0x07, 0x00, 0x00, 0x00, 0x00, 0xFE, 0xFF, 0x01, 0x00, 0xFC, 0xFF, 0x0D, 0x00, 0x00, 0x00, 0x00,
    0x00, 0x00, 0x00, 0x00, 0xF5, 0xFF, 0x3F, 0x20, 0x01, 0x00, 0x00, 0x00, 0x00, 0x00, 0x00, 0xE1,
    0xFF, 0x6F, 0x90, 0xCF, 0x18, 0x00, 0x00, 0x00, 0x00, 0x00, 0xA0, 0xFF, 0x8F, 0xC0, 0xFF, 0x0F,
    0x00, 0x00, 0x00, 0x00, 0x00, 0x70, 0xFF, 0x9F, 0xF0, 0xFF, 0x0D, 0x00, 0x00, 0x00, 0x00, 0x00,
    0x60, 0xFF, 0xAF, 0xF2, 0xFF, 0x0D, 0x00, 0x00, 0x00, 0x00, 0x00, 0x60, 0xFF, 0xAF, 0xF1, 0xFF,
    0x0E, 0x00, 0x00, 0x00, 0x00, 0x00, 0x90, 0xFF, 0x8F, 0xF0, 0xFF, 0x2F, 0x00, 0x00, 0x00, 0x00,
    0x00, 0xD0, 0xFF, 0x5F, 0xD0, 0xFF, 0x8F, 0x00, 0x00, 0x00, 0x00, 0x00, 0xF6, 0xFF, 0x1F, 0x90,
    0xFF, 0xFF, 0x04, 0x00, 0x00, 0x00, 0x30, 0xFE, 0xFF, 0x0A, 0x30, 0xFF, 0xFF, 0x7F, 0x01, 0x00,
    0x10, 0xF7, 0xFF, 0xFF, 0x03, 0x00, 0xFA, 0xFF, 0xFF, 0xBE, 0x99, 0xFB, 0xFF, 0xFF, 0x9F, 0x00,
    0x00, 0xD1, 0xFF, 0xFF, 0xFF, 0xFF, 0xFF, 0xFF, 0xFF, 0x1C, 0x00, 0x00, 0x30, 0xFD, 0xFF, 0xFF,
    0xFF, 0xFF, 0xFF, 0xCF, 0x01, 0x00, 0x00, 0x00, 0xA1, 0xFF, 0xFF, 0xFF, 0xFF, 0xEF, 0x07, 0x00,
    0x00, 0x00, 0x00, 0x00, 0x83, 0xEC, 0xEF, 0xAD, 0x16, 0x00, 0x00, 0x00,
    // Unicode: [0xFEE6, uFEE6]
    0x00, 0x00, 0x00, 0x00, 0x00, 0x00, 0x00, 0x00, 0x00, 0x84, 0x00, 0x00, 0x00, 0x00, 0x00, 0x00,
    0x00, 0x00, 0xFE, 0xFF, 0x01, 0x00, 0x91, 0xFF, 0x01, 0x00, 0x00, 0x00, 0x00, 0x00, 0x00, 0x00,
    0xFE, 0xFF, 0x01, 0x20, 0xFE, 0xFF, 0x08, 0x00, 0x00, 0x00, 0x00, 0x00, 0x00, 0x00, 0xFE, 0xFF,
    0x01, 0x00, 0xFC, 0xFF, 0x1E, 0x00, 0x00, 0x00, 0x00, 0x00, 0x00, 0x00, 0xFE, 0xFF, 0x01, 0x00,
    0xF4, 0xFF, 0x7F, 0x00, 0x00, 0x00, 0x00, 0x00, 0x00, 0x00, 0x87, 0x88, 0x01, 0x00, 0xB0, 0xFF,
    0xEF, 0x02, 0x00, 0x00, 0x00, 0x01, 0x00, 0x00, 0x00, 0x00, 0x00, 0x00, 0x50, 0xFF, 0xFF, 0x2C,
    0x00, 0x00, 0x30, 0xBF, 0x16, 0x00, 0x00, 0x00, 0x00, 0x00, 0x00, 0xFD, 0xFF, 0xFF, 0x9B, 0x06,
    0x70, 0xFF, 0x7F, 0x00, 0x00, 0x00, 0x00, 0x00, 0x00, 0xF8, 0xFF, 0xFF, 0xFF, 0x0A, 0xB0, 0xFF,
    0x2F, 0x00, 0x00, 0x00, 0x00, 0x00, 0x00, 0xF4, 0xFF, 0xFF, 0xFF, 0x0A, 0xE0, 0xFF, 0x0D, 0x00,
    0x00, 0x00, 0x00, 0x00, 0x00, 0xF1, 0xFF, 0xFF, 0xFF, 0x0A, 0xF1, 0xFF, 0x0C, 0x00, 0x00, 0x00,
    0x00, 0x00, 0x00, 0xF0, 0xFF, 0x7F, 0xFC, 0x0A, 0xF2, 0xFF, 0x0C, 0x00, 0x00, 0x00, 0x00, 0x00,
    0x00, 0xF1, 0xFF, 0x1F, 0x00, 0x00, 0xF0, 0xFF, 0x0D, 0x00, 0x00, 0x00, 0x00, 0x00, 0x00, 0xF4,
    0xFF, 0x0E, 0x00, 0x00, 0xD0, 0xFF, 0x3F, 0x00, 0x00, 0x00, 0x00, 0x00, 0x00, 0xF8, 0xFF, 0x0C,
    0x00, 0x00, 0xA0, 0xFF, 0xBF, 0x00, 0x00, 0x00, 0x00, 0x00, 0x20, 0xFE, 0xFF, 0x08, 0x00, 0x00,
    0x50, 0xFF, 0xFF, 0x1A, 0x00, 0x00, 0x00, 0x00, 0xD3, 0xFF, 0xFF, 0x03, 0x00, 0x00, 0x00, 0xFD,
    0xFF, 0xEF, 0x48, 0x01, 0x21, 0xA5, 0xFF, 0xFF, 0xBF, 0x00, 0x00, 0x00, 0x00, 0xF4, 0xFF, 0xFF,
    0xFF, 0xFF, 0xFF, 0xFF, 0xFF, 0xFF, 0x2E, 0x00, 0x00, 0x00, 0x00, 0x70, 0xFF, 0xFF, 0xFF, 0xFF,
    0xFF, 0xFF, 0xFF, 0xFF, 0x05, 0x00, 0x00, 0x00, 0x00, 0x00, 0xF7, 0xFF, 0xFF, 0xFF, 0xFF, 0xFF,
    0xFF, 0x4E, 0x00, 0x00, 0x00, 0x00, 0x00, 0x00, 0x20, 0xFB, 0xFF, 0xFF, 0xFF, 0xFF, 0x8E, 0x01,
    0x00, 0x00, 0x00, 0x00, 0x00, 0x00, 0x00, 0x10, 0x86, 0xBA, 0xAB, 0x47, 0x00, 0x00, 0x00, 0x00,
    0x00, 0x00,
    // Unicode: [0xFEE7, uFEE7]
    0x00, 0x82, 0x88, 0x06, 0x00, 0x00, 0xF4, 0xFF, 0x0C, 0x00, 0x00, 0xF4, 0xFF, 0x0C, 0x00, 0x00,
    0xF4, 0xFF, 0x0C, 0x00, 0x00, 0x82, 0x88, 0x06, 0x00, 0x00, 0x00, 0x00, 0x02, 0x00, 0x00, 0x00,
    0xC2, 0x1D, 0x00, 0x00, 0x70, 0xFF, 0x7F, 0x00, 0x00, 0xD1, 0xFF, 0xEF, 0x01, 0x00, 0x60, 0xFF,
    0xFF, 0x07, 0x00, 0x00, 0xFC, 0xFF, 0x0D, 0x00, 0x00, 0xF4, 0xFF, 0x2F, 0x00, 0x00, 0xF1, 0xFF,
    0x4F, 0x84, 0x98, 0xFC, 0xFF, 0x4F, 0xF7, 0xFF, 0xFF, 0xFF, 0x1F, 0xF7, 0xFF, 0xFF, 0xFF, 0x0B,
    0xF7, 0xFF, 0xFF, 0xEF, 0x03, 0xF7, 0xFF, 0xEF, 0x2A, 0x00,
    // Unicode: [0xFEE8, uFEE8]
    0x00, 0x40, 0xFF, 0xCF, 0x00, 0x00, 0x00, 0x00, 0x40, 0xFF, 0xCF, 0x00, 0x00, 0x00, 0x00, 0x40,
    0xFF, 0xCF, 0x00, 0x00, 0x00, 0x00, 0x40, 0xFF, 0xCF, 0x00, 0x00, 0x00, 0x00, 0x00, 0x11, 0x11,
    0x00, 0x00, 0x00, 0x00, 0x00, 0x11, 0x11, 0x00, 0x00, 0x00, 0x00, 0x40, 0xFF, 0xCF, 0x00, 0x00,
    0x00, 0x00, 0x40, 0xFF, 0xCF, 0x00, 0x00, 0x00, 0x00, 0x40, 0xFF, 0xCF, 0x00, 0x00, 0x00, 0x00,
    0x40, 0xFF, 0xCF, 0x00, 0x00, 0x00, 0x00, 0x40, 0xFF, 0xFF, 0x00, 0x00, 0x00, 0x00, 0x60, 0xFF,
    0xFF, 0x05, 0x00, 0x00, 0x00, 0xC0, 0xFF, 0xFF, 0x2D, 0x00, 0x00, 0x94, 0xFD, 0xFF, 0xFF, 0xEF,
    0x9A, 0x01, 0xF8, 0xFF, 0xFF, 0xFF, 0xFF, 0xFF, 0x02, 0xF8, 0xFF, 0xFF, 0xDC, 0xFF, 0xFF, 0x02,
    0xF8, 0xFF, 0xEF, 0x43, 0xFE, 0xFF, 0x02, 0xF8, 0xEF, 0x2A, 0x00, 0xA2, 0xFE, 0x02,
    // Unicode: [0xFEED, u0648]
    0x00, 0x00, 0xC5, 0xFF, 0x5B, 0x00, 0x00, 0x00, 0x00, 0x80, 0xFF, 0xFF, 0xFF, 0x1A, 0x00, 0x00,
    0x00, 0xF5, 0xFF, 0xFF, 0xFF, 0xCF, 0x00, 0x00, 0x00, 0xFC, 0xFF, 0xFF, 0xFF, 0xFF, 0x09, 0x00,
    0x00, 0xFF, 0xEF, 0x13, 0xF9, 0xFF, 0x3F, 0x00, 0x10, 0xFF, 0xAF, 0x00, 0x90, 0xFF, 0xAF, 0x00,
    0x00, 0xFF, 0xDF, 0x02, 0x30, 0xFF, 0xEF, 0x00, 0x00, 0xFC, 0xFF, 0xDF, 0xEC, 0xFF, 0xFF, 0x03,
    0x00, 0xF6, 0xFF, 0xFF, 0xFF, 0xFF, 0xFF, 0x04, 0x00, 0xB0, 0xFF, 0xFF, 0xFF, 0xFF, 0xFF, 0x05,
    0x00, 0x10, 0xFA, 0xFF, 0xFF, 0xFF, 0xFF, 0x04, 0x00, 0x00, 0x20, 0x76, 0x66, 0xFF, 0xFF, 0x02,
    0x00, 0x00, 0x00, 0x00, 0x80, 0xFF, 0xDF, 0x00, 0x00, 0x00, 0x00, 0x00, 0xF3, 0xFF, 0x7F, 0x00,
    0x00, 0x00, 0x00, 0x30, 0xFE, 0xFF, 0x1E, 0x00, 0x00, 0x00, 0x00, 0xE4, 0xFF, 0xFF, 0x05, 0x00,
    0x00, 0x00, 0x81, 0xFF, 0xFF, 0x8F, 0x00, 0x00, 0x00, 0x60, 0xFD, 0xFF, 0xFF, 0x09, 0x00, 0x00,
    0x60, 0xFD, 0xFF, 0xFF, 0x8F, 0x00, 0x00, 0x00, 0xFC, 0xFF, 0xFF, 0xEF, 0x05, 0x00, 0x00, 0x00,
    0xF8, 0xFF, 0xFF, 0x1A, 0x00, 0x00, 0x00, 0x00, 0xE1, 0xFF, 0x4C, 0x00, 0x00, 0x00, 0x00, 0x00,
    0x80, 0x4B, 0x00, 0x00, 0x00, 0x00, 0x00, 0x00,
    // Unicode: [0xFEEE, uFEEE]
    0x00, 0x00, 0x50, 0xEC, 0xBE, 0x05, 0x00, 0x00, 0x00, 0x00, 0x00, 0x00, 0xF7, 0xFF, 0xFF, 0xCF,
    0x01, 0x00, 0x00, 0x00, 0x00, 0x40, 0xFF, 0xFF, 0xFF, 0xFF, 0x1D, 0x00, 0x00, 0x00, 0x00, 0xB0,
    0xFF, 0xFF, 0xFF, 0xFF, 0xBF, 0x00, 0x00, 0x00, 0x00, 0xF0, 0xFF, 0x4E, 0xA2, 0xFF, 0xFF, 0x04,
    0x00, 0x00, 0x00, 0xF1, 0xFF, 0x0A, 0x00, 0xFA, 0xFF, 0x0B, 0x00, 0x00, 0x00, 0xF0, 0xFF, 0x0C,
    0x00, 0xF4, 0xFF, 0x1F, 0x00, 0x00, 0x00, 0xD0, 0xFF, 0xDF, 0x9A, 0xFB, 0xFF, 0xAF, 0x88, 0x08,
    0x00, 0x70, 0xFF, 0xFF, 0xFF, 0xFF, 0xFF, 0xFF, 0xFF, 0x0F, 0x00, 0x10, 0xFD, 0xFF, 0xFF, 0xFF,
    0xFF, 0xFF, 0xFF, 0x0F, 0x00, 0x00, 0xC1, 0xFF, 0xFF, 0xFF, 0xFF, 0xFF, 0xFF, 0x0F, 0x00, 0x00,
    0x00, 0xB5, 0xFE, 0xFE, 0xFF, 0xFF, 0xFF, 0x0F, 0x00, 0x00, 0x00, 0x00, 0x00, 0xFB, 0xFF, 0x2F,
    0x00, 0x00, 0x00, 0x00, 0x00, 0x00, 0x50, 0xFF, 0xFF, 0x0B, 0x00, 0x00, 0x00, 0x00, 0x00, 0x00,
    0xE3, 0xFF, 0xFF, 0x03, 0x00, 0x00, 0x00, 0x00, 0x00, 0x20, 0xFE, 0xFF, 0x9F, 0x00, 0x00, 0x00,
    0x00, 0x00, 0x00, 0xE5, 0xFF, 0xFF, 0x0C, 0x00, 0x00, 0x00, 0x00, 0x00, 0xB3, 0xFF, 0xFF, 0xCF,
    0x01, 0x00, 0x00, 0x00, 0x00, 0xA3, 0xFF, 0xFF, 0xFF, 0x1B, 0x00, 0x00, 0x00, 0x00, 0xB1, 0xFF,
    0xFF, 0xFF, 0x9F, 0x00, 0x00, 0x00, 0x00, 0x00, 0xB0, 0xFF, 0xFF, 0xDF, 0x04, 0x00, 0x00, 0x00,
    0x00, 0x00, 0x30, 0xFF, 0xEF, 0x18, 0x00, 0x00, 0x00, 0x00, 0x00, 0x00, 0x00, 0xEB, 0x18, 0x00,
    0x00, 0x00, 0x00, 0x00, 0x00, 0x00, 0x00, 0x01, 0x00, 0x00, 0x00, 0x00, 0x00, 0x00, 0x00, 0x00,
    // Unicode: [0xFEFB, uFEFB]
    0x00, 0x50, 0x1C, 0x00, 0x00, 0x00, 0xB0, 0xFF, 0x4F, 0x20, 0xFA, 0x8F, 0x00, 0x00, 0x00, 0xB0,
    0xFF, 0x4F, 0x50, 0xFF, 0xEF, 0x01, 0x00, 0x00, 0xB0, 0xFF, 0x4F, 0x00, 0xFD, 0xFF, 0x08, 0x00,
    0x00, 0xB0, 0xFF, 0x4F, 0x00, 0xF5, 0xFF, 0x1E, 0x00, 0x00, 0xB0, 0xFF, 0x4F, 0x00, 0xC0, 0xFF,
    0x8F, 0x00, 0x00, 0xB0, 0xFF, 0x4F, 0x00, 0x50, 0xFF, 0xEF, 0x01, 0x00, 0xB0, 0xFF, 0x4F, 0x00,
    0x00, 0xFC, 0xFF, 0x08, 0x00, 0xB0, 0xFF, 0x4F, 0x00, 0x00, 0xF5, 0xFF, 0x1E, 0x00, 0xB0, 0xFF,
    0x4F, 0x00, 0x00, 0xC0, 0xFF, 0x8F, 0x00, 0xB0, 0xFF, 0x4F, 0x00, 0x00, 0x50, 0xFF, 0xEF, 0x01,
    0xB0, 0xFF, 0x4F, 0x00, 0x00, 0x00, 0xFC, 0xFF, 0x08, 0xE0, 0xFF, 0x3F, 0x00, 0x00, 0x00, 0xF5,
    0xFF, 0x1E, 0xF3, 0xFF, 0x2F, 0x00, 0x00, 0x00, 0xC0, 0xFF, 0x8F, 0xFA, 0xFF, 0x0D, 0x00, 0x00,
    0x00, 0x40, 0xFF, 0xFF, 0xFF, 0xFF, 0x09, 0x00, 0x00, 0x00, 0x00, 0xFC, 0xFF, 0xFF, 0xFF, 0x03,
    0x81, 0x88, 0x88, 0x88, 0xFB, 0xFF, 0xFF, 0xAF, 0x00, 0xF2, 0xFF, 0xFF, 0xFF, 0xFF, 0xFF, 0xFF,
    0x1D, 0x00, 0xF2, 0xFF, 0xFF, 0xFF, 0xFF, 0xFF, 0xCF, 0x02, 0x00, 0x70, 0xFE, 0xFF, 0xFF, 0xFF,
    0xFF, 0x18, 0x00, 0x00, 0x00, 0x61, 0xDA, 0xEF, 0xBD, 0x27, 0x00, 0x00, 0x00,
    // Unicode: [0xFEFC, uFEFC]
    0x00, 0x50, 0x1C, 0x00, 0x00, 0x00, 0xA0, 0xFF, 0x6F, 0x00, 0x00, 0x20, 0xFA, 0x8F, 0x00, 0x00,
    0x00, 0xA0, 0xFF, 0x6F, 0x00, 0x00, 0x50, 0xFF, 0xEF, 0x01, 0x00, 0x00, 0xA0, 0xFF, 0x6F, 0x00,
    0x00, 0x00, 0xFD, 0xFF, 0x08, 0x00, 0x00, 0xA0, 0xFF, 0x6F, 0x00, 0x00, 0x00, 0xF5, 0xFF, 0x1E,
    0x00, 0x00, 0xA0, 0xFF, 0x6F, 0x00, 0x00, 0x00, 0xC0, 0xFF, 0x8F, 0x00, 0x00, 0xA0, 0xFF, 0x6F,
    0x00, 0x00, 0x00, 0x50, 0xFF, 0xEF, 0x01, 0x00, 0xA0, 0xFF, 0x6F, 0x00, 0x00, 0x00, 0x00, 0xFC,
    0xFF, 0x08, 0x00, 0xA0, 0xFF, 0x6F, 0x00, 0x00, 0x00, 0x00, 0xF5, 0xFF, 0x1E, 0x00, 0xA0, 0xFF,
    0x6F, 0x00, 0x00, 0x00, 0x00, 0xC0, 0xFF, 0x8F, 0x00, 0xA0, 0xFF, 0x6F, 0x00, 0x00, 0x00, 0x00,
    0x50, 0xFF, 0xEF, 0x01, 0xA0, 0xFF, 0x6F, 0x00, 0x00, 0x00, 0x00, 0x00, 0xFC, 0xFF, 0x08, 0xC0,
    0xFF, 0x7F, 0x00, 0x00, 0x00, 0x00, 0x00, 0xF5, 0xFF, 0x1E, 0xF1, 0xFF, 0x8F, 0x00, 0x00, 0x00,
    0x00, 0x00, 0xC0, 0xFF, 0x8F, 0xF6, 0xFF, 0xBF, 0x00, 0x00, 0x00, 0x00, 0x00, 0x40, 0xFF, 0xEF,
    0xFE, 0xFF, 0xEF, 0x01, 0x00, 0x00, 0x00, 0x00, 0x00, 0xFC, 0xFF, 0xFF, 0xFF, 0xFF, 0x09, 0x00,
    0x81, 0x88, 0x88, 0x88, 0xFB, 0xFF, 0xFF, 0xDF, 0xFF, 0xDF, 0x6A, 0xF2, 0xFF, 0xFF, 0xFF, 0xFF,
    0xFF, 0xFF, 0x6A, 0xFF, 0xFF, 0xAF, 0xF2, 0xFF, 0xFF, 0xFF, 0xFF, 0xFF, 0xAF, 0x00, 0xFD, 0xFF,
    0xAF, 0x70, 0xFE, 0xFF, 0xFF, 0xFF, 0xEF, 0x07, 0x00, 0xE3, 0xFF, 0xAF, 0x00, 0x61, 0xDA, 0xFF,
    0xAD, 0x16, 0x00, 0x00, 0x20, 0xD9, 0xAF
};
