#include <touchgfx/hal/Types.hpp>

FONT_GLYPH_LOCATION_FLASH_PRAGMA
KEEP extern const uint8_t unicodes_Saira_Medium_40_4bpp_0[] FONT_GLYPH_LOCATION_FLASH_ATTRIBUTE = {
    // Unicode: [0x0020, space]
    // (Has no glyph data)
    // Unicode: [0x0021, exclam]
    0xFC, 0xFF, 0x3F, 0xFC, 0xFF, 0x3F, 0xFC, 0xFF, 0x3F, 0xFC, 0xFF, 0x3F, 0xFC, 0xFF, 0x3F, 0xFB,
    0xFF, 0x2F, 0xFA, 0xFF, 0x1F, 0xFA, 0xFF, 0x1F, 0xF9, 0xFF, 0x0F, 0xF8, 0xFF, 0x0E, 0xF7, 0xFF,
    0x0D, 0xF6, 0xFF, 0x0C, 0xF5, 0xFF, 0x0B, 0xF4, 0xFF, 0x0A, 0xF3, 0xFF, 0x09, 0xF2, 0xFF, 0x08,
    0xF1, 0xFF, 0x07, 0xF1, 0xFF, 0x06, 0xF0, 0xFF, 0x05, 0x30, 0x33, 0x01, 0x00, 0x00, 0x00, 0x00,
    0x00, 0x00, 0x00, 0x00, 0x00, 0xD9, 0xDD, 0x1D, 0xFA, 0xFF, 0x1F, 0xFA, 0xFF, 0x1F, 0xFA, 0xFF,
    0x1F, 0xFA, 0xFF, 0x1F,
    // Unicode: [0x0022, quotedbl]
    0xF6, 0xFF, 0x09, 0xF0, 0xFF, 0x0F, 0xF6, 0xFF, 0x09, 0xF0, 0xFF, 0x0F, 0xF6, 0xFF, 0x09, 0xF0,
    0xFF, 0x0F, 0xF5, 0xFF, 0x08, 0xE0, 0xFF, 0x0E, 0xF4, 0xFF, 0x07, 0xD0, 0xFF, 0x0D, 0xF3, 0xFF,
    0x06, 0xC0, 0xFF, 0x0C, 0xF2, 0xFF, 0x05, 0xB0, 0xFF, 0x0B, 0xF1, 0xFF, 0x04, 0xA0, 0xFF, 0x0A,
    0xF0, 0xFF, 0x03, 0x90, 0xFF, 0x09, 0xE0, 0xFF, 0x02, 0x80, 0xFF, 0x08, 0x20, 0x33, 0x00, 0x10,
    0x33, 0x01,
    // Unicode: [0x0023, numbersign]
    0x00, 0x00, 0x00, 0x00, 0xF3, 0xDF, 0x00, 0x00, 0x00, 0xFC, 0x4F, 0x00, 0x00, 0x00, 0x00, 0x00,
    0xF7, 0x9F, 0x00, 0x00, 0x10, 0xFF, 0x1F, 0x00, 0x00, 0x00, 0x00, 0x00, 0xFA, 0x5F, 0x00, 0x00,
    0x50, 0xFF, 0x0B, 0x00, 0x00, 0x00, 0x00, 0x00, 0xFE, 0x2F, 0x00, 0x00, 0x90, 0xFF, 0x07, 0x00,
    0x00, 0x00, 0x00, 0x30, 0xFF, 0x0D, 0x00, 0x00, 0xD0, 0xFF, 0x04, 0x00, 0x00, 0x00, 0x00, 0x70,
    0xFF, 0x09, 0x00, 0x00, 0xF2, 0xEF, 0x00, 0x00, 0x00, 0x00, 0x00, 0xB0, 0xFF, 0x05, 0x00, 0x00,
    0xF5, 0xBF, 0x00, 0x00, 0x10, 0xFF, 0xFF, 0xFF, 0xFF, 0xFF, 0xFF, 0xFF, 0xFF, 0xFF, 0xFF, 0x7F,
    0x10, 0xFF, 0xFF, 0xFF, 0xFF, 0xFF, 0xFF, 0xFF, 0xFF, 0xFF, 0xFF, 0x7F, 0x10, 0xFF, 0xFF, 0xFF,
    0xFF, 0xFF, 0xFF, 0xFF, 0xFF, 0xFF, 0xFF, 0x7F, 0x00, 0x33, 0x33, 0xFB, 0x8F, 0x33, 0x33, 0x63,
    0xFF, 0x3C, 0x33, 0x13, 0x00, 0x00, 0x00, 0xFD, 0x3F, 0x00, 0x00, 0x70, 0xFF, 0x09, 0x00, 0x00,
    0x00, 0x00, 0x10, 0xFF, 0x1F, 0x00, 0x00, 0xA0, 0xFF, 0x06, 0x00, 0x00, 0x00, 0x00, 0x40, 0xFF,
    0x0C, 0x00, 0x00, 0xD0, 0xFF, 0x02, 0x00, 0x00, 0x00, 0x00, 0x80, 0xFF, 0x09, 0x00, 0x00, 0xF1,
    0xEF, 0x00, 0x00, 0x00, 0x00, 0x00, 0xB0, 0xFF, 0x06, 0x00, 0x00, 0xF5, 0xBF, 0x00, 0x00, 0x00,
    0x00, 0x00, 0xE0, 0xFF, 0x02, 0x00, 0x00, 0xF8, 0x8F, 0x00, 0x00, 0x00, 0xF8, 0xFF, 0xFF, 0xFF,
    0xFF, 0xFF, 0xFF, 0xFF, 0xFF, 0xFF, 0xFF, 0x00, 0xF8, 0xFF, 0xFF, 0xFF, 0xFF, 0xFF, 0xFF, 0xFF,
    0xFF, 0xFF, 0xFF, 0x00, 0xF8, 0xFF, 0xFF, 0xFF, 0xFF, 0xFF, 0xFF, 0xFF, 0xFF, 0xFF, 0xFF, 0x00,
    0x31, 0x33, 0xFD, 0x5F, 0x33, 0x33, 0x83, 0xFF, 0x3A, 0x33, 0x33, 0x00, 0x00, 0x00, 0xFF, 0x1F,
    0x00, 0x00, 0xA0, 0xFF, 0x06, 0x00, 0x00, 0x00, 0x00, 0x30, 0xFF, 0x0C, 0x00, 0x00, 0xD0, 0xFF,
    0x03, 0x00, 0x00, 0x00, 0x00, 0x70, 0xFF, 0x09, 0x00, 0x00, 0xF1, 0xFF, 0x00, 0x00, 0x00, 0x00,
    0x00, 0xA0, 0xFF, 0x06, 0x00, 0x00, 0xF4, 0xCF, 0x00, 0x00, 0x00, 0x00, 0x00, 0xD0, 0xFF, 0x03,
    0x00, 0x00, 0xF8, 0x8F, 0x00, 0x00, 0x00, 0x00, 0x00, 0xF2, 0xEF, 0x00, 0x00, 0x00, 0xFB, 0x5F,
    0x00, 0x00, 0x00, 0x00, 0x00, 0xF5, 0xBF, 0x00, 0x00, 0x00, 0xFE, 0x2F, 0x00, 0x00, 0x00, 0x00,
    // Unicode: [0x0024, dollar]
    0x00, 0x00, 0x00, 0xB0, 0xFF, 0x07, 0x00, 0x00, 0x00, 0x00, 0x00, 0x00, 0xB0, 0xFF, 0x07, 0x00,
    0x00, 0x00, 0x00, 0x00, 0x00, 0xB0, 0xFF, 0x07, 0x00, 0x00, 0x00, 0x00, 0x50, 0xDA, 0xFE, 0xFF,
    0xEF, 0xDE, 0x8B, 0x00, 0x10, 0xFB, 0xFF, 0xFF, 0xFF, 0xFF, 0xFF, 0xDF, 0x00, 0xA0, 0xFF, 0xFF,
    0xFF, 0xFF, 0xFF, 0xFF, 0xDF, 0x00, 0xF2, 0xFF, 0xFF, 0xEE, 0xFF, 0xCD, 0xED, 0xDF, 0x00, 0xF5,
    0xFF, 0x6F, 0xB0, 0xFF, 0x07, 0x00, 0x10, 0x00, 0xF7, 0xFF, 0x0D, 0xB0, 0xFF, 0x07, 0x00, 0x00,
    0x00, 0xF7, 0xFF, 0x0C, 0xB0, 0xFF, 0x07, 0x00, 0x00, 0x00, 0xF6, 0xFF, 0x0E, 0xB0, 0xFF, 0x07,
    0x00, 0x00, 0x00, 0xF4, 0xFF, 0xCF, 0xD8, 0xFF, 0x07, 0x00, 0x00, 0x00, 0xE1, 0xFF, 0xFF, 0xFF,
    0xFF, 0xEF, 0x9C, 0x04, 0x00, 0x80, 0xFF, 0xFF, 0xFF, 0xFF, 0xFF, 0xFF, 0xAF, 0x00, 0x00, 0xF8,
    0xFF, 0xFF, 0xFF, 0xFF, 0xFF, 0xFF, 0x05, 0x00, 0x10, 0x85, 0xEA, 0xFF, 0xFF, 0xFF, 0xFF, 0x0A,
    0x00, 0x00, 0x00, 0xB0, 0xFF, 0x58, 0xFC, 0xFF, 0x0D, 0x00, 0x00, 0x00, 0xB0, 0xFF, 0x07, 0xF5,
    0xFF, 0x0E, 0x00, 0x00, 0x00, 0xB0, 0xFF, 0x07, 0xF4, 0xFF, 0x0E, 0x00, 0x00, 0x00, 0xB0, 0xFF,
    0x07, 0xF5, 0xFF, 0x0E, 0x00, 0x00, 0x00, 0xB0, 0xFF, 0x27, 0xFC, 0xFF, 0x0C, 0xC0, 0xFF, 0xFF,
    0xFF, 0xFF, 0xFF, 0xFF, 0xFF, 0x09, 0xC0, 0xFF, 0xFF, 0xFF, 0xFF, 0xFF, 0xFF, 0xFF, 0x03, 0xC0,
    0xFF, 0xFF, 0xFF, 0xFF, 0xFF, 0xFF, 0x6E, 0x00, 0x60, 0xCA, 0xEE, 0xFF, 0xFF, 0xEF, 0x8B, 0x02,
    0x00, 0x00, 0x00, 0x00, 0xB0, 0xFF, 0x07, 0x00, 0x00, 0x00, 0x00, 0x00, 0x00, 0xB0, 0xFF, 0x07,
    0x00, 0x00, 0x00, 0x00, 0x00, 0x00, 0xB0, 0xFF, 0x07, 0x00, 0x00, 0x00,
    // Unicode: [0x0025, percent]
    0x10, 0xC8, 0xFE, 0xEF, 0x7C, 0x00, 0x00, 0x00, 0x00, 0x00, 0x10, 0xFE, 0x2E, 0x00, 0x00, 0xD1,
    0xFF, 0xFF, 0xFF, 0xFF, 0x0B, 0x00, 0x00, 0x00, 0x00, 0xA0, 0xFF, 0x07, 0x00, 0x00, 0xF6, 0xEF,
    0x89, 0x98, 0xFE, 0x4F, 0x00, 0x00, 0x00, 0x00, 0xF4, 0xCF, 0x00, 0x00, 0x00, 0xFA, 0x4F, 0x00,
    0x00, 0xF6, 0x7F, 0x00, 0x00, 0x00, 0x10, 0xFD, 0x3F, 0x00, 0x00, 0x00, 0xFB, 0x1F, 0x00, 0x00,
    0xF3, 0x9F, 0x00, 0x00, 0x00, 0x90, 0xFF, 0x08, 0x00, 0x00, 0x00, 0xFC, 0x0F, 0x00, 0x00, 0xF2,
    0xAF, 0x00, 0x00, 0x00, 0xF3, 0xDF, 0x00, 0x00, 0x00, 0x00, 0xFD, 0x0E, 0x00, 0x00, 0xF2, 0xAF,
    0x00, 0x00, 0x00, 0xFC, 0x3F, 0x00, 0x00, 0x00, 0x00, 0xFD, 0x0E, 0x00, 0x00, 0xF2, 0xAF, 0x00,
    0x00, 0x80, 0xFF, 0x09, 0x00, 0x00, 0x00, 0x00, 0xFD, 0x0E, 0x00, 0x00, 0xF2, 0xAF, 0x00, 0x00,
    0xF2, 0xDF, 0x01, 0x00, 0x00, 0x00, 0x00, 0xFC, 0x0F, 0x00, 0x00, 0xF2, 0xAF, 0x00, 0x00, 0xFC,
    0x4F, 0x00, 0x00, 0x00, 0x00, 0x00, 0xFB, 0x1F, 0x00, 0x00, 0xF3, 0x9F, 0x00, 0x60, 0xFF, 0x0A,
    0x00, 0x00, 0x00, 0x00, 0x00, 0xFA, 0x4F, 0x00, 0x00, 0xF6, 0x7F, 0x00, 0xE2, 0xEF, 0x01, 0x00,
    0x00, 0x00, 0x00, 0x00, 0xF6, 0xDF, 0x78, 0x97, 0xFE, 0x4F, 0x00, 0xFB, 0x6F, 0x00, 0x41, 0x76,
    0x67, 0x03, 0x00, 0xD1, 0xFF, 0xFF, 0xFF, 0xFF, 0x0C, 0x50, 0xFF, 0x0B, 0x70, 0xFF, 0xFF, 0xFF,
    0xDF, 0x03, 0x10, 0xC8, 0xFE, 0xEF, 0x8C, 0x01, 0xE1, 0xEF, 0x02, 0xF4, 0xFF, 0xFF, 0xFF, 0xFF,
    0x0D, 0x00, 0x00, 0x00, 0x00, 0x00, 0x00, 0xF9, 0x7F, 0x00, 0xFA, 0x8F, 0x01, 0x20, 0xFC, 0x4F,
    0x00, 0x00, 0x00, 0x00, 0x00, 0x40, 0xFF, 0x0C, 0x00, 0xFC, 0x1F, 0x00, 0x00, 0xF6, 0x6F, 0x00,
    0x00, 0x00, 0x00, 0x00, 0xD1, 0xFF, 0x03, 0x00, 0xFD, 0x0E, 0x00, 0x00, 0xF4, 0x8F, 0x00, 0x00,
    0x00, 0x00, 0x00, 0xF8, 0x8F, 0x00, 0x00, 0xFE, 0x0D, 0x00, 0x00, 0xF4, 0x8F, 0x00, 0x00, 0x00,
    0x00, 0x30, 0xFF, 0x0D, 0x00, 0x00, 0xFE, 0x0D, 0x00, 0x00, 0xF4, 0x9F, 0x00, 0x00, 0x00, 0x00,
    0xC0, 0xFF, 0x03, 0x00, 0x00, 0xFE, 0x0D, 0x00, 0x00, 0xF4, 0x9F, 0x00, 0x00, 0x00, 0x00, 0xF7,
    0x9F, 0x00, 0x00, 0x00, 0xFE, 0x0D, 0x00, 0x00, 0xF4, 0x9F, 0x00, 0x00, 0x00, 0x20, 0xFF, 0x1D,
    0x00, 0x00, 0x00, 0xFE, 0x0E, 0x00, 0x00, 0xF4, 0x8F, 0x00, 0x00, 0x00, 0xB0, 0xFF, 0x04, 0x00,
    0x00, 0x00, 0xFD, 0x0F, 0x00, 0x00, 0xF5, 0x7F, 0x00, 0x00, 0x00, 0xF6, 0xAF, 0x00, 0x00, 0x00,
    0x00, 0xFB, 0x3F, 0x00, 0x00, 0xF8, 0x6F, 0x00, 0x00, 0x10, 0xFE, 0x1E, 0x00, 0x00, 0x00, 0x00,
    0xF8, 0xDF, 0x78, 0x97, 0xFF, 0x2F, 0x00, 0x00, 0xA0, 0xFF, 0x06, 0x00, 0x00, 0x00, 0x00, 0xE2,
    0xFF, 0xFF, 0xFF, 0xFF, 0x0A, 0x00, 0x00, 0xF5, 0xBF, 0x00, 0x00, 0x00, 0x00, 0x00, 0x20, 0xD9,
    0xFE, 0xEF, 0x7C, 0x00,
    // Unicode: [0x0026, ampersand]
    0x00, 0x00, 0x20, 0x96, 0xDC, 0xFE, 0xFF, 0xDE, 0xBC, 0x79, 0x15, 0x00, 0x00, 0x00, 0x00, 0x30,
    0xFB, 0xFF, 0xFF, 0xFF, 0xFF, 0xFF, 0xFF, 0xFF, 0x7F, 0x00, 0x00, 0x00, 0x00, 0xF5, 0xFF, 0xFF,
    0xFF, 0xFF, 0xFF, 0xFF, 0xFF, 0xFF, 0x7F, 0x00, 0x00, 0x00, 0x20, 0xFF, 0xFF, 0xFF, 0xFF, 0xEF,
    0xDE, 0xEE, 0xFF, 0xFF, 0x7F, 0x00, 0x00, 0x00, 0xA0, 0xFF, 0xFF, 0x6C, 0x13, 0x00, 0x00, 0x00,
    0x10, 0x32, 0x35, 0x00, 0x00, 0x00, 0xF1, 0xFF, 0xAF, 0x00, 0x00, 0x00, 0x00, 0x00, 0x00, 0x00,
    0x00, 0x00, 0x00, 0x00, 0xF2, 0xFF, 0x4F, 0x00, 0x00, 0x00, 0x00, 0x00, 0x00, 0x00, 0x00, 0x00,
    0x00, 0x00, 0xF3, 0xFF, 0x2F, 0x00, 0x00, 0x00, 0x00, 0x00, 0x00, 0x00, 0x00, 0x00, 0x00, 0x00,
    0xF2, 0xFF, 0x2F, 0x00, 0x00, 0x00, 0x00, 0x00, 0x00, 0x00, 0x00, 0x00, 0x00, 0x00, 0xF0, 0xFF,
    0x3F, 0x00, 0x00, 0x00, 0x00, 0x00, 0x00, 0x00, 0x00, 0x00, 0x00, 0x00, 0xB0, 0xFF, 0x9F, 0x00,
    0x00, 0x00, 0x00, 0x00, 0x00, 0x00, 0x00, 0x00, 0x00, 0x00, 0x30, 0xFF, 0xFF, 0x4A, 0x01, 0x00,
    0x00, 0x00, 0x00, 0x00, 0x00, 0x00, 0x00, 0x00, 0x00, 0xE4, 0xFF, 0xFF, 0xFF, 0xFF, 0x8F, 0x00,
    0x80, 0xFF, 0xFF, 0xFF, 0xFF, 0x02, 0x00, 0x10, 0xD6, 0xFF, 0xFF, 0xFF, 0x8F, 0x00, 0x80, 0xFF,
    0xFF, 0xFF, 0xFF, 0x02, 0x00, 0x60, 0xFC, 0xFF, 0xFF, 0xFF, 0x8F, 0x00, 0x80, 0xFF, 0xFF, 0xFF,
    0xFF, 0x02, 0x10, 0xFC, 0xFF, 0xFF, 0xDE, 0xDD, 0x7D, 0x00, 0x80, 0xFF, 0xEF, 0xDD, 0xDD, 0x02,
    0xA0, 0xFF, 0xEF, 0x16, 0x00, 0x00, 0x00, 0x00, 0x80, 0xFF, 0xAF, 0x00, 0x00, 0x00, 0xF1, 0xFF,
    0x4F, 0x00, 0x00, 0x00, 0x00, 0x00, 0x80, 0xFF, 0xAF, 0x00, 0x00, 0x00, 0xF5, 0xFF, 0x0E, 0x00,
    0x00, 0x00, 0x00, 0x00, 0x80, 0xFF, 0xAF, 0x00, 0x00, 0x00, 0xF6, 0xFF, 0x0D, 0x00, 0x00, 0x00,
    0x00, 0x00, 0x80, 0xFF, 0xAF, 0x00, 0x00, 0x00, 0xF7, 0xFF, 0x0E, 0x00, 0x00, 0x00, 0x00, 0x00,
    0x80, 0xFF, 0xAF, 0x00, 0x00, 0x00, 0xF6, 0xFF, 0x1F, 0x00, 0x00, 0x00, 0x00, 0x00, 0x80, 0xFF,
    0xAF, 0x00, 0x00, 0x00, 0xF4, 0xFF, 0x9F, 0x00, 0x00, 0x00, 0x00, 0x00, 0x80, 0xFF, 0xAF, 0x00,
    0x00, 0x00, 0xE0, 0xFF, 0xFF, 0x5B, 0x01, 0x00, 0x00, 0x00, 0x90, 0xFF, 0xAF, 0x00, 0x00, 0x00,
    0x80, 0xFF, 0xFF, 0xFF, 0xFF, 0xDE, 0xDD, 0xED, 0xFF, 0xFF, 0xAF, 0x00, 0x00, 0x00, 0x00, 0xFA,
    0xFF, 0xFF, 0xFF, 0xFF, 0xFF, 0xFF, 0xFF, 0xFF, 0xAF, 0x00, 0x00, 0x00, 0x00, 0x60, 0xFD, 0xFF,
    0xFF, 0xFF, 0xFF, 0xFF, 0xFF, 0xFF, 0xAF, 0x00, 0x00, 0x00, 0x00, 0x00, 0x30, 0xA7, 0xDC, 0xFE,
    0xFF, 0xDE, 0xBC, 0x89, 0x25, 0x00, 0x00, 0x00,
    // Unicode: [0x0027, quotesingle]
    0xF6, 0xFF, 0x09, 0xF6, 0xFF, 0x09, 0xF6, 0xFF, 0x09, 0xF5, 0xFF, 0x08, 0xF4, 0xFF, 0x07, 0xF3,
    0xFF, 0x06, 0xF2, 0xFF, 0x05, 0xF1, 0xFF, 0x04, 0xF0, 0xFF, 0x03, 0xE0, 0xFF, 0x02, 0x20, 0x33,
    0x00,
    // Unicode: [0x0028, parenleft]
    0x00, 0x00, 0x50, 0xFF, 0x0C, 0x00, 0x00, 0xF3, 0xEF, 0x02, 0x00, 0x10, 0xFE, 0x5F, 0x00, 0x00,
    0xB0, 0xFF, 0x0A, 0x00, 0x00, 0xF6, 0xFF, 0x02, 0x00, 0x10, 0xFE, 0xAF, 0x00, 0x00, 0x60, 0xFF,
    0x4F, 0x00, 0x00, 0xC0, 0xFF, 0x0F, 0x00, 0x00, 0xF1, 0xFF, 0x0C, 0x00, 0x00, 0xF5, 0xFF, 0x09,
    0x00, 0x00, 0xF8, 0xFF, 0x07, 0x00, 0x00, 0xFA, 0xFF, 0x05, 0x00, 0x00, 0xFC, 0xFF, 0x04, 0x00,
    0x00, 0xFD, 0xFF, 0x03, 0x00, 0x00, 0xFE, 0xFF, 0x02, 0x00, 0x00, 0xFE, 0xFF, 0x02, 0x00, 0x00,
    0xFF, 0xFF, 0x01, 0x00, 0x00, 0xFF, 0xFF, 0x01, 0x00, 0x00, 0xFF, 0xFF, 0x01, 0x00, 0x00, 0xFF,
    0xFF, 0x01, 0x00, 0x00, 0xFE, 0xFF, 0x02, 0x00, 0x00, 0xFE, 0xFF, 0x02, 0x00, 0x00, 0xFD, 0xFF,
    0x03, 0x00, 0x00, 0xFC, 0xFF, 0x04, 0x00, 0x00, 0xFA, 0xFF, 0x05, 0x00, 0x00, 0xF8, 0xFF, 0x06,
    0x00, 0x00, 0xF6, 0xFF, 0x08, 0x00, 0x00, 0xF2, 0xFF, 0x0B, 0x00, 0x00, 0xD0, 0xFF, 0x0E, 0x00,
    0x00, 0x70, 0xFF, 0x3F, 0x00, 0x00, 0x10, 0xFE, 0x8F, 0x00, 0x00, 0x00, 0xF7, 0xEF, 0x01, 0x00,
    0x00, 0xC0, 0xFF, 0x08, 0x00, 0x00, 0x20, 0xFE, 0x3F, 0x00, 0x00, 0x00, 0xF4, 0xDF, 0x01, 0x00,
    0x00, 0x70, 0xFF, 0x09, 0x00, 0x00, 0x00, 0x33, 0x03,
    // Unicode: [0x0029, parenright]
    0xFC, 0x4F, 0x00, 0x00, 0x00, 0xE2, 0xEF, 0x03, 0x00, 0x00, 0x60, 0xFF, 0x1D, 0x00, 0x00, 0x00,
    0xFB, 0xAF, 0x00, 0x00, 0x00, 0xF2, 0xFF, 0x05, 0x00, 0x00, 0xA0, 0xFF, 0x0D, 0x00, 0x00, 0x50,
    0xFF, 0x5F, 0x00, 0x00, 0x10, 0xFF, 0xBF, 0x00, 0x00, 0x00, 0xFD, 0xEF, 0x00, 0x00, 0x00, 0xFA,
    0xFF, 0x04, 0x00, 0x00, 0xF8, 0xFF, 0x07, 0x00, 0x00, 0xF6, 0xFF, 0x09, 0x00, 0x00, 0xF5, 0xFF,
    0x0A, 0x00, 0x00, 0xF4, 0xFF, 0x0C, 0x00, 0x00, 0xF3, 0xFF, 0x0D, 0x00, 0x00, 0xF2, 0xFF, 0x0D,
    0x00, 0x00, 0xF2, 0xFF, 0x0E, 0x00, 0x00, 0xF2, 0xFF, 0x0E, 0x00, 0x00, 0xF2, 0xFF, 0x0E, 0x00,
    0x00, 0xF2, 0xFF, 0x0E, 0x00, 0x00, 0xF2, 0xFF, 0x0D, 0x00, 0x00, 0xF3, 0xFF, 0x0D, 0x00, 0x00,
    0xF4, 0xFF, 0x0C, 0x00, 0x00, 0xF4, 0xFF, 0x0B, 0x00, 0x00, 0xF6, 0xFF, 0x09, 0x00, 0x00, 0xF7,
    0xFF, 0x07, 0x00, 0x00, 0xF9, 0xFF, 0x04, 0x00, 0x00, 0xFC, 0xFF, 0x01, 0x00, 0x10, 0xFF, 0xCF,
    0x00, 0x00, 0x40, 0xFF, 0x6F, 0x00, 0x00, 0x90, 0xFF, 0x0E, 0x00, 0x00, 0xE1, 0xFF, 0x06, 0x00,
    0x00, 0xF9, 0xBF, 0x00, 0x00, 0x40, 0xFF, 0x1E, 0x00, 0x00, 0xD1, 0xFF, 0x04, 0x00, 0x00, 0xFA,
    0x6F, 0x00, 0x00, 0x00, 0x33, 0x03, 0x00, 0x00, 0x00,
    // Unicode: [0x002A, asterisk]
    0x00, 0x00, 0x60, 0xFF, 0x02, 0x00, 0x00, 0x00, 0x00, 0x50, 0xFF, 0x01, 0x00, 0x00, 0x30, 0x00,
    0x40, 0xFF, 0x00, 0x00, 0x04, 0xF6, 0x18, 0x30, 0xEF, 0x00, 0xB2, 0x3F, 0xFD, 0xDF, 0x24, 0xDF,
    0x60, 0xFE, 0xAF, 0xC4, 0xFF, 0xAF, 0xDF, 0xFC, 0xFF, 0x3A, 0x00, 0xC5, 0xFF, 0xFF, 0xFF, 0x3B,
    0x00, 0x00, 0x00, 0xF8, 0xFF, 0x5F, 0x00, 0x00, 0x00, 0xB4, 0xFF, 0xFF, 0xFF, 0x2A, 0x00, 0xB4,
    0xFF, 0xAF, 0xEF, 0xFB, 0xFF, 0x2A, 0xFD, 0xDF, 0x24, 0xEF, 0x60, 0xFE, 0xAF, 0xF6, 0x19, 0x30,
    0xFF, 0x00, 0xB2, 0x3F, 0x40, 0x00, 0x40, 0xFF, 0x01, 0x00, 0x04, 0x00, 0x00, 0x50, 0xFF, 0x02,
    0x00, 0x00, 0x00, 0x00, 0x60, 0xFF, 0x03, 0x00, 0x00,
    // Unicode: [0x002B, plus]
    0x00, 0x00, 0x00, 0x40, 0x44, 0x02, 0x00, 0x00, 0x00, 0x00, 0x00, 0x00, 0xE0, 0xFF, 0x07, 0x00,
    0x00, 0x00, 0x00, 0x00, 0x00, 0xE0, 0xFF, 0x07, 0x00, 0x00, 0x00, 0x00, 0x00, 0x00, 0xE0, 0xFF,
    0x07, 0x00, 0x00, 0x00, 0x00, 0x00, 0x00, 0xE0, 0xFF, 0x07, 0x00, 0x00, 0x00, 0x00, 0x00, 0x00,
    0xE0, 0xFF, 0x07, 0x00, 0x00, 0x00, 0x00, 0x00, 0x00, 0xE0, 0xFF, 0x07, 0x00, 0x00, 0x00, 0xF3,
    0xFF, 0xFF, 0xFF, 0xFF, 0xFF, 0xFF, 0xFF, 0x0C, 0xF3, 0xFF, 0xFF, 0xFF, 0xFF, 0xFF, 0xFF, 0xFF,
    0x0C, 0xF3, 0xFF, 0xFF, 0xFF, 0xFF, 0xFF, 0xFF, 0xFF, 0x0C, 0x92, 0x99, 0x99, 0xF9, 0xFF, 0x9C,
    0x99, 0x99, 0x07, 0x00, 0x00, 0x00, 0xE0, 0xFF, 0x07, 0x00, 0x00, 0x00, 0x00, 0x00, 0x00, 0xE0,
    0xFF, 0x07, 0x00, 0x00, 0x00, 0x00, 0x00, 0x00, 0xE0, 0xFF, 0x07, 0x00, 0x00, 0x00, 0x00, 0x00,
    0x00, 0xE0, 0xFF, 0x07, 0x00, 0x00, 0x00, 0x00, 0x00, 0x00, 0xE0, 0xFF, 0x07, 0x00, 0x00, 0x00,
    0x00, 0x00, 0x00, 0xE0, 0xFF, 0x07, 0x00, 0x00, 0x00,
    // Unicode: [0x002C, comma]
    0x60, 0xDD, 0xDD, 0x05, 0x70, 0xFF, 0xFF, 0x05, 0x70, 0xFF, 0xFF, 0x05, 0x70, 0xFF, 0xFF, 0x05,
    0x70, 0xFF, 0xFF, 0x05, 0x00, 0x90, 0xFF, 0x04, 0x00, 0xA0, 0xFF, 0x03, 0x00, 0xE4, 0xFF, 0x01,
    0xF2, 0xFF, 0x8F, 0x00, 0xF2, 0xDF, 0x07, 0x00, 0x10, 0x00, 0x00, 0x00,
    // Unicode: [0x002D, hyphen]
    0x11, 0x11, 0x11, 0x11, 0x11, 0x00, 0xFC, 0xFF, 0xFF, 0xFF, 0xFF, 0x06, 0xFC, 0xFF, 0xFF, 0xFF,
    0xFF, 0x06, 0xFC, 0xFF, 0xFF, 0xFF, 0xFF, 0x06, 0xFC, 0xFF, 0xFF, 0xFF, 0xFF, 0x06,
    // Unicode: [0x002E, period]
    0xD6, 0xDD, 0x5D, 0xF7, 0xFF, 0x5F, 0xF7, 0xFF, 0x5F, 0xF7, 0xFF, 0x5F, 0xF7, 0xFF, 0x5F,
    // Unicode: [0x002F, slash]
    0x00, 0x00, 0x00, 0x00, 0x00, 0x00, 0xFC, 0xFF, 0x01, 0x00, 0x00, 0x00, 0x00, 0x00, 0x20, 0xFF,
    0xAF, 0x00, 0x00, 0x00, 0x00, 0x00, 0x00, 0x70, 0xFF, 0x5F, 0x00, 0x00, 0x00, 0x00, 0x00, 0x00,
    0xD0, 0xFF, 0x0E, 0x00, 0x00, 0x00, 0x00, 0x00, 0x00, 0xF3, 0xFF, 0x09, 0x00, 0x00, 0x00, 0x00,
    0x00, 0x00, 0xF9, 0xFF, 0x03, 0x00, 0x00, 0x00, 0x00, 0x00, 0x00, 0xFE, 0xDF, 0x00, 0x00, 0x00,
    0x00, 0x00, 0x00, 0x40, 0xFF, 0x8F, 0x00, 0x00, 0x00, 0x00, 0x00, 0x00, 0xA0, 0xFF, 0x2F, 0x00,
    0x00, 0x00, 0x00, 0x00, 0x00, 0xE1, 0xFF, 0x0C, 0x00, 0x00, 0x00, 0x00, 0x00, 0x00, 0xF5, 0xFF,
    0x07, 0x00, 0x00, 0x00, 0x00, 0x00, 0x00, 0xFB, 0xFF, 0x01, 0x00, 0x00, 0x00, 0x00, 0x00, 0x10,
    0xFF, 0xBF, 0x00, 0x00, 0x00, 0x00, 0x00, 0x00, 0x60, 0xFF, 0x5F, 0x00, 0x00, 0x00, 0x00, 0x00,
    0x00, 0xC0, 0xFF, 0x1E, 0x00, 0x00, 0x00, 0x00, 0x00, 0x00, 0xF2, 0xFF, 0x0A, 0x00, 0x00, 0x00,
    0x00, 0x00, 0x00, 0xF8, 0xFF, 0x04, 0x00, 0x00, 0x00, 0x00, 0x00, 0x00, 0xFD, 0xEF, 0x00, 0x00,
    0x00, 0x00, 0x00, 0x00, 0x30, 0xFF, 0x9F, 0x00, 0x00, 0x00, 0x00, 0x00, 0x00, 0x90, 0xFF, 0x3F,
    0x00, 0x00, 0x00, 0x00, 0x00, 0x00, 0xE0, 0xFF, 0x0D, 0x00, 0x00, 0x00, 0x00, 0x00, 0x00, 0xF4,
    0xFF, 0x08, 0x00, 0x00, 0x00, 0x00, 0x00, 0x00, 0xFA, 0xFF, 0x02, 0x00, 0x00, 0x00, 0x00, 0x00,
    0x10, 0xFE, 0xCF, 0x00, 0x00, 0x00, 0x00, 0x00, 0x00, 0x60, 0xFF, 0x6F, 0x00, 0x00, 0x00, 0x00,
    0x00, 0x00, 0xB0, 0xFF, 0x1F, 0x00, 0x00, 0x00, 0x00, 0x00, 0x00, 0xF1, 0xFF, 0x0B, 0x00, 0x00,
    0x00, 0x00, 0x00, 0x00, 0xF7, 0xFF, 0x05, 0x00, 0x00, 0x00, 0x00, 0x00, 0x00, 0xFC, 0xEF, 0x01,
    0x00, 0x00, 0x00, 0x00, 0x00, 0x20, 0xFF, 0xAF, 0x00, 0x00, 0x00, 0x00, 0x00, 0x00, 0x80, 0xFF,
    0x4F, 0x00, 0x00, 0x00, 0x00, 0x00, 0x00, 0xD0, 0xFF, 0x0E, 0x00, 0x00, 0x00, 0x00, 0x00, 0x00,
    0x81, 0x88, 0x05, 0x00, 0x00, 0x00, 0x00, 0x00, 0x00,
    // Unicode: [0x0030, zero]
    0x00, 0x00, 0x61, 0xC9, 0xED, 0xFF, 0xEE, 0xBD, 0x58, 0x00, 0x00, 0x00, 0x70, 0xFF, 0xFF, 0xFF,
    0xFF, 0xFF, 0xFF, 0xFF, 0x5D, 0x00, 0x00, 0xF8, 0xFF, 0xFF, 0xFF, 0xFF, 0xFF, 0xFF, 0xFF, 0xFF,
    0x05, 0x30, 0xFF, 0xFF, 0xFF, 0xFF, 0xFF, 0xFF, 0xFF, 0xFF, 0xFF, 0x0D, 0x80, 0xFF, 0xFF, 0x7D,
    0x34, 0x22, 0x32, 0x85, 0xFE, 0xFF, 0x4F, 0xC0, 0xFF, 0xEF, 0x02, 0x00, 0x00, 0x00, 0x00, 0xF5,
    0xFF, 0x8F, 0xE0, 0xFF, 0xAF, 0x00, 0x00, 0x00, 0x00, 0x00, 0xE0, 0xFF, 0xAF, 0xF0, 0xFF, 0x7F,
    0x00, 0x00, 0x00, 0x00, 0x00, 0xB0, 0xFF, 0xCF, 0xF1, 0xFF, 0x6F, 0x00, 0x00, 0x00, 0x00, 0x00,
    0xA0, 0xFF, 0xDF, 0xF2, 0xFF, 0x5F, 0x00, 0x00, 0x00, 0x00, 0x00, 0x90, 0xFF, 0xDF, 0xF3, 0xFF,
    0x4F, 0x00, 0x00, 0x00, 0x00, 0x00, 0x80, 0xFF, 0xEF, 0xF3, 0xFF, 0x4F, 0x00, 0x00, 0x00, 0x00,
    0x00, 0x80, 0xFF, 0xFF, 0xF3, 0xFF, 0x4F, 0x00, 0x00, 0x00, 0x00, 0x00, 0x80, 0xFF, 0xFF, 0xF3,
    0xFF, 0x4F, 0x00, 0x00, 0x00, 0x00, 0x00, 0x70, 0xFF, 0xFF, 0xF3, 0xFF, 0x4F, 0x00, 0x00, 0x00,
    0x00, 0x00, 0x70, 0xFF, 0xFF, 0xF3, 0xFF, 0x4F, 0x00, 0x00, 0x00, 0x00, 0x00, 0x80, 0xFF, 0xFF,
    0xF3, 0xFF, 0x4F, 0x00, 0x00, 0x00, 0x00, 0x00, 0x80, 0xFF, 0xFF, 0xF3, 0xFF, 0x4F, 0x00, 0x00,
    0x00, 0x00, 0x00, 0x80, 0xFF, 0xEF, 0xF2, 0xFF, 0x5F, 0x00, 0x00, 0x00, 0x00, 0x00, 0x90, 0xFF,
    0xDF, 0xF1, 0xFF, 0x6F, 0x00, 0x00, 0x00, 0x00, 0x00, 0xA0, 0xFF, 0xDF, 0xF0, 0xFF, 0x7F, 0x00,
    0x00, 0x00, 0x00, 0x00, 0xB0, 0xFF, 0xCF, 0xE0, 0xFF, 0xAF, 0x00, 0x00, 0x00, 0x00, 0x00, 0xE0,
    0xFF, 0xAF, 0xC0, 0xFF, 0xEF, 0x02, 0x00, 0x00, 0x00, 0x00, 0xF5, 0xFF, 0x8F, 0x80, 0xFF, 0xFF,
    0x7D, 0x34, 0x22, 0x32, 0x85, 0xFE, 0xFF, 0x5F, 0x30, 0xFF, 0xFF, 0xFF, 0xFF, 0xFF, 0xFF, 0xFF,
    0xFF, 0xFF, 0x0E, 0x00, 0xF9, 0xFF, 0xFF, 0xFF, 0xFF, 0xFF, 0xFF, 0xFF, 0xFF, 0x05, 0x00, 0x80,
    0xFF, 0xFF, 0xFF, 0xFF, 0xFF, 0xFF, 0xFF, 0x5E, 0x00, 0x00, 0x00, 0x61, 0xC9, 0xED, 0xFF, 0xEF,
    0xBD, 0x58, 0x00, 0x00,
    // Unicode: [0x0031, one]
    0x00, 0x00, 0x20, 0xF9, 0xFF, 0x05, 0x00, 0x10, 0xF8, 0xFF, 0xFF, 0x05, 0x10, 0xE7, 0xFF, 0xFF,
    0xFF, 0x05, 0xD5, 0xFF, 0xFF, 0xFF, 0xFF, 0x05, 0xFC, 0xFF, 0xFF, 0xFF, 0xFF, 0x05, 0xFC, 0xFF,
    0xBE, 0xFF, 0xFF, 0x05, 0xFC, 0x8E, 0x31, 0xFF, 0xFF, 0x05, 0x69, 0x01, 0x30, 0xFF, 0xFF, 0x05,
    0x00, 0x00, 0x30, 0xFF, 0xFF, 0x05, 0x00, 0x00, 0x30, 0xFF, 0xFF, 0x05, 0x00, 0x00, 0x30, 0xFF,
    0xFF, 0x05, 0x00, 0x00, 0x30, 0xFF, 0xFF, 0x05, 0x00, 0x00, 0x30, 0xFF, 0xFF, 0x05, 0x00, 0x00,
    0x30, 0xFF, 0xFF, 0x05, 0x00, 0x00, 0x30, 0xFF, 0xFF, 0x05, 0x00, 0x00, 0x30, 0xFF, 0xFF, 0x05,
    0x00, 0x00, 0x30, 0xFF, 0xFF, 0x05, 0x00, 0x00, 0x30, 0xFF, 0xFF, 0x05, 0x00, 0x00, 0x30, 0xFF,
    0xFF, 0x05, 0x00, 0x00, 0x30, 0xFF, 0xFF, 0x05, 0x00, 0x00, 0x30, 0xFF, 0xFF, 0x05, 0x00, 0x00,
    0x30, 0xFF, 0xFF, 0x05, 0x00, 0x00, 0x30, 0xFF, 0xFF, 0x05, 0x00, 0x00, 0x30, 0xFF, 0xFF, 0x05,
    0x00, 0x00, 0x30, 0xFF, 0xFF, 0x05, 0x00, 0x00, 0x30, 0xFF, 0xFF, 0x05, 0x00, 0x00, 0x30, 0xFF,
    0xFF, 0x05, 0x00, 0x00, 0x30, 0xFF, 0xFF, 0x05,
    // Unicode: [0x0032, two]
    0x30, 0x86, 0xB9, 0xDC, 0xFE, 0xFF, 0xDE, 0x7A, 0x02, 0x00, 0xD0, 0xFF, 0xFF, 0xFF, 0xFF, 0xFF,
    0xFF, 0xFF, 0x8F, 0x00, 0xD0, 0xFF, 0xFF, 0xFF, 0xFF, 0xFF, 0xFF, 0xFF, 0xFF, 0x08, 0xD0, 0xFF,
    0xFF, 0xFF, 0xFF, 0xFF, 0xFF, 0xFF, 0xFF, 0x2F, 0x90, 0x79, 0x46, 0x33, 0x22, 0x33, 0x95, 0xFE,
    0xFF, 0x7F, 0x00, 0x00, 0x00, 0x00, 0x00, 0x00, 0x00, 0xF4, 0xFF, 0xAF, 0x00, 0x00, 0x00, 0x00,
    0x00, 0x00, 0x00, 0xC0, 0xFF, 0xCF, 0x00, 0x00, 0x00, 0x00, 0x00, 0x00, 0x00, 0xB0, 0xFF, 0xCF,
    0x00, 0x00, 0x00, 0x00, 0x00, 0x00, 0x00, 0xB0, 0xFF, 0xCF, 0x00, 0x00, 0x00, 0x00, 0x00, 0x00,
    0x00, 0xD0, 0xFF, 0xAF, 0x00, 0x00, 0x00, 0x00, 0x00, 0x00, 0x00, 0xF8, 0xFF, 0x7F, 0x00, 0x00,
    0x00, 0x00, 0x00, 0x00, 0xC5, 0xFF, 0xFF, 0x3F, 0x00, 0x00, 0x00, 0x00, 0x20, 0xE8, 0xFF, 0xFF,
    0xFF, 0x0A, 0x00, 0x00, 0x00, 0x40, 0xFB, 0xFF, 0xFF, 0xFF, 0xCF, 0x01, 0x00, 0x00, 0x71, 0xFD,
    0xFF, 0xFF, 0xFF, 0xEF, 0x08, 0x00, 0x00, 0x80, 0xFE, 0xFF, 0xFF, 0xFF, 0xDF, 0x17, 0x00, 0x00,
    0x00, 0xFB, 0xFF, 0xFF, 0xFF, 0xAF, 0x04, 0x00, 0x00, 0x00, 0x70, 0xFF, 0xFF, 0xFF, 0x7D, 0x01,
    0x00, 0x00, 0x00, 0x00, 0xD0, 0xFF, 0xFF, 0x4B, 0x00, 0x00, 0x00, 0x00, 0x00, 0x00, 0xF2, 0xFF,
    0x9F, 0x00, 0x00, 0x00, 0x00, 0x00, 0x00, 0x00, 0xF4, 0xFF, 0x2F, 0x00, 0x00, 0x00, 0x00, 0x00,
    0x00, 0x00, 0xF5, 0xFF, 0x0F, 0x00, 0x00, 0x00, 0x00, 0x00, 0x00, 0x00, 0xF6, 0xFF, 0x0E, 0x00,
    0x00, 0x00, 0x00, 0x00, 0x00, 0x00, 0xF6, 0xFF, 0x3E, 0x33, 0x33, 0x33, 0x33, 0x33, 0x33, 0x23,
    0xF7, 0xFF, 0xFF, 0xFF, 0xFF, 0xFF, 0xFF, 0xFF, 0xFF, 0xDF, 0xF7, 0xFF, 0xFF, 0xFF, 0xFF, 0xFF,
    0xFF, 0xFF, 0xFF, 0xDF, 0xF7, 0xFF, 0xFF, 0xFF, 0xFF, 0xFF, 0xFF, 0xFF, 0xFF, 0xDF, 0xF7, 0xFF,
    0xFF, 0xFF, 0xFF, 0xFF, 0xFF, 0xFF, 0xFF, 0xDF,
    // Unicode: [0x0033, three]
    0x62, 0xA8, 0xDC, 0xEE, 0xFF, 0xDE, 0x8B, 0x04, 0x00, 0x00, 0xF8, 0xFF, 0xFF, 0xFF, 0xFF, 0xFF,
    0xFF, 0xEF, 0x06, 0x00, 0xF8, 0xFF, 0xFF, 0xFF, 0xFF, 0xFF, 0xFF, 0xFF, 0x9F, 0x00, 0xF8, 0xFF,
    0xFF, 0xFF, 0xFF, 0xFF, 0xFF, 0xFF, 0xFF, 0x04, 0x85, 0x57, 0x34, 0x23, 0x22, 0x43, 0xE8, 0xFF,
    0xFF, 0x0B, 0x00, 0x00, 0x00, 0x00, 0x00, 0x00, 0x20, 0xFE, 0xFF, 0x0E, 0x00, 0x00, 0x00, 0x00,
    0x00, 0x00, 0x00, 0xF9, 0xFF, 0x1F, 0x00, 0x00, 0x00, 0x00, 0x00, 0x00, 0x00, 0xF7, 0xFF, 0x2F,
    0x00, 0x00, 0x00, 0x00, 0x00, 0x00, 0x00, 0xF7, 0xFF, 0x1F, 0x00, 0x00, 0x00, 0x00, 0x00, 0x00,
    0x00, 0xF9, 0xFF, 0x0E, 0x00, 0x00, 0x00, 0x00, 0x00, 0x00, 0x20, 0xFE, 0xFF, 0x09, 0x00, 0x00,
    0x20, 0x22, 0x22, 0x42, 0xE7, 0xFF, 0xEF, 0x02, 0x00, 0x00, 0xE0, 0xFF, 0xFF, 0xFF, 0xFF, 0xFF,
    0x3D, 0x00, 0x00, 0x00, 0xE0, 0xFF, 0xFF, 0xFF, 0xFF, 0x6C, 0x01, 0x00, 0x00, 0x00, 0xE0, 0xFF,
    0xFF, 0xFF, 0xFF, 0xCF, 0x06, 0x00, 0x00, 0x00, 0xE0, 0xFF, 0xFF, 0xFF, 0xFF, 0xFF, 0xBF, 0x01,
    0x00, 0x00, 0x00, 0x00, 0x00, 0x10, 0xA4, 0xFF, 0xFF, 0x09, 0x00, 0x00, 0x00, 0x00, 0x00, 0x00,
    0x00, 0xFA, 0xFF, 0x1F, 0x00, 0x00, 0x00, 0x00, 0x00, 0x00, 0x00, 0xF4, 0xFF, 0x4F, 0x00, 0x00,
    0x00, 0x00, 0x00, 0x00, 0x00, 0xF2, 0xFF, 0x6F, 0x00, 0x00, 0x00, 0x00, 0x00, 0x00, 0x00, 0xF3,
    0xFF, 0x6F, 0x00, 0x00, 0x00, 0x00, 0x00, 0x00, 0x00, 0xF5, 0xFF, 0x5F, 0x00, 0x00, 0x00, 0x00,
    0x00, 0x00, 0x10, 0xFC, 0xFF, 0x3F, 0x76, 0x56, 0x34, 0x23, 0x22, 0x43, 0xC7, 0xFF, 0xFF, 0x0E,
    0xFB, 0xFF, 0xFF, 0xFF, 0xFF, 0xFF, 0xFF, 0xFF, 0xFF, 0x08, 0xFB, 0xFF, 0xFF, 0xFF, 0xFF, 0xFF,
    0xFF, 0xFF, 0xBF, 0x01, 0xFB, 0xFF, 0xFF, 0xFF, 0xFF, 0xFF, 0xFF, 0xEF, 0x07, 0x00, 0x63, 0xA8,
    0xDC, 0xFE, 0xFF, 0xDE, 0x9B, 0x15, 0x00, 0x00,
    // Unicode: [0x0034, four]
    0x00, 0x00, 0x00, 0x00, 0x00, 0xE1, 0xFF, 0xDF, 0x00, 0x00, 0x00, 0x00, 0x00, 0x00, 0x00, 0x00,
    0x00, 0xF9, 0xFF, 0x5F, 0x00, 0x00, 0x00, 0x00, 0x00, 0x00, 0x00, 0x00, 0x30, 0xFF, 0xFF, 0x0B,
    0x00, 0x00, 0x00, 0x00, 0x00, 0x00, 0x00, 0x00, 0xC0, 0xFF, 0xFF, 0x02, 0x00, 0x00, 0x00, 0x00,
    0x00, 0x00, 0x00, 0x00, 0xF5, 0xFF, 0x8F, 0x00, 0x00, 0x00, 0x00, 0x00, 0x00, 0x00, 0x00, 0x10,
    0xFD, 0xFF, 0x1E, 0x00, 0x00, 0x00, 0x00, 0x00, 0x00, 0x00, 0x00, 0x80, 0xFF, 0xFF, 0x05, 0x00,
    0x00, 0x00, 0x00, 0x00, 0x00, 0x00, 0x00, 0xE2, 0xFF, 0xCF, 0x00, 0x00, 0x00, 0x00, 0x00, 0x00,
    0x00, 0x00, 0x00, 0xFA, 0xFF, 0x3F, 0x00, 0x00, 0x00, 0x00, 0x00, 0x00, 0x00, 0x00, 0x30, 0xFF,
    0xFF, 0x09, 0x00, 0x20, 0xAA, 0x3A, 0x00, 0x00, 0x00, 0x00, 0xC0, 0xFF, 0xEF, 0x01, 0x00, 0x40,
    0xFF, 0x4F, 0x00, 0x00, 0x00, 0x00, 0xF6, 0xFF, 0x6F, 0x00, 0x00, 0x60, 0xFF, 0x4F, 0x00, 0x00,
    0x00, 0x10, 0xFE, 0xFF, 0x0C, 0x00, 0x00, 0x80, 0xFF, 0x4F, 0x00, 0x00, 0x00, 0x80, 0xFF, 0xFF,
    0x04, 0x00, 0x00, 0xA0, 0xFF, 0x4F, 0x00, 0x00, 0x00, 0xF2, 0xFF, 0xAF, 0x00, 0x00, 0x00, 0xC0,
    0xFF, 0x4F, 0x00, 0x00, 0x00, 0xFA, 0xFF, 0x2E, 0x00, 0x00, 0x00, 0xE0, 0xFF, 0x4F, 0x00, 0x00,
    0x40, 0xFF, 0xFF, 0x07, 0x00, 0x00, 0x00, 0xF0, 0xFF, 0x4F, 0x00, 0x00, 0xC0, 0xFF, 0xDF, 0x12,
    0x11, 0x11, 0x11, 0xF3, 0xFF, 0x5F, 0x11, 0x01, 0xF4, 0xFF, 0xFF, 0xFF, 0xFF, 0xFF, 0xFF, 0xFF,
    0xFF, 0xFF, 0xFF, 0x3F, 0xF5, 0xFF, 0xFF, 0xFF, 0xFF, 0xFF, 0xFF, 0xFF, 0xFF, 0xFF, 0xFF, 0x3F,
    0xF5, 0xFF, 0xFF, 0xFF, 0xFF, 0xFF, 0xFF, 0xFF, 0xFF, 0xFF, 0xFF, 0x3F, 0xF5, 0xFF, 0xFF, 0xFF,
    0xFF, 0xFF, 0xFF, 0xFF, 0xFF, 0xFF, 0xFF, 0x3F, 0x00, 0x00, 0x00, 0x00, 0x00, 0x00, 0x00, 0xF3,
    0xFF, 0x4F, 0x00, 0x00, 0x00, 0x00, 0x00, 0x00, 0x00, 0x00, 0x00, 0xF3, 0xFF, 0x4F, 0x00, 0x00,
    0x00, 0x00, 0x00, 0x00, 0x00, 0x00, 0x00, 0xF3, 0xFF, 0x4F, 0x00, 0x00, 0x00, 0x00, 0x00, 0x00,
    0x00, 0x00, 0x00, 0xF3, 0xFF, 0x4F, 0x00, 0x00, 0x00, 0x00, 0x00, 0x00, 0x00, 0x00, 0x00, 0xF3,
    0xFF, 0x4F, 0x00, 0x00, 0x00, 0x00, 0x00, 0x00, 0x00, 0x00, 0x00, 0xF3, 0xFF, 0x4F, 0x00, 0x00,
    // Unicode: [0x0035, five]
    0xF8, 0xFF, 0xFF, 0xFF, 0xFF, 0xFF, 0xFF, 0xFF, 0x4F, 0x00, 0xF8, 0xFF, 0xFF, 0xFF, 0xFF, 0xFF,
    0xFF, 0xFF, 0x4F, 0x00, 0xF8, 0xFF, 0xFF, 0xFF, 0xFF, 0xFF, 0xFF, 0xFF, 0x4F, 0x00, 0xF8, 0xFF,
    0xFF, 0xFF, 0xFF, 0xFF, 0xFF, 0xFF, 0x4F, 0x00, 0xF8, 0xFF, 0x39, 0x33, 0x33, 0x33, 0x33, 0x33,
    0x13, 0x00, 0xF8, 0xFF, 0x08, 0x00, 0x00, 0x00, 0x00, 0x00, 0x00, 0x00, 0xF8, 0xFF, 0x08, 0x00,
    0x00, 0x00, 0x00, 0x00, 0x00, 0x00, 0xF8, 0xFF, 0x08, 0x00, 0x00, 0x00, 0x00, 0x00, 0x00, 0x00,
    0xF8, 0xFF, 0x08, 0x00, 0x00, 0x00, 0x00, 0x00, 0x00, 0x00, 0xF8, 0xFF, 0x08, 0x00, 0x00, 0x00,
    0x00, 0x00, 0x00, 0x00, 0xF8, 0xFF, 0x08, 0x21, 0x33, 0x34, 0x02, 0x00, 0x00, 0x00, 0xF8, 0xFF,
    0xFF, 0xFF, 0xFF, 0xFF, 0xFF, 0x8C, 0x01, 0x00, 0xF8, 0xFF, 0xFF, 0xFF, 0xFF, 0xFF, 0xFF, 0xFF,
    0x5E, 0x00, 0xF8, 0xFF, 0xFF, 0xFF, 0xFF, 0xFF, 0xFF, 0xFF, 0xFF, 0x03, 0xF8, 0xFF, 0xFF, 0xFF,
    0xFF, 0xFF, 0xFF, 0xFF, 0xFF, 0x0A, 0x33, 0x11, 0x00, 0x00, 0x00, 0x31, 0xC6, 0xFF, 0xFF, 0x0E,
    0x00, 0x00, 0x00, 0x00, 0x00, 0x00, 0x10, 0xFD, 0xFF, 0x2F, 0x00, 0x00, 0x00, 0x00, 0x00, 0x00,
    0x00, 0xF7, 0xFF, 0x4F, 0x00, 0x00, 0x00, 0x00, 0x00, 0x00, 0x00, 0xF5, 0xFF, 0x4F, 0x00, 0x00,
    0x00, 0x00, 0x00, 0x00, 0x00, 0xF4, 0xFF, 0x4F, 0x00, 0x00, 0x00, 0x00, 0x00, 0x00, 0x00, 0xF6,
    0xFF, 0x4F, 0x00, 0x00, 0x00, 0x00, 0x00, 0x00, 0x00, 0xF9, 0xFF, 0x2F, 0x00, 0x00, 0x00, 0x00,
    0x00, 0x00, 0x30, 0xFE, 0xFF, 0x0E, 0x78, 0x56, 0x34, 0x23, 0x32, 0x53, 0xF9, 0xFF, 0xFF, 0x0A,
    0xFD, 0xFF, 0xFF, 0xFF, 0xFF, 0xFF, 0xFF, 0xFF, 0xFF, 0x04, 0xFD, 0xFF, 0xFF, 0xFF, 0xFF, 0xFF,
    0xFF, 0xFF, 0x9F, 0x00, 0xFD, 0xFF, 0xFF, 0xFF, 0xFF, 0xFF, 0xFF, 0xEF, 0x06, 0x00, 0x63, 0xB9,
    0xDC, 0xFE, 0xFF, 0xDE, 0x9B, 0x15, 0x00, 0x00,
    // Unicode: [0x0036, six]
    0x00, 0x00, 0x20, 0xA6, 0xDC, 0xFE, 0xEF, 0xCD, 0x9B, 0x57, 0x02, 0x00, 0x00, 0x10, 0xF9, 0xFF,
    0xFF, 0xFF, 0xFF, 0xFF, 0xFF, 0xFF, 0x08, 0x00, 0x00, 0xC1, 0xFF, 0xFF, 0xFF, 0xFF, 0xFF, 0xFF,
    0xFF, 0xFF, 0x08, 0x00, 0x00, 0xF9, 0xFF, 0xFF, 0xFF, 0xFF, 0xFF, 0xFF, 0xFF, 0xFF, 0x08, 0x00,
    0x10, 0xFF, 0xFF, 0xEF, 0x69, 0x34, 0x22, 0x33, 0x64, 0x97, 0x05, 0x00, 0x60, 0xFF, 0xFF, 0x1C,
    0x00, 0x00, 0x00, 0x00, 0x00, 0x00, 0x00, 0x00, 0xA0, 0xFF, 0xFF, 0x02, 0x00, 0x00, 0x00, 0x00,
    0x00, 0x00, 0x00, 0x00, 0xD0, 0xFF, 0xCF, 0x00, 0x00, 0x00, 0x00, 0x00, 0x00, 0x00, 0x00, 0x00,
    0xF0, 0xFF, 0x9F, 0x00, 0x00, 0x00, 0x00, 0x00, 0x00, 0x00, 0x00, 0x00, 0xF1, 0xFF, 0x7F, 0x00,
    0x00, 0x00, 0x00, 0x00, 0x00, 0x00, 0x00, 0x00, 0xF2, 0xFF, 0x6F, 0x00, 0x00, 0x10, 0x22, 0x01,
    0x00, 0x00, 0x00, 0x00, 0xF3, 0xFF, 0x6F, 0x40, 0xDA, 0xFF, 0xFF, 0xFF, 0xAD, 0x16, 0x00, 0x00,
    0xF3, 0xFF, 0x7F, 0xFC, 0xFF, 0xFF, 0xFF, 0xFF, 0xFF, 0xDF, 0x02, 0x00, 0xF3, 0xFF, 0xFF, 0xFF,
    0xFF, 0xFF, 0xFF, 0xFF, 0xFF, 0xFF, 0x1D, 0x00, 0xF3, 0xFF, 0xFF, 0xFF, 0xFF, 0xFF, 0xFF, 0xFF,
    0xFF, 0xFF, 0x6F, 0x00, 0xF3, 0xFF, 0xFF, 0x6D, 0x13, 0x00, 0x10, 0x52, 0xFC, 0xFF, 0xBF, 0x00,
    0xF3, 0xFF, 0xDF, 0x01, 0x00, 0x00, 0x00, 0x00, 0xD1, 0xFF, 0xEF, 0x00, 0xF3, 0xFF, 0x9F, 0x00,
    0x00, 0x00, 0x00, 0x00, 0x80, 0xFF, 0xFF, 0x00, 0xF2, 0xFF, 0x8F, 0x00, 0x00, 0x00, 0x00, 0x00,
    0x70, 0xFF, 0xFF, 0x01, 0xF1, 0xFF, 0x8F, 0x00, 0x00, 0x00, 0x00, 0x00, 0x60, 0xFF, 0xFF, 0x01,
    0xF0, 0xFF, 0x9F, 0x00, 0x00, 0x00, 0x00, 0x00, 0x70, 0xFF, 0xFF, 0x00, 0xD0, 0xFF, 0xCF, 0x00,
    0x00, 0x00, 0x00, 0x00, 0x90, 0xFF, 0xEF, 0x00, 0xB0, 0xFF, 0xFF, 0x04, 0x00, 0x00, 0x00, 0x00,
    0xE1, 0xFF, 0xCF, 0x00, 0x70, 0xFF, 0xFF, 0x8E, 0x35, 0x22, 0x32, 0x74, 0xFD, 0xFF, 0x9F, 0x00,
    0x20, 0xFF, 0xFF, 0xFF, 0xFF, 0xFF, 0xFF, 0xFF, 0xFF, 0xFF, 0x3F, 0x00, 0x00, 0xF7, 0xFF, 0xFF,
    0xFF, 0xFF, 0xFF, 0xFF, 0xFF, 0xFF, 0x09, 0x00, 0x00, 0x70, 0xFF, 0xFF, 0xFF, 0xFF, 0xFF, 0xFF,
    0xFF, 0x8F, 0x00, 0x00, 0x00, 0x00, 0x71, 0xCA, 0xEE, 0xFF, 0xEF, 0xCD, 0x6A, 0x01, 0x00, 0x00,
    // Unicode: [0x0037, seven]
    0xF7, 0xFF, 0xFF, 0xFF, 0xFF, 0xFF, 0xFF, 0xFF, 0xFF, 0xEF, 0xF7, 0xFF, 0xFF, 0xFF, 0xFF, 0xFF,
    0xFF, 0xFF, 0xFF, 0xEF, 0xF7, 0xFF, 0xFF, 0xFF, 0xFF, 0xFF, 0xFF, 0xFF, 0xFF, 0xEF, 0xF7, 0xFF,
    0xFF, 0xFF, 0xFF, 0xFF, 0xFF, 0xFF, 0xFF, 0xEF, 0x31, 0x33, 0x33, 0x33, 0x33, 0x33, 0x33, 0xF6,
    0xFF, 0x9F, 0x00, 0x00, 0x00, 0x00, 0x00, 0x00, 0x00, 0xFA, 0xFF, 0x2F, 0x00, 0x00, 0x00, 0x00,
    0x00, 0x00, 0x20, 0xFF, 0xFF, 0x0A, 0x00, 0x00, 0x00, 0x00, 0x00, 0x00, 0x90, 0xFF, 0xFF, 0x04,
    0x00, 0x00, 0x00, 0x00, 0x00, 0x00, 0xE1, 0xFF, 0xCF, 0x00, 0x00, 0x00, 0x00, 0x00, 0x00, 0x00,
    0xF7, 0xFF, 0x5F, 0x00, 0x00, 0x00, 0x00, 0x00, 0x00, 0x00, 0xFE, 0xFF, 0x0D, 0x00, 0x00, 0x00,
    0x00, 0x00, 0x00, 0x60, 0xFF, 0xFF, 0x07, 0x00, 0x00, 0x00, 0x00, 0x00, 0x00, 0xD0, 0xFF, 0xEF,
    0x01, 0x00, 0x00, 0x00, 0x00, 0x00, 0x00, 0xF5, 0xFF, 0x8F, 0x00, 0x00, 0x00, 0x00, 0x00, 0x00,
    0x00, 0xFB, 0xFF, 0x2F, 0x00, 0x00, 0x00, 0x00, 0x00, 0x00, 0x30, 0xFF, 0xFF, 0x0A, 0x00, 0x00,
    0x00, 0x00, 0x00, 0x00, 0xA0, 0xFF, 0xFF, 0x03, 0x00, 0x00, 0x00, 0x00, 0x00, 0x00, 0xF2, 0xFF,
    0xCF, 0x00, 0x00, 0x00, 0x00, 0x00, 0x00, 0x00, 0xF9, 0xFF, 0x5F, 0x00, 0x00, 0x00, 0x00, 0x00,
    0x00, 0x10, 0xFE, 0xFF, 0x0D, 0x00, 0x00, 0x00, 0x00, 0x00, 0x00, 0x80, 0xFF, 0xFF, 0x06, 0x00,
    0x00, 0x00, 0x00, 0x00, 0x00, 0xE1, 0xFF, 0xEF, 0x01, 0x00, 0x00, 0x00, 0x00, 0x00, 0x00, 0xF6,
    0xFF, 0x8F, 0x00, 0x00, 0x00, 0x00, 0x00, 0x00, 0x00, 0xFD, 0xFF, 0x2F, 0x00, 0x00, 0x00, 0x00,
    0x00, 0x00, 0x50, 0xFF, 0xFF, 0x0A, 0x00, 0x00, 0x00, 0x00, 0x00, 0x00, 0xC0, 0xFF, 0xFF, 0x03,
    0x00, 0x00, 0x00, 0x00, 0x00, 0x00, 0xF4, 0xFF, 0xBF, 0x00, 0x00, 0x00, 0x00, 0x00, 0x00, 0x00,
    0xFA, 0xFF, 0x5F, 0x00, 0x00, 0x00, 0x00, 0x00,
    // Unicode: [0x0038, eight]
    0x00, 0x00, 0x40, 0xB8, 0xED, 0xFF, 0xEF, 0xBD, 0x59, 0x01, 0x00, 0x00, 0x00, 0x50, 0xFD, 0xFF,
    0xFF, 0xFF, 0xFF, 0xFF, 0xFF, 0x8E, 0x01, 0x00, 0x00, 0xF8, 0xFF, 0xFF, 0xFF, 0xFF, 0xFF, 0xFF,
    0xFF, 0xFF, 0x1C, 0x00, 0x30, 0xFF, 0xFF, 0xFF, 0xFF, 0xFF, 0xFF, 0xFF, 0xFF, 0xFF, 0x8F, 0x00,
    0x90, 0xFF, 0xFF, 0x8E, 0x24, 0x12, 0x22, 0x63, 0xFC, 0xFF, 0xDF, 0x00, 0xD0, 0xFF, 0xFF, 0x02,
    0x00, 0x00, 0x00, 0x00, 0xB0, 0xFF, 0xFF, 0x03, 0xE0, 0xFF, 0xBF, 0x00, 0x00, 0x00, 0x00, 0x00,
    0x60, 0xFF, 0xFF, 0x04, 0xF0, 0xFF, 0xAF, 0x00, 0x00, 0x00, 0x00, 0x00, 0x40, 0xFF, 0xFF, 0x05,
    0xF0, 0xFF, 0x9F, 0x00, 0x00, 0x00, 0x00, 0x00, 0x40, 0xFF, 0xFF, 0x04, 0xC0, 0xFF, 0xBF, 0x00,
    0x00, 0x00, 0x00, 0x00, 0x60, 0xFF, 0xFF, 0x02, 0x80, 0xFF, 0xFF, 0x02, 0x00, 0x00, 0x00, 0x00,
    0xC0, 0xFF, 0xDF, 0x00, 0x10, 0xFE, 0xFF, 0x7E, 0x24, 0x11, 0x21, 0x63, 0xFC, 0xFF, 0x5F, 0x00,
    0x00, 0xD3, 0xFF, 0xFF, 0xFF, 0xFF, 0xFF, 0xFF, 0xFF, 0xFF, 0x07, 0x00, 0x00, 0x10, 0xB6, 0xFF,
    0xFF, 0xFF, 0xFF, 0xFF, 0xDF, 0x28, 0x00, 0x00, 0x00, 0x50, 0xFB, 0xFF, 0xFF, 0xFF, 0xFF, 0xFF,
    0xFF, 0x7C, 0x01, 0x00, 0x00, 0xFA, 0xFF, 0xFF, 0xFF, 0xFF, 0xFF, 0xFF, 0xFF, 0xFF, 0x2D, 0x00,
    0x70, 0xFF, 0xFF, 0x5C, 0x12, 0x00, 0x10, 0x42, 0xF9, 0xFF, 0xCF, 0x00, 0xD0, 0xFF, 0xDF, 0x00,
    0x00, 0x00, 0x00, 0x00, 0x80, 0xFF, 0xFF, 0x03, 0xF2, 0xFF, 0x8F, 0x00, 0x00, 0x00, 0x00, 0x00,
    0x20, 0xFF, 0xFF, 0x07, 0xF3, 0xFF, 0x6F, 0x00, 0x00, 0x00, 0x00, 0x00, 0x10, 0xFF, 0xFF, 0x08,
    0xF4, 0xFF, 0x6F, 0x00, 0x00, 0x00, 0x00, 0x00, 0x10, 0xFF, 0xFF, 0x09, 0xF3, 0xFF, 0x8F, 0x00,
    0x00, 0x00, 0x00, 0x00, 0x30, 0xFF, 0xFF, 0x07, 0xF1, 0xFF, 0xDF, 0x01, 0x00, 0x00, 0x00, 0x00,
    0x90, 0xFF, 0xFF, 0x06, 0xC0, 0xFF, 0xFF, 0x7D, 0x34, 0x22, 0x32, 0x64, 0xFB, 0xFF, 0xFF, 0x02,
    0x60, 0xFF, 0xFF, 0xFF, 0xFF, 0xFF, 0xFF, 0xFF, 0xFF, 0xFF, 0xBF, 0x00, 0x00, 0xFA, 0xFF, 0xFF,
    0xFF, 0xFF, 0xFF, 0xFF, 0xFF, 0xFF, 0x2D, 0x00, 0x00, 0x70, 0xFE, 0xFF, 0xFF, 0xFF, 0xFF, 0xFF,
    0xFF, 0x9F, 0x01, 0x00, 0x00, 0x00, 0x50, 0xB8, 0xED, 0xFF, 0xEF, 0xCD, 0x69, 0x01, 0x00, 0x00,
    // Unicode: [0x0039, nine]
    0x00, 0x00, 0x84, 0xDB, 0xFE, 0xFF, 0xEF, 0xBD, 0x48, 0x00, 0x00, 0x00, 0xC3, 0xFF, 0xFF, 0xFF,
    0xFF, 0xFF, 0xFF, 0xFF, 0x1B, 0x00, 0x20, 0xFE, 0xFF, 0xFF, 0xFF, 0xFF, 0xFF, 0xFF, 0xFF, 0xCF,
    0x01, 0xB0, 0xFF, 0xFF, 0xFF, 0xFF, 0xFF, 0xFF, 0xFF, 0xFF, 0xFF, 0x07, 0xF1, 0xFF, 0xFF, 0x5A,
    0x33, 0x22, 0x43, 0xC6, 0xFF, 0xFF, 0x0D, 0xF4, 0xFF, 0x7F, 0x00, 0x00, 0x00, 0x00, 0x00, 0xFB,
    0xFF, 0x2F, 0xF6, 0xFF, 0x1F, 0x00, 0x00, 0x00, 0x00, 0x00, 0xF4, 0xFF, 0x5F, 0xF8, 0xFF, 0x0E,
    0x00, 0x00, 0x00, 0x00, 0x00, 0xF1, 0xFF, 0x7F, 0xF8, 0xFF, 0x0D, 0x00, 0x00, 0x00, 0x00, 0x00,
    0xF0, 0xFF, 0x8F, 0xF8, 0xFF, 0x0E, 0x00, 0x00, 0x00, 0x00, 0x00, 0xF0, 0xFF, 0x9F, 0xF8, 0xFF,
    0x1F, 0x00, 0x00, 0x00, 0x00, 0x00, 0xF1, 0xFF, 0xAF, 0xF6, 0xFF, 0x7F, 0x00, 0x00, 0x00, 0x00,
    0x00, 0xF7, 0xFF, 0xAF, 0xF3, 0xFF, 0xFF, 0x59, 0x23, 0x22, 0x42, 0xB6, 0xFF, 0xFF, 0xBF, 0xD0,
    0xFF, 0xFF, 0xFF, 0xFF, 0xFF, 0xFF, 0xFF, 0xFF, 0xFF, 0xBF, 0x50, 0xFF, 0xFF, 0xFF, 0xFF, 0xFF,
    0xFF, 0xFF, 0xFF, 0xFF, 0xBF, 0x00, 0xF6, 0xFF, 0xFF, 0xFF, 0xFF, 0xFF, 0xEF, 0xD5, 0xFF, 0xAF,
    0x00, 0x20, 0xA7, 0xEC, 0xFF, 0xEE, 0x9C, 0x16, 0xD0, 0xFF, 0xAF, 0x00, 0x00, 0x00, 0x00, 0x00,
    0x00, 0x00, 0x00, 0xE0, 0xFF, 0x9F, 0x00, 0x00, 0x00, 0x00, 0x00, 0x00, 0x00, 0x00, 0xF0, 0xFF,
    0x8F, 0x00, 0x00, 0x00, 0x00, 0x00, 0x00, 0x00, 0x00, 0xF1, 0xFF, 0x7F, 0x00, 0x00, 0x00, 0x00,
    0x00, 0x00, 0x00, 0x00, 0xF4, 0xFF, 0x5F, 0x00, 0x00, 0x00, 0x00, 0x00, 0x00, 0x00, 0x00, 0xF9,
    0xFF, 0x2F, 0x00, 0x00, 0x00, 0x00, 0x00, 0x00, 0x00, 0x50, 0xFF, 0xFF, 0x0E, 0x00, 0x8A, 0x56,
    0x34, 0x22, 0x32, 0x75, 0xFB, 0xFF, 0xFF, 0x08, 0x10, 0xFF, 0xFF, 0xFF, 0xFF, 0xFF, 0xFF, 0xFF,
    0xFF, 0xFF, 0x02, 0x10, 0xFF, 0xFF, 0xFF, 0xFF, 0xFF, 0xFF, 0xFF, 0xFF, 0x6F, 0x00, 0x10, 0xFF,
    0xFF, 0xFF, 0xFF, 0xFF, 0xFF, 0xFF, 0xDF, 0x05, 0x00, 0x00, 0x64, 0xA8, 0xDC, 0xFE, 0xFF, 0xDE,
    0x8B, 0x05, 0x00, 0x00,
    // Unicode: [0x003A, colon]
    0xF7, 0xFF, 0x5F, 0xF7, 0xFF, 0x5F, 0xF7, 0xFF, 0x5F, 0xF7, 0xFF, 0x5F, 0xD6, 0xDD, 0x5D, 0x00,
    0x00, 0x00, 0x00, 0x00, 0x00, 0x00, 0x00, 0x00, 0x00, 0x00, 0x00, 0x00, 0x00, 0x00, 0x00, 0x00,
    0x00, 0x00, 0x00, 0x00, 0x00, 0x00, 0x00, 0x00, 0x00, 0x00, 0x00, 0x00, 0x00, 0x00, 0x00, 0x00,
    0xD6, 0xDD, 0x5D, 0xF7, 0xFF, 0x5F, 0xF7, 0xFF, 0x5F, 0xF7, 0xFF, 0x5F, 0xF7, 0xFF, 0x5F,
    // Unicode: [0x003B, semicolon]
    0x70, 0xFF, 0xFF, 0x05, 0x70, 0xFF, 0xFF, 0x05, 0x70, 0xFF, 0xFF, 0x05, 0x70, 0xFF, 0xFF, 0x05,
    0x60, 0xDD, 0xDD, 0x05, 0x00, 0x00, 0x00, 0x00, 0x00, 0x00, 0x00, 0x00, 0x00, 0x00, 0x00, 0x00,
    0x00, 0x00, 0x00, 0x00, 0x00, 0x00, 0x00, 0x00, 0x00, 0x00, 0x00, 0x00, 0x00, 0x00, 0x00, 0x00,
    0x00, 0x00, 0x00, 0x00, 0x00, 0x00, 0x00, 0x00, 0x00, 0x00, 0x00, 0x00, 0x00, 0x00, 0x00, 0x00,
    0x60, 0xDD, 0xDD, 0x05, 0x70, 0xFF, 0xFF, 0x05, 0x70, 0xFF, 0xFF, 0x05, 0x70, 0xFF, 0xFF, 0x05,
    0x70, 0xFF, 0xFF, 0x05, 0x00, 0x90, 0xFF, 0x04, 0x00, 0xA0, 0xFF, 0x03, 0x00, 0xE4, 0xFF, 0x01,
    0xF2, 0xFF, 0x8F, 0x00, 0xF2, 0xDF, 0x07, 0x00, 0x10, 0x00, 0x00, 0x00,
    // Unicode: [0x003C, less]
    0x00, 0x00, 0x00, 0x00, 0x00, 0x00, 0x00, 0x30, 0x07, 0x00, 0x00, 0x00, 0x00, 0x00, 0x00, 0x60,
    0xFC, 0x0D, 0x00, 0x00, 0x00, 0x00, 0x00, 0x82, 0xFE, 0xFF, 0x0D, 0x00, 0x00, 0x00, 0x00, 0xB5,
    0xFF, 0xFF, 0xFF, 0x0D, 0x00, 0x00, 0x20, 0xE8, 0xFF, 0xFF, 0xFF, 0x8E, 0x03, 0x00, 0x40, 0xFA,
    0xFF, 0xFF, 0xFF, 0x5A, 0x00, 0x00, 0x71, 0xFD, 0xFF, 0xFF, 0xCF, 0x17, 0x00, 0x00, 0x00, 0xF2,
    0xFF, 0xFF, 0x9E, 0x03, 0x00, 0x00, 0x00, 0x00, 0xF2, 0xFF, 0x5D, 0x00, 0x00, 0x00, 0x00, 0x00,
    0x00, 0xF2, 0xFF, 0xDF, 0x17, 0x00, 0x00, 0x00, 0x00, 0x00, 0xE2, 0xFF, 0xFF, 0xFF, 0x5A, 0x00,
    0x00, 0x00, 0x00, 0x10, 0xC6, 0xFF, 0xFF, 0xFF, 0x8E, 0x03, 0x00, 0x00, 0x00, 0x00, 0x93, 0xFE,
    0xFF, 0xFF, 0xCF, 0x16, 0x00, 0x00, 0x00, 0x00, 0x71, 0xFD, 0xFF, 0xFF, 0xFF, 0x09, 0x00, 0x00,
    0x00, 0x00, 0x40, 0xFA, 0xFF, 0xFF, 0x0D, 0x00, 0x00, 0x00, 0x00, 0x00, 0x10, 0xD7, 0xFF, 0x0D,
    0x00, 0x00, 0x00, 0x00, 0x00, 0x00, 0x00, 0xA4, 0x0C, 0x00, 0x00, 0x00, 0x00, 0x00, 0x00, 0x00,
    0x00, 0x01,
    // Unicode: [0x003D, equal]
    0xA2, 0xAA, 0xAA, 0xAA, 0xAA, 0xAA, 0xAA, 0xAA, 0x08, 0xF3, 0xFF, 0xFF, 0xFF, 0xFF, 0xFF, 0xFF,
    0xFF, 0x0C, 0xF3, 0xFF, 0xFF, 0xFF, 0xFF, 0xFF, 0xFF, 0xFF, 0x0C, 0xF3, 0xFF, 0xFF, 0xFF, 0xFF,
    0xFF, 0xFF, 0xFF, 0x0C, 0x00, 0x00, 0x00, 0x00, 0x00, 0x00, 0x00, 0x00, 0x00, 0x00, 0x00, 0x00,
    0x00, 0x00, 0x00, 0x00, 0x00, 0x00, 0x00, 0x00, 0x00, 0x00, 0x00, 0x00, 0x00, 0x00, 0x00, 0x00,
    0x00, 0x00, 0x00, 0x00, 0x00, 0x00, 0x00, 0x00, 0xA2, 0xAA, 0xAA, 0xAA, 0xAA, 0xAA, 0xAA, 0xAA,
    0x08, 0xF3, 0xFF, 0xFF, 0xFF, 0xFF, 0xFF, 0xFF, 0xFF, 0x0C, 0xF3, 0xFF, 0xFF, 0xFF, 0xFF, 0xFF,
    0xFF, 0xFF, 0x0C, 0xF3, 0xFF, 0xFF, 0xFF, 0xFF, 0xFF, 0xFF, 0xFF, 0x0C,
    // Unicode: [0x003E, greater]
    0x72, 0x01, 0x00, 0x00, 0x00, 0x00, 0x00, 0x00, 0x00, 0xF3, 0x9F, 0x03, 0x00, 0x00, 0x00, 0x00,
    0x00, 0x00, 0xF3, 0xFF, 0xCF, 0x16, 0x00, 0x00, 0x00, 0x00, 0x00, 0xF3, 0xFF, 0xFF, 0xEF, 0x39,
    0x00, 0x00, 0x00, 0x00, 0x50, 0xFA, 0xFF, 0xFF, 0xFF, 0x5C, 0x00, 0x00, 0x00, 0x00, 0x10, 0xC7,
    0xFF, 0xFF, 0xFF, 0x8E, 0x02, 0x00, 0x00, 0x00, 0x00, 0x93, 0xFE, 0xFF, 0xFF, 0xBF, 0x04, 0x00,
    0x00, 0x00, 0x00, 0x50, 0xFB, 0xFF, 0xFF, 0x0C, 0x00, 0x00, 0x00, 0x00, 0x00, 0x20, 0xF8, 0xFF,
    0x0C, 0x00, 0x00, 0x00, 0x00, 0x00, 0x93, 0xFE, 0xFF, 0x0C, 0x00, 0x00, 0x00, 0x10, 0xC7, 0xFF,
    0xFF, 0xFF, 0x0B, 0x00, 0x00, 0x50, 0xFA, 0xFF, 0xFF, 0xFF, 0x4A, 0x00, 0x00, 0x82, 0xFE, 0xFF,
    0xFF, 0xDF, 0x17, 0x00, 0x00, 0xC2, 0xFF, 0xFF, 0xFF, 0xAF, 0x04, 0x00, 0x00, 0x00, 0xF3, 0xFF,
    0xFF, 0x8D, 0x02, 0x00, 0x00, 0x00, 0x00, 0xF3, 0xFF, 0x5B, 0x00, 0x00, 0x00, 0x00, 0x00, 0x00,
    0xE3, 0x28, 0x00, 0x00, 0x00, 0x00, 0x00, 0x00, 0x00, 0x01, 0x00, 0x00, 0x00, 0x00, 0x00, 0x00,
    0x00, 0x00,
    // Unicode: [0x003F, question]
    0x72, 0xA9, 0xDC, 0xFE, 0xEF, 0xBD, 0x27, 0x00, 0x00, 0xF7, 0xFF, 0xFF, 0xFF, 0xFF, 0xFF, 0xFF,
    0x07, 0x00, 0xF7, 0xFF, 0xFF, 0xFF, 0xFF, 0xFF, 0xFF, 0x6F, 0x00, 0xF7, 0xFF, 0xFF, 0xFF, 0xFF,
    0xFF, 0xFF, 0xEF, 0x01, 0x74, 0x45, 0x44, 0x44, 0x65, 0xE9, 0xFF, 0xFF, 0x05, 0x00, 0x00, 0x00,
    0x00, 0x00, 0x40, 0xFF, 0xFF, 0x08, 0x00, 0x00, 0x00, 0x00, 0x00, 0x00, 0xFE, 0xFF, 0x09, 0x00,
    0x00, 0x00, 0x00, 0x00, 0x00, 0xFD, 0xFF, 0x0A, 0x00, 0x00, 0x00, 0x00, 0x00, 0x00, 0xFD, 0xFF,
    0x0A, 0x00, 0x00, 0x00, 0x00, 0x00, 0x10, 0xFF, 0xFF, 0x08, 0x00, 0x00, 0x00, 0x00, 0x00, 0xA1,
    0xFF, 0xFF, 0x05, 0x00, 0x00, 0x00, 0x00, 0x94, 0xFE, 0xFF, 0xDF, 0x00, 0x00, 0x00, 0x00, 0xD6,
    0xFF, 0xFF, 0xFF, 0x3F, 0x00, 0x00, 0x00, 0x70, 0xFF, 0xFF, 0xFF, 0x9E, 0x02, 0x00, 0x00, 0x00,
    0xD0, 0xFF, 0xFF, 0x5B, 0x01, 0x00, 0x00, 0x00, 0x00, 0xF0, 0xFF, 0x4F, 0x00, 0x00, 0x00, 0x00,
    0x00, 0x00, 0xF1, 0xFF, 0x0E, 0x00, 0x00, 0x00, 0x00, 0x00, 0x00, 0xF1, 0xFF, 0x0D, 0x00, 0x00,
    0x00, 0x00, 0x00, 0x00, 0xF1, 0xFF, 0x0D, 0x00, 0x00, 0x00, 0x00, 0x00, 0x00, 0x60, 0x66, 0x05,
    0x00, 0x00, 0x00, 0x00, 0x00, 0x00, 0x00, 0x00, 0x00, 0x00, 0x00, 0x00, 0x00, 0x00, 0x00, 0x00,
    0x00, 0x00, 0x00, 0x00, 0x00, 0x00, 0x00, 0x00, 0x00, 0x00, 0x00, 0x00, 0x00, 0x00, 0x00, 0x00,
    0x00, 0xD6, 0xDD, 0x4D, 0x00, 0x00, 0x00, 0x00, 0x00, 0x00, 0xF7, 0xFF, 0x5F, 0x00, 0x00, 0x00,
    0x00, 0x00, 0x00, 0xF7, 0xFF, 0x5F, 0x00, 0x00, 0x00, 0x00, 0x00, 0x00, 0xF7, 0xFF, 0x5F, 0x00,
    0x00, 0x00, 0x00, 0x00, 0x00, 0xF7, 0xFF, 0x5F, 0x00, 0x00, 0x00, 0x00,
    // Unicode: [0x0040, at]
    0x00, 0x00, 0x10, 0x85, 0xBA, 0xDD, 0xFE, 0xFF, 0xFF, 0xEE, 0xCD, 0x9B, 0x36, 0x00, 0x00, 0x00,
    0x00, 0x30, 0xFB, 0xFF, 0xFF, 0xFF, 0xFF, 0xFF, 0xFF, 0xFF, 0xFF, 0xFF, 0xFF, 0x7D, 0x00, 0x00,
    0x00, 0xF6, 0xFF, 0xAE, 0x68, 0x45, 0x44, 0x44, 0x44, 0x44, 0x44, 0x75, 0xEA, 0xFF, 0x1B, 0x00,
    0x40, 0xFF, 0x5D, 0x00, 0x00, 0x00, 0x00, 0x00, 0x00, 0x00, 0x00, 0x00, 0x10, 0xF9, 0x9F, 0x00,
    0xB0, 0xDF, 0x01, 0x00, 0x00, 0x00, 0x00, 0x00, 0x00, 0x00, 0x00, 0x00, 0x00, 0x80, 0xFF, 0x02,
    0xF1, 0x5F, 0x00, 0x00, 0x00, 0x00, 0x00, 0x00, 0x00, 0x00, 0x00, 0x00, 0x00, 0x10, 0xFE, 0x07,
    0xF4, 0x0E, 0x00, 0x00, 0x00, 0x00, 0x00, 0x00, 0x00, 0x00, 0x00, 0x00, 0x00, 0x00, 0xF9, 0x09,
    0xF6, 0x0B, 0x00, 0x00, 0x60, 0xB9, 0xED, 0xFE, 0xEF, 0xAD, 0x05, 0x00, 0x00, 0x00, 0xF6, 0x0C,
    0xF8, 0x09, 0x00, 0x00, 0xC0, 0xFF, 0xFF, 0xFF, 0xFF, 0xFF, 0xCF, 0x01, 0x00, 0x00, 0xF4, 0x0D,
    0xF9, 0x07, 0x00, 0x00, 0xC0, 0xFF, 0xFF, 0xFF, 0xFF, 0xFF, 0xFF, 0x09, 0x00, 0x00, 0xF3, 0x0E,
    0xFA, 0x06, 0x00, 0x00, 0x70, 0x78, 0x77, 0x77, 0x98, 0xFD, 0xFF, 0x0E, 0x00, 0x00, 0xF2, 0x0F,
    0xFB, 0x06, 0x00, 0x00, 0x00, 0x00, 0x00, 0x00, 0x00, 0xD1, 0xFF, 0x2F, 0x00, 0x00, 0xF2, 0x1F,
    0xFB, 0x05, 0x00, 0x00, 0x00, 0x00, 0x00, 0x00, 0x00, 0x90, 0xFF, 0x4F, 0x00, 0x00, 0xF1, 0x1F,
    0xFC, 0x05, 0x00, 0x00, 0x00, 0x00, 0x00, 0x00, 0x00, 0x80, 0xFF, 0x4F, 0x00, 0x00, 0xF1, 0x2F,
    0xFC, 0x05, 0x00, 0x00, 0x00, 0x63, 0x88, 0x88, 0x88, 0xC8, 0xFF, 0x5F, 0x00, 0x00, 0xF1, 0x2F,
    0xFC, 0x05, 0x00, 0x00, 0xA0, 0xFF, 0xFF, 0xFF, 0xFF, 0xFF, 0xFF, 0x5F, 0x00, 0x00, 0xF1, 0x2F,
    0xFC, 0x05, 0x00, 0x00, 0xF6, 0xFF, 0xFF, 0xFF, 0xFF, 0xFF, 0xFF, 0x5F, 0x00, 0x00, 0xF1, 0x2F,
    0xFC, 0x05, 0x00, 0x00, 0xFB, 0xFF, 0x15, 0x00, 0x00, 0x80, 0xFF, 0x5F, 0x00, 0x00, 0xF1, 0x2F,
    0xFC, 0x05, 0x00, 0x00, 0xFD, 0xDF, 0x00, 0x00, 0x00, 0x80, 0xFF, 0x5F, 0x00, 0x00, 0xF1, 0x2F,
    0xFB, 0x05, 0x00, 0x00, 0xFE, 0xCF, 0x00, 0x00, 0x00, 0xA0, 0xFF, 0x5F, 0x00, 0x00, 0xF2, 0x1F,
    0xFB, 0x06, 0x00, 0x00, 0xFD, 0xDF, 0x00, 0x00, 0x00, 0xD0, 0xFF, 0x5F, 0x00, 0x00, 0xF4, 0x0E,
    0xFA, 0x06, 0x00, 0x00, 0xFB, 0xFF, 0x27, 0x00, 0x41, 0xFB, 0xFF, 0x5F, 0x00, 0x00, 0xF7, 0x0C,
    0xF9, 0x07, 0x00, 0x00, 0xF7, 0xFF, 0xFF, 0xFF, 0xFF, 0xDF, 0xFF, 0x5F, 0x11, 0x31, 0xFD, 0x09,
    0xF8, 0x08, 0x00, 0x00, 0xD1, 0xFF, 0xFF, 0xFF, 0xFF, 0x5B, 0xFF, 0xFF, 0xFF, 0xFF, 0xFF, 0x03,
    0xF7, 0x0A, 0x00, 0x00, 0x10, 0xD9, 0xFF, 0xFF, 0x6C, 0x40, 0xFF, 0xFF, 0xFF, 0xEF, 0x5B, 0x00,
    0xF5, 0x0C, 0x00, 0x00, 0x00, 0x00, 0x21, 0x01, 0x00, 0x00, 0x00, 0x00, 0x00, 0x00, 0x00, 0x00,
    0xF2, 0x1F, 0x00, 0x00, 0x00, 0x00, 0x00, 0x00, 0x00, 0x00, 0x00, 0x00, 0x00, 0x00, 0x00, 0x00,
    0xD0, 0x7F, 0x00, 0x00, 0x00, 0x00, 0x00, 0x00, 0x00, 0x00, 0x00, 0x00, 0x00, 0x00, 0x00, 0x00,
    0x60, 0xFF, 0x05, 0x00, 0x00, 0x00, 0x00, 0x00, 0x00, 0x00, 0x00, 0x00, 0x00, 0x00, 0x00, 0x00,
    0x00, 0xFA, 0xBF, 0x36, 0x01, 0x00, 0x00, 0x00, 0x00, 0x00, 0x00, 0x00, 0x00, 0x00, 0x00, 0x00,
    0x00, 0x70, 0xFE, 0xFF, 0xFF, 0xFF, 0xFF, 0xFF, 0xFF, 0xFF, 0xFF, 0x5F, 0x00, 0x00, 0x00, 0x00,
    0x00, 0x00, 0x61, 0xC9, 0xFE, 0xFF, 0xFF, 0xFF, 0xFF, 0xFF, 0xFF, 0x5F, 0x00, 0x00, 0x00, 0x00,
    0x00, 0x00, 0x00, 0x00, 0x10, 0x32, 0x43, 0x44, 0x44, 0x44, 0x44, 0x14, 0x00, 0x00, 0x00, 0x00,
    // Unicode: [0x0041, A]
    0x00, 0x00, 0x00, 0x00, 0x60, 0xFF, 0xFF, 0xCF, 0x00, 0x00, 0x00, 0x00, 0x00, 0x00, 0x00, 0x00,
    0x00, 0xC0, 0xFF, 0xFF, 0xFF, 0x03, 0x00, 0x00, 0x00, 0x00, 0x00, 0x00, 0x00, 0x00, 0xF2, 0xFF,
    0xFF, 0xFF, 0x08, 0x00, 0x00, 0x00, 0x00, 0x00, 0x00, 0x00, 0x00, 0xF7, 0xFF, 0xFF, 0xFF, 0x0D,
    0x00, 0x00, 0x00, 0x00, 0x00, 0x00, 0x00, 0x00, 0xFC, 0xFF, 0xFD, 0xFF, 0x3F, 0x00, 0x00, 0x00,
    0x00, 0x00, 0x00, 0x00, 0x30, 0xFF, 0xFF, 0xE3, 0xFF, 0x9F, 0x00, 0x00, 0x00, 0x00, 0x00, 0x00,
    0x00, 0x80, 0xFF, 0xCF, 0x90, 0xFF, 0xEF, 0x00, 0x00, 0x00, 0x00, 0x00, 0x00, 0x00, 0xD0, 0xFF,
    0x7F, 0x40, 0xFF, 0xFF, 0x04, 0x00, 0x00, 0x00, 0x00, 0x00, 0x00, 0xF4, 0xFF, 0x2F, 0x00, 0xFD,
    0xFF, 0x0A, 0x00, 0x00, 0x00, 0x00, 0x00, 0x00, 0xF9, 0xFF, 0x0C, 0x00, 0xF8, 0xFF, 0x1E, 0x00,
    0x00, 0x00, 0x00, 0x00, 0x00, 0xFE, 0xFF, 0x06, 0x00, 0xF3, 0xFF, 0x5F, 0x00, 0x00, 0x00, 0x00,
    0x00, 0x40, 0xFF, 0xFF, 0x01, 0x00, 0xC0, 0xFF, 0xAF, 0x00, 0x00, 0x00, 0x00, 0x00, 0xA0, 0xFF,
    0xBF, 0x00, 0x00, 0x70, 0xFF, 0xFF, 0x01, 0x00, 0x00, 0x00, 0x00, 0xE1, 0xFF, 0x5F, 0x00, 0x00,
    0x20, 0xFF, 0xFF, 0x06, 0x00, 0x00, 0x00, 0x00, 0xF5, 0xFF, 0x1E, 0x00, 0x00, 0x00, 0xFB, 0xFF,
    0x0B, 0x00, 0x00, 0x00, 0x00, 0xFB, 0xFF, 0x0A, 0x00, 0x00, 0x00, 0xF6, 0xFF, 0x2F, 0x00, 0x00,
    0x00, 0x10, 0xFF, 0xFF, 0x05, 0x00, 0x00, 0x00, 0xF1, 0xFF, 0x7F, 0x00, 0x00, 0x00, 0x60, 0xFF,
    0xFF, 0xFF, 0xFF, 0xFF, 0xFF, 0xFF, 0xFF, 0xCF, 0x00, 0x00, 0x00, 0xC0, 0xFF, 0xFF, 0xFF, 0xFF,
    0xFF, 0xFF, 0xFF, 0xFF, 0xFF, 0x02, 0x00, 0x00, 0xF2, 0xFF, 0xFF, 0xFF, 0xFF, 0xFF, 0xFF, 0xFF,
    0xFF, 0xFF, 0x08, 0x00, 0x00, 0xF7, 0xFF, 0xFF, 0xFF, 0xFF, 0xFF, 0xFF, 0xFF, 0xFF, 0xFF, 0x0D,
    0x00, 0x00, 0xFC, 0xFF, 0x1A, 0x11, 0x11, 0x11, 0x11, 0x11, 0xF7, 0xFF, 0x3F, 0x00, 0x30, 0xFF,
    0xFF, 0x05, 0x00, 0x00, 0x00, 0x00, 0x00, 0xF1, 0xFF, 0x9F, 0x00, 0x80, 0xFF, 0xEF, 0x00, 0x00,
    0x00, 0x00, 0x00, 0x00, 0xB0, 0xFF, 0xEF, 0x00, 0xD0, 0xFF, 0x9F, 0x00, 0x00, 0x00, 0x00, 0x00,
    0x00, 0x50, 0xFF, 0xFF, 0x04, 0xF4, 0xFF, 0x4F, 0x00, 0x00, 0x00, 0x00, 0x00, 0x00, 0x10, 0xFE,
    0xFF, 0x0A, 0xF9, 0xFF, 0x0E, 0x00, 0x00, 0x00, 0x00, 0x00, 0x00, 0x00, 0xFA, 0xFF, 0x1E, 0xFE,
    0xFF, 0x09, 0x00, 0x00, 0x00, 0x00, 0x00, 0x00, 0x00, 0xF5, 0xFF, 0x5F,
    // Unicode: [0x0042, B]
    0xF5, 0xFF, 0xFF, 0xFF, 0xFF, 0xFF, 0xFF, 0xDE, 0x6B, 0x01, 0x00, 0xF5, 0xFF, 0xFF, 0xFF, 0xFF,
    0xFF, 0xFF, 0xFF, 0xFF, 0x3E, 0x00, 0xF5, 0xFF, 0xFF, 0xFF, 0xFF, 0xFF, 0xFF, 0xFF, 0xFF, 0xEF,
    0x02, 0xF5, 0xFF, 0xFF, 0xFF, 0xFF, 0xFF, 0xFF, 0xFF, 0xFF, 0xFF, 0x09, 0xF5, 0xFF, 0x5F, 0x22,
    0x22, 0x22, 0x32, 0xB5, 0xFF, 0xFF, 0x0E, 0xF5, 0xFF, 0x3F, 0x00, 0x00, 0x00, 0x00, 0x00, 0xFB,
    0xFF, 0x3F, 0xF5, 0xFF, 0x3F, 0x00, 0x00, 0x00, 0x00, 0x00, 0xF5, 0xFF, 0x4F, 0xF5, 0xFF, 0x3F,
    0x00, 0x00, 0x00, 0x00, 0x00, 0xF4, 0xFF, 0x4F, 0xF5, 0xFF, 0x3F, 0x00, 0x00, 0x00, 0x00, 0x00,
    0xF4, 0xFF, 0x3F, 0xF5, 0xFF, 0x3F, 0x00, 0x00, 0x00, 0x00, 0x00, 0xF6, 0xFF, 0x1F, 0xF5, 0xFF,
    0x3F, 0x00, 0x00, 0x00, 0x00, 0x10, 0xFC, 0xFF, 0x0B, 0xF5, 0xFF, 0x5F, 0x22, 0x22, 0x22, 0x32,
    0xD6, 0xFF, 0xFF, 0x03, 0xF5, 0xFF, 0xFF, 0xFF, 0xFF, 0xFF, 0xFF, 0xFF, 0xFF, 0x5E, 0x00, 0xF5,
    0xFF, 0xFF, 0xFF, 0xFF, 0xFF, 0xFF, 0xFF, 0x7D, 0x01, 0x00, 0xF5, 0xFF, 0xFF, 0xFF, 0xFF, 0xFF,
    0xFF, 0xFF, 0xDF, 0x17, 0x00, 0xF5, 0xFF, 0xFF, 0xFF, 0xFF, 0xFF, 0xFF, 0xFF, 0xFF, 0xDF, 0x01,
    0xF5, 0xFF, 0x3F, 0x00, 0x00, 0x00, 0x10, 0x83, 0xFF, 0xFF, 0x0B, 0xF5, 0xFF, 0x3F, 0x00, 0x00,
    0x00, 0x00, 0x00, 0xF7, 0xFF, 0x2F, 0xF5, 0xFF, 0x3F, 0x00, 0x00, 0x00, 0x00, 0x00, 0xF1, 0xFF,
    0x6F, 0xF5, 0xFF, 0x3F, 0x00, 0x00, 0x00, 0x00, 0x00, 0xE0, 0xFF, 0x8F, 0xF5, 0xFF, 0x3F, 0x00,
    0x00, 0x00, 0x00, 0x00, 0xE0, 0xFF, 0x9F, 0xF5, 0xFF, 0x3F, 0x00, 0x00, 0x00, 0x00, 0x00, 0xF1,
    0xFF, 0x8F, 0xF5, 0xFF, 0x3F, 0x00, 0x00, 0x00, 0x00, 0x00, 0xF8, 0xFF, 0x6F, 0xF5, 0xFF, 0x4F,
    0x11, 0x11, 0x11, 0x22, 0x94, 0xFF, 0xFF, 0x3F, 0xF5, 0xFF, 0xFF, 0xFF, 0xFF, 0xFF, 0xFF, 0xFF,
    0xFF, 0xFF, 0x0D, 0xF5, 0xFF, 0xFF, 0xFF, 0xFF, 0xFF, 0xFF, 0xFF, 0xFF, 0xFF, 0x04, 0xF5, 0xFF,
    0xFF, 0xFF, 0xFF, 0xFF, 0xFF, 0xFF, 0xFF, 0x6F, 0x00, 0xF5, 0xFF, 0xFF, 0xFF, 0xFF, 0xFF, 0xFF,
    0xDE, 0x7B, 0x01, 0x00,
    // Unicode: [0x0043, C]
    0x00, 0x00, 0x20, 0xA7, 0xDC, 0xFE, 0xEF, 0xCD, 0x8A, 0x04, 0x00, 0x20, 0xFA, 0xFF, 0xFF, 0xFF,
    0xFF, 0xFF, 0xFF, 0x0A, 0x00, 0xD2, 0xFF, 0xFF, 0xFF, 0xFF, 0xFF, 0xFF, 0xFF, 0x0A, 0x00, 0xFB,
    0xFF, 0xFF, 0xFF, 0xFF, 0xFF, 0xFF, 0xFF, 0x0A, 0x30, 0xFF, 0xFF, 0xDF, 0x58, 0x34, 0x22, 0x33,
    0x65, 0x05, 0x80, 0xFF, 0xFF, 0x0A, 0x00, 0x00, 0x00, 0x00, 0x00, 0x00, 0xB0, 0xFF, 0xEF, 0x01,
    0x00, 0x00, 0x00, 0x00, 0x00, 0x00, 0xD0, 0xFF, 0xBF, 0x00, 0x00, 0x00, 0x00, 0x00, 0x00, 0x00,
    0xF0, 0xFF, 0x8F, 0x00, 0x00, 0x00, 0x00, 0x00, 0x00, 0x00, 0xF1, 0xFF, 0x6F, 0x00, 0x00, 0x00,
    0x00, 0x00, 0x00, 0x00, 0xF2, 0xFF, 0x6F, 0x00, 0x00, 0x00, 0x00, 0x00, 0x00, 0x00, 0xF3, 0xFF,
    0x5F, 0x00, 0x00, 0x00, 0x00, 0x00, 0x00, 0x00, 0xF3, 0xFF, 0x4F, 0x00, 0x00, 0x00, 0x00, 0x00,
    0x00, 0x00, 0xF3, 0xFF, 0x4F, 0x00, 0x00, 0x00, 0x00, 0x00, 0x00, 0x00, 0xF3, 0xFF, 0x4F, 0x00,
    0x00, 0x00, 0x00, 0x00, 0x00, 0x00, 0xF3, 0xFF, 0x4F, 0x00, 0x00, 0x00, 0x00, 0x00, 0x00, 0x00,
    0xF3, 0xFF, 0x5F, 0x00, 0x00, 0x00, 0x00, 0x00, 0x00, 0x00, 0xF2, 0xFF, 0x6F, 0x00, 0x00, 0x00,
    0x00, 0x00, 0x00, 0x00, 0xF1, 0xFF, 0x6F, 0x00, 0x00, 0x00, 0x00, 0x00, 0x00, 0x00, 0xF0, 0xFF,
    0x8F, 0x00, 0x00, 0x00, 0x00, 0x00, 0x00, 0x00, 0xD0, 0xFF, 0xBF, 0x00, 0x00, 0x00, 0x00, 0x00,
    0x00, 0x00, 0xB0, 0xFF, 0xEF, 0x01, 0x00, 0x00, 0x00, 0x00, 0x00, 0x00, 0x80, 0xFF, 0xFF, 0x0A,
    0x00, 0x00, 0x00, 0x00, 0x00, 0x00, 0x30, 0xFF, 0xFF, 0xDF, 0x58, 0x34, 0x22, 0x33, 0x64, 0x06,
    0x00, 0xFB, 0xFF, 0xFF, 0xFF, 0xFF, 0xFF, 0xFF, 0xFF, 0x0D, 0x00, 0xD2, 0xFF, 0xFF, 0xFF, 0xFF,
    0xFF, 0xFF, 0xFF, 0x0D, 0x00, 0x20, 0xFA, 0xFF, 0xFF, 0xFF, 0xFF, 0xFF, 0xFF, 0x0D, 0x00, 0x00,
    0x20, 0xA7, 0xEC, 0xFE, 0xEF, 0xDD, 0x9B, 0x06,
    // Unicode: [0x0044, D]
    0xF5, 0xFF, 0xFF, 0xFF, 0xFF, 0xEF, 0xCE, 0x9B, 0x16, 0x00, 0x00, 0xF5, 0xFF, 0xFF, 0xFF, 0xFF,
    0xFF, 0xFF, 0xFF, 0xFF, 0x19, 0x00, 0xF5, 0xFF, 0xFF, 0xFF, 0xFF, 0xFF, 0xFF, 0xFF, 0xFF, 0xCF,
    0x01, 0xF5, 0xFF, 0xFF, 0xFF, 0xFF, 0xFF, 0xFF, 0xFF, 0xFF, 0xFF, 0x08, 0xF5, 0xFF, 0x5F, 0x22,
    0x22, 0x32, 0x53, 0xD8, 0xFF, 0xFF, 0x0E, 0xF5, 0xFF, 0x3F, 0x00, 0x00, 0x00, 0x00, 0x10, 0xFD,
    0xFF, 0x2F, 0xF5, 0xFF, 0x3F, 0x00, 0x00, 0x00, 0x00, 0x00, 0xF6, 0xFF, 0x5F, 0xF5, 0xFF, 0x3F,
    0x00, 0x00, 0x00, 0x00, 0x00, 0xF2, 0xFF, 0x6F, 0xF5, 0xFF, 0x3F, 0x00, 0x00, 0x00, 0x00, 0x00,
    0xF0, 0xFF, 0x8F, 0xF5, 0xFF, 0x3F, 0x00, 0x00, 0x00, 0x00, 0x00, 0xE0, 0xFF, 0x9F, 0xF5, 0xFF,
    0x3F, 0x00, 0x00, 0x00, 0x00, 0x00, 0xD0, 0xFF, 0x9F, 0xF5, 0xFF, 0x3F, 0x00, 0x00, 0x00, 0x00,
    0x00, 0xD0, 0xFF, 0xAF, 0xF5, 0xFF, 0x3F, 0x00, 0x00, 0x00, 0x00, 0x00, 0xC0, 0xFF, 0xAF, 0xF5,
    0xFF, 0x3F, 0x00, 0x00, 0x00, 0x00, 0x00, 0xC0, 0xFF, 0xAF, 0xF5, 0xFF, 0x3F, 0x00, 0x00, 0x00,
    0x00, 0x00, 0xC0, 0xFF, 0xAF, 0xF5, 0xFF, 0x3F, 0x00, 0x00, 0x00, 0x00, 0x00, 0xC0, 0xFF, 0xAF,
    0xF5, 0xFF, 0x3F, 0x00, 0x00, 0x00, 0x00, 0x00, 0xC0, 0xFF, 0xAF, 0xF5, 0xFF, 0x3F, 0x00, 0x00,
    0x00, 0x00, 0x00, 0xD0, 0xFF, 0x9F, 0xF5, 0xFF, 0x3F, 0x00, 0x00, 0x00, 0x00, 0x00, 0xE0, 0xFF,
    0x9F, 0xF5, 0xFF, 0x3F, 0x00, 0x00, 0x00, 0x00, 0x00, 0xF0, 0xFF, 0x8F, 0xF5, 0xFF, 0x3F, 0x00,
    0x00, 0x00, 0x00, 0x00, 0xF2, 0xFF, 0x6F, 0xF5, 0xFF, 0x3F, 0x00, 0x00, 0x00, 0x00, 0x00, 0xF5,
    0xFF, 0x5F, 0xF5, 0xFF, 0x3F, 0x00, 0x00, 0x00, 0x00, 0x10, 0xFC, 0xFF, 0x2F, 0xF5, 0xFF, 0x5F,
    0x22, 0x22, 0x32, 0x54, 0xD7, 0xFF, 0xFF, 0x0E, 0xF5, 0xFF, 0xFF, 0xFF, 0xFF, 0xFF, 0xFF, 0xFF,
    0xFF, 0xFF, 0x08, 0xF5, 0xFF, 0xFF, 0xFF, 0xFF, 0xFF, 0xFF, 0xFF, 0xFF, 0xCF, 0x01, 0xF5, 0xFF,
    0xFF, 0xFF, 0xFF, 0xFF, 0xFF, 0xFF, 0xFF, 0x19, 0x00, 0xF5, 0xFF, 0xFF, 0xFF, 0xFF, 0xEF, 0xDE,
    0x9B, 0x16, 0x00, 0x00,
    // Unicode: [0x0045, E]
    0xF5, 0xFF, 0xFF, 0xFF, 0xFF, 0xFF, 0xFF, 0xFF, 0xFF, 0x1F, 0xF5, 0xFF, 0xFF, 0xFF, 0xFF, 0xFF,
    0xFF, 0xFF, 0xFF, 0x1F, 0xF5, 0xFF, 0xFF, 0xFF, 0xFF, 0xFF, 0xFF, 0xFF, 0xFF, 0x1F, 0xF5, 0xFF,
    0xFF, 0xFF, 0xFF, 0xFF, 0xFF, 0xFF, 0xFF, 0x1F, 0xF5, 0xFF, 0x5F, 0x22, 0x22, 0x22, 0x22, 0x22,
    0x22, 0x02, 0xF5, 0xFF, 0x3F, 0x00, 0x00, 0x00, 0x00, 0x00, 0x00, 0x00, 0xF5, 0xFF, 0x3F, 0x00,
    0x00, 0x00, 0x00, 0x00, 0x00, 0x00, 0xF5, 0xFF, 0x3F, 0x00, 0x00, 0x00, 0x00, 0x00, 0x00, 0x00,
    0xF5, 0xFF, 0x3F, 0x00, 0x00, 0x00, 0x00, 0x00, 0x00, 0x00, 0xF5, 0xFF, 0x3F, 0x00, 0x00, 0x00,
    0x00, 0x00, 0x00, 0x00, 0xF5, 0xFF, 0x3F, 0x00, 0x00, 0x00, 0x00, 0x00, 0x00, 0x00, 0xF5, 0xFF,
    0x5F, 0x22, 0x22, 0x22, 0x22, 0x22, 0x02, 0x00, 0xF5, 0xFF, 0xFF, 0xFF, 0xFF, 0xFF, 0xFF, 0xFF,
    0x2F, 0x00, 0xF5, 0xFF, 0xFF, 0xFF, 0xFF, 0xFF, 0xFF, 0xFF, 0x2F, 0x00, 0xF5, 0xFF, 0xFF, 0xFF,
    0xFF, 0xFF, 0xFF, 0xFF, 0x2F, 0x00, 0xF5, 0xFF, 0xFF, 0xFF, 0xFF, 0xFF, 0xFF, 0xFF, 0x2F, 0x00,
    0xF5, 0xFF, 0x3F, 0x00, 0x00, 0x00, 0x00, 0x00, 0x00, 0x00, 0xF5, 0xFF, 0x3F, 0x00, 0x00, 0x00,
    0x00, 0x00, 0x00, 0x00, 0xF5, 0xFF, 0x3F, 0x00, 0x00, 0x00, 0x00, 0x00, 0x00, 0x00, 0xF5, 0xFF,
    0x3F, 0x00, 0x00, 0x00, 0x00, 0x00, 0x00, 0x00, 0xF5, 0xFF, 0x3F, 0x00, 0x00, 0x00, 0x00, 0x00,
    0x00, 0x00, 0xF5, 0xFF, 0x3F, 0x00, 0x00, 0x00, 0x00, 0x00, 0x00, 0x00, 0xF5, 0xFF, 0x3F, 0x00,
    0x00, 0x00, 0x00, 0x00, 0x00, 0x00, 0xF5, 0xFF, 0x5F, 0x22, 0x22, 0x22, 0x22, 0x22, 0x22, 0x02,
    0xF5, 0xFF, 0xFF, 0xFF, 0xFF, 0xFF, 0xFF, 0xFF, 0xFF, 0x1F, 0xF5, 0xFF, 0xFF, 0xFF, 0xFF, 0xFF,
    0xFF, 0xFF, 0xFF, 0x1F, 0xF5, 0xFF, 0xFF, 0xFF, 0xFF, 0xFF, 0xFF, 0xFF, 0xFF, 0x1F, 0xF5, 0xFF,
    0xFF, 0xFF, 0xFF, 0xFF, 0xFF, 0xFF, 0xFF, 0x1F,
    // Unicode: [0x0046, F]
    0xF5, 0xFF, 0xFF, 0xFF, 0xFF, 0xFF, 0xFF, 0xFF, 0xFF, 0x04, 0xF5, 0xFF, 0xFF, 0xFF, 0xFF, 0xFF,
    0xFF, 0xFF, 0xFF, 0x04, 0xF5, 0xFF, 0xFF, 0xFF, 0xFF, 0xFF, 0xFF, 0xFF, 0xFF, 0x04, 0xF5, 0xFF,
    0xFF, 0xFF, 0xFF, 0xFF, 0xFF, 0xFF, 0xFF, 0x04, 0xF5, 0xFF, 0x5F, 0x22, 0x22, 0x22, 0x22, 0x22,
    0x22, 0x00, 0xF5, 0xFF, 0x3F, 0x00, 0x00, 0x00, 0x00, 0x00, 0x00, 0x00, 0xF5, 0xFF, 0x3F, 0x00,
    0x00, 0x00, 0x00, 0x00, 0x00, 0x00, 0xF5, 0xFF, 0x3F, 0x00, 0x00, 0x00, 0x00, 0x00, 0x00, 0x00,
    0xF5, 0xFF, 0x3F, 0x00, 0x00, 0x00, 0x00, 0x00, 0x00, 0x00, 0xF5, 0xFF, 0x3F, 0x00, 0x00, 0x00,
    0x00, 0x00, 0x00, 0x00, 0xF5, 0xFF, 0x3F, 0x00, 0x00, 0x00, 0x00, 0x00, 0x00, 0x00, 0xF5, 0xFF,
    0x3F, 0x00, 0x00, 0x00, 0x00, 0x00, 0x00, 0x00, 0xF5, 0xFF, 0x5F, 0x22, 0x22, 0x22, 0x22, 0x22,
    0x02, 0x00, 0xF5, 0xFF, 0xFF, 0xFF, 0xFF, 0xFF, 0xFF, 0xFF, 0x0C, 0x00, 0xF5, 0xFF, 0xFF, 0xFF,
    0xFF, 0xFF, 0xFF, 0xFF, 0x0C, 0x00, 0xF5, 0xFF, 0xFF, 0xFF, 0xFF, 0xFF, 0xFF, 0xFF, 0x0C, 0x00,
    0xF5, 0xFF, 0xFF, 0xFF, 0xFF, 0xFF, 0xFF, 0xFF, 0x0C, 0x00, 0xF5, 0xFF, 0x3F, 0x00, 0x00, 0x00,
    0x00, 0x00, 0x00, 0x00, 0xF5, 0xFF, 0x3F, 0x00, 0x00, 0x00, 0x00, 0x00, 0x00, 0x00, 0xF5, 0xFF,
    0x3F, 0x00, 0x00, 0x00, 0x00, 0x00, 0x00, 0x00, 0xF5, 0xFF, 0x3F, 0x00, 0x00, 0x00, 0x00, 0x00,
    0x00, 0x00, 0xF5, 0xFF, 0x3F, 0x00, 0x00, 0x00, 0x00, 0x00, 0x00, 0x00, 0xF5, 0xFF, 0x3F, 0x00,
    0x00, 0x00, 0x00, 0x00, 0x00, 0x00, 0xF5, 0xFF, 0x3F, 0x00, 0x00, 0x00, 0x00, 0x00, 0x00, 0x00,
    0xF5, 0xFF, 0x3F, 0x00, 0x00, 0x00, 0x00, 0x00, 0x00, 0x00, 0xF5, 0xFF, 0x3F, 0x00, 0x00, 0x00,
    0x00, 0x00, 0x00, 0x00, 0xF5, 0xFF, 0x3F, 0x00, 0x00, 0x00, 0x00, 0x00, 0x00, 0x00, 0xF5, 0xFF,
    0x3F, 0x00, 0x00, 0x00, 0x00, 0x00, 0x00, 0x00,
    // Unicode: [0x0047, G]
    0x00, 0x00, 0x00, 0x85, 0xDB, 0xEE, 0xFF, 0xDE, 0xBC, 0x79, 0x14, 0x00, 0x00, 0xE7, 0xFF, 0xFF,
    0xFF, 0xFF, 0xFF, 0xFF, 0xFF, 0x8F, 0x00, 0xA0, 0xFF, 0xFF, 0xFF, 0xFF, 0xFF, 0xFF, 0xFF, 0xFF,
    0x8F, 0x00, 0xF7, 0xFF, 0xFF, 0xFF, 0xFF, 0xFF, 0xFF, 0xFF, 0xFF, 0x8F, 0x10, 0xFE, 0xFF, 0xEF,
    0x69, 0x34, 0x23, 0x22, 0x43, 0x76, 0x59, 0x50, 0xFF, 0xFF, 0x1C, 0x00, 0x00, 0x00, 0x00, 0x00,
    0x00, 0x00, 0x90, 0xFF, 0xFF, 0x03, 0x00, 0x00, 0x00, 0x00, 0x00, 0x00, 0x00, 0xC0, 0xFF, 0xCF,
    0x00, 0x00, 0x00, 0x00, 0x00, 0x00, 0x00, 0x00, 0xE0, 0xFF, 0x9F, 0x00, 0x00, 0x00, 0x00, 0x00,
    0x00, 0x00, 0x00, 0xF1, 0xFF, 0x7F, 0x00, 0x00, 0x00, 0x00, 0x00, 0x00, 0x00, 0x00, 0xF2, 0xFF,
    0x6F, 0x00, 0x00, 0x00, 0x00, 0x00, 0x00, 0x00, 0x00, 0xF3, 0xFF, 0x5F, 0x00, 0x00, 0x00, 0x00,
    0x00, 0x00, 0x00, 0x00, 0xF3, 0xFF, 0x5F, 0x00, 0x00, 0x10, 0xFF, 0xFF, 0xFF, 0xFF, 0xAF, 0xF3,
    0xFF, 0x4F, 0x00, 0x00, 0x10, 0xFF, 0xFF, 0xFF, 0xFF, 0xAF, 0xF3, 0xFF, 0x4F, 0x00, 0x00, 0x10,
    0xFF, 0xFF, 0xFF, 0xFF, 0xAF, 0xF3, 0xFF, 0x5F, 0x00, 0x00, 0x10, 0xFF, 0xFF, 0xFF, 0xFF, 0xAF,
    0xF3, 0xFF, 0x5F, 0x00, 0x00, 0x00, 0x00, 0x00, 0xA0, 0xFF, 0xAF, 0xF2, 0xFF, 0x6F, 0x00, 0x00,
    0x00, 0x00, 0x00, 0xA0, 0xFF, 0xAF, 0xF1, 0xFF, 0x7F, 0x00, 0x00, 0x00, 0x00, 0x00, 0xA0, 0xFF,
    0xAF, 0xE0, 0xFF, 0x9F, 0x00, 0x00, 0x00, 0x00, 0x00, 0xA0, 0xFF, 0xAF, 0xC0, 0xFF, 0xCF, 0x00,
    0x00, 0x00, 0x00, 0x00, 0xA0, 0xFF, 0xAF, 0x90, 0xFF, 0xFF, 0x02, 0x00, 0x00, 0x00, 0x00, 0xA0,
    0xFF, 0xAF, 0x50, 0xFF, 0xFF, 0x1B, 0x00, 0x00, 0x00, 0x00, 0xA0, 0xFF, 0xAF, 0x10, 0xFE, 0xFF,
    0xDF, 0x47, 0x12, 0x00, 0x11, 0xB2, 0xFF, 0xAF, 0x00, 0xF7, 0xFF, 0xFF, 0xFF, 0xFF, 0xFF, 0xFF,
    0xFF, 0xFF, 0xAF, 0x00, 0xA0, 0xFF, 0xFF, 0xFF, 0xFF, 0xFF, 0xFF, 0xFF, 0xFF, 0xAF, 0x00, 0x00,
    0xE7, 0xFF, 0xFF, 0xFF, 0xFF, 0xFF, 0xFF, 0xFF, 0xAF, 0x00, 0x00, 0x10, 0x85, 0xDB, 0xFE, 0xFF,
    0xDE, 0xBC, 0x79, 0x25,
    // Unicode: [0x0048, H]
    0xF5, 0xFF, 0x3F, 0x00, 0x00, 0x00, 0x00, 0x00, 0x00, 0xFF, 0xFF, 0x07, 0xF5, 0xFF, 0x3F, 0x00,
    0x00, 0x00, 0x00, 0x00, 0x00, 0xFF, 0xFF, 0x07, 0xF5, 0xFF, 0x3F, 0x00, 0x00, 0x00, 0x00, 0x00,
    0x00, 0xFF, 0xFF, 0x07, 0xF5, 0xFF, 0x3F, 0x00, 0x00, 0x00, 0x00, 0x00, 0x00, 0xFF, 0xFF, 0x07,
    0xF5, 0xFF, 0x3F, 0x00, 0x00, 0x00, 0x00, 0x00, 0x00, 0xFF, 0xFF, 0x07, 0xF5, 0xFF, 0x3F, 0x00,
    0x00, 0x00, 0x00, 0x00, 0x00, 0xFF, 0xFF, 0x07, 0xF5, 0xFF, 0x3F, 0x00, 0x00, 0x00, 0x00, 0x00,
    0x00, 0xFF, 0xFF, 0x07, 0xF5, 0xFF, 0x3F, 0x00, 0x00, 0x00, 0x00, 0x00, 0x00, 0xFF, 0xFF, 0x07,
    0xF5, 0xFF, 0x3F, 0x00, 0x00, 0x00, 0x00, 0x00, 0x00, 0xFF, 0xFF, 0x07, 0xF5, 0xFF, 0x3F, 0x00,
    0x00, 0x00, 0x00, 0x00, 0x00, 0xFF, 0xFF, 0x07, 0xF5, 0xFF, 0x3F, 0x00, 0x00, 0x00, 0x00, 0x00,
    0x00, 0xFF, 0xFF, 0x07, 0xF5, 0xFF, 0x6F, 0x44, 0x44, 0x44, 0x44, 0x44, 0x44, 0xFF, 0xFF, 0x07,
    0xF5, 0xFF, 0xFF, 0xFF, 0xFF, 0xFF, 0xFF, 0xFF, 0xFF, 0xFF, 0xFF, 0x07, 0xF5, 0xFF, 0xFF, 0xFF,
    0xFF, 0xFF, 0xFF, 0xFF, 0xFF, 0xFF, 0xFF, 0x07, 0xF5, 0xFF, 0xFF, 0xFF, 0xFF, 0xFF, 0xFF, 0xFF,
    0xFF, 0xFF, 0xFF, 0x07, 0xF5, 0xFF, 0xFF, 0xFF, 0xFF, 0xFF, 0xFF, 0xFF, 0xFF, 0xFF, 0xFF, 0x07,
    0xF5, 0xFF, 0x3F, 0x00, 0x00, 0x00, 0x00, 0x00, 0x00, 0xFF, 0xFF, 0x07, 0xF5, 0xFF, 0x3F, 0x00,
    0x00, 0x00, 0x00, 0x00, 0x00, 0xFF, 0xFF, 0x07, 0xF5, 0xFF, 0x3F, 0x00, 0x00, 0x00, 0x00, 0x00,
    0x00, 0xFF, 0xFF, 0x07, 0xF5, 0xFF, 0x3F, 0x00, 0x00, 0x00, 0x00, 0x00, 0x00, 0xFF, 0xFF, 0x07,
    0xF5, 0xFF, 0x3F, 0x00, 0x00, 0x00, 0x00, 0x00, 0x00, 0xFF, 0xFF, 0x07, 0xF5, 0xFF, 0x3F, 0x00,
    0x00, 0x00, 0x00, 0x00, 0x00, 0xFF, 0xFF, 0x07, 0xF5, 0xFF, 0x3F, 0x00, 0x00, 0x00, 0x00, 0x00,
    0x00, 0xFF, 0xFF, 0x07, 0xF5, 0xFF, 0x3F, 0x00, 0x00, 0x00, 0x00, 0x00, 0x00, 0xFF, 0xFF, 0x07,
    0xF5, 0xFF, 0x3F, 0x00, 0x00, 0x00, 0x00, 0x00, 0x00, 0xFF, 0xFF, 0x07, 0xF5, 0xFF, 0x3F, 0x00,
    0x00, 0x00, 0x00, 0x00, 0x00, 0xFF, 0xFF, 0x07, 0xF5, 0xFF, 0x3F, 0x00, 0x00, 0x00, 0x00, 0x00,
    0x00, 0xFF, 0xFF, 0x07, 0xF5, 0xFF, 0x3F, 0x00, 0x00, 0x00, 0x00, 0x00, 0x00, 0xFF, 0xFF, 0x07,
    // Unicode: [0x0049, I]
    0xF5, 0xFF, 0x3F, 0xF5, 0xFF, 0x3F, 0xF5, 0xFF, 0x3F, 0xF5, 0xFF, 0x3F, 0xF5, 0xFF, 0x3F, 0xF5,
    0xFF, 0x3F, 0xF5, 0xFF, 0x3F, 0xF5, 0xFF, 0x3F, 0xF5, 0xFF, 0x3F, 0xF5, 0xFF, 0x3F, 0xF5, 0xFF,
    0x3F, 0xF5, 0xFF, 0x3F, 0xF5, 0xFF, 0x3F, 0xF5, 0xFF, 0x3F, 0xF5, 0xFF, 0x3F, 0xF5, 0xFF, 0x3F,
    0xF5, 0xFF, 0x3F, 0xF5, 0xFF, 0x3F, 0xF5, 0xFF, 0x3F, 0xF5, 0xFF, 0x3F, 0xF5, 0xFF, 0x3F, 0xF5,
    0xFF, 0x3F, 0xF5, 0xFF, 0x3F, 0xF5, 0xFF, 0x3F, 0xF5, 0xFF, 0x3F, 0xF5, 0xFF, 0x3F, 0xF5, 0xFF,
    0x3F, 0xF5, 0xFF, 0x3F,
    // Unicode: [0x004A, J]
    0x00, 0x00, 0x10, 0xFF, 0xFF, 0x07, 0x00, 0x00, 0x10, 0xFF, 0xFF, 0x07, 0x00, 0x00, 0x10, 0xFF,
    0xFF, 0x07, 0x00, 0x00, 0x10, 0xFF, 0xFF, 0x07, 0x00, 0x00, 0x10, 0xFF, 0xFF, 0x07, 0x00, 0x00,
    0x10, 0xFF, 0xFF, 0x07, 0x00, 0x00, 0x10, 0xFF, 0xFF, 0x07, 0x00, 0x00, 0x10, 0xFF, 0xFF, 0x07,
    0x00, 0x00, 0x10, 0xFF, 0xFF, 0x07, 0x00, 0x00, 0x10, 0xFF, 0xFF, 0x07, 0x00, 0x00, 0x10, 0xFF,
    0xFF, 0x07, 0x00, 0x00, 0x10, 0xFF, 0xFF, 0x07, 0x00, 0x00, 0x10, 0xFF, 0xFF, 0x07, 0x00, 0x00,
    0x10, 0xFF, 0xFF, 0x07, 0x00, 0x00, 0x10, 0xFF, 0xFF, 0x07, 0x00, 0x00, 0x10, 0xFF, 0xFF, 0x07,
    0x00, 0x00, 0x10, 0xFF, 0xFF, 0x07, 0x00, 0x00, 0x10, 0xFF, 0xFF, 0x06, 0x00, 0x00, 0x10, 0xFF,
    0xFF, 0x06, 0x00, 0x00, 0x20, 0xFF, 0xFF, 0x06, 0x00, 0x00, 0x20, 0xFF, 0xFF, 0x05, 0x00, 0x00,
    0x40, 0xFF, 0xFF, 0x04, 0x00, 0x00, 0x70, 0xFF, 0xFF, 0x03, 0x00, 0x10, 0xE6, 0xFF, 0xFF, 0x01,
    0xEB, 0xFF, 0xFF, 0xFF, 0xEF, 0x00, 0xFC, 0xFF, 0xFF, 0xFF, 0x8F, 0x00, 0xFC, 0xFF, 0xFF, 0xFF,
    0x1C, 0x00, 0xFC, 0xEF, 0xCD, 0x69, 0x00, 0x00,
    // Unicode: [0x004B, K]
    0xF5, 0xFF, 0x3F, 0x00, 0x00, 0x00, 0x00, 0x00, 0x50, 0xFF, 0xFF, 0x0A, 0xF5, 0xFF, 0x3F, 0x00,
    0x00, 0x00, 0x00, 0x00, 0xE2, 0xFF, 0xDF, 0x01, 0xF5, 0xFF, 0x3F, 0x00, 0x00, 0x00, 0x00, 0x00,
    0xFC, 0xFF, 0x3F, 0x00, 0xF5, 0xFF, 0x3F, 0x00, 0x00, 0x00, 0x00, 0x90, 0xFF, 0xFF, 0x06, 0x00,
    0xF5, 0xFF, 0x3F, 0x00, 0x00, 0x00, 0x00, 0xF5, 0xFF, 0xAF, 0x00, 0x00, 0xF5, 0xFF, 0x3F, 0x00,
    0x00, 0x00, 0x20, 0xFE, 0xFF, 0x1D, 0x00, 0x00, 0xF5, 0xFF, 0x3F, 0x00, 0x00, 0x00, 0xC0, 0xFF,
    0xEF, 0x03, 0x00, 0x00, 0xF5, 0xFF, 0x3F, 0x00, 0x00, 0x00, 0xF9, 0xFF, 0x6F, 0x00, 0x00, 0x00,
    0xF5, 0xFF, 0x3F, 0x00, 0x00, 0x50, 0xFF, 0xFF, 0x09, 0x00, 0x00, 0x00, 0xF5, 0xFF, 0x3F, 0x00,
    0x00, 0xE2, 0xFF, 0xCF, 0x01, 0x00, 0x00, 0x00, 0xF5, 0xFF, 0x3F, 0x00, 0x10, 0xFD, 0xFF, 0x2E,
    0x00, 0x00, 0x00, 0x00, 0xF5, 0xFF, 0x5F, 0x22, 0xA2, 0xFF, 0xFF, 0x05, 0x00, 0x00, 0x00, 0x00,
    0xF5, 0xFF, 0xFF, 0xFF, 0xFF, 0xFF, 0x9F, 0x00, 0x00, 0x00, 0x00, 0x00, 0xF5, 0xFF, 0xFF, 0xFF,
    0xFF, 0xFF, 0x0D, 0x00, 0x00, 0x00, 0x00, 0x00, 0xF5, 0xFF, 0xFF, 0xFF, 0xFF, 0xFF, 0x5F, 0x00,
    0x00, 0x00, 0x00, 0x00, 0xF5, 0xFF, 0xFF, 0xFF, 0xFF, 0xFF, 0xEF, 0x02, 0x00, 0x00, 0x00, 0x00,
    0xF5, 0xFF, 0x3F, 0x00, 0x80, 0xFF, 0xFF, 0x0C, 0x00, 0x00, 0x00, 0x00, 0xF5, 0xFF, 0x3F, 0x00,
    0x00, 0xFC, 0xFF, 0x8F, 0x00, 0x00, 0x00, 0x00, 0xF5, 0xFF, 0x3F, 0x00, 0x00, 0xE2, 0xFF, 0xFF,
    0x04, 0x00, 0x00, 0x00, 0xF5, 0xFF, 0x3F, 0x00, 0x00, 0x50, 0xFF, 0xFF, 0x1E, 0x00, 0x00, 0x00,
    0xF5, 0xFF, 0x3F, 0x00, 0x00, 0x00, 0xF9, 0xFF, 0xBF, 0x00, 0x00, 0x00, 0xF5, 0xFF, 0x3F, 0x00,
    0x00, 0x00, 0xD1, 0xFF, 0xFF, 0x07, 0x00, 0x00, 0xF5, 0xFF, 0x3F, 0x00, 0x00, 0x00, 0x30, 0xFE,
    0xFF, 0x3F, 0x00, 0x00, 0xF5, 0xFF, 0x3F, 0x00, 0x00, 0x00, 0x00, 0xF6, 0xFF, 0xDF, 0x01, 0x00,
    0xF5, 0xFF, 0x3F, 0x00, 0x00, 0x00, 0x00, 0xA0, 0xFF, 0xFF, 0x0A, 0x00, 0xF5, 0xFF, 0x3F, 0x00,
    0x00, 0x00, 0x00, 0x10, 0xFD, 0xFF, 0x6F, 0x00, 0xF5, 0xFF, 0x3F, 0x00, 0x00, 0x00, 0x00, 0x00,
    0xF3, 0xFF, 0xEF, 0x02, 0xF5, 0xFF, 0x3F, 0x00, 0x00, 0x00, 0x00, 0x00, 0x70, 0xFF, 0xFF, 0x0C,
    // Unicode: [0x004C, L]
    0xF5, 0xFF, 0x3F, 0x00, 0x00, 0x00, 0x00, 0x00, 0x00, 0xF5, 0xFF, 0x3F, 0x00, 0x00, 0x00, 0x00,
    0x00, 0x00, 0xF5, 0xFF, 0x3F, 0x00, 0x00, 0x00, 0x00, 0x00, 0x00, 0xF5, 0xFF, 0x3F, 0x00, 0x00,
    0x00, 0x00, 0x00, 0x00, 0xF5, 0xFF, 0x3F, 0x00, 0x00, 0x00, 0x00, 0x00, 0x00, 0xF5, 0xFF, 0x3F,
    0x00, 0x00, 0x00, 0x00, 0x00, 0x00, 0xF5, 0xFF, 0x3F, 0x00, 0x00, 0x00, 0x00, 0x00, 0x00, 0xF5,
    0xFF, 0x3F, 0x00, 0x00, 0x00, 0x00, 0x00, 0x00, 0xF5, 0xFF, 0x3F, 0x00, 0x00, 0x00, 0x00, 0x00,
    0x00, 0xF5, 0xFF, 0x3F, 0x00, 0x00, 0x00, 0x00, 0x00, 0x00, 0xF5, 0xFF, 0x3F, 0x00, 0x00, 0x00,
    0x00, 0x00, 0x00, 0xF5, 0xFF, 0x3F, 0x00, 0x00, 0x00, 0x00, 0x00, 0x00, 0xF5, 0xFF, 0x3F, 0x00,
    0x00, 0x00, 0x00, 0x00, 0x00, 0xF5, 0xFF, 0x3F, 0x00, 0x00, 0x00, 0x00, 0x00, 0x00, 0xF5, 0xFF,
    0x3F, 0x00, 0x00, 0x00, 0x00, 0x00, 0x00, 0xF5, 0xFF, 0x3F, 0x00, 0x00, 0x00, 0x00, 0x00, 0x00,
    0xF5, 0xFF, 0x3F, 0x00, 0x00, 0x00, 0x00, 0x00, 0x00, 0xF5, 0xFF, 0x3F, 0x00, 0x00, 0x00, 0x00,
    0x00, 0x00, 0xF5, 0xFF, 0x3F, 0x00, 0x00, 0x00, 0x00, 0x00, 0x00, 0xF5, 0xFF, 0x3F, 0x00, 0x00,
    0x00, 0x00, 0x00, 0x00, 0xF5, 0xFF, 0x3F, 0x00, 0x00, 0x00, 0x00, 0x00, 0x00, 0xF5, 0xFF, 0x3F,
    0x00, 0x00, 0x00, 0x00, 0x00, 0x00, 0xF5, 0xFF, 0x3F, 0x00, 0x00, 0x00, 0x00, 0x00, 0x00, 0xF5,
    0xFF, 0x6F, 0x44, 0x44, 0x44, 0x44, 0x44, 0x24, 0xF5, 0xFF, 0xFF, 0xFF, 0xFF, 0xFF, 0xFF, 0xFF,
    0x7F, 0xF5, 0xFF, 0xFF, 0xFF, 0xFF, 0xFF, 0xFF, 0xFF, 0x7F, 0xF5, 0xFF, 0xFF, 0xFF, 0xFF, 0xFF,
    0xFF, 0xFF, 0x7F, 0xF5, 0xFF, 0xFF, 0xFF, 0xFF, 0xFF, 0xFF, 0xFF, 0x7F,
    // Unicode: [0x004D, M]
    0xF5, 0xFF, 0xFF, 0x1F, 0x00, 0x00, 0x00, 0x00, 0x00, 0x00, 0x00, 0xE0, 0xFF, 0xFF, 0x6F, 0xF5,
    0xFF, 0xFF, 0x7F, 0x00, 0x00, 0x00, 0x00, 0x00, 0x00, 0x00, 0xF5, 0xFF, 0xFF, 0x6F, 0xF5, 0xFF,
    0xFF, 0xDF, 0x00, 0x00, 0x00, 0x00, 0x00, 0x00, 0x00, 0xFB, 0xFF, 0xFF, 0x6F, 0xF5, 0xFF, 0xFF,
    0xFF, 0x04, 0x00, 0x00, 0x00, 0x00, 0x00, 0x20, 0xFF, 0xFF, 0xFF, 0x6F, 0xF5, 0xFF, 0xFF, 0xFF,
    0x0A, 0x00, 0x00, 0x00, 0x00, 0x00, 0x80, 0xFF, 0xFF, 0xFF, 0x6F, 0xF5, 0xFF, 0xFF, 0xFF, 0x2F,
    0x00, 0x00, 0x00, 0x00, 0x00, 0xE1, 0xFF, 0xFF, 0xFF, 0x6F, 0xF5, 0xFF, 0xFF, 0xFF, 0x8F, 0x00,
    0x00, 0x00, 0x00, 0x00, 0xF6, 0xFF, 0xFF, 0xFF, 0x6F, 0xF5, 0xFF, 0xEE, 0xFF, 0xDF, 0x00, 0x00,
    0x00, 0x00, 0x00, 0xFC, 0xFF, 0xFD, 0xFF, 0x6F, 0xF5, 0xFF, 0x8E, 0xFF, 0xFF, 0x05, 0x00, 0x00,
    0x00, 0x30, 0xFF, 0xFF, 0xE7, 0xFF, 0x6F, 0xF5, 0xFF, 0x2E, 0xFF, 0xFF, 0x0B, 0x00, 0x00, 0x00,
    0x90, 0xFF, 0xFF, 0xE1, 0xFF, 0x6F, 0xF5, 0xFF, 0x0E, 0xFB, 0xFF, 0x2F, 0x00, 0x00, 0x00, 0xE1,
    0xFF, 0xAF, 0xE0, 0xFF, 0x6F, 0xF5, 0xFF, 0x0E, 0xF5, 0xFF, 0x8F, 0x00, 0x00, 0x00, 0xF7, 0xFF,
    0x4F, 0xE0, 0xFF, 0x6F, 0xF5, 0xFF, 0x0E, 0xD0, 0xFF, 0xEF, 0x00, 0x00, 0x00, 0xFD, 0xFF, 0x0D,
    0xE0, 0xFF, 0x6F, 0xF5, 0xFF, 0x0E, 0x80, 0xFF, 0xFF, 0x06, 0x00, 0x40, 0xFF, 0xFF, 0x07, 0xE0,
    0xFF, 0x6F, 0xF5, 0xFF, 0x0E, 0x20, 0xFF, 0xFF, 0x0C, 0x00, 0xA0, 0xFF, 0xFF, 0x01, 0xE0, 0xFF,
    0x6F, 0xF5, 0xFF, 0x0E, 0x00, 0xFB, 0xFF, 0x3F, 0x00, 0xF1, 0xFF, 0xAF, 0x00, 0xE0, 0xFF, 0x6F,
    0xF5, 0xFF, 0x0E, 0x00, 0xF4, 0xFF, 0x9F, 0x00, 0xF7, 0xFF, 0x3F, 0x00, 0xE0, 0xFF, 0x6F, 0xF5,
    0xFF, 0x0E, 0x00, 0xD0, 0xFF, 0xEF, 0x01, 0xFD, 0xFF, 0x0C, 0x00, 0xE0, 0xFF, 0x6F, 0xF5, 0xFF,
    0x0E, 0x00, 0x70, 0xFF, 0xFF, 0x56, 0xFF, 0xFF, 0x06, 0x00, 0xE0, 0xFF, 0x6F, 0xF5, 0xFF, 0x0E,
    0x00, 0x10, 0xFF, 0xFF, 0xBC, 0xFF, 0xEF, 0x01, 0x00, 0xE0, 0xFF, 0x6F, 0xF5, 0xFF, 0x0E, 0x00,
    0x00, 0xFA, 0xFF, 0xFF, 0xFF, 0x9F, 0x00, 0x00, 0xE0, 0xFF, 0x6F, 0xF5, 0xFF, 0x0E, 0x00, 0x00,
    0xF4, 0xFF, 0xFF, 0xFF, 0x3F, 0x00, 0x00, 0xE0, 0xFF, 0x6F, 0xF5, 0xFF, 0x0E, 0x00, 0x00, 0xD0,
    0xFF, 0xFF, 0xFF, 0x0C, 0x00, 0x00, 0xE0, 0xFF, 0x6F, 0xF5, 0xFF, 0x0E, 0x00, 0x00, 0x70, 0xFF,
    0xFF, 0xFF, 0x06, 0x00, 0x00, 0xE0, 0xFF, 0x6F, 0xF5, 0xFF, 0x0E, 0x00, 0x00, 0x10, 0xFF, 0xFF,
    0xEF, 0x01, 0x00, 0x00, 0xE0, 0xFF, 0x6F, 0xF5, 0xFF, 0x0E, 0x00, 0x00, 0x00, 0xFA, 0xFF, 0x9F,
    0x00, 0x00, 0x00, 0xE0, 0xFF, 0x6F, 0xF5, 0xFF, 0x0E, 0x00, 0x00, 0x00, 0xF4, 0xFF, 0x3F, 0x00,
    0x00, 0x00, 0xE0, 0xFF, 0x6F, 0xF5, 0xFF, 0x0E, 0x00, 0x00, 0x00, 0xD0, 0xFF, 0x0B, 0x00, 0x00,
    0x00, 0xE0, 0xFF, 0x6F,
    // Unicode: [0x004E, N]
    0xF5, 0xFF, 0xAF, 0x00, 0x00, 0x00, 0x00, 0x00, 0x00, 0xFD, 0xFF, 0x07, 0xF5, 0xFF, 0xFF, 0x05,
    0x00, 0x00, 0x00, 0x00, 0x00, 0xFD, 0xFF, 0x07, 0xF5, 0xFF, 0xFF, 0x1E, 0x00, 0x00, 0x00, 0x00,
    0x00, 0xFD, 0xFF, 0x07, 0xF5, 0xFF, 0xFF, 0xAF, 0x00, 0x00, 0x00, 0x00, 0x00, 0xFD, 0xFF, 0x07,
    0xF5, 0xFF, 0xFF, 0xFF, 0x05, 0x00, 0x00, 0x00, 0x00, 0xFD, 0xFF, 0x07, 0xF5, 0xFF, 0xFF, 0xFF,
    0x1E, 0x00, 0x00, 0x00, 0x00, 0xFD, 0xFF, 0x07, 0xF5, 0xFF, 0xFF, 0xFF, 0xBF, 0x00, 0x00, 0x00,
    0x00, 0xFD, 0xFF, 0x07, 0xF5, 0xFF, 0xFF, 0xFF, 0xFF, 0x06, 0x00, 0x00, 0x00, 0xFD, 0xFF, 0x07,
    0xF5, 0xFF, 0xCF, 0xFF, 0xFF, 0x2E, 0x00, 0x00, 0x00, 0xFD, 0xFF, 0x07, 0xF5, 0xFF, 0x2F, 0xFE,
    0xFF, 0xBF, 0x00, 0x00, 0x00, 0xFD, 0xFF, 0x07, 0xF5, 0xFF, 0x0F, 0xF7, 0xFF, 0xFF, 0x06, 0x00,
    0x00, 0xFD, 0xFF, 0x07, 0xF5, 0xFF, 0x0F, 0xC0, 0xFF, 0xFF, 0x2E, 0x00, 0x00, 0xFD, 0xFF, 0x07,
    0xF5, 0xFF, 0x0F, 0x20, 0xFF, 0xFF, 0xBF, 0x00, 0x00, 0xFD, 0xFF, 0x07, 0xF5, 0xFF, 0x0F, 0x00,
    0xF7, 0xFF, 0xFF, 0x06, 0x00, 0xFD, 0xFF, 0x07, 0xF5, 0xFF, 0x0F, 0x00, 0xC0, 0xFF, 0xFF, 0x2E,
    0x00, 0xFD, 0xFF, 0x07, 0xF5, 0xFF, 0x0F, 0x00, 0x20, 0xFF, 0xFF, 0xBF, 0x00, 0xFD, 0xFF, 0x07,
    0xF5, 0xFF, 0x0F, 0x00, 0x00, 0xF7, 0xFF, 0xFF, 0x06, 0xFD, 0xFF, 0x07, 0xF5, 0xFF, 0x0F, 0x00,
    0x00, 0xC0, 0xFF, 0xFF, 0x2E, 0xFD, 0xFF, 0x07, 0xF5, 0xFF, 0x0F, 0x00, 0x00, 0x30, 0xFF, 0xFF,
    0xBF, 0xFD, 0xFF, 0x07, 0xF5, 0xFF, 0x0F, 0x00, 0x00, 0x00, 0xF7, 0xFF, 0xFF, 0xFF, 0xFF, 0x07,
    0xF5, 0xFF, 0x0F, 0x00, 0x00, 0x00, 0xC0, 0xFF, 0xFF, 0xFF, 0xFF, 0x07, 0xF5, 0xFF, 0x0F, 0x00,
    0x00, 0x00, 0x30, 0xFF, 0xFF, 0xFF, 0xFF, 0x07, 0xF5, 0xFF, 0x0F, 0x00, 0x00, 0x00, 0x00, 0xF7,
    0xFF, 0xFF, 0xFF, 0x07, 0xF5, 0xFF, 0x0F, 0x00, 0x00, 0x00, 0x00, 0xC0, 0xFF, 0xFF, 0xFF, 0x07,
    0xF5, 0xFF, 0x0F, 0x00, 0x00, 0x00, 0x00, 0x30, 0xFF, 0xFF, 0xFF, 0x07, 0xF5, 0xFF, 0x0F, 0x00,
    0x00, 0x00, 0x00, 0x00, 0xF8, 0xFF, 0xFF, 0x07, 0xF5, 0xFF, 0x0F, 0x00, 0x00, 0x00, 0x00, 0x00,
    0xC0, 0xFF, 0xFF, 0x07, 0xF5, 0xFF, 0x0F, 0x00, 0x00, 0x00, 0x00, 0x00, 0x30, 0xFF, 0xFF, 0x07,
    // Unicode: [0x004F, O]
    0x00, 0x00, 0x40, 0xB8, 0xEC, 0xFE, 0xEF, 0xDE, 0x9B, 0x16, 0x00, 0x00, 0x00, 0x40, 0xFD, 0xFF,
    0xFF, 0xFF, 0xFF, 0xFF, 0xFF, 0xFF, 0x19, 0x00, 0x00, 0xF5, 0xFF, 0xFF, 0xFF, 0xFF, 0xFF, 0xFF,
    0xFF, 0xFF, 0xCF, 0x01, 0x10, 0xFE, 0xFF, 0xFF, 0xFF, 0xFF, 0xFF, 0xFF, 0xFF, 0xFF, 0xFF, 0x08,
    0x70, 0xFF, 0xFF, 0x9E, 0x45, 0x23, 0x22, 0x43, 0xC7, 0xFF, 0xFF, 0x0E, 0xA0, 0xFF, 0xFF, 0x04,
    0x00, 0x00, 0x00, 0x00, 0x00, 0xFB, 0xFF, 0x3F, 0xD0, 0xFF, 0xCF, 0x00, 0x00, 0x00, 0x00, 0x00,
    0x00, 0xF4, 0xFF, 0x6F, 0xF0, 0xFF, 0x9F, 0x00, 0x00, 0x00, 0x00, 0x00, 0x00, 0xF1, 0xFF, 0x7F,
    0xF1, 0xFF, 0x7F, 0x00, 0x00, 0x00, 0x00, 0x00, 0x00, 0xE0, 0xFF, 0x9F, 0xF2, 0xFF, 0x6F, 0x00,
    0x00, 0x00, 0x00, 0x00, 0x00, 0xD0, 0xFF, 0xAF, 0xF3, 0xFF, 0x5F, 0x00, 0x00, 0x00, 0x00, 0x00,
    0x00, 0xC0, 0xFF, 0xAF, 0xF3, 0xFF, 0x5F, 0x00, 0x00, 0x00, 0x00, 0x00, 0x00, 0xC0, 0xFF, 0xBF,
    0xF3, 0xFF, 0x4F, 0x00, 0x00, 0x00, 0x00, 0x00, 0x00, 0xC0, 0xFF, 0xBF, 0xF3, 0xFF, 0x4F, 0x00,
    0x00, 0x00, 0x00, 0x00, 0x00, 0xC0, 0xFF, 0xBF, 0xF3, 0xFF, 0x4F, 0x00, 0x00, 0x00, 0x00, 0x00,
    0x00, 0xC0, 0xFF, 0xBF, 0xF3, 0xFF, 0x4F, 0x00, 0x00, 0x00, 0x00, 0x00, 0x00, 0xC0, 0xFF, 0xBF,
    0xF3, 0xFF, 0x5F, 0x00, 0x00, 0x00, 0x00, 0x00, 0x00, 0xC0, 0xFF, 0xBF, 0xF3, 0xFF, 0x5F, 0x00,
    0x00, 0x00, 0x00, 0x00, 0x00, 0xC0, 0xFF, 0xAF, 0xF2, 0xFF, 0x6F, 0x00, 0x00, 0x00, 0x00, 0x00,
    0x00, 0xD0, 0xFF, 0xAF, 0xF1, 0xFF, 0x7F, 0x00, 0x00, 0x00, 0x00, 0x00, 0x00, 0xE0, 0xFF, 0x9F,
    0xF0, 0xFF, 0x9F, 0x00, 0x00, 0x00, 0x00, 0x00, 0x00, 0xF1, 0xFF, 0x7F, 0xD0, 0xFF, 0xCF, 0x00,
    0x00, 0x00, 0x00, 0x00, 0x00, 0xF4, 0xFF, 0x6F, 0xA0, 0xFF, 0xFF, 0x04, 0x00, 0x00, 0x00, 0x00,
    0x00, 0xFB, 0xFF, 0x3F, 0x70, 0xFF, 0xFF, 0x9E, 0x45, 0x23, 0x22, 0x43, 0xC7, 0xFF, 0xFF, 0x0E,
    0x10, 0xFE, 0xFF, 0xFF, 0xFF, 0xFF, 0xFF, 0xFF, 0xFF, 0xFF, 0xFF, 0x08, 0x00, 0xF5, 0xFF, 0xFF,
    0xFF, 0xFF, 0xFF, 0xFF, 0xFF, 0xFF, 0xCF, 0x01, 0x00, 0x50, 0xFD, 0xFF, 0xFF, 0xFF, 0xFF, 0xFF,
    0xFF, 0xFF, 0x1A, 0x00, 0x00, 0x00, 0x40, 0xB8, 0xEC, 0xFE, 0xFF, 0xDE, 0x9C, 0x26, 0x00, 0x00,
    // Unicode: [0x0050, P]
    0xF5, 0xFF, 0xFF, 0xFF, 0xFF, 0xFF, 0xFF, 0xCE, 0x39, 0x00, 0x00, 0xF5, 0xFF, 0xFF, 0xFF, 0xFF,
    0xFF, 0xFF, 0xFF, 0xFF, 0x0A, 0x00, 0xF5, 0xFF, 0xFF, 0xFF, 0xFF, 0xFF, 0xFF, 0xFF, 0xFF, 0xAF,
    0x00, 0xF5, 0xFF, 0xFF, 0xFF, 0xFF, 0xFF, 0xFF, 0xFF, 0xFF, 0xFF, 0x04, 0xF5, 0xFF, 0x5F, 0x22,
    0x22, 0x22, 0x42, 0xD7, 0xFF, 0xFF, 0x0A, 0xF5, 0xFF, 0x3F, 0x00, 0x00, 0x00, 0x00, 0x10, 0xFD,
    0xFF, 0x0D, 0xF5, 0xFF, 0x3F, 0x00, 0x00, 0x00, 0x00, 0x00, 0xF8, 0xFF, 0x0F, 0xF5, 0xFF, 0x3F,
    0x00, 0x00, 0x00, 0x00, 0x00, 0xF6, 0xFF, 0x2F, 0xF5, 0xFF, 0x3F, 0x00, 0x00, 0x00, 0x00, 0x00,
    0xF5, 0xFF, 0x2F, 0xF5, 0xFF, 0x3F, 0x00, 0x00, 0x00, 0x00, 0x00, 0xF5, 0xFF, 0x2F, 0xF5, 0xFF,
    0x3F, 0x00, 0x00, 0x00, 0x00, 0x00, 0xF6, 0xFF, 0x1F, 0xF5, 0xFF, 0x3F, 0x00, 0x00, 0x00, 0x00,
    0x00, 0xF8, 0xFF, 0x0F, 0xF5, 0xFF, 0x3F, 0x00, 0x00, 0x00, 0x00, 0x00, 0xFD, 0xFF, 0x0C, 0xF5,
    0xFF, 0x3F, 0x00, 0x00, 0x00, 0x21, 0xC5, 0xFF, 0xFF, 0x09, 0xF5, 0xFF, 0xFF, 0xFF, 0xFF, 0xFF,
    0xFF, 0xFF, 0xFF, 0xFF, 0x04, 0xF5, 0xFF, 0xFF, 0xFF, 0xFF, 0xFF, 0xFF, 0xFF, 0xFF, 0xAF, 0x00,
    0xF5, 0xFF, 0xFF, 0xFF, 0xFF, 0xFF, 0xFF, 0xFF, 0xFF, 0x1A, 0x00, 0xF5, 0xFF, 0xFF, 0xFF, 0xFF,
    0xFF, 0xFF, 0xDF, 0x4A, 0x00, 0x00, 0xF5, 0xFF, 0x4F, 0x11, 0x11, 0x11, 0x11, 0x00, 0x00, 0x00,
    0x00, 0xF5, 0xFF, 0x3F, 0x00, 0x00, 0x00, 0x00, 0x00, 0x00, 0x00, 0x00, 0xF5, 0xFF, 0x3F, 0x00,
    0x00, 0x00, 0x00, 0x00, 0x00, 0x00, 0x00, 0xF5, 0xFF, 0x3F, 0x00, 0x00, 0x00, 0x00, 0x00, 0x00,
    0x00, 0x00, 0xF5, 0xFF, 0x3F, 0x00, 0x00, 0x00, 0x00, 0x00, 0x00, 0x00, 0x00, 0xF5, 0xFF, 0x3F,
    0x00, 0x00, 0x00, 0x00, 0x00, 0x00, 0x00, 0x00, 0xF5, 0xFF, 0x3F, 0x00, 0x00, 0x00, 0x00, 0x00,
    0x00, 0x00, 0x00, 0xF5, 0xFF, 0x3F, 0x00, 0x00, 0x00, 0x00, 0x00, 0x00, 0x00, 0x00, 0xF5, 0xFF,
    0x3F, 0x00, 0x00, 0x00, 0x00, 0x00, 0x00, 0x00, 0x00, 0xF5, 0xFF, 0x3F, 0x00, 0x00, 0x00, 0x00,
    0x00, 0x00, 0x00, 0x00,
    // Unicode: [0x0051, Q]
    0x00, 0x00, 0x40, 0xB8, 0xEC, 0xFE, 0xEF, 0xDE, 0x9B, 0x16, 0x00, 0x00, 0x00, 0x00, 0x40, 0xFD,
    0xFF, 0xFF, 0xFF, 0xFF, 0xFF, 0xFF, 0xFF, 0x19, 0x00, 0x00, 0x00, 0xF5, 0xFF, 0xFF, 0xFF, 0xFF,
    0xFF, 0xFF, 0xFF, 0xFF, 0xCF, 0x01, 0x00, 0x10, 0xFE, 0xFF, 0xFF, 0xFF, 0xFF, 0xFF, 0xFF, 0xFF,
    0xFF, 0xFF, 0x08, 0x00, 0x70, 0xFF, 0xFF, 0x9E, 0x45, 0x23, 0x22, 0x43, 0xC7, 0xFF, 0xFF, 0x0E,
    0x00, 0xA0, 0xFF, 0xFF, 0x04, 0x00, 0x00, 0x00, 0x00, 0x00, 0xFB, 0xFF, 0x3F, 0x00, 0xD0, 0xFF,
    0xCF, 0x00, 0x00, 0x00, 0x00, 0x00, 0x00, 0xF4, 0xFF, 0x6F, 0x00, 0xF0, 0xFF, 0x9F, 0x00, 0x00,
    0x00, 0x00, 0x00, 0x00, 0xF1, 0xFF, 0x7F, 0x00, 0xF1, 0xFF, 0x7F, 0x00, 0x00, 0x00, 0x00, 0x00,
    0x00, 0xE0, 0xFF, 0x9F, 0x00, 0xF2, 0xFF, 0x6F, 0x00, 0x00, 0x00, 0x00, 0x00, 0x00, 0xD0, 0xFF,
    0xAF, 0x00, 0xF3, 0xFF, 0x5F, 0x00, 0x00, 0x00, 0x00, 0x00, 0x00, 0xC0, 0xFF, 0xAF, 0x00, 0xF3,
    0xFF, 0x5F, 0x00, 0x00, 0x00, 0x00, 0x00, 0x00, 0xC0, 0xFF, 0xBF, 0x00, 0xF3, 0xFF, 0x4F, 0x00,
    0x00, 0x00, 0x00, 0x00, 0x00, 0xC0, 0xFF, 0xBF, 0x00, 0xF3, 0xFF, 0x4F, 0x00, 0x00, 0x00, 0x00,
    0x00, 0x00, 0xC0, 0xFF, 0xBF, 0x00, 0xF3, 0xFF, 0x4F, 0x00, 0x00, 0x00, 0x00, 0x00, 0x00, 0xC0,
    0xFF, 0xBF, 0x00, 0xF3, 0xFF, 0x4F, 0x00, 0x00, 0x00, 0x00, 0x00, 0x00, 0xC0, 0xFF, 0xBF, 0x00,
    0xF3, 0xFF, 0x5F, 0x00, 0x00, 0x00, 0x00, 0x00, 0x00, 0xC0, 0xFF, 0xBF, 0x00, 0xF3, 0xFF, 0x5F,
    0x00, 0x00, 0x00, 0x00, 0x00, 0x00, 0xC0, 0xFF, 0xBF, 0x00, 0xF2, 0xFF, 0x6F, 0x00, 0x00, 0x00,
    0x00, 0x00, 0x00, 0xD0, 0xFF, 0xAF, 0x00, 0xF1, 0xFF, 0x7F, 0x00, 0x00, 0xF6, 0xFF, 0x6F, 0x00,
    0xE0, 0xFF, 0x9F, 0x00, 0xF0, 0xFF, 0x9F, 0x00, 0x00, 0xB0, 0xFF, 0xEF, 0x03, 0xF0, 0xFF, 0x8F,
    0x00, 0xD0, 0xFF, 0xCF, 0x00, 0x00, 0x10, 0xFE, 0xFF, 0x1D, 0xF3, 0xFF, 0x6F, 0x00, 0xA0, 0xFF,
    0xFF, 0x04, 0x00, 0x00, 0xF5, 0xFF, 0x9F, 0xF9, 0xFF, 0x3F, 0x00, 0x70, 0xFF, 0xFF, 0x9E, 0x45,
    0x23, 0xB2, 0xFF, 0xFF, 0xFF, 0xFF, 0x0D, 0x00, 0x10, 0xFE, 0xFF, 0xFF, 0xFF, 0xFF, 0xFF, 0xFF,
    0xFF, 0xFF, 0xFF, 0x07, 0x00, 0x00, 0xF5, 0xFF, 0xFF, 0xFF, 0xFF, 0xFF, 0xFF, 0xFF, 0xFF, 0xCF,
    0x00, 0x00, 0x00, 0x50, 0xFD, 0xFF, 0xFF, 0xFF, 0xFF, 0xFF, 0xFF, 0xFF, 0x0C, 0x00, 0x00, 0x00,
    0x00, 0x40, 0xB8, 0xEC, 0xFE, 0xFF, 0xDE, 0xFE, 0xFF, 0x3F, 0x00, 0x00, 0x00, 0x00, 0x00, 0x00,
    0x00, 0x00, 0x00, 0x00, 0xF3, 0xFF, 0xDF, 0x01, 0x00, 0x00, 0x00, 0x00, 0x00, 0x00, 0x00, 0x00,
    0x00, 0x80, 0xFF, 0xFF, 0x09, 0x00, 0x00, 0x00, 0x00, 0x00, 0x00, 0x00, 0x00, 0x00, 0x00, 0xFC,
    0xFF, 0x4F, 0x00, 0x00, 0x00, 0x00, 0x00, 0x00, 0x00, 0x00, 0x00, 0x00, 0xF3, 0xFF, 0xDF, 0x01,
    0x00, 0x00, 0x00, 0x00, 0x00, 0x00, 0x00, 0x00, 0x00, 0x50, 0x88, 0x88, 0x03,
    // Unicode: [0x0052, R]
    0xF5, 0xFF, 0xFF, 0xFF, 0xFF, 0xFF, 0xFF, 0xDE, 0x7B, 0x01, 0x00, 0xF5, 0xFF, 0xFF, 0xFF, 0xFF,
    0xFF, 0xFF, 0xFF, 0xFF, 0x5E, 0x00, 0xF5, 0xFF, 0xFF, 0xFF, 0xFF, 0xFF, 0xFF, 0xFF, 0xFF, 0xFF,
    0x04, 0xF5, 0xFF, 0xFF, 0xFF, 0xFF, 0xFF, 0xFF, 0xFF, 0xFF, 0xFF, 0x0C, 0xF5, 0xFF, 0x5F, 0x22,
    0x22, 0x22, 0x32, 0xA5, 0xFF, 0xFF, 0x2F, 0xF5, 0xFF, 0x3F, 0x00, 0x00, 0x00, 0x00, 0x00, 0xF8,
    0xFF, 0x4F, 0xF5, 0xFF, 0x3F, 0x00, 0x00, 0x00, 0x00, 0x00, 0xF2, 0xFF, 0x6F, 0xF5, 0xFF, 0x3F,
    0x00, 0x00, 0x00, 0x00, 0x00, 0xF1, 0xFF, 0x7F, 0xF5, 0xFF, 0x3F, 0x00, 0x00, 0x00, 0x00, 0x00,
    0xF0, 0xFF, 0x8F, 0xF5, 0xFF, 0x3F, 0x00, 0x00, 0x00, 0x00, 0x00, 0xF1, 0xFF, 0x7F, 0xF5, 0xFF,
    0x3F, 0x00, 0x00, 0x00, 0x00, 0x00, 0xF2, 0xFF, 0x5F, 0xF5, 0xFF, 0x3F, 0x00, 0x00, 0x00, 0x00,
    0x00, 0xF8, 0xFF, 0x3F, 0xF5, 0xFF, 0x3F, 0x00, 0x00, 0x00, 0x10, 0x93, 0xFF, 0xFF, 0x0E, 0xF5,
    0xFF, 0xFF, 0xFF, 0xFF, 0xFF, 0xFF, 0xFF, 0xFF, 0xFF, 0x0A, 0xF5, 0xFF, 0xFF, 0xFF, 0xFF, 0xFF,
    0xFF, 0xFF, 0xFF, 0xEF, 0x02, 0xF5, 0xFF, 0xFF, 0xFF, 0xFF, 0xFF, 0xFF, 0xFF, 0xFF, 0x4E, 0x00,
    0xF5, 0xFF, 0xFF, 0xFF, 0xFF, 0xFF, 0xFF, 0xFF, 0xAF, 0x01, 0x00, 0xF5, 0xFF, 0x4F, 0x11, 0x11,
    0x11, 0xC1, 0xFF, 0xDF, 0x00, 0x00, 0xF5, 0xFF, 0x3F, 0x00, 0x00, 0x00, 0x60, 0xFF, 0xFF, 0x03,
    0x00, 0xF5, 0xFF, 0x3F, 0x00, 0x00, 0x00, 0x10, 0xFE, 0xFF, 0x09, 0x00, 0xF5, 0xFF, 0x3F, 0x00,
    0x00, 0x00, 0x00, 0xFA, 0xFF, 0x1E, 0x00, 0xF5, 0xFF, 0x3F, 0x00, 0x00, 0x00, 0x00, 0xF4, 0xFF,
    0x6F, 0x00, 0xF5, 0xFF, 0x3F, 0x00, 0x00, 0x00, 0x00, 0xD0, 0xFF, 0xCF, 0x00, 0xF5, 0xFF, 0x3F,
    0x00, 0x00, 0x00, 0x00, 0x80, 0xFF, 0xFF, 0x03, 0xF5, 0xFF, 0x3F, 0x00, 0x00, 0x00, 0x00, 0x20,
    0xFF, 0xFF, 0x09, 0xF5, 0xFF, 0x3F, 0x00, 0x00, 0x00, 0x00, 0x00, 0xFC, 0xFF, 0x1E, 0xF5, 0xFF,
    0x3F, 0x00, 0x00, 0x00, 0x00, 0x00, 0xF6, 0xFF, 0x5F, 0xF5, 0xFF, 0x3F, 0x00, 0x00, 0x00, 0x00,
    0x00, 0xF1, 0xFF, 0xBF,
    // Unicode: [0x0053, S]
    0x00, 0x00, 0x84, 0xDB, 0xFE, 0xEF, 0xDE, 0xBC, 0x89, 0x15, 0x00, 0x00, 0xC2, 0xFF, 0xFF, 0xFF,
    0xFF, 0xFF, 0xFF, 0xFF, 0x3F, 0x00, 0x20, 0xFE, 0xFF, 0xFF, 0xFF, 0xFF, 0xFF, 0xFF, 0xFF, 0x3F,
    0x00, 0xB0, 0xFF, 0xFF, 0xFF, 0xFF, 0xFF, 0xFF, 0xFF, 0xFF, 0x3F, 0x00, 0xF2, 0xFF, 0xFF, 0x8C,
    0x56, 0x45, 0x44, 0x54, 0x65, 0x28, 0x00, 0xF6, 0xFF, 0x8F, 0x00, 0x00, 0x00, 0x00, 0x00, 0x00,
    0x00, 0x00, 0xF8, 0xFF, 0x1F, 0x00, 0x00, 0x00, 0x00, 0x00, 0x00, 0x00, 0x00, 0xF9, 0xFF, 0x0F,
    0x00, 0x00, 0x00, 0x00, 0x00, 0x00, 0x00, 0x00, 0xF9, 0xFF, 0x0F, 0x00, 0x00, 0x00, 0x00, 0x00,
    0x00, 0x00, 0x00, 0xF8, 0xFF, 0x1F, 0x00, 0x00, 0x00, 0x00, 0x00, 0x00, 0x00, 0x00, 0xF6, 0xFF,
    0x8F, 0x00, 0x00, 0x00, 0x00, 0x00, 0x00, 0x00, 0x00, 0xF3, 0xFF, 0xFF, 0xCE, 0x89, 0x46, 0x13,
    0x00, 0x00, 0x00, 0x00, 0xC0, 0xFF, 0xFF, 0xFF, 0xFF, 0xFF, 0xFF, 0xCE, 0x49, 0x00, 0x00, 0x40,
    0xFE, 0xFF, 0xFF, 0xFF, 0xFF, 0xFF, 0xFF, 0xFF, 0x1B, 0x00, 0x00, 0xD4, 0xFF, 0xFF, 0xFF, 0xFF,
    0xFF, 0xFF, 0xFF, 0x8F, 0x00, 0x00, 0x00, 0x73, 0xB9, 0xFD, 0xFF, 0xFF, 0xFF, 0xFF, 0xFF, 0x01,
    0x00, 0x00, 0x00, 0x00, 0x00, 0x31, 0x75, 0xFA, 0xFF, 0xFF, 0x04, 0x00, 0x00, 0x00, 0x00, 0x00,
    0x00, 0x00, 0x50, 0xFF, 0xFF, 0x07, 0x00, 0x00, 0x00, 0x00, 0x00, 0x00, 0x00, 0x10, 0xFF, 0xFF,
    0x08, 0x00, 0x00, 0x00, 0x00, 0x00, 0x00, 0x00, 0x00, 0xFF, 0xFF, 0x08, 0x00, 0x00, 0x00, 0x00,
    0x00, 0x00, 0x00, 0x00, 0xFF, 0xFF, 0x08, 0x00, 0x00, 0x00, 0x00, 0x00, 0x00, 0x00, 0x10, 0xFF,
    0xFF, 0x07, 0x00, 0x00, 0x00, 0x00, 0x00, 0x00, 0x00, 0x60, 0xFF, 0xFF, 0x05, 0x50, 0x45, 0x23,
    0x01, 0x00, 0x00, 0x31, 0xF8, 0xFF, 0xFF, 0x01, 0xC0, 0xFF, 0xFF, 0xFF, 0xFF, 0xFF, 0xFF, 0xFF,
    0xFF, 0xBF, 0x00, 0xC0, 0xFF, 0xFF, 0xFF, 0xFF, 0xFF, 0xFF, 0xFF, 0xFF, 0x2E, 0x00, 0xC0, 0xFF,
    0xFF, 0xFF, 0xFF, 0xFF, 0xFF, 0xFF, 0xDF, 0x04, 0x00, 0x70, 0xDB, 0xFE, 0xFF, 0xFF, 0xFF, 0xEF,
    0xAC, 0x16, 0x00, 0x00,
    // Unicode: [0x0054, T]
    0xFF, 0xFF, 0xFF, 0xFF, 0xFF, 0xFF, 0xFF, 0xFF, 0xFF, 0xFF, 0x4F, 0xFF, 0xFF, 0xFF, 0xFF, 0xFF,
    0xFF, 0xFF, 0xFF, 0xFF, 0xFF, 0x4F, 0xFF, 0xFF, 0xFF, 0xFF, 0xFF, 0xFF, 0xFF, 0xFF, 0xFF, 0xFF,
    0x4F, 0xFF, 0xFF, 0xFF, 0xFF, 0xFF, 0xFF, 0xFF, 0xFF, 0xFF, 0xFF, 0x4F, 0x44, 0x44, 0x44, 0x44,
    0xFB, 0xFF, 0x4E, 0x44, 0x44, 0x44, 0x14, 0x00, 0x00, 0x00, 0x00, 0xFA, 0xFF, 0x0D, 0x00, 0x00,
    0x00, 0x00, 0x00, 0x00, 0x00, 0x00, 0xFA, 0xFF, 0x0D, 0x00, 0x00, 0x00, 0x00, 0x00, 0x00, 0x00,
    0x00, 0xFA, 0xFF, 0x0D, 0x00, 0x00, 0x00, 0x00, 0x00, 0x00, 0x00, 0x00, 0xFA, 0xFF, 0x0D, 0x00,
    0x00, 0x00, 0x00, 0x00, 0x00, 0x00, 0x00, 0xFA, 0xFF, 0x0D, 0x00, 0x00, 0x00, 0x00, 0x00, 0x00,
    0x00, 0x00, 0xFA, 0xFF, 0x0D, 0x00, 0x00, 0x00, 0x00, 0x00, 0x00, 0x00, 0x00, 0xFA, 0xFF, 0x0D,
    0x00, 0x00, 0x00, 0x00, 0x00, 0x00, 0x00, 0x00, 0xFA, 0xFF, 0x0D, 0x00, 0x00, 0x00, 0x00, 0x00,
    0x00, 0x00, 0x00, 0xFA, 0xFF, 0x0D, 0x00, 0x00, 0x00, 0x00, 0x00, 0x00, 0x00, 0x00, 0xFA, 0xFF,
    0x0D, 0x00, 0x00, 0x00, 0x00, 0x00, 0x00, 0x00, 0x00, 0xFA, 0xFF, 0x0D, 0x00, 0x00, 0x00, 0x00,
    0x00, 0x00, 0x00, 0x00, 0xFA, 0xFF, 0x0D, 0x00, 0x00, 0x00, 0x00, 0x00, 0x00, 0x00, 0x00, 0xFA,
    0xFF, 0x0D, 0x00, 0x00, 0x00, 0x00, 0x00, 0x00, 0x00, 0x00, 0xFA, 0xFF, 0x0D, 0x00, 0x00, 0x00,
    0x00, 0x00, 0x00, 0x00, 0x00, 0xFA, 0xFF, 0x0D, 0x00, 0x00, 0x00, 0x00, 0x00, 0x00, 0x00, 0x00,
    0xFA, 0xFF, 0x0D, 0x00, 0x00, 0x00, 0x00, 0x00, 0x00, 0x00, 0x00, 0xFA, 0xFF, 0x0D, 0x00, 0x00,
    0x00, 0x00, 0x00, 0x00, 0x00, 0x00, 0xFA, 0xFF, 0x0D, 0x00, 0x00, 0x00, 0x00, 0x00, 0x00, 0x00,
    0x00, 0xFA, 0xFF, 0x0D, 0x00, 0x00, 0x00, 0x00, 0x00, 0x00, 0x00, 0x00, 0xFA, 0xFF, 0x0D, 0x00,
    0x00, 0x00, 0x00, 0x00, 0x00, 0x00, 0x00, 0xFA, 0xFF, 0x0D, 0x00, 0x00, 0x00, 0x00, 0x00, 0x00,
    0x00, 0x00, 0xFA, 0xFF, 0x0D, 0x00, 0x00, 0x00, 0x00, 0x00, 0x00, 0x00, 0x00, 0xFA, 0xFF, 0x0D,
    0x00, 0x00, 0x00, 0x00,
    // Unicode: [0x0055, U]
    0xFA, 0xFF, 0x0D, 0x00, 0x00, 0x00, 0x00, 0x00, 0xB0, 0xFF, 0xCF, 0xFA, 0xFF, 0x0D, 0x00, 0x00,
    0x00, 0x00, 0x00, 0xB0, 0xFF, 0xCF, 0xFA, 0xFF, 0x0D, 0x00, 0x00, 0x00, 0x00, 0x00, 0xB0, 0xFF,
    0xCF, 0xFA, 0xFF, 0x0D, 0x00, 0x00, 0x00, 0x00, 0x00, 0xB0, 0xFF, 0xCF, 0xFA, 0xFF, 0x0D, 0x00,
    0x00, 0x00, 0x00, 0x00, 0xB0, 0xFF, 0xCF, 0xFA, 0xFF, 0x0D, 0x00, 0x00, 0x00, 0x00, 0x00, 0xB0,
    0xFF, 0xCF, 0xFA, 0xFF, 0x0D, 0x00, 0x00, 0x00, 0x00, 0x00, 0xB0, 0xFF, 0xCF, 0xFA, 0xFF, 0x0D,
    0x00, 0x00, 0x00, 0x00, 0x00, 0xB0, 0xFF, 0xCF, 0xFA, 0xFF, 0x0D, 0x00, 0x00, 0x00, 0x00, 0x00,
    0xB0, 0xFF, 0xCF, 0xFA, 0xFF, 0x0D, 0x00, 0x00, 0x00, 0x00, 0x00, 0xB0, 0xFF, 0xCF, 0xFA, 0xFF,
    0x0D, 0x00, 0x00, 0x00, 0x00, 0x00, 0xB0, 0xFF, 0xCF, 0xFA, 0xFF, 0x0D, 0x00, 0x00, 0x00, 0x00,
    0x00, 0xB0, 0xFF, 0xCF, 0xFA, 0xFF, 0x0D, 0x00, 0x00, 0x00, 0x00, 0x00, 0xB0, 0xFF, 0xCF, 0xFA,
    0xFF, 0x0D, 0x00, 0x00, 0x00, 0x00, 0x00, 0xB0, 0xFF, 0xCF, 0xFA, 0xFF, 0x0D, 0x00, 0x00, 0x00,
    0x00, 0x00, 0xB0, 0xFF, 0xCF, 0xFA, 0xFF, 0x0D, 0x00, 0x00, 0x00, 0x00, 0x00, 0xB0, 0xFF, 0xCF,
    0xF9, 0xFF, 0x0D, 0x00, 0x00, 0x00, 0x00, 0x00, 0xB0, 0xFF, 0xCF, 0xF9, 0xFF, 0x0D, 0x00, 0x00,
    0x00, 0x00, 0x00, 0xB0, 0xFF, 0xBF, 0xF8, 0xFF, 0x0E, 0x00, 0x00, 0x00, 0x00, 0x00, 0xB0, 0xFF,
    0xBF, 0xF8, 0xFF, 0x0E, 0x00, 0x00, 0x00, 0x00, 0x00, 0xC0, 0xFF, 0xAF, 0xF6, 0xFF, 0x1F, 0x00,
    0x00, 0x00, 0x00, 0x00, 0xD0, 0xFF, 0x9F, 0xF4, 0xFF, 0x4F, 0x00, 0x00, 0x00, 0x00, 0x00, 0xF1,
    0xFF, 0x7F, 0xF2, 0xFF, 0xBF, 0x00, 0x00, 0x00, 0x00, 0x00, 0xF9, 0xFF, 0x4F, 0xD0, 0xFF, 0xFF,
    0x7C, 0x34, 0x22, 0x43, 0xB6, 0xFF, 0xFF, 0x1F, 0x70, 0xFF, 0xFF, 0xFF, 0xFF, 0xFF, 0xFF, 0xFF,
    0xFF, 0xFF, 0x0A, 0x00, 0xFC, 0xFF, 0xFF, 0xFF, 0xFF, 0xFF, 0xFF, 0xFF, 0xEF, 0x02, 0x00, 0xA1,
    0xFF, 0xFF, 0xFF, 0xFF, 0xFF, 0xFF, 0xFF, 0x2C, 0x00, 0x00, 0x00, 0x72, 0xCA, 0xEE, 0xFF, 0xEE,
    0xBC, 0x38, 0x00, 0x00,
    // Unicode: [0x0056, V]
    0xFE, 0xFF, 0x0B, 0x00, 0x00, 0x00, 0x00, 0x00, 0x00, 0x20, 0xFF, 0xFF, 0x06, 0xF9, 0xFF, 0x2F,
    0x00, 0x00, 0x00, 0x00, 0x00, 0x00, 0x70, 0xFF, 0xFF, 0x01, 0xF4, 0xFF, 0x7F, 0x00, 0x00, 0x00,
    0x00, 0x00, 0x00, 0xC0, 0xFF, 0xBF, 0x00, 0xD0, 0xFF, 0xCF, 0x00, 0x00, 0x00, 0x00, 0x00, 0x00,
    0xF2, 0xFF, 0x6F, 0x00, 0x90, 0xFF, 0xFF, 0x02, 0x00, 0x00, 0x00, 0x00, 0x00, 0xF7, 0xFF, 0x1F,
    0x00, 0x40, 0xFF, 0xFF, 0x07, 0x00, 0x00, 0x00, 0x00, 0x00, 0xFC, 0xFF, 0x0B, 0x00, 0x00, 0xFD,
    0xFF, 0x0C, 0x00, 0x00, 0x00, 0x00, 0x20, 0xFF, 0xFF, 0x06, 0x00, 0x00, 0xF9, 0xFF, 0x2F, 0x00,
    0x00, 0x00, 0x00, 0x70, 0xFF, 0xFF, 0x01, 0x00, 0x00, 0xF3, 0xFF, 0x7F, 0x00, 0x00, 0x00, 0x00,
    0xC0, 0xFF, 0xBF, 0x00, 0x00, 0x00, 0xD0, 0xFF, 0xCF, 0x00, 0x00, 0x00, 0x00, 0xF2, 0xFF, 0x6F,
    0x00, 0x00, 0x00, 0x80, 0xFF, 0xFF, 0x02, 0x00, 0x00, 0x00, 0xF7, 0xFF, 0x1F, 0x00, 0x00, 0x00,
    0x30, 0xFF, 0xFF, 0x07, 0x00, 0x00, 0x00, 0xFC, 0xFF, 0x0B, 0x00, 0x00, 0x00, 0x00, 0xFD, 0xFF,
    0x0C, 0x00, 0x00, 0x20, 0xFF, 0xFF, 0x06, 0x00, 0x00, 0x00, 0x00, 0xF8, 0xFF, 0x2F, 0x00, 0x00,
    0x70, 0xFF, 0xFF, 0x01, 0x00, 0x00, 0x00, 0x00, 0xF3, 0xFF, 0x7F, 0x00, 0x00, 0xC0, 0xFF, 0xBF,
    0x00, 0x00, 0x00, 0x00, 0x00, 0xD0, 0xFF, 0xCF, 0x00, 0x00, 0xF2, 0xFF, 0x6F, 0x00, 0x00, 0x00,
    0x00, 0x00, 0x80, 0xFF, 0xFF, 0x02, 0x00, 0xF7, 0xFF, 0x1F, 0x00, 0x00, 0x00, 0x00, 0x00, 0x30,
    0xFF, 0xFF, 0x07, 0x00, 0xFC, 0xFF, 0x0B, 0x00, 0x00, 0x00, 0x00, 0x00, 0x00, 0xFD, 0xFF, 0x0C,
    0x20, 0xFF, 0xFF, 0x06, 0x00, 0x00, 0x00, 0x00, 0x00, 0x00, 0xF8, 0xFF, 0x2F, 0x70, 0xFF, 0xFF,
    0x01, 0x00, 0x00, 0x00, 0x00, 0x00, 0x00, 0xF3, 0xFF, 0x7F, 0xC0, 0xFF, 0xBF, 0x00, 0x00, 0x00,
    0x00, 0x00, 0x00, 0x00, 0xD0, 0xFF, 0xCF, 0xF2, 0xFF, 0x6F, 0x00, 0x00, 0x00, 0x00, 0x00, 0x00,
    0x00, 0x80, 0xFF, 0xFF, 0xFA, 0xFF, 0x1F, 0x00, 0x00, 0x00, 0x00, 0x00, 0x00, 0x00, 0x30, 0xFF,
    0xFF, 0xFF, 0xFF, 0x0B, 0x00, 0x00, 0x00, 0x00, 0x00, 0x00, 0x00, 0x00, 0xFD, 0xFF, 0xFF, 0xFF,
    0x06, 0x00, 0x00, 0x00, 0x00, 0x00, 0x00, 0x00, 0x00, 0xF8, 0xFF, 0xFF, 0xFF, 0x01, 0x00, 0x00,
    0x00, 0x00, 0x00, 0x00, 0x00, 0x00, 0xF3, 0xFF, 0xFF, 0xBF, 0x00, 0x00, 0x00, 0x00, 0x00, 0x00,
    0x00, 0x00, 0x00, 0xD0, 0xFF, 0xFF, 0x6F, 0x00, 0x00, 0x00, 0x00, 0x00,
    // Unicode: [0x0057, W]
    0xFA, 0xFF, 0x0D, 0x00, 0x00, 0x00, 0x00, 0x00, 0xF9, 0xFF, 0x6F, 0x00, 0x00, 0x00, 0x00, 0x00,
    0xF3, 0xFF, 0x5F, 0xF6, 0xFF, 0x2F, 0x00, 0x00, 0x00, 0x00, 0x00, 0xFD, 0xFF, 0xAF, 0x00, 0x00,
    0x00, 0x00, 0x00, 0xF7, 0xFF, 0x1F, 0xF2, 0xFF, 0x6F, 0x00, 0x00, 0x00, 0x00, 0x20, 0xFF, 0xFF,
    0xEF, 0x00, 0x00, 0x00, 0x00, 0x00, 0xFA, 0xFF, 0x0C, 0xE0, 0xFF, 0xAF, 0x00, 0x00, 0x00, 0x00,
    0x60, 0xFF, 0xFF, 0xFF, 0x04, 0x00, 0x00, 0x00, 0x00, 0xFE, 0xFF, 0x08, 0xA0, 0xFF, 0xDF, 0x00,
    0x00, 0x00, 0x00, 0xA0, 0xFF, 0xFF, 0xFF, 0x08, 0x00, 0x00, 0x00, 0x20, 0xFF, 0xFF, 0x04, 0x60,
    0xFF, 0xFF, 0x02, 0x00, 0x00, 0x00, 0xE0, 0xFF, 0xFF, 0xFF, 0x0C, 0x00, 0x00, 0x00, 0x60, 0xFF,
    0xFF, 0x01, 0x20, 0xFF, 0xFF, 0x06, 0x00, 0x00, 0x00, 0xF3, 0xFF, 0xFF, 0xFF, 0x1F, 0x00, 0x00,
    0x00, 0x90, 0xFF, 0xCF, 0x00, 0x00, 0xFD, 0xFF, 0x0A, 0x00, 0x00, 0x00, 0xF7, 0xFF, 0xFB, 0xFF,
    0x5F, 0x00, 0x00, 0x00, 0xD0, 0xFF, 0x8F, 0x00, 0x00, 0xFA, 0xFF, 0x0D, 0x00, 0x00, 0x00, 0xFB,
    0xFF, 0xB5, 0xFF, 0xAF, 0x00, 0x00, 0x00, 0xF2, 0xFF, 0x4F, 0x00, 0x00, 0xF6, 0xFF, 0x2F, 0x00,
    0x00, 0x10, 0xFF, 0xFF, 0x71, 0xFF, 0xEF, 0x00, 0x00, 0x00, 0xF5, 0xFF, 0x1F, 0x00, 0x00, 0xF2,
    0xFF, 0x6F, 0x00, 0x00, 0x50, 0xFF, 0xCF, 0x30, 0xFF, 0xFF, 0x03, 0x00, 0x00, 0xF9, 0xFF, 0x0B,
    0x00, 0x00, 0xD0, 0xFF, 0xAF, 0x00, 0x00, 0x90, 0xFF, 0x8F, 0x00, 0xFE, 0xFF, 0x07, 0x00, 0x00,
    0xFC, 0xFF, 0x07, 0x00, 0x00, 0x90, 0xFF, 0xDF, 0x00, 0x00, 0xD0, 0xFF, 0x3F, 0x00, 0xF9, 0xFF,
    0x0B, 0x00, 0x10, 0xFF, 0xFF, 0x04, 0x00, 0x00, 0x60, 0xFF, 0xFF, 0x02, 0x00, 0xF2, 0xFF, 0x0E,
    0x00, 0xF5, 0xFF, 0x1F, 0x00, 0x40, 0xFF, 0xEF, 0x00, 0x00, 0x00, 0x20, 0xFF, 0xFF, 0x06, 0x00,
    0xF6, 0xFF, 0x0A, 0x00, 0xF1, 0xFF, 0x5F, 0x00, 0x80, 0xFF, 0xBF, 0x00, 0x00, 0x00, 0x00, 0xFD,
    0xFF, 0x0A, 0x00, 0xFA, 0xFF, 0x06, 0x00, 0xC0, 0xFF, 0x9F, 0x00, 0xC0, 0xFF, 0x7F, 0x00, 0x00,
    0x00, 0x00, 0xF9, 0xFF, 0x0D, 0x00, 0xFE, 0xFF, 0x02, 0x00, 0x70, 0xFF, 0xDF, 0x00, 0xF1, 0xFF,
    0x3F, 0x00, 0x00, 0x00, 0x00, 0xF5, 0xFF, 0x2F, 0x30, 0xFF, 0xCF, 0x00, 0x00, 0x30, 0xFF, 0xFF,
    0x02, 0xF4, 0xFF, 0x0E, 0x00, 0x00, 0x00, 0x00, 0xF2, 0xFF, 0x6F, 0x70, 0xFF, 0x8F, 0x00, 0x00,
    0x00, 0xFE, 0xFF, 0x06, 0xF7, 0xFF, 0x0B, 0x00, 0x00, 0x00, 0x00, 0xD0, 0xFF, 0xAF, 0xC0, 0xFF,
    0x4F, 0x00, 0x00, 0x00, 0xFA, 0xFF, 0x0B, 0xFB, 0xFF, 0x07, 0x00, 0x00, 0x00, 0x00, 0x90, 0xFF,
    0xEF, 0xF1, 0xFF, 0x0E, 0x00, 0x00, 0x00, 0xF5, 0xFF, 0x1E, 0xFE, 0xFF, 0x03, 0x00, 0x00, 0x00,
    0x00, 0x50, 0xFF, 0xFF, 0xF7, 0xFF, 0x0B, 0x00, 0x00, 0x00, 0xF1, 0xFF, 0x7F, 0xFF, 0xEF, 0x00,
    0x00, 0x00, 0x00, 0x00, 0x10, 0xFF, 0xFF, 0xFF, 0xFF, 0x06, 0x00, 0x00, 0x00, 0xC0, 0xFF, 0xFF,
    0xFF, 0xAF, 0x00, 0x00, 0x00, 0x00, 0x00, 0x00, 0xFD, 0xFF, 0xFF, 0xFF, 0x02, 0x00, 0x00, 0x00,
    0x80, 0xFF, 0xFF, 0xFF, 0x6F, 0x00, 0x00, 0x00, 0x00, 0x00, 0x00, 0xF9, 0xFF, 0xFF, 0xDF, 0x00,
    0x00, 0x00, 0x00, 0x30, 0xFF, 0xFF, 0xFF, 0x3F, 0x00, 0x00, 0x00, 0x00, 0x00, 0x00, 0xF5, 0xFF,
    0xFF, 0x9F, 0x00, 0x00, 0x00, 0x00, 0x00, 0xFE, 0xFF, 0xFF, 0x0E, 0x00, 0x00, 0x00, 0x00, 0x00,
    0x00, 0xF1, 0xFF, 0xFF, 0x4F, 0x00, 0x00, 0x00, 0x00, 0x00, 0xFA, 0xFF, 0xFF, 0x0A, 0x00, 0x00,
    0x00, 0x00, 0x00, 0x00, 0xC0, 0xFF, 0xFF, 0x1F, 0x00, 0x00, 0x00, 0x00, 0x00, 0xF6, 0xFF, 0xFF,
    0x06, 0x00, 0x00, 0x00,
    // Unicode: [0x0058, X]
    0xF9, 0xFF, 0xBF, 0x00, 0x00, 0x00, 0x00, 0x00, 0x00, 0x80, 0xFF, 0xFF, 0x0A, 0xD1, 0xFF, 0xFF,
    0x06, 0x00, 0x00, 0x00, 0x00, 0x00, 0xF4, 0xFF, 0xDF, 0x01, 0x30, 0xFF, 0xFF, 0x3F, 0x00, 0x00,
    0x00, 0x00, 0x10, 0xFD, 0xFF, 0x4F, 0x00, 0x00, 0xF7, 0xFF, 0xCF, 0x00, 0x00, 0x00, 0x00, 0xA0,
    0xFF, 0xFF, 0x08, 0x00, 0x00, 0xC0, 0xFF, 0xFF, 0x09, 0x00, 0x00, 0x00, 0xF6, 0xFF, 0xCF, 0x00,
    0x00, 0x00, 0x20, 0xFE, 0xFF, 0x4F, 0x00, 0x00, 0x20, 0xFE, 0xFF, 0x3F, 0x00, 0x00, 0x00, 0x00,
    0xF6, 0xFF, 0xEF, 0x01, 0x00, 0xC0, 0xFF, 0xFF, 0x07, 0x00, 0x00, 0x00, 0x00, 0xA0, 0xFF, 0xFF,
    0x0B, 0x00, 0xF8, 0xFF, 0xBF, 0x00, 0x00, 0x00, 0x00, 0x00, 0x10, 0xFE, 0xFF, 0x7F, 0x40, 0xFF,
    0xFF, 0x2E, 0x00, 0x00, 0x00, 0x00, 0x00, 0x00, 0xF5, 0xFF, 0xFF, 0xD4, 0xFF, 0xFF, 0x05, 0x00,
    0x00, 0x00, 0x00, 0x00, 0x00, 0x90, 0xFF, 0xFF, 0xFF, 0xFF, 0x9F, 0x00, 0x00, 0x00, 0x00, 0x00,
    0x00, 0x00, 0x10, 0xFD, 0xFF, 0xFF, 0xFF, 0x1D, 0x00, 0x00, 0x00, 0x00, 0x00, 0x00, 0x00, 0x00,
    0xF3, 0xFF, 0xFF, 0xFF, 0x04, 0x00, 0x00, 0x00, 0x00, 0x00, 0x00, 0x00, 0x00, 0x80, 0xFF, 0xFF,
    0x8F, 0x00, 0x00, 0x00, 0x00, 0x00, 0x00, 0x00, 0x00, 0x00, 0x90, 0xFF, 0xFF, 0xBF, 0x00, 0x00,
    0x00, 0x00, 0x00, 0x00, 0x00, 0x00, 0x00, 0xF4, 0xFF, 0xFF, 0xFF, 0x06, 0x00, 0x00, 0x00, 0x00,
    0x00, 0x00, 0x00, 0x10, 0xFE, 0xFF, 0xFF, 0xFF, 0x2E, 0x00, 0x00, 0x00, 0x00, 0x00, 0x00, 0x00,
    0xA0, 0xFF, 0xFF, 0xFE, 0xFF, 0xCF, 0x00, 0x00, 0x00, 0x00, 0x00, 0x00, 0x00, 0xF6, 0xFF, 0xCF,
    0xD1, 0xFF, 0xFF, 0x08, 0x00, 0x00, 0x00, 0x00, 0x00, 0x20, 0xFE, 0xFF, 0x2E, 0x30, 0xFF, 0xFF,
    0x3F, 0x00, 0x00, 0x00, 0x00, 0x00, 0xC0, 0xFF, 0xFF, 0x06, 0x00, 0xF8, 0xFF, 0xDF, 0x01, 0x00,
    0x00, 0x00, 0x00, 0xF8, 0xFF, 0xAF, 0x00, 0x00, 0xC0, 0xFF, 0xFF, 0x09, 0x00, 0x00, 0x00, 0x30,
    0xFF, 0xFF, 0x1D, 0x00, 0x00, 0x20, 0xFE, 0xFF, 0x4F, 0x00, 0x00, 0x00, 0xD1, 0xFF, 0xFF, 0x04,
    0x00, 0x00, 0x00, 0xF5, 0xFF, 0xEF, 0x01, 0x00, 0x00, 0xF9, 0xFF, 0x8F, 0x00, 0x00, 0x00, 0x00,
    0xA0, 0xFF, 0xFF, 0x0A, 0x00, 0x50, 0xFF, 0xFF, 0x0C, 0x00, 0x00, 0x00, 0x00, 0x10, 0xFD, 0xFF,
    0x6F, 0x00, 0xE1, 0xFF, 0xEF, 0x02, 0x00, 0x00, 0x00, 0x00, 0x00, 0xF4, 0xFF, 0xEF, 0x02, 0xFB,
    0xFF, 0x6F, 0x00, 0x00, 0x00, 0x00, 0x00, 0x00, 0x80, 0xFF, 0xFF, 0x0B,
    // Unicode: [0x0059, Y]
    0xF6, 0xFF, 0x5F, 0x00, 0x00, 0x00, 0x00, 0x00, 0x00, 0xA0, 0xFF, 0xEF, 0x01, 0xD0, 0xFF, 0xDF,
    0x00, 0x00, 0x00, 0x00, 0x00, 0x00, 0xF3, 0xFF, 0x7F, 0x00, 0x50, 0xFF, 0xFF, 0x07, 0x00, 0x00,
    0x00, 0x00, 0x00, 0xFB, 0xFF, 0x1D, 0x00, 0x00, 0xFC, 0xFF, 0x1E, 0x00, 0x00, 0x00, 0x00, 0x40,
    0xFF, 0xFF, 0x06, 0x00, 0x00, 0xF3, 0xFF, 0x9F, 0x00, 0x00, 0x00, 0x00, 0xC0, 0xFF, 0xCF, 0x00,
    0x00, 0x00, 0xA0, 0xFF, 0xFF, 0x02, 0x00, 0x00, 0x00, 0xF5, 0xFF, 0x4F, 0x00, 0x00, 0x00, 0x20,
    0xFF, 0xFF, 0x0A, 0x00, 0x00, 0x00, 0xFD, 0xFF, 0x0B, 0x00, 0x00, 0x00, 0x00, 0xF9, 0xFF, 0x4F,
    0x00, 0x00, 0x70, 0xFF, 0xFF, 0x03, 0x00, 0x00, 0x00, 0x00, 0xE1, 0xFF, 0xCF, 0x00, 0x00, 0xE1,
    0xFF, 0xAF, 0x00, 0x00, 0x00, 0x00, 0x00, 0x80, 0xFF, 0xFF, 0x05, 0x00, 0xF8, 0xFF, 0x2F, 0x00,
    0x00, 0x00, 0x00, 0x00, 0x10, 0xFE, 0xFF, 0x0D, 0x20, 0xFF, 0xFF, 0x08, 0x00, 0x00, 0x00, 0x00,
    0x00, 0x00, 0xF6, 0xFF, 0x7F, 0x90, 0xFF, 0xEF, 0x01, 0x00, 0x00, 0x00, 0x00, 0x00, 0x00, 0xD0,
    0xFF, 0xEF, 0xF4, 0xFF, 0x7F, 0x00, 0x00, 0x00, 0x00, 0x00, 0x00, 0x00, 0x50, 0xFF, 0xFF, 0xFF,
    0xFF, 0x0D, 0x00, 0x00, 0x00, 0x00, 0x00, 0x00, 0x00, 0x00, 0xFC, 0xFF, 0xFF, 0xFF, 0x05, 0x00,
    0x00, 0x00, 0x00, 0x00, 0x00, 0x00, 0x00, 0xF3, 0xFF, 0xFF, 0xCF, 0x00, 0x00, 0x00, 0x00, 0x00,
    0x00, 0x00, 0x00, 0x00, 0xA0, 0xFF, 0xFF, 0x4F, 0x00, 0x00, 0x00, 0x00, 0x00, 0x00, 0x00, 0x00,
    0x00, 0x20, 0xFF, 0xFF, 0x0B, 0x00, 0x00, 0x00, 0x00, 0x00, 0x00, 0x00, 0x00, 0x00, 0x00, 0xFE,
    0xFF, 0x08, 0x00, 0x00, 0x00, 0x00, 0x00, 0x00, 0x00, 0x00, 0x00, 0x00, 0xFE, 0xFF, 0x08, 0x00,
    0x00, 0x00, 0x00, 0x00, 0x00, 0x00, 0x00, 0x00, 0x00, 0xFE, 0xFF, 0x08, 0x00, 0x00, 0x00, 0x00,
    0x00, 0x00, 0x00, 0x00, 0x00, 0x00, 0xFE, 0xFF, 0x08, 0x00, 0x00, 0x00, 0x00, 0x00, 0x00, 0x00,
    0x00, 0x00, 0x00, 0xFE, 0xFF, 0x08, 0x00, 0x00, 0x00, 0x00, 0x00, 0x00, 0x00, 0x00, 0x00, 0x00,
    0xFE, 0xFF, 0x08, 0x00, 0x00, 0x00, 0x00, 0x00, 0x00, 0x00, 0x00, 0x00, 0x00, 0xFE, 0xFF, 0x08,
    0x00, 0x00, 0x00, 0x00, 0x00, 0x00, 0x00, 0x00, 0x00, 0x00, 0xFE, 0xFF, 0x08, 0x00, 0x00, 0x00,
    0x00, 0x00, 0x00, 0x00, 0x00, 0x00, 0x00, 0xFE, 0xFF, 0x08, 0x00, 0x00, 0x00, 0x00, 0x00, 0x00,
    0x00, 0x00, 0x00, 0x00, 0xFE, 0xFF, 0x08, 0x00, 0x00, 0x00, 0x00, 0x00,
    // Unicode: [0x005A, Z]
    0xF8, 0xFF, 0xFF, 0xFF, 0xFF, 0xFF, 0xFF, 0xFF, 0xFF, 0xFF, 0x04, 0xF8, 0xFF, 0xFF, 0xFF, 0xFF,
    0xFF, 0xFF, 0xFF, 0xFF, 0xFF, 0x04, 0xF8, 0xFF, 0xFF, 0xFF, 0xFF, 0xFF, 0xFF, 0xFF, 0xFF, 0xFF,
    0x04, 0xF8, 0xFF, 0xFF, 0xFF, 0xFF, 0xFF, 0xFF, 0xFF, 0xFF, 0xFF, 0x04, 0x21, 0x22, 0x22, 0x22,
    0x22, 0x22, 0x22, 0xFC, 0xFF, 0xBF, 0x00, 0x00, 0x00, 0x00, 0x00, 0x00, 0x00, 0x70, 0xFF, 0xFF,
    0x2E, 0x00, 0x00, 0x00, 0x00, 0x00, 0x00, 0x00, 0xF3, 0xFF, 0xFF, 0x05, 0x00, 0x00, 0x00, 0x00,
    0x00, 0x00, 0x10, 0xFD, 0xFF, 0x9F, 0x00, 0x00, 0x00, 0x00, 0x00, 0x00, 0x00, 0xA0, 0xFF, 0xFF,
    0x0C, 0x00, 0x00, 0x00, 0x00, 0x00, 0x00, 0x00, 0xF5, 0xFF, 0xEF, 0x02, 0x00, 0x00, 0x00, 0x00,
    0x00, 0x00, 0x20, 0xFE, 0xFF, 0x6F, 0x00, 0x00, 0x00, 0x00, 0x00, 0x00, 0x00, 0xC0, 0xFF, 0xFF,
    0x0A, 0x00, 0x00, 0x00, 0x00, 0x00, 0x00, 0x00, 0xF8, 0xFF, 0xDF, 0x01, 0x00, 0x00, 0x00, 0x00,
    0x00, 0x00, 0x40, 0xFF, 0xFF, 0x3F, 0x00, 0x00, 0x00, 0x00, 0x00, 0x00, 0x00, 0xE1, 0xFF, 0xFF,
    0x07, 0x00, 0x00, 0x00, 0x00, 0x00, 0x00, 0x00, 0xFB, 0xFF, 0xBF, 0x00, 0x00, 0x00, 0x00, 0x00,
    0x00, 0x00, 0x70, 0xFF, 0xFF, 0x2E, 0x00, 0x00, 0x00, 0x00, 0x00, 0x00, 0x00, 0xF3, 0xFF, 0xFF,
    0x05, 0x00, 0x00, 0x00, 0x00, 0x00, 0x00, 0x10, 0xFD, 0xFF, 0x9F, 0x00, 0x00, 0x00, 0x00, 0x00,
    0x00, 0x00, 0xA0, 0xFF, 0xFF, 0x0C, 0x00, 0x00, 0x00, 0x00, 0x00, 0x00, 0x00, 0xF6, 0xFF, 0xEF,
    0x02, 0x00, 0x00, 0x00, 0x00, 0x00, 0x00, 0x20, 0xFE, 0xFF, 0x6F, 0x00, 0x00, 0x00, 0x00, 0x00,
    0x00, 0x00, 0xC0, 0xFF, 0xFF, 0x0A, 0x00, 0x00, 0x00, 0x00, 0x00, 0x00, 0x00, 0xF9, 0xFF, 0xEF,
    0x12, 0x11, 0x11, 0x11, 0x11, 0x11, 0x11, 0x01, 0xFF, 0xFF, 0xFF, 0xFF, 0xFF, 0xFF, 0xFF, 0xFF,
    0xFF, 0xFF, 0x07, 0xFF, 0xFF, 0xFF, 0xFF, 0xFF, 0xFF, 0xFF, 0xFF, 0xFF, 0xFF, 0x07, 0xFF, 0xFF,
    0xFF, 0xFF, 0xFF, 0xFF, 0xFF, 0xFF, 0xFF, 0xFF, 0x07, 0xFF, 0xFF, 0xFF, 0xFF, 0xFF, 0xFF, 0xFF,
    0xFF, 0xFF, 0xFF, 0x07,
    // Unicode: [0x005B, bracketleft]
    0xF5, 0xFF, 0xFF, 0xFF, 0x5F, 0xF5, 0xFF, 0xFF, 0xFF, 0x5F, 0xF5, 0xFF, 0xFF, 0xFF, 0x5F, 0xF5,
    0xFF, 0x4A, 0x44, 0x14, 0xF5, 0xFF, 0x08, 0x00, 0x00, 0xF5, 0xFF, 0x08, 0x00, 0x00, 0xF5, 0xFF,
    0x08, 0x00, 0x00, 0xF5, 0xFF, 0x08, 0x00, 0x00, 0xF5, 0xFF, 0x08, 0x00, 0x00, 0xF5, 0xFF, 0x08,
    0x00, 0x00, 0xF5, 0xFF, 0x08, 0x00, 0x00, 0xF5, 0xFF, 0x08, 0x00, 0x00, 0xF5, 0xFF, 0x08, 0x00,
    0x00, 0xF5, 0xFF, 0x08, 0x00, 0x00, 0xF5, 0xFF, 0x08, 0x00, 0x00, 0xF5, 0xFF, 0x08, 0x00, 0x00,
    0xF5, 0xFF, 0x08, 0x00, 0x00, 0xF5, 0xFF, 0x08, 0x00, 0x00, 0xF5, 0xFF, 0x08, 0x00, 0x00, 0xF5,
    0xFF, 0x08, 0x00, 0x00, 0xF5, 0xFF, 0x08, 0x00, 0x00, 0xF5, 0xFF, 0x08, 0x00, 0x00, 0xF5, 0xFF,
    0x08, 0x00, 0x00, 0xF5, 0xFF, 0x08, 0x00, 0x00, 0xF5, 0xFF, 0x08, 0x00, 0x00, 0xF5, 0xFF, 0x08,
    0x00, 0x00, 0xF5, 0xFF, 0x08, 0x00, 0x00, 0xF5, 0xFF, 0x08, 0x00, 0x00, 0xF5, 0xFF, 0x08, 0x00,
    0x00, 0xF5, 0xFF, 0x08, 0x00, 0x00, 0xF5, 0xFF, 0x08, 0x00, 0x00, 0xF5, 0xFF, 0x08, 0x00, 0x00,
    0xF5, 0xFF, 0x08, 0x00, 0x00, 0xF5, 0xFF, 0xFF, 0xFF, 0x5F, 0xF5, 0xFF, 0xFF, 0xFF, 0x5F, 0xF5,
    0xFF, 0xFF, 0xFF, 0x5F, 0x41, 0x44, 0x44, 0x44, 0x14,
    // Unicode: [0x005C, backslash]
    0xF1, 0xFF, 0x0C, 0x00, 0x00, 0x00, 0x00, 0x00, 0x00, 0xB0, 0xFF, 0x2F, 0x00, 0x00, 0x00, 0x00,
    0x00, 0x00, 0x50, 0xFF, 0x7F, 0x00, 0x00, 0x00, 0x00, 0x00, 0x00, 0x00, 0xFE, 0xDF, 0x00, 0x00,
    0x00, 0x00, 0x00, 0x00, 0x00, 0xF9, 0xFF, 0x03, 0x00, 0x00, 0x00, 0x00, 0x00, 0x00, 0xF4, 0xFF,
    0x08, 0x00, 0x00, 0x00, 0x00, 0x00, 0x00, 0xD0, 0xFF, 0x0E, 0x00, 0x00, 0x00, 0x00, 0x00, 0x00,
    0x80, 0xFF, 0x4F, 0x00, 0x00, 0x00, 0x00, 0x00, 0x00, 0x30, 0xFF, 0x9F, 0x00, 0x00, 0x00, 0x00,
    0x00, 0x00, 0x00, 0xFC, 0xEF, 0x01, 0x00, 0x00, 0x00, 0x00, 0x00, 0x00, 0xF7, 0xFF, 0x05, 0x00,
    0x00, 0x00, 0x00, 0x00, 0x00, 0xF2, 0xFF, 0x0B, 0x00, 0x00, 0x00, 0x00, 0x00, 0x00, 0xB0, 0xFF,
    0x1F, 0x00, 0x00, 0x00, 0x00, 0x00, 0x00, 0x60, 0xFF, 0x6F, 0x00, 0x00, 0x00, 0x00, 0x00, 0x00,
    0x10, 0xFF, 0xCF, 0x00, 0x00, 0x00, 0x00, 0x00, 0x00, 0x00, 0xFA, 0xFF, 0x02, 0x00, 0x00, 0x00,
    0x00, 0x00, 0x00, 0xF5, 0xFF, 0x07, 0x00, 0x00, 0x00, 0x00, 0x00, 0x00, 0xE0, 0xFF, 0x0D, 0x00,
    0x00, 0x00, 0x00, 0x00, 0x00, 0x90, 0xFF, 0x3F, 0x00, 0x00, 0x00, 0x00, 0x00, 0x00, 0x40, 0xFF,
    0x8F, 0x00, 0x00, 0x00, 0x00, 0x00, 0x00, 0x00, 0xFD, 0xEF, 0x00, 0x00, 0x00, 0x00, 0x00, 0x00,
    0x00, 0xF8, 0xFF, 0x04, 0x00, 0x00, 0x00, 0x00, 0x00, 0x00, 0xF2, 0xFF, 0x09, 0x00, 0x00, 0x00,
    0x00, 0x00, 0x00, 0xC0, 0xFF, 0x1E, 0x00, 0x00, 0x00, 0x00, 0x00, 0x00, 0x70, 0xFF, 0x5F, 0x00,
    0x00, 0x00, 0x00, 0x00, 0x00, 0x10, 0xFF, 0xBF, 0x00, 0x00, 0x00, 0x00, 0x00, 0x00, 0x00, 0xFB,
    0xFF, 0x01, 0x00, 0x00, 0x00, 0x00, 0x00, 0x00, 0xF5, 0xFF, 0x06, 0x00, 0x00, 0x00, 0x00, 0x00,
    0x00, 0xE1, 0xFF, 0x0C, 0x00, 0x00, 0x00, 0x00, 0x00, 0x00, 0xA0, 0xFF, 0x2F, 0x00, 0x00, 0x00,
    0x00, 0x00, 0x00, 0x40, 0xFF, 0x7F, 0x00, 0x00, 0x00, 0x00, 0x00, 0x00, 0x00, 0xFE, 0xDF, 0x00,
    0x00, 0x00, 0x00, 0x00, 0x00, 0x00, 0x85, 0x88, 0x01,
    // Unicode: [0x005D, bracketright]
    0xF4, 0xFF, 0xFF, 0xFF, 0x5F, 0xF4, 0xFF, 0xFF, 0xFF, 0x5F, 0xF4, 0xFF, 0xFF, 0xFF, 0x5F, 0x41,
    0x44, 0xA4, 0xFF, 0x5F, 0x00, 0x00, 0x80, 0xFF, 0x5F, 0x00, 0x00, 0x80, 0xFF, 0x5F, 0x00, 0x00,
    0x80, 0xFF, 0x5F, 0x00, 0x00, 0x80, 0xFF, 0x5F, 0x00, 0x00, 0x80, 0xFF, 0x5F, 0x00, 0x00, 0x80,
    0xFF, 0x5F, 0x00, 0x00, 0x80, 0xFF, 0x5F, 0x00, 0x00, 0x80, 0xFF, 0x5F, 0x00, 0x00, 0x80, 0xFF,
    0x5F, 0x00, 0x00, 0x80, 0xFF, 0x5F, 0x00, 0x00, 0x80, 0xFF, 0x5F, 0x00, 0x00, 0x80, 0xFF, 0x5F,
    0x00, 0x00, 0x80, 0xFF, 0x5F, 0x00, 0x00, 0x80, 0xFF, 0x5F, 0x00, 0x00, 0x80, 0xFF, 0x5F, 0x00,
    0x00, 0x80, 0xFF, 0x5F, 0x00, 0x00, 0x80, 0xFF, 0x5F, 0x00, 0x00, 0x80, 0xFF, 0x5F, 0x00, 0x00,
    0x80, 0xFF, 0x5F, 0x00, 0x00, 0x80, 0xFF, 0x5F, 0x00, 0x00, 0x80, 0xFF, 0x5F, 0x00, 0x00, 0x80,
    0xFF, 0x5F, 0x00, 0x00, 0x80, 0xFF, 0x5F, 0x00, 0x00, 0x80, 0xFF, 0x5F, 0x00, 0x00, 0x80, 0xFF,
    0x5F, 0x00, 0x00, 0x80, 0xFF, 0x5F, 0x00, 0x00, 0x80, 0xFF, 0x5F, 0x00, 0x00, 0x80, 0xFF, 0x5F,
    0x00, 0x00, 0x80, 0xFF, 0x5F, 0xF4, 0xFF, 0xFF, 0xFF, 0x5F, 0xF4, 0xFF, 0xFF, 0xFF, 0x5F, 0xF4,
    0xFF, 0xFF, 0xFF, 0x5F, 0x41, 0x44, 0x44, 0x44, 0x14,
    // Unicode: [0x005E, asciicircum]
    0x00, 0x00, 0x00, 0x87, 0x78, 0x00, 0x00, 0x00, 0x00, 0x00, 0x40, 0xFF, 0xFF, 0x04, 0x00, 0x00,
    0x00, 0x00, 0xB0, 0xFF, 0xFF, 0x0A, 0x00, 0x00, 0x00, 0x00, 0xF2, 0xFF, 0xFF, 0x2F, 0x00, 0x00,
    0x00, 0x00, 0xF9, 0xAF, 0xFA, 0x9F, 0x00, 0x00, 0x00, 0x10, 0xFF, 0x3F, 0xF3, 0xEF, 0x01, 0x00,
    0x00, 0x80, 0xFF, 0x0C, 0xC0, 0xFF, 0x07, 0x00, 0x00, 0xE1, 0xFF, 0x05, 0x50, 0xFF, 0x0D, 0x00,
    0x00, 0xF6, 0xDF, 0x00, 0x00, 0xFD, 0x5F, 0x00, 0x00, 0xFD, 0x6F, 0x00, 0x00, 0xF7, 0xCF, 0x00,
    0x50, 0xFF, 0x1E, 0x00, 0x00, 0xE1, 0xFF, 0x04, 0xB0, 0xFF, 0x08, 0x00, 0x00, 0x90, 0xFF, 0x0A,
    0xF3, 0xFF, 0x02, 0x00, 0x00, 0x20, 0xFF, 0x2F,
    // Unicode: [0x005F, underscore]
    0x99, 0x99, 0x99, 0x99, 0x99, 0x99, 0x99, 0x07, 0xFF, 0xFF, 0xFF, 0xFF, 0xFF, 0xFF, 0xFF, 0x0C,
    0xFF, 0xFF, 0xFF, 0xFF, 0xFF, 0xFF, 0xFF, 0x0C, 0xFF, 0xFF, 0xFF, 0xFF, 0xFF, 0xFF, 0xFF, 0x0C,
    // Unicode: [0x0060, grave]
    0x87, 0x88, 0x03, 0x00, 0xF4, 0xFF, 0x1D, 0x00, 0x50, 0xFF, 0xAF, 0x00, 0x00, 0xF5, 0xFF, 0x05,
    0x00, 0x60, 0xFF, 0x2E, 0x00, 0x00, 0xF7, 0xCF,
    // Unicode: [0x0061, a]
    0x40, 0xA8, 0xDC, 0xEE, 0xFF, 0xDE, 0x7B, 0x02, 0x00, 0xA0, 0xFF, 0xFF, 0xFF, 0xFF, 0xFF, 0xFF,
    0x8F, 0x00, 0xA0, 0xFF, 0xFF, 0xFF, 0xFF, 0xFF, 0xFF, 0xFF, 0x06, 0xA0, 0xFF, 0xEE, 0xEE, 0xFE,
    0xFF, 0xFF, 0xFF, 0x0D, 0x20, 0x00, 0x00, 0x00, 0x00, 0x41, 0xFC, 0xFF, 0x3F, 0x00, 0x00, 0x00,
    0x00, 0x00, 0x00, 0xF2, 0xFF, 0x5F, 0x00, 0x00, 0x00, 0x00, 0x00, 0x00, 0xD0, 0xFF, 0x6F, 0x00,
    0x00, 0x00, 0x00, 0x00, 0x00, 0xC0, 0xFF, 0x7F, 0x00, 0x00, 0x00, 0x00, 0x00, 0x00, 0xC0, 0xFF,
    0x7F, 0x00, 0xB5, 0xFD, 0xFF, 0xFF, 0xFF, 0xFF, 0xFF, 0x7F, 0xA0, 0xFF, 0xFF, 0xFF, 0xFF, 0xFF,
    0xFF, 0xFF, 0x7F, 0xF6, 0xFF, 0xFF, 0xFF, 0xFF, 0xFF, 0xFF, 0xFF, 0x7F, 0xFB, 0xFF, 0x3C, 0x01,
    0x00, 0x00, 0xC0, 0xFF, 0x7F, 0xFE, 0xFF, 0x04, 0x00, 0x00, 0x00, 0xC0, 0xFF, 0x7F, 0xFF, 0xFF,
    0x03, 0x00, 0x00, 0x00, 0xE0, 0xFF, 0x7F, 0xFF, 0xFF, 0x03, 0x00, 0x00, 0x00, 0xF5, 0xFF, 0x7F,
    0xFE, 0xFF, 0x09, 0x00, 0x00, 0x40, 0xFE, 0xFF, 0x7F, 0xFB, 0xFF, 0xEF, 0xBB, 0xBB, 0xFE, 0xFF,
    0xFF, 0x7F, 0xF5, 0xFF, 0xFF, 0xFF, 0xFF, 0xFF, 0x9D, 0xFF, 0x7F, 0x90, 0xFF, 0xFF, 0xFF, 0xFF,
    0xDF, 0x73, 0xFF, 0x7F, 0x00, 0xA4, 0xED, 0xEF, 0xAD, 0x16, 0x70, 0xFF, 0x7F,
    // Unicode: [0x0062, b]
    0xFD, 0xFF, 0x06, 0x00, 0x00, 0x00, 0x00, 0x00, 0x00, 0x00, 0xFD, 0xFF, 0x06, 0x00, 0x00, 0x00,
    0x00, 0x00, 0x00, 0x00, 0xFD, 0xFF, 0x06, 0x00, 0x00, 0x00, 0x00, 0x00, 0x00, 0x00, 0xFD, 0xFF,
    0x06, 0x00, 0x00, 0x00, 0x00, 0x00, 0x00, 0x00, 0xFD, 0xFF, 0x06, 0x00, 0x00, 0x00, 0x00, 0x00,
    0x00, 0x00, 0xFD, 0xFF, 0x06, 0x00, 0x00, 0x00, 0x00, 0x00, 0x00, 0x00, 0xFD, 0xFF, 0x06, 0x00,
    0x00, 0x00, 0x00, 0x00, 0x00, 0x00, 0xFD, 0xFF, 0x06, 0x00, 0x00, 0x00, 0x00, 0x00, 0x00, 0x00,
    0xFD, 0xFF, 0x06, 0x00, 0x00, 0x00, 0x00, 0x00, 0x00, 0x00, 0xFD, 0xFF, 0x06, 0x82, 0xDB, 0xFE,
    0xBE, 0x16, 0x00, 0x00, 0xFD, 0xFF, 0x56, 0xFE, 0xFF, 0xFF, 0xFF, 0xDF, 0x01, 0x00, 0xFD, 0xFF,
    0xFA, 0xFF, 0xFF, 0xFF, 0xFF, 0xFF, 0x0B, 0x00, 0xFD, 0xFF, 0xFF, 0xFF, 0xFF, 0xFF, 0xFF, 0xFF,
    0x3F, 0x00, 0xFD, 0xFF, 0xEF, 0x48, 0x22, 0x42, 0xFA, 0xFF, 0x8F, 0x00, 0xFD, 0xFF, 0x4F, 0x00,
    0x00, 0x00, 0xB0, 0xFF, 0xBF, 0x00, 0xFD, 0xFF, 0x0C, 0x00, 0x00, 0x00, 0x60, 0xFF, 0xEF, 0x00,
    0xFD, 0xFF, 0x08, 0x00, 0x00, 0x00, 0x40, 0xFF, 0xFF, 0x00, 0xFD, 0xFF, 0x07, 0x00, 0x00, 0x00,
    0x30, 0xFF, 0xFF, 0x01, 0xFD, 0xFF, 0x06, 0x00, 0x00, 0x00, 0x20, 0xFF, 0xFF, 0x02, 0xFD, 0xFF,
    0x06, 0x00, 0x00, 0x00, 0x20, 0xFF, 0xFF, 0x02, 0xFD, 0xFF, 0x06, 0x00, 0x00, 0x00, 0x20, 0xFF,
    0xFF, 0x02, 0xFD, 0xFF, 0x07, 0x00, 0x00, 0x00, 0x30, 0xFF, 0xFF, 0x01, 0xFD, 0xFF, 0x08, 0x00,
    0x00, 0x00, 0x40, 0xFF, 0xFF, 0x00, 0xFD, 0xFF, 0x0C, 0x00, 0x00, 0x00, 0x60, 0xFF, 0xEF, 0x00,
    0xFD, 0xFF, 0x3F, 0x00, 0x00, 0x00, 0xB0, 0xFF, 0xBF, 0x00, 0xFD, 0xFF, 0xEF, 0x37, 0x11, 0x42,
    0xFA, 0xFF, 0x8F, 0x00, 0xFD, 0xFF, 0xFF, 0xFF, 0xFF, 0xFF, 0xFF, 0xFF, 0x3F, 0x00, 0xFD, 0xFF,
    0xF7, 0xFF, 0xFF, 0xFF, 0xFF, 0xFF, 0x0B, 0x00, 0xFD, 0xFF, 0x72, 0xFF, 0xFF, 0xFF, 0xFF, 0xCF,
    0x01, 0x00, 0xFD, 0xFF, 0x01, 0x83, 0xEC, 0xFF, 0xBD, 0x06, 0x00, 0x00,
    // Unicode: [0x0063, c]
    0x00, 0x00, 0xA6, 0xED, 0xEF, 0xDD, 0x9B, 0x03, 0x00, 0xD3, 0xFF, 0xFF, 0xFF, 0xFF, 0xFF, 0x06,
    0x20, 0xFE, 0xFF, 0xFF, 0xFF, 0xFF, 0xFF, 0x06, 0xA0, 0xFF, 0xFF, 0xFF, 0xCD, 0xDD, 0xFE, 0x06,
    0xF1, 0xFF, 0xEF, 0x05, 0x00, 0x00, 0x10, 0x01, 0xF4, 0xFF, 0x4F, 0x00, 0x00, 0x00, 0x00, 0x00,
    0xF6, 0xFF, 0x0E, 0x00, 0x00, 0x00, 0x00, 0x00, 0xF8, 0xFF, 0x0C, 0x00, 0x00, 0x00, 0x00, 0x00,
    0xF9, 0xFF, 0x0A, 0x00, 0x00, 0x00, 0x00, 0x00, 0xF9, 0xFF, 0x0A, 0x00, 0x00, 0x00, 0x00, 0x00,
    0xFA, 0xFF, 0x0A, 0x00, 0x00, 0x00, 0x00, 0x00, 0xF9, 0xFF, 0x0A, 0x00, 0x00, 0x00, 0x00, 0x00,
    0xF9, 0xFF, 0x0A, 0x00, 0x00, 0x00, 0x00, 0x00, 0xF8, 0xFF, 0x0C, 0x00, 0x00, 0x00, 0x00, 0x00,
    0xF7, 0xFF, 0x0E, 0x00, 0x00, 0x00, 0x00, 0x00, 0xF5, 0xFF, 0x5F, 0x00, 0x00, 0x00, 0x00, 0x00,
    0xF2, 0xFF, 0xEF, 0x05, 0x00, 0x00, 0x10, 0x01, 0xC0, 0xFF, 0xFF, 0xFF, 0xCD, 0xDD, 0xFE, 0x08,
    0x40, 0xFF, 0xFF, 0xFF, 0xFF, 0xFF, 0xFF, 0x08, 0x00, 0xE5, 0xFF, 0xFF, 0xFF, 0xFF, 0xFF, 0x08,
    0x00, 0x10, 0xB7, 0xED, 0xFF, 0xDE, 0x9C, 0x04,
    // Unicode: [0x0064, d]
    0x00, 0x00, 0x00, 0x00, 0x00, 0x00, 0x00, 0xFE, 0xFF, 0x05, 0x00, 0x00, 0x00, 0x00, 0x00, 0x00,
    0x00, 0xFE, 0xFF, 0x05, 0x00, 0x00, 0x00, 0x00, 0x00, 0x00, 0x00, 0xFE, 0xFF, 0x05, 0x00, 0x00,
    0x00, 0x00, 0x00, 0x00, 0x00, 0xFE, 0xFF, 0x05, 0x00, 0x00, 0x00, 0x00, 0x00, 0x00, 0x00, 0xFE,
    0xFF, 0x05, 0x00, 0x00, 0x00, 0x00, 0x00, 0x00, 0x00, 0xFE, 0xFF, 0x05, 0x00, 0x00, 0x00, 0x00,
    0x00, 0x00, 0x00, 0xFE, 0xFF, 0x05, 0x00, 0x00, 0x00, 0x00, 0x00, 0x00, 0x00, 0xFE, 0xFF, 0x05,
    0x00, 0x00, 0x00, 0x00, 0x00, 0x00, 0x00, 0xFE, 0xFF, 0x05, 0x00, 0x30, 0xC9, 0xFE, 0xDE, 0x5A,
    0x00, 0xFE, 0xFF, 0x05, 0x00, 0xF6, 0xFF, 0xFF, 0xFF, 0xFF, 0x1B, 0xFE, 0xFF, 0x05, 0x30, 0xFF,
    0xFF, 0xFF, 0xFF, 0xFF, 0xAF, 0xFE, 0xFF, 0x05, 0xB0, 0xFF, 0xFF, 0xFF, 0xFF, 0xFF, 0xFF, 0xFF,
    0xFF, 0x05, 0xF1, 0xFF, 0xEF, 0x36, 0x22, 0x63, 0xFC, 0xFF, 0xFF, 0x05, 0xF4, 0xFF, 0x4F, 0x00,
    0x00, 0x00, 0xB0, 0xFF, 0xFF, 0x05, 0xF6, 0xFF, 0x0E, 0x00, 0x00, 0x00, 0x40, 0xFF, 0xFF, 0x05,
    0xF8, 0xFF, 0x0B, 0x00, 0x00, 0x00, 0x10, 0xFF, 0xFF, 0x05, 0xF9, 0xFF, 0x0A, 0x00, 0x00, 0x00,
    0x00, 0xFF, 0xFF, 0x05, 0xF9, 0xFF, 0x0A, 0x00, 0x00, 0x00, 0x00, 0xFE, 0xFF, 0x05, 0xFA, 0xFF,
    0x0A, 0x00, 0x00, 0x00, 0x00, 0xFE, 0xFF, 0x05, 0xF9, 0xFF, 0x0A, 0x00, 0x00, 0x00, 0x00, 0xFE,
    0xFF, 0x05, 0xF9, 0xFF, 0x0A, 0x00, 0x00, 0x00, 0x00, 0xFF, 0xFF, 0x05, 0xF8, 0xFF, 0x0B, 0x00,
    0x00, 0x00, 0x10, 0xFF, 0xFF, 0x05, 0xF6, 0xFF, 0x0D, 0x00, 0x00, 0x00, 0x40, 0xFF, 0xFF, 0x05,
    0xF4, 0xFF, 0x4F, 0x00, 0x00, 0x00, 0xB0, 0xFF, 0xFF, 0x05, 0xF1, 0xFF, 0xEF, 0x36, 0x11, 0x52,
    0xFB, 0xFF, 0xFF, 0x05, 0xB0, 0xFF, 0xFF, 0xFF, 0xFF, 0xFF, 0xFF, 0xFF, 0xFF, 0x05, 0x40, 0xFF,
    0xFF, 0xFF, 0xFF, 0xFF, 0xCF, 0xFB, 0xFF, 0x05, 0x00, 0xF6, 0xFF, 0xFF, 0xFF, 0xFF, 0x2C, 0xFA,
    0xFF, 0x05, 0x00, 0x30, 0xC9, 0xFE, 0xDE, 0x6A, 0x00, 0xF9, 0xFF, 0x05,
    // Unicode: [0x0065, e]
    0x00, 0x00, 0x95, 0xEC, 0xFE, 0xEE, 0x9C, 0x04, 0x00, 0x00, 0xD3, 0xFF, 0xFF, 0xFF, 0xFF, 0xFF,
    0xBF, 0x01, 0x30, 0xFE, 0xFF, 0xFF, 0xFF, 0xFF, 0xFF, 0xFF, 0x0B, 0xB0, 0xFF, 0xFF, 0xDF, 0xCC,
    0xEC, 0xFF, 0xFF, 0x4F, 0xF1, 0xFF, 0xBF, 0x02, 0x00, 0x00, 0xF5, 0xFF, 0x8F, 0xF4, 0xFF, 0x2F,
    0x00, 0x00, 0x00, 0x80, 0xFF, 0xBF, 0xF7, 0xFF, 0x0C, 0x00, 0x00, 0x00, 0x40, 0xFF, 0xCF, 0xF8,
    0xFF, 0x0B, 0x00, 0x00, 0x00, 0x20, 0xFF, 0xDF, 0xF9, 0xFF, 0x2B, 0x22, 0x22, 0x22, 0x32, 0xFF,
    0xEF, 0xF9, 0xFF, 0xFF, 0xFF, 0xFF, 0xFF, 0xFF, 0xFF, 0xEF, 0xFA, 0xFF, 0xFF, 0xFF, 0xFF, 0xFF,
    0xFF, 0xFF, 0xEF, 0xF9, 0xFF, 0xFF, 0xFF, 0xFF, 0xFF, 0xFF, 0xFF, 0xEF, 0xF9, 0xFF, 0x0A, 0x00,
    0x00, 0x00, 0x00, 0x00, 0x00, 0xF8, 0xFF, 0x0A, 0x00, 0x00, 0x00, 0x00, 0x00, 0x00, 0xF7, 0xFF,
    0x0C, 0x00, 0x00, 0x00, 0x00, 0x00, 0x00, 0xF5, 0xFF, 0x1E, 0x00, 0x00, 0x00, 0x00, 0x00, 0x00,
    0xF2, 0xFF, 0xCF, 0x04, 0x00, 0x00, 0x00, 0x00, 0x02, 0xC0, 0xFF, 0xFF, 0xFF, 0xCD, 0xCC, 0xDC,
    0xFE, 0x2F, 0x40, 0xFF, 0xFF, 0xFF, 0xFF, 0xFF, 0xFF, 0xFF, 0x2F, 0x00, 0xE5, 0xFF, 0xFF, 0xFF,
    0xFF, 0xFF, 0xFF, 0x2F, 0x00, 0x10, 0x96, 0xEC, 0xFE, 0xEF, 0xDE, 0xAC, 0x18,
    // Unicode: [0x0066, f]
    0x00, 0x00, 0x00, 0x40, 0xC9, 0xED, 0xFF, 0x07, 0x00, 0x00, 0x00, 0xF9, 0xFF, 0xFF, 0xFF, 0x07,
    0x00, 0x00, 0x40, 0xFF, 0xFF, 0xFF, 0xFF, 0x07, 0x00, 0x00, 0x90, 0xFF, 0xFF, 0x8C, 0x77, 0x03,
    0x00, 0x00, 0xC0, 0xFF, 0x9F, 0x00, 0x00, 0x00, 0x00, 0x00, 0xE0, 0xFF, 0x5F, 0x00, 0x00, 0x00,
    0x00, 0x00, 0xE0, 0xFF, 0x4F, 0x00, 0x00, 0x00, 0x00, 0x00, 0xE0, 0xFF, 0x4F, 0x00, 0x00, 0x00,
    0x00, 0x00, 0xE0, 0xFF, 0x4F, 0x00, 0x00, 0x00, 0xF1, 0xFF, 0xFF, 0xFF, 0xFF, 0xFF, 0xFF, 0x07,
    0xF1, 0xFF, 0xFF, 0xFF, 0xFF, 0xFF, 0xFF, 0x07, 0xF1, 0xFF, 0xFF, 0xFF, 0xFF, 0xFF, 0xFF, 0x07,
    0xC1, 0xCC, 0xFC, 0xFF, 0xDF, 0xCC, 0xCC, 0x05, 0x00, 0x00, 0xE0, 0xFF, 0x4F, 0x00, 0x00, 0x00,
    0x00, 0x00, 0xE0, 0xFF, 0x4F, 0x00, 0x00, 0x00, 0x00, 0x00, 0xE0, 0xFF, 0x4F, 0x00, 0x00, 0x00,
    0x00, 0x00, 0xE0, 0xFF, 0x4F, 0x00, 0x00, 0x00, 0x00, 0x00, 0xE0, 0xFF, 0x4F, 0x00, 0x00, 0x00,
    0x00, 0x00, 0xE0, 0xFF, 0x4F, 0x00, 0x00, 0x00, 0x00, 0x00, 0xE0, 0xFF, 0x4F, 0x00, 0x00, 0x00,
    0x00, 0x00, 0xE0, 0xFF, 0x4F, 0x00, 0x00, 0x00, 0x00, 0x00, 0xE0, 0xFF, 0x4F, 0x00, 0x00, 0x00,
    0x00, 0x00, 0xE0, 0xFF, 0x4F, 0x00, 0x00, 0x00, 0x00, 0x00, 0xE0, 0xFF, 0x4F, 0x00, 0x00, 0x00,
    0x00, 0x00, 0xE0, 0xFF, 0x4F, 0x00, 0x00, 0x00, 0x00, 0x00, 0xE0, 0xFF, 0x4F, 0x00, 0x00, 0x00,
    0x00, 0x00, 0xE0, 0xFF, 0x4F, 0x00, 0x00, 0x00, 0x00, 0x00, 0xE0, 0xFF, 0x4F, 0x00, 0x00, 0x00,
    0x00, 0x00, 0xE0, 0xFF, 0x4F, 0x00, 0x00, 0x00, 0x00, 0x00, 0xE0, 0xFF, 0x4F, 0x00, 0x00, 0x00,
    // Unicode: [0x0067, g]
    0x00, 0x20, 0xC8, 0xFE, 0xDE, 0x5A, 0x00, 0xF9, 0xFF, 0x05, 0x00, 0xF6, 0xFF, 0xFF, 0xFF, 0xFF,
    0x1C, 0xFA, 0xFF, 0x05, 0x30, 0xFF, 0xFF, 0xFF, 0xFF, 0xFF, 0xBF, 0xFB, 0xFF, 0x05, 0xB0, 0xFF,
    0xFF, 0xFF, 0xFF, 0xFF, 0xFF, 0xFF, 0xFF, 0x05, 0xF1, 0xFF, 0xEF, 0x26, 0x11, 0x52, 0xFB, 0xFF,
    0xFF, 0x05, 0xF4, 0xFF, 0x4F, 0x00, 0x00, 0x00, 0xB0, 0xFF, 0xFF, 0x05, 0xF6, 0xFF, 0x0E, 0x00,
    0x00, 0x00, 0x40, 0xFF, 0xFF, 0x05, 0xF8, 0xFF, 0x0B, 0x00, 0x00, 0x00, 0x10, 0xFF, 0xFF, 0x05,
    0xF9, 0xFF, 0x0A, 0x00, 0x00, 0x00, 0x00, 0xFF, 0xFF, 0x05, 0xF9, 0xFF, 0x0A, 0x00, 0x00, 0x00,
    0x00, 0xFE, 0xFF, 0x05, 0xFA, 0xFF, 0x0A, 0x00, 0x00, 0x00, 0x00, 0xFE, 0xFF, 0x05, 0xF9, 0xFF,
    0x0A, 0x00, 0x00, 0x00, 0x00, 0xFE, 0xFF, 0x05, 0xF9, 0xFF, 0x0A, 0x00, 0x00, 0x00, 0x00, 0xFF,
    0xFF, 0x05, 0xF8, 0xFF, 0x0B, 0x00, 0x00, 0x00, 0x10, 0xFF, 0xFF, 0x05, 0xF7, 0xFF, 0x0D, 0x00,
    0x00, 0x00, 0x30, 0xFF, 0xFF, 0x05, 0xF4, 0xFF, 0x3F, 0x00, 0x00, 0x00, 0xA0, 0xFF, 0xFF, 0x05,
    0xF1, 0xFF, 0xDF, 0x15, 0x00, 0x41, 0xFA, 0xFF, 0xFF, 0x05, 0xB0, 0xFF, 0xFF, 0xFF, 0xFF, 0xFF,
    0xFF, 0xFF, 0xFF, 0x05, 0x40, 0xFF, 0xFF, 0xFF, 0xFF, 0xFF, 0xBF, 0xFE, 0xFF, 0x05, 0x00, 0xF7,
    0xFF, 0xFF, 0xFF, 0xFF, 0x1C, 0xFE, 0xFF, 0x04, 0x00, 0x30, 0xC9, 0xFE, 0xDE, 0x6A, 0x00, 0xFE,
    0xFF, 0x04, 0x00, 0x00, 0x00, 0x00, 0x00, 0x00, 0x00, 0xFF, 0xFF, 0x03, 0x00, 0x00, 0x00, 0x00,
    0x00, 0x00, 0x20, 0xFF, 0xFF, 0x01, 0x00, 0x00, 0x00, 0x00, 0x00, 0x00, 0x80, 0xFF, 0xEF, 0x00,
    0x00, 0x00, 0x00, 0x00, 0x00, 0x10, 0xF8, 0xFF, 0xBF, 0x00, 0x30, 0xCC, 0xCC, 0xCC, 0xDC, 0xFE,
    0xFF, 0xFF, 0x5F, 0x00, 0x40, 0xFF, 0xFF, 0xFF, 0xFF, 0xFF, 0xFF, 0xFF, 0x0B, 0x00, 0x40, 0xFF,
    0xFF, 0xFF, 0xFF, 0xFF, 0xFF, 0x9F, 0x01, 0x00, 0x30, 0xED, 0xFF, 0xFF, 0xFF, 0xDE, 0x7B, 0x02,
    0x00, 0x00,
    // Unicode: [0x0068, h]
    0xFD, 0xFF, 0x06, 0x00, 0x00, 0x00, 0x00, 0x00, 0x00, 0xFD, 0xFF, 0x06, 0x00, 0x00, 0x00, 0x00,
    0x00, 0x00, 0xFD, 0xFF, 0x06, 0x00, 0x00, 0x00, 0x00, 0x00, 0x00, 0xFD, 0xFF, 0x06, 0x00, 0x00,
    0x00, 0x00, 0x00, 0x00, 0xFD, 0xFF, 0x06, 0x00, 0x00, 0x00, 0x00, 0x00, 0x00, 0xFD, 0xFF, 0x06,
    0x00, 0x00, 0x00, 0x00, 0x00, 0x00, 0xFD, 0xFF, 0x06, 0x00, 0x00, 0x00, 0x00, 0x00, 0x00, 0xFD,
    0xFF, 0x06, 0x00, 0x00, 0x00, 0x00, 0x00, 0x00, 0xFD, 0xFF, 0x06, 0x00, 0x00, 0x00, 0x00, 0x00,
    0x00, 0xFD, 0xFF, 0x06, 0x82, 0xEC, 0xFF, 0xBE, 0x17, 0x00, 0xFD, 0xFF, 0x56, 0xFE, 0xFF, 0xFF,
    0xFF, 0xCF, 0x02, 0xFD, 0xFF, 0xE9, 0xFF, 0xFF, 0xFF, 0xFF, 0xFF, 0x0B, 0xFD, 0xFF, 0xFF, 0xFF,
    0xFF, 0xFF, 0xFF, 0xFF, 0x3F, 0xFD, 0xFF, 0xEF, 0x37, 0x11, 0x42, 0xFB, 0xFF, 0x6F, 0xFD, 0xFF,
    0x4F, 0x00, 0x00, 0x00, 0xE1, 0xFF, 0x8F, 0xFD, 0xFF, 0x0C, 0x00, 0x00, 0x00, 0xB0, 0xFF, 0xAF,
    0xFD, 0xFF, 0x08, 0x00, 0x00, 0x00, 0xA0, 0xFF, 0xAF, 0xFD, 0xFF, 0x07, 0x00, 0x00, 0x00, 0x90,
    0xFF, 0xAF, 0xFD, 0xFF, 0x06, 0x00, 0x00, 0x00, 0x90, 0xFF, 0xAF, 0xFD, 0xFF, 0x06, 0x00, 0x00,
    0x00, 0x80, 0xFF, 0xAF, 0xFD, 0xFF, 0x06, 0x00, 0x00, 0x00, 0x80, 0xFF, 0xAF, 0xFD, 0xFF, 0x06,
    0x00, 0x00, 0x00, 0x80, 0xFF, 0xAF, 0xFD, 0xFF, 0x06, 0x00, 0x00, 0x00, 0x80, 0xFF, 0xAF, 0xFD,
    0xFF, 0x06, 0x00, 0x00, 0x00, 0x80, 0xFF, 0xAF, 0xFD, 0xFF, 0x06, 0x00, 0x00, 0x00, 0x80, 0xFF,
    0xAF, 0xFD, 0xFF, 0x06, 0x00, 0x00, 0x00, 0x80, 0xFF, 0xAF, 0xFD, 0xFF, 0x06, 0x00, 0x00, 0x00,
    0x80, 0xFF, 0xAF, 0xFD, 0xFF, 0x06, 0x00, 0x00, 0x00, 0x80, 0xFF, 0xAF, 0xFD, 0xFF, 0x06, 0x00,
    0x00, 0x00, 0x80, 0xFF, 0xAF, 0xFD, 0xFF, 0x06, 0x00, 0x00, 0x00, 0x80, 0xFF, 0xAF,
    // Unicode: [0x0069, i]
    0xFE, 0xFF, 0x08, 0xFE, 0xFF, 0x08, 0xFE, 0xFF, 0x08, 0xFE, 0xFF, 0x08, 0x65, 0x66, 0x03, 0x00,
    0x00, 0x00, 0x00, 0x00, 0x00, 0x00, 0x00, 0x00, 0x00, 0x00, 0x00, 0xFD, 0xFF, 0x06, 0xFD, 0xFF,
    0x06, 0xFD, 0xFF, 0x06, 0xFD, 0xFF, 0x06, 0xFD, 0xFF, 0x06, 0xFD, 0xFF, 0x06, 0xFD, 0xFF, 0x06,
    0xFD, 0xFF, 0x06, 0xFD, 0xFF, 0x06, 0xFD, 0xFF, 0x06, 0xFD, 0xFF, 0x06, 0xFD, 0xFF, 0x06, 0xFD,
    0xFF, 0x06, 0xFD, 0xFF, 0x06, 0xFD, 0xFF, 0x06, 0xFD, 0xFF, 0x06, 0xFD, 0xFF, 0x06, 0xFD, 0xFF,
    0x06, 0xFD, 0xFF, 0x06, 0xFD, 0xFF, 0x06, 0xFD, 0xFF, 0x06,
    // Unicode: [0x006A, j]
    0x00, 0x00, 0xFE, 0xFF, 0x08, 0x00, 0x00, 0xFE, 0xFF, 0x08, 0x00, 0x00, 0xFE, 0xFF, 0x08, 0x00,
    0x00, 0xFE, 0xFF, 0x08, 0x00, 0x00, 0x65, 0x66, 0x03, 0x00, 0x00, 0x00, 0x00, 0x00, 0x00, 0x00,
    0x00, 0x00, 0x00, 0x00, 0x00, 0x00, 0x00, 0x00, 0x00, 0x00, 0x00, 0x00, 0x00, 0x00, 0x00, 0xFD,
    0xFF, 0x06, 0x00, 0x00, 0xFD, 0xFF, 0x06, 0x00, 0x00, 0xFD, 0xFF, 0x06, 0x00, 0x00, 0xFD, 0xFF,
    0x06, 0x00, 0x00, 0xFD, 0xFF, 0x06, 0x00, 0x00, 0xFD, 0xFF, 0x06, 0x00, 0x00, 0xFD, 0xFF, 0x06,
    0x00, 0x00, 0xFD, 0xFF, 0x06, 0x00, 0x00, 0xFD, 0xFF, 0x06, 0x00, 0x00, 0xFD, 0xFF, 0x06, 0x00,
    0x00, 0xFD, 0xFF, 0x06, 0x00, 0x00, 0xFD, 0xFF, 0x06, 0x00, 0x00, 0xFD, 0xFF, 0x06, 0x00, 0x00,
    0xFD, 0xFF, 0x06, 0x00, 0x00, 0xFD, 0xFF, 0x06, 0x00, 0x00, 0xFD, 0xFF, 0x06, 0x00, 0x00, 0xFD,
    0xFF, 0x06, 0x00, 0x00, 0xFD, 0xFF, 0x06, 0x00, 0x00, 0xFD, 0xFF, 0x06, 0x00, 0x00, 0xFD, 0xFF,
    0x06, 0x00, 0x00, 0xFD, 0xFF, 0x06, 0x00, 0x00, 0xFD, 0xFF, 0x06, 0x00, 0x00, 0xFD, 0xFF, 0x06,
    0x00, 0x00, 0xFD, 0xFF, 0x05, 0x00, 0x10, 0xFF, 0xFF, 0x04, 0x84, 0xE9, 0xFF, 0xFF, 0x02, 0xF8,
    0xFF, 0xFF, 0xCF, 0x00, 0xF8, 0xFF, 0xFF, 0x3E, 0x00, 0xF8, 0xDE, 0x8C, 0x02, 0x00,
    // Unicode: [0x006B, k]
    0xFD, 0xFF, 0x06, 0x00, 0x00, 0x00, 0x00, 0x00, 0x00, 0xFD, 0xFF, 0x06, 0x00, 0x00, 0x00, 0x00,
    0x00, 0x00, 0xFD, 0xFF, 0x06, 0x00, 0x00, 0x00, 0x00, 0x00, 0x00, 0xFD, 0xFF, 0x06, 0x00, 0x00,
    0x00, 0x00, 0x00, 0x00, 0xFD, 0xFF, 0x06, 0x00, 0x00, 0x00, 0x00, 0x00, 0x00, 0xFD, 0xFF, 0x06,
    0x00, 0x00, 0x00, 0x00, 0x00, 0x00, 0xFD, 0xFF, 0x06, 0x00, 0x00, 0x00, 0x00, 0x00, 0x00, 0xFD,
    0xFF, 0x06, 0x00, 0x00, 0x00, 0x00, 0x00, 0x00, 0xFD, 0xFF, 0x06, 0x00, 0x00, 0x00, 0x00, 0x00,
    0x00, 0xFD, 0xFF, 0x06, 0x00, 0x00, 0x00, 0xF4, 0xFF, 0x6F, 0xFD, 0xFF, 0x06, 0x00, 0x00, 0x10,
    0xFE, 0xFF, 0x0A, 0xFD, 0xFF, 0x06, 0x00, 0x00, 0xB0, 0xFF, 0xDF, 0x01, 0xFD, 0xFF, 0x06, 0x00,
    0x00, 0xF7, 0xFF, 0x3F, 0x00, 0xFD, 0xFF, 0x06, 0x00, 0x30, 0xFF, 0xFF, 0x07, 0x00, 0xFD, 0xFF,
    0x06, 0x00, 0xD1, 0xFF, 0xBF, 0x00, 0x00, 0xFD, 0xFF, 0x06, 0x00, 0xF9, 0xFF, 0x1E, 0x00, 0x00,
    0xFD, 0xFF, 0x06, 0x50, 0xFF, 0xFF, 0x04, 0x00, 0x00, 0xFD, 0xFF, 0x06, 0xE2, 0xFF, 0x8F, 0x00,
    0x00, 0x00, 0xFD, 0xFF, 0xFF, 0xFF, 0xFF, 0x0B, 0x00, 0x00, 0x00, 0xFD, 0xFF, 0xFF, 0xFF, 0xFF,
    0x02, 0x00, 0x00, 0x00, 0xFD, 0xFF, 0xFF, 0xFF, 0xFF, 0x09, 0x00, 0x00, 0x00, 0xFD, 0xFF, 0xDE,
    0xFE, 0xFF, 0x6F, 0x00, 0x00, 0x00, 0xFD, 0xFF, 0x06, 0xD1, 0xFF, 0xEF, 0x03, 0x00, 0x00, 0xFD,
    0xFF, 0x06, 0x30, 0xFE, 0xFF, 0x1D, 0x00, 0x00, 0xFD, 0xFF, 0x06, 0x00, 0xF5, 0xFF, 0xAF, 0x00,
    0x00, 0xFD, 0xFF, 0x06, 0x00, 0x80, 0xFF, 0xFF, 0x07, 0x00, 0xFD, 0xFF, 0x06, 0x00, 0x00, 0xFB,
    0xFF, 0x3F, 0x00, 0xFD, 0xFF, 0x06, 0x00, 0x00, 0xD1, 0xFF, 0xDF, 0x01, 0xFD, 0xFF, 0x06, 0x00,
    0x00, 0x30, 0xFF, 0xFF, 0x0B, 0xFD, 0xFF, 0x06, 0x00, 0x00, 0x00, 0xF6, 0xFF, 0x7F,
    // Unicode: [0x006C, l]
    0xFD, 0xFF, 0x06, 0xFD, 0xFF, 0x06, 0xFD, 0xFF, 0x06, 0xFD, 0xFF, 0x06, 0xFD, 0xFF, 0x06, 0xFD,
    0xFF, 0x06, 0xFD, 0xFF, 0x06, 0xFD, 0xFF, 0x06, 0xFD, 0xFF, 0x06, 0xFD, 0xFF, 0x06, 0xFD, 0xFF,
    0x06, 0xFD, 0xFF, 0x06, 0xFD, 0xFF, 0x06, 0xFD, 0xFF, 0x06, 0xFD, 0xFF, 0x06, 0xFD, 0xFF, 0x06,
    0xFD, 0xFF, 0x06, 0xFD, 0xFF, 0x06, 0xFD, 0xFF, 0x06, 0xFD, 0xFF, 0x06, 0xFD, 0xFF, 0x06, 0xFD,
    0xFF, 0x06, 0xFD, 0xFF, 0x06, 0xFD, 0xFF, 0x06, 0xFD, 0xFF, 0x06, 0xFD, 0xFF, 0x06, 0xFD, 0xFF,
    0x06, 0xFD, 0xFF, 0x06, 0xFD, 0xFF, 0x06, 0xFD, 0xFF, 0x06,
    // Unicode: [0x006D, m]
    0xFD, 0xFF, 0x01, 0x82, 0xEC, 0xEF, 0x9D, 0x03, 0x00, 0x72, 0xDC, 0xEF, 0x9D, 0x02, 0x00, 0xFD,
    0xFF, 0x62, 0xFF, 0xFF, 0xFF, 0xFF, 0x5E, 0x50, 0xFE, 0xFF, 0xFF, 0xFF, 0x4E, 0x00, 0xFD, 0xFF,
    0xF6, 0xFF, 0xFF, 0xFF, 0xFF, 0xEF, 0xF4, 0xFF, 0xFF, 0xFF, 0xFF, 0xEF, 0x00, 0xFD, 0xFF, 0xFF,
    0xFF, 0xFF, 0xFF, 0xFF, 0xFF, 0xFF, 0xFF, 0xFF, 0xFF, 0xFF, 0xFF, 0x05, 0xFD, 0xFF, 0xEF, 0x37,
    0x22, 0xB4, 0xFF, 0xFF, 0xFF, 0x38, 0x22, 0x83, 0xFF, 0xFF, 0x09, 0xFD, 0xFF, 0x3F, 0x00, 0x00,
    0x10, 0xFE, 0xFF, 0x6F, 0x00, 0x00, 0x00, 0xFC, 0xFF, 0x0B, 0xFD, 0xFF, 0x0B, 0x00, 0x00, 0x00,
    0xFB, 0xFF, 0x0E, 0x00, 0x00, 0x00, 0xF8, 0xFF, 0x0C, 0xFD, 0xFF, 0x08, 0x00, 0x00, 0x00, 0xFA,
    0xFF, 0x0C, 0x00, 0x00, 0x00, 0xF6, 0xFF, 0x0D, 0xFD, 0xFF, 0x07, 0x00, 0x00, 0x00, 0xF9, 0xFF,
    0x0A, 0x00, 0x00, 0x00, 0xF6, 0xFF, 0x0D, 0xFD, 0xFF, 0x06, 0x00, 0x00, 0x00, 0xF9, 0xFF, 0x0A,
    0x00, 0x00, 0x00, 0xF5, 0xFF, 0x0D, 0xFD, 0xFF, 0x06, 0x00, 0x00, 0x00, 0xF9, 0xFF, 0x0A, 0x00,
    0x00, 0x00, 0xF5, 0xFF, 0x0D, 0xFD, 0xFF, 0x06, 0x00, 0x00, 0x00, 0xF9, 0xFF, 0x0A, 0x00, 0x00,
    0x00, 0xF5, 0xFF, 0x0D, 0xFD, 0xFF, 0x06, 0x00, 0x00, 0x00, 0xF9, 0xFF, 0x0A, 0x00, 0x00, 0x00,
    0xF5, 0xFF, 0x0D, 0xFD, 0xFF, 0x06, 0x00, 0x00, 0x00, 0xF9, 0xFF, 0x0A, 0x00, 0x00, 0x00, 0xF5,
    0xFF, 0x0D, 0xFD, 0xFF, 0x06, 0x00, 0x00, 0x00, 0xF9, 0xFF, 0x0A, 0x00, 0x00, 0x00, 0xF5, 0xFF,
    0x0D, 0xFD, 0xFF, 0x06, 0x00, 0x00, 0x00, 0xF9, 0xFF, 0x0A, 0x00, 0x00, 0x00, 0xF5, 0xFF, 0x0D,
    0xFD, 0xFF, 0x06, 0x00, 0x00, 0x00, 0xF9, 0xFF, 0x0A, 0x00, 0x00, 0x00, 0xF5, 0xFF, 0x0D, 0xFD,
    0xFF, 0x06, 0x00, 0x00, 0x00, 0xF9, 0xFF, 0x0A, 0x00, 0x00, 0x00, 0xF5, 0xFF, 0x0D, 0xFD, 0xFF,
    0x06, 0x00, 0x00, 0x00, 0xF9, 0xFF, 0x0A, 0x00, 0x00, 0x00, 0xF5, 0xFF, 0x0D, 0xFD, 0xFF, 0x06,
    0x00, 0x00, 0x00, 0xF9, 0xFF, 0x0A, 0x00, 0x00, 0x00, 0xF5, 0xFF, 0x0D, 0xFD, 0xFF, 0x06, 0x00,
    0x00, 0x00, 0xF9, 0xFF, 0x0A, 0x00, 0x00, 0x00, 0xF5, 0xFF, 0x0D,
    // Unicode: [0x006E, n]
    0xFD, 0xFF, 0x01, 0x82, 0xEC, 0xFF, 0xBE, 0x17, 0x00, 0xFD, 0xFF, 0x52, 0xFE, 0xFF, 0xFF, 0xFF,
    0xCF, 0x01, 0xFD, 0xFF, 0xF6, 0xFF, 0xFF, 0xFF, 0xFF, 0xFF, 0x0B, 0xFD, 0xFF, 0xFF, 0xFF, 0xFF,
    0xFF, 0xFF, 0xFF, 0x3F, 0xFD, 0xFF, 0xFF, 0x48, 0x22, 0x42, 0xFC, 0xFF, 0x6F, 0xFD, 0xFF, 0x4F,
    0x00, 0x00, 0x00, 0xE1, 0xFF, 0x8F, 0xFD, 0xFF, 0x0C, 0x00, 0x00, 0x00, 0xB0, 0xFF, 0xAF, 0xFD,
    0xFF, 0x08, 0x00, 0x00, 0x00, 0xA0, 0xFF, 0xAF, 0xFD, 0xFF, 0x07, 0x00, 0x00, 0x00, 0x90, 0xFF,
    0xAF, 0xFD, 0xFF, 0x06, 0x00, 0x00, 0x00, 0x90, 0xFF, 0xAF, 0xFD, 0xFF, 0x06, 0x00, 0x00, 0x00,
    0x80, 0xFF, 0xAF, 0xFD, 0xFF, 0x06, 0x00, 0x00, 0x00, 0x80, 0xFF, 0xAF, 0xFD, 0xFF, 0x06, 0x00,
    0x00, 0x00, 0x80, 0xFF, 0xAF, 0xFD, 0xFF, 0x06, 0x00, 0x00, 0x00, 0x80, 0xFF, 0xAF, 0xFD, 0xFF,
    0x06, 0x00, 0x00, 0x00, 0x80, 0xFF, 0xAF, 0xFD, 0xFF, 0x06, 0x00, 0x00, 0x00, 0x80, 0xFF, 0xAF,
    0xFD, 0xFF, 0x06, 0x00, 0x00, 0x00, 0x80, 0xFF, 0xAF, 0xFD, 0xFF, 0x06, 0x00, 0x00, 0x00, 0x80,
    0xFF, 0xAF, 0xFD, 0xFF, 0x06, 0x00, 0x00, 0x00, 0x80, 0xFF, 0xAF, 0xFD, 0xFF, 0x06, 0x00, 0x00,
    0x00, 0x80, 0xFF, 0xAF, 0xFD, 0xFF, 0x06, 0x00, 0x00, 0x00, 0x80, 0xFF, 0xAF,
    // Unicode: [0x006F, o]
    0x00, 0x30, 0xB8, 0xED, 0xFF, 0xEF, 0xBD, 0x38, 0x00, 0x00, 0x00, 0xF9, 0xFF, 0xFF, 0xFF, 0xFF,
    0xFF, 0xFF, 0x0A, 0x00, 0x80, 0xFF, 0xFF, 0xFF, 0xFF, 0xFF, 0xFF, 0xFF, 0x9F, 0x00, 0xE1, 0xFF,
    0xFF, 0xEF, 0xCD, 0xED, 0xFF, 0xFF, 0xFF, 0x01, 0xF4, 0xFF, 0xAF, 0x02, 0x00, 0x00, 0xA1, 0xFF,
    0xFF, 0x04, 0xF6, 0xFF, 0x1E, 0x00, 0x00, 0x00, 0x10, 0xFE, 0xFF, 0x07, 0xF8, 0xFF, 0x0C, 0x00,
    0x00, 0x00, 0x00, 0xFB, 0xFF, 0x08, 0xF9, 0xFF, 0x0B, 0x00, 0x00, 0x00, 0x00, 0xFA, 0xFF, 0x09,
    0xF9, 0xFF, 0x0A, 0x00, 0x00, 0x00, 0x00, 0xF9, 0xFF, 0x0A, 0xF9, 0xFF, 0x0A, 0x00, 0x00, 0x00,
    0x00, 0xF9, 0xFF, 0x0A, 0xFA, 0xFF, 0x0A, 0x00, 0x00, 0x00, 0x00, 0xF9, 0xFF, 0x0A, 0xF9, 0xFF,
    0x0A, 0x00, 0x00, 0x00, 0x00, 0xF9, 0xFF, 0x0A, 0xF9, 0xFF, 0x0A, 0x00, 0x00, 0x00, 0x00, 0xF9,
    0xFF, 0x0A, 0xF8, 0xFF, 0x0B, 0x00, 0x00, 0x00, 0x00, 0xFA, 0xFF, 0x09, 0xF8, 0xFF, 0x0C, 0x00,
    0x00, 0x00, 0x00, 0xFB, 0xFF, 0x08, 0xF6, 0xFF, 0x1F, 0x00, 0x00, 0x00, 0x10, 0xFE, 0xFF, 0x07,
    0xF4, 0xFF, 0xBF, 0x02, 0x00, 0x00, 0xA2, 0xFF, 0xFF, 0x04, 0xE1, 0xFF, 0xFF, 0xEF, 0xCD, 0xED,
    0xFF, 0xFF, 0xFF, 0x01, 0x80, 0xFF, 0xFF, 0xFF, 0xFF, 0xFF, 0xFF, 0xFF, 0x8F, 0x00, 0x00, 0xF9,
    0xFF, 0xFF, 0xFF, 0xFF, 0xFF, 0xFF, 0x09, 0x00, 0x00, 0x30, 0xB8, 0xED, 0xFF, 0xEF, 0xBD, 0x38,
    0x00, 0x00,
    // Unicode: [0x0070, p]
    0xFD, 0xFF, 0x01, 0x82, 0xDC, 0xFF, 0xBD, 0x06, 0x00, 0x00, 0xFD, 0xFF, 0x62, 0xFF, 0xFF, 0xFF,
    0xFF, 0xCF, 0x01, 0x00, 0xFD, 0xFF, 0xF7, 0xFF, 0xFF, 0xFF, 0xFF, 0xFF, 0x0B, 0x00, 0xFD, 0xFF,
    0xFF, 0xFF, 0xFF, 0xFF, 0xFF, 0xFF, 0x3F, 0x00, 0xFD, 0xFF, 0xEF, 0x38, 0x11, 0x42, 0xFA, 0xFF,
    0x8F, 0x00, 0xFD, 0xFF, 0x4F, 0x00, 0x00, 0x00, 0xB0, 0xFF, 0xBF, 0x00, 0xFD, 0xFF, 0x0B, 0x00,
    0x00, 0x00, 0x60, 0xFF, 0xEF, 0x00, 0xFD, 0xFF, 0x08, 0x00, 0x00, 0x00, 0x40, 0xFF, 0xFF, 0x00,
    0xFD, 0xFF, 0x07, 0x00, 0x00, 0x00, 0x30, 0xFF, 0xFF, 0x01, 0xFD, 0xFF, 0x06, 0x00, 0x00, 0x00,
    0x20, 0xFF, 0xFF, 0x02, 0xFD, 0xFF, 0x06, 0x00, 0x00, 0x00, 0x20, 0xFF, 0xFF, 0x02, 0xFD, 0xFF,
    0x06, 0x00, 0x00, 0x00, 0x20, 0xFF, 0xFF, 0x01, 0xFD, 0xFF, 0x07, 0x00, 0x00, 0x00, 0x30, 0xFF,
    0xFF, 0x01, 0xFD, 0xFF, 0x08, 0x00, 0x00, 0x00, 0x40, 0xFF, 0xFF, 0x00, 0xFD, 0xFF, 0x0B, 0x00,
    0x00, 0x00, 0x60, 0xFF, 0xEF, 0x00, 0xFD, 0xFF, 0x3F, 0x00, 0x00, 0x00, 0xC0, 0xFF, 0xBF, 0x00,
    0xFD, 0xFF, 0xEF, 0x48, 0x22, 0x42, 0xFA, 0xFF, 0x8F, 0x00, 0xFD, 0xFF, 0xFF, 0xFF, 0xFF, 0xFF,
    0xFF, 0xFF, 0x3F, 0x00, 0xFD, 0xFF, 0xEA, 0xFF, 0xFF, 0xFF, 0xFF, 0xFF, 0x0B, 0x00, 0xFD, 0xFF,
    0x56, 0xFE, 0xFF, 0xFF, 0xFF, 0xCF, 0x01, 0x00, 0xFD, 0xFF, 0x06, 0x82, 0xEC, 0xFF, 0xBE, 0x06,
    0x00, 0x00, 0xFD, 0xFF, 0x06, 0x00, 0x00, 0x00, 0x00, 0x00, 0x00, 0x00, 0xFD, 0xFF, 0x06, 0x00,
    0x00, 0x00, 0x00, 0x00, 0x00, 0x00, 0xFD, 0xFF, 0x06, 0x00, 0x00, 0x00, 0x00, 0x00, 0x00, 0x00,
    0xFD, 0xFF, 0x06, 0x00, 0x00, 0x00, 0x00, 0x00, 0x00, 0x00, 0xFD, 0xFF, 0x06, 0x00, 0x00, 0x00,
    0x00, 0x00, 0x00, 0x00, 0xFD, 0xFF, 0x06, 0x00, 0x00, 0x00, 0x00, 0x00, 0x00, 0x00, 0xFD, 0xFF,
    0x06, 0x00, 0x00, 0x00, 0x00, 0x00, 0x00, 0x00, 0xFD, 0xFF, 0x06, 0x00, 0x00, 0x00, 0x00, 0x00,
    0x00, 0x00,
    // Unicode: [0x0071, q]
    0x00, 0x20, 0xC8, 0xFE, 0xDE, 0x5A, 0x00, 0xF9, 0xFF, 0x05, 0x00, 0xF6, 0xFF, 0xFF, 0xFF, 0xFF,
    0x1C, 0xFA, 0xFF, 0x05, 0x30, 0xFF, 0xFF, 0xFF, 0xFF, 0xFF, 0xBF, 0xFB, 0xFF, 0x05, 0xB0, 0xFF,
    0xFF, 0xFF, 0xFF, 0xFF, 0xFF, 0xFF, 0xFF, 0x05, 0xF1, 0xFF, 0xEF, 0x26, 0x11, 0x52, 0xFB, 0xFF,
    0xFF, 0x05, 0xF4, 0xFF, 0x4F, 0x00, 0x00, 0x00, 0xB0, 0xFF, 0xFF, 0x05, 0xF6, 0xFF, 0x0D, 0x00,
    0x00, 0x00, 0x40, 0xFF, 0xFF, 0x05, 0xF8, 0xFF, 0x0B, 0x00, 0x00, 0x00, 0x10, 0xFF, 0xFF, 0x05,
    0xF9, 0xFF, 0x0A, 0x00, 0x00, 0x00, 0x00, 0xFF, 0xFF, 0x05, 0xF9, 0xFF, 0x0A, 0x00, 0x00, 0x00,
    0x00, 0xFE, 0xFF, 0x05, 0xFA, 0xFF, 0x0A, 0x00, 0x00, 0x00, 0x00, 0xFE, 0xFF, 0x05, 0xF9, 0xFF,
    0x0A, 0x00, 0x00, 0x00, 0x00, 0xFE, 0xFF, 0x05, 0xF9, 0xFF, 0x0A, 0x00, 0x00, 0x00, 0x00, 0xFF,
    0xFF, 0x05, 0xF8, 0xFF, 0x0B, 0x00, 0x00, 0x00, 0x10, 0xFF, 0xFF, 0x05, 0xF6, 0xFF, 0x0E, 0x00,
    0x00, 0x00, 0x40, 0xFF, 0xFF, 0x05, 0xF4, 0xFF, 0x4F, 0x00, 0x00, 0x00, 0xB0, 0xFF, 0xFF, 0x05,
    0xF1, 0xFF, 0xEF, 0x37, 0x22, 0x53, 0xFC, 0xFF, 0xFF, 0x05, 0xB0, 0xFF, 0xFF, 0xFF, 0xFF, 0xFF,
    0xFF, 0xFF, 0xFF, 0x05, 0x40, 0xFF, 0xFF, 0xFF, 0xFF, 0xFF, 0xBF, 0xFE, 0xFF, 0x05, 0x00, 0xF7,
    0xFF, 0xFF, 0xFF, 0xFF, 0x1C, 0xFE, 0xFF, 0x05, 0x00, 0x30, 0xD9, 0xFE, 0xDE, 0x5A, 0x00, 0xFE,
    0xFF, 0x05, 0x00, 0x00, 0x00, 0x00, 0x00, 0x00, 0x00, 0xFE, 0xFF, 0x05, 0x00, 0x00, 0x00, 0x00,
    0x00, 0x00, 0x00, 0xFE, 0xFF, 0x05, 0x00, 0x00, 0x00, 0x00, 0x00, 0x00, 0x00, 0xFE, 0xFF, 0x05,
    0x00, 0x00, 0x00, 0x00, 0x00, 0x00, 0x00, 0xFE, 0xFF, 0x05, 0x00, 0x00, 0x00, 0x00, 0x00, 0x00,
    0x00, 0xFE, 0xFF, 0x05, 0x00, 0x00, 0x00, 0x00, 0x00, 0x00, 0x00, 0xFE, 0xFF, 0x05, 0x00, 0x00,
    0x00, 0x00, 0x00, 0x00, 0x00, 0xFE, 0xFF, 0x05, 0x00, 0x00, 0x00, 0x00, 0x00, 0x00, 0x00, 0xFE,
    0xFF, 0x05,
    // Unicode: [0x0072, r]
    0xFD, 0xFF, 0x01, 0x61, 0xDB, 0x3F, 0xFD, 0xFF, 0x22, 0xFD, 0xFF, 0x3F, 0xFD, 0xFF, 0xC2, 0xFF,
    0xFF, 0x3F, 0xFD, 0xFF, 0xF7, 0xFF, 0xFF, 0x3F, 0xFD, 0xFF, 0xFF, 0xFF, 0x8B, 0x17, 0xFD, 0xFF,
    0xFF, 0x1A, 0x00, 0x00, 0xFD, 0xFF, 0xAF, 0x00, 0x00, 0x00, 0xFD, 0xFF, 0x2F, 0x00, 0x00, 0x00,
    0xFD, 0xFF, 0x0C, 0x00, 0x00, 0x00, 0xFD, 0xFF, 0x09, 0x00, 0x00, 0x00, 0xFD, 0xFF, 0x07, 0x00,
    0x00, 0x00, 0xFD, 0xFF, 0x06, 0x00, 0x00, 0x00, 0xFD, 0xFF, 0x06, 0x00, 0x00, 0x00, 0xFD, 0xFF,
    0x06, 0x00, 0x00, 0x00, 0xFD, 0xFF, 0x06, 0x00, 0x00, 0x00, 0xFD, 0xFF, 0x06, 0x00, 0x00, 0x00,
    0xFD, 0xFF, 0x06, 0x00, 0x00, 0x00, 0xFD, 0xFF, 0x06, 0x00, 0x00, 0x00, 0xFD, 0xFF, 0x06, 0x00,
    0x00, 0x00, 0xFD, 0xFF, 0x06, 0x00, 0x00, 0x00, 0xFD, 0xFF, 0x06, 0x00, 0x00, 0x00,
    // Unicode: [0x0073, s]
    0x00, 0x72, 0xDB, 0xFE, 0xEF, 0xCD, 0x9B, 0x05, 0x50, 0xFF, 0xFF, 0xFF, 0xFF, 0xFF, 0xFF, 0x0C,
    0xF3, 0xFF, 0xFF, 0xFF, 0xFF, 0xFF, 0xFF, 0x0C, 0xFA, 0xFF, 0xFF, 0xDD, 0xDC, 0xED, 0xFF, 0x0C,
    0xFD, 0xFF, 0x1A, 0x00, 0x00, 0x00, 0x20, 0x02, 0xFF, 0xFF, 0x02, 0x00, 0x00, 0x00, 0x00, 0x00,
    0xFF, 0xFF, 0x01, 0x00, 0x00, 0x00, 0x00, 0x00, 0xFE, 0xFF, 0x06, 0x00, 0x00, 0x00, 0x00, 0x00,
    0xFB, 0xFF, 0xDF, 0x9B, 0x57, 0x13, 0x00, 0x00, 0xF7, 0xFF, 0xFF, 0xFF, 0xFF, 0xFF, 0x9D, 0x02,
    0xB1, 0xFF, 0xFF, 0xFF, 0xFF, 0xFF, 0xFF, 0x1E, 0x00, 0xB6, 0xFD, 0xFF, 0xFF, 0xFF, 0xFF, 0x8F,
    0x00, 0x00, 0x10, 0x42, 0x86, 0xEA, 0xFF, 0xCF, 0x00, 0x00, 0x00, 0x00, 0x00, 0x50, 0xFF, 0xDF,
    0x00, 0x00, 0x00, 0x00, 0x00, 0x20, 0xFF, 0xEF, 0x00, 0x00, 0x00, 0x00, 0x00, 0x30, 0xFF, 0xDF,
    0x21, 0x01, 0x00, 0x00, 0x00, 0xA1, 0xFF, 0xCF, 0xF5, 0xFF, 0xDE, 0xCD, 0xDD, 0xFF, 0xFF, 0x9F,
    0xF5, 0xFF, 0xFF, 0xFF, 0xFF, 0xFF, 0xFF, 0x3F, 0xF5, 0xFF, 0xFF, 0xFF, 0xFF, 0xFF, 0xFF, 0x05,
    0x82, 0xCA, 0xED, 0xFE, 0xFF, 0xCE, 0x28, 0x00,
    // Unicode: [0x0074, t]
    0x00, 0x00, 0xA0, 0xAA, 0x2A, 0x00, 0x00, 0x00, 0x00, 0xF0, 0xFF, 0x4F, 0x00, 0x00, 0x00, 0x00,
    0xF0, 0xFF, 0x4F, 0x00, 0x00, 0x00, 0x00, 0xF0, 0xFF, 0x4F, 0x00, 0x00, 0x00, 0x00, 0xF0, 0xFF,
    0x4F, 0x00, 0x00, 0x00, 0x00, 0xF0, 0xFF, 0x4F, 0x00, 0x00, 0xF1, 0xFF, 0xFF, 0xFF, 0xFF, 0xFF,
    0xFF, 0xF1, 0xFF, 0xFF, 0xFF, 0xFF, 0xFF, 0xFF, 0xF1, 0xFF, 0xFF, 0xFF, 0xFF, 0xFF, 0xFF, 0xC1,
    0xCC, 0xFC, 0xFF, 0xDF, 0xCC, 0xCC, 0x00, 0x00, 0xF0, 0xFF, 0x4F, 0x00, 0x00, 0x00, 0x00, 0xF0,
    0xFF, 0x4F, 0x00, 0x00, 0x00, 0x00, 0xF0, 0xFF, 0x4F, 0x00, 0x00, 0x00, 0x00, 0xF0, 0xFF, 0x4F,
    0x00, 0x00, 0x00, 0x00, 0xF0, 0xFF, 0x4F, 0x00, 0x00, 0x00, 0x00, 0xF0, 0xFF, 0x4F, 0x00, 0x00,
    0x00, 0x00, 0xF0, 0xFF, 0x4F, 0x00, 0x00, 0x00, 0x00, 0xF0, 0xFF, 0x4F, 0x00, 0x00, 0x00, 0x00,
    0xF0, 0xFF, 0x4F, 0x00, 0x00, 0x00, 0x00, 0xF0, 0xFF, 0x4F, 0x00, 0x00, 0x00, 0x00, 0xF0, 0xFF,
    0x4F, 0x00, 0x00, 0x00, 0x00, 0xF0, 0xFF, 0x4F, 0x00, 0x00, 0x00, 0x00, 0xF0, 0xFF, 0x4F, 0x00,
    0x00, 0x00, 0x00, 0xF0, 0xFF, 0x4F, 0x00, 0x00, 0x00, 0x00, 0xF0, 0xFF, 0x4F, 0x00, 0x00, 0x00,
    0x00, 0xF0, 0xFF, 0x4F, 0x00, 0x00, 0x00, 0x00, 0xF0, 0xFF, 0x4F, 0x00, 0x00,
    // Unicode: [0x0075, u]
    0xFD, 0xFF, 0x06, 0x00, 0x00, 0x00, 0x80, 0xFF, 0xAF, 0xFD, 0xFF, 0x06, 0x00, 0x00, 0x00, 0x80,
    0xFF, 0xAF, 0xFD, 0xFF, 0x06, 0x00, 0x00, 0x00, 0x80, 0xFF, 0xAF, 0xFD, 0xFF, 0x06, 0x00, 0x00,
    0x00, 0x80, 0xFF, 0xAF, 0xFD, 0xFF, 0x06, 0x00, 0x00, 0x00, 0x80, 0xFF, 0xAF, 0xFD, 0xFF, 0x06,
    0x00, 0x00, 0x00, 0x80, 0xFF, 0xAF, 0xFD, 0xFF, 0x06, 0x00, 0x00, 0x00, 0x80, 0xFF, 0xAF, 0xFD,
    0xFF, 0x06, 0x00, 0x00, 0x00, 0x80, 0xFF, 0xAF, 0xFD, 0xFF, 0x06, 0x00, 0x00, 0x00, 0x80, 0xFF,
    0xAF, 0xFD, 0xFF, 0x06, 0x00, 0x00, 0x00, 0x80, 0xFF, 0xAF, 0xFD, 0xFF, 0x06, 0x00, 0x00, 0x00,
    0x80, 0xFF, 0xAF, 0xFD, 0xFF, 0x06, 0x00, 0x00, 0x00, 0x90, 0xFF, 0xAF, 0xFD, 0xFF, 0x06, 0x00,
    0x00, 0x00, 0x90, 0xFF, 0xAF, 0xFD, 0xFF, 0x07, 0x00, 0x00, 0x00, 0xB0, 0xFF, 0xAF, 0xFC, 0xFF,
    0x09, 0x00, 0x00, 0x00, 0xE0, 0xFF, 0xAF, 0xFB, 0xFF, 0x0D, 0x00, 0x00, 0x00, 0xF7, 0xFF, 0xAF,
    0xF9, 0xFF, 0xBF, 0x24, 0x21, 0x94, 0xFF, 0xFF, 0xAF, 0xF5, 0xFF, 0xFF, 0xFF, 0xFF, 0xFF, 0xFF,
    0xFF, 0xAF, 0xD0, 0xFF, 0xFF, 0xFF, 0xFF, 0xFF, 0x7E, 0xFF, 0xAF, 0x30, 0xFD, 0xFF, 0xFF, 0xFF,
    0xEF, 0x44, 0xFF, 0xAF, 0x00, 0x81, 0xEC, 0xFF, 0xBE, 0x17, 0x30, 0xFF, 0xAF,
    // Unicode: [0x0076, v]
    0xFE, 0xFF, 0x07, 0x00, 0x00, 0x00, 0x00, 0xE1, 0xFF, 0x5F, 0xF9, 0xFF, 0x0C, 0x00, 0x00, 0x00,
    0x00, 0xF5, 0xFF, 0x1E, 0xF4, 0xFF, 0x2F, 0x00, 0x00, 0x00, 0x00, 0xF9, 0xFF, 0x0A, 0xE0, 0xFF,
    0x6F, 0x00, 0x00, 0x00, 0x00, 0xFE, 0xFF, 0x05, 0x90, 0xFF, 0xBF, 0x00, 0x00, 0x00, 0x40, 0xFF,
    0xEF, 0x01, 0x40, 0xFF, 0xFF, 0x01, 0x00, 0x00, 0x90, 0xFF, 0xAF, 0x00, 0x00, 0xFD, 0xFF, 0x06,
    0x00, 0x00, 0xD0, 0xFF, 0x5F, 0x00, 0x00, 0xF9, 0xFF, 0x0B, 0x00, 0x00, 0xF3, 0xFF, 0x1E, 0x00,
    0x00, 0xF4, 0xFF, 0x1F, 0x00, 0x00, 0xF8, 0xFF, 0x0A, 0x00, 0x00, 0xD0, 0xFF, 0x5F, 0x00, 0x00,
    0xFC, 0xFF, 0x05, 0x00, 0x00, 0x80, 0xFF, 0xAF, 0x00, 0x20, 0xFF, 0xEF, 0x01, 0x00, 0x00, 0x30,
    0xFF, 0xEF, 0x00, 0x70, 0xFF, 0xAF, 0x00, 0x00, 0x00, 0x00, 0xFD, 0xFF, 0x04, 0xC0, 0xFF, 0x5F,
    0x00, 0x00, 0x00, 0x00, 0xF8, 0xFF, 0x09, 0xF1, 0xFF, 0x1E, 0x00, 0x00, 0x00, 0x00, 0xF3, 0xFF,
    0x0E, 0xF6, 0xFF, 0x0A, 0x00, 0x00, 0x00, 0x00, 0xD0, 0xFF, 0x4F, 0xFB, 0xFF, 0x05, 0x00, 0x00,
    0x00, 0x00, 0x80, 0xFF, 0xBF, 0xFF, 0xEF, 0x01, 0x00, 0x00, 0x00, 0x00, 0x30, 0xFF, 0xFF, 0xFF,
    0xAF, 0x00, 0x00, 0x00, 0x00, 0x00, 0x00, 0xFD, 0xFF, 0xFF, 0x5F, 0x00, 0x00, 0x00, 0x00, 0x00,
    0x00, 0xF8, 0xFF, 0xFF, 0x0E, 0x00, 0x00, 0x00, 0x00, 0x00, 0x00, 0xF3, 0xFF, 0xFF, 0x0A, 0x00,
    0x00, 0x00,
    // Unicode: [0x0077, w]
    0xFC, 0xFF, 0x09, 0x00, 0x00, 0x00, 0x90, 0xFF, 0xAF, 0x00, 0x00, 0x00, 0x00, 0xF7, 0xFF, 0x0C,
    0xF7, 0xFF, 0x0D, 0x00, 0x00, 0x00, 0xD0, 0xFF, 0xEF, 0x00, 0x00, 0x00, 0x00, 0xFC, 0xFF, 0x07,
    0xF3, 0xFF, 0x2F, 0x00, 0x00, 0x00, 0xF2, 0xFF, 0xFF, 0x04, 0x00, 0x00, 0x10, 0xFF, 0xFF, 0x03,
    0xD0, 0xFF, 0x6F, 0x00, 0x00, 0x00, 0xF7, 0xFF, 0xFF, 0x08, 0x00, 0x00, 0x50, 0xFF, 0xDF, 0x00,
    0x90, 0xFF, 0xAF, 0x00, 0x00, 0x00, 0xFB, 0xFF, 0xFF, 0x0C, 0x00, 0x00, 0x90, 0xFF, 0x9F, 0x00,
    0x50, 0xFF, 0xEF, 0x00, 0x00, 0x10, 0xFF, 0xFF, 0xFF, 0x2F, 0x00, 0x00, 0xD0, 0xFF, 0x4F, 0x00,
    0x10, 0xFF, 0xFF, 0x03, 0x00, 0x40, 0xFF, 0xFF, 0xFF, 0x6F, 0x00, 0x00, 0xF2, 0xFF, 0x1E, 0x00,
    0x00, 0xFB, 0xFF, 0x07, 0x00, 0x90, 0xFF, 0xCF, 0xFF, 0xAF, 0x00, 0x00, 0xF6, 0xFF, 0x0B, 0x00,
    0x00, 0xF6, 0xFF, 0x0C, 0x00, 0xD0, 0xFF, 0x3F, 0xFF, 0xEF, 0x00, 0x00, 0xFA, 0xFF, 0x06, 0x00,
    0x00, 0xF2, 0xFF, 0x1F, 0x00, 0xF2, 0xFF, 0x0B, 0xFC, 0xFF, 0x04, 0x00, 0xFE, 0xFF, 0x02, 0x00,
    0x00, 0xD0, 0xFF, 0x5F, 0x00, 0xF6, 0xFF, 0x07, 0xF8, 0xFF, 0x08, 0x30, 0xFF, 0xCF, 0x00, 0x00,
    0x00, 0x80, 0xFF, 0x9F, 0x00, 0xFB, 0xFF, 0x02, 0xF3, 0xFF, 0x0C, 0x70, 0xFF, 0x8F, 0x00, 0x00,
    0x00, 0x40, 0xFF, 0xDF, 0x10, 0xFF, 0xDF, 0x00, 0xE0, 0xFF, 0x2F, 0xB0, 0xFF, 0x3F, 0x00, 0x00,
    0x00, 0x00, 0xFE, 0xFF, 0x42, 0xFF, 0x8F, 0x00, 0x90, 0xFF, 0x6F, 0xF1, 0xFF, 0x0E, 0x00, 0x00,
    0x00, 0x00, 0xFA, 0xFF, 0x96, 0xFF, 0x4F, 0x00, 0x40, 0xFF, 0xAF, 0xF5, 0xFF, 0x0A, 0x00, 0x00,
    0x00, 0x00, 0xF6, 0xFF, 0xDB, 0xFF, 0x0E, 0x00, 0x00, 0xFE, 0xEF, 0xFA, 0xFF, 0x05, 0x00, 0x00,
    0x00, 0x00, 0xF1, 0xFF, 0xFF, 0xFF, 0x0A, 0x00, 0x00, 0xFA, 0xFF, 0xFF, 0xFF, 0x01, 0x00, 0x00,
    0x00, 0x00, 0xC0, 0xFF, 0xFF, 0xFF, 0x05, 0x00, 0x00, 0xF6, 0xFF, 0xFF, 0xBF, 0x00, 0x00, 0x00,
    0x00, 0x00, 0x80, 0xFF, 0xFF, 0xFF, 0x01, 0x00, 0x00, 0xF1, 0xFF, 0xFF, 0x7F, 0x00, 0x00, 0x00,
    0x00, 0x00, 0x30, 0xFF, 0xFF, 0xBF, 0x00, 0x00, 0x00, 0xC0, 0xFF, 0xFF, 0x2F, 0x00, 0x00, 0x00,
    0x00, 0x00, 0x00, 0xFE, 0xFF, 0x7F, 0x00, 0x00, 0x00, 0x70, 0xFF, 0xFF, 0x0D, 0x00, 0x00, 0x00,
    // Unicode: [0x0078, x]
    0xF6, 0xFF, 0x6F, 0x00, 0x00, 0x00, 0x00, 0xF3, 0xFF, 0x6F, 0xB0, 0xFF, 0xEF, 0x02, 0x00, 0x00,
    0x10, 0xFD, 0xFF, 0x0B, 0x10, 0xFE, 0xFF, 0x0C, 0x00, 0x00, 0x90, 0xFF, 0xEF, 0x01, 0x00, 0xF5,
    0xFF, 0x8F, 0x00, 0x00, 0xF4, 0xFF, 0x5F, 0x00, 0x00, 0x90, 0xFF, 0xFF, 0x04, 0x10, 0xFE, 0xFF,
    0x09, 0x00, 0x00, 0x10, 0xFD, 0xFF, 0x1D, 0xB0, 0xFF, 0xDF, 0x01, 0x00, 0x00, 0x00, 0xF4, 0xFF,
    0xAF, 0xF7, 0xFF, 0x4F, 0x00, 0x00, 0x00, 0x00, 0x80, 0xFF, 0xFF, 0xFF, 0xFF, 0x08, 0x00, 0x00,
    0x00, 0x00, 0x00, 0xFC, 0xFF, 0xFF, 0xCF, 0x00, 0x00, 0x00, 0x00, 0x00, 0x00, 0xF3, 0xFF, 0xFF,
    0x3F, 0x00, 0x00, 0x00, 0x00, 0x00, 0x00, 0xB0, 0xFF, 0xFF, 0x0C, 0x00, 0x00, 0x00, 0x00, 0x00,
    0x00, 0xF6, 0xFF, 0xFF, 0x6F, 0x00, 0x00, 0x00, 0x00, 0x00, 0x20, 0xFE, 0xFF, 0xFF, 0xFF, 0x02,
    0x00, 0x00, 0x00, 0x00, 0xB0, 0xFF, 0xEF, 0xFE, 0xFF, 0x0C, 0x00, 0x00, 0x00, 0x00, 0xF7, 0xFF,
    0x4F, 0xF6, 0xFF, 0x8F, 0x00, 0x00, 0x00, 0x30, 0xFF, 0xFF, 0x08, 0xA0, 0xFF, 0xFF, 0x04, 0x00,
    0x00, 0xC0, 0xFF, 0xCF, 0x00, 0x10, 0xFD, 0xFF, 0x1D, 0x00, 0x00, 0xF8, 0xFF, 0x2E, 0x00, 0x00,
    0xF4, 0xFF, 0x9F, 0x00, 0x40, 0xFF, 0xFF, 0x05, 0x00, 0x00, 0x80, 0xFF, 0xFF, 0x05, 0xD1, 0xFF,
    0xAF, 0x00, 0x00, 0x00, 0x00, 0xFC, 0xFF, 0x1E, 0xFA, 0xFF, 0x1D, 0x00, 0x00, 0x00, 0x00, 0xE2,
    0xFF, 0xBF,
    // Unicode: [0x0079, y]
    0xFD, 0xFF, 0x06, 0x00, 0x00, 0x00, 0x80, 0xFF, 0xAF, 0xFD, 0xFF, 0x06, 0x00, 0x00, 0x00, 0x80,
    0xFF, 0xAF, 0xFD, 0xFF, 0x06, 0x00, 0x00, 0x00, 0x80, 0xFF, 0xAF, 0xFD, 0xFF, 0x06, 0x00, 0x00,
    0x00, 0x80, 0xFF, 0xAF, 0xFD, 0xFF, 0x06, 0x00, 0x00, 0x00, 0x80, 0xFF, 0xAF, 0xFD, 0xFF, 0x06,
    0x00, 0x00, 0x00, 0x80, 0xFF, 0xAF, 0xFD, 0xFF, 0x06, 0x00, 0x00, 0x00, 0x80, 0xFF, 0xAF, 0xFD,
    0xFF, 0x06, 0x00, 0x00, 0x00, 0x80, 0xFF, 0xAF, 0xFD, 0xFF, 0x06, 0x00, 0x00, 0x00, 0x80, 0xFF,
    0xAF, 0xFD, 0xFF, 0x06, 0x00, 0x00, 0x00, 0x80, 0xFF, 0xAF, 0xFD, 0xFF, 0x06, 0x00, 0x00, 0x00,
    0x80, 0xFF, 0xAF, 0xFD, 0xFF, 0x06, 0x00, 0x00, 0x00, 0x90, 0xFF, 0xAF, 0xFD, 0xFF, 0x06, 0x00,
    0x00, 0x00, 0x90, 0xFF, 0xAF, 0xFD, 0xFF, 0x07, 0x00, 0x00, 0x00, 0xB0, 0xFF, 0xAF, 0xFC, 0xFF,
    0x09, 0x00, 0x00, 0x00, 0xE0, 0xFF, 0xAF, 0xFB, 0xFF, 0x0D, 0x00, 0x00, 0x00, 0xF6, 0xFF, 0xAF,
    0xF9, 0xFF, 0x9F, 0x02, 0x00, 0x72, 0xFF, 0xFF, 0xAF, 0xF5, 0xFF, 0xFF, 0xFF, 0xFF, 0xFF, 0xFF,
    0xFF, 0xAF, 0xD0, 0xFF, 0xFF, 0xFF, 0xFF, 0xFF, 0xAE, 0xFF, 0xAF, 0x30, 0xFE, 0xFF, 0xFF, 0xFF,
    0xEF, 0x84, 0xFF, 0xAF, 0x00, 0x82, 0xEC, 0xFF, 0xBE, 0x17, 0x90, 0xFF, 0x9F, 0x00, 0x00, 0x00,
    0x00, 0x00, 0x00, 0xA0, 0xFF, 0x8F, 0x00, 0x00, 0x00, 0x00, 0x00, 0x00, 0xC0, 0xFF, 0x7F, 0x00,
    0x00, 0x00, 0x00, 0x00, 0x00, 0xF2, 0xFF, 0x5F, 0x00, 0x00, 0x00, 0x00, 0x00, 0x61, 0xFD, 0xFF,
    0x2F, 0x80, 0xDD, 0xDD, 0xDD, 0xED, 0xFF, 0xFF, 0xFF, 0x0B, 0x90, 0xFF, 0xFF, 0xFF, 0xFF, 0xFF,
    0xFF, 0xEF, 0x03, 0x90, 0xFF, 0xFF, 0xFF, 0xFF, 0xFF, 0xFF, 0x3D, 0x00, 0x60, 0xCB, 0xED, 0xFE,
    0xEF, 0xCE, 0x59, 0x00, 0x00,
    // Unicode: [0x007A, z]
    0xF7, 0xFF, 0xFF, 0xFF, 0xFF, 0xFF, 0xFF, 0xFF, 0x07, 0xF7, 0xFF, 0xFF, 0xFF, 0xFF, 0xFF, 0xFF,
    0xFF, 0x07, 0xF7, 0xFF, 0xFF, 0xFF, 0xFF, 0xFF, 0xFF, 0xFF, 0x07, 0xC6, 0xCC, 0xCC, 0xCC, 0xCC,
    0xFC, 0xFF, 0xFF, 0x06, 0x00, 0x00, 0x00, 0x00, 0x00, 0xF8, 0xFF, 0xBF, 0x00, 0x00, 0x00, 0x00,
    0x00, 0x50, 0xFF, 0xFF, 0x1D, 0x00, 0x00, 0x00, 0x00, 0x00, 0xE3, 0xFF, 0xEF, 0x03, 0x00, 0x00,
    0x00, 0x00, 0x10, 0xFD, 0xFF, 0x5F, 0x00, 0x00, 0x00, 0x00, 0x00, 0xB0, 0xFF, 0xFF, 0x08, 0x00,
    0x00, 0x00, 0x00, 0x00, 0xF8, 0xFF, 0xAF, 0x00, 0x00, 0x00, 0x00, 0x00, 0x50, 0xFF, 0xFF, 0x1D,
    0x00, 0x00, 0x00, 0x00, 0x00, 0xE3, 0xFF, 0xEF, 0x02, 0x00, 0x00, 0x00, 0x00, 0x10, 0xFD, 0xFF,
    0x4F, 0x00, 0x00, 0x00, 0x00, 0x00, 0xB0, 0xFF, 0xFF, 0x07, 0x00, 0x00, 0x00, 0x00, 0x00, 0xF8,
    0xFF, 0xAF, 0x00, 0x00, 0x00, 0x00, 0x00, 0x60, 0xFF, 0xFF, 0x1C, 0x00, 0x00, 0x00, 0x00, 0x00,
    0xF3, 0xFF, 0xEF, 0x02, 0x00, 0x00, 0x00, 0x00, 0x00, 0xFD, 0xFF, 0xEF, 0xCC, 0xCC, 0xCC, 0xCC,
    0xCC, 0x07, 0xFE, 0xFF, 0xFF, 0xFF, 0xFF, 0xFF, 0xFF, 0xFF, 0x08, 0xFE, 0xFF, 0xFF, 0xFF, 0xFF,
    0xFF, 0xFF, 0xFF, 0x08, 0xFE, 0xFF, 0xFF, 0xFF, 0xFF, 0xFF, 0xFF, 0xFF, 0x08,
    // Unicode: [0x007B, braceleft]
    0x00, 0x00, 0x00, 0x50, 0xFE, 0x2D, 0x00, 0x00, 0x00, 0xF7, 0xEF, 0x02, 0x00, 0x00, 0x60, 0xFF,
    0x5F, 0x00, 0x00, 0x00, 0xE2, 0xFF, 0x0B, 0x00, 0x00, 0x00, 0xF8, 0xFF, 0x05, 0x00, 0x00, 0x00,
    0xFD, 0xFF, 0x00, 0x00, 0x00, 0x00, 0xFF, 0xDF, 0x00, 0x00, 0x00, 0x20, 0xFF, 0xCF, 0x00, 0x00,
    0x00, 0x20, 0xFF, 0xCF, 0x00, 0x00, 0x00, 0x20, 0xFF, 0xCF, 0x00, 0x00, 0x00, 0x20, 0xFF, 0xCF,
    0x00, 0x00, 0x00, 0x20, 0xFF, 0xCF, 0x00, 0x00, 0x00, 0x20, 0xFF, 0xCF, 0x00, 0x00, 0x00, 0x40,
    0xFF, 0xAF, 0x00, 0x00, 0x00, 0x70, 0xFF, 0x7F, 0x00, 0x00, 0x00, 0xD1, 0xFF, 0x1E, 0x00, 0x00,
    0x41, 0xFC, 0xFF, 0x05, 0x00, 0x00, 0xFF, 0xFF, 0x3B, 0x00, 0x00, 0x00, 0xFF, 0xDF, 0x17, 0x00,
    0x00, 0x00, 0x85, 0xFE, 0xDF, 0x03, 0x00, 0x00, 0x00, 0xF3, 0xFF, 0x0D, 0x00, 0x00, 0x00, 0x90,
    0xFF, 0x6F, 0x00, 0x00, 0x00, 0x40, 0xFF, 0xAF, 0x00, 0x00, 0x00, 0x20, 0xFF, 0xBF, 0x00, 0x00,
    0x00, 0x20, 0xFF, 0xCF, 0x00, 0x00, 0x00, 0x20, 0xFF, 0xCF, 0x00, 0x00, 0x00, 0x20, 0xFF, 0xCF,
    0x00, 0x00, 0x00, 0x20, 0xFF, 0xCF, 0x00, 0x00, 0x00, 0x20, 0xFF, 0xCF, 0x00, 0x00, 0x00, 0x10,
    0xFF, 0xDF, 0x00, 0x00, 0x00, 0x00, 0xFE, 0xEF, 0x00, 0x00, 0x00, 0x00, 0xFA, 0xFF, 0x03, 0x00,
    0x00, 0x00, 0xF3, 0xFF, 0x09, 0x00, 0x00, 0x00, 0x80, 0xFF, 0x3F, 0x00, 0x00, 0x00, 0x00, 0xFA,
    0xDF, 0x01, 0x00, 0x00, 0x00, 0x80, 0xFF, 0x1B, 0x00, 0x00, 0x00, 0x00, 0x32, 0x23,
    // Unicode: [0x007C, bar]
    0xF4, 0xFF, 0x08, 0xF4, 0xFF, 0x08, 0xF4, 0xFF, 0x08, 0xF4, 0xFF, 0x08, 0xF4, 0xFF, 0x08, 0xF4,
    0xFF, 0x08, 0xF4, 0xFF, 0x08, 0xF4, 0xFF, 0x08, 0xF4, 0xFF, 0x08, 0xF4, 0xFF, 0x08, 0xF4, 0xFF,
    0x08, 0xF4, 0xFF, 0x08, 0xF4, 0xFF, 0x08, 0xF4, 0xFF, 0x08, 0xF4, 0xFF, 0x08, 0xF4, 0xFF, 0x08,
    0xF4, 0xFF, 0x08, 0xF4, 0xFF, 0x08, 0xF4, 0xFF, 0x08, 0xF4, 0xFF, 0x08, 0xF4, 0xFF, 0x08, 0xF4,
    0xFF, 0x08, 0xF4, 0xFF, 0x08, 0xF4, 0xFF, 0x08, 0xF4, 0xFF, 0x08, 0xF4, 0xFF, 0x08, 0xF4, 0xFF,
    0x08, 0xF4, 0xFF, 0x08, 0xF4, 0xFF, 0x08, 0xF4, 0xFF, 0x08, 0xF4, 0xFF, 0x08, 0xF4, 0xFF, 0x08,
    0xF4, 0xFF, 0x08, 0xF4, 0xFF, 0x08, 0xF4, 0xFF, 0x08, 0xF4, 0xFF, 0x08, 0xA2, 0xAA, 0x06,
    // Unicode: [0x007D, braceright]
    0xF8, 0xAF, 0x01, 0x00, 0x00, 0x00, 0x90, 0xFF, 0x1C, 0x00, 0x00, 0x00, 0x00, 0xFC, 0xCF, 0x00,
    0x00, 0x00, 0x00, 0xF4, 0xFF, 0x08, 0x00, 0x00, 0x00, 0xD0, 0xFF, 0x1E, 0x00, 0x00, 0x00, 0x80,
    0xFF, 0x5F, 0x00, 0x00, 0x00, 0x60, 0xFF, 0x7F, 0x00, 0x00, 0x00, 0x50, 0xFF, 0x9F, 0x00, 0x00,
    0x00, 0x50, 0xFF, 0x9F, 0x00, 0x00, 0x00, 0x50, 0xFF, 0x9F, 0x00, 0x00, 0x00, 0x50, 0xFF, 0x9F,
    0x00, 0x00, 0x00, 0x50, 0xFF, 0x9F, 0x00, 0x00, 0x00, 0x40, 0xFF, 0x9F, 0x00, 0x00, 0x00, 0x30,
    0xFF, 0xBF, 0x00, 0x00, 0x00, 0x00, 0xFE, 0xEF, 0x00, 0x00, 0x00, 0x00, 0xF9, 0xFF, 0x06, 0x00,
    0x00, 0x00, 0xC1, 0xFF, 0x7F, 0x02, 0x00, 0x00, 0x10, 0xD8, 0xFF, 0x7F, 0x00, 0x00, 0x00, 0xA4,
    0xFF, 0x7F, 0x00, 0x00, 0x90, 0xFF, 0xBF, 0x26, 0x00, 0x00, 0xF6, 0xFF, 0x09, 0x00, 0x00, 0x00,
    0xFD, 0xFF, 0x01, 0x00, 0x00, 0x20, 0xFF, 0xBF, 0x00, 0x00, 0x00, 0x40, 0xFF, 0x9F, 0x00, 0x00,
    0x00, 0x50, 0xFF, 0x9F, 0x00, 0x00, 0x00, 0x50, 0xFF, 0x9F, 0x00, 0x00, 0x00, 0x50, 0xFF, 0x9F,
    0x00, 0x00, 0x00, 0x50, 0xFF, 0x9F, 0x00, 0x00, 0x00, 0x50, 0xFF, 0x9F, 0x00, 0x00, 0x00, 0x50,
    0xFF, 0x8F, 0x00, 0x00, 0x00, 0x70, 0xFF, 0x6F, 0x00, 0x00, 0x00, 0xB0, 0xFF, 0x2F, 0x00, 0x00,
    0x00, 0xF2, 0xFF, 0x0A, 0x00, 0x00, 0x00, 0xFB, 0xEF, 0x01, 0x00, 0x00, 0x60, 0xFF, 0x4E, 0x00,
    0x00, 0x00, 0xF5, 0xDF, 0x03, 0x00, 0x00, 0x00, 0x33, 0x03, 0x00, 0x00, 0x00, 0x00,
    // Unicode: [0x007E, asciitilde]
    0x40, 0xEC, 0xCE, 0x48, 0x00, 0x00, 0xF0, 0x5F, 0xE1, 0xFF, 0xFF, 0xFF, 0xAE, 0x36, 0xF5, 0x5F,
    0xF5, 0xFF, 0xFF, 0xFF, 0xFF, 0xFF, 0xFF, 0x3F, 0xF7, 0x5F, 0x63, 0xEA, 0xFF, 0xFF, 0xFF, 0x0E,
    0xF7, 0x0D, 0x00, 0x10, 0x95, 0xEC, 0xCE, 0x03, 0x84, 0x06, 0x00, 0x00, 0x00, 0x00, 0x00, 0x00,
    // Unicode: [0x00A1, exclamdown]
    0xF1, 0xFF, 0xBF, 0xF1, 0xFF, 0xBF, 0xF1, 0xFF, 0xBF, 0xF1, 0xFF, 0xBF, 0xD1, 0xDD, 0x9D, 0x00,
    0x00, 0x00, 0x00, 0x00, 0x00, 0x00, 0x00, 0x00, 0x10, 0x33, 0x03, 0x50, 0xFF, 0x0F, 0x60, 0xFF,
    0x1F, 0x70, 0xFF, 0x2F, 0x80, 0xFF, 0x3F, 0x90, 0xFF, 0x4F, 0xA0, 0xFF, 0x5F, 0xB0, 0xFF, 0x6F,
    0xC0, 0xFF, 0x7F, 0xC0, 0xFF, 0x8F, 0xD0, 0xFF, 0x9F, 0xE0, 0xFF, 0x9F, 0xF0, 0xFF, 0xAF, 0xF1,
    0xFF, 0xBF, 0xF1, 0xFF, 0xCF, 0xF2, 0xFF, 0xCF, 0xF2, 0xFF, 0xDF, 0xF2, 0xFF, 0xDF, 0xF2, 0xFF,
    0xDF, 0xF2, 0xFF, 0xDF,
    // Unicode: [0x00A2, cent]
    0x00, 0x00, 0x00, 0xC0, 0xFF, 0x06, 0x00, 0x00, 0x00, 0x00, 0x00, 0xC0, 0xFF, 0x06, 0x00, 0x00,
    0x00, 0x00, 0x00, 0xC0, 0xFF, 0x06, 0x00, 0x00, 0x00, 0x00, 0xA4, 0xFD, 0xFF, 0xEF, 0xAD, 0x04,
    0x00, 0xA1, 0xFF, 0xFF, 0xFF, 0xFF, 0xFF, 0x08, 0x00, 0xFA, 0xFF, 0xFF, 0xFF, 0xFF, 0xFF, 0x08,
    0x40, 0xFF, 0xFF, 0xFF, 0xFF, 0xEE, 0xFF, 0x08, 0xB0, 0xFF, 0xFF, 0xD9, 0xFF, 0x06, 0x10, 0x01,
    0xE0, 0xFF, 0x9F, 0xC0, 0xFF, 0x06, 0x00, 0x00, 0xF3, 0xFF, 0x3F, 0xC0, 0xFF, 0x06, 0x00, 0x00,
    0xF6, 0xFF, 0x1F, 0xC0, 0xFF, 0x06, 0x00, 0x00, 0xF7, 0xFF, 0x0E, 0xC0, 0xFF, 0x06, 0x00, 0x00,
    0xF8, 0xFF, 0x0D, 0xC0, 0xFF, 0x06, 0x00, 0x00, 0xF9, 0xFF, 0x0D, 0xC0, 0xFF, 0x06, 0x00, 0x00,
    0xF9, 0xFF, 0x0D, 0xC0, 0xFF, 0x06, 0x00, 0x00, 0xF8, 0xFF, 0x0E, 0xC0, 0xFF, 0x06, 0x00, 0x00,
    0xF8, 0xFF, 0x0E, 0xC0, 0xFF, 0x06, 0x00, 0x00, 0xF6, 0xFF, 0x1F, 0xC0, 0xFF, 0x06, 0x00, 0x00,
    0xF5, 0xFF, 0x4F, 0xC0, 0xFF, 0x06, 0x00, 0x00, 0xF2, 0xFF, 0xAF, 0xC0, 0xFF, 0x06, 0x00, 0x00,
    0xC0, 0xFF, 0xFF, 0xDA, 0xFF, 0x06, 0x21, 0x03, 0x60, 0xFF, 0xFF, 0xFF, 0xFF, 0xFF, 0xFF, 0x0B,
    0x00, 0xFB, 0xFF, 0xFF, 0xFF, 0xFF, 0xFF, 0x0B, 0x00, 0xB1, 0xFF, 0xFF, 0xFF, 0xFF, 0xFF, 0x0B,
    0x00, 0x00, 0xA5, 0xFD, 0xFF, 0xEF, 0xAD, 0x05, 0x00, 0x00, 0x00, 0xC0, 0xFF, 0x06, 0x00, 0x00,
    0x00, 0x00, 0x00, 0xC0, 0xFF, 0x06, 0x00, 0x00, 0x00, 0x00, 0x00, 0xC0, 0xFF, 0x06, 0x00, 0x00,
    // Unicode: [0x00A3, sterling]
    0x00, 0x00, 0x00, 0x20, 0xA7, 0xEC, 0xFF, 0xDE, 0xBC, 0x38, 0x00, 0x00, 0x10, 0xFA, 0xFF, 0xFF,
    0xFF, 0xFF, 0xFF, 0x8F, 0x00, 0x00, 0xC1, 0xFF, 0xFF, 0xFF, 0xFF, 0xFF, 0xFF, 0x8F, 0x00, 0x00,
    0xF9, 0xFF, 0xFF, 0xFF, 0xFF, 0xFF, 0xFF, 0x8F, 0x00, 0x10, 0xFF, 0xFF, 0xEF, 0x58, 0x33, 0x22,
    0x43, 0x46, 0x00, 0x60, 0xFF, 0xFF, 0x1C, 0x00, 0x00, 0x00, 0x00, 0x00, 0x00, 0x90, 0xFF, 0xFF,
    0x03, 0x00, 0x00, 0x00, 0x00, 0x00, 0x00, 0xB0, 0xFF, 0xDF, 0x00, 0x00, 0x00, 0x00, 0x00, 0x00,
    0x00, 0xD0, 0xFF, 0xAF, 0x00, 0x00, 0x00, 0x00, 0x00, 0x00, 0x00, 0xE0, 0xFF, 0x9F, 0x00, 0x00,
    0x00, 0x00, 0x00, 0x00, 0x00, 0xF0, 0xFF, 0x8F, 0x00, 0x00, 0x00, 0x00, 0x00, 0x00, 0x11, 0xF1,
    0xFF, 0x8F, 0x11, 0x11, 0x11, 0x11, 0x00, 0x00, 0xFF, 0xFF, 0xFF, 0xFF, 0xFF, 0xFF, 0xFF, 0xFF,
    0x08, 0x00, 0xFF, 0xFF, 0xFF, 0xFF, 0xFF, 0xFF, 0xFF, 0xFF, 0x08, 0x00, 0xFF, 0xFF, 0xFF, 0xFF,
    0xFF, 0xFF, 0xFF, 0xFF, 0x08, 0x00, 0xFF, 0xFF, 0xFF, 0xFF, 0xFF, 0xFF, 0xFF, 0xFF, 0x08, 0x00,
    0x00, 0xF1, 0xFF, 0x8F, 0x00, 0x00, 0x00, 0x00, 0x00, 0x00, 0x00, 0xF1, 0xFF, 0x8F, 0x00, 0x00,
    0x00, 0x00, 0x00, 0x00, 0x00, 0xF1, 0xFF, 0x8F, 0x00, 0x00, 0x00, 0x00, 0x00, 0x00, 0x00, 0xF1,
    0xFF, 0x8F, 0x00, 0x00, 0x00, 0x00, 0x00, 0x00, 0x00, 0xF1, 0xFF, 0x8F, 0x00, 0x00, 0x00, 0x00,
    0x00, 0x00, 0x00, 0xF1, 0xFF, 0x8F, 0x00, 0x00, 0x00, 0x00, 0x00, 0x00, 0x00, 0xF1, 0xFF, 0x8F,
    0x00, 0x00, 0x00, 0x00, 0x00, 0x00, 0x22, 0xF3, 0xFF, 0x9F, 0x22, 0x22, 0x22, 0x22, 0x22, 0x22,
    0xFF, 0xFF, 0xFF, 0xFF, 0xFF, 0xFF, 0xFF, 0xFF, 0xFF, 0xFF, 0xFF, 0xFF, 0xFF, 0xFF, 0xFF, 0xFF,
    0xFF, 0xFF, 0xFF, 0xFF, 0xFF, 0xFF, 0xFF, 0xFF, 0xFF, 0xFF, 0xFF, 0xFF, 0xFF, 0xFF, 0xFF, 0xFF,
    0xFF, 0xFF, 0xFF, 0xFF, 0xFF, 0xFF, 0xFF, 0xFF,
    // Unicode: [0x00A5, yen]
    0xFA, 0xFF, 0x2F, 0x00, 0x00, 0x00, 0x00, 0x00, 0x00, 0xFE, 0xFF, 0x09, 0xF3, 0xFF, 0x9F, 0x00,
    0x00, 0x00, 0x00, 0x00, 0x60, 0xFF, 0xFF, 0x02, 0xA0, 0xFF, 0xFF, 0x02, 0x00, 0x00, 0x00, 0x00,
    0xD0, 0xFF, 0xAF, 0x00, 0x30, 0xFF, 0xFF, 0x09, 0x00, 0x00, 0x00, 0x00, 0xF6, 0xFF, 0x2F, 0x00,
    0x00, 0xFA, 0xFF, 0x1F, 0x00, 0x00, 0x00, 0x00, 0xFD, 0xFF, 0x0A, 0x00, 0x00, 0xF3, 0xFF, 0x8F,
    0x00, 0x00, 0x00, 0x60, 0xFF, 0xFF, 0x02, 0x00, 0x00, 0xA0, 0xFF, 0xEF, 0x01, 0x00, 0x00, 0xD0,
    0xFF, 0xAF, 0x00, 0x00, 0x00, 0x30, 0xFF, 0xFF, 0x08, 0x00, 0x00, 0xF6, 0xFF, 0x2F, 0x00, 0x00,
    0x00, 0x00, 0xFA, 0xFF, 0x1E, 0x00, 0x00, 0xFD, 0xFF, 0x0A, 0x00, 0x00, 0x00, 0x00, 0xF3, 0xFF,
    0x8F, 0x00, 0x60, 0xFF, 0xFF, 0x03, 0x00, 0x00, 0xA0, 0xFF, 0xFF, 0xFF, 0xEF, 0x01, 0xD0, 0xFF,
    0xFF, 0xFF, 0x9F, 0x00, 0xA0, 0xFF, 0xFF, 0xFF, 0xFF, 0x08, 0xF5, 0xFF, 0xFF, 0xFF, 0x9F, 0x00,
    0x80, 0xDD, 0xDD, 0xFE, 0xFF, 0x1E, 0xFD, 0xFF, 0xDE, 0xDD, 0x8D, 0x00, 0x00, 0x00, 0x00, 0xF2,
    0xFF, 0xCF, 0xFF, 0xEF, 0x02, 0x00, 0x00, 0x00, 0x00, 0x00, 0x00, 0x70, 0xFF, 0xFF, 0xFF, 0x7F,
    0x00, 0x00, 0x00, 0x00, 0x00, 0x00, 0x00, 0x00, 0xFC, 0xFF, 0xFF, 0x0C, 0x00, 0x00, 0x00, 0x00,
    0xA0, 0xFF, 0xFF, 0xFF, 0xFF, 0xFF, 0xFF, 0xFF, 0xFF, 0xFF, 0x9F, 0x00, 0xA0, 0xFF, 0xFF, 0xFF,
    0xFF, 0xFF, 0xFF, 0xFF, 0xFF, 0xFF, 0x9F, 0x00, 0x80, 0xCC, 0xCC, 0xCC, 0xFC, 0xFF, 0xEF, 0xCC,
    0xCC, 0xCC, 0x7C, 0x00, 0x00, 0x00, 0x00, 0x00, 0xC0, 0xFF, 0xBF, 0x00, 0x00, 0x00, 0x00, 0x00,
    0x00, 0x00, 0x00, 0x00, 0xC0, 0xFF, 0xBF, 0x00, 0x00, 0x00, 0x00, 0x00, 0x00, 0x00, 0x00, 0x00,
    0xC0, 0xFF, 0xBF, 0x00, 0x00, 0x00, 0x00, 0x00, 0x00, 0x00, 0x00, 0x00, 0xC0, 0xFF, 0xBF, 0x00,
    0x00, 0x00, 0x00, 0x00, 0x00, 0x00, 0x00, 0x00, 0xC0, 0xFF, 0xBF, 0x00, 0x00, 0x00, 0x00, 0x00,
    0x00, 0x00, 0x00, 0x00, 0xC0, 0xFF, 0xBF, 0x00, 0x00, 0x00, 0x00, 0x00, 0x00, 0x00, 0x00, 0x00,
    0xC0, 0xFF, 0xBF, 0x00, 0x00, 0x00, 0x00, 0x00, 0x00, 0x00, 0x00, 0x00, 0xC0, 0xFF, 0xBF, 0x00,
    0x00, 0x00, 0x00, 0x00, 0x00, 0x00, 0x00, 0x00, 0xC0, 0xFF, 0xBF, 0x00, 0x00, 0x00, 0x00, 0x00,
    // Unicode: [0x00A9, copyright]
    0x00, 0x00, 0x73, 0xCA, 0xED, 0xFF, 0xEF, 0xCE, 0x8B, 0x15, 0x00, 0x00, 0x00, 0xC2, 0xFF, 0xFF,
    0xFF, 0xFF, 0xFF, 0xFF, 0xFF, 0xEF, 0x07, 0x00, 0x20, 0xFE, 0x9E, 0x46, 0x22, 0x11, 0x11, 0x32,
    0x75, 0xFB, 0x8F, 0x00, 0xA0, 0xBF, 0x01, 0x00, 0x00, 0x00, 0x00, 0x00, 0x00, 0x50, 0xFF, 0x03,
    0xF1, 0x2F, 0x00, 0x00, 0x00, 0x00, 0x00, 0x00, 0x00, 0x00, 0xF9, 0x08, 0xF4, 0x0C, 0x00, 0x00,
    0x00, 0x00, 0x00, 0x00, 0x00, 0x00, 0xF4, 0x0C, 0xF6, 0x09, 0x00, 0x00, 0x00, 0x00, 0x00, 0x00,
    0x00, 0x00, 0xF2, 0x0E, 0xF7, 0x07, 0x00, 0x00, 0x93, 0xED, 0xEF, 0xCE, 0x03, 0x00, 0xF0, 0x0F,
    0xF8, 0x06, 0x00, 0x40, 0xFE, 0xFF, 0xFF, 0xFF, 0x04, 0x00, 0xE0, 0x1F, 0xF9, 0x06, 0x00, 0xC0,
    0xFF, 0x8C, 0x77, 0x97, 0x03, 0x00, 0xD0, 0x2F, 0xF9, 0x05, 0x00, 0xF2, 0xBF, 0x00, 0x00, 0x00,
    0x00, 0x00, 0xC0, 0x2F, 0xFA, 0x05, 0x00, 0xF4, 0x6F, 0x00, 0x00, 0x00, 0x00, 0x00, 0xC0, 0x3F,
    0xFA, 0x04, 0x00, 0xF6, 0x5F, 0x00, 0x00, 0x00, 0x00, 0x00, 0xC0, 0x3F, 0xFA, 0x04, 0x00, 0xF6,
    0x4F, 0x00, 0x00, 0x00, 0x00, 0x00, 0xC0, 0x3F, 0xFA, 0x04, 0x00, 0xF7, 0x4F, 0x00, 0x00, 0x00,
    0x00, 0x00, 0xC0, 0x3F, 0xFA, 0x04, 0x00, 0xF6, 0x4F, 0x00, 0x00, 0x00, 0x00, 0x00, 0xC0, 0x3F,
    0xFA, 0x04, 0x00, 0xF6, 0x5F, 0x00, 0x00, 0x00, 0x00, 0x00, 0xC0, 0x3F, 0xFA, 0x05, 0x00, 0xF5,
    0x6F, 0x00, 0x00, 0x00, 0x00, 0x00, 0xC0, 0x3F, 0xF9, 0x05, 0x00, 0xF3, 0x9F, 0x00, 0x00, 0x00,
    0x00, 0x00, 0xC0, 0x2F, 0xF9, 0x06, 0x00, 0xE0, 0xEF, 0x15, 0x00, 0x21, 0x01, 0x00, 0xD0, 0x2F,
    0xF8, 0x06, 0x00, 0x80, 0xFF, 0xFF, 0xFF, 0xFF, 0x05, 0x00, 0xE0, 0x1F, 0xF7, 0x07, 0x00, 0x00,
    0xF8, 0xFF, 0xFF, 0xFF, 0x05, 0x00, 0xF0, 0x0F, 0xF6, 0x09, 0x00, 0x00, 0x10, 0x54, 0x56, 0x35,
    0x01, 0x00, 0xF1, 0x0E, 0xF4, 0x0C, 0x00, 0x00, 0x00, 0x00, 0x00, 0x00, 0x00, 0x00, 0xF4, 0x0C,
    0xF1, 0x2F, 0x00, 0x00, 0x00, 0x00, 0x00, 0x00, 0x00, 0x00, 0xF9, 0x08, 0xA0, 0xBF, 0x00, 0x00,
    0x00, 0x00, 0x00, 0x00, 0x00, 0x40, 0xFF, 0x03, 0x20, 0xFE, 0x8D, 0x35, 0x12, 0x11, 0x11, 0x21,
    0x64, 0xFA, 0x9F, 0x00, 0x00, 0xC3, 0xFF, 0xFF, 0xFF, 0xFF, 0xFF, 0xFF, 0xFF, 0xFF, 0x07, 0x00,
    0x00, 0x00, 0x73, 0xCA, 0xED, 0xFF, 0xEF, 0xDE, 0x9B, 0x15, 0x00, 0x00,
    // Unicode: [0x00AE, registered]
    0x00, 0x00, 0x73, 0xCA, 0xED, 0xFF, 0xEF, 0xCE, 0x8B, 0x15, 0x00, 0x00, 0x00, 0xC2, 0xFF, 0xFF,
    0xFF, 0xFF, 0xFF, 0xFF, 0xFF, 0xEF, 0x07, 0x00, 0x20, 0xFE, 0x9E, 0x46, 0x22, 0x11, 0x11, 0x32,
    0x75, 0xFB, 0x8F, 0x00, 0xA0, 0xBF, 0x01, 0x00, 0x00, 0x00, 0x00, 0x00, 0x00, 0x50, 0xFF, 0x03,
    0xF1, 0x2F, 0x00, 0x00, 0x00, 0x00, 0x00, 0x00, 0x00, 0x00, 0xF9, 0x08, 0xF4, 0x0C, 0x00, 0x00,
    0x00, 0x00, 0x00, 0x00, 0x00, 0x00, 0xF4, 0x0C, 0xF6, 0x09, 0x00, 0x00, 0x00, 0x00, 0x00, 0x00,
    0x00, 0x00, 0xF2, 0x0E, 0xF7, 0x07, 0x00, 0xFB, 0xFF, 0xFF, 0xEF, 0x9D, 0x01, 0x00, 0xF0, 0x0F,
    0xF8, 0x06, 0x00, 0xFB, 0xFF, 0xFF, 0xFF, 0xFF, 0x1D, 0x00, 0xE0, 0x1F, 0xF9, 0x06, 0x00, 0xFB,
    0x7E, 0x77, 0x87, 0xFD, 0x5F, 0x00, 0xD0, 0x2F, 0xF9, 0x05, 0x00, 0xFB, 0x0E, 0x00, 0x00, 0xF3,
    0x8F, 0x00, 0xC0, 0x2F, 0xFA, 0x05, 0x00, 0xFB, 0x0E, 0x00, 0x00, 0xF1, 0x9F, 0x00, 0xC0, 0x3F,
    0xFA, 0x04, 0x00, 0xFB, 0x0E, 0x00, 0x00, 0xF2, 0x8F, 0x00, 0xC0, 0x3F, 0xFA, 0x04, 0x00, 0xFB,
    0x0E, 0x00, 0x20, 0xFA, 0x6F, 0x00, 0xC0, 0x3F, 0xFA, 0x04, 0x00, 0xFB, 0xFF, 0xFF, 0xFF, 0xFF,
    0x1E, 0x00, 0xC0, 0x3F, 0xFA, 0x04, 0x00, 0xFB, 0xFF, 0xFF, 0xFF, 0xDF, 0x04, 0x00, 0xC0, 0x3F,
    0xFA, 0x04, 0x00, 0xFB, 0x5E, 0x55, 0xF6, 0x9F, 0x00, 0x00, 0xC0, 0x3F, 0xFA, 0x05, 0x00, 0xFB,
    0x0E, 0x00, 0xB0, 0xEF, 0x01, 0x00, 0xC0, 0x3F, 0xF9, 0x05, 0x00, 0xFB, 0x0E, 0x00, 0x50, 0xFF,
    0x06, 0x00, 0xC0, 0x2F, 0xF9, 0x06, 0x00, 0xFB, 0x0E, 0x00, 0x00, 0xFE, 0x0C, 0x00, 0xD0, 0x2F,
    0xF8, 0x06, 0x00, 0xFB, 0x0E, 0x00, 0x00, 0xF9, 0x3F, 0x00, 0xE0, 0x1F, 0xF7, 0x07, 0x00, 0xFB,
    0x0E, 0x00, 0x00, 0xF3, 0x9F, 0x00, 0xF0, 0x0F, 0xF6, 0x09, 0x00, 0x21, 0x02, 0x00, 0x00, 0x20,
    0x22, 0x00, 0xF1, 0x0E, 0xF4, 0x0C, 0x00, 0x00, 0x00, 0x00, 0x00, 0x00, 0x00, 0x00, 0xF4, 0x0C,
    0xF1, 0x2F, 0x00, 0x00, 0x00, 0x00, 0x00, 0x00, 0x00, 0x00, 0xF9, 0x08, 0xA0, 0xBF, 0x00, 0x00,
    0x00, 0x00, 0x00, 0x00, 0x00, 0x40, 0xFF, 0x03, 0x20, 0xFE, 0x8D, 0x35, 0x12, 0x11, 0x11, 0x21,
    0x64, 0xFA, 0x9F, 0x00, 0x00, 0xC3, 0xFF, 0xFF, 0xFF, 0xFF, 0xFF, 0xFF, 0xFF, 0xFF, 0x07, 0x00,
    0x00, 0x00, 0x73, 0xCA, 0xED, 0xFF, 0xEF, 0xDE, 0x9B, 0x15, 0x00, 0x00,
    // Unicode: [0x00B1, plusminus]
    0x00, 0x00, 0x00, 0xE0, 0xFF, 0x07, 0x00, 0x00, 0x00, 0x00, 0x00, 0x00, 0xE0, 0xFF, 0x07, 0x00,
    0x00, 0x00, 0x00, 0x00, 0x00, 0xE0, 0xFF, 0x07, 0x00, 0x00, 0x00, 0x00, 0x00, 0x00, 0xE0, 0xFF,
    0x07, 0x00, 0x00, 0x00, 0x00, 0x00, 0x00, 0xE0, 0xFF, 0x07, 0x00, 0x00, 0x00, 0x00, 0x00, 0x00,
    0xE0, 0xFF, 0x07, 0x00, 0x00, 0x00, 0xA2, 0xAA, 0xAA, 0xFA, 0xFF, 0xAC, 0xAA, 0xAA, 0x08, 0xF3,
    0xFF, 0xFF, 0xFF, 0xFF, 0xFF, 0xFF, 0xFF, 0x0C, 0xF3, 0xFF, 0xFF, 0xFF, 0xFF, 0xFF, 0xFF, 0xFF,
    0x0C, 0xF3, 0xFF, 0xFF, 0xFF, 0xFF, 0xFF, 0xFF, 0xFF, 0x0C, 0x00, 0x00, 0x00, 0xE0, 0xFF, 0x07,
    0x00, 0x00, 0x00, 0x00, 0x00, 0x00, 0xE0, 0xFF, 0x07, 0x00, 0x00, 0x00, 0x00, 0x00, 0x00, 0xE0,
    0xFF, 0x07, 0x00, 0x00, 0x00, 0x00, 0x00, 0x00, 0xE0, 0xFF, 0x07, 0x00, 0x00, 0x00, 0x00, 0x00,
    0x00, 0xE0, 0xFF, 0x07, 0x00, 0x00, 0x00, 0x00, 0x00, 0x00, 0xE0, 0xFF, 0x07, 0x00, 0x00, 0x00,
    0x00, 0x00, 0x00, 0x40, 0x44, 0x02, 0x00, 0x00, 0x00, 0x00, 0x00, 0x00, 0x00, 0x00, 0x00, 0x00,
    0x00, 0x00, 0x00, 0x00, 0x00, 0x00, 0x00, 0x00, 0x00, 0x00, 0x00, 0x00, 0x00, 0x00, 0x00, 0x00,
    0x00, 0x00, 0x00, 0x00, 0x92, 0x99, 0x99, 0x99, 0x99, 0x99, 0x99, 0x99, 0x07, 0xF3, 0xFF, 0xFF,
    0xFF, 0xFF, 0xFF, 0xFF, 0xFF, 0x0C, 0xF3, 0xFF, 0xFF, 0xFF, 0xFF, 0xFF, 0xFF, 0xFF, 0x0C, 0xF3,
    0xFF, 0xFF, 0xFF, 0xFF, 0xFF, 0xFF, 0xFF, 0x0C,
    // Unicode: [0x00B4, acute]
    0x00, 0x00, 0xF9, 0xFF, 0x1C, 0x00, 0x40, 0xFF, 0xDF, 0x02, 0x00, 0xE1, 0xFF, 0x2E, 0x00, 0x00,
    0xFA, 0xEF, 0x03, 0x00, 0x50, 0xFF, 0x4F, 0x00, 0x00, 0xE1, 0xFF, 0x06, 0x00, 0x00,
    // Unicode: [0x00BA, ordmasculine]
    0x00, 0x71, 0xDB, 0xFF, 0xDF, 0x7B, 0x01, 0x00, 0x10, 0xFD, 0xFF, 0xFF, 0xFF, 0xFF, 0x2D, 0x00,
    0x90, 0xFF, 0xFF, 0xDD, 0xFD, 0xFF, 0xAF, 0x00, 0xD0, 0xFF, 0x1B, 0x00, 0x10, 0xFB, 0xEF, 0x00,
    0xF0, 0xFF, 0x04, 0x00, 0x00, 0xF4, 0xFF, 0x01, 0xF2, 0xFF, 0x03, 0x00, 0x00, 0xF2, 0xFF, 0x02,
    0xF2, 0xFF, 0x02, 0x00, 0x00, 0xF1, 0xFF, 0x03, 0xF2, 0xFF, 0x02, 0x00, 0x00, 0xF1, 0xFF, 0x03,
    0xF2, 0xFF, 0x02, 0x00, 0x00, 0xF1, 0xFF, 0x03, 0xF2, 0xFF, 0x03, 0x00, 0x00, 0xF2, 0xFF, 0x02,
    0xF0, 0xFF, 0x04, 0x00, 0x00, 0xF4, 0xFF, 0x01, 0xD0, 0xFF, 0x1B, 0x00, 0x10, 0xFA, 0xEF, 0x00,
    0x90, 0xFF, 0xFF, 0xDD, 0xFD, 0xFF, 0xAF, 0x00, 0x20, 0xFD, 0xFF, 0xFF, 0xFF, 0xFF, 0x2D, 0x00,
    0x00, 0x71, 0xDB, 0xFF, 0xEF, 0x7B, 0x01, 0x00,
    // Unicode: [0x00BF, questiondown]
    0x00, 0x00, 0x00, 0x40, 0xFF, 0xFF, 0x08, 0x00, 0x00, 0x00, 0x00, 0x00, 0x40, 0xFF, 0xFF, 0x08,
    0x00, 0x00, 0x00, 0x00, 0x00, 0x40, 0xFF, 0xFF, 0x08, 0x00, 0x00, 0x00, 0x00, 0x00, 0x40, 0xFF,
    0xFF, 0x08, 0x00, 0x00, 0x00, 0x00, 0x00, 0x40, 0xDD, 0xDD, 0x07, 0x00, 0x00, 0x00, 0x00, 0x00,
    0x00, 0x00, 0x00, 0x00, 0x00, 0x00, 0x00, 0x00, 0x00, 0x00, 0x00, 0x00, 0x00, 0x00, 0x00, 0x00,
    0x00, 0x00, 0x00, 0x00, 0x00, 0x00, 0x00, 0x00, 0x00, 0x00, 0x00, 0x00, 0x54, 0x55, 0x01, 0x00,
    0x00, 0x00, 0x00, 0x00, 0x00, 0xFD, 0xFF, 0x02, 0x00, 0x00, 0x00, 0x00, 0x00, 0x00, 0xFD, 0xFF,
    0x02, 0x00, 0x00, 0x00, 0x00, 0x00, 0x00, 0xFD, 0xFF, 0x02, 0x00, 0x00, 0x00, 0x00, 0x00, 0x20,
    0xFF, 0xFF, 0x01, 0x00, 0x00, 0x00, 0x00, 0x30, 0xE8, 0xFF, 0xEF, 0x00, 0x00, 0x00, 0x00, 0x71,
    0xFD, 0xFF, 0xFF, 0x9F, 0x00, 0x00, 0x00, 0x20, 0xFE, 0xFF, 0xFF, 0xFF, 0x09, 0x00, 0x00, 0x00,
    0xC0, 0xFF, 0xFF, 0xCF, 0x17, 0x00, 0x00, 0x00, 0x00, 0xF4, 0xFF, 0xCF, 0x03, 0x00, 0x00, 0x00,
    0x00, 0x00, 0xF7, 0xFF, 0x2F, 0x00, 0x00, 0x00, 0x00, 0x00, 0x00, 0xF9, 0xFF, 0x0E, 0x00, 0x00,
    0x00, 0x00, 0x00, 0x00, 0xF9, 0xFF, 0x0D, 0x00, 0x00, 0x00, 0x00, 0x00, 0x00, 0xF9, 0xFF, 0x0E,
    0x00, 0x00, 0x00, 0x00, 0x00, 0x00, 0xF8, 0xFF, 0x3F, 0x00, 0x00, 0x00, 0x00, 0x00, 0x00, 0xF5,
    0xFF, 0xDF, 0x15, 0x00, 0x00, 0x00, 0x21, 0x02, 0xE1, 0xFF, 0xFF, 0xFF, 0xFF, 0xFF, 0xFF, 0xFF,
    0x08, 0x80, 0xFF, 0xFF, 0xFF, 0xFF, 0xFF, 0xFF, 0xFF, 0x08, 0x00, 0xFA, 0xFF, 0xFF, 0xFF, 0xFF,
    0xFF, 0xFF, 0x08, 0x00, 0x50, 0xEB, 0xFF, 0xFF, 0xFF, 0xEF, 0xBD, 0x05, 0x00, 0x00, 0x00, 0x32,
    0x44, 0x23, 0x01, 0x00, 0x00,
    // Unicode: [0x00D7, multiply]
    0x00, 0x21, 0x00, 0x00, 0x00, 0x00, 0x04, 0x00, 0x10, 0xDC, 0x02, 0x00, 0x00, 0x70, 0x7F, 0x00,
    0xB0, 0xFF, 0x2E, 0x00, 0x00, 0xF7, 0xFF, 0x06, 0xC1, 0xFF, 0xEF, 0x02, 0x70, 0xFF, 0xFF, 0x07,
    0x10, 0xFC, 0xFF, 0x2E, 0xF7, 0xFF, 0x7F, 0x00, 0x00, 0xC1, 0xFF, 0xEF, 0xFF, 0xFF, 0x07, 0x00,
    0x00, 0x10, 0xFC, 0xFF, 0xFF, 0x7F, 0x00, 0x00, 0x00, 0x00, 0xD1, 0xFF, 0xFF, 0x08, 0x00, 0x00,
    0x00, 0x00, 0xF5, 0xFF, 0xFF, 0x1C, 0x00, 0x00, 0x00, 0x50, 0xFF, 0xFF, 0xFF, 0xCF, 0x01, 0x00,
    0x00, 0xF5, 0xFF, 0xAF, 0xFE, 0xFF, 0x1C, 0x00, 0x50, 0xFF, 0xFF, 0x09, 0xE2, 0xFF, 0xCF, 0x01,
    0xE1, 0xFF, 0x9F, 0x00, 0x20, 0xFE, 0xFF, 0x0A, 0x50, 0xFF, 0x09, 0x00, 0x00, 0xE2, 0xDF, 0x02,
    0x00, 0x96, 0x00, 0x00, 0x00, 0x20, 0x2C, 0x00,
    // Unicode: [0x00F7, divide]
    0x00, 0x00, 0x00, 0x80, 0x88, 0x04, 0x00, 0x00, 0x00, 0x00, 0x00, 0x00, 0xE0, 0xFF, 0x08, 0x00,
    0x00, 0x00, 0x00, 0x00, 0x00, 0xE0, 0xFF, 0x08, 0x00, 0x00, 0x00, 0x00, 0x00, 0x00, 0xE0, 0xFF,
    0x08, 0x00, 0x00, 0x00, 0x00, 0x00, 0x00, 0x00, 0x00, 0x00, 0x00, 0x00, 0x00, 0x00, 0x00, 0x00,
    0x00, 0x00, 0x00, 0x00, 0x00, 0x00, 0x00, 0x00, 0x00, 0x00, 0x00, 0x00, 0x00, 0x00, 0x00, 0x00,
    0x00, 0x00, 0x00, 0x00, 0x00, 0x00, 0x00, 0x00, 0xF3, 0xFF, 0xFF, 0xFF, 0xFF, 0xFF, 0xFF, 0xFF,
    0x0C, 0xF3, 0xFF, 0xFF, 0xFF, 0xFF, 0xFF, 0xFF, 0xFF, 0x0C, 0xF3, 0xFF, 0xFF, 0xFF, 0xFF, 0xFF,
    0xFF, 0xFF, 0x0C, 0x92, 0x99, 0x99, 0x99, 0x99, 0x99, 0x99, 0x99, 0x07, 0x00, 0x00, 0x00, 0x00,
    0x00, 0x00, 0x00, 0x00, 0x00, 0x00, 0x00, 0x00, 0x00, 0x00, 0x00, 0x00, 0x00, 0x00, 0x00, 0x00,
    0x00, 0x00, 0x00, 0x00, 0x00, 0x00, 0x00, 0x00, 0x00, 0x00, 0x80, 0x99, 0x05, 0x00, 0x00, 0x00,
    0x00, 0x00, 0x00, 0xE0, 0xFF, 0x08, 0x00, 0x00, 0x00, 0x00, 0x00, 0x00, 0xE0, 0xFF, 0x08, 0x00,
    0x00, 0x00, 0x00, 0x00, 0x00, 0xE0, 0xFF, 0x08, 0x00, 0x00, 0x00
};
