// 4.25.0 0x8da6c6a3 D2 AY R0 FARGB8888 U565 N0 SExtFlashSection
// Generated by imageconverter. Please, do not edit!

#include <touchgfx/hal/Config.hpp>

LOCATION_PRAGMA("ExtFlashSection")
KEEP extern const unsigned char image_toggle_admin_pressed[] LOCATION_ATTRIBUTE("ExtFlashSection") = { // 170x60 ARGB8888 pixels.
    0x00, 0x00, 0x00, 0x00, 0x00, 0x00, 0x00, 0x00, 0x00, 0x00, 0x00, 0x00,
    0x00, 0x00, 0x00, 0x00, 0x00, 0x00, 0x00, 0x00, 0x00, 0x00, 0x00, 0x00,
    0x00, 0x00, 0x00, 0x00, 0x00, 0x00, 0x00, 0x00, 0x00, 0x00, 0x00, 0x00,
    0x00, 0x00, 0x00, 0x00, 0x00, 0x00, 0x00, 0x00, 0x00, 0x00, 0x00, 0x00,
    0x00, 0x00, 0x00, 0x00, 0x00, 0x00, 0x00, 0x00, 0x00, 0x00, 0x00, 0x00,
    0x00, 0x00, 0x00, 0x00, 0x00, 0x00, 0x00, 0x00, 0x00, 0x00, 0x00, 0x00,
    0x00, 0x00, 0x00, 0x00, 0x00, 0x00, 0x00, 0x00, 0x00, 0x00, 0x00, 0x00,
    0x00, 0x00, 0x00, 0x00, 0x50, 0x50, 0x40, 0x10, 0x50, 0x48, 0x48, 0x51,
    0x50, 0x4c, 0x48, 0x6d, 0x50, 0x4c, 0x48, 0x9e, 0x50, 0x48, 0x48, 0xcf,
    0x50, 0x48, 0x48, 0xdf, 0x50, 0x4c, 0x48, 0xff, 0x50, 0x4c, 0x48, 0xff,
    0x50, 0x4c, 0x48, 0xff, 0x50, 0x4c, 0x48, 0xff, 0x50, 0x4c, 0x48, 0xff,
    0x50, 0x4c, 0x48, 0xff, 0x50, 0x4c, 0x48, 0xff, 0x50, 0x4c, 0x48, 0xff,
    0x50, 0x4c, 0x48, 0xff, 0x50, 0x4c, 0x48, 0xff, 0x50, 0x4c, 0x48, 0xff,
    0x50, 0x4c, 0x48, 0xff, 0x50, 0x4c, 0x48, 0xff, 0x50, 0x4c, 0x48, 0xff,
    0x50, 0x4c, 0x48, 0xff, 0x50, 0x4c, 0x48, 0xff, 0x50, 0x4c, 0x48, 0xff,
    0x50, 0x4c, 0x48, 0xff, 0x50, 0x4c, 0x48, 0xff, 0x50, 0x4c, 0x48, 0xff,
    0x50, 0x4c, 0x48, 0xff, 0x50, 0x4c, 0x48, 0xff, 0x50, 0x4c, 0x48, 0xff,
    0x50, 0x4c, 0x48, 0xff, 0x50, 0x4c, 0x48, 0xff, 0x50, 0x4c, 0x48, 0xff,
    0x50, 0x4c, 0x48, 0xff, 0x50, 0x4c, 0x48, 0xff, 0x50, 0x4c, 0x48, 0xff,
    0x50, 0x4c, 0x48, 0xff, 0x50, 0x4c, 0x48, 0xff, 0x50, 0x4c, 0x48, 0xff,
    0x50, 0x4c, 0x48, 0xff, 0x50, 0x4c, 0x48, 0xff, 0x50, 0x4c, 0x48, 0xff,
    0x50, 0x4c, 0x48, 0xff, 0x50, 0x4c, 0x48, 0xff, 0x50, 0x4c, 0x48, 0xff,
    0x50, 0x4c, 0x48, 0xff, 0x50, 0x4c, 0x48, 0xff, 0x50, 0x4c, 0x48, 0xff,
    0x50, 0x4c, 0x48, 0xff, 0x50, 0x4c, 0x48, 0xff, 0x50, 0x4c, 0x48, 0xff,
    0x50, 0x4c, 0x48, 0xff, 0x50, 0x4c, 0x48, 0xff, 0x50, 0x4c, 0x48, 0xff,
    0x50, 0x4c, 0x48, 0xff, 0x50, 0x4c, 0x48, 0xff, 0x50, 0x4c, 0x48, 0xff,
    0x50, 0x4c, 0x48, 0xff, 0x50, 0x4c, 0x48, 0xff, 0x50, 0x4c, 0x48, 0xff,
    0x50, 0x4c, 0x48, 0xff, 0x50, 0x4c, 0x48, 0xff, 0x50, 0x4c, 0x48, 0xff,
    0x50, 0x4c, 0x48, 0xff, 0x50, 0x4c, 0x48, 0xff, 0x50, 0x4c, 0x48, 0xff,
    0x50, 0x4c, 0x48, 0xff, 0x50, 0x4c, 0x48, 0xff, 0x50, 0x4c, 0x48, 0xff,
    0x50, 0x4c, 0x48, 0xff, 0x50, 0x4c, 0x48, 0xff, 0x50, 0x4c, 0x48, 0xff,
    0x50, 0x4c, 0x48, 0xff, 0x50, 0x4c, 0x48, 0xff, 0x50, 0x4c, 0x48, 0xff,
    0x50, 0x4c, 0x48, 0xff, 0x50, 0x4c, 0x48, 0xff, 0x50, 0x4c, 0x48, 0xff,
    0x50, 0x4c, 0x48, 0xff, 0x50, 0x4c, 0x48, 0xff, 0x50, 0x4c, 0x48, 0xff,
    0x50, 0x4c, 0x48, 0xff, 0x50, 0x4c, 0x48, 0xff, 0x50, 0x4c, 0x48, 0xff,
    0x50, 0x4c, 0x48, 0xff, 0x50, 0x4c, 0x48, 0xff, 0x50, 0x4c, 0x48, 0xff,
    0x50, 0x4c, 0x48, 0xff, 0x50, 0x4c, 0x48, 0xff, 0x50, 0x4c, 0x48, 0xff,
    0x50, 0x4c, 0x48, 0xff, 0x50, 0x4c, 0x48, 0xff, 0x50, 0x4c, 0x48, 0xff,
    0x50, 0x4c, 0x48, 0xff, 0x50, 0x4c, 0x48, 0xff, 0x50, 0x4c, 0x48, 0xff,
    0x50, 0x4c, 0x48, 0xff, 0x50, 0x4c, 0x48, 0xff, 0x50, 0x4c, 0x48, 0xff,
    0x50, 0x4c, 0x48, 0xff, 0x50, 0x4c, 0x48, 0xff, 0x50, 0x4c, 0x48, 0xff,
    0x50, 0x4c, 0x48, 0xff, 0x50, 0x4c, 0x48, 0xff, 0x50, 0x4c, 0x48, 0xff,
    0x50, 0x4c, 0x48, 0xff, 0x50, 0x4c, 0x48, 0xff, 0x50, 0x4c, 0x48, 0xff,
    0x50, 0x4c, 0x48, 0xff, 0x50, 0x4c, 0x48, 0xff, 0x50, 0x4c, 0x48, 0xff,
    0x50, 0x4c, 0x48, 0xff, 0x50, 0x4c, 0x48, 0xff, 0x50, 0x4c, 0x48, 0xff,
    0x50, 0x4c, 0x48, 0xff, 0x50, 0x4c, 0x48, 0xff, 0x50, 0x4c, 0x48, 0xff,
    0x50, 0x4c, 0x48, 0xff, 0x50, 0x4c, 0x48, 0xff, 0x50, 0x4c, 0x48, 0xff,
    0x50, 0x4c, 0x48, 0xff, 0x50, 0x48, 0x48, 0xdf, 0x50, 0x4c, 0x48, 0xbe,
    0x50, 0x48, 0x48, 0xae, 0x50, 0x48, 0x48, 0x7d, 0x50, 0x4c, 0x48, 0x41,
    0x50, 0x50, 0x40, 0x10, 0x00, 0x00, 0x00, 0x00, 0x00, 0x00, 0x00, 0x00,
    0x00, 0x00, 0x00, 0x00, 0x00, 0x00, 0x00, 0x00, 0x00, 0x00, 0x00, 0x00,
    0x00, 0x00, 0x00, 0x00, 0x00, 0x00, 0x00, 0x00, 0x00, 0x00, 0x00, 0x00,
    0x00, 0x00, 0x00, 0x00, 0x00, 0x00, 0x00, 0x00, 0x00, 0x00, 0x00, 0x00,
    0x00, 0x00, 0x00, 0x00, 0x00, 0x00, 0x00, 0x00, 0x00, 0x00, 0x00, 0x00,
    0x00, 0x00, 0x00, 0x00, 0x00, 0x00, 0x00, 0x00, 0x00, 0x00, 0x00, 0x00,
    0x00, 0x00, 0x00, 0x00, 0x00, 0x00, 0x00, 0x00, 0x00, 0x00, 0x00, 0x00,
    0x00, 0x00, 0x00, 0x00, 0x00, 0x00, 0x00, 0x00, 0x00, 0x00, 0x00, 0x00,
    0x00, 0x00, 0x00, 0x00, 0x00, 0x00, 0x00, 0x00, 0x00, 0x00, 0x00, 0x00,
    0x00, 0x00, 0x00, 0x00, 0x00, 0x00, 0x00, 0x00, 0x00, 0x00, 0x00, 0x00,
    0x00, 0x00, 0x00, 0x00, 0x00, 0x00, 0x00, 0x00, 0x00, 0x00, 0x00, 0x00,
    0x00, 0x00, 0x00, 0x00, 0x00, 0x00, 0x00, 0x00, 0x00, 0x00, 0x00, 0x00,
    0x00, 0x00, 0x00, 0x00, 0x00, 0x00, 0x00, 0x00, 0x00, 0x00, 0x00, 0x00,
    0x00, 0x00, 0x00, 0x00, 0x00, 0x00, 0x00, 0x00, 0x00, 0x00, 0x00, 0x00,
    0x50, 0x50, 0x40, 0x10, 0x50, 0x4c, 0x48, 0x82, 0x50, 0x4c, 0x48, 0xbe,
    0x50, 0x4c, 0x48, 0xff, 0x50, 0x4c, 0x48, 0xff, 0x50, 0x4c, 0x48, 0xff,
    0x50, 0x4c, 0x48, 0xff, 0x50, 0x4c, 0x48, 0xff, 0x50, 0x4c, 0x48, 0xff,
    0x50, 0x4c, 0x48, 0xff, 0x50, 0x4c, 0x48, 0xff, 0x50, 0x48, 0x48, 0xff,
    0x50, 0x4c, 0x48, 0xff, 0x50, 0x48, 0x48, 0xff, 0x50, 0x4c, 0x48, 0xff,
    0x50, 0x48, 0x48, 0xff, 0x50, 0x4c, 0x48, 0xff, 0x50, 0x48, 0x48, 0xff,
    0x50, 0x4c, 0x48, 0xff, 0x50, 0x48, 0x48, 0xff, 0x50, 0x4c, 0x48, 0xff,
    0x50, 0x48, 0x48, 0xff, 0x50, 0x4c, 0x48, 0xff, 0x50, 0x48, 0x48, 0xff,
    0x50, 0x4c, 0x48, 0xff, 0x50, 0x48, 0x48, 0xff, 0x50, 0x4c, 0x48, 0xff,
    0x50, 0x48, 0x48, 0xff, 0x50, 0x4c, 0x48, 0xff, 0x50, 0x48, 0x48, 0xff,
    0x50, 0x4c, 0x48, 0xff, 0x50, 0x48, 0x48, 0xff, 0x50, 0x4c, 0x48, 0xff,
    0x50, 0x48, 0x48, 0xff, 0x50, 0x4c, 0x48, 0xff, 0x50, 0x48, 0x48, 0xff,
    0x50, 0x4c, 0x48, 0xff, 0x50, 0x48, 0x48, 0xff, 0x50, 0x4c, 0x48, 0xff,
    0x50, 0x48, 0x48, 0xff, 0x50, 0x4c, 0x48, 0xff, 0x50, 0x48, 0x48, 0xff,
    0x50, 0x4c, 0x48, 0xff, 0x50, 0x48, 0x48, 0xff, 0x50, 0x4c, 0x48, 0xff,
    0x50, 0x48, 0x48, 0xff, 0x50, 0x4c, 0x48, 0xff, 0x50, 0x48, 0x48, 0xff,
    0x50, 0x4c, 0x48, 0xff, 0x50, 0x48, 0x48, 0xff, 0x50, 0x4c, 0x48, 0xff,
    0x50, 0x48, 0x48, 0xff, 0x50, 0x4c, 0x48, 0xff, 0x50, 0x48, 0x48, 0xff,
    0x50, 0x4c, 0x48, 0xff, 0x50, 0x48, 0x48, 0xff, 0x50, 0x4c, 0x48, 0xff,
    0x50, 0x48, 0x48, 0xff, 0x50, 0x4c, 0x48, 0xff, 0x50, 0x48, 0x48, 0xff,
    0x50, 0x4c, 0x48, 0xff, 0x50, 0x48, 0x48, 0xff, 0x50, 0x4c, 0x48, 0xff,
    0x50, 0x48, 0x48, 0xff, 0x50, 0x4c, 0x48, 0xff, 0x50, 0x48, 0x48, 0xff,
    0x50, 0x4c, 0x48, 0xff, 0x50, 0x48, 0x48, 0xff, 0x50, 0x4c, 0x48, 0xff,
    0x50, 0x48, 0x48, 0xff, 0x50, 0x4c, 0x48, 0xff, 0x50, 0x48, 0x48, 0xff,
    0x50, 0x4c, 0x48, 0xff, 0x50, 0x48, 0x48, 0xff, 0x50, 0x4c, 0x48, 0xff,
    0x50, 0x48, 0x48, 0xff, 0x50, 0x4c, 0x48, 0xff, 0x50, 0x48, 0x48, 0xff,
    0x50, 0x4c, 0x48, 0xff, 0x50, 0x48, 0x48, 0xff, 0x50, 0x4c, 0x48, 0xff,
    0x50, 0x48, 0x48, 0xff, 0x50, 0x4c, 0x48, 0xff, 0x50, 0x48, 0x48, 0xff,
    0x50, 0x4c, 0x48, 0xff, 0x50, 0x48, 0x48, 0xff, 0x50, 0x4c, 0x48, 0xff,
    0x50, 0x48, 0x48, 0xff, 0x50, 0x4c, 0x48, 0xff, 0x50, 0x48, 0x48, 0xff,
    0x50, 0x4c, 0x48, 0xff, 0x50, 0x48, 0x48, 0xff, 0x50, 0x4c, 0x48, 0xff,
    0x50, 0x48, 0x48, 0xff, 0x50, 0x4c, 0x48, 0xff, 0x50, 0x48, 0x48, 0xff,
    0x50, 0x4c, 0x48, 0xff, 0x50, 0x48, 0x48, 0xff, 0x50, 0x4c, 0x48, 0xff,
    0x50, 0x48, 0x48, 0xff, 0x50, 0x4c, 0x48, 0xff, 0x50, 0x48, 0x48, 0xff,
    0x50, 0x4c, 0x48, 0xff, 0x50, 0x48, 0x48, 0xff, 0x50, 0x4c, 0x48, 0xff,
    0x50, 0x48, 0x48, 0xff, 0x50, 0x4c, 0x48, 0xff, 0x50, 0x48, 0x48, 0xff,
    0x50, 0x4c, 0x48, 0xff, 0x50, 0x48, 0x48, 0xff, 0x50, 0x4c, 0x48, 0xff,
    0x50, 0x48, 0x48, 0xff, 0x50, 0x4c, 0x48, 0xff, 0x50, 0x48, 0x48, 0xff,
    0x50, 0x4c, 0x48, 0xff, 0x50, 0x48, 0x48, 0xff, 0x50, 0x4c, 0x48, 0xff,
    0x50, 0x48, 0x48, 0xff, 0x50, 0x4c, 0x48, 0xff, 0x50, 0x48, 0x48, 0xff,
    0x50, 0x4c, 0x48, 0xff, 0x50, 0x4c, 0x48, 0xff, 0x50, 0x48, 0x48, 0xff,
    0x50, 0x4c, 0x48, 0xff, 0x50, 0x4c, 0x48, 0xff, 0x50, 0x4c, 0x48, 0xff,
    0x50, 0x4c, 0x48, 0xff, 0x50, 0x4c, 0x48, 0xff, 0x50, 0x4c, 0x48, 0xff,
    0x50, 0x4c, 0x48, 0xbe, 0x50, 0x4c, 0x48, 0x6d, 0x50, 0x50, 0x48, 0x20,
    0x00, 0x00, 0x00, 0x00, 0x00, 0x00, 0x00, 0x00, 0x00, 0x00, 0x00, 0x00,
    0x00, 0x00, 0x00, 0x00, 0x00, 0x00, 0x00, 0x00, 0x00, 0x00, 0x00, 0x00,
    0x00, 0x00, 0x00, 0x00, 0x00, 0x00, 0x00, 0x00, 0x00, 0x00, 0x00, 0x00,
    0x00, 0x00, 0x00, 0x00, 0x00, 0x00, 0x00, 0x00, 0x00, 0x00, 0x00, 0x00,
    0x00, 0x00, 0x00, 0x00, 0x00, 0x00, 0x00, 0x00, 0x00, 0x00, 0x00, 0x00,
    0x00, 0x00, 0x00, 0x00, 0x00, 0x00, 0x00, 0x00, 0x00, 0x00, 0x00, 0x00,
    0x00, 0x00, 0x00, 0x00, 0x00, 0x00, 0x00, 0x00, 0x00, 0x00, 0x00, 0x00,
    0x00, 0x00, 0x00, 0x00, 0x00, 0x00, 0x00, 0x00, 0x00, 0x00, 0x00, 0x00,
    0x00, 0x00, 0x00, 0x00, 0x00, 0x00, 0x00, 0x00, 0x00, 0x00, 0x00, 0x00,
    0x00, 0x00, 0x00, 0x00, 0x00, 0x00, 0x00, 0x00, 0x00, 0x00, 0x00, 0x00,
    0x00, 0x00, 0x00, 0x00, 0x00, 0x00, 0x00, 0x00, 0x00, 0x00, 0x00, 0x00,
    0x00, 0x00, 0x00, 0x00, 0x00, 0x00, 0x00, 0x00, 0x00, 0x00, 0x00, 0x00,
    0x50, 0x4c, 0x48, 0x41, 0x50, 0x4c, 0x48, 0xbe, 0x50, 0x4c, 0x48, 0xff,
    0x50, 0x4c, 0x48, 0xff, 0x50, 0x48, 0x48, 0xff, 0x50, 0x4c, 0x48, 0xff,
    0x50, 0x4c, 0x48, 0xff, 0x50, 0x48, 0x48, 0xff, 0x50, 0x4c, 0x48, 0xff,
    0x50, 0x4c, 0x48, 0xff, 0x50, 0x4c, 0x48, 0xff, 0x50, 0x48, 0x48, 0xff,
    0x50, 0x4c, 0x48, 0xff, 0x50, 0x4c, 0x48, 0xff, 0x50, 0x48, 0x48, 0xff,
    0x50, 0x4c, 0x48, 0xff, 0x50, 0x4c, 0x48, 0xff, 0x50, 0x4c, 0x48, 0xff,
    0x50, 0x48, 0x48, 0xff, 0x50, 0x4c, 0x48, 0xff, 0x50, 0x4c, 0x48, 0xff,
    0x50, 0x4c, 0x48, 0xff, 0x50, 0x48, 0x48, 0xff, 0x50, 0x4c, 0x48, 0xff,
    0x50, 0x4c, 0x48, 0xff, 0x50, 0x4c, 0x48, 0xff, 0x50, 0x48, 0x48, 0xff,
    0x50, 0x4c, 0x48, 0xff, 0x50, 0x4c, 0x48, 0xff, 0x50, 0x4c, 0x48, 0xff,
    0x50, 0x48, 0x48, 0xff, 0x50, 0x4c, 0x48, 0xff, 0x50, 0x4c, 0x48, 0xff,
    0x50, 0x4c, 0x48, 0xff, 0x50, 0x48, 0x48, 0xff, 0x50, 0x4c, 0x48, 0xff,
    0x50, 0x4c, 0x48, 0xff, 0x50, 0x4c, 0x48, 0xff, 0x50, 0x48, 0x48, 0xff,
    0x50, 0x4c, 0x48, 0xff, 0x50, 0x4c, 0x48, 0xff, 0x50, 0x4c, 0x48, 0xff,
    0x50, 0x48, 0x48, 0xff, 0x50, 0x4c, 0x48, 0xff, 0x50, 0x4c, 0x48, 0xff,
    0x50, 0x4c, 0x48, 0xff, 0x50, 0x48, 0x48, 0xff, 0x50, 0x4c, 0x48, 0xff,
    0x50, 0x4c, 0x48, 0xff, 0x50, 0x4c, 0x48, 0xff, 0x50, 0x48, 0x48, 0xff,
    0x50, 0x4c, 0x48, 0xff, 0x50, 0x4c, 0x48, 0xff, 0x50, 0x4c, 0x48, 0xff,
    0x50, 0x48, 0x48, 0xff, 0x50, 0x4c, 0x48, 0xff, 0x50, 0x4c, 0x48, 0xff,
    0x50, 0x4c, 0x48, 0xff, 0x50, 0x48, 0x48, 0xff, 0x50, 0x4c, 0x48, 0xff,
    0x50, 0x4c, 0x48, 0xff, 0x50, 0x4c, 0x48, 0xff, 0x50, 0x48, 0x48, 0xff,
    0x50, 0x4c, 0x48, 0xff, 0x50, 0x4c, 0x48, 0xff, 0x50, 0x4c, 0x48, 0xff,
    0x50, 0x48, 0x48, 0xff, 0x50, 0x4c, 0x48, 0xff, 0x50, 0x4c, 0x48, 0xff,
    0x50, 0x4c, 0x48, 0xff, 0x50, 0x48, 0x48, 0xff, 0x50, 0x4c, 0x48, 0xff,
    0x50, 0x4c, 0x48, 0xff, 0x50, 0x4c, 0x48, 0xff, 0x50, 0x48, 0x48, 0xff,
    0x50, 0x4c, 0x48, 0xff, 0x50, 0x4c, 0x48, 0xff, 0x50, 0x4c, 0x48, 0xff,
    0x50, 0x48, 0x48, 0xff, 0x50, 0x4c, 0x48, 0xff, 0x50, 0x4c, 0x48, 0xff,
    0x50, 0x4c, 0x48, 0xff, 0x50, 0x48, 0x48, 0xff, 0x50, 0x4c, 0x48, 0xff,
    0x50, 0x4c, 0x48, 0xff, 0x50, 0x4c, 0x48, 0xff, 0x50, 0x48, 0x48, 0xff,
    0x50, 0x4c, 0x48, 0xff, 0x50, 0x4c, 0x48, 0xff, 0x50, 0x4c, 0x48, 0xff,
    0x50, 0x48, 0x48, 0xff, 0x50, 0x4c, 0x48, 0xff, 0x50, 0x4c, 0x48, 0xff,
    0x50, 0x4c, 0x48, 0xff, 0x50, 0x48, 0x48, 0xff, 0x50, 0x4c, 0x48, 0xff,
    0x50, 0x4c, 0x48, 0xff, 0x50, 0x4c, 0x48, 0xff, 0x50, 0x48, 0x48, 0xff,
    0x50, 0x4c, 0x48, 0xff, 0x50, 0x4c, 0x48, 0xff, 0x50, 0x4c, 0x48, 0xff,
    0x50, 0x48, 0x48, 0xff, 0x50, 0x4c, 0x48, 0xff, 0x50, 0x4c, 0x48, 0xff,
    0x50, 0x4c, 0x48, 0xff, 0x50, 0x48, 0x48, 0xff, 0x50, 0x4c, 0x48, 0xff,
    0x50, 0x4c, 0x48, 0xff, 0x50, 0x4c, 0x48, 0xff, 0x50, 0x48, 0x48, 0xff,
    0x50, 0x4c, 0x48, 0xff, 0x50, 0x4c, 0x48, 0xff, 0x50, 0x4c, 0x48, 0xff,
    0x50, 0x48, 0x48, 0xff, 0x50, 0x4c, 0x48, 0xff, 0x50, 0x4c, 0x48, 0xff,
    0x50, 0x4c, 0x48, 0xff, 0x50, 0x48, 0x48, 0xff, 0x50, 0x4c, 0x48, 0xff,
    0x50, 0x4c, 0x48, 0xff, 0x50, 0x4c, 0x48, 0xff, 0x50, 0x48, 0x48, 0xff,
    0x50, 0x4c, 0x48, 0xff, 0x50, 0x4c, 0x48, 0xff, 0x50, 0x4c, 0x48, 0xff,
    0x50, 0x4c, 0x48, 0xff, 0x50, 0x4c, 0x48, 0xff, 0x50, 0x4c, 0x48, 0xff,
    0x50, 0x4c, 0x48, 0xff, 0x50, 0x48, 0x48, 0xff, 0x50, 0x4c, 0x48, 0xff,
    0x50, 0x4c, 0x48, 0xff, 0x50, 0x4c, 0x48, 0xff, 0x50, 0x4c, 0x48, 0xbe,
    0x50, 0x4c, 0x48, 0x41, 0x00, 0x00, 0x00, 0x00, 0x00, 0x00, 0x00, 0x00,
    0x00, 0x00, 0x00, 0x00, 0x00, 0x00, 0x00, 0x00, 0x00, 0x00, 0x00, 0x00,
    0x00, 0x00, 0x00, 0x00, 0x00, 0x00, 0x00, 0x00, 0x00, 0x00, 0x00, 0x00,
    0x00, 0x00, 0x00, 0x00, 0x00, 0x00, 0x00, 0x00, 0x00, 0x00, 0x00, 0x00,
    0x00, 0x00, 0x00, 0x00, 0x00, 0x00, 0x00, 0x00, 0x00, 0x00, 0x00, 0x00,
    0x00, 0x00, 0x00, 0x00, 0x00, 0x00, 0x00, 0x00, 0x00, 0x00, 0x00, 0x00,
    0x00, 0x00, 0x00, 0x00, 0x00, 0x00, 0x00, 0x00, 0x00, 0x00, 0x00, 0x00,
    0x00, 0x00, 0x00, 0x00, 0x00, 0x00, 0x00, 0x00, 0x00, 0x00, 0x00, 0x00,
    0x00, 0x00, 0x00, 0x00, 0x00, 0x00, 0x00, 0x00, 0x00, 0x00, 0x00, 0x00,
    0x00, 0x00, 0x00, 0x00, 0x00, 0x00, 0x00, 0x00, 0x00, 0x00, 0x00, 0x00,
    0x00, 0x00, 0x00, 0x00, 0x00, 0x00, 0x00, 0x00, 0x00, 0x00, 0x00, 0x00,
    0x50, 0x4c, 0x48, 0x41, 0x50, 0x4c, 0x48, 0xbe, 0x50, 0x4c, 0x48, 0xff,
    0x50, 0x48, 0x48, 0xff, 0x50, 0x4c, 0x48, 0xff, 0x50, 0x4c, 0x48, 0xff,
    0x50, 0x48, 0x48, 0xff, 0x50, 0x4c, 0x48, 0xff, 0x50, 0x4c, 0x48, 0xff,
    0x50, 0x48, 0x40, 0xff, 0x50, 0x4c, 0x48, 0xff, 0x50, 0x4c, 0x48, 0xff,
    0x50, 0x48, 0x40, 0xff, 0x50, 0x4c, 0x48, 0xff, 0x50, 0x4c, 0x48, 0xff,
    0x50, 0x4c, 0x40, 0xff, 0x50, 0x4c, 0x48, 0xff, 0x50, 0x4c, 0x48, 0xff,
    0x50, 0x4c, 0x40, 0xff, 0x50, 0x4c, 0x48, 0xff, 0x50, 0x4c, 0x48, 0xff,
    0x50, 0x4c, 0x40, 0xff, 0x50, 0x4c, 0x48, 0xff, 0x50, 0x4c, 0x48, 0xff,
    0x50, 0x4c, 0x40, 0xff, 0x50, 0x4c, 0x48, 0xff, 0x50, 0x4c, 0x48, 0xff,
    0x50, 0x4c, 0x40, 0xff, 0x50, 0x4c, 0x48, 0xff, 0x50, 0x4c, 0x48, 0xff,
    0x50, 0x4c, 0x40, 0xff, 0x50, 0x4c, 0x48, 0xff, 0x50, 0x4c, 0x48, 0xff,
    0x50, 0x4c, 0x40, 0xff, 0x50, 0x4c, 0x48, 0xff, 0x50, 0x4c, 0x48, 0xff,
    0x50, 0x4c, 0x40, 0xff, 0x50, 0x4c, 0x48, 0xff, 0x50, 0x4c, 0x48, 0xff,
    0x50, 0x4c, 0x40, 0xff, 0x50, 0x4c, 0x48, 0xff, 0x50, 0x4c, 0x48, 0xff,
    0x50, 0x4c, 0x40, 0xff, 0x50, 0x4c, 0x48, 0xff, 0x50, 0x4c, 0x48, 0xff,
    0x50, 0x4c, 0x40, 0xff, 0x50, 0x4c, 0x48, 0xff, 0x50, 0x4c, 0x48, 0xff,
    0x50, 0x4c, 0x40, 0xff, 0x50, 0x4c, 0x48, 0xff, 0x50, 0x4c, 0x48, 0xff,
    0x50, 0x4c, 0x40, 0xff, 0x50, 0x4c, 0x48, 0xff, 0x50, 0x4c, 0x48, 0xff,
    0x50, 0x4c, 0x40, 0xff, 0x50, 0x4c, 0x48, 0xff, 0x50, 0x4c, 0x48, 0xff,
    0x50, 0x4c, 0x40, 0xff, 0x50, 0x4c, 0x48, 0xff, 0x50, 0x4c, 0x48, 0xff,
    0x50, 0x4c, 0x40, 0xff, 0x50, 0x4c, 0x48, 0xff, 0x50, 0x4c, 0x48, 0xff,
    0x50, 0x4c, 0x40, 0xff, 0x50, 0x4c, 0x48, 0xff, 0x50, 0x4c, 0x48, 0xff,
    0x50, 0x4c, 0x40, 0xff, 0x50, 0x4c, 0x48, 0xff, 0x50, 0x4c, 0x48, 0xff,
    0x50, 0x4c, 0x40, 0xff, 0x50, 0x4c, 0x48, 0xff, 0x50, 0x4c, 0x48, 0xff,
    0x50, 0x4c, 0x40, 0xff, 0x50, 0x4c, 0x48, 0xff, 0x50, 0x4c, 0x48, 0xff,
    0x50, 0x4c, 0x40, 0xff, 0x50, 0x4c, 0x48, 0xff, 0x50, 0x4c, 0x48, 0xff,
    0x50, 0x4c, 0x40, 0xff, 0x50, 0x4c, 0x48, 0xff, 0x50, 0x4c, 0x48, 0xff,
    0x50, 0x4c, 0x40, 0xff, 0x50, 0x4c, 0x48, 0xff, 0x50, 0x4c, 0x48, 0xff,
    0x50, 0x4c, 0x40, 0xff, 0x50, 0x4c, 0x48, 0xff, 0x50, 0x4c, 0x48, 0xff,
    0x50, 0x4c, 0x40, 0xff, 0x50, 0x4c, 0x48, 0xff, 0x50, 0x4c, 0x48, 0xff,
    0x50, 0x4c, 0x40, 0xff, 0x50, 0x4c, 0x48, 0xff, 0x50, 0x4c, 0x48, 0xff,
    0x50, 0x4c, 0x40, 0xff, 0x50, 0x4c, 0x48, 0xff, 0x50, 0x4c, 0x48, 0xff,
    0x50, 0x4c, 0x40, 0xff, 0x50, 0x4c, 0x48, 0xff, 0x50, 0x4c, 0x48, 0xff,
    0x50, 0x4c, 0x40, 0xff, 0x50, 0x4c, 0x48, 0xff, 0x50, 0x4c, 0x48, 0xff,
    0x50, 0x4c, 0x40, 0xff, 0x50, 0x4c, 0x48, 0xff, 0x50, 0x4c, 0x48, 0xff,
    0x50, 0x4c, 0x40, 0xff, 0x50, 0x4c, 0x48, 0xff, 0x50, 0x4c, 0x48, 0xff,
    0x50, 0x4c, 0x40, 0xff, 0x50, 0x4c, 0x48, 0xff, 0x50, 0x4c, 0x48, 0xff,
    0x50, 0x4c, 0x40, 0xff, 0x50, 0x4c, 0x48, 0xff, 0x50, 0x4c, 0x48, 0xff,
    0x50, 0x4c, 0x40, 0xff, 0x50, 0x4c, 0x48, 0xff, 0x50, 0x4c, 0x48, 0xff,
    0x50, 0x4c, 0x40, 0xff, 0x50, 0x4c, 0x48, 0xff, 0x50, 0x4c, 0x48, 0xff,
    0x50, 0x4c, 0x40, 0xff, 0x50, 0x4c, 0x48, 0xff, 0x50, 0x4c, 0x48, 0xff,
    0x50, 0x4c, 0x40, 0xff, 0x50, 0x48, 0x48, 0xff, 0x50, 0x4c, 0x48, 0xff,
    0x50, 0x4c, 0x40, 0xff, 0x50, 0x48, 0x48, 0xff, 0x50, 0x48, 0x48, 0xff,
    0x50, 0x4c, 0x40, 0xff, 0x50, 0x4c, 0x48, 0xff, 0x50, 0x48, 0x48, 0xff,
    0x50, 0x4c, 0x40, 0xff, 0x50, 0x4c, 0x48, 0xff, 0x50, 0x48, 0x48, 0xff,
    0x50, 0x4c, 0x48, 0xff, 0x50, 0x4c, 0x48, 0xff, 0x50, 0x48, 0x48, 0xff,
    0x50, 0x4c, 0x48, 0xdf, 0x50, 0x48, 0x48, 0x4d, 0x00, 0x00, 0x00, 0x00,
    0x00, 0x00, 0x00, 0x00, 0x00, 0x00, 0x00, 0x00, 0x00, 0x00, 0x00, 0x00,
    0x00, 0x00, 0x00, 0x00, 0x00, 0x00, 0x00, 0x00, 0x00, 0x00, 0x00, 0x00,
    0x00, 0x00, 0x00, 0x00, 0x00, 0x00, 0x00, 0x00, 0x00, 0x00, 0x00, 0x00,
    0x00, 0x00, 0x00, 0x00, 0x00, 0x00, 0x00, 0x00, 0x00, 0x00, 0x00, 0x00,
    0x00, 0x00, 0x00, 0x00, 0x00, 0x00, 0x00, 0x00, 0x00, 0x00, 0x00, 0x00,
    0x00, 0x00, 0x00, 0x00, 0x00, 0x00, 0x00, 0x00, 0x00, 0x00, 0x00, 0x00,
    0x00, 0x00, 0x00, 0x00, 0x00, 0x00, 0x00, 0x00, 0x00, 0x00, 0x00, 0x00,
    0x00, 0x00, 0x00, 0x00, 0x00, 0x00, 0x00, 0x00, 0x00, 0x00, 0x00, 0x00,
    0x00, 0x00, 0x00, 0x00, 0x00, 0x00, 0x00, 0x00, 0x00, 0x00, 0x00, 0x00,
    0x50, 0x50, 0x48, 0x20, 0x50, 0x4c, 0x48, 0xbe, 0x50, 0x4c, 0x48, 0xff,
    0x50, 0x4c, 0x48, 0xff, 0x50, 0x48, 0x48, 0xff, 0x50, 0x4c, 0x48, 0xff,
    0x50, 0x4c, 0x48, 0xff, 0x50, 0x4c, 0x48, 0xff, 0x50, 0x4c, 0x40, 0xff,
    0x50, 0x4c, 0x48, 0xff, 0x50, 0x4c, 0x48, 0xcf, 0x50, 0x48, 0x40, 0x8e,
    0x50, 0x48, 0x48, 0x5d, 0x50, 0x48, 0x40, 0x30, 0x50, 0x48, 0x40, 0x20,
    0x00, 0x00, 0x00, 0x00, 0x00, 0x00, 0x00, 0x00, 0x00, 0x00, 0x00, 0x00,
    0x00, 0x00, 0x00, 0x00, 0x00, 0x00, 0x00, 0x00, 0x00, 0x00, 0x00, 0x00,
    0x00, 0x00, 0x00, 0x00, 0x00, 0x00, 0x00, 0x00, 0x00, 0x00, 0x00, 0x00,
    0x00, 0x00, 0x00, 0x00, 0x00, 0x00, 0x00, 0x00, 0x00, 0x00, 0x00, 0x00,
    0x00, 0x00, 0x00, 0x00, 0x00, 0x00, 0x00, 0x00, 0x00, 0x00, 0x00, 0x00,
    0x00, 0x00, 0x00, 0x00, 0x00, 0x00, 0x00, 0x00, 0x00, 0x00, 0x00, 0x00,
    0x00, 0x00, 0x00, 0x00, 0x00, 0x00, 0x00, 0x00, 0x00, 0x00, 0x00, 0x00,
    0x00, 0x00, 0x00, 0x00, 0x00, 0x00, 0x00, 0x00, 0x00, 0x00, 0x00, 0x00,
    0x00, 0x00, 0x00, 0x00, 0x00, 0x00, 0x00, 0x00, 0x00, 0x00, 0x00, 0x00,
    0x00, 0x00, 0x00, 0x00, 0x00, 0x00, 0x00, 0x00, 0x00, 0x00, 0x00, 0x00,
    0x00, 0x00, 0x00, 0x00, 0x00, 0x00, 0x00, 0x00, 0x00, 0x00, 0x00, 0x00,
    0x00, 0x00, 0x00, 0x00, 0x00, 0x00, 0x00, 0x00, 0x00, 0x00, 0x00, 0x00,
    0x00, 0x00, 0x00, 0x00, 0x00, 0x00, 0x00, 0x00, 0x00, 0x00, 0x00, 0x00,
    0x00, 0x00, 0x00, 0x00, 0x00, 0x00, 0x00, 0x00, 0x00, 0x00, 0x00, 0x00,
    0x00, 0x00, 0x00, 0x00, 0x00, 0x00, 0x00, 0x00, 0x00, 0x00, 0x00, 0x00,
    0x00, 0x00, 0x00, 0x00, 0x00, 0x00, 0x00, 0x00, 0x00, 0x00, 0x00, 0x00,
    0x00, 0x00, 0x00, 0x00, 0x00, 0x00, 0x00, 0x00, 0x00, 0x00, 0x00, 0x00,
    0x00, 0x00, 0x00, 0x00, 0x00, 0x00, 0x00, 0x00, 0x00, 0x00, 0x00, 0x00,
    0x00, 0x00, 0x00, 0x00, 0x00, 0x00, 0x00, 0x00, 0x00, 0x00, 0x00, 0x00,
    0x00, 0x00, 0x00, 0x00, 0x00, 0x00, 0x00, 0x00, 0x00, 0x00, 0x00, 0x00,
    0x00, 0x00, 0x00, 0x00, 0x00, 0x00, 0x00, 0x00, 0x00, 0x00, 0x00, 0x00,
    0x00, 0x00, 0x00, 0x00, 0x00, 0x00, 0x00, 0x00, 0x00, 0x00, 0x00, 0x00,
    0x00, 0x00, 0x00, 0x00, 0x00, 0x00, 0x00, 0x00, 0x00, 0x00, 0x00, 0x00,
    0x00, 0x00, 0x00, 0x00, 0x00, 0x00, 0x00, 0x00, 0x00, 0x00, 0x00, 0x00,
    0x00, 0x00, 0x00, 0x00, 0x00, 0x00, 0x00, 0x00, 0x00, 0x00, 0x00, 0x00,
    0x00, 0x00, 0x00, 0x00, 0x00, 0x00, 0x00, 0x00, 0x00, 0x00, 0x00, 0x00,
    0x00, 0x00, 0x00, 0x00, 0x00, 0x00, 0x00, 0x00, 0x00, 0x00, 0x00, 0x00,
    0x00, 0x00, 0x00, 0x00, 0x00, 0x00, 0x00, 0x00, 0x00, 0x00, 0x00, 0x00,
    0x00, 0x00, 0x00, 0x00, 0x00, 0x00, 0x00, 0x00, 0x00, 0x00, 0x00, 0x00,
    0x00, 0x00, 0x00, 0x00, 0x00, 0x00, 0x00, 0x00, 0x00, 0x00, 0x00, 0x00,
    0x00, 0x00, 0x00, 0x00, 0x00, 0x00, 0x00, 0x00, 0x00, 0x00, 0x00, 0x00,
    0x00, 0x00, 0x00, 0x00, 0x00, 0x00, 0x00, 0x00, 0x00, 0x00, 0x00, 0x00,
    0x00, 0x00, 0x00, 0x00, 0x00, 0x00, 0x00, 0x00, 0x00, 0x00, 0x00, 0x00,
    0x00, 0x00, 0x00, 0x00, 0x00, 0x00, 0x00, 0x00, 0x00, 0x00, 0x00, 0x00,
    0x00, 0x00, 0x00, 0x00, 0x00, 0x00, 0x00, 0x00, 0x00, 0x00, 0x00, 0x00,
    0x00, 0x00, 0x00, 0x00, 0x00, 0x00, 0x00, 0x00, 0x00, 0x00, 0x00, 0x00,
    0x00, 0x00, 0x00, 0x00, 0x00, 0x00, 0x00, 0x00, 0x00, 0x00, 0x00, 0x00,
    0x00, 0x00, 0x00, 0x00, 0x00, 0x00, 0x00, 0x00, 0x00, 0x00, 0x00, 0x00,
    0x50, 0x48, 0x40, 0x20, 0x50, 0x48, 0x40, 0x41, 0x50, 0x4c, 0x48, 0x6d,
    0x50, 0x48, 0x48, 0x8e, 0x50, 0x4c, 0x48, 0xcf, 0x50, 0x4c, 0x48, 0xff,
    0x50, 0x4c, 0x48, 0xff, 0x50, 0x48, 0x48, 0xff, 0x50, 0x4c, 0x48, 0xff,
    0x50, 0x4c, 0x48, 0xff, 0x50, 0x4c, 0x48, 0xff, 0x50, 0x4c, 0x48, 0xff,
    0x50, 0x4c, 0x48, 0xff, 0x50, 0x4c, 0x48, 0x9e, 0x50, 0x50, 0x48, 0x20,
    0x00, 0x00, 0x00, 0x00, 0x00, 0x00, 0x00, 0x00, 0x00, 0x00, 0x00, 0x00,
    0x00, 0x00, 0x00, 0x00, 0x00, 0x00, 0x00, 0x00, 0x00, 0x00, 0x00, 0x00,
    0x00, 0x00, 0x00, 0x00, 0x00, 0x00, 0x00, 0x00, 0x00, 0x00, 0x00, 0x00,
    0x00, 0x00, 0x00, 0x00, 0x00, 0x00, 0x00, 0x00, 0x00, 0x00, 0x00, 0x00,
    0x00, 0x00, 0x00, 0x00, 0x00, 0x00, 0x00, 0x00, 0x00, 0x00, 0x00, 0x00,
    0x00, 0x00, 0x00, 0x00, 0x00, 0x00, 0x00, 0x00, 0x00, 0x00, 0x00, 0x00,
    0x00, 0x00, 0x00, 0x00, 0x00, 0x00, 0x00, 0x00, 0x00, 0x00, 0x00, 0x00,
    0x00, 0x00, 0x00, 0x00, 0x00, 0x00, 0x00, 0x00, 0x00, 0x00, 0x00, 0x00,
    0x00, 0x00, 0x00, 0x00, 0x50, 0x4c, 0x48, 0x71, 0x50, 0x4c, 0x48, 0xef,
    0x50, 0x48, 0x48, 0xff, 0x50, 0x4c, 0x48, 0xff, 0x50, 0x4c, 0x48, 0xff,
    0x50, 0x4c, 0x48, 0xff, 0x50, 0x4c, 0x48, 0xff, 0x50, 0x48, 0x48, 0xff,
    0x50, 0x4c, 0x48, 0xbe, 0x50, 0x4c, 0x48, 0x6d, 0x50, 0x40, 0x40, 0x10,
    0x00, 0x00, 0x00, 0x00, 0x00, 0x00, 0x00, 0x00, 0x00, 0x00, 0x00, 0x00,
    0x00, 0x00, 0x00, 0x00, 0x00, 0x00, 0x00, 0x00, 0x00, 0x00, 0x00, 0x00,
    0x00, 0x00, 0x00, 0x00, 0x00, 0x00, 0x00, 0x00, 0x00, 0x00, 0x00, 0x00,
    0x00, 0x00, 0x00, 0x00, 0x00, 0x00, 0x00, 0x00, 0x00, 0x00, 0x00, 0x00,
    0x00, 0x00, 0x00, 0x00, 0x00, 0x00, 0x00, 0x00, 0x00, 0x00, 0x00, 0x00,
    0x00, 0x00, 0x00, 0x00, 0x00, 0x00, 0x00, 0x00, 0x00, 0x00, 0x00, 0x00,
    0x00, 0x00, 0x00, 0x00, 0x00, 0x00, 0x00, 0x00, 0x00, 0x00, 0x00, 0x00,
    0x00, 0x00, 0x00, 0x00, 0x00, 0x00, 0x00, 0x00, 0x00, 0x00, 0x00, 0x00,
    0x00, 0x00, 0x00, 0x00, 0x00, 0x00, 0x00, 0x00, 0x00, 0x00, 0x00, 0x00,
    0x00, 0x00, 0x00, 0x00, 0x00, 0x00, 0x00, 0x00, 0x00, 0x00, 0x00, 0x00,
    0x00, 0x00, 0x00, 0x00, 0x00, 0x00, 0x00, 0x00, 0x00, 0x00, 0x00, 0x00,
    0x00, 0x00, 0x00, 0x00, 0x00, 0x00, 0x00, 0x00, 0x00, 0x00, 0x00, 0x00,
    0x00, 0x00, 0x00, 0x00, 0x00, 0x00, 0x00, 0x00, 0x00, 0x00, 0x00, 0x00,
    0x00, 0x00, 0x00, 0x00, 0x00, 0x00, 0x00, 0x00, 0x00, 0x00, 0x00, 0x00,
    0x00, 0x00, 0x00, 0x00, 0x00, 0x00, 0x00, 0x00, 0x00, 0x00, 0x00, 0x00,
    0x00, 0x00, 0x00, 0x00, 0x00, 0x00, 0x00, 0x00, 0x00, 0x00, 0x00, 0x00,
    0x00, 0x00, 0x00, 0x00, 0x00, 0x00, 0x00, 0x00, 0x00, 0x00, 0x00, 0x00,
    0x00, 0x00, 0x00, 0x00, 0x00, 0x00, 0x00, 0x00, 0x00, 0x00, 0x00, 0x00,
    0x00, 0x00, 0x00, 0x00, 0x00, 0x00, 0x00, 0x00, 0x00, 0x00, 0x00, 0x00,
    0x00, 0x00, 0x00, 0x00, 0x00, 0x00, 0x00, 0x00, 0x00, 0x00, 0x00, 0x00,
    0x00, 0x00, 0x00, 0x00, 0x00, 0x00, 0x00, 0x00, 0x00, 0x00, 0x00, 0x00,
    0x00, 0x00, 0x00, 0x00, 0x00, 0x00, 0x00, 0x00, 0x00, 0x00, 0x00, 0x00,
    0x00, 0x00, 0x00, 0x00, 0x00, 0x00, 0x00, 0x00, 0x00, 0x00, 0x00, 0x00,
    0x00, 0x00, 0x00, 0x00, 0x00, 0x00, 0x00, 0x00, 0x00, 0x00, 0x00, 0x00,
    0x00, 0x00, 0x00, 0x00, 0x00, 0x00, 0x00, 0x00, 0x00, 0x00, 0x00, 0x00,
    0x00, 0x00, 0x00, 0x00, 0x00, 0x00, 0x00, 0x00, 0x00, 0x00, 0x00, 0x00,
    0x00, 0x00, 0x00, 0x00, 0x00, 0x00, 0x00, 0x00, 0x00, 0x00, 0x00, 0x00,
    0x00, 0x00, 0x00, 0x00, 0x00, 0x00, 0x00, 0x00, 0x00, 0x00, 0x00, 0x00,
    0x00, 0x00, 0x00, 0x00, 0x00, 0x00, 0x00, 0x00, 0x00, 0x00, 0x00, 0x00,
    0x00, 0x00, 0x00, 0x00, 0x00, 0x00, 0x00, 0x00, 0x00, 0x00, 0x00, 0x00,
    0x00, 0x00, 0x00, 0x00, 0x00, 0x00, 0x00, 0x00, 0x00, 0x00, 0x00, 0x00,
    0x00, 0x00, 0x00, 0x00, 0x00, 0x00, 0x00, 0x00, 0x00, 0x00, 0x00, 0x00,
    0x00, 0x00, 0x00, 0x00, 0x00, 0x00, 0x00, 0x00, 0x00, 0x00, 0x00, 0x00,
    0x00, 0x00, 0x00, 0x00, 0x00, 0x00, 0x00, 0x00, 0x00, 0x00, 0x00, 0x00,
    0x00, 0x00, 0x00, 0x00, 0x00, 0x00, 0x00, 0x00, 0x00, 0x00, 0x00, 0x00,
    0x00, 0x00, 0x00, 0x00, 0x00, 0x00, 0x00, 0x00, 0x00, 0x00, 0x00, 0x00,
    0x00, 0x00, 0x00, 0x00, 0x00, 0x00, 0x00, 0x00, 0x00, 0x00, 0x00, 0x00,
    0x00, 0x00, 0x00, 0x00, 0x00, 0x00, 0x00, 0x00, 0x00, 0x00, 0x00, 0x00,
    0x00, 0x00, 0x00, 0x00, 0x00, 0x00, 0x00, 0x00, 0x00, 0x00, 0x00, 0x00,
    0x00, 0x00, 0x00, 0x00, 0x00, 0x00, 0x00, 0x00, 0x00, 0x00, 0x00, 0x00,
    0x00, 0x00, 0x00, 0x00, 0x00, 0x00, 0x00, 0x00, 0x00, 0x00, 0x00, 0x00,
    0x00, 0x00, 0x00, 0x00, 0x50, 0x48, 0x48, 0x20, 0x50, 0x48, 0x40, 0x61,
    0x50, 0x4c, 0x48, 0xcf, 0x50, 0x4c, 0x48, 0xff, 0x50, 0x48, 0x40, 0xff,
    0x50, 0x4c, 0x48, 0xff, 0x50, 0x4c, 0x48, 0xff, 0x50, 0x48, 0x48, 0xff,
    0x50, 0x4c, 0x48, 0xff, 0x50, 0x4c, 0x48, 0xdf, 0x50, 0x4c, 0x48, 0x5d,
    0x00, 0x00, 0x00, 0x00, 0x00, 0x00, 0x00, 0x00, 0x00, 0x00, 0x00, 0x00,
    0x00, 0x00, 0x00, 0x00, 0x00, 0x00, 0x00, 0x00, 0x00, 0x00, 0x00, 0x00,
    0x00, 0x00, 0x00, 0x00, 0x00, 0x00, 0x00, 0x00, 0x00, 0x00, 0x00, 0x00,
    0x00, 0x00, 0x00, 0x00, 0x00, 0x00, 0x00, 0x00, 0x00, 0x00, 0x00, 0x00,
    0x00, 0x00, 0x00, 0x00, 0x00, 0x00, 0x00, 0x00, 0x00, 0x00, 0x00, 0x00,
    0x00, 0x00, 0x00, 0x00, 0x00, 0x00, 0x00, 0x00, 0x00, 0x00, 0x00, 0x00,
    0x00, 0x00, 0x00, 0x00, 0x00, 0x00, 0x00, 0x00, 0x00, 0x00, 0x00, 0x00,
    0x00, 0x00, 0x00, 0x00, 0x50, 0x50, 0x40, 0x10, 0x50, 0x4c, 0x48, 0x8e,
    0x50, 0x4c, 0x48, 0xff, 0x50, 0x4c, 0x48, 0xff, 0x50, 0x4c, 0x48, 0xff,
    0x50, 0x48, 0x48, 0xff, 0x50, 0x4c, 0x48, 0xff, 0x50, 0x4c, 0x40, 0xff,
    0x50, 0x48, 0x48, 0xbe, 0x50, 0x48, 0x40, 0x41, 0x00, 0x00, 0x00, 0x00,
    0x00, 0x00, 0x00, 0x00, 0x00, 0x00, 0x00, 0x00, 0x00, 0x00, 0x00, 0x00,
    0x00, 0x00, 0x00, 0x00, 0x00, 0x00, 0x00, 0x00, 0x00, 0x00, 0x00, 0x00,
    0x00, 0x00, 0x00, 0x00, 0x00, 0x00, 0x00, 0x00, 0x00, 0x00, 0x00, 0x00,
    0x00, 0x00, 0x00, 0x00, 0x00, 0x00, 0x00, 0x00, 0x00, 0x00, 0x00, 0x00,
    0x00, 0x00, 0x00, 0x00, 0x00, 0x00, 0x00, 0x00, 0x00, 0x00, 0x00, 0x00,
    0x00, 0x00, 0x00, 0x00, 0x00, 0x00, 0x00, 0x00, 0x00, 0x00, 0x00, 0x00,
    0x00, 0x00, 0x00, 0x00, 0x00, 0x00, 0x00, 0x00, 0x00, 0x00, 0x00, 0x00,
    0x00, 0x00, 0x00, 0x00, 0x00, 0x00, 0x00, 0x00, 0x00, 0x00, 0x00, 0x00,
    0x00, 0x00, 0x00, 0x00, 0x00, 0x00, 0x00, 0x00, 0x00, 0x00, 0x00, 0x00,
    0x00, 0x00, 0x00, 0x00, 0x00, 0x00, 0x00, 0x00, 0x00, 0x00, 0x00, 0x00,
    0x00, 0x00, 0x00, 0x00, 0x00, 0x00, 0x00, 0x00, 0x00, 0x00, 0x00, 0x00,
    0x00, 0x00, 0x00, 0x00, 0x00, 0x00, 0x00, 0x00, 0x00, 0x00, 0x00, 0x00,
    0x00, 0x00, 0x00, 0x00, 0x00, 0x00, 0x00, 0x00, 0x00, 0x00, 0x00, 0x00,
    0x00, 0x00, 0x00, 0x00, 0x00, 0x00, 0x00, 0x00, 0x00, 0x00, 0x00, 0x00,
    0x00, 0x00, 0x00, 0x00, 0x00, 0x00, 0x00, 0x00, 0x00, 0x00, 0x00, 0x00,
    0x00, 0x00, 0x00, 0x00, 0x00, 0x00, 0x00, 0x00, 0x00, 0x00, 0x00, 0x00,
    0x00, 0x00, 0x00, 0x00, 0x00, 0x00, 0x00, 0x00, 0x00, 0x00, 0x00, 0x00,
    0x00, 0x00, 0x00, 0x00, 0x00, 0x00, 0x00, 0x00, 0x00, 0x00, 0x00, 0x00,
    0x00, 0x00, 0x00, 0x00, 0x00, 0x00, 0x00, 0x00, 0x00, 0x00, 0x00, 0x00,
    0x00, 0x00, 0x00, 0x00, 0x00, 0x00, 0x00, 0x00, 0x00, 0x00, 0x00, 0x00,
    0x00, 0x00, 0x00, 0x00, 0x00, 0x00, 0x00, 0x00, 0x00, 0x00, 0x00, 0x00,
    0x00, 0x00, 0x00, 0x00, 0x00, 0x00, 0x00, 0x00, 0x00, 0x00, 0x00, 0x00,
    0x00, 0x00, 0x00, 0x00, 0x00, 0x00, 0x00, 0x00, 0x00, 0x00, 0x00, 0x00,
    0x00, 0x00, 0x00, 0x00, 0x00, 0x00, 0x00, 0x00, 0x00, 0x00, 0x00, 0x00,
    0x00, 0x00, 0x00, 0x00, 0x00, 0x00, 0x00, 0x00, 0x00, 0x00, 0x00, 0x00,
    0x00, 0x00, 0x00, 0x00, 0x00, 0x00, 0x00, 0x00, 0x00, 0x00, 0x00, 0x00,
    0x00, 0x00, 0x00, 0x00, 0x00, 0x00, 0x00, 0x00, 0x00, 0x00, 0x00, 0x00,
    0x00, 0x00, 0x00, 0x00, 0x00, 0x00, 0x00, 0x00, 0x00, 0x00, 0x00, 0x00,
    0x00, 0x00, 0x00, 0x00, 0x00, 0x00, 0x00, 0x00, 0x00, 0x00, 0x00, 0x00,
    0x00, 0x00, 0x00, 0x00, 0x00, 0x00, 0x00, 0x00, 0x00, 0x00, 0x00, 0x00,
    0x00, 0x00, 0x00, 0x00, 0x00, 0x00, 0x00, 0x00, 0x00, 0x00, 0x00, 0x00,
    0x00, 0x00, 0x00, 0x00, 0x00, 0x00, 0x00, 0x00, 0x00, 0x00, 0x00, 0x00,
    0x00, 0x00, 0x00, 0x00, 0x00, 0x00, 0x00, 0x00, 0x00, 0x00, 0x00, 0x00,
    0x00, 0x00, 0x00, 0x00, 0x00, 0x00, 0x00, 0x00, 0x00, 0x00, 0x00, 0x00,
    0x00, 0x00, 0x00, 0x00, 0x00, 0x00, 0x00, 0x00, 0x00, 0x00, 0x00, 0x00,
    0x00, 0x00, 0x00, 0x00, 0x00, 0x00, 0x00, 0x00, 0x00, 0x00, 0x00, 0x00,
    0x00, 0x00, 0x00, 0x00, 0x00, 0x00, 0x00, 0x00, 0x00, 0x00, 0x00, 0x00,
    0x00, 0x00, 0x00, 0x00, 0x00, 0x00, 0x00, 0x00, 0x00, 0x00, 0x00, 0x00,
    0x00, 0x00, 0x00, 0x00, 0x00, 0x00, 0x00, 0x00, 0x00, 0x00, 0x00, 0x00,
    0x00, 0x00, 0x00, 0x00, 0x00, 0x00, 0x00, 0x00, 0x00, 0x00, 0x00, 0x00,
    0x00, 0x00, 0x00, 0x00, 0x00, 0x00, 0x00, 0x00, 0x00, 0x00, 0x00, 0x00,
    0x00, 0x00, 0x00, 0x00, 0x00, 0x00, 0x00, 0x00, 0x00, 0x00, 0x00, 0x00,
    0x00, 0x00, 0x00, 0x00, 0x00, 0x00, 0x00, 0x00, 0x00, 0x00, 0x00, 0x00,
    0x50, 0x48, 0x40, 0x30, 0x50, 0x48, 0x48, 0x9e, 0x50, 0x4c, 0x48, 0xff,
    0x50, 0x4c, 0x48, 0xff, 0x50, 0x48, 0x40, 0xff, 0x50, 0x4c, 0x48, 0xff,
    0x50, 0x4c, 0x48, 0xff, 0x50, 0x48, 0x48, 0xff, 0x50, 0x4c, 0x48, 0x8e,
    0x00, 0x00, 0x00, 0x00, 0x00, 0x00, 0x00, 0x00, 0x00, 0x00, 0x00, 0x00,
    0x00, 0x00, 0x00, 0x00, 0x00, 0x00, 0x00, 0x00, 0x00, 0x00, 0x00, 0x00,
    0x00, 0x00, 0x00, 0x00, 0x00, 0x00, 0x00, 0x00, 0x00, 0x00, 0x00, 0x00,
    0x00, 0x00, 0x00, 0x00, 0x00, 0x00, 0x00, 0x00, 0x00, 0x00, 0x00, 0x00,
    0x00, 0x00, 0x00, 0x00, 0x00, 0x00, 0x00, 0x00, 0x00, 0x00, 0x00, 0x00,
    0x00, 0x00, 0x00, 0x00, 0x00, 0x00, 0x00, 0x00, 0x00, 0x00, 0x00, 0x00,
    0x00, 0x00, 0x00, 0x00, 0x00, 0x00, 0x00, 0x00, 0x50, 0x50, 0x40, 0x10,
    0x50, 0x4c, 0x48, 0xcf, 0x50, 0x4c, 0x48, 0xff, 0x50, 0x48, 0x48, 0xff,
    0x50, 0x4c, 0x48, 0xff, 0x50, 0x4c, 0x48, 0xff, 0x50, 0x4c, 0x48, 0xff,
    0x50, 0x48, 0x48, 0xbe, 0x50, 0x48, 0x40, 0x41, 0x00, 0x00, 0x00, 0x00,
    0x00, 0x00, 0x00, 0x00, 0x00, 0x00, 0x00, 0x00, 0x00, 0x00, 0x00, 0x00,
    0x00, 0x00, 0x00, 0x00, 0x00, 0x00, 0x00, 0x00, 0x00, 0x00, 0x00, 0x00,
    0x00, 0x00, 0x00, 0x00, 0x00, 0x00, 0x00, 0x00, 0x00, 0x00, 0x00, 0x00,
    0x00, 0x00, 0x00, 0x00, 0x00, 0x00, 0x00, 0x00, 0x00, 0x00, 0x00, 0x00,
    0x00, 0x00, 0x00, 0x00, 0x00, 0x00, 0x00, 0x00, 0x00, 0x00, 0x00, 0x00,
    0x00, 0x00, 0x00, 0x00, 0x00, 0x00, 0x00, 0x00, 0x00, 0x00, 0x00, 0x00,
    0x00, 0x00, 0x00, 0x00, 0x00, 0x00, 0x00, 0x00, 0x00, 0x00, 0x00, 0x00,
    0x00, 0x00, 0x00, 0x00, 0x00, 0x00, 0x00, 0x00, 0x00, 0x00, 0x00, 0x00,
    0x00, 0x00, 0x00, 0x00, 0x00, 0x00, 0x00, 0x00, 0x00, 0x00, 0x00, 0x00,
    0x00, 0x00, 0x00, 0x00, 0x00, 0x00, 0x00, 0x00, 0x00, 0x00, 0x00, 0x00,
    0x00, 0x00, 0x00, 0x00, 0x00, 0x00, 0x00, 0x00, 0x00, 0x00, 0x00, 0x00,
    0x00, 0x00, 0x00, 0x00, 0x00, 0x00, 0x00, 0x00, 0x00, 0x00, 0x00, 0x00,
    0x00, 0x00, 0x00, 0x00, 0x00, 0x00, 0x00, 0x00, 0x00, 0x00, 0x00, 0x00,
    0x00, 0x00, 0x00, 0x00, 0x00, 0x00, 0x00, 0x00, 0x00, 0x00, 0x00, 0x00,
    0x00, 0x00, 0x00, 0x00, 0x00, 0x00, 0x00, 0x00, 0x00, 0x00, 0x00, 0x00,
    0x00, 0x00, 0x00, 0x00, 0x00, 0x00, 0x00, 0x00, 0x00, 0x00, 0x00, 0x00,
    0x00, 0x00, 0x00, 0x00, 0x00, 0x00, 0x00, 0x00, 0x00, 0x00, 0x00, 0x00,
    0x00, 0x00, 0x00, 0x00, 0x00, 0x00, 0x00, 0x00, 0x00, 0x00, 0x00, 0x00,
    0x00, 0x00, 0x00, 0x00, 0x00, 0x00, 0x00, 0x00, 0x00, 0x00, 0x00, 0x00,
    0x00, 0x00, 0x00, 0x00, 0x00, 0x00, 0x00, 0x00, 0x00, 0x00, 0x00, 0x00,
    0x00, 0x00, 0x00, 0x00, 0x00, 0x00, 0x00, 0x00, 0x00, 0x00, 0x00, 0x00,
    0x00, 0x00, 0x00, 0x00, 0x00, 0x00, 0x00, 0x00, 0x00, 0x00, 0x00, 0x00,
    0x00, 0x00, 0x00, 0x00, 0x00, 0x00, 0x00, 0x00, 0x00, 0x00, 0x00, 0x00,
    0x00, 0x00, 0x00, 0x00, 0x00, 0x00, 0x00, 0x00, 0x00, 0x00, 0x00, 0x00,
    0x00, 0x00, 0x00, 0x00, 0x00, 0x00, 0x00, 0x00, 0x00, 0x00, 0x00, 0x00,
    0x00, 0x00, 0x00, 0x00, 0x00, 0x00, 0x00, 0x00, 0x00, 0x00, 0x00, 0x00,
    0x00, 0x00, 0x00, 0x00, 0x00, 0x00, 0x00, 0x00, 0x00, 0x00, 0x00, 0x00,
    0x00, 0x00, 0x00, 0x00, 0x00, 0x00, 0x00, 0x00, 0x00, 0x00, 0x00, 0x00,
    0x00, 0x00, 0x00, 0x00, 0x00, 0x00, 0x00, 0x00, 0x00, 0x00, 0x00, 0x00,
    0x00, 0x00, 0x00, 0x00, 0x00, 0x00, 0x00, 0x00, 0x00, 0x00, 0x00, 0x00,
    0x00, 0x00, 0x00, 0x00, 0x00, 0x00, 0x00, 0x00, 0x00, 0x00, 0x00, 0x00,
    0x00, 0x00, 0x00, 0x00, 0x00, 0x00, 0x00, 0x00, 0x00, 0x00, 0x00, 0x00,
    0x00, 0x00, 0x00, 0x00, 0x00, 0x00, 0x00, 0x00, 0x00, 0x00, 0x00, 0x00,
    0x00, 0x00, 0x00, 0x00, 0x00, 0x00, 0x00, 0x00, 0x00, 0x00, 0x00, 0x00,
    0x00, 0x00, 0x00, 0x00, 0x00, 0x00, 0x00, 0x00, 0x00, 0x00, 0x00, 0x00,
    0x00, 0x00, 0x00, 0x00, 0x00, 0x00, 0x00, 0x00, 0x00, 0x00, 0x00, 0x00,
    0x00, 0x00, 0x00, 0x00, 0x00, 0x00, 0x00, 0x00, 0x00, 0x00, 0x00, 0x00,
    0x00, 0x00, 0x00, 0x00, 0x00, 0x00, 0x00, 0x00, 0x00, 0x00, 0x00, 0x00,
    0x00, 0x00, 0x00, 0x00, 0x00, 0x00, 0x00, 0x00, 0x00, 0x00, 0x00, 0x00,
    0x00, 0x00, 0x00, 0x00, 0x00, 0x00, 0x00, 0x00, 0x00, 0x00, 0x00, 0x00,
    0x00, 0x00, 0x00, 0x00, 0x00, 0x00, 0x00, 0x00, 0x00, 0x00, 0x00, 0x00,
    0x00, 0x00, 0x00, 0x00, 0x00, 0x00, 0x00, 0x00, 0x00, 0x00, 0x00, 0x00,
    0x00, 0x00, 0x00, 0x00, 0x00, 0x00, 0x00, 0x00, 0x00, 0x00, 0x00, 0x00,
    0x00, 0x00, 0x00, 0x00, 0x00, 0x00, 0x00, 0x00, 0x00, 0x00, 0x00, 0x00,
    0x00, 0x00, 0x00, 0x00, 0x50, 0x48, 0x48, 0x20, 0x50, 0x48, 0x48, 0xdf,
    0x50, 0x4c, 0x48, 0xff, 0x50, 0x4c, 0x48, 0xff, 0x50, 0x4c, 0x48, 0xff,
    0x50, 0x48, 0x48, 0xff, 0x50, 0x4c, 0x48, 0xff, 0x50, 0x48, 0x48, 0xcf,
    0x50, 0x50, 0x48, 0x20, 0x00, 0x00, 0x00, 0x00, 0x00, 0x00, 0x00, 0x00,
    0x00, 0x00, 0x00, 0x00, 0x00, 0x00, 0x00, 0x00, 0x00, 0x00, 0x00, 0x00,
    0x00, 0x00, 0x00, 0x00, 0x00, 0x00, 0x00, 0x00, 0x00, 0x00, 0x00, 0x00,
    0x00, 0x00, 0x00, 0x00, 0x00, 0x00, 0x00, 0x00, 0x00, 0x00, 0x00, 0x00,
    0x00, 0x00, 0x00, 0x00, 0x00, 0x00, 0x00, 0x00, 0x00, 0x00, 0x00, 0x00,
    0x00, 0x00, 0x00, 0x00, 0x00, 0x00, 0x00, 0x00, 0x00, 0x00, 0x00, 0x00,
    0x50, 0x50, 0x48, 0x20, 0x50, 0x4c, 0x48, 0xdf, 0x50, 0x4c, 0x48, 0xff,
    0x50, 0x48, 0x48, 0xff, 0x50, 0x4c, 0x48, 0xff, 0x50, 0x4c, 0x40, 0xff,
    0x50, 0x48, 0x48, 0xef, 0x50, 0x48, 0x48, 0x6d, 0x00, 0x00, 0x00, 0x00,
    0x00, 0x00, 0x00, 0x00, 0x00, 0x00, 0x00, 0x00, 0x00, 0x00, 0x00, 0x00,
    0x00, 0x00, 0x00, 0x00, 0x00, 0x00, 0x00, 0x00, 0x00, 0x00, 0x00, 0x00,
    0x00, 0x00, 0x00, 0x00, 0x00, 0x00, 0x00, 0x00, 0x00, 0x00, 0x00, 0x00,
    0x00, 0x00, 0x00, 0x00, 0x00, 0x00, 0x00, 0x00, 0x00, 0x00, 0x00, 0x00,
    0x00, 0x00, 0x00, 0x00, 0x00, 0x00, 0x00, 0x00, 0x00, 0x00, 0x00, 0x00,
    0x00, 0x00, 0x00, 0x00, 0x00, 0x00, 0x00, 0x00, 0x00, 0x00, 0x00, 0x00,
    0x00, 0x00, 0x00, 0x00, 0x00, 0x00, 0x00, 0x00, 0x00, 0x00, 0x00, 0x00,
    0x00, 0x00, 0x00, 0x00, 0x00, 0x00, 0x00, 0x00, 0x00, 0x00, 0x00, 0x00,
    0x00, 0x00, 0x00, 0x00, 0x00, 0x00, 0x00, 0x00, 0x00, 0x00, 0x00, 0x00,
    0x00, 0x00, 0x00, 0x00, 0x00, 0x00, 0x00, 0x00, 0x00, 0x00, 0x00, 0x00,
    0x00, 0x00, 0x00, 0x00, 0x00, 0x00, 0x00, 0x00, 0x00, 0x00, 0x00, 0x00,
    0x00, 0x00, 0x00, 0x00, 0x00, 0x00, 0x00, 0x00, 0x00, 0x00, 0x00, 0x00,
    0x00, 0x00, 0x00, 0x00, 0x00, 0x00, 0x00, 0x00, 0x00, 0x00, 0x00, 0x00,
    0x00, 0x00, 0x00, 0x00, 0x00, 0x00, 0x00, 0x00, 0x00, 0x00, 0x00, 0x00,
    0x00, 0x00, 0x00, 0x00, 0x00, 0x00, 0x00, 0x00, 0x00, 0x00, 0x00, 0x00,
    0x00, 0x00, 0x00, 0x00, 0x00, 0x00, 0x00, 0x00, 0x00, 0x00, 0x00, 0x00,
    0x00, 0x00, 0x00, 0x00, 0x00, 0x00, 0x00, 0x00, 0x00, 0x00, 0x00, 0x00,
    0x00, 0x00, 0x00, 0x00, 0x00, 0x00, 0x00, 0x00, 0x00, 0x00, 0x00, 0x00,
    0x00, 0x00, 0x00, 0x00, 0x00, 0x00, 0x00, 0x00, 0x00, 0x00, 0x00, 0x00,
    0x00, 0x00, 0x00, 0x00, 0x00, 0x00, 0x00, 0x00, 0x00, 0x00, 0x00, 0x00,
    0x00, 0x00, 0x00, 0x00, 0x00, 0x00, 0x00, 0x00, 0x00, 0x00, 0x00, 0x00,
    0x00, 0x00, 0x00, 0x00, 0x00, 0x00, 0x00, 0x00, 0x00, 0x00, 0x00, 0x00,
    0x00, 0x00, 0x00, 0x00, 0x00, 0x00, 0x00, 0x00, 0x00, 0x00, 0x00, 0x00,
    0x00, 0x00, 0x00, 0x00, 0x00, 0x00, 0x00, 0x00, 0x00, 0x00, 0x00, 0x00,
    0x00, 0x00, 0x00, 0x00, 0x00, 0x00, 0x00, 0x00, 0x00, 0x00, 0x00, 0x00,
    0x00, 0x00, 0x00, 0x00, 0x00, 0x00, 0x00, 0x00, 0x00, 0x00, 0x00, 0x00,
    0x00, 0x00, 0x00, 0x00, 0x00, 0x00, 0x00, 0x00, 0x00, 0x00, 0x00, 0x00,
    0x00, 0x00, 0x00, 0x00, 0x00, 0x00, 0x00, 0x00, 0x00, 0x00, 0x00, 0x00,
    0x00, 0x00, 0x00, 0x00, 0x00, 0x00, 0x00, 0x00, 0x00, 0x00, 0x00, 0x00,
    0x00, 0x00, 0x00, 0x00, 0x00, 0x00, 0x00, 0x00, 0x00, 0x00, 0x00, 0x00,
    0x00, 0x00, 0x00, 0x00, 0x00, 0x00, 0x00, 0x00, 0x00, 0x00, 0x00, 0x00,
    0x00, 0x00, 0x00, 0x00, 0x00, 0x00, 0x00, 0x00, 0x00, 0x00, 0x00, 0x00,
    0x00, 0x00, 0x00, 0x00, 0x00, 0x00, 0x00, 0x00, 0x00, 0x00, 0x00, 0x00,
    0x00, 0x00, 0x00, 0x00, 0x00, 0x00, 0x00, 0x00, 0x00, 0x00, 0x00, 0x00,
    0x00, 0x00, 0x00, 0x00, 0x00, 0x00, 0x00, 0x00, 0x00, 0x00, 0x00, 0x00,
    0x00, 0x00, 0x00, 0x00, 0x00, 0x00, 0x00, 0x00, 0x00, 0x00, 0x00, 0x00,
    0x00, 0x00, 0x00, 0x00, 0x00, 0x00, 0x00, 0x00, 0x00, 0x00, 0x00, 0x00,
    0x00, 0x00, 0x00, 0x00, 0x00, 0x00, 0x00, 0x00, 0x00, 0x00, 0x00, 0x00,
    0x00, 0x00, 0x00, 0x00, 0x00, 0x00, 0x00, 0x00, 0x00, 0x00, 0x00, 0x00,
    0x00, 0x00, 0x00, 0x00, 0x00, 0x00, 0x00, 0x00, 0x00, 0x00, 0x00, 0x00,
    0x00, 0x00, 0x00, 0x00, 0x00, 0x00, 0x00, 0x00, 0x00, 0x00, 0x00, 0x00,
    0x00, 0x00, 0x00, 0x00, 0x00, 0x00, 0x00, 0x00, 0x00, 0x00, 0x00, 0x00,
    0x00, 0x00, 0x00, 0x00, 0x00, 0x00, 0x00, 0x00, 0x00, 0x00, 0x00, 0x00,
    0x00, 0x00, 0x00, 0x00, 0x00, 0x00, 0x00, 0x00, 0x00, 0x00, 0x00, 0x00,
    0x00, 0x00, 0x00, 0x00, 0x00, 0x00, 0x00, 0x00, 0x00, 0x00, 0x00, 0x00,
    0x00, 0x00, 0x00, 0x00, 0x00, 0x00, 0x00, 0x00, 0x50, 0x4c, 0x48, 0x71,
    0x50, 0x4c, 0x48, 0xef, 0x50, 0x4c, 0x48, 0xff, 0x50, 0x4c, 0x40, 0xff,
    0x50, 0x4c, 0x48, 0xff, 0x50, 0x4c, 0x48, 0xff, 0x50, 0x4c, 0x48, 0xdf,
    0x50, 0x50, 0x48, 0x20, 0x00, 0x00, 0x00, 0x00, 0x00, 0x00, 0x00, 0x00,
    0x00, 0x00, 0x00, 0x00, 0x00, 0x00, 0x00, 0x00, 0x00, 0x00, 0x00, 0x00,
    0x00, 0x00, 0x00, 0x00, 0x00, 0x00, 0x00, 0x00, 0x00, 0x00, 0x00, 0x00,
    0x00, 0x00, 0x00, 0x00, 0x00, 0x00, 0x00, 0x00, 0x00, 0x00, 0x00, 0x00,
    0x00, 0x00, 0x00, 0x00, 0x00, 0x00, 0x00, 0x00, 0x00, 0x00, 0x00, 0x00,
    0x00, 0x00, 0x00, 0x00, 0x50, 0x50, 0x48, 0x20, 0x50, 0x4c, 0x48, 0xdf,
    0x50, 0x4c, 0x48, 0xff, 0x50, 0x48, 0x48, 0xff, 0x50, 0x4c, 0x48, 0xff,
    0x50, 0x4c, 0x48, 0xff, 0x50, 0x48, 0x48, 0xdf, 0x50, 0x48, 0x48, 0x20,
    0x00, 0x00, 0x00, 0x00, 0x00, 0x00, 0x00, 0x00, 0x00, 0x00, 0x00, 0x00,
    0x00, 0x00, 0x00, 0x00, 0x00, 0x00, 0x00, 0x00, 0x00, 0x00, 0x00, 0x00,
    0x00, 0x00, 0x00, 0x00, 0x00, 0x00, 0x00, 0x00, 0x00, 0x00, 0x00, 0x00,
    0x00, 0x00, 0x00, 0x00, 0x00, 0x00, 0x00, 0x00, 0x00, 0x00, 0x00, 0x00,
    0x00, 0x00, 0x00, 0x00, 0x00, 0x00, 0x00, 0x00, 0x00, 0x00, 0x00, 0x00,
    0x00, 0x00, 0x00, 0x00, 0x00, 0x00, 0x00, 0x00, 0x00, 0x00, 0x00, 0x00,
    0x00, 0x00, 0x00, 0x00, 0x00, 0x00, 0x00, 0x00, 0x00, 0x00, 0x00, 0x00,
    0x00, 0x00, 0x00, 0x00, 0x00, 0x00, 0x00, 0x00, 0x00, 0x00, 0x00, 0x00,
    0x00, 0x00, 0x00, 0x00, 0x00, 0x00, 0x00, 0x00, 0x00, 0x00, 0x00, 0x00,
    0x00, 0x00, 0x00, 0x00, 0x00, 0x00, 0x00, 0x00, 0x00, 0x00, 0x00, 0x00,
    0x00, 0x00, 0x00, 0x00, 0x00, 0x00, 0x00, 0x00, 0x00, 0x00, 0x00, 0x00,
    0x00, 0x00, 0x00, 0x00, 0x00, 0x00, 0x00, 0x00, 0x00, 0x00, 0x00, 0x00,
    0x00, 0x00, 0x00, 0x00, 0x00, 0x00, 0x00, 0x00, 0x00, 0x00, 0x00, 0x00,
    0x00, 0x00, 0x00, 0x00, 0x00, 0x00, 0x00, 0x00, 0x00, 0x00, 0x00, 0x00,
    0x00, 0x00, 0x00, 0x00, 0x00, 0x00, 0x00, 0x00, 0x00, 0x00, 0x00, 0x00,
    0x00, 0x00, 0x00, 0x00, 0x00, 0x00, 0x00, 0x00, 0x00, 0x00, 0x00, 0x00,
    0x00, 0x00, 0x00, 0x00, 0x00, 0x00, 0x00, 0x00, 0x00, 0x00, 0x00, 0x00,
    0x00, 0x00, 0x00, 0x00, 0x00, 0x00, 0x00, 0x00, 0x00, 0x00, 0x00, 0x00,
    0x00, 0x00, 0x00, 0x00, 0x00, 0x00, 0x00, 0x00, 0x00, 0x00, 0x00, 0x00,
    0x00, 0x00, 0x00, 0x00, 0x00, 0x00, 0x00, 0x00, 0x00, 0x00, 0x00, 0x00,
    0x00, 0x00, 0x00, 0x00, 0x00, 0x00, 0x00, 0x00, 0x00, 0x00, 0x00, 0x00,
    0x00, 0x00, 0x00, 0x00, 0x00, 0x00, 0x00, 0x00, 0x00, 0x00, 0x00, 0x00,
    0x00, 0x00, 0x00, 0x00, 0x00, 0x00, 0x00, 0x00, 0x00, 0x00, 0x00, 0x00,
    0x00, 0x00, 0x00, 0x00, 0x00, 0x00, 0x00, 0x00, 0x00, 0x00, 0x00, 0x00,
    0x00, 0x00, 0x00, 0x00, 0x00, 0x00, 0x00, 0x00, 0x00, 0x00, 0x00, 0x00,
    0x00, 0x00, 0x00, 0x00, 0x00, 0x00, 0x00, 0x00, 0x00, 0x00, 0x00, 0x00,
    0x00, 0x00, 0x00, 0x00, 0x00, 0x00, 0x00, 0x00, 0x00, 0x00, 0x00, 0x00,
    0x00, 0x00, 0x00, 0x00, 0x00, 0x00, 0x00, 0x00, 0x00, 0x00, 0x00, 0x00,
    0x00, 0x00, 0x00, 0x00, 0x30, 0x20, 0x20, 0x10, 0x28, 0x28, 0x28, 0x41,
    0x30, 0x28, 0x20, 0x8e, 0x28, 0x28, 0x28, 0xae, 0x30, 0x28, 0x28, 0xdf,
    0x30, 0x28, 0x28, 0xef, 0x28, 0x28, 0x28, 0xff, 0x28, 0x28, 0x28, 0xff,
    0x30, 0x28, 0x28, 0xff, 0x28, 0x28, 0x28, 0xff, 0x28, 0x28, 0x28, 0xff,
    0x30, 0x28, 0x28, 0xff, 0x28, 0x28, 0x28, 0xff, 0x28, 0x28, 0x28, 0xff,
    0x30, 0x28, 0x28, 0xff, 0x28, 0x28, 0x28, 0xff, 0x28, 0x28, 0x28, 0xff,
    0x30, 0x28, 0x28, 0xff, 0x28, 0x28, 0x28, 0xff, 0x28, 0x28, 0x28, 0xff,
    0x30, 0x28, 0x28, 0xff, 0x28, 0x28, 0x28, 0xff, 0x28, 0x28, 0x28, 0xff,
    0x30, 0x28, 0x28, 0xff, 0x28, 0x28, 0x28, 0xff, 0x28, 0x28, 0x28, 0xff,
    0x30, 0x28, 0x28, 0xff, 0x28, 0x28, 0x28, 0xff, 0x28, 0x28, 0x28, 0xff,
    0x30, 0x28, 0x28, 0xff, 0x28, 0x28, 0x28, 0xff, 0x28, 0x28, 0x28, 0xff,
    0x30, 0x28, 0x28, 0xff, 0x28, 0x28, 0x28, 0xff, 0x28, 0x28, 0x28, 0xff,
    0x30, 0x28, 0x28, 0xff, 0x28, 0x28, 0x28, 0xff, 0x28, 0x28, 0x28, 0xff,
    0x30, 0x28, 0x28, 0xff, 0x28, 0x28, 0x28, 0xff, 0x28, 0x28, 0x28, 0xff,
    0x30, 0x28, 0x28, 0xef, 0x28, 0x28, 0x28, 0xcf, 0x30, 0x28, 0x28, 0xbe,
    0x28, 0x28, 0x28, 0x7d, 0x30, 0x28, 0x28, 0x41, 0x00, 0x00, 0x00, 0x00,
    0x00, 0x00, 0x00, 0x00, 0x00, 0x00, 0x00, 0x00, 0x00, 0x00, 0x00, 0x00,
    0x00, 0x00, 0x00, 0x00, 0x00, 0x00, 0x00, 0x00, 0x00, 0x00, 0x00, 0x00,
    0x00, 0x00, 0x00, 0x00, 0x00, 0x00, 0x00, 0x00, 0x50, 0x48, 0x48, 0x20,
    0x50, 0x48, 0x48, 0xdf, 0x50, 0x4c, 0x48, 0xff, 0x50, 0x4c, 0x48, 0xff,
    0x50, 0x48, 0x48, 0xff, 0x50, 0x4c, 0x48, 0xff, 0x50, 0x4c, 0x48, 0xdf,
    0x50, 0x40, 0x40, 0x10, 0x00, 0x00, 0x00, 0x00, 0x00, 0x00, 0x00, 0x00,
    0x00, 0x00, 0x00, 0x00, 0x00, 0x00, 0x00, 0x00, 0x00, 0x00, 0x00, 0x00,
    0x00, 0x00, 0x00, 0x00, 0x00, 0x00, 0x00, 0x00, 0x00, 0x00, 0x00, 0x00,
    0x00, 0x00, 0x00, 0x00, 0x00, 0x00, 0x00, 0x00, 0x00, 0x00, 0x00, 0x00,
    0x00, 0x00, 0x00, 0x00, 0x00, 0x00, 0x00, 0x00, 0x00, 0x00, 0x00, 0x00,
    0x50, 0x4c, 0x48, 0xcf, 0x50, 0x48, 0x48, 0xff, 0x50, 0x4c, 0x48, 0xff,
    0x50, 0x4c, 0x48, 0xff, 0x50, 0x4c, 0x40, 0xff, 0x50, 0x48, 0x48, 0xcf,
    0x50, 0x40, 0x40, 0x10, 0x00, 0x00, 0x00, 0x00, 0x00, 0x00, 0x00, 0x00,
    0x00, 0x00, 0x00, 0x00, 0x00, 0x00, 0x00, 0x00, 0x00, 0x00, 0x00, 0x00,
    0x00, 0x00, 0x00, 0x00, 0x00, 0x00, 0x00, 0x00, 0x00, 0x00, 0x00, 0x00,
    0x00, 0x00, 0x00, 0x00, 0x00, 0x00, 0x00, 0x00, 0x00, 0x00, 0x00, 0x00,
    0x00, 0x00, 0x00, 0x00, 0x00, 0x00, 0x00, 0x00, 0x00, 0x00, 0x00, 0x00,
    0x00, 0x00, 0x00, 0x00, 0x00, 0x00, 0x00, 0x00, 0x00, 0x00, 0x00, 0x00,
    0x00, 0x00, 0x00, 0x00, 0x00, 0x00, 0x00, 0x00, 0x00, 0x00, 0x00, 0x00,
    0x00, 0x00, 0x00, 0x00, 0x00, 0x00, 0x00, 0x00, 0x00, 0x00, 0x00, 0x00,
    0x00, 0x00, 0x00, 0x00, 0x00, 0x00, 0x00, 0x00, 0x00, 0x00, 0x00, 0x00,
    0x00, 0x00, 0x00, 0x00, 0x00, 0x00, 0x00, 0x00, 0x00, 0x00, 0x00, 0x00,
    0x00, 0x00, 0x00, 0x00, 0x00, 0x00, 0x00, 0x00, 0x00, 0x00, 0x00, 0x00,
    0x00, 0x00, 0x00, 0x00, 0x00, 0x00, 0x00, 0x00, 0x00, 0x00, 0x00, 0x00,
    0x00, 0x00, 0x00, 0x00, 0x00, 0x00, 0x00, 0x00, 0x00, 0x00, 0x00, 0x00,
    0x00, 0x00, 0x00, 0x00, 0x00, 0x00, 0x00, 0x00, 0x00, 0x00, 0x00, 0x00,
    0x00, 0x00, 0x00, 0x00, 0x00, 0x00, 0x00, 0x00, 0x00, 0x00, 0x00, 0x00,
    0x00, 0x00, 0x00, 0x00, 0x00, 0x00, 0x00, 0x00, 0x00, 0x00, 0x00, 0x00,
    0x00, 0x00, 0x00, 0x00, 0x00, 0x00, 0x00, 0x00, 0x00, 0x00, 0x00, 0x00,
    0x00, 0x00, 0x00, 0x00, 0x00, 0x00, 0x00, 0x00, 0x00, 0x00, 0x00, 0x00,
    0x00, 0x00, 0x00, 0x00, 0x00, 0x00, 0x00, 0x00, 0x00, 0x00, 0x00, 0x00,
    0x00, 0x00, 0x00, 0x00, 0x00, 0x00, 0x00, 0x00, 0x00, 0x00, 0x00, 0x00,
    0x00, 0x00, 0x00, 0x00, 0x00, 0x00, 0x00, 0x00, 0x00, 0x00, 0x00, 0x00,
    0x00, 0x00, 0x00, 0x00, 0x00, 0x00, 0x00, 0x00, 0x00, 0x00, 0x00, 0x00,
    0x00, 0x00, 0x00, 0x00, 0x00, 0x00, 0x00, 0x00, 0x00, 0x00, 0x00, 0x00,
    0x00, 0x00, 0x00, 0x00, 0x00, 0x00, 0x00, 0x00, 0x00, 0x00, 0x00, 0x00,
    0x00, 0x00, 0x00, 0x00, 0x00, 0x00, 0x00, 0x00, 0x00, 0x00, 0x00, 0x00,
    0x00, 0x00, 0x00, 0x00, 0x00, 0x00, 0x00, 0x00, 0x00, 0x00, 0x00, 0x00,
    0x00, 0x00, 0x00, 0x00, 0x00, 0x00, 0x00, 0x00, 0x00, 0x00, 0x00, 0x00,
    0x00, 0x00, 0x00, 0x00, 0x00, 0x00, 0x00, 0x00, 0x00, 0x00, 0x00, 0x00,
    0x00, 0x00, 0x00, 0x00, 0x28, 0x28, 0x28, 0x41, 0x30, 0x28, 0x20, 0x8e,
    0x30, 0x28, 0x28, 0xef, 0x28, 0x28, 0x28, 0xff, 0x30, 0x28, 0x28, 0xff,
    0x28, 0x28, 0x28, 0xff, 0x28, 0x28, 0x28, 0xff, 0x30, 0x28, 0x28, 0xff,
    0x28, 0x28, 0x28, 0xff, 0x30, 0x28, 0x28, 0xff, 0x30, 0x28, 0x28, 0xff,
    0x28, 0x28, 0x28, 0xff, 0x30, 0x28, 0x28, 0xff, 0x30, 0x28, 0x28, 0xff,
    0x28, 0x28, 0x28, 0xff, 0x30, 0x28, 0x28, 0xff, 0x30, 0x28, 0x28, 0xff,
    0x28, 0x28, 0x28, 0xff, 0x30, 0x28, 0x28, 0xff, 0x30, 0x28, 0x28, 0xff,
    0x28, 0x28, 0x28, 0xff, 0x30, 0x28, 0x28, 0xff, 0x30, 0x28, 0x28, 0xff,
    0x28, 0x28, 0x28, 0xff, 0x30, 0x28, 0x28, 0xff, 0x30, 0x28, 0x28, 0xff,
    0x28, 0x28, 0x28, 0xff, 0x30, 0x28, 0x28, 0xff, 0x30, 0x28, 0x28, 0xff,
    0x28, 0x28, 0x28, 0xff, 0x30, 0x28, 0x28, 0xff, 0x30, 0x28, 0x28, 0xff,
    0x28, 0x28, 0x28, 0xff, 0x30, 0x28, 0x28, 0xff, 0x30, 0x28, 0x28, 0xff,
    0x28, 0x28, 0x28, 0xff, 0x30, 0x28, 0x28, 0xff, 0x30, 0x28, 0x28, 0xff,
    0x28, 0x28, 0x28, 0xff, 0x30, 0x28, 0x28, 0xff, 0x30, 0x28, 0x28, 0xff,
    0x28, 0x28, 0x28, 0xff, 0x30, 0x28, 0x28, 0xff, 0x30, 0x28, 0x28, 0xff,
    0x28, 0x28, 0x28, 0xff, 0x28, 0x28, 0x28, 0xff, 0x30, 0x28, 0x28, 0xff,
    0x28, 0x28, 0x28, 0xff, 0x30, 0x2c, 0x28, 0xef, 0x30, 0x28, 0x28, 0x9e,
    0x28, 0x24, 0x20, 0x30, 0x00, 0x00, 0x00, 0x00, 0x00, 0x00, 0x00, 0x00,
    0x00, 0x00, 0x00, 0x00, 0x00, 0x00, 0x00, 0x00, 0x00, 0x00, 0x00, 0x00,
    0x00, 0x00, 0x00, 0x00, 0x00, 0x00, 0x00, 0x00, 0x50, 0x50, 0x50, 0x10,
    0x50, 0x4c, 0x48, 0xcf, 0x50, 0x48, 0x48, 0xff, 0x50, 0x4c, 0x40, 0xff,
    0x50, 0x4c, 0x48, 0xff, 0x50, 0x48, 0x48, 0xff, 0x50, 0x48, 0x40, 0xcf,
    0x50, 0x40, 0x40, 0x10, 0x00, 0x00, 0x00, 0x00, 0x00, 0x00, 0x00, 0x00,
    0x00, 0x00, 0x00, 0x00, 0x00, 0x00, 0x00, 0x00, 0x00, 0x00, 0x00, 0x00,
    0x00, 0x00, 0x00, 0x00, 0x00, 0x00, 0x00, 0x00, 0x00, 0x00, 0x00, 0x00,
    0x00, 0x00, 0x00, 0x00, 0x00, 0x00, 0x00, 0x00, 0x00, 0x00, 0x00, 0x00,
    0x00, 0x00, 0x00, 0x00, 0x50, 0x4c, 0x48, 0x8e, 0x50, 0x4c, 0x48, 0xff,
    0x50, 0x4c, 0x48, 0xff, 0x50, 0x48, 0x48, 0xff, 0x50, 0x4c, 0x48, 0xff,
    0x50, 0x48, 0x48, 0x9e, 0x00, 0x00, 0x00, 0x00, 0x00, 0x00, 0x00, 0x00,
    0x00, 0x00, 0x00, 0x00, 0x00, 0x00, 0x00, 0x00, 0x00, 0x00, 0x00, 0x00,
    0x00, 0x00, 0x00, 0x00, 0x00, 0x00, 0x00, 0x00, 0x00, 0x00, 0x00, 0x00,
    0x00, 0x00, 0x00, 0x00, 0x00, 0x00, 0x00, 0x00, 0x00, 0x00, 0x00, 0x00,
    0x00, 0x00, 0x00, 0x00, 0x00, 0x00, 0x00, 0x00, 0x00, 0x00, 0x00, 0x00,
    0x00, 0x00, 0x00, 0x00, 0x00, 0x00, 0x00, 0x00, 0x00, 0x00, 0x00, 0x00,
    0x00, 0x00, 0x00, 0x00, 0x00, 0x00, 0x00, 0x00, 0x00, 0x00, 0x00, 0x00,
    0x00, 0x00, 0x00, 0x00, 0x00, 0x00, 0x00, 0x00, 0x00, 0x00, 0x00, 0x00,
    0x00, 0x00, 0x00, 0x00, 0x00, 0x00, 0x00, 0x00, 0x00, 0x00, 0x00, 0x00,
    0x00, 0x00, 0x00, 0x00, 0x00, 0x00, 0x00, 0x00, 0x00, 0x00, 0x00, 0x00,
    0x00, 0x00, 0x00, 0x00, 0x00, 0x00, 0x00, 0x00, 0x00, 0x00, 0x00, 0x00,
    0x00, 0x00, 0x00, 0x00, 0x00, 0x00, 0x00, 0x00, 0x00, 0x00, 0x00, 0x00,
    0x00, 0x00, 0x00, 0x00, 0x00, 0x00, 0x00, 0x00, 0x00, 0x00, 0x00, 0x00,
    0x00, 0x00, 0x00, 0x00, 0x00, 0x00, 0x00, 0x00, 0x00, 0x00, 0x00, 0x00,
    0x00, 0x00, 0x00, 0x00, 0x00, 0x00, 0x00, 0x00, 0x00, 0x00, 0x00, 0x00,
    0x00, 0x00, 0x00, 0x00, 0x00, 0x00, 0x00, 0x00, 0x00, 0x00, 0x00, 0x00,
    0x00, 0x00, 0x00, 0x00, 0x00, 0x00, 0x00, 0x00, 0x00, 0x00, 0x00, 0x00,
    0x00, 0x00, 0x00, 0x00, 0x00, 0x00, 0x00, 0x00, 0x00, 0x00, 0x00, 0x00,
    0x00, 0x00, 0x00, 0x00, 0x00, 0x00, 0x00, 0x00, 0x00, 0x00, 0x00, 0x00,
    0x00, 0x00, 0x00, 0x00, 0x00, 0x00, 0x00, 0x00, 0x00, 0x00, 0x00, 0x00,
    0x00, 0x00, 0x00, 0x00, 0x00, 0x00, 0x00, 0x00, 0x00, 0x00, 0x00, 0x00,
    0x00, 0x00, 0x00, 0x00, 0x00, 0x00, 0x00, 0x00, 0x00, 0x00, 0x00, 0x00,
    0x00, 0x00, 0x00, 0x00, 0x00, 0x00, 0x00, 0x00, 0x00, 0x00, 0x00, 0x00,
    0x00, 0x00, 0x00, 0x00, 0x00, 0x00, 0x00, 0x00, 0x00, 0x00, 0x00, 0x00,
    0x00, 0x00, 0x00, 0x00, 0x00, 0x00, 0x00, 0x00, 0x00, 0x00, 0x00, 0x00,
    0x00, 0x00, 0x00, 0x00, 0x00, 0x00, 0x00, 0x00, 0x00, 0x00, 0x00, 0x00,
    0x00, 0x00, 0x00, 0x00, 0x00, 0x00, 0x00, 0x00, 0x00, 0x00, 0x00, 0x00,
    0x00, 0x00, 0x00, 0x00, 0x00, 0x00, 0x00, 0x00, 0x00, 0x00, 0x00, 0x00,
    0x00, 0x00, 0x00, 0x00, 0x28, 0x28, 0x28, 0x41, 0x30, 0x28, 0x28, 0xbe,
    0x28, 0x28, 0x28, 0xff, 0x28, 0x28, 0x28, 0xff, 0x30, 0x28, 0x28, 0xff,
    0x28, 0x28, 0x28, 0xff, 0x30, 0x28, 0x28, 0xff, 0x30, 0x28, 0x28, 0xff,
    0x28, 0x28, 0x28, 0xff, 0x30, 0x28, 0x20, 0xff, 0x28, 0x28, 0x28, 0xff,
    0x30, 0x28, 0x28, 0xff, 0x28, 0x28, 0x20, 0xff, 0x28, 0x28, 0x28, 0xff,
    0x30, 0x28, 0x28, 0xff, 0x28, 0x28, 0x20, 0xff, 0x28, 0x28, 0x28, 0xff,
    0x30, 0x28, 0x28, 0xff, 0x28, 0x28, 0x20, 0xff, 0x28, 0x28, 0x28, 0xff,
    0x30, 0x28, 0x28, 0xff, 0x28, 0x28, 0x20, 0xff, 0x28, 0x28, 0x28, 0xff,
    0x30, 0x28, 0x28, 0xff, 0x28, 0x28, 0x20, 0xff, 0x28, 0x28, 0x28, 0xff,
    0x30, 0x28, 0x28, 0xff, 0x28, 0x28, 0x20, 0xff, 0x28, 0x28, 0x28, 0xff,
    0x30, 0x28, 0x28, 0xff, 0x28, 0x28, 0x20, 0xff, 0x28, 0x28, 0x28, 0xff,
    0x30, 0x28, 0x28, 0xff, 0x28, 0x28, 0x20, 0xff, 0x28, 0x28, 0x28, 0xff,
    0x30, 0x28, 0x28, 0xff, 0x28, 0x28, 0x20, 0xff, 0x28, 0x28, 0x28, 0xff,
    0x30, 0x28, 0x28, 0xff, 0x28, 0x28, 0x20, 0xff, 0x28, 0x28, 0x28, 0xff,
    0x30, 0x28, 0x28, 0xff, 0x28, 0x2c, 0x20, 0xff, 0x30, 0x28, 0x28, 0xff,
    0x28, 0x28, 0x28, 0xff, 0x30, 0x2c, 0x20, 0xff, 0x30, 0x28, 0x28, 0xff,
    0x28, 0x2c, 0x28, 0xff, 0x30, 0x28, 0x20, 0xff, 0x28, 0x28, 0x28, 0xff,
    0x28, 0x28, 0x28, 0xff, 0x30, 0x28, 0x28, 0xff, 0x28, 0x28, 0x28, 0xff,
    0x28, 0x28, 0x28, 0xbe, 0x30, 0x28, 0x28, 0x20, 0x00, 0x00, 0x00, 0x00,
    0x00, 0x00, 0x00, 0x00, 0x00, 0x00, 0x00, 0x00, 0x00, 0x00, 0x00, 0x00,
    0x00, 0x00, 0x00, 0x00, 0x00, 0x00, 0x00, 0x00, 0x00, 0x00, 0x00, 0x00,
    0x50, 0x4c, 0x40, 0xa2, 0x50, 0x4c, 0x48, 0xff, 0x50, 0x4c, 0x48, 0xff,
    0x50, 0x4c, 0x48, 0xff, 0x50, 0x4c, 0x48, 0xff, 0x50, 0x4c, 0x48, 0x8e,
    0x00, 0x00, 0x00, 0x00, 0x00, 0x00, 0x00, 0x00, 0x00, 0x00, 0x00, 0x00,
    0x00, 0x00, 0x00, 0x00, 0x00, 0x00, 0x00, 0x00, 0x00, 0x00, 0x00, 0x00,
    0x00, 0x00, 0x00, 0x00, 0x00, 0x00, 0x00, 0x00, 0x00, 0x00, 0x00, 0x00,
    0x00, 0x00, 0x00, 0x00, 0x00, 0x00, 0x00, 0x00, 0x50, 0x48, 0x48, 0x61,
    0x50, 0x4c, 0x48, 0xff, 0x50, 0x4c, 0x48, 0xff, 0x50, 0x4c, 0x48, 0xff,
    0x50, 0x4c, 0x40, 0xff, 0x50, 0x48, 0x48, 0xcf, 0x00, 0x00, 0x00, 0x00,
    0x00, 0x00, 0x00, 0x00, 0x00, 0x00, 0x00, 0x00, 0x00, 0x00, 0x00, 0x00,
    0x00, 0x00, 0x00, 0x00, 0x00, 0x00, 0x00, 0x00, 0x00, 0x00, 0x00, 0x00,
    0x00, 0x00, 0x00, 0x00, 0x00, 0x00, 0x00, 0x00, 0x00, 0x00, 0x00, 0x00,
    0x00, 0x00, 0x00, 0x00, 0x00, 0x00, 0x00, 0x00, 0x00, 0x00, 0x00, 0x00,
    0x00, 0x00, 0x00, 0x00, 0x00, 0x00, 0x00, 0x00, 0x00, 0x00, 0x00, 0x00,
    0x00, 0x00, 0x00, 0x00, 0x00, 0x00, 0x00, 0x00, 0x00, 0x00, 0x00, 0x00,
    0x00, 0x00, 0x00, 0x00, 0x00, 0x00, 0x00, 0x00, 0x00, 0x00, 0x00, 0x00,
    0x00, 0x00, 0x00, 0x00, 0x00, 0x00, 0x00, 0x00, 0x00, 0x00, 0x00, 0x00,
    0x00, 0x00, 0x00, 0x00, 0x00, 0x00, 0x00, 0x00, 0x00, 0x00, 0x00, 0x00,
    0x00, 0x00, 0x00, 0x00, 0x00, 0x00, 0x00, 0x00, 0x00, 0x00, 0x00, 0x00,
    0x00, 0x00, 0x00, 0x00, 0x00, 0x00, 0x00, 0x00, 0x00, 0x00, 0x00, 0x00,
    0x00, 0x00, 0x00, 0x00, 0x00, 0x00, 0x00, 0x00, 0x00, 0x00, 0x00, 0x00,
    0x00, 0x00, 0x00, 0x00, 0x00, 0x00, 0x00, 0x00, 0x00, 0x00, 0x00, 0x00,
    0x00, 0x00, 0x00, 0x00, 0x00, 0x00, 0x00, 0x00, 0x00, 0x00, 0x00, 0x00,
    0x00, 0x00, 0x00, 0x00, 0x00, 0x00, 0x00, 0x00, 0x00, 0x00, 0x00, 0x00,
    0x00, 0x00, 0x00, 0x00, 0x00, 0x00, 0x00, 0x00, 0x00, 0x00, 0x00, 0x00,
    0x00, 0x00, 0x00, 0x00, 0x00, 0x00, 0x00, 0x00, 0x00, 0x00, 0x00, 0x00,
    0x00, 0x00, 0x00, 0x00, 0x00, 0x00, 0x00, 0x00, 0x00, 0x00, 0x00, 0x00,
    0x00, 0x00, 0x00, 0x00, 0x00, 0x00, 0x00, 0x00, 0x00, 0x00, 0x00, 0x00,
    0x00, 0x00, 0x00, 0x00, 0x00, 0x00, 0x00, 0x00, 0x00, 0x00, 0x00, 0x00,
    0x00, 0x00, 0x00, 0x00, 0x00, 0x00, 0x00, 0x00, 0x00, 0x00, 0x00, 0x00,
    0x00, 0x00, 0x00, 0x00, 0x00, 0x00, 0x00, 0x00, 0x00, 0x00, 0x00, 0x00,
    0x00, 0x00, 0x00, 0x00, 0x00, 0x00, 0x00, 0x00, 0x00, 0x00, 0x00, 0x00,
    0x00, 0x00, 0x00, 0x00, 0x00, 0x00, 0x00, 0x00, 0x00, 0x00, 0x00, 0x00,
    0x00, 0x00, 0x00, 0x00, 0x00, 0x00, 0x00, 0x00, 0x00, 0x00, 0x00, 0x00,
    0x00, 0x00, 0x00, 0x00, 0x00, 0x00, 0x00, 0x00, 0x00, 0x00, 0x00, 0x00,
    0x00, 0x00, 0x00, 0x00, 0x00, 0x00, 0x00, 0x00, 0x00, 0x00, 0x00, 0x00,
    0x00, 0x00, 0x00, 0x00, 0x30, 0x20, 0x20, 0x10, 0x28, 0x28, 0x28, 0x8e,
    0x30, 0x28, 0x28, 0xff, 0x30, 0x28, 0x28, 0xff, 0x28, 0x28, 0x28, 0xff,
    0x30, 0x28, 0x28, 0xff, 0x28, 0x28, 0x28, 0xff, 0x30, 0x28, 0x28, 0xff,
    0x28, 0x2c, 0x28, 0xff, 0x28, 0x28, 0x28, 0xff, 0x30, 0x2c, 0x28, 0xff,
    0x28, 0x28, 0x28, 0xff, 0x30, 0x2c, 0x28, 0xff, 0x28, 0x2c, 0x28, 0xff,
    0x30, 0x28, 0x28, 0xff, 0x30, 0x2c, 0x28, 0xff, 0x28, 0x28, 0x28, 0xff,
    0x30, 0x2c, 0x28, 0xff, 0x30, 0x28, 0x28, 0xff, 0x28, 0x2c, 0x28, 0xff,
    0x30, 0x28, 0x28, 0xff, 0x30, 0x2c, 0x28, 0xff, 0x28, 0x28, 0x28, 0xff,
    0x30, 0x2c, 0x28, 0xff, 0x30, 0x28, 0x28, 0xff, 0x28, 0x2c, 0x28, 0xff,
    0x30, 0x28, 0x28, 0xff, 0x30, 0x2c, 0x28, 0xff, 0x28, 0x28, 0x28, 0xff,
    0x30, 0x2c, 0x28, 0xff, 0x30, 0x28, 0x28, 0xff, 0x28, 0x2c, 0x28, 0xff,
    0x30, 0x28, 0x28, 0xff, 0x30, 0x2c, 0x28, 0xff, 0x28, 0x28, 0x28, 0xff,
    0x30, 0x2c, 0x28, 0xff, 0x30, 0x28, 0x28, 0xff, 0x28, 0x2c, 0x28, 0xff,
    0x30, 0x28, 0x28, 0xff, 0x30, 0x2c, 0x28, 0xff, 0x28, 0x28, 0x28, 0xff,
    0x30, 0x2c, 0x28, 0xff, 0x30, 0x28, 0x28, 0xff, 0x28, 0x28, 0x28, 0xff,
    0x30, 0x2c, 0x28, 0xff, 0x28, 0x28, 0x28, 0xff, 0x28, 0x28, 0x28, 0xff,
    0x30, 0x28, 0x28, 0xff, 0x28, 0x2c, 0x28, 0xff, 0x30, 0x28, 0x28, 0xff,
    0x30, 0x28, 0x28, 0xff, 0x28, 0x2c, 0x28, 0xff, 0x30, 0x28, 0x28, 0xff,
    0x28, 0x28, 0x28, 0xff, 0x30, 0x2c, 0x28, 0xff, 0x30, 0x28, 0x28, 0xff,
    0x28, 0x28, 0x28, 0xff, 0x30, 0x28, 0x28, 0x8e, 0x30, 0x20, 0x20, 0x10,
    0x00, 0x00, 0x00, 0x00, 0x00, 0x00, 0x00, 0x00, 0x00, 0x00, 0x00, 0x00,
    0x00, 0x00, 0x00, 0x00, 0x00, 0x00, 0x00, 0x00, 0x00, 0x00, 0x00, 0x00,
    0x50, 0x48, 0x48, 0xcf, 0x50, 0x4c, 0x48, 0xff, 0x50, 0x4c, 0x48, 0xff,
    0x50, 0x4c, 0x48, 0xff, 0x50, 0x4c, 0x48, 0xff, 0x50, 0x48, 0x48, 0x71,
    0x00, 0x00, 0x00, 0x00, 0x00, 0x00, 0x00, 0x00, 0x00, 0x00, 0x00, 0x00,
    0x00, 0x00, 0x00, 0x00, 0x00, 0x00, 0x00, 0x00, 0x00, 0x00, 0x00, 0x00,
    0x00, 0x00, 0x00, 0x00, 0x00, 0x00, 0x00, 0x00, 0x00, 0x00, 0x00, 0x00,
    0x50, 0x50, 0x48, 0x20, 0x50, 0x4c, 0x48, 0xdf, 0x50, 0x4c, 0x48, 0xff,
    0x50, 0x48, 0x48, 0xff, 0x50, 0x4c, 0x48, 0xff, 0x50, 0x48, 0x48, 0xdf,
    0x50, 0x40, 0x40, 0x10, 0x00, 0x00, 0x00, 0x00, 0x00, 0x00, 0x00, 0x00,
    0x00, 0x00, 0x00, 0x00, 0x00, 0x00, 0x00, 0x00, 0x00, 0x00, 0x00, 0x00,
    0x00, 0x00, 0x00, 0x00, 0x00, 0x00, 0x00, 0x00, 0x00, 0x00, 0x00, 0x00,
    0x00, 0x00, 0x00, 0x00, 0x00, 0x00, 0x00, 0x00, 0x00, 0x00, 0x00, 0x00,
    0x00, 0x00, 0x00, 0x00, 0x00, 0x00, 0x00, 0x00, 0x00, 0x00, 0x00, 0x00,
    0x00, 0x00, 0x00, 0x00, 0x00, 0x00, 0x00, 0x00, 0x00, 0x00, 0x00, 0x00,
    0x00, 0x00, 0x00, 0x00, 0x00, 0x00, 0x00, 0x00, 0x00, 0x00, 0x00, 0x00,
    0x00, 0x00, 0x00, 0x00, 0x00, 0x00, 0x00, 0x00, 0x00, 0x00, 0x00, 0x00,
    0x00, 0x00, 0x00, 0x00, 0x00, 0x00, 0x00, 0x00, 0x00, 0x00, 0x00, 0x00,
    0x00, 0x00, 0x00, 0x00, 0x00, 0x00, 0x00, 0x00, 0x00, 0x00, 0x00, 0x00,
    0x00, 0x00, 0x00, 0x00, 0x00, 0x00, 0x00, 0x00, 0x00, 0x00, 0x00, 0x00,
    0x00, 0x00, 0x00, 0x00, 0x00, 0x00, 0x00, 0x00, 0x00, 0x00, 0x00, 0x00,
    0x00, 0x00, 0x00, 0x00, 0x00, 0x00, 0x00, 0x00, 0x00, 0x00, 0x00, 0x00,
    0x00, 0x00, 0x00, 0x00, 0x00, 0x00, 0x00, 0x00, 0x00, 0x00, 0x00, 0x00,
    0x00, 0x00, 0x00, 0x00, 0x00, 0x00, 0x00, 0x00, 0x00, 0x00, 0x00, 0x00,
    0x00, 0x00, 0x00, 0x00, 0x00, 0x00, 0x00, 0x00, 0x00, 0x00, 0x00, 0x00,
    0x00, 0x00, 0x00, 0x00, 0x00, 0x00, 0x00, 0x00, 0x00, 0x00, 0x00, 0x00,
    0x00, 0x00, 0x00, 0x00, 0x00, 0x00, 0x00, 0x00, 0x00, 0x00, 0x00, 0x00,
    0x00, 0x00, 0x00, 0x00, 0x00, 0x00, 0x00, 0x00, 0x00, 0x00, 0x00, 0x00,
    0x00, 0x00, 0x00, 0x00, 0x00, 0x00, 0x00, 0x00, 0x00, 0x00, 0x00, 0x00,
    0x00, 0x00, 0x00, 0x00, 0x00, 0x00, 0x00, 0x00, 0x00, 0x00, 0x00, 0x00,
    0x00, 0x00, 0x00, 0x00, 0x00, 0x00, 0x00, 0x00, 0x00, 0x00, 0x00, 0x00,
    0x00, 0x00, 0x00, 0x00, 0x00, 0x00, 0x00, 0x00, 0x00, 0x00, 0x00, 0x00,
    0x00, 0x00, 0x00, 0x00, 0x00, 0x00, 0x00, 0x00, 0x00, 0x00, 0x00, 0x00,
    0x00, 0x00, 0x00, 0x00, 0x00, 0x00, 0x00, 0x00, 0x00, 0x00, 0x00, 0x00,
    0x00, 0x00, 0x00, 0x00, 0x00, 0x00, 0x00, 0x00, 0x00, 0x00, 0x00, 0x00,
    0x00, 0x00, 0x00, 0x00, 0x00, 0x00, 0x00, 0x00, 0x00, 0x00, 0x00, 0x00,
    0x00, 0x00, 0x00, 0x00, 0x00, 0x00, 0x00, 0x00, 0x30, 0x28, 0x28, 0x20,
    0x30, 0x28, 0x28, 0xdf, 0x28, 0x28, 0x28, 0xff, 0x30, 0x28, 0x28, 0xff,
    0x28, 0x28, 0x28, 0xff, 0x30, 0x28, 0x20, 0xff, 0x30, 0x28, 0x28, 0xff,
    0x28, 0x2c, 0x28, 0xff, 0x30, 0x28, 0x20, 0xff, 0x30, 0x28, 0x28, 0xff,
    0x28, 0x28, 0x28, 0xff, 0x30, 0x28, 0x20, 0xff, 0x30, 0x28, 0x28, 0xff,
    0x28, 0x28, 0x28, 0xff, 0x28, 0x28, 0x28, 0xff, 0x30, 0x28, 0x28, 0xff,
    0x28, 0x28, 0x20, 0xff, 0x28, 0x2c, 0x28, 0xff, 0x30, 0x28, 0x28, 0xff,
    0x28, 0x28, 0x28, 0xff, 0x28, 0x28, 0x20, 0xff, 0x30, 0x2c, 0x28, 0xff,
    0x28, 0x28, 0x28, 0xff, 0x28, 0x28, 0x20, 0xff, 0x30, 0x28, 0x28, 0xff,
    0x28, 0x2c, 0x28, 0xff, 0x28, 0x28, 0x28, 0xff, 0x30, 0x28, 0x28, 0xff,
    0x28, 0x28, 0x20, 0xff, 0x28, 0x2c, 0x28, 0xff, 0x30, 0x28, 0x28, 0xff,
    0x28, 0x28, 0x28, 0xff, 0x28, 0x28, 0x20, 0xff, 0x30, 0x2c, 0x28, 0xff,
    0x28, 0x28, 0x28, 0xff, 0x28, 0x28, 0x20, 0xff, 0x30, 0x28, 0x28, 0xff,
    0x28, 0x2c, 0x28, 0xff, 0x28, 0x28, 0x28, 0xff, 0x30, 0x28, 0x28, 0xff,
    0x28, 0x28, 0x20, 0xff, 0x28, 0x2c, 0x28, 0xff, 0x30, 0x28, 0x28, 0xff,
    0x28, 0x28, 0x28, 0xff, 0x30, 0x28, 0x20, 0xff, 0x30, 0x28, 0x28, 0xff,
    0x28, 0x2c, 0x28, 0xff, 0x30, 0x28, 0x28, 0xff, 0x28, 0x28, 0x28, 0xff,
    0x28, 0x28, 0x20, 0xff, 0x30, 0x28, 0x28, 0xff, 0x28, 0x28, 0x28, 0xff,
    0x30, 0x2c, 0x28, 0xff, 0x28, 0x28, 0x20, 0xff, 0x30, 0x28, 0x28, 0xff,
    0x28, 0x28, 0x28, 0xff, 0x30, 0x2c, 0x28, 0xff, 0x28, 0x28, 0x28, 0xff,
    0x30, 0x28, 0x28, 0xff, 0x30, 0x28, 0x28, 0xdf, 0x30, 0x28, 0x28, 0x20,
    0x00, 0x00, 0x00, 0x00, 0x00, 0x00, 0x00, 0x00, 0x00, 0x00, 0x00, 0x00,
    0x00, 0x00, 0x00, 0x00, 0x00, 0x00, 0x00, 0x00, 0x50, 0x50, 0x50, 0x10,
    0x50, 0x48, 0x48, 0xdf, 0x50, 0x4c, 0x48, 0xff, 0x50, 0x48, 0x48, 0xff,
    0x50, 0x4c, 0x48, 0xff, 0x50, 0x4c, 0x40, 0xef, 0x50, 0x50, 0x48, 0x20,
    0x00, 0x00, 0x00, 0x00, 0x00, 0x00, 0x00, 0x00, 0x00, 0x00, 0x00, 0x00,
    0x00, 0x00, 0x00, 0x00, 0x00, 0x00, 0x00, 0x00, 0x00, 0x00, 0x00, 0x00,
    0x00, 0x00, 0x00, 0x00, 0x00, 0x00, 0x00, 0x00, 0x50, 0x4c, 0x48, 0x9e,
    0x50, 0x4c, 0x48, 0xff, 0x50, 0x4c, 0x48, 0xff, 0x50, 0x4c, 0x48, 0xff,
    0x50, 0x4c, 0x40, 0xef, 0x50, 0x48, 0x48, 0x20, 0x00, 0x00, 0x00, 0x00,
    0x00, 0x00, 0x00, 0x00, 0x00, 0x00, 0x00, 0x00, 0x00, 0x00, 0x00, 0x00,
    0x00, 0x00, 0x00, 0x00, 0x00, 0x00, 0x00, 0x00, 0x00, 0x00, 0x00, 0x00,
    0x00, 0x00, 0x00, 0x00, 0x00, 0x00, 0x00, 0x00, 0x00, 0x00, 0x00, 0x00,
    0x00, 0x00, 0x00, 0x00, 0x00, 0x00, 0x00, 0x00, 0x00, 0x00, 0x00, 0x00,
    0x00, 0x00, 0x00, 0x00, 0x00, 0x00, 0x00, 0x00, 0x00, 0x00, 0x00, 0x00,
    0x00, 0x00, 0x00, 0x00, 0x00, 0x00, 0x00, 0x00, 0x00, 0x00, 0x00, 0x00,
    0x00, 0x00, 0x00, 0x00, 0x00, 0x00, 0x00, 0x00, 0x00, 0x00, 0x00, 0x00,
    0x00, 0x00, 0x00, 0x00, 0x00, 0x00, 0x00, 0x00, 0x00, 0x00, 0x00, 0x00,
    0x00, 0x00, 0x00, 0x00, 0x00, 0x00, 0x00, 0x00, 0x00, 0x00, 0x00, 0x00,
    0x00, 0x00, 0x00, 0x00, 0x00, 0x00, 0x00, 0x00, 0x00, 0x00, 0x00, 0x00,
    0x00, 0x00, 0x00, 0x00, 0x00, 0x00, 0x00, 0x00, 0x00, 0x00, 0x00, 0x00,
    0x00, 0x00, 0x00, 0x00, 0x00, 0x00, 0x00, 0x00, 0x00, 0x00, 0x00, 0x00,
    0x00, 0x00, 0x00, 0x00, 0x00, 0x00, 0x00, 0x00, 0x00, 0x00, 0x00, 0x00,
    0x00, 0x00, 0x00, 0x00, 0x00, 0x00, 0x00, 0x00, 0x00, 0x00, 0x00, 0x00,
    0x00, 0x00, 0x00, 0x00, 0x00, 0x00, 0x00, 0x00, 0x00, 0x00, 0x00, 0x00,
    0x00, 0x00, 0x00, 0x00, 0x00, 0x00, 0x00, 0x00, 0x00, 0x00, 0x00, 0x00,
    0x00, 0x00, 0x00, 0x00, 0x00, 0x00, 0x00, 0x00, 0x00, 0x00, 0x00, 0x00,
    0x00, 0x00, 0x00, 0x00, 0x00, 0x00, 0x00, 0x00, 0x00, 0x00, 0x00, 0x00,
    0x00, 0x00, 0x00, 0x00, 0x00, 0x00, 0x00, 0x00, 0x00, 0x00, 0x00, 0x00,
    0x00, 0x00, 0x00, 0x00, 0x00, 0x00, 0x00, 0x00, 0x00, 0x00, 0x00, 0x00,
    0x00, 0x00, 0x00, 0x00, 0x00, 0x00, 0x00, 0x00, 0x00, 0x00, 0x00, 0x00,
    0x00, 0x00, 0x00, 0x00, 0x00, 0x00, 0x00, 0x00, 0x00, 0x00, 0x00, 0x00,
    0x00, 0x00, 0x00, 0x00, 0x00, 0x00, 0x00, 0x00, 0x00, 0x00, 0x00, 0x00,
    0x00, 0x00, 0x00, 0x00, 0x00, 0x00, 0x00, 0x00, 0x00, 0x00, 0x00, 0x00,
    0x00, 0x00, 0x00, 0x00, 0x00, 0x00, 0x00, 0x00, 0x00, 0x00, 0x00, 0x00,
    0x00, 0x00, 0x00, 0x00, 0x00, 0x00, 0x00, 0x00, 0x00, 0x00, 0x00, 0x00,
    0x00, 0x00, 0x00, 0x00, 0x00, 0x00, 0x00, 0x00, 0x00, 0x00, 0x00, 0x00,
    0x30, 0x28, 0x28, 0x30, 0x30, 0x28, 0x28, 0xef, 0x28, 0x28, 0x28, 0xff,
    0x30, 0x28, 0x20, 0xff, 0x28, 0x28, 0x28, 0xff, 0x28, 0x2c, 0x28, 0xff,
    0x30, 0x28, 0x28, 0xff, 0x28, 0x28, 0x28, 0xff, 0x28, 0x2c, 0x28, 0xff,
    0x30, 0x28, 0x28, 0xff, 0x28, 0x28, 0x28, 0xff, 0x28, 0x2c, 0x28, 0xff,
    0x30, 0x28, 0x28, 0xff, 0x28, 0x28, 0x28, 0xff, 0x30, 0x2c, 0x28, 0xff,
    0x30, 0x28, 0x20, 0xff, 0x28, 0x28, 0x28, 0xff, 0x30, 0x28, 0x28, 0xff,
    0x30, 0x28, 0x28, 0xff, 0x28, 0x28, 0x28, 0xff, 0x30, 0x28, 0x28, 0xff,
    0x30, 0x28, 0x28, 0xff, 0x28, 0x28, 0x28, 0xff, 0x30, 0x28, 0x28, 0xff,
    0x30, 0x28, 0x28, 0xff, 0x28, 0x28, 0x28, 0xff, 0x30, 0x28, 0x20, 0xff,
    0x30, 0x28, 0x28, 0xff, 0x28, 0x28, 0x28, 0xff, 0x30, 0x28, 0x28, 0xff,
    0x30, 0x28, 0x28, 0xff, 0x28, 0x28, 0x28, 0xff, 0x30, 0x28, 0x28, 0xff,
    0x30, 0x28, 0x28, 0xff, 0x28, 0x28, 0x28, 0xff, 0x30, 0x28, 0x28, 0xff,
    0x30, 0x28, 0x28, 0xff, 0x28, 0x28, 0x28, 0xff, 0x30, 0x28, 0x20, 0xff,
    0x30, 0x28, 0x28, 0xff, 0x28, 0x28, 0x28, 0xff, 0x30, 0x28, 0x28, 0xff,
    0x30, 0x28, 0x28, 0xff, 0x28, 0x28, 0x28, 0xff, 0x28, 0x2c, 0x28, 0xff,
    0x30, 0x28, 0x28, 0xff, 0x28, 0x28, 0x28, 0xff, 0x30, 0x28, 0x20, 0xff,
    0x30, 0x2c, 0x28, 0xff, 0x28, 0x28, 0x28, 0xff, 0x30, 0x28, 0x28, 0xff,
    0x28, 0x2c, 0x28, 0xff, 0x28, 0x28, 0x28, 0xff, 0x30, 0x28, 0x28, 0xff,
    0x28, 0x28, 0x28, 0xff, 0x28, 0x28, 0x28, 0xff, 0x30, 0x28, 0x20, 0xff,
    0x28, 0x28, 0x28, 0xff, 0x28, 0x2c, 0x28, 0xff, 0x28, 0x28, 0x20, 0xff,
    0x28, 0x28, 0x28, 0xff, 0x30, 0x28, 0x28, 0xdf, 0x28, 0x24, 0x20, 0x30,
    0x00, 0x00, 0x00, 0x00, 0x00, 0x00, 0x00, 0x00, 0x00, 0x00, 0x00, 0x00,
    0x00, 0x00, 0x00, 0x00, 0x00, 0x00, 0x00, 0x00, 0x50, 0x48, 0x48, 0x20,
    0x50, 0x4c, 0x48, 0xef, 0x50, 0x4c, 0x48, 0xff, 0x50, 0x48, 0x48, 0xff,
    0x50, 0x4c, 0x48, 0xff, 0x50, 0x4c, 0x48, 0xbe, 0x00, 0x00, 0x00, 0x00,
    0x00, 0x00, 0x00, 0x00, 0x00, 0x00, 0x00, 0x00, 0x00, 0x00, 0x00, 0x00,
    0x00, 0x00, 0x00, 0x00, 0x00, 0x00, 0x00, 0x00, 0x00, 0x00, 0x00, 0x00,
    0x50, 0x4c, 0x48, 0x51, 0x50, 0x4c, 0x48, 0xff, 0x50, 0x48, 0x48, 0xff,
    0x50, 0x48, 0x48, 0xff, 0x50, 0x4c, 0x48, 0xff, 0x50, 0x48, 0x48, 0x6d,
    0x00, 0x00, 0x00, 0x00, 0x00, 0x00, 0x00, 0x00, 0x00, 0x00, 0x00, 0x00,
    0x00, 0x00, 0x00, 0x00, 0x00, 0x00, 0x00, 0x00, 0x00, 0x00, 0x00, 0x00,
    0x00, 0x00, 0x00, 0x00, 0x00, 0x00, 0x00, 0x00, 0x00, 0x00, 0x00, 0x00,
    0x00, 0x00, 0x00, 0x00, 0x00, 0x00, 0x00, 0x00, 0x00, 0x00, 0x00, 0x00,
    0x00, 0x00, 0x00, 0x00, 0x00, 0x00, 0x00, 0x00, 0x00, 0x00, 0x00, 0x00,
    0x00, 0x00, 0x00, 0x00, 0x00, 0x00, 0x00, 0x00, 0x00, 0x00, 0x00, 0x00,
    0x00, 0x00, 0x00, 0x00, 0x00, 0x00, 0x00, 0x00, 0x00, 0x00, 0x00, 0x00,
    0x00, 0x00, 0x00, 0x00, 0x00, 0x00, 0x00, 0x00, 0x00, 0x00, 0x00, 0x00,
    0x00, 0x00, 0x00, 0x00, 0x00, 0x00, 0x00, 0x00, 0x00, 0x00, 0x00, 0x00,
    0x00, 0x00, 0x00, 0x00, 0x00, 0x00, 0x00, 0x00, 0x00, 0x00, 0x00, 0x00,
    0x00, 0x00, 0x00, 0x00, 0x00, 0x00, 0x00, 0x00, 0x00, 0x00, 0x00, 0x00,
    0x00, 0x00, 0x00, 0x00, 0x00, 0x00, 0x00, 0x00, 0x00, 0x00, 0x00, 0x00,
    0x00, 0x00, 0x00, 0x00, 0x00, 0x00, 0x00, 0x00, 0x00, 0x00, 0x00, 0x00,
    0x00, 0x00, 0x00, 0x00, 0x00, 0x00, 0x00, 0x00, 0x00, 0x00, 0x00, 0x00,
    0x00, 0x00, 0x00, 0x00, 0x00, 0x00, 0x00, 0x00, 0x00, 0x00, 0x00, 0x00,
    0x00, 0x00, 0x00, 0x00, 0x00, 0x00, 0x00, 0x00, 0x00, 0x00, 0x00, 0x00,
    0x00, 0x00, 0x00, 0x00, 0x00, 0x00, 0x00, 0x00, 0x00, 0x00, 0x00, 0x00,
    0x00, 0x00, 0x00, 0x00, 0x00, 0x00, 0x00, 0x00, 0x00, 0x00, 0x00, 0x00,
    0x00, 0x00, 0x00, 0x00, 0x00, 0x00, 0x00, 0x00, 0x00, 0x00, 0x00, 0x00,
    0x00, 0x00, 0x00, 0x00, 0x00, 0x00, 0x00, 0x00, 0x00, 0x00, 0x00, 0x00,
    0x00, 0x00, 0x00, 0x00, 0x00, 0x00, 0x00, 0x00, 0x00, 0x00, 0x00, 0x00,
    0x00, 0x00, 0x00, 0x00, 0x00, 0x00, 0x00, 0x00, 0x00, 0x00, 0x00, 0x00,
    0x00, 0x00, 0x00, 0x00, 0x00, 0x00, 0x00, 0x00, 0x00, 0x00, 0x00, 0x00,
    0x00, 0x00, 0x00, 0x00, 0x00, 0x00, 0x00, 0x00, 0x00, 0x00, 0x00, 0x00,
    0x00, 0x00, 0x00, 0x00, 0x00, 0x00, 0x00, 0x00, 0x00, 0x00, 0x00, 0x00,
    0x00, 0x00, 0x00, 0x00, 0x00, 0x00, 0x00, 0x00, 0x00, 0x00, 0x00, 0x00,
    0x00, 0x00, 0x00, 0x00, 0x00, 0x00, 0x00, 0x00, 0x00, 0x00, 0x00, 0x00,
    0x00, 0x00, 0x00, 0x00, 0x30, 0x28, 0x28, 0x30, 0x30, 0x28, 0x28, 0xef,
    0x28, 0x28, 0x28, 0xff, 0x28, 0x28, 0x28, 0xff, 0x30, 0x28, 0x28, 0xff,
    0x30, 0x28, 0x28, 0xff, 0x28, 0x2c, 0x28, 0xff, 0x30, 0x28, 0x28, 0xff,
    0x28, 0x28, 0x28, 0xff, 0x30, 0x28, 0x28, 0xff, 0x30, 0x28, 0x28, 0xff,
    0x28, 0x28, 0x28, 0xff, 0x30, 0x2c, 0x28, 0xff, 0x28, 0x28, 0x28, 0xff,
    0x28, 0x28, 0x28, 0xff, 0x30, 0x2c, 0x28, 0xff, 0x28, 0x28, 0x28, 0xff,
    0x28, 0x28, 0x28, 0xff, 0x30, 0x2c, 0x28, 0xff, 0x28, 0x28, 0x28, 0xff,
    0x28, 0x2c, 0x20, 0xff, 0x30, 0x2c, 0x28, 0xff, 0x28, 0x28, 0x28, 0xff,
    0x28, 0x28, 0x28, 0xff, 0x30, 0x2c, 0x28, 0xff, 0x28, 0x2c, 0x28, 0xff,
    0x28, 0x28, 0x28, 0xff, 0x30, 0x28, 0x28, 0xff, 0x28, 0x2c, 0x28, 0xff,
    0x28, 0x2c, 0x28, 0xff, 0x30, 0x28, 0x28, 0xff, 0x28, 0x28, 0x20, 0xff,
    0x28, 0x2c, 0x28, 0xff, 0x30, 0x2c, 0x28, 0xff, 0x28, 0x28, 0x28, 0xff,
    0x28, 0x28, 0x28, 0xff, 0x30, 0x2c, 0x28, 0xff, 0x28, 0x2c, 0x28, 0xff,
    0x28, 0x28, 0x28, 0xff, 0x30, 0x28, 0x28, 0xff, 0x28, 0x2c, 0x28, 0xff,
    0x28, 0x2c, 0x28, 0xff, 0x30, 0x28, 0x28, 0xff, 0x30, 0x28, 0x20, 0xff,
    0x28, 0x2c, 0x28, 0xff, 0x30, 0x28, 0x28, 0xff, 0x28, 0x28, 0x28, 0xff,
    0x28, 0x2c, 0x28, 0xff, 0x30, 0x28, 0x28, 0xff, 0x28, 0x28, 0x28, 0xff,
    0x30, 0x28, 0x28, 0xff, 0x30, 0x2c, 0x28, 0xff, 0x28, 0x28, 0x28, 0xff,
    0x30, 0x28, 0x20, 0xff, 0x30, 0x2c, 0x28, 0xff, 0x28, 0x28, 0x28, 0xff,
    0x30, 0x2c, 0x28, 0xff, 0x30, 0x28, 0x28, 0xff, 0x30, 0x28, 0x28, 0xff,
    0x30, 0x28, 0x28, 0xff, 0x30, 0x2c, 0x28, 0xff, 0x28, 0x28, 0x28, 0xff,
    0x28, 0x28, 0x28, 0xff, 0x30, 0x2c, 0x28, 0xef, 0x28, 0x24, 0x20, 0x30,
    0x00, 0x00, 0x00, 0x00, 0x00, 0x00, 0x00, 0x00, 0x00, 0x00, 0x00, 0x00,
    0x00, 0x00, 0x00, 0x00, 0x00, 0x00, 0x00, 0x00, 0x50, 0x4c, 0x48, 0x71,
    0x50, 0x4c, 0x40, 0xff, 0x50, 0x4c, 0x48, 0xff, 0x50, 0x48, 0x48, 0xff,
    0x50, 0x4c, 0x48, 0xff, 0x50, 0x4c, 0x48, 0x41, 0x00, 0x00, 0x00, 0x00,
    0x00, 0x00, 0x00, 0x00, 0x00, 0x00, 0x00, 0x00, 0x00, 0x00, 0x00, 0x00,
    0x00, 0x00, 0x00, 0x00, 0x00, 0x00, 0x00, 0x00, 0x50, 0x4c, 0x48, 0xdf,
    0x50, 0x4c, 0x48, 0xff, 0x50, 0x4c, 0x40, 0xff, 0x50, 0x4c, 0x48, 0xff,
    0x50, 0x48, 0x48, 0xdf, 0x00, 0x00, 0x00, 0x00, 0x00, 0x00, 0x00, 0x00,
    0x00, 0x00, 0x00, 0x00, 0x00, 0x00, 0x00, 0x00, 0x00, 0x00, 0x00, 0x00,
    0x00, 0x00, 0x00, 0x00, 0x00, 0x00, 0x00, 0x00, 0x00, 0x00, 0x00, 0x00,
    0x00, 0x00, 0x00, 0x00, 0x00, 0x00, 0x00, 0x00, 0x00, 0x00, 0x00, 0x00,
    0x00, 0x00, 0x00, 0x00, 0x00, 0x00, 0x00, 0x00, 0x00, 0x00, 0x00, 0x00,
    0x00, 0x00, 0x00, 0x00, 0x00, 0x00, 0x00, 0x00, 0x00, 0x00, 0x00, 0x00,
    0x00, 0x00, 0x00, 0x00, 0x00, 0x00, 0x00, 0x00, 0x00, 0x00, 0x00, 0x00,
    0x00, 0x00, 0x00, 0x00, 0x00, 0x00, 0x00, 0x00, 0x00, 0x00, 0x00, 0x00,
    0x00, 0x00, 0x00, 0x00, 0x00, 0x00, 0x00, 0x00, 0x00, 0x00, 0x00, 0x00,
    0x00, 0x00, 0x00, 0x00, 0x00, 0x00, 0x00, 0x00, 0x00, 0x00, 0x00, 0x00,
    0x00, 0x00, 0x00, 0x00, 0x00, 0x00, 0x00, 0x00, 0x00, 0x00, 0x00, 0x00,
    0x00, 0x00, 0x00, 0x00, 0x00, 0x00, 0x00, 0x00, 0x00, 0x00, 0x00, 0x00,
    0x00, 0x00, 0x00, 0x00, 0x00, 0x00, 0x00, 0x00, 0x00, 0x00, 0x00, 0x00,
    0x00, 0x00, 0x00, 0x00, 0x00, 0x00, 0x00, 0x00, 0x00, 0x00, 0x00, 0x00,
    0x00, 0x00, 0x00, 0x00, 0x00, 0x00, 0x00, 0x00, 0x00, 0x00, 0x00, 0x00,
    0x00, 0x00, 0x00, 0x00, 0x00, 0x00, 0x00, 0x00, 0x00, 0x00, 0x00, 0x00,
    0x00, 0x00, 0x00, 0x00, 0x00, 0x00, 0x00, 0x00, 0x00, 0x00, 0x00, 0x00,
    0x00, 0x00, 0x00, 0x00, 0x00, 0x00, 0x00, 0x00, 0x00, 0x00, 0x00, 0x00,
    0x00, 0x00, 0x00, 0x00, 0x00, 0x00, 0x00, 0x00, 0x00, 0x00, 0x00, 0x00,
    0x00, 0x00, 0x00, 0x00, 0x00, 0x00, 0x00, 0x00, 0x00, 0x00, 0x00, 0x00,
    0x00, 0x00, 0x00, 0x00, 0x00, 0x00, 0x00, 0x00, 0x00, 0x00, 0x00, 0x00,
    0x00, 0x00, 0x00, 0x00, 0x00, 0x00, 0x00, 0x00, 0x00, 0x00, 0x00, 0x00,
    0x00, 0x00, 0x00, 0x00, 0x00, 0x00, 0x00, 0x00, 0x00, 0x00, 0x00, 0x00,
    0x00, 0x00, 0x00, 0x00, 0x00, 0x00, 0x00, 0x00, 0x00, 0x00, 0x00, 0x00,
    0x00, 0x00, 0x00, 0x00, 0x00, 0x00, 0x00, 0x00, 0x00, 0x00, 0x00, 0x00,
    0x00, 0x00, 0x00, 0x00, 0x00, 0x00, 0x00, 0x00, 0x00, 0x00, 0x00, 0x00,
    0x00, 0x00, 0x00, 0x00, 0x00, 0x00, 0x00, 0x00, 0x00, 0x00, 0x00, 0x00,
    0x00, 0x00, 0x00, 0x00, 0x00, 0x00, 0x00, 0x00, 0x30, 0x28, 0x28, 0x20,
    0x30, 0x28, 0x28, 0xdf, 0x28, 0x28, 0x28, 0xff, 0x28, 0x2c, 0x28, 0xff,
    0x30, 0x2c, 0x28, 0xff, 0x28, 0x28, 0x28, 0xff, 0x30, 0x28, 0x28, 0xff,
    0x28, 0x28, 0x20, 0xff, 0x30, 0x28, 0x28, 0xff, 0x28, 0x2c, 0x28, 0xff,
    0x28, 0x28, 0x20, 0xff, 0x30, 0x28, 0x28, 0xff, 0x28, 0x2c, 0x28, 0xff,
    0x30, 0x28, 0x20, 0xff, 0x30, 0x28, 0x28, 0xff, 0x28, 0x28, 0x28, 0xff,
    0x30, 0x28, 0x20, 0xff, 0x28, 0x28, 0x28, 0xff, 0x30, 0x2c, 0x28, 0xff,
    0x30, 0x28, 0x28, 0xff, 0x28, 0x28, 0x28, 0xff, 0x30, 0x28, 0x28, 0xff,
    0x30, 0x28, 0x28, 0xff, 0x28, 0x28, 0x28, 0xff, 0x30, 0x28, 0x20, 0xff,
    0x30, 0x28, 0x28, 0xff, 0x28, 0x28, 0x28, 0xff, 0x30, 0x2c, 0x28, 0xff,
    0x30, 0x28, 0x28, 0xff, 0x28, 0x28, 0x28, 0xff, 0x30, 0x28, 0x28, 0xff,
    0x30, 0x28, 0x28, 0xff, 0x28, 0x28, 0x28, 0xff, 0x30, 0x28, 0x28, 0xff,
    0x30, 0x28, 0x20, 0xff, 0x28, 0x2c, 0x28, 0xff, 0x30, 0x28, 0x28, 0xff,
    0x30, 0x28, 0x20, 0xff, 0x28, 0x28, 0x28, 0xff, 0x30, 0x28, 0x28, 0xff,
    0x30, 0x28, 0x28, 0xff, 0x28, 0x28, 0x28, 0xff, 0x30, 0x28, 0x28, 0xff,
    0x28, 0x28, 0x28, 0xff, 0x28, 0x2c, 0x28, 0xff, 0x30, 0x28, 0x28, 0xff,
    0x30, 0x28, 0x28, 0xff, 0x28, 0x28, 0x20, 0xff, 0x30, 0x28, 0x28, 0xff,
    0x28, 0x2c, 0x28, 0xff, 0x28, 0x28, 0x28, 0xff, 0x30, 0x28, 0x20, 0xff,
    0x28, 0x28, 0x28, 0xff, 0x28, 0x28, 0x28, 0xff, 0x30, 0x28, 0x28, 0xff,
    0x28, 0x28, 0x28, 0xff, 0x30, 0x2c, 0x28, 0xff, 0x28, 0x28, 0x28, 0xff,
    0x28, 0x28, 0x28, 0xff, 0x28, 0x2c, 0x28, 0xff, 0x30, 0x28, 0x28, 0xff,
    0x30, 0x28, 0x28, 0xff, 0x28, 0x2c, 0x28, 0xff, 0x30, 0x28, 0x28, 0xff,
    0x30, 0x28, 0x28, 0xff, 0x28, 0x28, 0x28, 0xef, 0x30, 0x28, 0x28, 0x20,
    0x00, 0x00, 0x00, 0x00, 0x00, 0x00, 0x00, 0x00, 0x00, 0x00, 0x00, 0x00,
    0x00, 0x00, 0x00, 0x00, 0x00, 0x00, 0x00, 0x00, 0x50, 0x4c, 0x48, 0xbe,
    0x50, 0x4c, 0x48, 0xff, 0x50, 0x4c, 0x48, 0xff, 0x50, 0x48, 0x48, 0xff,
    0x50, 0x4c, 0x48, 0xbe, 0x00, 0x00, 0x00, 0x00, 0x00, 0x00, 0x00, 0x00,
    0x00, 0x00, 0x00, 0x00, 0x00, 0x00, 0x00, 0x00, 0x00, 0x00, 0x00, 0x00,
    0x50, 0x4c, 0x48, 0x41, 0x50, 0x48, 0x48, 0xff, 0x50, 0x4c, 0x48, 0xff,
    0x50, 0x4c, 0x48, 0xff, 0x50, 0x4c, 0x48, 0xff, 0x50, 0x48, 0x48, 0x20,
    0x00, 0x00, 0x00, 0x00, 0x00, 0x00, 0x00, 0x00, 0x00, 0x00, 0x00, 0x00,
    0x00, 0x00, 0x00, 0x00, 0x00, 0x00, 0x00, 0x00, 0x00, 0x00, 0x00, 0x00,
    0x00, 0x00, 0x00, 0x00, 0x00, 0x00, 0x00, 0x00, 0x00, 0x00, 0x00, 0x00,
    0x00, 0x00, 0x00, 0x00, 0x00, 0x00, 0x00, 0x00, 0x00, 0x00, 0x00, 0x00,
    0x00, 0x00, 0x00, 0x00, 0x00, 0x00, 0x00, 0x00, 0x00, 0x00, 0x00, 0x00,
    0x00, 0x00, 0x00, 0x00, 0x00, 0x00, 0x00, 0x00, 0x00, 0x00, 0x00, 0x00,
    0x00, 0x00, 0x00, 0x00, 0x00, 0x00, 0x00, 0x00, 0x00, 0x00, 0x00, 0x00,
    0x00, 0x00, 0x00, 0x00, 0x00, 0x00, 0x00, 0x00, 0x00, 0x00, 0x00, 0x00,
    0x00, 0x00, 0x00, 0x00, 0x00, 0x00, 0x00, 0x00, 0x00, 0x00, 0x00, 0x00,
    0x00, 0x00, 0x00, 0x00, 0x00, 0x00, 0x00, 0x00, 0x00, 0x00, 0x00, 0x00,
    0x00, 0x00, 0x00, 0x00, 0x00, 0x00, 0x00, 0x00, 0x00, 0x00, 0x00, 0x00,
    0x00, 0x00, 0x00, 0x00, 0x00, 0x00, 0x00, 0x00, 0x00, 0x00, 0x00, 0x00,
    0x00, 0x00, 0x00, 0x00, 0x00, 0x00, 0x00, 0x00, 0x00, 0x00, 0x00, 0x00,
    0x00, 0x00, 0x00, 0x00, 0x00, 0x00, 0x00, 0x00, 0x00, 0x00, 0x00, 0x00,
    0x00, 0x00, 0x00, 0x00, 0x00, 0x00, 0x00, 0x00, 0x00, 0x00, 0x00, 0x00,
    0x00, 0x00, 0x00, 0x00, 0x00, 0x00, 0x00, 0x00, 0x00, 0x00, 0x00, 0x00,
    0x00, 0x00, 0x00, 0x00, 0x00, 0x00, 0x00, 0x00, 0x00, 0x00, 0x00, 0x00,
    0x00, 0x00, 0x00, 0x00, 0x00, 0x00, 0x00, 0x00, 0x00, 0x00, 0x00, 0x00,
    0x00, 0x00, 0x00, 0x00, 0x00, 0x00, 0x00, 0x00, 0x00, 0x00, 0x00, 0x00,
    0x00, 0x00, 0x00, 0x00, 0x00, 0x00, 0x00, 0x00, 0x00, 0x00, 0x00, 0x00,
    0x00, 0x00, 0x00, 0x00, 0x00, 0x00, 0x00, 0x00, 0x00, 0x00, 0x00, 0x00,
    0x00, 0x00, 0x00, 0x00, 0x00, 0x00, 0x00, 0x00, 0x00, 0x00, 0x00, 0x00,
    0x00, 0x00, 0x00, 0x00, 0x00, 0x00, 0x00, 0x00, 0x00, 0x00, 0x00, 0x00,
    0x00, 0x00, 0x00, 0x00, 0x00, 0x00, 0x00, 0x00, 0x00, 0x00, 0x00, 0x00,
    0x00, 0x00, 0x00, 0x00, 0x00, 0x00, 0x00, 0x00, 0x00, 0x00, 0x00, 0x00,
    0x00, 0x00, 0x00, 0x00, 0x00, 0x00, 0x00, 0x00, 0x00, 0x00, 0x00, 0x00,
    0x00, 0x00, 0x00, 0x00, 0x00, 0x00, 0x00, 0x00, 0x00, 0x00, 0x00, 0x00,
    0x30, 0x20, 0x20, 0x10, 0x30, 0x28, 0x28, 0xdf, 0x28, 0x28, 0x28, 0xff,
    0x30, 0x28, 0x28, 0xff, 0x30, 0x28, 0x28, 0xff, 0x28, 0x28, 0x20, 0xff,
    0x30, 0x2c, 0x28, 0xff, 0x28, 0x28, 0x28, 0xff, 0x30, 0x28, 0x28, 0xff,
    0x28, 0x2c, 0x28, 0xff, 0x30, 0x28, 0x28, 0xff, 0x30, 0x28, 0x28, 0xff,
    0x28, 0x2c, 0x28, 0xff, 0x28, 0x28, 0x28, 0xff, 0x30, 0x28, 0x28, 0xff,
    0x28, 0x2c, 0x28, 0xff, 0x30, 0x28, 0x28, 0xff, 0x28, 0x28, 0x28, 0xff,
    0x30, 0x2c, 0x28, 0xff, 0x28, 0x28, 0x28, 0xff, 0x28, 0x28, 0x20, 0xff,
    0x30, 0x28, 0x28, 0xff, 0x28, 0x2c, 0x28, 0xff, 0x28, 0x28, 0x28, 0xff,
    0x30, 0x28, 0x28, 0xff, 0x28, 0x2c, 0x28, 0xff, 0x28, 0x28, 0x28, 0xff,
    0x30, 0x28, 0x20, 0xff, 0x28, 0x28, 0x28, 0xff, 0x28, 0x28, 0x28, 0xff,
    0x30, 0x28, 0x20, 0xff, 0x28, 0x2c, 0x28, 0xff, 0x30, 0x28, 0x28, 0xff,
    0x28, 0x2c, 0x28, 0xff, 0x30, 0x28, 0x28, 0xff, 0x28, 0x28, 0x28, 0xff,
    0x28, 0x28, 0x28, 0xff, 0x30, 0x28, 0x28, 0xff, 0x28, 0x28, 0x28, 0xff,
    0x28, 0x2c, 0x28, 0xff, 0x30, 0x28, 0x28, 0xff, 0x28, 0x2c, 0x20, 0xff,
    0x30, 0x28, 0x28, 0xff, 0x30, 0x28, 0x28, 0xff, 0x28, 0x2c, 0x20, 0xff,
    0x28, 0x28, 0x28, 0xff, 0x30, 0x28, 0x28, 0xff, 0x28, 0x2c, 0x28, 0xff,
    0x30, 0x28, 0x28, 0xff, 0x30, 0x28, 0x28, 0xff, 0x28, 0x28, 0x28, 0xff,
    0x30, 0x2c, 0x28, 0xff, 0x28, 0x28, 0x28, 0xff, 0x30, 0x28, 0x28, 0xff,
    0x30, 0x2c, 0x28, 0xff, 0x28, 0x28, 0x28, 0xff, 0x30, 0x28, 0x28, 0xff,
    0x28, 0x28, 0x20, 0xff, 0x30, 0x28, 0x28, 0xff, 0x28, 0x28, 0x28, 0xff,
    0x28, 0x2c, 0x20, 0xff, 0x28, 0x28, 0x28, 0xff, 0x30, 0x28, 0x28, 0xff,
    0x28, 0x28, 0x20, 0xff, 0x28, 0x28, 0x28, 0xff, 0x30, 0x28, 0x28, 0xff,
    0x28, 0x2c, 0x28, 0xff, 0x30, 0x28, 0x28, 0xdf, 0x30, 0x20, 0x20, 0x10,
    0x00, 0x00, 0x00, 0x00, 0x00, 0x00, 0x00, 0x00, 0x00, 0x00, 0x00, 0x00,
    0x00, 0x00, 0x00, 0x00, 0x50, 0x4c, 0x48, 0x41, 0x50, 0x48, 0x48, 0xff,
    0x50, 0x4c, 0x48, 0xff, 0x50, 0x4c, 0x48, 0xff, 0x50, 0x4c, 0x48, 0xff,
    0x50, 0x4c, 0x48, 0x41, 0x00, 0x00, 0x00, 0x00, 0x00, 0x00, 0x00, 0x00,
    0x00, 0x00, 0x00, 0x00, 0x00, 0x00, 0x00, 0x00, 0x50, 0x4c, 0x48, 0xbe,
    0x50, 0x4c, 0x48, 0xff, 0x50, 0x48, 0x48, 0xff, 0x50, 0x4c, 0x48, 0xff,
    0x50, 0x48, 0x48, 0x9e, 0x00, 0x00, 0x00, 0x00, 0x00, 0x00, 0x00, 0x00,
    0x00, 0x00, 0x00, 0x00, 0x00, 0x00, 0x00, 0x00, 0x00, 0x00, 0x00, 0x00,
    0x00, 0x00, 0x00, 0x00, 0x00, 0x00, 0x00, 0x00, 0x00, 0x00, 0x00, 0x00,
    0x00, 0x00, 0x00, 0x00, 0x00, 0x00, 0x00, 0x00, 0x00, 0x00, 0x00, 0x00,
    0x00, 0x00, 0x00, 0x00, 0x00, 0x00, 0x00, 0x00, 0x00, 0x00, 0x00, 0x00,
    0x00, 0x00, 0x00, 0x00, 0x00, 0x00, 0x00, 0x00, 0x00, 0x00, 0x00, 0x00,
    0x00, 0x00, 0x00, 0x00, 0x00, 0x00, 0x00, 0x00, 0x00, 0x00, 0x00, 0x00,
    0x00, 0x00, 0x00, 0x00, 0x00, 0x00, 0x00, 0x00, 0x00, 0x00, 0x00, 0x00,
    0x00, 0x00, 0x00, 0x00, 0x00, 0x00, 0x00, 0x00, 0x00, 0x00, 0x00, 0x00,
    0x00, 0x00, 0x00, 0x00, 0x00, 0x00, 0x00, 0x00, 0x00, 0x00, 0x00, 0x00,
    0x00, 0x00, 0x00, 0x00, 0x00, 0x00, 0x00, 0x00, 0x00, 0x00, 0x00, 0x00,
    0x00, 0x00, 0x00, 0x00, 0x00, 0x00, 0x00, 0x00, 0x00, 0x00, 0x00, 0x00,
    0x00, 0x00, 0x00, 0x00, 0x00, 0x00, 0x00, 0x00, 0x00, 0x00, 0x00, 0x00,
    0x00, 0x00, 0x00, 0x00, 0x00, 0x00, 0x00, 0x00, 0x00, 0x00, 0x00, 0x00,
    0x00, 0x00, 0x00, 0x00, 0x00, 0x00, 0x00, 0x00, 0x00, 0x00, 0x00, 0x00,
    0x00, 0x00, 0x00, 0x00, 0x00, 0x00, 0x00, 0x00, 0x00, 0x00, 0x00, 0x00,
    0x00, 0x00, 0x00, 0x00, 0x00, 0x00, 0x00, 0x00, 0x00, 0x00, 0x00, 0x00,
    0x00, 0x00, 0x00, 0x00, 0x00, 0x00, 0x00, 0x00, 0x00, 0x00, 0x00, 0x00,
    0x00, 0x00, 0x00, 0x00, 0x00, 0x00, 0x00, 0x00, 0x00, 0x00, 0x00, 0x00,
    0x00, 0x00, 0x00, 0x00, 0x00, 0x00, 0x00, 0x00, 0x00, 0x00, 0x00, 0x00,
    0x00, 0x00, 0x00, 0x00, 0x00, 0x00, 0x00, 0x00, 0x00, 0x00, 0x00, 0x00,
    0x00, 0x00, 0x00, 0x00, 0x00, 0x00, 0x00, 0x00, 0x00, 0x00, 0x00, 0x00,
    0x00, 0x00, 0x00, 0x00, 0x00, 0x00, 0x00, 0x00, 0x00, 0x00, 0x00, 0x00,
    0x00, 0x00, 0x00, 0x00, 0x00, 0x00, 0x00, 0x00, 0x00, 0x00, 0x00, 0x00,
    0x00, 0x00, 0x00, 0x00, 0x00, 0x00, 0x00, 0x00, 0x00, 0x00, 0x00, 0x00,
    0x00, 0x00, 0x00, 0x00, 0x00, 0x00, 0x00, 0x00, 0x00, 0x00, 0x00, 0x00,
    0x00, 0x00, 0x00, 0x00, 0x00, 0x00, 0x00, 0x00, 0x00, 0x00, 0x00, 0x00,
    0x00, 0x00, 0x00, 0x00, 0x00, 0x00, 0x00, 0x00, 0x28, 0x28, 0x28, 0x8e,
    0x28, 0x28, 0x28, 0xff, 0x30, 0x28, 0x28, 0xff, 0x28, 0x28, 0x28, 0xff,
    0x28, 0x28, 0x28, 0xff, 0x30, 0x28, 0x28, 0xff, 0x28, 0x28, 0x28, 0xff,
    0x30, 0x2c, 0x28, 0xff, 0x28, 0x28, 0x28, 0xff, 0x30, 0x28, 0x28, 0xff,
    0x28, 0x28, 0x28, 0xff, 0x30, 0x28, 0x28, 0xff, 0x30, 0x28, 0x28, 0xff,
    0x28, 0x28, 0x28, 0xff, 0x30, 0x28, 0x28, 0xff, 0x28, 0x2c, 0x28, 0xff,
    0x28, 0x28, 0x28, 0xff, 0x30, 0x28, 0x28, 0xff, 0x30, 0x28, 0x28, 0xff,
    0x28, 0x28, 0x28, 0xff, 0x30, 0x2c, 0x28, 0xff, 0x30, 0x28, 0x28, 0xff,
    0x28, 0x28, 0x28, 0xff, 0x30, 0x2c, 0x20, 0xff, 0x30, 0x28, 0x28, 0xff,
    0x28, 0x28, 0x28, 0xff, 0x30, 0x2c, 0x28, 0xff, 0x30, 0x28, 0x28, 0xff,
    0x28, 0x28, 0x28, 0xff, 0x30, 0x2c, 0x28, 0xff, 0x28, 0x28, 0x28, 0xff,
    0x30, 0x28, 0x28, 0xff, 0x28, 0x2c, 0x20, 0xff, 0x28, 0x28, 0x28, 0xff,
    0x30, 0x28, 0x28, 0xff, 0x30, 0x2c, 0x28, 0xff, 0x28, 0x28, 0x28, 0xff,
    0x30, 0x28, 0x28, 0xff, 0x30, 0x2c, 0x28, 0xff, 0x28, 0x28, 0x28, 0xff,
    0x30, 0x28, 0x28, 0xff, 0x28, 0x2c, 0x28, 0xff, 0x28, 0x28, 0x28, 0xff,
    0x30, 0x28, 0x28, 0xff, 0x30, 0x28, 0x28, 0xff, 0x28, 0x28, 0x28, 0xff,
    0x30, 0x28, 0x28, 0xff, 0x28, 0x2c, 0x28, 0xff, 0x28, 0x28, 0x28, 0xff,
    0x30, 0x28, 0x28, 0xff, 0x28, 0x28, 0x20, 0xff, 0x30, 0x2c, 0x28, 0xff,
    0x28, 0x28, 0x28, 0xff, 0x28, 0x28, 0x28, 0xff, 0x30, 0x2c, 0x20, 0xff,
    0x28, 0x28, 0x28, 0xff, 0x30, 0x28, 0x28, 0xff, 0x30, 0x2c, 0x28, 0xff,
    0x28, 0x28, 0x28, 0xff, 0x30, 0x28, 0x28, 0xff, 0x30, 0x28, 0x28, 0xff,
    0x30, 0x28, 0x28, 0xff, 0x28, 0x2c, 0x28, 0xff, 0x30, 0x28, 0x28, 0xff,
    0x30, 0x28, 0x28, 0xff, 0x28, 0x2c, 0x28, 0xff, 0x30, 0x28, 0x28, 0xff,
    0x28, 0x28, 0x28, 0xff, 0x30, 0x28, 0x28, 0x8e, 0x00, 0x00, 0x00, 0x00,
    0x00, 0x00, 0x00, 0x00, 0x00, 0x00, 0x00, 0x00, 0x00, 0x00, 0x00, 0x00,
    0x00, 0x00, 0x00, 0x00, 0x50, 0x4c, 0x48, 0xbe, 0x50, 0x4c, 0x40, 0xff,
    0x50, 0x4c, 0x48, 0xff, 0x50, 0x48, 0x48, 0xff, 0x50, 0x4c, 0x48, 0xbe,
    0x00, 0x00, 0x00, 0x00, 0x00, 0x00, 0x00, 0x00, 0x00, 0x00, 0x00, 0x00,
    0x50, 0x50, 0x48, 0x20, 0x50, 0x4c, 0x48, 0xff, 0x50, 0x4c, 0x48, 0xff,
    0x50, 0x4c, 0x48, 0xff, 0x50, 0x4c, 0x40, 0xff, 0x50, 0x44, 0x40, 0x30,
    0x00, 0x00, 0x00, 0x00, 0x00, 0x00, 0x00, 0x00, 0x00, 0x00, 0x00, 0x00,
    0x00, 0x00, 0x00, 0x00, 0x00, 0x00, 0x00, 0x00, 0x00, 0x00, 0x00, 0x00,
    0x00, 0x00, 0x00, 0x00, 0x00, 0x00, 0x00, 0x00, 0x00, 0x00, 0x00, 0x00,
    0x00, 0x00, 0x00, 0x00, 0x00, 0x00, 0x00, 0x00, 0x00, 0x00, 0x00, 0x00,
    0x00, 0x00, 0x00, 0x00, 0x00, 0x00, 0x00, 0x00, 0x00, 0x00, 0x00, 0x00,
    0x00, 0x00, 0x00, 0x00, 0x00, 0x00, 0x00, 0x00, 0x00, 0x00, 0x00, 0x00,
    0x00, 0x00, 0x00, 0x00, 0x00, 0x00, 0x00, 0x00, 0x00, 0x00, 0x00, 0x00,
    0x00, 0x00, 0x00, 0x00, 0x00, 0x00, 0x00, 0x00, 0x00, 0x00, 0x00, 0x00,
    0x00, 0x00, 0x00, 0x00, 0x00, 0x00, 0x00, 0x00, 0x00, 0x00, 0x00, 0x00,
    0x00, 0x00, 0x00, 0x00, 0x00, 0x00, 0x00, 0x00, 0x00, 0x00, 0x00, 0x00,
    0x00, 0x00, 0x00, 0x00, 0x00, 0x00, 0x00, 0x00, 0x00, 0x00, 0x00, 0x00,
    0x00, 0x00, 0x00, 0x00, 0x00, 0x00, 0x00, 0x00, 0x00, 0x00, 0x00, 0x00,
    0x00, 0x00, 0x00, 0x00, 0x00, 0x00, 0x00, 0x00, 0x00, 0x00, 0x00, 0x00,
    0x00, 0x00, 0x00, 0x00, 0x00, 0x00, 0x00, 0x00, 0x00, 0x00, 0x00, 0x00,
    0x00, 0x00, 0x00, 0x00, 0x00, 0x00, 0x00, 0x00, 0x00, 0x00, 0x00, 0x00,
    0x00, 0x00, 0x00, 0x00, 0x00, 0x00, 0x00, 0x00, 0x00, 0x00, 0x00, 0x00,
    0x00, 0x00, 0x00, 0x00, 0x00, 0x00, 0x00, 0x00, 0x00, 0x00, 0x00, 0x00,
    0x00, 0x00, 0x00, 0x00, 0x00, 0x00, 0x00, 0x00, 0x00, 0x00, 0x00, 0x00,
    0x00, 0x00, 0x00, 0x00, 0x00, 0x00, 0x00, 0x00, 0x00, 0x00, 0x00, 0x00,
    0x00, 0x00, 0x00, 0x00, 0x00, 0x00, 0x00, 0x00, 0x00, 0x00, 0x00, 0x00,
    0x00, 0x00, 0x00, 0x00, 0x00, 0x00, 0x00, 0x00, 0x00, 0x00, 0x00, 0x00,
    0x00, 0x00, 0x00, 0x00, 0x00, 0x00, 0x00, 0x00, 0x00, 0x00, 0x00, 0x00,
    0x00, 0x00, 0x00, 0x00, 0x00, 0x00, 0x00, 0x00, 0x00, 0x00, 0x00, 0x00,
    0x00, 0x00, 0x00, 0x00, 0x00, 0x00, 0x00, 0x00, 0x00, 0x00, 0x00, 0x00,
    0x00, 0x00, 0x00, 0x00, 0x00, 0x00, 0x00, 0x00, 0x00, 0x00, 0x00, 0x00,
    0x00, 0x00, 0x00, 0x00, 0x00, 0x00, 0x00, 0x00, 0x00, 0x00, 0x00, 0x00,
    0x00, 0x00, 0x00, 0x00, 0x00, 0x00, 0x00, 0x00, 0x00, 0x00, 0x00, 0x00,
    0x30, 0x28, 0x28, 0x20, 0x30, 0x28, 0x28, 0xff, 0x28, 0x28, 0x28, 0xff,
    0x30, 0x2c, 0x20, 0xff, 0x28, 0x2c, 0x28, 0xff, 0x30, 0x28, 0x28, 0xff,
    0x30, 0x28, 0x28, 0xff, 0x28, 0x28, 0x28, 0xff, 0x28, 0x28, 0x20, 0xff,
    0x30, 0x2c, 0x28, 0xff, 0x28, 0x28, 0x28, 0xff, 0x28, 0x28, 0x20, 0xff,
    0x30, 0x2c, 0x28, 0xff, 0x28, 0x28, 0x28, 0xff, 0x30, 0x28, 0x20, 0xff,
    0x30, 0x2c, 0x28, 0xff, 0x28, 0x28, 0x28, 0xff, 0x30, 0x28, 0x20, 0xff,
    0x30, 0x2c, 0x28, 0xff, 0x28, 0x28, 0x28, 0xff, 0x28, 0x28, 0x20, 0xff,
    0x30, 0x2c, 0x28, 0xff, 0x28, 0x28, 0x28, 0xff, 0x28, 0x28, 0x28, 0xff,
    0x30, 0x28, 0x28, 0xff, 0x28, 0x28, 0x28, 0xff, 0x28, 0x28, 0x28, 0xff,
    0x30, 0x2c, 0x28, 0xff, 0x28, 0x28, 0x28, 0xff, 0x30, 0x28, 0x28, 0xff,
    0x30, 0x2c, 0x28, 0xff, 0x28, 0x28, 0x28, 0xff, 0x30, 0x28, 0x28, 0xff,
    0x30, 0x28, 0x28, 0xff, 0x28, 0x28, 0x28, 0xff, 0x30, 0x28, 0x28, 0xff,
    0x28, 0x2c, 0x20, 0xff, 0x28, 0x28, 0x28, 0xff, 0x30, 0x28, 0x28, 0xff,
    0x28, 0x2c, 0x20, 0xff, 0x30, 0x28, 0x28, 0xff, 0x30, 0x28, 0x28, 0xff,
    0x28, 0x28, 0x28, 0xff, 0x28, 0x28, 0x28, 0xff, 0x30, 0x2c, 0x28, 0xff,
    0x28, 0x28, 0x28, 0xff, 0x30, 0x28, 0x20, 0xff, 0x30, 0x2c, 0x28, 0xff,
    0x28, 0x28, 0x28, 0xff, 0x30, 0x28, 0x20, 0xff, 0x28, 0x2c, 0x28, 0xff,
    0x30, 0x28, 0x28, 0xff, 0x30, 0x28, 0x28, 0xff, 0x28, 0x28, 0x28, 0xff,
    0x30, 0x28, 0x28, 0xff, 0x28, 0x28, 0x28, 0xff, 0x28, 0x2c, 0x28, 0xff,
    0x30, 0x28, 0x28, 0xff, 0x28, 0x28, 0x28, 0xff, 0x28, 0x2c, 0x28, 0xff,
    0x30, 0x28, 0x28, 0xff, 0x30, 0x28, 0x28, 0xff, 0x28, 0x2c, 0x20, 0xff,
    0x28, 0x28, 0x28, 0xff, 0x30, 0x28, 0x28, 0xff, 0x28, 0x2c, 0x28, 0xff,
    0x28, 0x28, 0x20, 0xff, 0x30, 0x28, 0x28, 0xff, 0x28, 0x28, 0x28, 0xff,
    0x28, 0x28, 0x28, 0xff, 0x30, 0x28, 0x28, 0x41, 0x00, 0x00, 0x00, 0x00,
    0x00, 0x00, 0x00, 0x00, 0x00, 0x00, 0x00, 0x00, 0x00, 0x00, 0x00, 0x00,
    0x50, 0x4c, 0x48, 0x41, 0x50, 0x4c, 0x48, 0xff, 0x50, 0x48, 0x48, 0xff,
    0x50, 0x4c, 0x48, 0xff, 0x50, 0x4c, 0x48, 0xff, 0x50, 0x40, 0x40, 0x10,
    0x00, 0x00, 0x00, 0x00, 0x00, 0x00, 0x00, 0x00, 0x50, 0x4c, 0x48, 0x6d,
    0x50, 0x48, 0x48, 0xff, 0x50, 0x4c, 0x48, 0xff, 0x50, 0x4c, 0x48, 0xff,
    0x50, 0x48, 0x48, 0xcf, 0x00, 0x00, 0x00, 0x00, 0x00, 0x00, 0x00, 0x00,
    0x00, 0x00, 0x00, 0x00, 0x00, 0x00, 0x00, 0x00, 0x00, 0x00, 0x00, 0x00,
    0x00, 0x00, 0x00, 0x00, 0x00, 0x00, 0x00, 0x00, 0x00, 0x00, 0x00, 0x00,
    0x00, 0x00, 0x00, 0x00, 0x00, 0x00, 0x00, 0x00, 0x00, 0x00, 0x00, 0x00,
    0x00, 0x00, 0x00, 0x00, 0x00, 0x00, 0x00, 0x00, 0x00, 0x00, 0x00, 0x00,
    0x00, 0x00, 0x00, 0x00, 0x00, 0x00, 0x00, 0x00, 0x00, 0x00, 0x00, 0x00,
    0x00, 0x00, 0x00, 0x00, 0x00, 0x00, 0x00, 0x00, 0x00, 0x00, 0x00, 0x00,
    0x00, 0x00, 0x00, 0x00, 0x00, 0x00, 0x00, 0x00, 0x00, 0x00, 0x00, 0x00,
    0x00, 0x00, 0x00, 0x00, 0x00, 0x00, 0x00, 0x00, 0x00, 0x00, 0x00, 0x00,
    0x00, 0x00, 0x00, 0x00, 0x00, 0x00, 0x00, 0x00, 0x00, 0x00, 0x00, 0x00,
    0x00, 0x00, 0x00, 0x00, 0x00, 0x00, 0x00, 0x00, 0x00, 0x00, 0x00, 0x00,
    0x00, 0x00, 0x00, 0x00, 0x00, 0x00, 0x00, 0x00, 0x00, 0x00, 0x00, 0x00,
    0x00, 0x00, 0x00, 0x00, 0x00, 0x00, 0x00, 0x00, 0x00, 0x00, 0x00, 0x00,
    0x00, 0x00, 0x00, 0x00, 0x00, 0x00, 0x00, 0x00, 0x00, 0x00, 0x00, 0x00,
    0x00, 0x00, 0x00, 0x00, 0x00, 0x00, 0x00, 0x00, 0x00, 0x00, 0x00, 0x00,
    0x00, 0x00, 0x00, 0x00, 0x00, 0x00, 0x00, 0x00, 0x00, 0x00, 0x00, 0x00,
    0x00, 0x00, 0x00, 0x00, 0x00, 0x00, 0x00, 0x00, 0x00, 0x00, 0x00, 0x00,
    0x00, 0x00, 0x00, 0x00, 0x00, 0x00, 0x00, 0x00, 0x00, 0x00, 0x00, 0x00,
    0x00, 0x00, 0x00, 0x00, 0x00, 0x00, 0x00, 0x00, 0x00, 0x00, 0x00, 0x00,
    0x00, 0x00, 0x00, 0x00, 0x00, 0x00, 0x00, 0x00, 0x00, 0x00, 0x00, 0x00,
    0x00, 0x00, 0x00, 0x00, 0x00, 0x00, 0x00, 0x00, 0x00, 0x00, 0x00, 0x00,
    0x00, 0x00, 0x00, 0x00, 0x00, 0x00, 0x00, 0x00, 0x00, 0x00, 0x00, 0x00,
    0x00, 0x00, 0x00, 0x00, 0x00, 0x00, 0x00, 0x00, 0x00, 0x00, 0x00, 0x00,
    0x00, 0x00, 0x00, 0x00, 0x00, 0x00, 0x00, 0x00, 0x00, 0x00, 0x00, 0x00,
    0x00, 0x00, 0x00, 0x00, 0x00, 0x00, 0x00, 0x00, 0x00, 0x00, 0x00, 0x00,
    0x00, 0x00, 0x00, 0x00, 0x00, 0x00, 0x00, 0x00, 0x00, 0x00, 0x00, 0x00,
    0x00, 0x00, 0x00, 0x00, 0x00, 0x00, 0x00, 0x00, 0x00, 0x00, 0x00, 0x00,
    0x00, 0x00, 0x00, 0x00, 0x00, 0x00, 0x00, 0x00, 0x28, 0x28, 0x28, 0xbe,
    0x30, 0x28, 0x28, 0xff, 0x30, 0x28, 0x28, 0xff, 0x28, 0x28, 0x28, 0xff,
    0x30, 0x28, 0x28, 0xff, 0x28, 0x2c, 0x20, 0xff, 0x30, 0x28, 0x28, 0xff,
    0x30, 0x2c, 0x28, 0xff, 0x28, 0x28, 0x28, 0xff, 0x30, 0x28, 0x28, 0xff,
    0x30, 0x2c, 0x28, 0xff, 0x28, 0x28, 0x28, 0xff, 0x28, 0x28, 0x28, 0xff,
    0x30, 0x2c, 0x28, 0xff, 0x28, 0x28, 0x28, 0xff, 0x28, 0x28, 0x28, 0xff,
    0x30, 0x28, 0x28, 0xff, 0x28, 0x28, 0x28, 0xff, 0x28, 0x2c, 0x28, 0xff,
    0x30, 0x28, 0x28, 0xff, 0x30, 0x28, 0x28, 0xff, 0x28, 0x28, 0x28, 0xff,
    0x30, 0x28, 0x28, 0xff, 0x30, 0x2c, 0x28, 0xff, 0x28, 0x28, 0x28, 0xff,
    0x30, 0x28, 0x28, 0xff, 0x30, 0x2c, 0x20, 0xff, 0x28, 0x28, 0x28, 0xff,
    0x28, 0x28, 0x28, 0xff, 0x30, 0x28, 0x20, 0xff, 0x28, 0x28, 0x28, 0xff,
    0x28, 0x2c, 0x28, 0xff, 0x30, 0x28, 0x20, 0xff, 0x28, 0x28, 0x28, 0xff,
    0x30, 0x2c, 0x28, 0xff, 0x28, 0x28, 0x28, 0xff, 0x30, 0x28, 0x28, 0xff,
    0x30, 0x28, 0x28, 0xff, 0x28, 0x28, 0x28, 0xff, 0x28, 0x28, 0x28, 0xff,
    0x30, 0x28, 0x28, 0xff, 0x28, 0x2c, 0x20, 0xff, 0x30, 0x28, 0x28, 0xff,
    0x30, 0x28, 0x28, 0xff, 0x28, 0x2c, 0x20, 0xff, 0x28, 0x28, 0x28, 0xff,
    0x30, 0x28, 0x28, 0xff, 0x28, 0x28, 0x28, 0xff, 0x30, 0x28, 0x28, 0xff,
    0x28, 0x28, 0x28, 0xff, 0x28, 0x28, 0x28, 0xff, 0x30, 0x2c, 0x28, 0xff,
    0x28, 0x28, 0x28, 0xff, 0x30, 0x2c, 0x28, 0xff, 0x30, 0x28, 0x20, 0xff,
    0x28, 0x28, 0x28, 0xff, 0x30, 0x28, 0x28, 0xff, 0x30, 0x28, 0x20, 0xff,
    0x28, 0x28, 0x28, 0xff, 0x30, 0x2c, 0x28, 0xff, 0x28, 0x28, 0x20, 0xff,
    0x28, 0x28, 0x28, 0xff, 0x30, 0x2c, 0x28, 0xff, 0x28, 0x28, 0x28, 0xff,
    0x30, 0x28, 0x28, 0xff, 0x30, 0x28, 0x28, 0xff, 0x28, 0x28, 0x28, 0xff,
    0x30, 0x2c, 0x28, 0xff, 0x30, 0x28, 0x20, 0xff, 0x28, 0x2c, 0x28, 0xff,
    0x28, 0x28, 0x28, 0xbe, 0x00, 0x00, 0x00, 0x00, 0x00, 0x00, 0x00, 0x00,
    0x00, 0x00, 0x00, 0x00, 0x00, 0x00, 0x00, 0x00, 0x00, 0x00, 0x00, 0x00,
    0x50, 0x4c, 0x48, 0xbe, 0x50, 0x4c, 0x48, 0xff, 0x50, 0x4c, 0x40, 0xff,
    0x50, 0x48, 0x48, 0xff, 0x50, 0x48, 0x48, 0x7d, 0x00, 0x00, 0x00, 0x00,
    0x00, 0x00, 0x00, 0x00, 0x50, 0x4c, 0x48, 0xbe, 0x50, 0x4c, 0x48, 0xff,
    0x50, 0x48, 0x48, 0xff, 0x50, 0x4c, 0x48, 0xff, 0x50, 0x4c, 0x40, 0x5d,
    0x00, 0x00, 0x00, 0x00, 0x00, 0x00, 0x00, 0x00, 0x00, 0x00, 0x00, 0x00,
    0x00, 0x00, 0x00, 0x00, 0x00, 0x00, 0x00, 0x00, 0x00, 0x00, 0x00, 0x00,
    0x00, 0x00, 0x00, 0x00, 0x00, 0x00, 0x00, 0x00, 0x00, 0x00, 0x00, 0x00,
    0x00, 0x00, 0x00, 0x00, 0x00, 0x00, 0x00, 0x00, 0x00, 0x00, 0x00, 0x00,
    0x00, 0x00, 0x00, 0x00, 0x00, 0x00, 0x00, 0x00, 0x00, 0x00, 0x00, 0x00,
    0x00, 0x00, 0x00, 0x00, 0x00, 0x00, 0x00, 0x00, 0x40, 0x40, 0x40, 0x3c,
    0x40, 0x40, 0x40, 0x3c, 0x38, 0x34, 0x38, 0x0c, 0x00, 0x00, 0x00, 0x00,
    0x00, 0x00, 0x00, 0x00, 0x00, 0x00, 0x00, 0x00, 0x00, 0x00, 0x00, 0x00,
    0x00, 0x00, 0x00, 0x00, 0x00, 0x00, 0x00, 0x00, 0x40, 0x40, 0x40, 0x28,
    0x40, 0x40, 0x40, 0x3c, 0x40, 0x40, 0x40, 0x2c, 0x00, 0x00, 0x00, 0x00,
    0x00, 0x00, 0x00, 0x00, 0x00, 0x00, 0x00, 0x00, 0x00, 0x00, 0x00, 0x00,
    0x00, 0x00, 0x00, 0x00, 0x40, 0x40, 0x40, 0x1c, 0x40, 0x3c, 0x40, 0x49,
    0x40, 0x40, 0x40, 0x69, 0x40, 0x3c, 0x40, 0x61, 0x40, 0x40, 0x40, 0x34,
    0x00, 0x00, 0x00, 0x00, 0x00, 0x00, 0x00, 0x00, 0x00, 0x00, 0x00, 0x00,
    0x00, 0x00, 0x00, 0x00, 0x00, 0x00, 0x00, 0x00, 0x40, 0x3c, 0x40, 0x28,
    0x40, 0x40, 0x40, 0x28, 0x40, 0x40, 0x40, 0x28, 0x40, 0x40, 0x40, 0x2c,
    0x40, 0x40, 0x40, 0x28, 0x40, 0x40, 0x40, 0x28, 0x40, 0x40, 0x40, 0x2c,
    0x40, 0x40, 0x40, 0x28, 0x48, 0x44, 0x40, 0x0c, 0x00, 0x00, 0x00, 0x00,
    0x00, 0x00, 0x00, 0x00, 0x00, 0x00, 0x00, 0x00, 0x40, 0x40, 0x40, 0x28,
    0x38, 0x3c, 0x38, 0x28, 0x40, 0x3c, 0x38, 0x2c, 0x38, 0x3c, 0x38, 0x28,
    0x40, 0x40, 0x40, 0x28, 0x40, 0x40, 0x40, 0x24, 0x00, 0x00, 0x00, 0x00,
    0x00, 0x00, 0x00, 0x00, 0x00, 0x00, 0x00, 0x00, 0x00, 0x00, 0x00, 0x00,
    0x00, 0x00, 0x00, 0x00, 0x00, 0x00, 0x00, 0x00, 0x00, 0x00, 0x00, 0x00,
    0x00, 0x00, 0x00, 0x00, 0x00, 0x00, 0x00, 0x00, 0x00, 0x00, 0x00, 0x00,
    0x00, 0x00, 0x00, 0x00, 0x00, 0x00, 0x00, 0x00, 0x00, 0x00, 0x00, 0x00,
    0x00, 0x00, 0x00, 0x00, 0x00, 0x00, 0x00, 0x00, 0x00, 0x00, 0x00, 0x00,
    0x00, 0x00, 0x00, 0x00, 0x00, 0x00, 0x00, 0x00, 0x00, 0x00, 0x00, 0x00,
    0x30, 0x24, 0x20, 0x30, 0x28, 0x28, 0x28, 0xff, 0x28, 0x28, 0x28, 0xff,
    0x30, 0x28, 0x20, 0xff, 0x28, 0x28, 0x28, 0xff, 0x28, 0x28, 0x28, 0xff,
    0x30, 0x28, 0x28, 0xff, 0x28, 0x28, 0x28, 0xff, 0x28, 0x28, 0x28, 0xff,
    0x30, 0x28, 0x28, 0xff, 0x28, 0x28, 0x28, 0xff, 0x30, 0x28, 0x28, 0xff,
    0x30, 0x28, 0x28, 0xff, 0x28, 0x28, 0x20, 0xff, 0x30, 0x28, 0x28, 0xff,
    0x28, 0x2c, 0x28, 0xff, 0x30, 0x28, 0x28, 0xff, 0x30, 0x28, 0x20, 0xff,
    0x28, 0x28, 0x28, 0xff, 0x28, 0x28, 0x28, 0xff, 0x30, 0x2c, 0x28, 0xff,
    0x30, 0x2c, 0x28, 0xff, 0x30, 0x30, 0x28, 0xff, 0x30, 0x30, 0x28, 0xff,
    0x30, 0x2c, 0x28, 0xff, 0x30, 0x2c, 0x28, 0xff, 0x28, 0x28, 0x28, 0xff,
    0x30, 0x28, 0x28, 0xff, 0x28, 0x28, 0x28, 0xff, 0x30, 0x2c, 0x28, 0xff,
    0x30, 0x28, 0x28, 0xff, 0x28, 0x28, 0x28, 0xff, 0x30, 0x28, 0x28, 0xff,
    0x28, 0x28, 0x28, 0xff, 0x28, 0x2c, 0x28, 0xff, 0x30, 0x28, 0x28, 0xff,
    0x28, 0x28, 0x28, 0xff, 0x28, 0x2c, 0x28, 0xff, 0x30, 0x28, 0x20, 0xff,
    0x30, 0x2c, 0x28, 0xff, 0x28, 0x28, 0x28, 0xff, 0x28, 0x28, 0x28, 0xff,
    0x30, 0x2c, 0x28, 0xff, 0x28, 0x28, 0x28, 0xff, 0x30, 0x28, 0x28, 0xff,
    0x28, 0x28, 0x28, 0xff, 0x30, 0x2c, 0x28, 0xff, 0x28, 0x28, 0x28, 0xff,
    0x28, 0x28, 0x28, 0xff, 0x30, 0x2c, 0x28, 0xff, 0x30, 0x28, 0x28, 0xff,
    0x28, 0x28, 0x28, 0xff, 0x28, 0x28, 0x20, 0xff, 0x30, 0x28, 0x28, 0xff,
    0x28, 0x28, 0x28, 0xff, 0x28, 0x2c, 0x28, 0xff, 0x30, 0x28, 0x28, 0xff,
    0x28, 0x2c, 0x28, 0xff, 0x28, 0x28, 0x28, 0xff, 0x30, 0x28, 0x28, 0xff,
    0x30, 0x28, 0x28, 0xff, 0x28, 0x28, 0x28, 0xff, 0x30, 0x28, 0x28, 0xff,
    0x30, 0x28, 0x28, 0xff, 0x28, 0x28, 0x28, 0xff, 0x28, 0x2c, 0x28, 0xff,
    0x30, 0x28, 0x20, 0xff, 0x28, 0x28, 0x28, 0xff, 0x28, 0x28, 0x28, 0xff,
    0x30, 0x28, 0x28, 0xff, 0x30, 0x28, 0x28, 0xff, 0x28, 0x28, 0x28, 0xff,
    0x30, 0x28, 0x28, 0x41, 0x00, 0x00, 0x00, 0x00, 0x00, 0x00, 0x00, 0x00,
    0x00, 0x00, 0x00, 0x00, 0x00, 0x00, 0x00, 0x00, 0x50, 0x4c, 0x48, 0x6d,
    0x50, 0x4c, 0x48, 0xff, 0x50, 0x4c, 0x48, 0xff, 0x50, 0x4c, 0x48, 0xff,
    0x50, 0x4c, 0x48, 0xbe, 0x00, 0x00, 0x00, 0x00, 0x50, 0x50, 0x50, 0x10,
    0x50, 0x4c, 0x48, 0xff, 0x50, 0x4c, 0x48, 0xff, 0x50, 0x4c, 0x48, 0xff,
    0x50, 0x4c, 0x48, 0xff, 0x50, 0x48, 0x48, 0x20, 0x00, 0x00, 0x00, 0x00,
    0x00, 0x00, 0x00, 0x00, 0x00, 0x00, 0x00, 0x00, 0x00, 0x00, 0x00, 0x00,
    0x00, 0x00, 0x00, 0x00, 0x00, 0x00, 0x00, 0x00, 0x00, 0x00, 0x00, 0x00,
    0x00, 0x00, 0x00, 0x00, 0x00, 0x00, 0x00, 0x00, 0x00, 0x00, 0x00, 0x00,
    0x00, 0x00, 0x00, 0x00, 0x00, 0x00, 0x00, 0x00, 0x00, 0x00, 0x00, 0x00,
    0x00, 0x00, 0x00, 0x00, 0x00, 0x00, 0x00, 0x00, 0x00, 0x00, 0x00, 0x00,
    0x40, 0x40, 0x40, 0x5d, 0x40, 0x40, 0x40, 0xff, 0x40, 0x40, 0x40, 0xff,
    0x40, 0x40, 0x40, 0xc3, 0x00, 0x00, 0x00, 0x00, 0x00, 0x00, 0x00, 0x00,
    0x00, 0x00, 0x00, 0x00, 0x00, 0x00, 0x00, 0x00, 0x00, 0x00, 0x00, 0x00,
    0x00, 0x00, 0x00, 0x00, 0x40, 0x40, 0x40, 0xff, 0x40, 0x40, 0x40, 0xff,
    0x40, 0x40, 0x40, 0xff, 0x48, 0x44, 0x40, 0x0c, 0x00, 0x00, 0x00, 0x00,
    0x00, 0x00, 0x00, 0x00, 0x00, 0x00, 0x00, 0x00, 0x40, 0x40, 0x40, 0x82,
    0x40, 0x40, 0x40, 0xfb, 0x40, 0x40, 0x40, 0xff, 0x40, 0x40, 0x40, 0xff,
    0x40, 0x40, 0x40, 0xff, 0x40, 0x40, 0x40, 0xff, 0x40, 0x3c, 0x40, 0xd3,
    0x40, 0x3c, 0x38, 0x38, 0x00, 0x00, 0x00, 0x00, 0x00, 0x00, 0x00, 0x00,
    0x40, 0x40, 0x40, 0x41, 0x40, 0x40, 0x40, 0xff, 0x40, 0x40, 0x40, 0xff,
    0x40, 0x40, 0x40, 0xff, 0x40, 0x40, 0x40, 0xff, 0x40, 0x40, 0x40, 0xff,
    0x40, 0x40, 0x40, 0xff, 0x40, 0x40, 0x40, 0xff, 0x40, 0x40, 0x40, 0xff,
    0x40, 0x40, 0x40, 0x8e, 0x00, 0x00, 0x00, 0x00, 0x00, 0x00, 0x00, 0x00,
    0x40, 0x3c, 0x40, 0x8a, 0x40, 0x40, 0x40, 0xff, 0x40, 0x40, 0x40, 0xff,
    0x40, 0x40, 0x40, 0xff, 0x40, 0x40, 0x40, 0xff, 0x40, 0x40, 0x40, 0xff,
    0x40, 0x40, 0x40, 0xff, 0x40, 0x40, 0x40, 0xe7, 0x40, 0x40, 0x40, 0x9a,
    0x38, 0x3c, 0x38, 0x14, 0x00, 0x00, 0x00, 0x00, 0x00, 0x00, 0x00, 0x00,
    0x00, 0x00, 0x00, 0x00, 0x00, 0x00, 0x00, 0x00, 0x00, 0x00, 0x00, 0x00,
    0x00, 0x00, 0x00, 0x00, 0x00, 0x00, 0x00, 0x00, 0x00, 0x00, 0x00, 0x00,
    0x00, 0x00, 0x00, 0x00, 0x00, 0x00, 0x00, 0x00, 0x00, 0x00, 0x00, 0x00,
    0x00, 0x00, 0x00, 0x00, 0x00, 0x00, 0x00, 0x00, 0x00, 0x00, 0x00, 0x00,
    0x00, 0x00, 0x00, 0x00, 0x00, 0x00, 0x00, 0x00, 0x30, 0x28, 0x28, 0x9e,
    0x30, 0x28, 0x28, 0xff, 0x28, 0x2c, 0x28, 0xff, 0x30, 0x28, 0x28, 0xff,
    0x30, 0x2c, 0x28, 0xff, 0x28, 0x2c, 0x28, 0xff, 0x30, 0x28, 0x28, 0xff,
    0x38, 0x34, 0x30, 0xff, 0x40, 0x3c, 0x38, 0xff, 0x40, 0x3c, 0x38, 0xff,
    0x40, 0x3c, 0x30, 0xff, 0x28, 0x2c, 0x28, 0xff, 0x28, 0x28, 0x28, 0xff,
    0x30, 0x28, 0x28, 0xff, 0x30, 0x2c, 0x28, 0xff, 0x28, 0x28, 0x28, 0xff,
    0x28, 0x28, 0x28, 0xff, 0x30, 0x2c, 0x28, 0xff, 0x30, 0x28, 0x28, 0xff,
    0x38, 0x38, 0x30, 0xff, 0x40, 0x3c, 0x38, 0xff, 0x40, 0x3c, 0x38, 0xff,
    0x40, 0x3c, 0x38, 0xff, 0x38, 0x3c, 0x38, 0xff, 0x38, 0x38, 0x30, 0xff,
    0x30, 0x30, 0x30, 0xff, 0x30, 0x30, 0x28, 0xff, 0x30, 0x2c, 0x28, 0xff,
    0x30, 0x2c, 0x28, 0xff, 0x30, 0x2c, 0x28, 0xff, 0x28, 0x2c, 0x28, 0xff,
    0x30, 0x2c, 0x28, 0xff, 0x30, 0x2c, 0x28, 0xff, 0x28, 0x28, 0x28, 0xff,
    0x38, 0x38, 0x30, 0xff, 0x38, 0x38, 0x30, 0xff, 0x38, 0x38, 0x30, 0xff,
    0x30, 0x30, 0x28, 0xff, 0x30, 0x28, 0x28, 0xff, 0x28, 0x28, 0x28, 0xff,
    0x30, 0x28, 0x28, 0xff, 0x30, 0x28, 0x28, 0xff, 0x28, 0x28, 0x28, 0xff,
    0x30, 0x28, 0x28, 0xff, 0x28, 0x28, 0x28, 0xff, 0x30, 0x28, 0x28, 0xff,
    0x30, 0x2c, 0x28, 0xff, 0x38, 0x34, 0x30, 0xff, 0x38, 0x38, 0x30, 0xff,
    0x38, 0x38, 0x30, 0xff, 0x30, 0x2c, 0x28, 0xff, 0x30, 0x28, 0x28, 0xff,
    0x30, 0x2c, 0x28, 0xff, 0x28, 0x28, 0x28, 0xff, 0x30, 0x2c, 0x28, 0xff,
    0x40, 0x3c, 0x38, 0xff, 0x40, 0x3c, 0x38, 0xff, 0x30, 0x28, 0x28, 0xff,
    0x28, 0x2c, 0x28, 0xff, 0x28, 0x28, 0x28, 0xff, 0x30, 0x2c, 0x28, 0xff,
    0x30, 0x2c, 0x28, 0xff, 0x38, 0x34, 0x30, 0xff, 0x38, 0x34, 0x30, 0xff,
    0x28, 0x28, 0x28, 0xff, 0x30, 0x2c, 0x28, 0xff, 0x30, 0x28, 0x28, 0xff,
    0x28, 0x28, 0x28, 0xff, 0x30, 0x2c, 0x28, 0xff, 0x28, 0x28, 0x28, 0xff,
    0x28, 0x28, 0x20, 0xff, 0x40, 0x3c, 0x38, 0xff, 0x48, 0x44, 0x40, 0xa6,
    0x00, 0x00, 0x00, 0x00, 0x00, 0x00, 0x00, 0x00, 0x00, 0x00, 0x00, 0x00,
    0x00, 0x00, 0x00, 0x00, 0x50, 0x50, 0x50, 0x10, 0x50, 0x48, 0x48, 0xff,
    0x50, 0x4c, 0x48, 0xff, 0x50, 0x4c, 0x48, 0xff, 0x50, 0x4c, 0x48, 0xff,
    0x50, 0x40, 0x40, 0x10, 0x50, 0x4c, 0x48, 0x41, 0x50, 0x48, 0x48, 0xff,
    0x50, 0x4c, 0x40, 0xff, 0x50, 0x4c, 0x48, 0xff, 0x50, 0x48, 0x48, 0xcf,
    0x00, 0x00, 0x00, 0x00, 0x00, 0x00, 0x00, 0x00, 0x00, 0x00, 0x00, 0x00,
    0x00, 0x00, 0x00, 0x00, 0x00, 0x00, 0x00, 0x00, 0x00, 0x00, 0x00, 0x00,
    0x00, 0x00, 0x00, 0x00, 0x00, 0x00, 0x00, 0x00, 0x00, 0x00, 0x00, 0x00,
    0x00, 0x00, 0x00, 0x00, 0x00, 0x00, 0x00, 0x00, 0x00, 0x00, 0x00, 0x00,
    0x00, 0x00, 0x00, 0x00, 0x00, 0x00, 0x00, 0x00, 0x00, 0x00, 0x00, 0x00,
    0x00, 0x00, 0x00, 0x00, 0x00, 0x00, 0x00, 0x00, 0x40, 0x40, 0x40, 0x5d,
    0x40, 0x40, 0x40, 0xff, 0x40, 0x40, 0x40, 0xff, 0x40, 0x40, 0x40, 0xc3,
    0x00, 0x00, 0x00, 0x00, 0x00, 0x00, 0x00, 0x00, 0x00, 0x00, 0x00, 0x00,
    0x00, 0x00, 0x00, 0x00, 0x50, 0x4c, 0x48, 0x04, 0x50, 0x48, 0x48, 0x00,
    0x40, 0x40, 0x40, 0xff, 0x40, 0x40, 0x40, 0xff, 0x40, 0x40, 0x40, 0xff,
    0x48, 0x44, 0x48, 0x0c, 0x50, 0x48, 0x48, 0x00, 0x50, 0x4c, 0x48, 0x00,
    0x40, 0x40, 0x40, 0x82, 0x40, 0x40, 0x40, 0xff, 0x40, 0x40, 0x40, 0xff,
    0x40, 0x40, 0x40, 0xff, 0x40, 0x40, 0x40, 0xff, 0x40, 0x40, 0x40, 0xff,
    0x40, 0x40, 0x40, 0xff, 0x40, 0x40, 0x40, 0xff, 0x40, 0x40, 0x40, 0x75,
    0x50, 0x4c, 0x48, 0x00, 0x50, 0x4c, 0x48, 0x00, 0x40, 0x40, 0x40, 0x55,
    0x40, 0x40, 0x40, 0xff, 0x40, 0x40, 0x40, 0xff, 0x40, 0x40, 0x40, 0xff,
    0x40, 0x40, 0x40, 0xff, 0x40, 0x40, 0x40, 0xff, 0x40, 0x40, 0x40, 0xff,
    0x40, 0x40, 0x40, 0xff, 0x40, 0x40, 0x40, 0xff, 0x40, 0x40, 0x40, 0x92,
    0x50, 0x4c, 0x48, 0x04, 0x50, 0x4c, 0x48, 0x00, 0x40, 0x40, 0x40, 0xa2,
    0x40, 0x40, 0x40, 0xff, 0x40, 0x40, 0x40, 0xff, 0x40, 0x40, 0x40, 0xff,
    0x40, 0x40, 0x40, 0xff, 0x40, 0x40, 0x40, 0xff, 0x40, 0x40, 0x40, 0xff,
    0x40, 0x40, 0x40, 0xff, 0x40, 0x40, 0x40, 0xff, 0x40, 0x3c, 0x40, 0xef,
    0x48, 0x44, 0x48, 0x10, 0x00, 0x00, 0x00, 0x00, 0x00, 0x00, 0x00, 0x00,
    0x00, 0x00, 0x00, 0x00, 0x00, 0x00, 0x00, 0x00, 0x00, 0x00, 0x00, 0x00,
    0x00, 0x00, 0x00, 0x00, 0x00, 0x00, 0x00, 0x00, 0x00, 0x00, 0x00, 0x00,
    0x00, 0x00, 0x00, 0x00, 0x00, 0x00, 0x00, 0x00, 0x00, 0x00, 0x00, 0x00,
    0x00, 0x00, 0x00, 0x00, 0x00, 0x00, 0x00, 0x00, 0x00, 0x00, 0x00, 0x00,
    0x00, 0x00, 0x00, 0x00, 0x28, 0x28, 0x28, 0xef, 0x30, 0x28, 0x28, 0xff,
    0x28, 0x28, 0x28, 0xff, 0x28, 0x28, 0x28, 0xff, 0x30, 0x28, 0x28, 0xff,
    0x28, 0x28, 0x20, 0xff, 0x28, 0x28, 0x28, 0xff, 0x78, 0x70, 0x68, 0xff,
    0x88, 0x7c, 0x70, 0xff, 0x88, 0x7c, 0x78, 0xff, 0x88, 0x80, 0x78, 0xff,
    0x50, 0x4c, 0x48, 0xff, 0x28, 0x28, 0x28, 0xff, 0x30, 0x2c, 0x28, 0xff,
    0x28, 0x28, 0x28, 0xff, 0x30, 0x28, 0x20, 0xff, 0x28, 0x28, 0x28, 0xff,
    0x28, 0x2c, 0x28, 0xff, 0x70, 0x64, 0x60, 0xff, 0x88, 0x7c, 0x78, 0xff,
    0x80, 0x7c, 0x78, 0xff, 0x88, 0x7c, 0x78, 0xff, 0x80, 0x7c, 0x78, 0xff,
    0x88, 0x7c, 0x78, 0xff, 0x88, 0x7c, 0x78, 0xff, 0x78, 0x74, 0x70, 0xff,
    0x60, 0x60, 0x58, 0xff, 0x38, 0x30, 0x30, 0xff, 0x28, 0x28, 0x28, 0xff,
    0x28, 0x28, 0x28, 0xff, 0x30, 0x28, 0x28, 0xff, 0x28, 0x28, 0x28, 0xff,
    0x30, 0x28, 0x28, 0xff, 0x58, 0x54, 0x48, 0xff, 0x88, 0x7c, 0x78, 0xff,
    0x88, 0x7c, 0x78, 0xff, 0x88, 0x7c, 0x78, 0xff, 0x88, 0x7c, 0x78, 0xff,
    0x50, 0x48, 0x40, 0xff, 0x28, 0x28, 0x28, 0xff, 0x28, 0x2c, 0x28, 0xff,
    0x30, 0x28, 0x20, 0xff, 0x28, 0x2c, 0x28, 0xff, 0x28, 0x2c, 0x28, 0xff,
    0x30, 0x28, 0x20, 0xff, 0x28, 0x28, 0x28, 0xff, 0x70, 0x68, 0x60, 0xff,
    0x88, 0x7c, 0x78, 0xff, 0x88, 0x7c, 0x78, 0xff, 0x88, 0x7c, 0x70, 0xff,
    0x78, 0x70, 0x68, 0xff, 0x28, 0x28, 0x28, 0xff, 0x28, 0x28, 0x28, 0xff,
    0x30, 0x2c, 0x28, 0xff, 0x68, 0x64, 0x60, 0xff, 0x88, 0x7c, 0x70, 0xff,
    0x88, 0x7c, 0x78, 0xff, 0x50, 0x4c, 0x48, 0xff, 0x30, 0x28, 0x28, 0xff,
    0x28, 0x2c, 0x28, 0xff, 0x38, 0x38, 0x30, 0xff, 0x88, 0x7c, 0x70, 0xff,
    0x88, 0x80, 0x78, 0xff, 0x80, 0x7c, 0x78, 0xff, 0x80, 0x74, 0x70, 0xff,
    0x38, 0x34, 0x30, 0xff, 0x28, 0x28, 0x28, 0xff, 0x30, 0x2c, 0x28, 0xff,
    0x30, 0x28, 0x28, 0xff, 0x28, 0x28, 0x28, 0xff, 0x58, 0x54, 0x50, 0xff,
    0x88, 0x7c, 0x70, 0xff, 0x88, 0x7c, 0x78, 0xff, 0x70, 0x68, 0x60, 0x3c,
    0x00, 0x00, 0x00, 0x00, 0x00, 0x00, 0x00, 0x00, 0x00, 0x00, 0x00, 0x00,
    0x00, 0x00, 0x00, 0x00, 0x50, 0x4c, 0x40, 0xcf, 0x50, 0x48, 0x48, 0xff,
    0x50, 0x48, 0x48, 0xff, 0x50, 0x4c, 0x40, 0xff, 0x50, 0x48, 0x48, 0x51,
    0x50, 0x48, 0x48, 0x7d, 0x50, 0x4c, 0x48, 0xff, 0x50, 0x4c, 0x48, 0xff,
    0x50, 0x48, 0x48, 0xff, 0x50, 0x48, 0x40, 0x8e, 0x00, 0x00, 0x00, 0x00,
    0x00, 0x00, 0x00, 0x00, 0x00, 0x00, 0x00, 0x00, 0x00, 0x00, 0x00, 0x00,
    0x00, 0x00, 0x00, 0x00, 0x00, 0x00, 0x00, 0x00, 0x00, 0x00, 0x00, 0x00,
    0x00, 0x00, 0x00, 0x00, 0x00, 0x00, 0x00, 0x00, 0x00, 0x00, 0x00, 0x00,
    0x00, 0x00, 0x00, 0x00, 0x00, 0x00, 0x00, 0x00, 0x00, 0x00, 0x00, 0x00,
    0x00, 0x00, 0x00, 0x00, 0x00, 0x00, 0x00, 0x00, 0x00, 0x00, 0x00, 0x00,
    0x00, 0x00, 0x00, 0x00, 0x40, 0x40, 0x40, 0x5d, 0x40, 0x40, 0x40, 0xff,
    0x40, 0x40, 0x40, 0xff, 0x40, 0x40, 0x40, 0xc3, 0x00, 0x00, 0x00, 0x00,
    0x00, 0x00, 0x00, 0x00, 0x00, 0x00, 0x00, 0x00, 0x50, 0x4c, 0x48, 0x00,
    0x00, 0x00, 0x00, 0x00, 0x00, 0x00, 0x00, 0x00, 0x40, 0x40, 0x40, 0xff,
    0x40, 0x40, 0x40, 0xff, 0x40, 0x40, 0x40, 0xff, 0x40, 0x44, 0x40, 0x0c,
    0x00, 0x00, 0x00, 0x00, 0x48, 0x48, 0x48, 0x0c, 0x40, 0x40, 0x40, 0xff,
    0x40, 0x40, 0x40, 0xff, 0x40, 0x40, 0x40, 0xff, 0x40, 0x40, 0x40, 0x5d,
    0x28, 0x28, 0x28, 0x04, 0x38, 0x3c, 0x38, 0x10, 0x40, 0x40, 0x40, 0x51,
    0x40, 0x40, 0x40, 0xba, 0x40, 0x40, 0x40, 0x69, 0x00, 0x00, 0x00, 0x00,
    0x00, 0x00, 0x00, 0x00, 0x40, 0x3c, 0x40, 0x55, 0x40, 0x40, 0x40, 0xff,
    0x40, 0x40, 0x40, 0xff, 0x40, 0x40, 0x40, 0xd3, 0x40, 0x40, 0x40, 0x45,
    0x40, 0x40, 0x40, 0x45, 0x40, 0x40, 0x40, 0x45, 0x40, 0x40, 0x40, 0x45,
    0x40, 0x40, 0x40, 0x41, 0x48, 0x44, 0x40, 0x18, 0x00, 0x00, 0x00, 0x00,
    0x00, 0x00, 0x00, 0x00, 0x40, 0x40, 0x40, 0xa2, 0x40, 0x40, 0x40, 0xff,
    0x40, 0x40, 0x40, 0xff, 0x40, 0x40, 0x40, 0xaa, 0x40, 0x40, 0x40, 0x30,
    0x40, 0x40, 0x40, 0x38, 0x40, 0x40, 0x40, 0x82, 0x40, 0x40, 0x40, 0xff,
    0x40, 0x40, 0x40, 0xff, 0x40, 0x40, 0x40, 0xff, 0x40, 0x40, 0x40, 0x8e,
    0x00, 0x00, 0x00, 0x00, 0x00, 0x00, 0x00, 0x00, 0x00, 0x00, 0x00, 0x00,
    0x00, 0x00, 0x00, 0x00, 0x00, 0x00, 0x00, 0x00, 0x00, 0x00, 0x00, 0x00,
    0x00, 0x00, 0x00, 0x00, 0x00, 0x00, 0x00, 0x00, 0x00, 0x00, 0x00, 0x00,
    0x00, 0x00, 0x00, 0x00, 0x00, 0x00, 0x00, 0x00, 0x00, 0x00, 0x00, 0x00,
    0x00, 0x00, 0x00, 0x00, 0x00, 0x00, 0x00, 0x00, 0x28, 0x28, 0x28, 0x41,
    0x30, 0x28, 0x28, 0xff, 0x28, 0x28, 0x28, 0xff, 0x30, 0x2c, 0x20, 0xff,
    0x30, 0x28, 0x28, 0xff, 0x28, 0x28, 0x28, 0xff, 0x30, 0x28, 0x28, 0xff,
    0x40, 0x40, 0x38, 0xff, 0x88, 0x7c, 0x78, 0xff, 0x80, 0x7c, 0x78, 0xff,
    0x80, 0x7c, 0x78, 0xff, 0x88, 0x7c, 0x78, 0xff, 0x70, 0x68, 0x60, 0xff,
    0x30, 0x28, 0x28, 0xff, 0x28, 0x28, 0x28, 0xff, 0x30, 0x28, 0x28, 0xff,
    0x30, 0x28, 0x28, 0xff, 0x28, 0x2c, 0x28, 0xff, 0x30, 0x28, 0x28, 0xff,
    0x70, 0x6c, 0x60, 0xff, 0x88, 0x7c, 0x78, 0xff, 0x88, 0x80, 0x70, 0xff,
    0x80, 0x7c, 0x78, 0xff, 0x88, 0x7c, 0x78, 0xff, 0x88, 0x7c, 0x78, 0xff,
    0x80, 0x7c, 0x78, 0xff, 0x88, 0x7c, 0x70, 0xff, 0x88, 0x7c, 0x78, 0xff,
    0x80, 0x7c, 0x70, 0xff, 0x58, 0x50, 0x48, 0xff, 0x28, 0x28, 0x28, 0xff,
    0x30, 0x28, 0x28, 0xff, 0x28, 0x28, 0x28, 0xff, 0x28, 0x28, 0x28, 0xff,
    0x68, 0x60, 0x58, 0xff, 0x88, 0x7c, 0x78, 0xff, 0x88, 0x7c, 0x78, 0xff,
    0x80, 0x7c, 0x78, 0xff, 0x88, 0x7c, 0x78, 0xff, 0x78, 0x70, 0x68, 0xff,
    0x28, 0x2c, 0x28, 0xff, 0x30, 0x28, 0x28, 0xff, 0x30, 0x28, 0x28, 0xff,
    0x28, 0x28, 0x28, 0xff, 0x30, 0x28, 0x28, 0xff, 0x30, 0x28, 0x28, 0xff,
    0x48, 0x44, 0x40, 0xff, 0x80, 0x80, 0x70, 0xff, 0x88, 0x7c, 0x78, 0xff,
    0x80, 0x7c, 0x78, 0xff, 0x88, 0x80, 0x78, 0xff, 0x88, 0x7c, 0x78, 0xff,
    0x28, 0x28, 0x28, 0xff, 0x30, 0x28, 0x28, 0xff, 0x30, 0x28, 0x28, 0xff,
    0x68, 0x64, 0x60, 0xff, 0x88, 0x7c, 0x78, 0xff, 0x80, 0x80, 0x78, 0xff,
    0x50, 0x4c, 0x48, 0xff, 0x30, 0x28, 0x28, 0xff, 0x30, 0x28, 0x28, 0xff,
    0x40, 0x40, 0x40, 0xff, 0x88, 0x7c, 0x78, 0xff, 0x88, 0x7c, 0x78, 0xff,
    0x80, 0x80, 0x70, 0xff, 0x88, 0x7c, 0x70, 0xff, 0x68, 0x64, 0x60, 0xff,
    0x28, 0x28, 0x28, 0xff, 0x30, 0x28, 0x20, 0xff, 0x28, 0x28, 0x28, 0xff,
    0x30, 0x2c, 0x28, 0xff, 0x58, 0x54, 0x50, 0xff, 0x88, 0x7c, 0x78, 0xff,
    0x88, 0x7c, 0x78, 0xff, 0x58, 0x50, 0x48, 0x65, 0x00, 0x00, 0x00, 0x00,
    0x00, 0x00, 0x00, 0x00, 0x00, 0x00, 0x00, 0x00, 0x00, 0x00, 0x00, 0x00,
    0x50, 0x4c, 0x48, 0x8e, 0x50, 0x4c, 0x48, 0xff, 0x50, 0x4c, 0x48, 0xff,
    0x50, 0x4c, 0x48, 0xff, 0x50, 0x48, 0x48, 0x6d, 0x50, 0x4c, 0x48, 0xae,
    0x50, 0x4c, 0x48, 0xff, 0x50, 0x4c, 0x48, 0xff, 0x50, 0x4c, 0x48, 0xff,
    0x50, 0x48, 0x48, 0x71, 0x00, 0x00, 0x00, 0x00, 0x00, 0x00, 0x00, 0x00,
    0x00, 0x00, 0x00, 0x00, 0x00, 0x00, 0x00, 0x00, 0x00, 0x00, 0x00, 0x00,
    0x00, 0x00, 0x00, 0x00, 0x00, 0x00, 0x00, 0x00, 0x00, 0x00, 0x00, 0x00,
    0x00, 0x00, 0x00, 0x00, 0x00, 0x00, 0x00, 0x00, 0x00, 0x00, 0x00, 0x00,
    0x00, 0x00, 0x00, 0x00, 0x00, 0x00, 0x00, 0x00, 0x00, 0x00, 0x00, 0x00,
    0x00, 0x00, 0x00, 0x00, 0x00, 0x00, 0x00, 0x00, 0x00, 0x00, 0x00, 0x00,
    0x40, 0x40, 0x40, 0x5d, 0x40, 0x40, 0x40, 0xff, 0x40, 0x40, 0x40, 0xff,
    0x40, 0x40, 0x40, 0xc3, 0x00, 0x00, 0x00, 0x00, 0x00, 0x00, 0x00, 0x00,
    0x50, 0x4c, 0x48, 0x04, 0x00, 0x00, 0x00, 0x00, 0x00, 0x00, 0x00, 0x00,
    0x00, 0x00, 0x00, 0x00, 0x40, 0x40, 0x40, 0xff, 0x40, 0x40, 0x40, 0xff,
    0x40, 0x40, 0x40, 0xff, 0x48, 0x44, 0x48, 0x0c, 0x00, 0x00, 0x00, 0x00,
    0x40, 0x40, 0x40, 0x41, 0x40, 0x40, 0x40, 0xff, 0x40, 0x40, 0x40, 0xff,
    0x40, 0x40, 0x40, 0xcb, 0x00, 0x00, 0x00, 0x00, 0x00, 0x00, 0x00, 0x00,
    0x00, 0x00, 0x00, 0x00, 0x00, 0x00, 0x00, 0x00, 0x00, 0x00, 0x00, 0x00,
    0x00, 0x00, 0x00, 0x00, 0x00, 0x00, 0x00, 0x00, 0x00, 0x00, 0x00, 0x00,
    0x40, 0x40, 0x40, 0x55, 0x40, 0x40, 0x40, 0xff, 0x40, 0x40, 0x40, 0xff,
    0x40, 0x40, 0x40, 0xd3, 0x00, 0x00, 0x00, 0x00, 0x00, 0x00, 0x00, 0x00,
    0x00, 0x00, 0x00, 0x00, 0x00, 0x00, 0x00, 0x00, 0x00, 0x00, 0x00, 0x00,
    0x00, 0x00, 0x00, 0x00, 0x00, 0x00, 0x00, 0x00, 0x00, 0x00, 0x00, 0x00,
    0x40, 0x3c, 0x40, 0x9e, 0x40, 0x40, 0x40, 0xff, 0x40, 0x40, 0x40, 0xff,
    0x40, 0x40, 0x40, 0x96, 0x00, 0x00, 0x00, 0x00, 0x00, 0x00, 0x00, 0x00,
    0x00, 0x00, 0x00, 0x00, 0x40, 0x3c, 0x40, 0x8e, 0x40, 0x40, 0x40, 0xff,
    0x40, 0x40, 0x40, 0xff, 0x40, 0x40, 0x40, 0xc3, 0x00, 0x00, 0x00, 0x00,
    0x00, 0x00, 0x00, 0x00, 0x00, 0x00, 0x00, 0x00, 0x00, 0x00, 0x00, 0x00,
    0x00, 0x00, 0x00, 0x00, 0x00, 0x00, 0x00, 0x00, 0x00, 0x00, 0x00, 0x00,
    0x00, 0x00, 0x00, 0x00, 0x00, 0x00, 0x00, 0x00, 0x00, 0x00, 0x00, 0x00,
    0x00, 0x00, 0x00, 0x00, 0x00, 0x00, 0x00, 0x00, 0x00, 0x00, 0x00, 0x00,
    0x00, 0x00, 0x00, 0x00, 0x30, 0x28, 0x20, 0x7d, 0x28, 0x28, 0x28, 0xff,
    0x30, 0x28, 0x28, 0xff, 0x28, 0x2c, 0x28, 0xff, 0x30, 0x28, 0x28, 0xff,
    0x28, 0x28, 0x28, 0xff, 0x30, 0x2c, 0x28, 0xff, 0x60, 0x58, 0x50, 0xff,
    0x80, 0x7c, 0x78, 0xff, 0x88, 0x80, 0x70, 0xff, 0x88, 0x7c, 0x78, 0xff,
    0x80, 0x80, 0x70, 0xff, 0x88, 0x7c, 0x78, 0xff, 0x38, 0x38, 0x30, 0xff,
    0x28, 0x28, 0x28, 0xff, 0x28, 0x28, 0x28, 0xff, 0x30, 0x2c, 0x28, 0xff,
    0x28, 0x28, 0x28, 0xff, 0x30, 0x28, 0x28, 0xff, 0x70, 0x6c, 0x60, 0xff,
    0x80, 0x7c, 0x78, 0xff, 0x88, 0x80, 0x78, 0xff, 0x58, 0x50, 0x48, 0xff,
    0x40, 0x40, 0x38, 0xff, 0x40, 0x40, 0x38, 0xff, 0x50, 0x50, 0x48, 0xff,
    0x78, 0x70, 0x68, 0xff, 0x88, 0x7c, 0x78, 0xff, 0x88, 0x7c, 0x78, 0xff,
    0x88, 0x7c, 0x78, 0xff, 0x48, 0x48, 0x40, 0xff, 0x30, 0x2c, 0x28, 0xff,
    0x30, 0x28, 0x28, 0xff, 0x28, 0x2c, 0x28, 0xff, 0x68, 0x60, 0x58, 0xff,
    0x88, 0x80, 0x78, 0xff, 0x80, 0x7c, 0x70, 0xff, 0x70, 0x68, 0x60, 0xff,
    0x80, 0x80, 0x78, 0xff, 0x88, 0x7c, 0x78, 0xff, 0x48, 0x44, 0x40, 0xff,
    0x28, 0x28, 0x28, 0xff, 0x28, 0x28, 0x28, 0xff, 0x30, 0x28, 0x28, 0xff,
    0x28, 0x2c, 0x28, 0xff, 0x28, 0x28, 0x28, 0xff, 0x68, 0x60, 0x58, 0xff,
    0x88, 0x7c, 0x78, 0xff, 0x80, 0x7c, 0x78, 0xff, 0x88, 0x80, 0x70, 0xff,
    0x80, 0x7c, 0x78, 0xff, 0x88, 0x7c, 0x78, 0xff, 0x30, 0x2c, 0x28, 0xff,
    0x28, 0x28, 0x20, 0xff, 0x28, 0x28, 0x28, 0xff, 0x68, 0x64, 0x58, 0xff,
    0x88, 0x7c, 0x78, 0xff, 0x88, 0x7c, 0x70, 0xff, 0x50, 0x50, 0x48, 0xff,
    0x28, 0x28, 0x28, 0xff, 0x30, 0x28, 0x28, 0xff, 0x48, 0x44, 0x38, 0xff,
    0x80, 0x7c, 0x78, 0xff, 0x88, 0x7c, 0x78, 0xff, 0x88, 0x7c, 0x78, 0xff,
    0x80, 0x7c, 0x78, 0xff, 0x88, 0x80, 0x78, 0xff, 0x48, 0x40, 0x38, 0xff,
    0x28, 0x28, 0x28, 0xff, 0x30, 0x2c, 0x28, 0xff, 0x28, 0x28, 0x28, 0xff,
    0x58, 0x54, 0x50, 0xff, 0x88, 0x7c, 0x78, 0xff, 0x80, 0x7c, 0x78, 0xff,
    0x48, 0x44, 0x38, 0xa6, 0x00, 0x00, 0x00, 0x00, 0x00, 0x00, 0x00, 0x00,
    0x00, 0x00, 0x00, 0x00, 0x00, 0x00, 0x00, 0x00, 0x50, 0x48, 0x40, 0x61,
    0x50, 0x4c, 0x48, 0xff, 0x50, 0x4c, 0x48, 0xff, 0x50, 0x4c, 0x48, 0xff,
    0x50, 0x4c, 0x48, 0x9e, 0x50, 0x4c, 0x48, 0xbe, 0x50, 0x4c, 0x48, 0xff,
    0x50, 0x48, 0x48, 0xff, 0x50, 0x4c, 0x48, 0xff, 0x50, 0x48, 0x40, 0x41,
    0x00, 0x00, 0x00, 0x00, 0x00, 0x00, 0x00, 0x00, 0x00, 0x00, 0x00, 0x00,
    0x00, 0x00, 0x00, 0x00, 0x00, 0x00, 0x00, 0x00, 0x00, 0x00, 0x00, 0x00,
    0x00, 0x00, 0x00, 0x00, 0x00, 0x00, 0x00, 0x00, 0x00, 0x00, 0x00, 0x00,
    0x00, 0x00, 0x00, 0x00, 0x00, 0x00, 0x00, 0x00, 0x00, 0x00, 0x00, 0x00,
    0x00, 0x00, 0x00, 0x00, 0x00, 0x00, 0x00, 0x00, 0x00, 0x00, 0x00, 0x00,
    0x00, 0x00, 0x00, 0x00, 0x00, 0x00, 0x00, 0x00, 0x40, 0x40, 0x40, 0x5d,
    0x40, 0x40, 0x40, 0xff, 0x40, 0x40, 0x40, 0xff, 0x40, 0x40, 0x40, 0xc3,
    0x00, 0x00, 0x00, 0x00, 0x00, 0x00, 0x00, 0x00, 0x50, 0x4c, 0x48, 0x04,
    0x00, 0x00, 0x00, 0x00, 0x00, 0x00, 0x00, 0x00, 0x00, 0x00, 0x00, 0x00,
    0x40, 0x40, 0x40, 0xff, 0x40, 0x40, 0x40, 0xff, 0x40, 0x40, 0x40, 0xff,
    0x48, 0x44, 0x40, 0x0c, 0x00, 0x00, 0x00, 0x00, 0x40, 0x3c, 0x40, 0x41,
    0x40, 0x40, 0x40, 0xff, 0x40, 0x40, 0x40, 0xff, 0x40, 0x40, 0x40, 0xff,
    0x40, 0x40, 0x40, 0x41, 0x00, 0x00, 0x00, 0x00, 0x00, 0x00, 0x00, 0x00,
    0x00, 0x00, 0x00, 0x00, 0x00, 0x00, 0x00, 0x00, 0x00, 0x00, 0x00, 0x00,
    0x00, 0x00, 0x00, 0x00, 0x00, 0x00, 0x00, 0x00, 0x40, 0x40, 0x40, 0x55,
    0x40, 0x40, 0x40, 0xff, 0x40, 0x40, 0x40, 0xff, 0x40, 0x40, 0x40, 0xd7,
    0x00, 0x00, 0x00, 0x00, 0x00, 0x00, 0x00, 0x00, 0x00, 0x00, 0x00, 0x00,
    0x00, 0x00, 0x00, 0x00, 0x00, 0x00, 0x00, 0x00, 0x00, 0x00, 0x00, 0x00,
    0x00, 0x00, 0x00, 0x00, 0x00, 0x00, 0x00, 0x00, 0x40, 0x40, 0x40, 0xa2,
    0x40, 0x40, 0x40, 0xff, 0x40, 0x40, 0x40, 0xff, 0x40, 0x3c, 0x40, 0x96,
    0x00, 0x00, 0x00, 0x00, 0x00, 0x00, 0x00, 0x00, 0x00, 0x00, 0x00, 0x00,
    0x40, 0x40, 0x40, 0x61, 0x40, 0x40, 0x40, 0xff, 0x40, 0x40, 0x40, 0xff,
    0x40, 0x40, 0x40, 0xc7, 0x00, 0x00, 0x00, 0x00, 0x00, 0x00, 0x00, 0x00,
    0x00, 0x00, 0x00, 0x00, 0x00, 0x00, 0x00, 0x00, 0x00, 0x00, 0x00, 0x00,
    0x00, 0x00, 0x00, 0x00, 0x00, 0x00, 0x00, 0x00, 0x00, 0x00, 0x00, 0x00,
    0x00, 0x00, 0x00, 0x00, 0x00, 0x00, 0x00, 0x00, 0x00, 0x00, 0x00, 0x00,
    0x00, 0x00, 0x00, 0x00, 0x00, 0x00, 0x00, 0x00, 0x00, 0x00, 0x00, 0x00,
    0x28, 0x28, 0x28, 0xbe, 0x30, 0x28, 0x28, 0xff, 0x28, 0x28, 0x28, 0xff,
    0x28, 0x28, 0x28, 0xff, 0x30, 0x2c, 0x28, 0xff, 0x28, 0x28, 0x28, 0xff,
    0x28, 0x28, 0x28, 0xff, 0x80, 0x74, 0x68, 0xff, 0x88, 0x7c, 0x78, 0xff,
    0x80, 0x7c, 0x78, 0xff, 0x80, 0x78, 0x70, 0xff, 0x88, 0x7c, 0x78, 0xff,
    0x88, 0x7c, 0x78, 0xff, 0x58, 0x50, 0x48, 0xff, 0x28, 0x2c, 0x28, 0xff,
    0x30, 0x28, 0x28, 0xff, 0x28, 0x28, 0x20, 0xff, 0x30, 0x28, 0x28, 0xff,
    0x28, 0x28, 0x28, 0xff, 0x70, 0x6c, 0x68, 0xff, 0x88, 0x7c, 0x78, 0xff,
    0x88, 0x7c, 0x78, 0xff, 0x40, 0x40, 0x38, 0xff, 0x28, 0x28, 0x28, 0xff,
    0x30, 0x28, 0x28, 0xff, 0x30, 0x28, 0x28, 0xff, 0x30, 0x2c, 0x28, 0xff,
    0x60, 0x60, 0x58, 0xff, 0x80, 0x7c, 0x78, 0xff, 0x88, 0x7c, 0x78, 0xff,
    0x78, 0x74, 0x68, 0xff, 0x30, 0x2c, 0x28, 0xff, 0x28, 0x28, 0x28, 0xff,
    0x30, 0x28, 0x28, 0xff, 0x68, 0x60, 0x58, 0xff, 0x80, 0x7c, 0x78, 0xff,
    0x88, 0x80, 0x78, 0xff, 0x58, 0x50, 0x48, 0xff, 0x80, 0x7c, 0x78, 0xff,
    0x88, 0x7c, 0x78, 0xff, 0x68, 0x60, 0x58, 0xff, 0x28, 0x28, 0x28, 0xff,
    0x30, 0x2c, 0x28, 0xff, 0x30, 0x28, 0x20, 0xff, 0x28, 0x28, 0x28, 0xff,
    0x38, 0x34, 0x30, 0xff, 0x88, 0x7c, 0x78, 0xff, 0x88, 0x7c, 0x78, 0xff,
    0x78, 0x78, 0x70, 0xff, 0x88, 0x7c, 0x70, 0xff, 0x88, 0x7c, 0x78, 0xff,
    0x80, 0x7c, 0x78, 0xff, 0x30, 0x2c, 0x28, 0xff, 0x28, 0x28, 0x28, 0xff,
    0x28, 0x28, 0x28, 0xff, 0x68, 0x64, 0x60, 0xff, 0x88, 0x7c, 0x78, 0xff,
    0x88, 0x7c, 0x78, 0xff, 0x50, 0x50, 0x48, 0xff, 0x28, 0x28, 0x28, 0xff,
    0x28, 0x28, 0x28, 0xff, 0x48, 0x44, 0x38, 0xff, 0x80, 0x7c, 0x78, 0xff,
    0x88, 0x7c, 0x78, 0xff, 0x78, 0x74, 0x68, 0xff, 0x88, 0x7c, 0x78, 0xff,
    0x88, 0x7c, 0x78, 0xff, 0x70, 0x68, 0x60, 0xff, 0x28, 0x28, 0x28, 0xff,
    0x30, 0x28, 0x28, 0xff, 0x30, 0x28, 0x28, 0xff, 0x58, 0x54, 0x50, 0xff,
    0x88, 0x80, 0x70, 0xff, 0x88, 0x7c, 0x78, 0xff, 0x40, 0x3c, 0x38, 0xbe,
    0x00, 0x00, 0x00, 0x00, 0x00, 0x00, 0x00, 0x00, 0x00, 0x00, 0x00, 0x00,
    0x00, 0x00, 0x00, 0x00, 0x50, 0x50, 0x40, 0x30, 0x50, 0x4c, 0x48, 0xff,
    0x50, 0x48, 0x48, 0xff, 0x50, 0x4c, 0x48, 0xff, 0x50, 0x48, 0x40, 0xcf,
    0x50, 0x48, 0x48, 0xdf, 0x50, 0x4c, 0x48, 0xff, 0x50, 0x4c, 0x48, 0xff,
    0x50, 0x4c, 0x48, 0xff, 0x50, 0x48, 0x48, 0x20, 0x00, 0x00, 0x00, 0x00,
    0x00, 0x00, 0x00, 0x00, 0x00, 0x00, 0x00, 0x00, 0x00, 0x00, 0x00, 0x00,
    0x00, 0x00, 0x00, 0x00, 0x00, 0x00, 0x00, 0x00, 0x00, 0x00, 0x00, 0x00,
    0x00, 0x00, 0x00, 0x00, 0x00, 0x00, 0x00, 0x00, 0x00, 0x00, 0x00, 0x00,
    0x00, 0x00, 0x00, 0x00, 0x00, 0x00, 0x00, 0x00, 0x00, 0x00, 0x00, 0x00,
    0x00, 0x00, 0x00, 0x00, 0x00, 0x00, 0x00, 0x00, 0x00, 0x00, 0x00, 0x00,
    0x00, 0x00, 0x00, 0x00, 0x40, 0x40, 0x40, 0x5d, 0x40, 0x40, 0x40, 0xff,
    0x40, 0x40, 0x40, 0xff, 0x40, 0x40, 0x40, 0xc3, 0x00, 0x00, 0x00, 0x00,
    0x00, 0x00, 0x00, 0x00, 0x50, 0x48, 0x40, 0x08, 0x00, 0x00, 0x00, 0x00,
    0x00, 0x00, 0x00, 0x00, 0x00, 0x00, 0x00, 0x00, 0x40, 0x40, 0x40, 0xff,
    0x40, 0x40, 0x40, 0xff, 0x40, 0x40, 0x40, 0xff, 0x40, 0x44, 0x48, 0x0c,
    0x00, 0x00, 0x00, 0x00, 0x48, 0x48, 0x48, 0x0c, 0x40, 0x40, 0x40, 0xff,
    0x40, 0x40, 0x40, 0xff, 0x40, 0x40, 0x40, 0xff, 0x40, 0x40, 0x40, 0xf7,
    0x40, 0x40, 0x40, 0x82, 0x40, 0x40, 0x40, 0x18, 0x00, 0x00, 0x00, 0x00,
    0x00, 0x00, 0x00, 0x00, 0x00, 0x00, 0x00, 0x00, 0x00, 0x00, 0x00, 0x00,
    0x00, 0x00, 0x00, 0x00, 0x40, 0x40, 0x40, 0x55, 0x40, 0x40, 0x40, 0xff,
    0x40, 0x40, 0x40, 0xff, 0x40, 0x40, 0x40, 0xd3, 0x48, 0x44, 0x40, 0x18,
    0x48, 0x44, 0x48, 0x18, 0x48, 0x44, 0x48, 0x18, 0x48, 0x44, 0x48, 0x18,
    0x40, 0x40, 0x40, 0x0c, 0x00, 0x00, 0x00, 0x00, 0x00, 0x00, 0x00, 0x00,
    0x00, 0x00, 0x00, 0x00, 0x40, 0x40, 0x40, 0x9e, 0x40, 0x40, 0x40, 0xff,
    0x40, 0x40, 0x40, 0xff, 0x40, 0x40, 0x40, 0x96, 0x00, 0x00, 0x00, 0x00,
    0x00, 0x00, 0x00, 0x00, 0x00, 0x00, 0x00, 0x00, 0x40, 0x40, 0x40, 0xae,
    0x40, 0x40, 0x40, 0xff, 0x40, 0x40, 0x40, 0xff, 0x40, 0x40, 0x40, 0x8a,
    0x00, 0x00, 0x00, 0x00, 0x00, 0x00, 0x00, 0x00, 0x00, 0x00, 0x00, 0x00,
    0x00, 0x00, 0x00, 0x00, 0x00, 0x00, 0x00, 0x00, 0x00, 0x00, 0x00, 0x00,
    0x00, 0x00, 0x00, 0x00, 0x00, 0x00, 0x00, 0x00, 0x00, 0x00, 0x00, 0x00,
    0x00, 0x00, 0x00, 0x00, 0x00, 0x00, 0x00, 0x00, 0x00, 0x00, 0x00, 0x00,
    0x00, 0x00, 0x00, 0x00, 0x00, 0x00, 0x00, 0x00, 0x30, 0x28, 0x28, 0xcf,
    0x28, 0x28, 0x28, 0xff, 0x30, 0x2c, 0x28, 0xff, 0x30, 0x28, 0x20, 0xff,
    0x28, 0x28, 0x28, 0xff, 0x30, 0x28, 0x28, 0xff, 0x48, 0x40, 0x38, 0xff,
    0x88, 0x80, 0x78, 0xff, 0x80, 0x7c, 0x78, 0xff, 0x68, 0x64, 0x58, 0xff,
    0x58, 0x54, 0x50, 0xff, 0x88, 0x7c, 0x78, 0xff, 0x80, 0x7c, 0x70, 0xff,
    0x70, 0x6c, 0x60, 0xff, 0x30, 0x28, 0x28, 0xff, 0x28, 0x28, 0x28, 0xff,
    0x30, 0x2c, 0x28, 0xff, 0x30, 0x28, 0x28, 0xff, 0x28, 0x2c, 0x28, 0xff,
    0x70, 0x6c, 0x60, 0xff, 0x88, 0x7c, 0x78, 0xff, 0x88, 0x7c, 0x78, 0xff,
    0x40, 0x40, 0x38, 0xff, 0x30, 0x28, 0x28, 0xff, 0x28, 0x28, 0x28, 0xff,
    0x28, 0x2c, 0x28, 0xff, 0x30, 0x28, 0x28, 0xff, 0x38, 0x34, 0x30, 0xff,
    0x80, 0x80, 0x78, 0xff, 0x88, 0x7c, 0x78, 0xff, 0x88, 0x7c, 0x78, 0xff,
    0x50, 0x4c, 0x48, 0xff, 0x28, 0x28, 0x28, 0xff, 0x28, 0x2c, 0x28, 0xff,
    0x68, 0x60, 0x58, 0xff, 0x88, 0x7c, 0x78, 0xff, 0x88, 0x7c, 0x78, 0xff,
    0x40, 0x3c, 0x38, 0xff, 0x80, 0x7c, 0x70, 0xff, 0x88, 0x7c, 0x78, 0xff,
    0x88, 0x7c, 0x70, 0xff, 0x30, 0x2c, 0x28, 0xff, 0x28, 0x28, 0x28, 0xff,
    0x28, 0x28, 0x28, 0xff, 0x30, 0x28, 0x28, 0xff, 0x50, 0x50, 0x48, 0xff,
    0x88, 0x7c, 0x70, 0xff, 0x80, 0x80, 0x78, 0xff, 0x48, 0x44, 0x40, 0xff,
    0x88, 0x7c, 0x78, 0xff, 0x80, 0x7c, 0x70, 0xff, 0x88, 0x7c, 0x78, 0xff,
    0x30, 0x28, 0x28, 0xff, 0x30, 0x28, 0x28, 0xff, 0x30, 0x2c, 0x28, 0xff,
    0x68, 0x64, 0x58, 0xff, 0x80, 0x7c, 0x78, 0xff, 0x88, 0x7c, 0x78, 0xff,
    0x50, 0x4c, 0x48, 0xff, 0x28, 0x28, 0x28, 0xff, 0x30, 0x28, 0x28, 0xff,
    0x48, 0x40, 0x40, 0xff, 0x88, 0x7c, 0x78, 0xff, 0x80, 0x80, 0x70, 0xff,
    0x58, 0x54, 0x50, 0xff, 0x80, 0x7c, 0x78, 0xff, 0x88, 0x7c, 0x70, 0xff,
    0x80, 0x80, 0x78, 0xff, 0x48, 0x44, 0x40, 0xff, 0x28, 0x28, 0x28, 0xff,
    0x30, 0x2c, 0x28, 0xff, 0x58, 0x54, 0x50, 0xff, 0x88, 0x7c, 0x78, 0xff,
    0x88, 0x7c, 0x78, 0xff, 0x38, 0x3c, 0x38, 0xe3, 0x00, 0x00, 0x00, 0x00,
    0x00, 0x00, 0x00, 0x00, 0x00, 0x00, 0x00, 0x00, 0x00, 0x00, 0x00, 0x00,
    0x50, 0x48, 0x48, 0x20, 0x50, 0x4c, 0x48, 0xff, 0x50, 0x4c, 0x48, 0xff,
    0x50, 0x4c, 0x48, 0xff, 0x50, 0x48, 0x48, 0xdf, 0x50, 0x4c, 0x48, 0xff,
    0x50, 0x4c, 0x48, 0xff, 0x50, 0x4c, 0x40, 0xff, 0x50, 0x4c, 0x48, 0xff,
    0x00, 0x00, 0x00, 0x00, 0x00, 0x00, 0x00, 0x00, 0x00, 0x00, 0x00, 0x00,
    0x00, 0x00, 0x00, 0x00, 0x00, 0x00, 0x00, 0x00, 0x00, 0x00, 0x00, 0x00,
    0x00, 0x00, 0x00, 0x00, 0x00, 0x00, 0x00, 0x00, 0x00, 0x00, 0x00, 0x00,
    0x00, 0x00, 0x00, 0x00, 0x00, 0x00, 0x00, 0x00, 0x00, 0x00, 0x00, 0x00,
    0x00, 0x00, 0x00, 0x00, 0x00, 0x00, 0x00, 0x00, 0x00, 0x00, 0x00, 0x00,
    0x00, 0x00, 0x00, 0x00, 0x00, 0x00, 0x00, 0x00, 0x00, 0x00, 0x00, 0x00,
    0x40, 0x3c, 0x40, 0x5d, 0x40, 0x40, 0x40, 0xff, 0x40, 0x40, 0x40, 0xff,
    0x40, 0x40, 0x40, 0xc3, 0x00, 0x00, 0x00, 0x00, 0x00, 0x00, 0x00, 0x00,
    0x50, 0x48, 0x48, 0x20, 0x50, 0x4c, 0x48, 0x08, 0x50, 0x4c, 0x48, 0x00,
    0x00, 0x00, 0x00, 0x00, 0x40, 0x40, 0x40, 0xff, 0x40, 0x40, 0x40, 0xff,
    0x40, 0x40, 0x40, 0xff, 0x48, 0x44, 0x40, 0x0c, 0x00, 0x00, 0x00, 0x00,
    0x00, 0x00, 0x00, 0x00, 0x40, 0x40, 0x40, 0x79, 0x40, 0x40, 0x40, 0xff,
    0x40, 0x40, 0x40, 0xff, 0x40, 0x40, 0x40, 0xff, 0x40, 0x40, 0x40, 0xff,
    0x40, 0x40, 0x40, 0xff, 0x40, 0x40, 0x40, 0x8a, 0x38, 0x38, 0x38, 0x14,
    0x00, 0x00, 0x00, 0x00, 0x00, 0x00, 0x00, 0x00, 0x00, 0x00, 0x00, 0x00,
    0x40, 0x3c, 0x40, 0x55, 0x40, 0x40, 0x40, 0xff, 0x40, 0x40, 0x40, 0xff,
    0x40, 0x40, 0x40, 0xff, 0x40, 0x40, 0x40, 0xff, 0x40, 0x40, 0x40, 0xff,
    0x40, 0x40, 0x40, 0xff, 0x40, 0x40, 0x40, 0xff, 0x40, 0x40, 0x40, 0xba,
    0x00, 0x00, 0x00, 0x00, 0x00, 0x00, 0x00, 0x00, 0x00, 0x00, 0x00, 0x00,
    0x40, 0x40, 0x40, 0xa2, 0x40, 0x40, 0x40, 0xff, 0x40, 0x40, 0x40, 0xff,
    0x40, 0x40, 0x40, 0xd3, 0x40, 0x40, 0x40, 0x86, 0x40, 0x40, 0x40, 0x96,
    0x40, 0x40, 0x40, 0xcb, 0x40, 0x40, 0x40, 0xff, 0x40, 0x40, 0x40, 0xff,
    0x40, 0x40, 0x40, 0xdf, 0x40, 0x40, 0x40, 0x18, 0x00, 0x00, 0x00, 0x00,
    0x00, 0x00, 0x00, 0x00, 0x00, 0x00, 0x00, 0x00, 0x00, 0x00, 0x00, 0x00,
    0x00, 0x00, 0x00, 0x00, 0x00, 0x00, 0x00, 0x00, 0x00, 0x00, 0x00, 0x00,
    0x00, 0x00, 0x00, 0x00, 0x00, 0x00, 0x00, 0x00, 0x00, 0x00, 0x00, 0x00,
    0x00, 0x00, 0x00, 0x00, 0x00, 0x00, 0x00, 0x00, 0x00, 0x00, 0x00, 0x00,
    0x00, 0x00, 0x00, 0x00, 0x28, 0x2c, 0x28, 0xef, 0x30, 0x28, 0x28, 0xff,
    0x28, 0x28, 0x28, 0xff, 0x30, 0x2c, 0x28, 0xff, 0x28, 0x28, 0x28, 0xff,
    0x28, 0x28, 0x28, 0xff, 0x60, 0x60, 0x58, 0xff, 0x88, 0x7c, 0x78, 0xff,
    0x88, 0x7c, 0x78, 0xff, 0x40, 0x3c, 0x38, 0xff, 0x30, 0x2c, 0x28, 0xff,
    0x80, 0x7c, 0x78, 0xff, 0x88, 0x7c, 0x78, 0xff, 0x88, 0x80, 0x78, 0xff,
    0x38, 0x38, 0x30, 0xff, 0x28, 0x28, 0x28, 0xff, 0x30, 0x28, 0x28, 0xff,
    0x28, 0x28, 0x28, 0xff, 0x30, 0x28, 0x28, 0xff, 0x70, 0x6c, 0x60, 0xff,
    0x88, 0x80, 0x78, 0xff, 0x88, 0x7c, 0x78, 0xff, 0x40, 0x40, 0x38, 0xff,
    0x30, 0x2c, 0x28, 0xff, 0x30, 0x28, 0x28, 0xff, 0x28, 0x28, 0x28, 0xff,
    0x28, 0x28, 0x28, 0xff, 0x30, 0x28, 0x28, 0xff, 0x60, 0x60, 0x58, 0xff,
    0x88, 0x7c, 0x78, 0xff, 0x88, 0x7c, 0x78, 0xff, 0x68, 0x64, 0x58, 0xff,
    0x28, 0x28, 0x28, 0xff, 0x30, 0x28, 0x28, 0xff, 0x68, 0x64, 0x58, 0xff,
    0x80, 0x7c, 0x78, 0xff, 0x80, 0x7c, 0x78, 0xff, 0x40, 0x3c, 0x38, 0xff,
    0x68, 0x60, 0x58, 0xff, 0x80, 0x7c, 0x78, 0xff, 0x88, 0x7c, 0x78, 0xff,
    0x58, 0x54, 0x48, 0xff, 0x28, 0x28, 0x28, 0xff, 0x30, 0x28, 0x28, 0xff,
    0x28, 0x2c, 0x28, 0xff, 0x80, 0x78, 0x68, 0xff, 0x88, 0x7c, 0x78, 0xff,
    0x80, 0x7c, 0x78, 0xff, 0x28, 0x28, 0x28, 0xff, 0x88, 0x7c, 0x78, 0xff,
    0x88, 0x80, 0x70, 0xff, 0x80, 0x7c, 0x78, 0xff, 0x28, 0x28, 0x28, 0xff,
    0x28, 0x2c, 0x28, 0xff, 0x30, 0x28, 0x28, 0xff, 0x68, 0x64, 0x58, 0xff,
    0x88, 0x7c, 0x78, 0xff, 0x88, 0x80, 0x78, 0xff, 0x50, 0x4c, 0x48, 0xff,
    0x28, 0x2c, 0x28, 0xff, 0x30, 0x28, 0x28, 0xff, 0x48, 0x40, 0x38, 0xff,
    0x80, 0x80, 0x78, 0xff, 0x88, 0x7c, 0x78, 0xff, 0x50, 0x50, 0x48, 0xff,
    0x60, 0x58, 0x50, 0xff, 0x88, 0x7c, 0x78, 0xff, 0x88, 0x7c, 0x78, 0xff,
    0x70, 0x6c, 0x68, 0xff, 0x30, 0x28, 0x28, 0xff, 0x28, 0x28, 0x28, 0xff,
    0x58, 0x54, 0x50, 0xff, 0x88, 0x7c, 0x78, 0xff, 0x80, 0x7c, 0x78, 0xff,
    0x40, 0x3c, 0x30, 0xf3, 0x00, 0x00, 0x00, 0x00, 0x00, 0x00, 0x00, 0x00,
    0x00, 0x00, 0x00, 0x00, 0x00, 0x00, 0x00, 0x00, 0x00, 0x00, 0x00, 0x00,
    0x50, 0x4c, 0x48, 0xff, 0x50, 0x4c, 0x48, 0xff, 0x50, 0x48, 0x48, 0xff,
    0x50, 0x4c, 0x48, 0xff, 0x50, 0x4c, 0x48, 0xff, 0x50, 0x48, 0x48, 0xff,
    0x50, 0x4c, 0x48, 0xff, 0x50, 0x4c, 0x48, 0xff, 0x00, 0x00, 0x00, 0x00,
    0x00, 0x00, 0x00, 0x00, 0x00, 0x00, 0x00, 0x00, 0x00, 0x00, 0x00, 0x00,
    0x00, 0x00, 0x00, 0x00, 0x00, 0x00, 0x00, 0x00, 0x00, 0x00, 0x00, 0x00,
    0x00, 0x00, 0x00, 0x00, 0x00, 0x00, 0x00, 0x00, 0x00, 0x00, 0x00, 0x00,
    0x00, 0x00, 0x00, 0x00, 0x00, 0x00, 0x00, 0x00, 0x00, 0x00, 0x00, 0x00,
    0x00, 0x00, 0x00, 0x00, 0x00, 0x00, 0x00, 0x00, 0x00, 0x00, 0x00, 0x00,
    0x00, 0x00, 0x00, 0x00, 0x00, 0x00, 0x00, 0x00, 0x40, 0x40, 0x38, 0x5d,
    0x40, 0x40, 0x40, 0xff, 0x40, 0x40, 0x40, 0xff, 0x40, 0x40, 0x40, 0xc3,
    0x00, 0x00, 0x00, 0x00, 0x00, 0x00, 0x00, 0x00, 0x50, 0x4c, 0x48, 0x00,
    0x00, 0x00, 0x00, 0x00, 0x00, 0x00, 0x00, 0x00, 0x00, 0x00, 0x00, 0x00,
    0x40, 0x40, 0x40, 0xff, 0x40, 0x40, 0x40, 0xff, 0x40, 0x40, 0x40, 0xff,
    0x40, 0x44, 0x48, 0x0c, 0x00, 0x00, 0x00, 0x00, 0x00, 0x00, 0x00, 0x00,
    0x00, 0x00, 0x00, 0x00, 0x40, 0x40, 0x40, 0x69, 0x40, 0x40, 0x40, 0xeb,
    0x40, 0x40, 0x40, 0xff, 0x40, 0x40, 0x40, 0xff, 0x40, 0x40, 0x40, 0xff,
    0x40, 0x40, 0x40, 0xff, 0x40, 0x40, 0x40, 0xd7, 0x40, 0x40, 0x40, 0x30,
    0x00, 0x00, 0x00, 0x00, 0x00, 0x00, 0x00, 0x00, 0x40, 0x40, 0x40, 0x55,
    0x40, 0x40, 0x40, 0xff, 0x40, 0x40, 0x40, 0xff, 0x40, 0x40, 0x40, 0xff,
    0x40, 0x40, 0x40, 0xff, 0x40, 0x40, 0x40, 0xff, 0x40, 0x40, 0x40, 0xff,
    0x40, 0x40, 0x40, 0xff, 0x40, 0x40, 0x40, 0xbe, 0x00, 0x00, 0x00, 0x00,
    0x00, 0x00, 0x00, 0x00, 0x00, 0x00, 0x00, 0x00, 0x40, 0x40, 0x40, 0x9e,
    0x40, 0x40, 0x40, 0xff, 0x40, 0x40, 0x40, 0xff, 0x40, 0x40, 0x40, 0xff,
    0x40, 0x40, 0x40, 0xff, 0x40, 0x40, 0x40, 0xff, 0x40, 0x40, 0x40, 0xff,
    0x40, 0x40, 0x40, 0xff, 0x40, 0x40, 0x40, 0xba, 0x40, 0x40, 0x40, 0x2c,
    0x00, 0x00, 0x00, 0x00, 0x00, 0x00, 0x00, 0x00, 0x00, 0x00, 0x00, 0x00,
    0x00, 0x00, 0x00, 0x00, 0x00, 0x00, 0x00, 0x00, 0x00, 0x00, 0x00, 0x00,
    0x00, 0x00, 0x00, 0x00, 0x00, 0x00, 0x00, 0x00, 0x00, 0x00, 0x00, 0x00,
    0x00, 0x00, 0x00, 0x00, 0x00, 0x00, 0x00, 0x00, 0x00, 0x00, 0x00, 0x00,
    0x00, 0x00, 0x00, 0x00, 0x00, 0x00, 0x00, 0x00, 0x00, 0x00, 0x00, 0x00,
    0x28, 0x28, 0x28, 0xff, 0x30, 0x28, 0x28, 0xff, 0x28, 0x28, 0x28, 0xff,
    0x30, 0x28, 0x28, 0xff, 0x30, 0x2c, 0x28, 0xff, 0x28, 0x28, 0x28, 0xff,
    0x80, 0x78, 0x70, 0xff, 0x88, 0x7c, 0x70, 0xff, 0x80, 0x7c, 0x78, 0xff,
    0x28, 0x28, 0x28, 0xff, 0x28, 0x28, 0x28, 0xff, 0x78, 0x74, 0x68, 0xff,
    0x88, 0x7c, 0x78, 0xff, 0x88, 0x7c, 0x78, 0xff, 0x58, 0x54, 0x50, 0xff,
    0x28, 0x28, 0x28, 0xff, 0x30, 0x28, 0x28, 0xff, 0x28, 0x2c, 0x28, 0xff,
    0x30, 0x28, 0x28, 0xff, 0x70, 0x6c, 0x68, 0xff, 0x88, 0x7c, 0x78, 0xff,
    0x88, 0x7c, 0x78, 0xff, 0x40, 0x40, 0x38, 0xff, 0x28, 0x28, 0x28, 0xff,
    0x30, 0x2c, 0x28, 0xff, 0x30, 0x28, 0x28, 0xff, 0x28, 0x28, 0x28, 0xff,
    0x30, 0x28, 0x28, 0xff, 0x58, 0x50, 0x48, 0xff, 0x80, 0x80, 0x78, 0xff,
    0x88, 0x7c, 0x70, 0xff, 0x68, 0x64, 0x60, 0xff, 0x30, 0x28, 0x28, 0xff,
    0x30, 0x28, 0x28, 0xff, 0x68, 0x60, 0x58, 0xff, 0x88, 0x7c, 0x78, 0xff,
    0x80, 0x7c, 0x70, 0xff, 0x40, 0x3c, 0x38, 0xff, 0x48, 0x40, 0x38, 0xff,
    0x80, 0x7c, 0x78, 0xff, 0x80, 0x7c, 0x78, 0xff, 0x78, 0x70, 0x68, 0xff,
    0x30, 0x2c, 0x28, 0xff, 0x28, 0x28, 0x28, 0xff, 0x40, 0x3c, 0x38, 0xff,
    0x88, 0x7c, 0x78, 0xff, 0x88, 0x7c, 0x78, 0xff, 0x68, 0x60, 0x58, 0xff,
    0x28, 0x28, 0x28, 0xff, 0x88, 0x7c, 0x70, 0xff, 0x88, 0x80, 0x78, 0xff,
    0x88, 0x7c, 0x78, 0xff, 0x30, 0x28, 0x28, 0xff, 0x28, 0x28, 0x20, 0xff,
    0x28, 0x28, 0x28, 0xff, 0x68, 0x64, 0x60, 0xff, 0x88, 0x7c, 0x78, 0xff,
    0x80, 0x7c, 0x70, 0xff, 0x50, 0x4c, 0x48, 0xff, 0x30, 0x2c, 0x28, 0xff,
    0x28, 0x28, 0x28, 0xff, 0x40, 0x40, 0x38, 0xff, 0x88, 0x7c, 0x78, 0xff,
    0x88, 0x7c, 0x78, 0xff, 0x58, 0x54, 0x50, 0xff, 0x30, 0x30, 0x30, 0xff,
    0x80, 0x7c, 0x70, 0xff, 0x88, 0x7c, 0x78, 0xff, 0x88, 0x7c, 0x70, 0xff,
    0x50, 0x48, 0x40, 0xff, 0x28, 0x2c, 0x28, 0xff, 0x58, 0x54, 0x50, 0xff,
    0x88, 0x7c, 0x70, 0xff, 0x88, 0x7c, 0x78, 0xff, 0x38, 0x38, 0x30, 0xff,
    0x00, 0x00, 0x00, 0x00, 0x00, 0x00, 0x00, 0x00, 0x00, 0x00, 0x00, 0x00,
    0x00, 0x00, 0x00, 0x00, 0x00, 0x00, 0x00, 0x00, 0x50, 0x4c, 0x48, 0xff,
    0x50, 0x48, 0x48, 0xff, 0x50, 0x4c, 0x48, 0xff, 0x50, 0x4c, 0x48, 0xff,
    0x50, 0x4c, 0x48, 0xff, 0x50, 0x48, 0x48, 0xff, 0x50, 0x4c, 0x48, 0xff,
    0x50, 0x4c, 0x48, 0xff, 0x00, 0x00, 0x00, 0x00, 0x00, 0x00, 0x00, 0x00,
    0x00, 0x00, 0x00, 0x00, 0x00, 0x00, 0x00, 0x00, 0x00, 0x00, 0x00, 0x00,
    0x00, 0x00, 0x00, 0x00, 0x00, 0x00, 0x00, 0x00, 0x00, 0x00, 0x00, 0x00,
    0x00, 0x00, 0x00, 0x00, 0x00, 0x00, 0x00, 0x00, 0x00, 0x00, 0x00, 0x00,
    0x00, 0x00, 0x00, 0x00, 0x00, 0x00, 0x00, 0x00, 0x00, 0x00, 0x00, 0x00,
    0x00, 0x00, 0x00, 0x00, 0x00, 0x00, 0x00, 0x00, 0x00, 0x00, 0x00, 0x00,
    0x00, 0x00, 0x00, 0x00, 0x40, 0x40, 0x40, 0x5d, 0x40, 0x40, 0x40, 0xff,
    0x40, 0x40, 0x40, 0xff, 0x40, 0x40, 0x40, 0xc3, 0x00, 0x00, 0x00, 0x00,
    0x00, 0x00, 0x00, 0x00, 0x00, 0x00, 0x00, 0x00, 0x00, 0x00, 0x00, 0x00,
    0x00, 0x00, 0x00, 0x00, 0x00, 0x00, 0x00, 0x00, 0x40, 0x40, 0x40, 0xff,
    0x40, 0x40, 0x40, 0xff, 0x40, 0x40, 0x40, 0xff, 0x48, 0x44, 0x40, 0x0c,
    0x00, 0x00, 0x00, 0x00, 0x00, 0x00, 0x00, 0x00, 0x00, 0x00, 0x00, 0x00,
    0x00, 0x00, 0x00, 0x00, 0x48, 0x4c, 0x48, 0x0c, 0x40, 0x40, 0x40, 0x7d,
    0x40, 0x40, 0x40, 0xf3, 0x40, 0x40, 0x40, 0xff, 0x40, 0x40, 0x40, 0xff,
    0x40, 0x40, 0x40, 0xff, 0x40, 0x40, 0x40, 0xbe, 0x00, 0x00, 0x00, 0x00,
    0x00, 0x00, 0x00, 0x00, 0x40, 0x40, 0x40, 0x55, 0x40, 0x40, 0x40, 0xff,
    0x40, 0x40, 0x40, 0xff, 0x40, 0x40, 0x40, 0xd3, 0x40, 0x40, 0x40, 0x5d,
    0x40, 0x40, 0x40, 0x5d, 0x40, 0x40, 0x40, 0x5d, 0x40, 0x40, 0x40, 0x55,
    0x40, 0x40, 0x40, 0x45, 0x00, 0x00, 0x00, 0x00, 0x00, 0x00, 0x00, 0x00,
    0x00, 0x00, 0x00, 0x00, 0x40, 0x40, 0x40, 0xa2, 0x40, 0x40, 0x40, 0xff,
    0x40, 0x40, 0x40, 0xff, 0x40, 0x40, 0x40, 0xe7, 0x40, 0x40, 0x40, 0xff,
    0x40, 0x40, 0x40, 0xff, 0x40, 0x40, 0x40, 0xff, 0x40, 0x40, 0x40, 0xff,
    0x40, 0x40, 0x40, 0xaa, 0x00, 0x00, 0x00, 0x00, 0x00, 0x00, 0x00, 0x00,
    0x00, 0x00, 0x00, 0x00, 0x00, 0x00, 0x00, 0x00, 0x00, 0x00, 0x00, 0x00,
    0x00, 0x00, 0x00, 0x00, 0x00, 0x00, 0x00, 0x00, 0x00, 0x00, 0x00, 0x00,
    0x00, 0x00, 0x00, 0x00, 0x00, 0x00, 0x00, 0x00, 0x00, 0x00, 0x00, 0x00,
    0x00, 0x00, 0x00, 0x00, 0x00, 0x00, 0x00, 0x00, 0x00, 0x00, 0x00, 0x00,
    0x00, 0x00, 0x00, 0x00, 0x00, 0x00, 0x00, 0x00, 0x30, 0x28, 0x28, 0xff,
    0x28, 0x28, 0x20, 0xff, 0x30, 0x28, 0x28, 0xff, 0x28, 0x28, 0x28, 0xff,
    0x30, 0x28, 0x20, 0xff, 0x48, 0x48, 0x40, 0xff, 0x88, 0x7c, 0x78, 0xff,
    0x88, 0x7c, 0x78, 0xff, 0x60, 0x5c, 0x58, 0xff, 0x30, 0x28, 0x28, 0xff,
    0x30, 0x28, 0x28, 0xff, 0x58, 0x50, 0x48, 0xff, 0x80, 0x7c, 0x78, 0xff,
    0x88, 0x7c, 0x78, 0xff, 0x78, 0x70, 0x68, 0xff, 0x28, 0x28, 0x28, 0xff,
    0x30, 0x28, 0x20, 0xff, 0x30, 0x2c, 0x28, 0xff, 0x28, 0x28, 0x28, 0xff,
    0x70, 0x6c, 0x60, 0xff, 0x88, 0x80, 0x78, 0xff, 0x88, 0x7c, 0x78, 0xff,
    0x40, 0x40, 0x38, 0xff, 0x28, 0x28, 0x28, 0xff, 0x30, 0x28, 0x28, 0xff,
    0x28, 0x2c, 0x28, 0xff, 0x28, 0x28, 0x28, 0xff, 0x30, 0x2c, 0x28, 0xff,
    0x50, 0x48, 0x48, 0xff, 0x80, 0x7c, 0x78, 0xff, 0x88, 0x80, 0x78, 0xff,
    0x70, 0x68, 0x60, 0xff, 0x28, 0x28, 0x28, 0xff, 0x28, 0x2c, 0x28, 0xff,
    0x68, 0x60, 0x58, 0xff, 0x88, 0x7c, 0x78, 0xff, 0x88, 0x7c, 0x78, 0xff,
    0x40, 0x3c, 0x38, 0xff, 0x28, 0x28, 0x28, 0xff, 0x80, 0x78, 0x70, 0xff,
    0x88, 0x7c, 0x78, 0xff, 0x88, 0x7c, 0x78, 0xff, 0x38, 0x34, 0x30, 0xff,
    0x28, 0x28, 0x28, 0xff, 0x68, 0x64, 0x58, 0xff, 0x88, 0x7c, 0x78, 0xff,
    0x80, 0x7c, 0x78, 0xff, 0x38, 0x3c, 0x30, 0xff, 0x30, 0x28, 0x28, 0xff,
    0x80, 0x7c, 0x78, 0xff, 0x80, 0x7c, 0x78, 0xff, 0x88, 0x80, 0x70, 0xff,
    0x30, 0x28, 0x28, 0xff, 0x28, 0x28, 0x28, 0xff, 0x30, 0x2c, 0x28, 0xff,
    0x68, 0x64, 0x60, 0xff, 0x88, 0x7c, 0x70, 0xff, 0x88, 0x7c, 0x78, 0xff,
    0x50, 0x4c, 0x48, 0xff, 0x30, 0x28, 0x28, 0xff, 0x28, 0x2c, 0x28, 0xff,
    0x48, 0x40, 0x40, 0xff, 0x88, 0x7c, 0x78, 0xff, 0x80, 0x80, 0x70, 0xff,
    0x58, 0x54, 0x50, 0xff, 0x30, 0x28, 0x28, 0xff, 0x58, 0x54, 0x50, 0xff,
    0x80, 0x7c, 0x78, 0xff, 0x88, 0x7c, 0x78, 0xff, 0x78, 0x70, 0x68, 0xff,
    0x28, 0x28, 0x28, 0xff, 0x58, 0x54, 0x50, 0xff, 0x88, 0x80, 0x78, 0xff,
    0x88, 0x7c, 0x78, 0xff, 0x38, 0x38, 0x38, 0xff, 0x00, 0x00, 0x00, 0x00,
    0x00, 0x00, 0x00, 0x00, 0x00, 0x00, 0x00, 0x00, 0x00, 0x00, 0x00, 0x00,
    0x00, 0x00, 0x00, 0x00, 0x50, 0x4c, 0x48, 0xff, 0x50, 0x4c, 0x48, 0xff,
    0x50, 0x4c, 0x40, 0xff, 0x50, 0x4c, 0x48, 0xff, 0x50, 0x4c, 0x48, 0xff,
    0x50, 0x4c, 0x48, 0xff, 0x50, 0x48, 0x48, 0xff, 0x50, 0x4c, 0x48, 0xff,
    0x00, 0x00, 0x00, 0x00, 0x00, 0x00, 0x00, 0x00, 0x00, 0x00, 0x00, 0x00,
    0x00, 0x00, 0x00, 0x00, 0x00, 0x00, 0x00, 0x00, 0x00, 0x00, 0x00, 0x00,
    0x00, 0x00, 0x00, 0x00, 0x00, 0x00, 0x00, 0x00, 0x00, 0x00, 0x00, 0x00,
    0x00, 0x00, 0x00, 0x00, 0x00, 0x00, 0x00, 0x00, 0x00, 0x00, 0x00, 0x00,
    0x00, 0x00, 0x00, 0x00, 0x00, 0x00, 0x00, 0x00, 0x00, 0x00, 0x00, 0x00,
    0x00, 0x00, 0x00, 0x00, 0x00, 0x00, 0x00, 0x00, 0x00, 0x00, 0x00, 0x00,
    0x40, 0x3c, 0x40, 0x59, 0x40, 0x40, 0x40, 0xff, 0x40, 0x40, 0x40, 0xff,
    0x40, 0x40, 0x40, 0xcb, 0x00, 0x00, 0x00, 0x00, 0x00, 0x00, 0x00, 0x00,
    0x00, 0x00, 0x00, 0x00, 0x00, 0x00, 0x00, 0x00, 0x00, 0x00, 0x00, 0x00,
    0x48, 0x48, 0x48, 0x08, 0x40, 0x40, 0x40, 0xff, 0x40, 0x40, 0x40, 0xff,
    0x40, 0x40, 0x40, 0xff, 0x48, 0x48, 0x48, 0x08, 0x00, 0x00, 0x00, 0x00,
    0x00, 0x00, 0x00, 0x00, 0x00, 0x00, 0x00, 0x00, 0x00, 0x00, 0x00, 0x00,
    0x00, 0x00, 0x00, 0x00, 0x00, 0x00, 0x00, 0x00, 0x38, 0x3c, 0x38, 0x10,
    0x40, 0x40, 0x40, 0xa6, 0x40, 0x40, 0x40, 0xff, 0x40, 0x40, 0x40, 0xff,
    0x40, 0x40, 0x40, 0xff, 0x40, 0x40, 0x40, 0x28, 0x00, 0x00, 0x00, 0x00,
    0x40, 0x40, 0x40, 0x55, 0x40, 0x40, 0x40, 0xff, 0x40, 0x40, 0x40, 0xff,
    0x40, 0x40, 0x40, 0xd3, 0x00, 0x00, 0x00, 0x00, 0x00, 0x00, 0x00, 0x00,
    0x00, 0x00, 0x00, 0x00, 0x00, 0x00, 0x00, 0x00, 0x00, 0x00, 0x00, 0x00,
    0x00, 0x00, 0x00, 0x00, 0x00, 0x00, 0x00, 0x00, 0x00, 0x00, 0x00, 0x00,
    0x40, 0x40, 0x40, 0x9e, 0x40, 0x40, 0x40, 0xff, 0x40, 0x40, 0x40, 0xff,
    0x40, 0x40, 0x40, 0x8e, 0x00, 0x00, 0x00, 0x00, 0x40, 0x40, 0x40, 0x30,
    0x40, 0x40, 0x40, 0xe7, 0x40, 0x40, 0x40, 0xff, 0x40, 0x40, 0x40, 0xff,
    0x40, 0x40, 0x40, 0x79, 0x00, 0x00, 0x00, 0x00, 0x00, 0x00, 0x00, 0x00,
    0x00, 0x00, 0x00, 0x00, 0x00, 0x00, 0x00, 0x00, 0x00, 0x00, 0x00, 0x00,
    0x00, 0x00, 0x00, 0x00, 0x00, 0x00, 0x00, 0x00, 0x00, 0x00, 0x00, 0x00,
    0x00, 0x00, 0x00, 0x00, 0x00, 0x00, 0x00, 0x00, 0x00, 0x00, 0x00, 0x00,
    0x00, 0x00, 0x00, 0x00, 0x00, 0x00, 0x00, 0x00, 0x00, 0x00, 0x00, 0x00,
    0x00, 0x00, 0x00, 0x00, 0x28, 0x2c, 0x28, 0xef, 0x30, 0x28, 0x28, 0xff,
    0x28, 0x2c, 0x28, 0xff, 0x28, 0x28, 0x28, 0xff, 0x30, 0x28, 0x28, 0xff,
    0x68, 0x60, 0x58, 0xff, 0x80, 0x80, 0x78, 0xff, 0x88, 0x7c, 0x70, 0xff,
    0x40, 0x3c, 0x38, 0xff, 0x28, 0x28, 0x28, 0xff, 0x30, 0x28, 0x28, 0xff,
    0x30, 0x2c, 0x28, 0xff, 0x80, 0x7c, 0x70, 0xff, 0x88, 0x7c, 0x78, 0xff,
    0x80, 0x7c, 0x70, 0xff, 0x40, 0x3c, 0x38, 0xff, 0x28, 0x28, 0x28, 0xff,
    0x30, 0x28, 0x28, 0xff, 0x28, 0x28, 0x28, 0xff, 0x70, 0x6c, 0x60, 0xff,
    0x88, 0x7c, 0x78, 0xff, 0x88, 0x80, 0x78, 0xff, 0x40, 0x40, 0x38, 0xff,
    0x30, 0x28, 0x28, 0xff, 0x30, 0x28, 0x28, 0xff, 0x28, 0x28, 0x28, 0xff,
    0x30, 0x28, 0x28, 0xff, 0x28, 0x28, 0x28, 0xff, 0x58, 0x54, 0x50, 0xff,
    0x88, 0x7c, 0x70, 0xff, 0x88, 0x7c, 0x78, 0xff, 0x68, 0x64, 0x60, 0xff,
    0x28, 0x28, 0x28, 0xff, 0x28, 0x28, 0x28, 0xff, 0x68, 0x64, 0x58, 0xff,
    0x80, 0x7c, 0x78, 0xff, 0x88, 0x7c, 0x78, 0xff, 0x40, 0x3c, 0x30, 0xff,
    0x28, 0x28, 0x28, 0xff, 0x60, 0x5c, 0x58, 0xff, 0x88, 0x7c, 0x70, 0xff,
    0x88, 0x7c, 0x78, 0xff, 0x60, 0x60, 0x58, 0xff, 0x30, 0x28, 0x28, 0xff,
    0x88, 0x7c, 0x78, 0xff, 0x88, 0x7c, 0x78, 0xff, 0x80, 0x7c, 0x70, 0xff,
    0x28, 0x28, 0x28, 0xff, 0x30, 0x28, 0x28, 0xff, 0x88, 0x7c, 0x78, 0xff,
    0x80, 0x7c, 0x78, 0xff, 0x88, 0x7c, 0x78, 0xff, 0x30, 0x2c, 0x28, 0xff,
    0x28, 0x28, 0x28, 0xff, 0x30, 0x28, 0x28, 0xff, 0x68, 0x64, 0x60, 0xff,
    0x80, 0x7c, 0x78, 0xff, 0x88, 0x80, 0x78, 0xff, 0x50, 0x4c, 0x48, 0xff,
    0x28, 0x28, 0x28, 0xff, 0x30, 0x28, 0x28, 0xff, 0x48, 0x44, 0x40, 0xff,
    0x80, 0x7c, 0x70, 0xff, 0x88, 0x7c, 0x78, 0xff, 0x58, 0x54, 0x50, 0xff,
    0x28, 0x28, 0x28, 0xff, 0x30, 0x2c, 0x28, 0xff, 0x78, 0x78, 0x68, 0xff,
    0x88, 0x7c, 0x78, 0xff, 0x88, 0x7c, 0x78, 0xff, 0x50, 0x4c, 0x48, 0xff,
    0x58, 0x54, 0x50, 0xff, 0x88, 0x7c, 0x78, 0xff, 0x88, 0x7c, 0x78, 0xff,
    0x40, 0x3c, 0x30, 0xf3, 0x00, 0x00, 0x00, 0x00, 0x00, 0x00, 0x00, 0x00,
    0x00, 0x00, 0x00, 0x00, 0x00, 0x00, 0x00, 0x00, 0x00, 0x00, 0x00, 0x00,
    0x50, 0x4c, 0x48, 0xff, 0x50, 0x48, 0x48, 0xff, 0x50, 0x4c, 0x48, 0xff,
    0x50, 0x4c, 0x48, 0xff, 0x50, 0x48, 0x48, 0xdf, 0x50, 0x4c, 0x48, 0xff,
    0x50, 0x4c, 0x40, 0xff, 0x50, 0x48, 0x48, 0xff, 0x50, 0x48, 0x48, 0x20,
    0x00, 0x00, 0x00, 0x00, 0x00, 0x00, 0x00, 0x00, 0x00, 0x00, 0x00, 0x00,
    0x00, 0x00, 0x00, 0x00, 0x00, 0x00, 0x00, 0x00, 0x00, 0x00, 0x00, 0x00,
    0x00, 0x00, 0x00, 0x00, 0x00, 0x00, 0x00, 0x00, 0x00, 0x00, 0x00, 0x00,
    0x00, 0x00, 0x00, 0x00, 0x00, 0x00, 0x00, 0x00, 0x00, 0x00, 0x00, 0x00,
    0x00, 0x00, 0x00, 0x00, 0x00, 0x00, 0x00, 0x00, 0x00, 0x00, 0x00, 0x00,
    0x00, 0x00, 0x00, 0x00, 0x00, 0x00, 0x00, 0x00, 0x40, 0x40, 0x40, 0x30,
    0x40, 0x40, 0x40, 0xff, 0x40, 0x40, 0x40, 0xff, 0x40, 0x40, 0x40, 0xe3,
    0x00, 0x00, 0x00, 0x00, 0x00, 0x00, 0x00, 0x00, 0x00, 0x00, 0x00, 0x00,
    0x00, 0x00, 0x00, 0x00, 0x00, 0x00, 0x00, 0x00, 0x40, 0x3c, 0x38, 0x30,
    0x40, 0x40, 0x40, 0xff, 0x40, 0x40, 0x40, 0xff, 0x40, 0x40, 0x40, 0xdb,
    0x00, 0x00, 0x00, 0x00, 0x00, 0x00, 0x00, 0x00, 0x00, 0x00, 0x00, 0x00,
    0x00, 0x00, 0x00, 0x00, 0x00, 0x00, 0x00, 0x00, 0x00, 0x00, 0x00, 0x00,
    0x00, 0x00, 0x00, 0x00, 0x00, 0x00, 0x00, 0x00, 0x48, 0x48, 0x48, 0x08,
    0x40, 0x40, 0x40, 0xfb, 0x40, 0x40, 0x40, 0xff, 0x40, 0x40, 0x40, 0xff,
    0x40, 0x40, 0x40, 0x51, 0x00, 0x00, 0x00, 0x00, 0x40, 0x40, 0x40, 0x55,
    0x40, 0x40, 0x40, 0xff, 0x40, 0x40, 0x40, 0xff, 0x40, 0x40, 0x40, 0xd3,
    0x00, 0x00, 0x00, 0x00, 0x00, 0x00, 0x00, 0x00, 0x00, 0x00, 0x00, 0x00,
    0x00, 0x00, 0x00, 0x00, 0x00, 0x00, 0x00, 0x00, 0x00, 0x00, 0x00, 0x00,
    0x00, 0x00, 0x00, 0x00, 0x00, 0x00, 0x00, 0x00, 0x40, 0x3c, 0x40, 0xa2,
    0x40, 0x40, 0x40, 0xff, 0x40, 0x40, 0x40, 0xff, 0x40, 0x40, 0x40, 0x86,
    0x00, 0x00, 0x00, 0x00, 0x00, 0x00, 0x00, 0x00, 0x40, 0x40, 0x40, 0x65,
    0x40, 0x40, 0x40, 0xff, 0x40, 0x40, 0x40, 0xff, 0x40, 0x40, 0x40, 0xef,
    0x48, 0x4c, 0x48, 0x0c, 0x00, 0x00, 0x00, 0x00, 0x00, 0x00, 0x00, 0x00,
    0x00, 0x00, 0x00, 0x00, 0x00, 0x00, 0x00, 0x00, 0x00, 0x00, 0x00, 0x00,
    0x00, 0x00, 0x00, 0x00, 0x00, 0x00, 0x00, 0x00, 0x00, 0x00, 0x00, 0x00,
    0x00, 0x00, 0x00, 0x00, 0x00, 0x00, 0x00, 0x00, 0x00, 0x00, 0x00, 0x00,
    0x00, 0x00, 0x00, 0x00, 0x00, 0x00, 0x00, 0x00, 0x00, 0x00, 0x00, 0x00,
    0x30, 0x28, 0x28, 0xdf, 0x30, 0x28, 0x28, 0xff, 0x28, 0x28, 0x28, 0xff,
    0x30, 0x2c, 0x28, 0xff, 0x30, 0x2c, 0x28, 0xff, 0x88, 0x7c, 0x78, 0xff,
    0x80, 0x7c, 0x78, 0xff, 0x88, 0x80, 0x78, 0xff, 0x88, 0x7c, 0x70, 0xff,
    0x80, 0x7c, 0x78, 0xff, 0x80, 0x80, 0x78, 0xff, 0x88, 0x7c, 0x70, 0xff,
    0x88, 0x7c, 0x78, 0xff, 0x80, 0x80, 0x78, 0xff, 0x88, 0x7c, 0x78, 0xff,
    0x58, 0x58, 0x50, 0xff, 0x30, 0x28, 0x28, 0xff, 0x28, 0x28, 0x28, 0xff,
    0x30, 0x2c, 0x28, 0xff, 0x70, 0x6c, 0x68, 0xff, 0x88, 0x7c, 0x78, 0xff,
    0x80, 0x7c, 0x78, 0xff, 0x40, 0x40, 0x38, 0xff, 0x30, 0x2c, 0x28, 0xff,
    0x28, 0x28, 0x28, 0xff, 0x30, 0x2c, 0x28, 0xff, 0x30, 0x28, 0x20, 0xff,
    0x28, 0x2c, 0x28, 0xff, 0x68, 0x60, 0x58, 0xff, 0x88, 0x7c, 0x78, 0xff,
    0x80, 0x7c, 0x78, 0xff, 0x60, 0x58, 0x50, 0xff, 0x30, 0x28, 0x28, 0xff,
    0x30, 0x28, 0x28, 0xff, 0x68, 0x64, 0x58, 0xff, 0x80, 0x7c, 0x78, 0xff,
    0x88, 0x7c, 0x78, 0xff, 0x40, 0x3c, 0x30, 0xff, 0x28, 0x28, 0x28, 0xff,
    0x40, 0x3c, 0x38, 0xff, 0x88, 0x7c, 0x78, 0xff, 0x80, 0x80, 0x78, 0xff,
    0x88, 0x7c, 0x78, 0xff, 0x58, 0x54, 0x48, 0xff, 0x80, 0x7c, 0x78, 0xff,
    0x88, 0x7c, 0x78, 0xff, 0x58, 0x50, 0x48, 0xff, 0x28, 0x28, 0x28, 0xff,
    0x30, 0x2c, 0x28, 0xff, 0x88, 0x80, 0x70, 0xff, 0x80, 0x7c, 0x78, 0xff,
    0x88, 0x7c, 0x78, 0xff, 0x28, 0x28, 0x28, 0xff, 0x28, 0x28, 0x20, 0xff,
    0x30, 0x28, 0x28, 0xff, 0x68, 0x64, 0x58, 0xff, 0x88, 0x7c, 0x78, 0xff,
    0x88, 0x7c, 0x78, 0xff, 0x50, 0x50, 0x48, 0xff, 0x28, 0x28, 0x28, 0xff,
    0x30, 0x28, 0x28, 0xff, 0x48, 0x40, 0x38, 0xff, 0x80, 0x7c, 0x78, 0xff,
    0x88, 0x7c, 0x78, 0xff, 0x58, 0x54, 0x48, 0xff, 0x30, 0x28, 0x28, 0xff,
    0x28, 0x28, 0x28, 0xff, 0x50, 0x50, 0x48, 0xff, 0x88, 0x7c, 0x78, 0xff,
    0x80, 0x7c, 0x78, 0xff, 0x78, 0x70, 0x68, 0xff, 0x58, 0x54, 0x50, 0xff,
    0x88, 0x7c, 0x78, 0xff, 0x80, 0x7c, 0x78, 0xff, 0x40, 0x3c, 0x38, 0xd7,
    0x00, 0x00, 0x00, 0x00, 0x00, 0x00, 0x00, 0x00, 0x00, 0x00, 0x00, 0x00,
    0x00, 0x00, 0x00, 0x00, 0x50, 0x48, 0x48, 0x20, 0x50, 0x4c, 0x48, 0xff,
    0x50, 0x48, 0x48, 0xff, 0x50, 0x4c, 0x48, 0xff, 0x50, 0x48, 0x48, 0xdf,
    0x50, 0x4c, 0x48, 0xcf, 0x50, 0x4c, 0x48, 0xff, 0x50, 0x4c, 0x48, 0xff,
    0x50, 0x4c, 0x48, 0xff, 0x50, 0x44, 0x40, 0x30, 0x00, 0x00, 0x00, 0x00,
    0x00, 0x00, 0x00, 0x00, 0x00, 0x00, 0x00, 0x00, 0x00, 0x00, 0x00, 0x00,
    0x00, 0x00, 0x00, 0x00, 0x00, 0x00, 0x00, 0x00, 0x00, 0x00, 0x00, 0x00,
    0x00, 0x00, 0x00, 0x00, 0x00, 0x00, 0x00, 0x00, 0x00, 0x00, 0x00, 0x00,
    0x00, 0x00, 0x00, 0x00, 0x00, 0x00, 0x00, 0x00, 0x00, 0x00, 0x00, 0x00,
    0x00, 0x00, 0x00, 0x00, 0x00, 0x00, 0x00, 0x00, 0x00, 0x00, 0x00, 0x00,
    0x00, 0x00, 0x00, 0x00, 0x40, 0x44, 0x40, 0x0c, 0x40, 0x40, 0x40, 0xff,
    0x40, 0x40, 0x40, 0xff, 0x40, 0x40, 0x40, 0xff, 0x40, 0x40, 0x40, 0x61,
    0x00, 0x00, 0x00, 0x00, 0x00, 0x00, 0x00, 0x00, 0x00, 0x00, 0x00, 0x00,
    0x00, 0x00, 0x00, 0x00, 0x40, 0x40, 0x40, 0xa6, 0x40, 0x40, 0x40, 0xff,
    0x40, 0x40, 0x40, 0xff, 0x40, 0x40, 0x40, 0xb2, 0x00, 0x00, 0x00, 0x00,
    0x00, 0x00, 0x00, 0x00, 0x40, 0x40, 0x40, 0x49, 0x40, 0x40, 0x40, 0x34,
    0x00, 0x00, 0x00, 0x00, 0x00, 0x00, 0x00, 0x00, 0x00, 0x00, 0x00, 0x00,
    0x00, 0x00, 0x00, 0x00, 0x40, 0x40, 0x40, 0x0c, 0x40, 0x40, 0x40, 0xff,
    0x40, 0x40, 0x40, 0xff, 0x40, 0x40, 0x40, 0xff, 0x40, 0x3c, 0x38, 0x18,
    0x00, 0x00, 0x00, 0x00, 0x40, 0x40, 0x40, 0x55, 0x40, 0x40, 0x40, 0xff,
    0x40, 0x40, 0x40, 0xff, 0x40, 0x3c, 0x40, 0xd3, 0x00, 0x00, 0x00, 0x00,
    0x00, 0x00, 0x00, 0x00, 0x00, 0x00, 0x00, 0x00, 0x00, 0x00, 0x00, 0x00,
    0x00, 0x00, 0x00, 0x00, 0x00, 0x00, 0x00, 0x00, 0x00, 0x00, 0x00, 0x00,
    0x00, 0x00, 0x00, 0x00, 0x40, 0x40, 0x40, 0x9e, 0x40, 0x40, 0x40, 0xff,
    0x40, 0x40, 0x40, 0xff, 0x40, 0x40, 0x40, 0x82, 0x00, 0x00, 0x00, 0x00,
    0x00, 0x00, 0x00, 0x00, 0x00, 0x00, 0x00, 0x00, 0x40, 0x40, 0x40, 0xe7,
    0x40, 0x40, 0x40, 0xff, 0x40, 0x40, 0x40, 0xff, 0x40, 0x40, 0x40, 0x6d,
    0x00, 0x00, 0x00, 0x00, 0x00, 0x00, 0x00, 0x00, 0x00, 0x00, 0x00, 0x00,
    0x00, 0x00, 0x00, 0x00, 0x00, 0x00, 0x00, 0x00, 0x00, 0x00, 0x00, 0x00,
    0x00, 0x00, 0x00, 0x00, 0x00, 0x00, 0x00, 0x00, 0x00, 0x00, 0x00, 0x00,
    0x00, 0x00, 0x00, 0x00, 0x00, 0x00, 0x00, 0x00, 0x00, 0x00, 0x00, 0x00,
    0x00, 0x00, 0x00, 0x00, 0x00, 0x00, 0x00, 0x00, 0x30, 0x28, 0x20, 0xae,
    0x28, 0x28, 0x28, 0xff, 0x30, 0x28, 0x28, 0xff, 0x28, 0x2c, 0x28, 0xff,
    0x50, 0x48, 0x40, 0xff, 0x88, 0x7c, 0x78, 0xff, 0x80, 0x7c, 0x78, 0xff,
    0x88, 0x7c, 0x78, 0xff, 0x88, 0x7c, 0x78, 0xff, 0x80, 0x7c, 0x70, 0xff,
    0x88, 0x80, 0x78, 0xff, 0x88, 0x7c, 0x78, 0xff, 0x80, 0x7c, 0x78, 0xff,
    0x88, 0x7c, 0x78, 0xff, 0x88, 0x7c, 0x70, 0xff, 0x78, 0x70, 0x68, 0xff,
    0x28, 0x2c, 0x28, 0xff, 0x30, 0x28, 0x28, 0xff, 0x28, 0x28, 0x28, 0xff,
    0x70, 0x6c, 0x60, 0xff, 0x88, 0x7c, 0x78, 0xff, 0x88, 0x7c, 0x78, 0xff,
    0x40, 0x40, 0x38, 0xff, 0x30, 0x28, 0x28, 0xff, 0x28, 0x28, 0x28, 0xff,
    0x28, 0x28, 0x28, 0xff, 0x30, 0x2c, 0x28, 0xff, 0x40, 0x38, 0x38, 0xff,
    0x88, 0x7c, 0x78, 0xff, 0x80, 0x80, 0x78, 0xff, 0x88, 0x80, 0x78, 0xff,
    0x48, 0x48, 0x40, 0xff, 0x28, 0x28, 0x28, 0xff, 0x30, 0x28, 0x28, 0xff,
    0x68, 0x60, 0x58, 0xff, 0x88, 0x7c, 0x78, 0xff, 0x80, 0x7c, 0x78, 0xff,
    0x40, 0x3c, 0x38, 0xff, 0x28, 0x28, 0x28, 0xff, 0x30, 0x28, 0x28, 0xff,
    0x78, 0x74, 0x68, 0xff, 0x80, 0x7c, 0x78, 0xff, 0x88, 0x7c, 0x78, 0xff,
    0x88, 0x7c, 0x70, 0xff, 0x80, 0x80, 0x78, 0xff, 0x88, 0x7c, 0x78, 0xff,
    0x38, 0x34, 0x30, 0xff, 0x28, 0x28, 0x28, 0xff, 0x28, 0x28, 0x28, 0xff,
    0x88, 0x7c, 0x70, 0xff, 0x88, 0x80, 0x78, 0xff, 0x88, 0x7c, 0x70, 0xff,
    0x30, 0x28, 0x28, 0xff, 0x28, 0x2c, 0x28, 0xff, 0x28, 0x28, 0x28, 0xff,
    0x68, 0x64, 0x58, 0xff, 0x88, 0x7c, 0x78, 0xff, 0x88, 0x7c, 0x78, 0xff,
    0x50, 0x4c, 0x48, 0xff, 0x28, 0x2c, 0x28, 0xff, 0x30, 0x28, 0x28, 0xff,
    0x48, 0x40, 0x40, 0xff, 0x80, 0x80, 0x78, 0xff, 0x88, 0x7c, 0x78, 0xff,
    0x58, 0x54, 0x50, 0xff, 0x30, 0x28, 0x28, 0xff, 0x30, 0x28, 0x28, 0xff,
    0x28, 0x28, 0x28, 0xff, 0x78, 0x70, 0x68, 0xff, 0x88, 0x7c, 0x70, 0xff,
    0x88, 0x7c, 0x78, 0xff, 0x78, 0x70, 0x68, 0xff, 0x80, 0x7c, 0x70, 0xff,
    0x88, 0x80, 0x78, 0xff, 0x40, 0x3c, 0x38, 0xcb, 0x00, 0x00, 0x00, 0x00,
    0x00, 0x00, 0x00, 0x00, 0x00, 0x00, 0x00, 0x00, 0x00, 0x00, 0x00, 0x00,
    0x50, 0x4c, 0x48, 0x41, 0x50, 0x4c, 0x48, 0xff, 0x50, 0x4c, 0x48, 0xff,
    0x50, 0x4c, 0x48, 0xff, 0x50, 0x4c, 0x48, 0xbe, 0x50, 0x4c, 0x48, 0x9e,
    0x50, 0x48, 0x48, 0xff, 0x50, 0x4c, 0x48, 0xff, 0x50, 0x4c, 0x48, 0xff,
    0x50, 0x4c, 0x48, 0x5d, 0x00, 0x00, 0x00, 0x00, 0x00, 0x00, 0x00, 0x00,
    0x00, 0x00, 0x00, 0x00, 0x00, 0x00, 0x00, 0x00, 0x00, 0x00, 0x00, 0x00,
    0x00, 0x00, 0x00, 0x00, 0x00, 0x00, 0x00, 0x00, 0x00, 0x00, 0x00, 0x00,
    0x00, 0x00, 0x00, 0x00, 0x00, 0x00, 0x00, 0x00, 0x00, 0x00, 0x00, 0x00,
    0x00, 0x00, 0x00, 0x00, 0x00, 0x00, 0x00, 0x00, 0x00, 0x00, 0x00, 0x00,
    0x00, 0x00, 0x00, 0x00, 0x00, 0x00, 0x00, 0x00, 0x00, 0x00, 0x00, 0x00,
    0x00, 0x00, 0x00, 0x00, 0x40, 0x40, 0x40, 0x9e, 0x40, 0x40, 0x40, 0xff,
    0x40, 0x40, 0x40, 0xff, 0x40, 0x40, 0x40, 0xff, 0x40, 0x40, 0x40, 0x92,
    0x40, 0x40, 0x40, 0x59, 0x40, 0x40, 0x40, 0x65, 0x40, 0x40, 0x40, 0xb6,
    0x40, 0x40, 0x40, 0xff, 0x40, 0x40, 0x40, 0xff, 0x40, 0x40, 0x40, 0xff,
    0x40, 0x40, 0x40, 0x41, 0x00, 0x00, 0x00, 0x00, 0x00, 0x00, 0x00, 0x00,
    0x40, 0x40, 0x40, 0x96, 0x40, 0x40, 0x40, 0xff, 0x40, 0x40, 0x40, 0xae,
    0x40, 0x40, 0x40, 0x5d, 0x40, 0x40, 0x40, 0x41, 0x40, 0x3c, 0x40, 0x4d,
    0x40, 0x40, 0x40, 0xb2, 0x40, 0x40, 0x40, 0xff, 0x40, 0x40, 0x40, 0xff,
    0x40, 0x40, 0x40, 0xcb, 0x00, 0x00, 0x00, 0x00, 0x00, 0x00, 0x00, 0x00,
    0x40, 0x40, 0x40, 0x55, 0x40, 0x40, 0x40, 0xff, 0x40, 0x40, 0x40, 0xff,
    0x40, 0x40, 0x40, 0xd3, 0x40, 0x40, 0x40, 0x82, 0x40, 0x40, 0x40, 0x79,
    0x40, 0x40, 0x40, 0x75, 0x40, 0x40, 0x40, 0x75, 0x40, 0x40, 0x40, 0x71,
    0x40, 0x40, 0x40, 0x51, 0x00, 0x00, 0x00, 0x00, 0x00, 0x00, 0x00, 0x00,
    0x40, 0x40, 0x40, 0xa2, 0x40, 0x40, 0x40, 0xff, 0x40, 0x40, 0x40, 0xff,
    0x40, 0x3c, 0x40, 0x82, 0x00, 0x00, 0x00, 0x00, 0x00, 0x00, 0x00, 0x00,
    0x00, 0x00, 0x00, 0x00, 0x40, 0x3c, 0x40, 0x86, 0x40, 0x40, 0x40, 0xff,
    0x40, 0x40, 0x40, 0xff, 0x40, 0x40, 0x40, 0xd7, 0x00, 0x00, 0x00, 0x00,
    0x00, 0x00, 0x00, 0x00, 0x00, 0x00, 0x00, 0x00, 0x00, 0x00, 0x00, 0x00,
    0x00, 0x00, 0x00, 0x00, 0x00, 0x00, 0x00, 0x00, 0x00, 0x00, 0x00, 0x00,
    0x00, 0x00, 0x00, 0x00, 0x00, 0x00, 0x00, 0x00, 0x00, 0x00, 0x00, 0x00,
    0x00, 0x00, 0x00, 0x00, 0x00, 0x00, 0x00, 0x00, 0x00, 0x00, 0x00, 0x00,
    0x00, 0x00, 0x00, 0x00, 0x28, 0x28, 0x28, 0x8e, 0x28, 0x28, 0x28, 0xff,
    0x30, 0x28, 0x28, 0xff, 0x28, 0x28, 0x28, 0xff, 0x68, 0x64, 0x60, 0xff,
    0x88, 0x80, 0x70, 0xff, 0x88, 0x80, 0x78, 0xff, 0x68, 0x68, 0x60, 0xff,
    0x60, 0x58, 0x50, 0xff, 0x60, 0x58, 0x50, 0xff, 0x60, 0x58, 0x50, 0xff,
    0x60, 0x58, 0x50, 0xff, 0x60, 0x58, 0x50, 0xff, 0x80, 0x80, 0x78, 0xff,
    0x88, 0x7c, 0x78, 0xff, 0x88, 0x7c, 0x78, 0xff, 0x40, 0x3c, 0x38, 0xff,
    0x30, 0x28, 0x28, 0xff, 0x30, 0x28, 0x28, 0xff, 0x70, 0x6c, 0x60, 0xff,
    0x88, 0x80, 0x78, 0xff, 0x88, 0x7c, 0x78, 0xff, 0x40, 0x40, 0x38, 0xff,
    0x30, 0x2c, 0x28, 0xff, 0x30, 0x28, 0x28, 0xff, 0x28, 0x28, 0x28, 0xff,
    0x38, 0x38, 0x30, 0xff, 0x70, 0x68, 0x60, 0xff, 0x80, 0x7c, 0x78, 0xff,
    0x88, 0x7c, 0x70, 0xff, 0x78, 0x70, 0x68, 0xff, 0x28, 0x28, 0x28, 0xff,
    0x28, 0x28, 0x28, 0xff, 0x30, 0x2c, 0x28, 0xff, 0x68, 0x60, 0x58, 0xff,
    0x80, 0x7c, 0x78, 0xff, 0x88, 0x80, 0x78, 0xff, 0x40, 0x3c, 0x30, 0xff,
    0x28, 0x28, 0x28, 0xff, 0x30, 0x28, 0x28, 0xff, 0x58, 0x58, 0x50, 0xff,
    0x88, 0x7c, 0x78, 0xff, 0x88, 0x7c, 0x78, 0xff, 0x80, 0x7c, 0x78, 0xff,
    0x88, 0x7c, 0x70, 0xff, 0x68, 0x64, 0x60, 0xff, 0x28, 0x28, 0x28, 0xff,
    0x30, 0x28, 0x28, 0xff, 0x28, 0x28, 0x28, 0xff, 0x88, 0x7c, 0x78, 0xff,
    0x80, 0x7c, 0x78, 0xff, 0x88, 0x80, 0x78, 0xff, 0x30, 0x28, 0x28, 0xff,
    0x28, 0x28, 0x28, 0xff, 0x30, 0x28, 0x28, 0xff, 0x68, 0x64, 0x58, 0xff,
    0x88, 0x7c, 0x78, 0xff, 0x80, 0x7c, 0x78, 0xff, 0x50, 0x4c, 0x48, 0xff,
    0x30, 0x28, 0x28, 0xff, 0x28, 0x2c, 0x28, 0xff, 0x48, 0x40, 0x38, 0xff,
    0x88, 0x7c, 0x78, 0xff, 0x80, 0x80, 0x70, 0xff, 0x58, 0x54, 0x50, 0xff,
    0x28, 0x28, 0x28, 0xff, 0x30, 0x28, 0x28, 0xff, 0x28, 0x2c, 0x28, 0xff,
    0x50, 0x48, 0x40, 0xff, 0x88, 0x7c, 0x78, 0xff, 0x80, 0x7c, 0x78, 0xff,
    0x88, 0x7c, 0x78, 0xff, 0x88, 0x80, 0x78, 0xff, 0x80, 0x7c, 0x78, 0xff,
    0x48, 0x44, 0x40, 0x96, 0x00, 0x00, 0x00, 0x00, 0x00, 0x00, 0x00, 0x00,
    0x00, 0x00, 0x00, 0x00, 0x00, 0x00, 0x00, 0x00, 0x50, 0x4c, 0x48, 0x6d,
    0x50, 0x4c, 0x48, 0xff, 0x50, 0x48, 0x40, 0xff, 0x50, 0x4c, 0x48, 0xff,
    0x50, 0x48, 0x48, 0xae, 0x50, 0x4c, 0x48, 0x6d, 0x50, 0x4c, 0x48, 0xff,
    0x50, 0x48, 0x48, 0xff, 0x50, 0x4c, 0x48, 0xff, 0x50, 0x48, 0x48, 0x8e,
    0x00, 0x00, 0x00, 0x00, 0x00, 0x00, 0x00, 0x00, 0x00, 0x00, 0x00, 0x00,
    0x00, 0x00, 0x00, 0x00, 0x00, 0x00, 0x00, 0x00, 0x00, 0x00, 0x00, 0x00,
    0x00, 0x00, 0x00, 0x00, 0x00, 0x00, 0x00, 0x00, 0x00, 0x00, 0x00, 0x00,
    0x00, 0x00, 0x00, 0x00, 0x00, 0x00, 0x00, 0x00, 0x00, 0x00, 0x00, 0x00,
    0x00, 0x00, 0x00, 0x00, 0x00, 0x00, 0x00, 0x00, 0x00, 0x00, 0x00, 0x00,
    0x00, 0x00, 0x00, 0x00, 0x00, 0x00, 0x00, 0x00, 0x00, 0x00, 0x00, 0x00,
    0x38, 0x38, 0x38, 0x10, 0x40, 0x40, 0x40, 0xeb, 0x40, 0x40, 0x40, 0xff,
    0x40, 0x40, 0x40, 0xff, 0x40, 0x40, 0x40, 0xff, 0x40, 0x40, 0x40, 0xff,
    0x40, 0x40, 0x40, 0xff, 0x40, 0x40, 0x40, 0xff, 0x40, 0x40, 0x40, 0xff,
    0x40, 0x40, 0x40, 0xff, 0x40, 0x40, 0x40, 0x8e, 0x00, 0x00, 0x00, 0x00,
    0x00, 0x00, 0x00, 0x00, 0x00, 0x00, 0x00, 0x00, 0x40, 0x40, 0x40, 0x86,
    0x40, 0x40, 0x40, 0xff, 0x40, 0x40, 0x40, 0xff, 0x40, 0x40, 0x40, 0xff,
    0x40, 0x40, 0x40, 0xff, 0x40, 0x40, 0x40, 0xff, 0x40, 0x40, 0x40, 0xff,
    0x40, 0x40, 0x40, 0xff, 0x40, 0x40, 0x40, 0xf7, 0x40, 0x40, 0x40, 0x2c,
    0x00, 0x00, 0x00, 0x00, 0x00, 0x00, 0x00, 0x00, 0x40, 0x3c, 0x40, 0x55,
    0x40, 0x40, 0x40, 0xff, 0x40, 0x40, 0x40, 0xff, 0x40, 0x40, 0x40, 0xff,
    0x40, 0x40, 0x40, 0xff, 0x40, 0x40, 0x40, 0xff, 0x40, 0x40, 0x40, 0xff,
    0x40, 0x40, 0x40, 0xff, 0x40, 0x40, 0x40, 0xff, 0x40, 0x40, 0x40, 0xa2,
    0x00, 0x00, 0x00, 0x00, 0x00, 0x00, 0x00, 0x00, 0x40, 0x40, 0x40, 0x9e,
    0x40, 0x40, 0x40, 0xff, 0x40, 0x40, 0x40, 0xff, 0x40, 0x40, 0x40, 0x82,
    0x00, 0x00, 0x00, 0x00, 0x00, 0x00, 0x00, 0x00, 0x00, 0x00, 0x00, 0x00,
    0x40, 0x40, 0x40, 0x28, 0x40, 0x40, 0x40, 0xff, 0x40, 0x40, 0x40, 0xff,
    0x40, 0x40, 0x40, 0xff, 0x40, 0x40, 0x40, 0x51, 0x00, 0x00, 0x00, 0x00,
    0x00, 0x00, 0x00, 0x00, 0x00, 0x00, 0x00, 0x00, 0x00, 0x00, 0x00, 0x00,
    0x00, 0x00, 0x00, 0x00, 0x00, 0x00, 0x00, 0x00, 0x00, 0x00, 0x00, 0x00,
    0x00, 0x00, 0x00, 0x00, 0x00, 0x00, 0x00, 0x00, 0x00, 0x00, 0x00, 0x00,
    0x00, 0x00, 0x00, 0x00, 0x00, 0x00, 0x00, 0x00, 0x00, 0x00, 0x00, 0x00,
    0x30, 0x28, 0x28, 0x41, 0x30, 0x28, 0x28, 0xff, 0x28, 0x2c, 0x28, 0xff,
    0x38, 0x34, 0x30, 0xff, 0x88, 0x7c, 0x70, 0xff, 0x80, 0x7c, 0x78, 0xff,
    0x88, 0x7c, 0x78, 0xff, 0x28, 0x28, 0x28, 0xff, 0x28, 0x28, 0x28, 0xff,
    0x28, 0x2c, 0x28, 0xff, 0x28, 0x28, 0x28, 0xff, 0x28, 0x28, 0x28, 0xff,
    0x30, 0x2c, 0x28, 0xff, 0x70, 0x68, 0x60, 0xff, 0x80, 0x7c, 0x78, 0xff,
    0x88, 0x7c, 0x78, 0xff, 0x60, 0x58, 0x50, 0xff, 0x28, 0x2c, 0x28, 0xff,
    0x28, 0x28, 0x28, 0xff, 0x70, 0x6c, 0x68, 0xff, 0x88, 0x7c, 0x78, 0xff,
    0x88, 0x7c, 0x78, 0xff, 0x60, 0x5c, 0x58, 0xff, 0x50, 0x50, 0x48, 0xff,
    0x58, 0x58, 0x50, 0xff, 0x68, 0x64, 0x58, 0xff, 0x88, 0x7c, 0x78, 0xff,
    0x80, 0x7c, 0x78, 0xff, 0x88, 0x7c, 0x70, 0xff, 0x88, 0x7c, 0x78, 0xff,
    0x48, 0x40, 0x38, 0xff, 0x28, 0x28, 0x28, 0xff, 0x30, 0x28, 0x28, 0xff,
    0x28, 0x2c, 0x28, 0xff, 0x68, 0x60, 0x58, 0xff, 0x88, 0x7c, 0x78, 0xff,
    0x88, 0x7c, 0x78, 0xff, 0x40, 0x3c, 0x30, 0xff, 0x28, 0x28, 0x28, 0xff,
    0x28, 0x28, 0x28, 0xff, 0x40, 0x3c, 0x38, 0xff, 0x88, 0x7c, 0x70, 0xff,
    0x80, 0x80, 0x78, 0xff, 0x88, 0x80, 0x78, 0xff, 0x88, 0x7c, 0x78, 0xff,
    0x50, 0x48, 0x40, 0xff, 0x28, 0x2c, 0x28, 0xff, 0x30, 0x2c, 0x28, 0xff,
    0x30, 0x28, 0x28, 0xff, 0x80, 0x7c, 0x70, 0xff, 0x88, 0x7c, 0x78, 0xff,
    0x80, 0x7c, 0x78, 0xff, 0x30, 0x2c, 0x28, 0xff, 0x28, 0x28, 0x28, 0xff,
    0x30, 0x28, 0x28, 0xff, 0x68, 0x64, 0x58, 0xff, 0x88, 0x7c, 0x78, 0xff,
    0x88, 0x7c, 0x78, 0xff, 0x50, 0x50, 0x48, 0xff, 0x28, 0x28, 0x28, 0xff,
    0x30, 0x28, 0x28, 0xff, 0x40, 0x40, 0x38, 0xff, 0x88, 0x7c, 0x78, 0xff,
    0x88, 0x7c, 0x78, 0xff, 0x58, 0x54, 0x50, 0xff, 0x28, 0x28, 0x28, 0xff,
    0x30, 0x28, 0x28, 0xff, 0x28, 0x28, 0x28, 0xff, 0x28, 0x2c, 0x28, 0xff,
    0x70, 0x6c, 0x60, 0xff, 0x88, 0x7c, 0x78, 0xff, 0x80, 0x7c, 0x78, 0xff,
    0x88, 0x7c, 0x70, 0xff, 0x88, 0x7c, 0x78, 0xff, 0x58, 0x54, 0x48, 0x65,
    0x00, 0x00, 0x00, 0x00, 0x00, 0x00, 0x00, 0x00, 0x00, 0x00, 0x00, 0x00,
    0x00, 0x00, 0x00, 0x00, 0x50, 0x4c, 0x48, 0x8e, 0x50, 0x4c, 0x48, 0xff,
    0x50, 0x4c, 0x48, 0xff, 0x50, 0x4c, 0x48, 0xff, 0x50, 0x48, 0x40, 0x82,
    0x50, 0x4c, 0x48, 0x51, 0x50, 0x4c, 0x48, 0xff, 0x50, 0x4c, 0x40, 0xff,
    0x50, 0x4c, 0x48, 0xff, 0x50, 0x48, 0x40, 0xcf, 0x00, 0x00, 0x00, 0x00,
    0x00, 0x00, 0x00, 0x00, 0x00, 0x00, 0x00, 0x00, 0x00, 0x00, 0x00, 0x00,
    0x00, 0x00, 0x00, 0x00, 0x00, 0x00, 0x00, 0x00, 0x00, 0x00, 0x00, 0x00,
    0x00, 0x00, 0x00, 0x00, 0x00, 0x00, 0x00, 0x00, 0x00, 0x00, 0x00, 0x00,
    0x00, 0x00, 0x00, 0x00, 0x00, 0x00, 0x00, 0x00, 0x00, 0x00, 0x00, 0x00,
    0x00, 0x00, 0x00, 0x00, 0x00, 0x00, 0x00, 0x00, 0x00, 0x00, 0x00, 0x00,
    0x00, 0x00, 0x00, 0x00, 0x00, 0x00, 0x00, 0x00, 0x00, 0x00, 0x00, 0x00,
    0x40, 0x40, 0x40, 0x0c, 0x40, 0x40, 0x40, 0x86, 0x40, 0x40, 0x40, 0xef,
    0x40, 0x40, 0x40, 0xff, 0x40, 0x40, 0x40, 0xff, 0x40, 0x40, 0x40, 0xff,
    0x40, 0x40, 0x40, 0xff, 0x40, 0x40, 0x40, 0xdb, 0x40, 0x3c, 0x40, 0x49,
    0x00, 0x00, 0x00, 0x00, 0x00, 0x00, 0x00, 0x00, 0x00, 0x00, 0x00, 0x00,
    0x00, 0x00, 0x00, 0x00, 0x38, 0x3c, 0x38, 0x10, 0x40, 0x40, 0x40, 0x92,
    0x40, 0x40, 0x40, 0xf3, 0x40, 0x40, 0x40, 0xff, 0x40, 0x40, 0x40, 0xff,
    0x40, 0x40, 0x40, 0xff, 0x40, 0x40, 0x40, 0xfb, 0x40, 0x40, 0x40, 0x9e,
    0x40, 0x3c, 0x40, 0x28, 0x00, 0x00, 0x00, 0x00, 0x00, 0x00, 0x00, 0x00,
    0x00, 0x00, 0x00, 0x00, 0x40, 0x40, 0x40, 0x34, 0x40, 0x40, 0x40, 0xff,
    0x40, 0x40, 0x40, 0xff, 0x40, 0x40, 0x40, 0xff, 0x40, 0x40, 0x40, 0xff,
    0x40, 0x40, 0x40, 0xff, 0x40, 0x40, 0x40, 0xff, 0x40, 0x40, 0x40, 0xff,
    0x40, 0x40, 0x40, 0xff, 0x40, 0x40, 0x40, 0x9a, 0x00, 0x00, 0x00, 0x00,
    0x00, 0x00, 0x00, 0x00, 0x40, 0x40, 0x40, 0x9e, 0x40, 0x40, 0x40, 0xff,
    0x40, 0x40, 0x40, 0xff, 0x40, 0x40, 0x40, 0x7d, 0x00, 0x00, 0x00, 0x00,
    0x00, 0x00, 0x00, 0x00, 0x00, 0x00, 0x00, 0x00, 0x00, 0x00, 0x00, 0x00,
    0x40, 0x40, 0x40, 0xb2, 0x40, 0x40, 0x40, 0xff, 0x40, 0x40, 0x40, 0xff,
    0x40, 0x40, 0x40, 0xa2, 0x00, 0x00, 0x00, 0x00, 0x00, 0x00, 0x00, 0x00,
    0x00, 0x00, 0x00, 0x00, 0x00, 0x00, 0x00, 0x00, 0x00, 0x00, 0x00, 0x00,
    0x00, 0x00, 0x00, 0x00, 0x00, 0x00, 0x00, 0x00, 0x00, 0x00, 0x00, 0x00,
    0x00, 0x00, 0x00, 0x00, 0x00, 0x00, 0x00, 0x00, 0x00, 0x00, 0x00, 0x00,
    0x00, 0x00, 0x00, 0x00, 0x00, 0x00, 0x00, 0x00, 0x30, 0x30, 0x30, 0x10,
    0x28, 0x2c, 0x28, 0xef, 0x30, 0x28, 0x28, 0xff, 0x50, 0x4c, 0x48, 0xff,
    0x88, 0x7c, 0x78, 0xff, 0x88, 0x7c, 0x78, 0xff, 0x60, 0x5c, 0x58, 0xff,
    0x30, 0x28, 0x28, 0xff, 0x30, 0x2c, 0x28, 0xff, 0x30, 0x28, 0x28, 0xff,
    0x28, 0x28, 0x28, 0xff, 0x30, 0x28, 0x28, 0xff, 0x28, 0x28, 0x28, 0xff,
    0x50, 0x4c, 0x48, 0xff, 0x88, 0x7c, 0x70, 0xff, 0x80, 0x7c, 0x78, 0xff,
    0x78, 0x74, 0x68, 0xff, 0x30, 0x2c, 0x28, 0xff, 0x30, 0x28, 0x28, 0xff,
    0x70, 0x6c, 0x60, 0xff, 0x88, 0x80, 0x78, 0xff, 0x88, 0x7c, 0x78, 0xff,
    0x80, 0x7c, 0x78, 0xff, 0x88, 0x7c, 0x78, 0xff, 0x88, 0x7c, 0x78, 0xff,
    0x88, 0x7c, 0x78, 0xff, 0x88, 0x7c, 0x78, 0xff, 0x80, 0x7c, 0x78, 0xff,
    0x80, 0x78, 0x70, 0xff, 0x48, 0x48, 0x40, 0xff, 0x28, 0x28, 0x28, 0xff,
    0x30, 0x28, 0x28, 0xff, 0x30, 0x28, 0x28, 0xff, 0x28, 0x28, 0x28, 0xff,
    0x68, 0x64, 0x58, 0xff, 0x80, 0x7c, 0x78, 0xff, 0x80, 0x7c, 0x78, 0xff,
    0x40, 0x3c, 0x38, 0xff, 0x30, 0x28, 0x28, 0xff, 0x28, 0x28, 0x28, 0xff,
    0x30, 0x28, 0x28, 0xff, 0x70, 0x6c, 0x68, 0xff, 0x88, 0x7c, 0x78, 0xff,
    0x80, 0x7c, 0x78, 0xff, 0x88, 0x7c, 0x78, 0xff, 0x30, 0x2c, 0x28, 0xff,
    0x28, 0x28, 0x28, 0xff, 0x30, 0x28, 0x28, 0xff, 0x28, 0x2c, 0x28, 0xff,
    0x80, 0x7c, 0x70, 0xff, 0x88, 0x7c, 0x78, 0xff, 0x88, 0x7c, 0x70, 0xff,
    0x28, 0x28, 0x28, 0xff, 0x30, 0x28, 0x28, 0xff, 0x28, 0x28, 0x28, 0xff,
    0x68, 0x64, 0x58, 0xff, 0x88, 0x7c, 0x78, 0xff, 0x88, 0x7c, 0x78, 0xff,
    0x50, 0x50, 0x48, 0xff, 0x30, 0x28, 0x28, 0xff, 0x28, 0x28, 0x28, 0xff,
    0x48, 0x44, 0x40, 0xff, 0x88, 0x7c, 0x78, 0xff, 0x88, 0x7c, 0x78, 0xff,
    0x58, 0x54, 0x50, 0xff, 0x30, 0x28, 0x20, 0xff, 0x28, 0x28, 0x28, 0xff,
    0x30, 0x28, 0x28, 0xff, 0x30, 0x28, 0x28, 0xff, 0x48, 0x44, 0x40, 0xff,
    0x88, 0x80, 0x78, 0xff, 0x80, 0x7c, 0x70, 0xff, 0x80, 0x7c, 0x78, 0xff,
    0x88, 0x7c, 0x78, 0xff, 0x80, 0x80, 0x70, 0x30, 0x00, 0x00, 0x00, 0x00,
    0x00, 0x00, 0x00, 0x00, 0x00, 0x00, 0x00, 0x00, 0x00, 0x00, 0x00, 0x00,
    0x50, 0x4c, 0x48, 0xcf, 0x50, 0x48, 0x48, 0xff, 0x50, 0x4c, 0x48, 0xff,
    0x50, 0x4c, 0x48, 0xff, 0x50, 0x48, 0x40, 0x41, 0x50, 0x50, 0x50, 0x10,
    0x50, 0x4c, 0x48, 0xff, 0x50, 0x4c, 0x48, 0xff, 0x50, 0x4c, 0x48, 0xff,
    0x50, 0x4c, 0x48, 0xff, 0x50, 0x40, 0x40, 0x10, 0x00, 0x00, 0x00, 0x00,
    0x00, 0x00, 0x00, 0x00, 0x00, 0x00, 0x00, 0x00, 0x00, 0x00, 0x00, 0x00,
    0x00, 0x00, 0x00, 0x00, 0x00, 0x00, 0x00, 0x00, 0x00, 0x00, 0x00, 0x00,
    0x00, 0x00, 0x00, 0x00, 0x00, 0x00, 0x00, 0x00, 0x00, 0x00, 0x00, 0x00,
    0x00, 0x00, 0x00, 0x00, 0x00, 0x00, 0x00, 0x00, 0x00, 0x00, 0x00, 0x00,
    0x00, 0x00, 0x00, 0x00, 0x00, 0x00, 0x00, 0x00, 0x00, 0x00, 0x00, 0x00,
    0x00, 0x00, 0x00, 0x00, 0x00, 0x00, 0x00, 0x00, 0x00, 0x00, 0x00, 0x00,
    0x00, 0x00, 0x00, 0x00, 0x00, 0x00, 0x00, 0x00, 0x38, 0x38, 0x38, 0x1c,
    0x40, 0x3c, 0x40, 0x41, 0x40, 0x40, 0x40, 0x2c, 0x48, 0x48, 0x48, 0x08,
    0x00, 0x00, 0x00, 0x00, 0x50, 0x40, 0x40, 0x00, 0x00, 0x00, 0x00, 0x00,
    0x00, 0x00, 0x00, 0x00, 0x00, 0x00, 0x00, 0x00, 0x00, 0x00, 0x00, 0x00,
    0x00, 0x00, 0x00, 0x00, 0x00, 0x00, 0x00, 0x00, 0x00, 0x00, 0x00, 0x00,
    0x40, 0x44, 0x40, 0x2c, 0x40, 0x40, 0x40, 0x3c, 0x40, 0x40, 0x40, 0x24,
    0x00, 0x00, 0x00, 0x00, 0x00, 0x00, 0x00, 0x00, 0x00, 0x00, 0x00, 0x00,
    0x00, 0x00, 0x00, 0x00, 0x00, 0x00, 0x00, 0x00, 0x00, 0x00, 0x00, 0x00,
    0x00, 0x00, 0x00, 0x00, 0x48, 0x48, 0x48, 0x08, 0x38, 0x38, 0x38, 0x08,
    0x38, 0x38, 0x38, 0x08, 0x38, 0x38, 0x38, 0x08, 0x38, 0x38, 0x38, 0x08,
    0x38, 0x38, 0x38, 0x08, 0x38, 0x38, 0x38, 0x08, 0x38, 0x38, 0x38, 0x08,
    0x00, 0x00, 0x00, 0x00, 0x00, 0x00, 0x00, 0x00, 0x00, 0x00, 0x00, 0x00,
    0x00, 0x00, 0x00, 0x00, 0x38, 0x38, 0x38, 0x08, 0x38, 0x38, 0x38, 0x08,
    0x00, 0x00, 0x00, 0x00, 0x00, 0x00, 0x00, 0x00, 0x00, 0x00, 0x00, 0x00,
    0x00, 0x00, 0x00, 0x00, 0x00, 0x00, 0x00, 0x00, 0x00, 0x00, 0x00, 0x00,
    0x38, 0x38, 0x38, 0x08, 0x38, 0x38, 0x38, 0x08, 0x00, 0x00, 0x00, 0x00,
    0x00, 0x00, 0x00, 0x00, 0x00, 0x00, 0x00, 0x00, 0x00, 0x00, 0x00, 0x00,
    0x00, 0x00, 0x00, 0x00, 0x00, 0x00, 0x00, 0x00, 0x00, 0x00, 0x00, 0x00,
    0x00, 0x00, 0x00, 0x00, 0x00, 0x00, 0x00, 0x00, 0x00, 0x00, 0x00, 0x00,
    0x00, 0x00, 0x00, 0x00, 0x00, 0x00, 0x00, 0x00, 0x00, 0x00, 0x00, 0x00,
    0x00, 0x00, 0x00, 0x00, 0x00, 0x00, 0x00, 0x00, 0x30, 0x28, 0x28, 0x8e,
    0x28, 0x28, 0x20, 0xff, 0x68, 0x64, 0x60, 0xff, 0x88, 0x80, 0x78, 0xff,
    0x88, 0x7c, 0x70, 0xff, 0x48, 0x44, 0x40, 0xff, 0x28, 0x2c, 0x28, 0xff,
    0x30, 0x28, 0x28, 0xff, 0x28, 0x28, 0x28, 0xff, 0x30, 0x2c, 0x28, 0xff,
    0x30, 0x28, 0x28, 0xff, 0x28, 0x28, 0x28, 0xff, 0x30, 0x2c, 0x28, 0xff,
    0x88, 0x80, 0x78, 0xff, 0x88, 0x7c, 0x78, 0xff, 0x80, 0x7c, 0x78, 0xff,
    0x40, 0x40, 0x38, 0xff, 0x30, 0x28, 0x28, 0xff, 0x68, 0x60, 0x58, 0xff,
    0x80, 0x80, 0x78, 0xff, 0x88, 0x7c, 0x70, 0xff, 0x88, 0x7c, 0x70, 0xff,
    0x80, 0x80, 0x78, 0xff, 0x80, 0x78, 0x70, 0xff, 0x78, 0x74, 0x68, 0xff,
    0x68, 0x64, 0x58, 0xff, 0x50, 0x4c, 0x48, 0xff, 0x30, 0x2c, 0x28, 0xff,
    0x28, 0x2c, 0x28, 0xff, 0x28, 0x28, 0x28, 0xff, 0x30, 0x2c, 0x28, 0xff,
    0x28, 0x28, 0x28, 0xff, 0x30, 0x28, 0x28, 0xff, 0x68, 0x60, 0x58, 0xff,
    0x88, 0x7c, 0x78, 0xff, 0x88, 0x7c, 0x70, 0xff, 0x40, 0x3c, 0x38, 0xff,
    0x28, 0x28, 0x28, 0xff, 0x30, 0x28, 0x28, 0xff, 0x28, 0x2c, 0x28, 0xff,
    0x58, 0x54, 0x48, 0xff, 0x88, 0x7c, 0x78, 0xff, 0x88, 0x7c, 0x70, 0xff,
    0x68, 0x60, 0x58, 0xff, 0x28, 0x2c, 0x28, 0xff, 0x28, 0x28, 0x28, 0xff,
    0x30, 0x28, 0x28, 0xff, 0x28, 0x28, 0x28, 0xff, 0x80, 0x78, 0x70, 0xff,
    0x88, 0x80, 0x78, 0xff, 0x80, 0x7c, 0x70, 0xff, 0x30, 0x28, 0x28, 0xff,
    0x30, 0x2c, 0x28, 0xff, 0x28, 0x28, 0x28, 0xff, 0x68, 0x64, 0x58, 0xff,
    0x88, 0x7c, 0x78, 0xff, 0x80, 0x7c, 0x78, 0xff, 0x50, 0x4c, 0x48, 0xff,
    0x30, 0x28, 0x28, 0xff, 0x28, 0x2c, 0x28, 0xff, 0x48, 0x40, 0x38, 0xff,
    0x80, 0x7c, 0x70, 0xff, 0x80, 0x80, 0x78, 0xff, 0x58, 0x54, 0x50, 0xff,
    0x30, 0x28, 0x28, 0xff, 0x28, 0x2c, 0x28, 0xff, 0x28, 0x28, 0x28, 0xff,
    0x30, 0x28, 0x28, 0xff, 0x28, 0x28, 0x28, 0xff, 0x60, 0x5c, 0x58, 0xff,
    0x80, 0x78, 0x70, 0xff, 0x80, 0x7c, 0x70, 0xff, 0x80, 0x78, 0x70, 0xf7,
    0x80, 0x7c, 0x78, 0x18, 0x00, 0x00, 0x00, 0x00, 0x00, 0x00, 0x00, 0x00,
    0x00, 0x00, 0x00, 0x00, 0x50, 0x50, 0x48, 0x20, 0x50, 0x4c, 0x48, 0xff,
    0x50, 0x4c, 0x48, 0xff, 0x50, 0x48, 0x48, 0xff, 0x50, 0x4c, 0x48, 0xff,
    0x50, 0x40, 0x40, 0x10, 0x00, 0x00, 0x00, 0x00, 0x50, 0x48, 0x48, 0xbe,
    0x50, 0x4c, 0x48, 0xff, 0x50, 0x48, 0x48, 0xff, 0x50, 0x4c, 0x48, 0xff,
    0x50, 0x48, 0x48, 0x71, 0x00, 0x00, 0x00, 0x00, 0x00, 0x00, 0x00, 0x00,
    0x00, 0x00, 0x00, 0x00, 0x00, 0x00, 0x00, 0x00, 0x00, 0x00, 0x00, 0x00,
    0x00, 0x00, 0x00, 0x00, 0x00, 0x00, 0x00, 0x00, 0x00, 0x00, 0x00, 0x00,
    0x00, 0x00, 0x00, 0x00, 0x00, 0x00, 0x00, 0x00, 0x00, 0x00, 0x00, 0x00,
    0x00, 0x00, 0x00, 0x00, 0x00, 0x00, 0x00, 0x00, 0x00, 0x00, 0x00, 0x00,
    0x00, 0x00, 0x00, 0x00, 0x00, 0x00, 0x00, 0x00, 0x00, 0x00, 0x00, 0x00,
    0x00, 0x00, 0x00, 0x00, 0x00, 0x00, 0x00, 0x00, 0x00, 0x00, 0x00, 0x00,
    0x00, 0x00, 0x00, 0x00, 0x00, 0x00, 0x00, 0x00, 0x00, 0x00, 0x00, 0x00,
    0x00, 0x00, 0x00, 0x00, 0x00, 0x00, 0x00, 0x00, 0x00, 0x00, 0x00, 0x00,
    0x00, 0x00, 0x00, 0x00, 0x00, 0x00, 0x00, 0x00, 0x00, 0x00, 0x00, 0x00,
    0x00, 0x00, 0x00, 0x00, 0x00, 0x00, 0x00, 0x00, 0x00, 0x00, 0x00, 0x00,
    0x00, 0x00, 0x00, 0x00, 0x00, 0x00, 0x00, 0x00, 0x00, 0x00, 0x00, 0x00,
    0x00, 0x00, 0x00, 0x00, 0x00, 0x00, 0x00, 0x00, 0x00, 0x00, 0x00, 0x00,
    0x00, 0x00, 0x00, 0x00, 0x00, 0x00, 0x00, 0x00, 0x00, 0x00, 0x00, 0x00,
    0x00, 0x00, 0x00, 0x00, 0x00, 0x00, 0x00, 0x00, 0x00, 0x00, 0x00, 0x00,
    0x00, 0x00, 0x00, 0x00, 0x00, 0x00, 0x00, 0x00, 0x00, 0x00, 0x00, 0x00,
    0x00, 0x00, 0x00, 0x00, 0x00, 0x00, 0x00, 0x00, 0x00, 0x00, 0x00, 0x00,
    0x00, 0x00, 0x00, 0x00, 0x00, 0x00, 0x00, 0x00, 0x00, 0x00, 0x00, 0x00,
    0x00, 0x00, 0x00, 0x00, 0x00, 0x00, 0x00, 0x00, 0x00, 0x00, 0x00, 0x00,
    0x00, 0x00, 0x00, 0x00, 0x00, 0x00, 0x00, 0x00, 0x00, 0x00, 0x00, 0x00,
    0x00, 0x00, 0x00, 0x00, 0x00, 0x00, 0x00, 0x00, 0x00, 0x00, 0x00, 0x00,
    0x00, 0x00, 0x00, 0x00, 0x00, 0x00, 0x00, 0x00, 0x00, 0x00, 0x00, 0x00,
    0x00, 0x00, 0x00, 0x00, 0x00, 0x00, 0x00, 0x00, 0x00, 0x00, 0x00, 0x00,
    0x00, 0x00, 0x00, 0x00, 0x00, 0x00, 0x00, 0x00, 0x00, 0x00, 0x00, 0x00,
    0x00, 0x00, 0x00, 0x00, 0x00, 0x00, 0x00, 0x00, 0x00, 0x00, 0x00, 0x00,
    0x00, 0x00, 0x00, 0x00, 0x00, 0x00, 0x00, 0x00, 0x00, 0x00, 0x00, 0x00,
    0x00, 0x00, 0x00, 0x00, 0x00, 0x00, 0x00, 0x00, 0x00, 0x00, 0x00, 0x00,
    0x00, 0x00, 0x00, 0x00, 0x30, 0x28, 0x28, 0x41, 0x28, 0x28, 0x28, 0xff,
    0x30, 0x28, 0x28, 0xff, 0x30, 0x2c, 0x28, 0xff, 0x30, 0x2c, 0x28, 0xff,
    0x28, 0x28, 0x28, 0xff, 0x28, 0x28, 0x28, 0xff, 0x28, 0x28, 0x28, 0xff,
    0x30, 0x28, 0x28, 0xff, 0x28, 0x2c, 0x28, 0xff, 0x28, 0x28, 0x28, 0xff,
    0x30, 0x28, 0x28, 0xff, 0x28, 0x2c, 0x28, 0xff, 0x28, 0x28, 0x28, 0xff,
    0x30, 0x2c, 0x28, 0xff, 0x30, 0x2c, 0x28, 0xff, 0x28, 0x28, 0x28, 0xff,
    0x28, 0x28, 0x28, 0xff, 0x30, 0x28, 0x28, 0xff, 0x30, 0x2c, 0x28, 0xff,
    0x30, 0x2c, 0x28, 0xff, 0x30, 0x2c, 0x28, 0xff, 0x30, 0x2c, 0x28, 0xff,
    0x28, 0x28, 0x28, 0xff, 0x30, 0x28, 0x28, 0xff, 0x30, 0x28, 0x28, 0xff,
    0x28, 0x28, 0x28, 0xff, 0x30, 0x2c, 0x28, 0xff, 0x30, 0x28, 0x28, 0xff,
    0x30, 0x28, 0x28, 0xff, 0x28, 0x28, 0x28, 0xff, 0x28, 0x2c, 0x28, 0xff,
    0x30, 0x28, 0x28, 0xff, 0x28, 0x28, 0x28, 0xff, 0x30, 0x2c, 0x28, 0xff,
    0x30, 0x2c, 0x28, 0xff, 0x28, 0x28, 0x28, 0xff, 0x28, 0x28, 0x28, 0xff,
    0x30, 0x28, 0x28, 0xff, 0x28, 0x28, 0x28, 0xff, 0x28, 0x28, 0x28, 0xff,
    0x30, 0x2c, 0x28, 0xff, 0x30, 0x2c, 0x28, 0xff, 0x28, 0x28, 0x28, 0xff,
    0x30, 0x28, 0x28, 0xff, 0x30, 0x2c, 0x28, 0xff, 0x28, 0x28, 0x28, 0xff,
    0x30, 0x28, 0x28, 0xff, 0x30, 0x28, 0x28, 0xff, 0x30, 0x2c, 0x28, 0xff,
    0x28, 0x28, 0x28, 0xff, 0x28, 0x28, 0x28, 0xff, 0x30, 0x28, 0x28, 0xff,
    0x28, 0x28, 0x28, 0xff, 0x30, 0x28, 0x28, 0xff, 0x30, 0x30, 0x28, 0xff,
    0x30, 0x2c, 0x28, 0xff, 0x28, 0x28, 0x28, 0xff, 0x30, 0x2c, 0x28, 0xff,
    0x28, 0x28, 0x28, 0xff, 0x30, 0x28, 0x28, 0xff, 0x30, 0x30, 0x28, 0xff,
    0x30, 0x30, 0x28, 0xff, 0x30, 0x28, 0x28, 0xff, 0x28, 0x28, 0x28, 0xff,
    0x30, 0x2c, 0x28, 0xff, 0x28, 0x28, 0x20, 0xff, 0x28, 0x28, 0x28, 0xff,
    0x30, 0x2c, 0x28, 0xff, 0x28, 0x28, 0x28, 0xff, 0x30, 0x28, 0x28, 0xff,
    0x30, 0x28, 0x28, 0xff, 0x28, 0x24, 0x28, 0x30, 0x00, 0x00, 0x00, 0x00,
    0x00, 0x00, 0x00, 0x00, 0x00, 0x00, 0x00, 0x00, 0x00, 0x00, 0x00, 0x00,
    0x50, 0x48, 0x48, 0x61, 0x50, 0x4c, 0x48, 0xff, 0x50, 0x4c, 0x40, 0xff,
    0x50, 0x4c, 0x48, 0xff, 0x50, 0x4c, 0x48, 0xbe, 0x00, 0x00, 0x00, 0x00,
    0x00, 0x00, 0x00, 0x00, 0x50, 0x48, 0x48, 0x7d, 0x50, 0x4c, 0x48, 0xff,
    0x50, 0x4c, 0x48, 0xff, 0x50, 0x4c, 0x48, 0xff, 0x50, 0x4c, 0x48, 0xbe,
    0x00, 0x00, 0x00, 0x00, 0x00, 0x00, 0x00, 0x00, 0x00, 0x00, 0x00, 0x00,
    0x00, 0x00, 0x00, 0x00, 0x00, 0x00, 0x00, 0x00, 0x00, 0x00, 0x00, 0x00,
    0x00, 0x00, 0x00, 0x00, 0x00, 0x00, 0x00, 0x00, 0x00, 0x00, 0x00, 0x00,
    0x00, 0x00, 0x00, 0x00, 0x00, 0x00, 0x00, 0x00, 0x00, 0x00, 0x00, 0x00,
    0x00, 0x00, 0x00, 0x00, 0x00, 0x00, 0x00, 0x00, 0x00, 0x00, 0x00, 0x00,
    0x00, 0x00, 0x00, 0x00, 0x00, 0x00, 0x00, 0x00, 0x00, 0x00, 0x00, 0x00,
    0x00, 0x00, 0x00, 0x00, 0x00, 0x00, 0x00, 0x00, 0x00, 0x00, 0x00, 0x00,
    0x00, 0x00, 0x00, 0x00, 0x00, 0x00, 0x00, 0x00, 0x00, 0x00, 0x00, 0x00,
    0x00, 0x00, 0x00, 0x00, 0x00, 0x00, 0x00, 0x00, 0x00, 0x00, 0x00, 0x00,
    0x00, 0x00, 0x00, 0x00, 0x00, 0x00, 0x00, 0x00, 0x00, 0x00, 0x00, 0x00,
    0x00, 0x00, 0x00, 0x00, 0x00, 0x00, 0x00, 0x00, 0x00, 0x00, 0x00, 0x00,
    0x00, 0x00, 0x00, 0x00, 0x00, 0x00, 0x00, 0x00, 0x00, 0x00, 0x00, 0x00,
    0x00, 0x00, 0x00, 0x00, 0x00, 0x00, 0x00, 0x00, 0x00, 0x00, 0x00, 0x00,
    0x00, 0x00, 0x00, 0x00, 0x00, 0x00, 0x00, 0x00, 0x00, 0x00, 0x00, 0x00,
    0x00, 0x00, 0x00, 0x00, 0x00, 0x00, 0x00, 0x00, 0x00, 0x00, 0x00, 0x00,
    0x00, 0x00, 0x00, 0x00, 0x00, 0x00, 0x00, 0x00, 0x00, 0x00, 0x00, 0x00,
    0x00, 0x00, 0x00, 0x00, 0x00, 0x00, 0x00, 0x00, 0x00, 0x00, 0x00, 0x00,
    0x00, 0x00, 0x00, 0x00, 0x00, 0x00, 0x00, 0x00, 0x00, 0x00, 0x00, 0x00,
    0x00, 0x00, 0x00, 0x00, 0x00, 0x00, 0x00, 0x00, 0x00, 0x00, 0x00, 0x00,
    0x00, 0x00, 0x00, 0x00, 0x00, 0x00, 0x00, 0x00, 0x00, 0x00, 0x00, 0x00,
    0x00, 0x00, 0x00, 0x00, 0x00, 0x00, 0x00, 0x00, 0x00, 0x00, 0x00, 0x00,
    0x00, 0x00, 0x00, 0x00, 0x00, 0x00, 0x00, 0x00, 0x00, 0x00, 0x00, 0x00,
    0x00, 0x00, 0x00, 0x00, 0x00, 0x00, 0x00, 0x00, 0x00, 0x00, 0x00, 0x00,
    0x00, 0x00, 0x00, 0x00, 0x00, 0x00, 0x00, 0x00, 0x00, 0x00, 0x00, 0x00,
    0x00, 0x00, 0x00, 0x00, 0x00, 0x00, 0x00, 0x00, 0x00, 0x00, 0x00, 0x00,
    0x00, 0x00, 0x00, 0x00, 0x00, 0x00, 0x00, 0x00, 0x00, 0x00, 0x00, 0x00,
    0x00, 0x00, 0x00, 0x00, 0x00, 0x00, 0x00, 0x00, 0x00, 0x00, 0x00, 0x00,
    0x00, 0x00, 0x00, 0x00, 0x28, 0x28, 0x28, 0xbe, 0x28, 0x2c, 0x28, 0xff,
    0x30, 0x28, 0x28, 0xff, 0x28, 0x28, 0x28, 0xff, 0x30, 0x2c, 0x28, 0xff,
    0x30, 0x28, 0x28, 0xff, 0x28, 0x28, 0x20, 0xff, 0x30, 0x2c, 0x28, 0xff,
    0x28, 0x28, 0x28, 0xff, 0x30, 0x28, 0x28, 0xff, 0x30, 0x28, 0x28, 0xff,
    0x28, 0x28, 0x28, 0xff, 0x30, 0x28, 0x28, 0xff, 0x30, 0x2c, 0x28, 0xff,
    0x28, 0x28, 0x28, 0xff, 0x30, 0x2c, 0x28, 0xff, 0x30, 0x28, 0x28, 0xff,
    0x28, 0x28, 0x28, 0xff, 0x28, 0x28, 0x28, 0xff, 0x28, 0x28, 0x28, 0xff,
    0x28, 0x28, 0x28, 0xff, 0x30, 0x28, 0x28, 0xff, 0x30, 0x28, 0x28, 0xff,
    0x28, 0x2c, 0x28, 0xff, 0x28, 0x28, 0x28, 0xff, 0x30, 0x28, 0x28, 0xff,
    0x28, 0x28, 0x28, 0xff, 0x30, 0x28, 0x28, 0xff, 0x28, 0x28, 0x28, 0xff,
    0x30, 0x28, 0x28, 0xff, 0x30, 0x28, 0x28, 0xff, 0x28, 0x2c, 0x28, 0xff,
    0x28, 0x28, 0x28, 0xff, 0x28, 0x28, 0x28, 0xff, 0x30, 0x2c, 0x28, 0xff,
    0x28, 0x28, 0x28, 0xff, 0x30, 0x28, 0x28, 0xff, 0x30, 0x2c, 0x20, 0xff,
    0x30, 0x28, 0x28, 0xff, 0x28, 0x28, 0x28, 0xff, 0x28, 0x28, 0x28, 0xff,
    0x30, 0x2c, 0x28, 0xff, 0x28, 0x28, 0x28, 0xff, 0x28, 0x28, 0x28, 0xff,
    0x30, 0x28, 0x28, 0xff, 0x28, 0x2c, 0x20, 0xff, 0x28, 0x28, 0x28, 0xff,
    0x30, 0x28, 0x28, 0xff, 0x28, 0x2c, 0x28, 0xff, 0x28, 0x28, 0x28, 0xff,
    0x30, 0x28, 0x28, 0xff, 0x28, 0x2c, 0x28, 0xff, 0x30, 0x28, 0x28, 0xff,
    0x28, 0x28, 0x28, 0xff, 0x30, 0x28, 0x28, 0xff, 0x28, 0x2c, 0x28, 0xff,
    0x30, 0x28, 0x28, 0xff, 0x28, 0x28, 0x28, 0xff, 0x30, 0x28, 0x28, 0xff,
    0x28, 0x28, 0x28, 0xff, 0x30, 0x28, 0x28, 0xff, 0x30, 0x28, 0x28, 0xff,
    0x28, 0x28, 0x28, 0xff, 0x28, 0x28, 0x28, 0xff, 0x30, 0x28, 0x28, 0xff,
    0x30, 0x28, 0x28, 0xff, 0x28, 0x2c, 0x28, 0xff, 0x30, 0x28, 0x28, 0xff,
    0x30, 0x28, 0x28, 0xff, 0x28, 0x2c, 0x28, 0xff, 0x30, 0x28, 0x28, 0xbe,
    0x00, 0x00, 0x00, 0x00, 0x00, 0x00, 0x00, 0x00, 0x00, 0x00, 0x00, 0x00,
    0x00, 0x00, 0x00, 0x00, 0x00, 0x00, 0x00, 0x00, 0x50, 0x4c, 0x48, 0xcf,
    0x50, 0x4c, 0x48, 0xff, 0x50, 0x48, 0x48, 0xff, 0x50, 0x4c, 0x48, 0xff,
    0x50, 0x48, 0x48, 0x71, 0x00, 0x00, 0x00, 0x00, 0x00, 0x00, 0x00, 0x00,
    0x50, 0x50, 0x50, 0x10, 0x50, 0x4c, 0x48, 0xff, 0x50, 0x4c, 0x40, 0xff,
    0x50, 0x48, 0x48, 0xff, 0x50, 0x4c, 0x48, 0xff, 0x50, 0x4c, 0x48, 0x41,
    0x00, 0x00, 0x00, 0x00, 0x00, 0x00, 0x00, 0x00, 0x00, 0x00, 0x00, 0x00,
    0x00, 0x00, 0x00, 0x00, 0x00, 0x00, 0x00, 0x00, 0x00, 0x00, 0x00, 0x00,
    0x00, 0x00, 0x00, 0x00, 0x00, 0x00, 0x00, 0x00, 0x00, 0x00, 0x00, 0x00,
    0x00, 0x00, 0x00, 0x00, 0x00, 0x00, 0x00, 0x00, 0x00, 0x00, 0x00, 0x00,
    0x00, 0x00, 0x00, 0x00, 0x00, 0x00, 0x00, 0x00, 0x00, 0x00, 0x00, 0x00,
    0x00, 0x00, 0x00, 0x00, 0x00, 0x00, 0x00, 0x00, 0x00, 0x00, 0x00, 0x00,
    0x00, 0x00, 0x00, 0x00, 0x00, 0x00, 0x00, 0x00, 0x00, 0x00, 0x00, 0x00,
    0x00, 0x00, 0x00, 0x00, 0x00, 0x00, 0x00, 0x00, 0x00, 0x00, 0x00, 0x00,
    0x00, 0x00, 0x00, 0x00, 0x00, 0x00, 0x00, 0x00, 0x00, 0x00, 0x00, 0x00,
    0x00, 0x00, 0x00, 0x00, 0x00, 0x00, 0x00, 0x00, 0x00, 0x00, 0x00, 0x00,
    0x00, 0x00, 0x00, 0x00, 0x00, 0x00, 0x00, 0x00, 0x00, 0x00, 0x00, 0x00,
    0x00, 0x00, 0x00, 0x00, 0x00, 0x00, 0x00, 0x00, 0x00, 0x00, 0x00, 0x00,
    0x00, 0x00, 0x00, 0x00, 0x00, 0x00, 0x00, 0x00, 0x00, 0x00, 0x00, 0x00,
    0x00, 0x00, 0x00, 0x00, 0x00, 0x00, 0x00, 0x00, 0x00, 0x00, 0x00, 0x00,
    0x00, 0x00, 0x00, 0x00, 0x00, 0x00, 0x00, 0x00, 0x00, 0x00, 0x00, 0x00,
    0x00, 0x00, 0x00, 0x00, 0x00, 0x00, 0x00, 0x00, 0x00, 0x00, 0x00, 0x00,
    0x00, 0x00, 0x00, 0x00, 0x00, 0x00, 0x00, 0x00, 0x00, 0x00, 0x00, 0x00,
    0x00, 0x00, 0x00, 0x00, 0x00, 0x00, 0x00, 0x00, 0x00, 0x00, 0x00, 0x00,
    0x00, 0x00, 0x00, 0x00, 0x00, 0x00, 0x00, 0x00, 0x00, 0x00, 0x00, 0x00,
    0x00, 0x00, 0x00, 0x00, 0x00, 0x00, 0x00, 0x00, 0x00, 0x00, 0x00, 0x00,
    0x00, 0x00, 0x00, 0x00, 0x00, 0x00, 0x00, 0x00, 0x00, 0x00, 0x00, 0x00,
    0x00, 0x00, 0x00, 0x00, 0x00, 0x00, 0x00, 0x00, 0x00, 0x00, 0x00, 0x00,
    0x00, 0x00, 0x00, 0x00, 0x00, 0x00, 0x00, 0x00, 0x00, 0x00, 0x00, 0x00,
    0x00, 0x00, 0x00, 0x00, 0x00, 0x00, 0x00, 0x00, 0x00, 0x00, 0x00, 0x00,
    0x00, 0x00, 0x00, 0x00, 0x00, 0x00, 0x00, 0x00, 0x00, 0x00, 0x00, 0x00,
    0x00, 0x00, 0x00, 0x00, 0x00, 0x00, 0x00, 0x00, 0x00, 0x00, 0x00, 0x00,
    0x00, 0x00, 0x00, 0x00, 0x00, 0x00, 0x00, 0x00, 0x00, 0x00, 0x00, 0x00,
    0x30, 0x28, 0x28, 0x41, 0x28, 0x28, 0x28, 0xff, 0x28, 0x28, 0x28, 0xff,
    0x30, 0x2c, 0x28, 0xff, 0x28, 0x28, 0x28, 0xff, 0x30, 0x28, 0x28, 0xff,
    0x30, 0x2c, 0x28, 0xff, 0x28, 0x28, 0x28, 0xff, 0x30, 0x28, 0x28, 0xff,
    0x28, 0x2c, 0x20, 0xff, 0x28, 0x28, 0x28, 0xff, 0x30, 0x28, 0x28, 0xff,
    0x28, 0x2c, 0x28, 0xff, 0x28, 0x28, 0x28, 0xff, 0x30, 0x28, 0x28, 0xff,
    0x28, 0x28, 0x28, 0xff, 0x30, 0x2c, 0x28, 0xff, 0x28, 0x28, 0x28, 0xff,
    0x30, 0x28, 0x28, 0xff, 0x30, 0x2c, 0x28, 0xff, 0x28, 0x28, 0x28, 0xff,
    0x28, 0x28, 0x28, 0xff, 0x30, 0x28, 0x28, 0xff, 0x28, 0x2c, 0x28, 0xff,
    0x30, 0x28, 0x28, 0xff, 0x28, 0x28, 0x28, 0xff, 0x30, 0x2c, 0x28, 0xff,
    0x28, 0x28, 0x28, 0xff, 0x28, 0x2c, 0x28, 0xff, 0x30, 0x28, 0x20, 0xff,
    0x28, 0x28, 0x28, 0xff, 0x30, 0x2c, 0x28, 0xff, 0x30, 0x28, 0x20, 0xff,
    0x28, 0x28, 0x28, 0xff, 0x30, 0x28, 0x28, 0xff, 0x28, 0x28, 0x28, 0xff,
    0x28, 0x2c, 0x28, 0xff, 0x30, 0x28, 0x28, 0xff, 0x28, 0x2c, 0x28, 0xff,
    0x30, 0x28, 0x28, 0xff, 0x30, 0x28, 0x28, 0xff, 0x28, 0x28, 0x28, 0xff,
    0x30, 0x2c, 0x28, 0xff, 0x28, 0x28, 0x28, 0xff, 0x30, 0x28, 0x28, 0xff,
    0x30, 0x28, 0x28, 0xff, 0x28, 0x2c, 0x28, 0xff, 0x30, 0x28, 0x28, 0xff,
    0x28, 0x28, 0x28, 0xff, 0x30, 0x2c, 0x28, 0xff, 0x30, 0x28, 0x20, 0xff,
    0x28, 0x28, 0x28, 0xff, 0x30, 0x2c, 0x28, 0xff, 0x28, 0x28, 0x28, 0xff,
    0x28, 0x28, 0x28, 0xff, 0x30, 0x28, 0x28, 0xff, 0x28, 0x28, 0x28, 0xff,
    0x30, 0x2c, 0x20, 0xff, 0x28, 0x28, 0x28, 0xff, 0x28, 0x2c, 0x28, 0xff,
    0x30, 0x28, 0x28, 0xff, 0x28, 0x28, 0x28, 0xff, 0x28, 0x2c, 0x28, 0xff,
    0x30, 0x28, 0x28, 0xff, 0x30, 0x28, 0x28, 0xff, 0x28, 0x2c, 0x28, 0xff,
    0x30, 0x28, 0x20, 0xff, 0x28, 0x28, 0x28, 0xff, 0x28, 0x28, 0x28, 0xff,
    0x30, 0x28, 0x20, 0xff, 0x28, 0x28, 0x28, 0x20, 0x00, 0x00, 0x00, 0x00,
    0x00, 0x00, 0x00, 0x00, 0x00, 0x00, 0x00, 0x00, 0x00, 0x00, 0x00, 0x00,
    0x50, 0x50, 0x40, 0x30, 0x50, 0x4c, 0x48, 0xff, 0x50, 0x4c, 0x48, 0xff,
    0x50, 0x4c, 0x48, 0xff, 0x50, 0x48, 0x48, 0xff, 0x50, 0x48, 0x48, 0x20,
    0x00, 0x00, 0x00, 0x00, 0x00, 0x00, 0x00, 0x00, 0x00, 0x00, 0x00, 0x00,
    0x50, 0x4c, 0x48, 0xbe, 0x50, 0x4c, 0x48, 0xff, 0x50, 0x48, 0x48, 0xff,
    0x50, 0x4c, 0x48, 0xff, 0x50, 0x4c, 0x48, 0xbe, 0x00, 0x00, 0x00, 0x00,
    0x00, 0x00, 0x00, 0x00, 0x00, 0x00, 0x00, 0x00, 0x00, 0x00, 0x00, 0x00,
    0x00, 0x00, 0x00, 0x00, 0x00, 0x00, 0x00, 0x00, 0x00, 0x00, 0x00, 0x00,
    0x00, 0x00, 0x00, 0x00, 0x00, 0x00, 0x00, 0x00, 0x00, 0x00, 0x00, 0x00,
    0x00, 0x00, 0x00, 0x00, 0x00, 0x00, 0x00, 0x00, 0x00, 0x00, 0x00, 0x00,
    0x00, 0x00, 0x00, 0x00, 0x00, 0x00, 0x00, 0x00, 0x00, 0x00, 0x00, 0x00,
    0x00, 0x00, 0x00, 0x00, 0x00, 0x00, 0x00, 0x00, 0x00, 0x00, 0x00, 0x00,
    0x00, 0x00, 0x00, 0x00, 0x00, 0x00, 0x00, 0x00, 0x00, 0x00, 0x00, 0x00,
    0x00, 0x00, 0x00, 0x00, 0x00, 0x00, 0x00, 0x00, 0x00, 0x00, 0x00, 0x00,
    0x00, 0x00, 0x00, 0x00, 0x00, 0x00, 0x00, 0x00, 0x00, 0x00, 0x00, 0x00,
    0x00, 0x00, 0x00, 0x00, 0x00, 0x00, 0x00, 0x00, 0x00, 0x00, 0x00, 0x00,
    0x00, 0x00, 0x00, 0x00, 0x00, 0x00, 0x00, 0x00, 0x00, 0x00, 0x00, 0x00,
    0x00, 0x00, 0x00, 0x00, 0x00, 0x00, 0x00, 0x00, 0x00, 0x00, 0x00, 0x00,
    0x00, 0x00, 0x00, 0x00, 0x00, 0x00, 0x00, 0x00, 0x00, 0x00, 0x00, 0x00,
    0x00, 0x00, 0x00, 0x00, 0x00, 0x00, 0x00, 0x00, 0x00, 0x00, 0x00, 0x00,
    0x00, 0x00, 0x00, 0x00, 0x00, 0x00, 0x00, 0x00, 0x00, 0x00, 0x00, 0x00,
    0x00, 0x00, 0x00, 0x00, 0x00, 0x00, 0x00, 0x00, 0x00, 0x00, 0x00, 0x00,
    0x00, 0x00, 0x00, 0x00, 0x00, 0x00, 0x00, 0x00, 0x00, 0x00, 0x00, 0x00,
    0x00, 0x00, 0x00, 0x00, 0x00, 0x00, 0x00, 0x00, 0x00, 0x00, 0x00, 0x00,
    0x00, 0x00, 0x00, 0x00, 0x00, 0x00, 0x00, 0x00, 0x00, 0x00, 0x00, 0x00,
    0x00, 0x00, 0x00, 0x00, 0x00, 0x00, 0x00, 0x00, 0x00, 0x00, 0x00, 0x00,
    0x00, 0x00, 0x00, 0x00, 0x00, 0x00, 0x00, 0x00, 0x00, 0x00, 0x00, 0x00,
    0x00, 0x00, 0x00, 0x00, 0x00, 0x00, 0x00, 0x00, 0x00, 0x00, 0x00, 0x00,
    0x00, 0x00, 0x00, 0x00, 0x00, 0x00, 0x00, 0x00, 0x00, 0x00, 0x00, 0x00,
    0x00, 0x00, 0x00, 0x00, 0x00, 0x00, 0x00, 0x00, 0x00, 0x00, 0x00, 0x00,
    0x00, 0x00, 0x00, 0x00, 0x00, 0x00, 0x00, 0x00, 0x00, 0x00, 0x00, 0x00,
    0x00, 0x00, 0x00, 0x00, 0x00, 0x00, 0x00, 0x00, 0x00, 0x00, 0x00, 0x00,
    0x00, 0x00, 0x00, 0x00, 0x00, 0x00, 0x00, 0x00, 0x00, 0x00, 0x00, 0x00,
    0x30, 0x28, 0x28, 0x8e, 0x30, 0x28, 0x28, 0xff, 0x28, 0x28, 0x20, 0xff,
    0x28, 0x28, 0x28, 0xff, 0x28, 0x28, 0x28, 0xff, 0x30, 0x28, 0x28, 0xff,
    0x28, 0x28, 0x28, 0xff, 0x30, 0x28, 0x28, 0xff, 0x28, 0x2c, 0x28, 0xff,
    0x30, 0x28, 0x28, 0xff, 0x30, 0x28, 0x28, 0xff, 0x28, 0x28, 0x20, 0xff,
    0x30, 0x28, 0x28, 0xff, 0x28, 0x28, 0x28, 0xff, 0x30, 0x28, 0x28, 0xff,
    0x28, 0x2c, 0x28, 0xff, 0x30, 0x28, 0x28, 0xff, 0x30, 0x28, 0x28, 0xff,
    0x28, 0x2c, 0x28, 0xff, 0x30, 0x28, 0x28, 0xff, 0x30, 0x28, 0x28, 0xff,
    0x28, 0x2c, 0x28, 0xff, 0x30, 0x28, 0x28, 0xff, 0x30, 0x28, 0x28, 0xff,
    0x28, 0x2c, 0x28, 0xff, 0x30, 0x28, 0x28, 0xff, 0x30, 0x28, 0x28, 0xff,
    0x28, 0x2c, 0x28, 0xff, 0x28, 0x28, 0x28, 0xff, 0x30, 0x28, 0x28, 0xff,
    0x28, 0x28, 0x28, 0xff, 0x30, 0x2c, 0x28, 0xff, 0x30, 0x28, 0x28, 0xff,
    0x28, 0x28, 0x28, 0xff, 0x30, 0x2c, 0x20, 0xff, 0x28, 0x28, 0x28, 0xff,
    0x28, 0x28, 0x28, 0xff, 0x30, 0x28, 0x28, 0xff, 0x28, 0x2c, 0x28, 0xff,
    0x30, 0x28, 0x28, 0xff, 0x28, 0x28, 0x20, 0xff, 0x30, 0x28, 0x28, 0xff,
    0x28, 0x2c, 0x28, 0xff, 0x28, 0x28, 0x28, 0xff, 0x30, 0x28, 0x28, 0xff,
    0x28, 0x28, 0x28, 0xff, 0x30, 0x28, 0x20, 0xff, 0x30, 0x28, 0x28, 0xff,
    0x28, 0x28, 0x28, 0xff, 0x28, 0x28, 0x28, 0xff, 0x30, 0x28, 0x28, 0xff,
    0x30, 0x2c, 0x28, 0xff, 0x28, 0x28, 0x20, 0xff, 0x30, 0x28, 0x28, 0xff,
    0x30, 0x2c, 0x28, 0xff, 0x28, 0x28, 0x28, 0xff, 0x30, 0x28, 0x28, 0xff,
    0x30, 0x28, 0x28, 0xff, 0x28, 0x28, 0x28, 0xff, 0x30, 0x2c, 0x28, 0xff,
    0x30, 0x28, 0x28, 0xff, 0x28, 0x28, 0x28, 0xff, 0x30, 0x2c, 0x20, 0xff,
    0x28, 0x28, 0x28, 0xff, 0x28, 0x28, 0x28, 0xff, 0x30, 0x28, 0x28, 0xff,
    0x30, 0x2c, 0x28, 0xff, 0x28, 0x28, 0x28, 0xff, 0x30, 0x28, 0x20, 0x8e,
    0x00, 0x00, 0x00, 0x00, 0x00, 0x00, 0x00, 0x00, 0x00, 0x00, 0x00, 0x00,
    0x00, 0x00, 0x00, 0x00, 0x00, 0x00, 0x00, 0x00, 0x50, 0x4c, 0x48, 0x9e,
    0x50, 0x4c, 0x48, 0xff, 0x50, 0x48, 0x48, 0xff, 0x50, 0x4c, 0x48, 0xff,
    0x50, 0x4c, 0x40, 0xbe, 0x00, 0x00, 0x00, 0x00, 0x00, 0x00, 0x00, 0x00,
    0x00, 0x00, 0x00, 0x00, 0x00, 0x00, 0x00, 0x00, 0x50, 0x4c, 0x48, 0x41,
    0x50, 0x4c, 0x48, 0xff, 0x50, 0x4c, 0x48, 0xff, 0x50, 0x4c, 0x40, 0xff,
    0x50, 0x4c, 0x48, 0xff, 0x50, 0x4c, 0x48, 0x41, 0x00, 0x00, 0x00, 0x00,
    0x00, 0x00, 0x00, 0x00, 0x00, 0x00, 0x00, 0x00, 0x00, 0x00, 0x00, 0x00,
    0x00, 0x00, 0x00, 0x00, 0x00, 0x00, 0x00, 0x00, 0x00, 0x00, 0x00, 0x00,
    0x00, 0x00, 0x00, 0x00, 0x00, 0x00, 0x00, 0x00, 0x00, 0x00, 0x00, 0x00,
    0x00, 0x00, 0x00, 0x00, 0x00, 0x00, 0x00, 0x00, 0x00, 0x00, 0x00, 0x00,
    0x00, 0x00, 0x00, 0x00, 0x00, 0x00, 0x00, 0x00, 0x00, 0x00, 0x00, 0x00,
    0x00, 0x00, 0x00, 0x00, 0x00, 0x00, 0x00, 0x00, 0x00, 0x00, 0x00, 0x00,
    0x00, 0x00, 0x00, 0x00, 0x00, 0x00, 0x00, 0x00, 0x00, 0x00, 0x00, 0x00,
    0x00, 0x00, 0x00, 0x00, 0x00, 0x00, 0x00, 0x00, 0x00, 0x00, 0x00, 0x00,
    0x00, 0x00, 0x00, 0x00, 0x00, 0x00, 0x00, 0x00, 0x00, 0x00, 0x00, 0x00,
    0x00, 0x00, 0x00, 0x00, 0x00, 0x00, 0x00, 0x00, 0x00, 0x00, 0x00, 0x00,
    0x00, 0x00, 0x00, 0x00, 0x00, 0x00, 0x00, 0x00, 0x00, 0x00, 0x00, 0x00,
    0x00, 0x00, 0x00, 0x00, 0x00, 0x00, 0x00, 0x00, 0x00, 0x00, 0x00, 0x00,
    0x00, 0x00, 0x00, 0x00, 0x00, 0x00, 0x00, 0x00, 0x00, 0x00, 0x00, 0x00,
    0x00, 0x00, 0x00, 0x00, 0x00, 0x00, 0x00, 0x00, 0x00, 0x00, 0x00, 0x00,
    0x00, 0x00, 0x00, 0x00, 0x00, 0x00, 0x00, 0x00, 0x00, 0x00, 0x00, 0x00,
    0x00, 0x00, 0x00, 0x00, 0x00, 0x00, 0x00, 0x00, 0x00, 0x00, 0x00, 0x00,
    0x00, 0x00, 0x00, 0x00, 0x00, 0x00, 0x00, 0x00, 0x00, 0x00, 0x00, 0x00,
    0x00, 0x00, 0x00, 0x00, 0x00, 0x00, 0x00, 0x00, 0x00, 0x00, 0x00, 0x00,
    0x00, 0x00, 0x00, 0x00, 0x00, 0x00, 0x00, 0x00, 0x00, 0x00, 0x00, 0x00,
    0x00, 0x00, 0x00, 0x00, 0x00, 0x00, 0x00, 0x00, 0x00, 0x00, 0x00, 0x00,
    0x00, 0x00, 0x00, 0x00, 0x00, 0x00, 0x00, 0x00, 0x00, 0x00, 0x00, 0x00,
    0x00, 0x00, 0x00, 0x00, 0x00, 0x00, 0x00, 0x00, 0x00, 0x00, 0x00, 0x00,
    0x00, 0x00, 0x00, 0x00, 0x00, 0x00, 0x00, 0x00, 0x00, 0x00, 0x00, 0x00,
    0x00, 0x00, 0x00, 0x00, 0x00, 0x00, 0x00, 0x00, 0x00, 0x00, 0x00, 0x00,
    0x00, 0x00, 0x00, 0x00, 0x00, 0x00, 0x00, 0x00, 0x00, 0x00, 0x00, 0x00,
    0x00, 0x00, 0x00, 0x00, 0x00, 0x00, 0x00, 0x00, 0x00, 0x00, 0x00, 0x00,
    0x00, 0x00, 0x00, 0x00, 0x00, 0x00, 0x00, 0x00, 0x30, 0x30, 0x30, 0x10,
    0x28, 0x2c, 0x28, 0xdf, 0x30, 0x28, 0x28, 0xff, 0x30, 0x2c, 0x28, 0xff,
    0x28, 0x28, 0x28, 0xff, 0x28, 0x2c, 0x20, 0xff, 0x30, 0x28, 0x28, 0xff,
    0x28, 0x28, 0x28, 0xff, 0x30, 0x28, 0x28, 0xff, 0x28, 0x2c, 0x28, 0xff,
    0x28, 0x28, 0x28, 0xff, 0x30, 0x2c, 0x28, 0xff, 0x30, 0x2c, 0x28, 0xff,
    0x28, 0x28, 0x28, 0xff, 0x28, 0x28, 0x20, 0xff, 0x30, 0x28, 0x28, 0xff,
    0x28, 0x28, 0x28, 0xff, 0x28, 0x28, 0x20, 0xff, 0x28, 0x28, 0x28, 0xff,
    0x30, 0x28, 0x28, 0xff, 0x28, 0x28, 0x28, 0xff, 0x28, 0x28, 0x20, 0xff,
    0x30, 0x28, 0x28, 0xff, 0x28, 0x28, 0x28, 0xff, 0x28, 0x28, 0x20, 0xff,
    0x30, 0x28, 0x28, 0xff, 0x28, 0x28, 0x28, 0xff, 0x30, 0x28, 0x20, 0xff,
    0x30, 0x2c, 0x28, 0xff, 0x28, 0x28, 0x28, 0xff, 0x28, 0x28, 0x28, 0xff,
    0x30, 0x28, 0x28, 0xff, 0x28, 0x28, 0x28, 0xff, 0x28, 0x2c, 0x28, 0xff,
    0x30, 0x28, 0x28, 0xff, 0x30, 0x28, 0x28, 0xff, 0x30, 0x28, 0x28, 0xff,
    0x28, 0x28, 0x20, 0xff, 0x28, 0x28, 0x28, 0xff, 0x30, 0x2c, 0x28, 0xff,
    0x30, 0x28, 0x28, 0xff, 0x28, 0x28, 0x28, 0xff, 0x30, 0x28, 0x28, 0xff,
    0x30, 0x2c, 0x20, 0xff, 0x28, 0x28, 0x28, 0xff, 0x28, 0x28, 0x28, 0xff,
    0x30, 0x2c, 0x28, 0xff, 0x28, 0x28, 0x28, 0xff, 0x28, 0x2c, 0x28, 0xff,
    0x30, 0x28, 0x28, 0xff, 0x28, 0x28, 0x28, 0xff, 0x28, 0x28, 0x28, 0xff,
    0x30, 0x28, 0x28, 0xff, 0x28, 0x2c, 0x28, 0xff, 0x28, 0x28, 0x28, 0xff,
    0x30, 0x28, 0x28, 0xff, 0x28, 0x2c, 0x28, 0xff, 0x28, 0x28, 0x28, 0xff,
    0x30, 0x28, 0x20, 0xff, 0x28, 0x28, 0x28, 0xff, 0x28, 0x28, 0x28, 0xff,
    0x30, 0x28, 0x28, 0xff, 0x28, 0x28, 0x28, 0xff, 0x30, 0x2c, 0x28, 0xff,
    0x28, 0x28, 0x28, 0xff, 0x30, 0x28, 0x28, 0xff, 0x28, 0x28, 0x28, 0xff,
    0x28, 0x2c, 0x28, 0xdf, 0x20, 0x20, 0x20, 0x10, 0x00, 0x00, 0x00, 0x00,
    0x00, 0x00, 0x00, 0x00, 0x00, 0x00, 0x00, 0x00, 0x00, 0x00, 0x00, 0x00,
    0x50, 0x50, 0x48, 0x20, 0x50, 0x4c, 0x48, 0xff, 0x50, 0x4c, 0x48, 0xff,
    0x50, 0x4c, 0x48, 0xff, 0x50, 0x4c, 0x48, 0xff, 0x50, 0x48, 0x40, 0x41,
    0x00, 0x00, 0x00, 0x00, 0x00, 0x00, 0x00, 0x00, 0x00, 0x00, 0x00, 0x00,
    0x00, 0x00, 0x00, 0x00, 0x00, 0x00, 0x00, 0x00, 0x50, 0x48, 0x48, 0xbe,
    0x50, 0x4c, 0x48, 0xff, 0x50, 0x48, 0x48, 0xff, 0x50, 0x4c, 0x48, 0xff,
    0x50, 0x4c, 0x48, 0xbe, 0x00, 0x00, 0x00, 0x00, 0x00, 0x00, 0x00, 0x00,
    0x00, 0x00, 0x00, 0x00, 0x00, 0x00, 0x00, 0x00, 0x00, 0x00, 0x00, 0x00,
    0x00, 0x00, 0x00, 0x00, 0x00, 0x00, 0x00, 0x00, 0x00, 0x00, 0x00, 0x00,
    0x00, 0x00, 0x00, 0x00, 0x00, 0x00, 0x00, 0x00, 0x00, 0x00, 0x00, 0x00,
    0x00, 0x00, 0x00, 0x00, 0x00, 0x00, 0x00, 0x00, 0x00, 0x00, 0x00, 0x00,
    0x00, 0x00, 0x00, 0x00, 0x00, 0x00, 0x00, 0x00, 0x00, 0x00, 0x00, 0x00,
    0x00, 0x00, 0x00, 0x00, 0x00, 0x00, 0x00, 0x00, 0x00, 0x00, 0x00, 0x00,
    0x00, 0x00, 0x00, 0x00, 0x00, 0x00, 0x00, 0x00, 0x00, 0x00, 0x00, 0x00,
    0x00, 0x00, 0x00, 0x00, 0x00, 0x00, 0x00, 0x00, 0x00, 0x00, 0x00, 0x00,
    0x00, 0x00, 0x00, 0x00, 0x00, 0x00, 0x00, 0x00, 0x00, 0x00, 0x00, 0x00,
    0x00, 0x00, 0x00, 0x00, 0x00, 0x00, 0x00, 0x00, 0x00, 0x00, 0x00, 0x00,
    0x00, 0x00, 0x00, 0x00, 0x00, 0x00, 0x00, 0x00, 0x00, 0x00, 0x00, 0x00,
    0x00, 0x00, 0x00, 0x00, 0x00, 0x00, 0x00, 0x00, 0x00, 0x00, 0x00, 0x00,
    0x00, 0x00, 0x00, 0x00, 0x00, 0x00, 0x00, 0x00, 0x00, 0x00, 0x00, 0x00,
    0x00, 0x00, 0x00, 0x00, 0x00, 0x00, 0x00, 0x00, 0x00, 0x00, 0x00, 0x00,
    0x00, 0x00, 0x00, 0x00, 0x00, 0x00, 0x00, 0x00, 0x00, 0x00, 0x00, 0x00,
    0x00, 0x00, 0x00, 0x00, 0x00, 0x00, 0x00, 0x00, 0x00, 0x00, 0x00, 0x00,
    0x00, 0x00, 0x00, 0x00, 0x00, 0x00, 0x00, 0x00, 0x00, 0x00, 0x00, 0x00,
    0x00, 0x00, 0x00, 0x00, 0x00, 0x00, 0x00, 0x00, 0x00, 0x00, 0x00, 0x00,
    0x00, 0x00, 0x00, 0x00, 0x00, 0x00, 0x00, 0x00, 0x00, 0x00, 0x00, 0x00,
    0x00, 0x00, 0x00, 0x00, 0x00, 0x00, 0x00, 0x00, 0x00, 0x00, 0x00, 0x00,
    0x00, 0x00, 0x00, 0x00, 0x00, 0x00, 0x00, 0x00, 0x00, 0x00, 0x00, 0x00,
    0x00, 0x00, 0x00, 0x00, 0x00, 0x00, 0x00, 0x00, 0x00, 0x00, 0x00, 0x00,
    0x00, 0x00, 0x00, 0x00, 0x00, 0x00, 0x00, 0x00, 0x00, 0x00, 0x00, 0x00,
    0x00, 0x00, 0x00, 0x00, 0x00, 0x00, 0x00, 0x00, 0x00, 0x00, 0x00, 0x00,
    0x00, 0x00, 0x00, 0x00, 0x00, 0x00, 0x00, 0x00, 0x00, 0x00, 0x00, 0x00,
    0x00, 0x00, 0x00, 0x00, 0x00, 0x00, 0x00, 0x00, 0x00, 0x00, 0x00, 0x00,
    0x00, 0x00, 0x00, 0x00, 0x00, 0x00, 0x00, 0x00, 0x28, 0x28, 0x28, 0x20,
    0x28, 0x2c, 0x28, 0xef, 0x30, 0x28, 0x28, 0xff, 0x30, 0x28, 0x28, 0xff,
    0x28, 0x28, 0x28, 0xff, 0x30, 0x2c, 0x28, 0xff, 0x30, 0x28, 0x20, 0xff,
    0x28, 0x28, 0x28, 0xff, 0x30, 0x28, 0x28, 0xff, 0x28, 0x28, 0x20, 0xff,
    0x30, 0x28, 0x28, 0xff, 0x28, 0x28, 0x28, 0xff, 0x30, 0x2c, 0x28, 0xff,
    0x30, 0x28, 0x28, 0xff, 0x28, 0x2c, 0x28, 0xff, 0x30, 0x28, 0x28, 0xff,
    0x30, 0x2c, 0x28, 0xff, 0x28, 0x28, 0x28, 0xff, 0x30, 0x2c, 0x28, 0xff,
    0x30, 0x2c, 0x28, 0xff, 0x28, 0x28, 0x28, 0xff, 0x30, 0x28, 0x28, 0xff,
    0x28, 0x2c, 0x28, 0xff, 0x30, 0x28, 0x28, 0xff, 0x28, 0x2c, 0x28, 0xff,
    0x28, 0x28, 0x28, 0xff, 0x30, 0x28, 0x28, 0xff, 0x30, 0x28, 0x28, 0xff,
    0x28, 0x2c, 0x28, 0xff, 0x30, 0x28, 0x20, 0xff, 0x30, 0x28, 0x28, 0xff,
    0x28, 0x2c, 0x28, 0xff, 0x30, 0x28, 0x28, 0xff, 0x28, 0x28, 0x28, 0xff,
    0x28, 0x28, 0x28, 0xff, 0x30, 0x2c, 0x28, 0xff, 0x30, 0x28, 0x28, 0xff,
    0x28, 0x28, 0x28, 0xff, 0x28, 0x28, 0x28, 0xff, 0x30, 0x2c, 0x28, 0xff,
    0x28, 0x28, 0x28, 0xff, 0x28, 0x28, 0x28, 0xff, 0x30, 0x28, 0x28, 0xff,
    0x30, 0x2c, 0x28, 0xff, 0x28, 0x28, 0x28, 0xff, 0x30, 0x28, 0x28, 0xff,
    0x30, 0x2c, 0x28, 0xff, 0x28, 0x28, 0x20, 0xff, 0x30, 0x28, 0x28, 0xff,
    0x30, 0x2c, 0x28, 0xff, 0x28, 0x28, 0x28, 0xff, 0x30, 0x28, 0x28, 0xff,
    0x30, 0x28, 0x20, 0xff, 0x28, 0x28, 0x28, 0xff, 0x30, 0x28, 0x28, 0xff,
    0x30, 0x2c, 0x20, 0xff, 0x28, 0x28, 0x28, 0xff, 0x30, 0x28, 0x28, 0xff,
    0x30, 0x2c, 0x28, 0xff, 0x28, 0x2c, 0x28, 0xff, 0x30, 0x28, 0x20, 0xff,
    0x30, 0x28, 0x28, 0xff, 0x28, 0x28, 0x28, 0xff, 0x30, 0x2c, 0x20, 0xff,
    0x28, 0x28, 0x28, 0xff, 0x28, 0x28, 0x28, 0xdf, 0x28, 0x28, 0x28, 0x20,
    0x00, 0x00, 0x00, 0x00, 0x00, 0x00, 0x00, 0x00, 0x00, 0x00, 0x00, 0x00,
    0x00, 0x00, 0x00, 0x00, 0x00, 0x00, 0x00, 0x00, 0x50, 0x4c, 0x48, 0xdf,
    0x50, 0x4c, 0x48, 0xff, 0x50, 0x48, 0x48, 0xff, 0x50, 0x4c, 0x48, 0xff,
    0x50, 0x48, 0x48, 0xdf, 0x00, 0x00, 0x00, 0x00, 0x00, 0x00, 0x00, 0x00,
    0x00, 0x00, 0x00, 0x00, 0x00, 0x00, 0x00, 0x00, 0x00, 0x00, 0x00, 0x00,
    0x00, 0x00, 0x00, 0x00, 0x50, 0x4c, 0x48, 0x41, 0x50, 0x4c, 0x48, 0xff,
    0x50, 0x4c, 0x48, 0xff, 0x50, 0x48, 0x48, 0xff, 0x50, 0x4c, 0x48, 0xff,
    0x50, 0x48, 0x48, 0x71, 0x00, 0x00, 0x00, 0x00, 0x00, 0x00, 0x00, 0x00,
    0x00, 0x00, 0x00, 0x00, 0x00, 0x00, 0x00, 0x00, 0x00, 0x00, 0x00, 0x00,
    0x00, 0x00, 0x00, 0x00, 0x00, 0x00, 0x00, 0x00, 0x00, 0x00, 0x00, 0x00,
    0x00, 0x00, 0x00, 0x00, 0x00, 0x00, 0x00, 0x00, 0x00, 0x00, 0x00, 0x00,
    0x00, 0x00, 0x00, 0x00, 0x00, 0x00, 0x00, 0x00, 0x00, 0x00, 0x00, 0x00,
    0x00, 0x00, 0x00, 0x00, 0x00, 0x00, 0x00, 0x00, 0x00, 0x00, 0x00, 0x00,
    0x00, 0x00, 0x00, 0x00, 0x00, 0x00, 0x00, 0x00, 0x00, 0x00, 0x00, 0x00,
    0x00, 0x00, 0x00, 0x00, 0x00, 0x00, 0x00, 0x00, 0x00, 0x00, 0x00, 0x00,
    0x00, 0x00, 0x00, 0x00, 0x00, 0x00, 0x00, 0x00, 0x00, 0x00, 0x00, 0x00,
    0x00, 0x00, 0x00, 0x00, 0x00, 0x00, 0x00, 0x00, 0x00, 0x00, 0x00, 0x00,
    0x00, 0x00, 0x00, 0x00, 0x00, 0x00, 0x00, 0x00, 0x00, 0x00, 0x00, 0x00,
    0x00, 0x00, 0x00, 0x00, 0x00, 0x00, 0x00, 0x00, 0x00, 0x00, 0x00, 0x00,
    0x00, 0x00, 0x00, 0x00, 0x00, 0x00, 0x00, 0x00, 0x00, 0x00, 0x00, 0x00,
    0x00, 0x00, 0x00, 0x00, 0x00, 0x00, 0x00, 0x00, 0x00, 0x00, 0x00, 0x00,
    0x00, 0x00, 0x00, 0x00, 0x00, 0x00, 0x00, 0x00, 0x00, 0x00, 0x00, 0x00,
    0x00, 0x00, 0x00, 0x00, 0x00, 0x00, 0x00, 0x00, 0x00, 0x00, 0x00, 0x00,
    0x00, 0x00, 0x00, 0x00, 0x00, 0x00, 0x00, 0x00, 0x00, 0x00, 0x00, 0x00,
    0x00, 0x00, 0x00, 0x00, 0x00, 0x00, 0x00, 0x00, 0x00, 0x00, 0x00, 0x00,
    0x00, 0x00, 0x00, 0x00, 0x00, 0x00, 0x00, 0x00, 0x00, 0x00, 0x00, 0x00,
    0x00, 0x00, 0x00, 0x00, 0x00, 0x00, 0x00, 0x00, 0x00, 0x00, 0x00, 0x00,
    0x00, 0x00, 0x00, 0x00, 0x00, 0x00, 0x00, 0x00, 0x00, 0x00, 0x00, 0x00,
    0x00, 0x00, 0x00, 0x00, 0x00, 0x00, 0x00, 0x00, 0x00, 0x00, 0x00, 0x00,
    0x00, 0x00, 0x00, 0x00, 0x00, 0x00, 0x00, 0x00, 0x00, 0x00, 0x00, 0x00,
    0x00, 0x00, 0x00, 0x00, 0x00, 0x00, 0x00, 0x00, 0x00, 0x00, 0x00, 0x00,
    0x00, 0x00, 0x00, 0x00, 0x00, 0x00, 0x00, 0x00, 0x00, 0x00, 0x00, 0x00,
    0x00, 0x00, 0x00, 0x00, 0x00, 0x00, 0x00, 0x00, 0x00, 0x00, 0x00, 0x00,
    0x00, 0x00, 0x00, 0x00, 0x00, 0x00, 0x00, 0x00, 0x00, 0x00, 0x00, 0x00,
    0x00, 0x00, 0x00, 0x00, 0x00, 0x00, 0x00, 0x00, 0x28, 0x2c, 0x28, 0x30,
    0x28, 0x2c, 0x28, 0xef, 0x30, 0x28, 0x28, 0xff, 0x28, 0x28, 0x28, 0xff,
    0x28, 0x28, 0x28, 0xff, 0x30, 0x2c, 0x28, 0xff, 0x28, 0x28, 0x28, 0xff,
    0x30, 0x28, 0x28, 0xff, 0x30, 0x2c, 0x28, 0xff, 0x28, 0x28, 0x28, 0xff,
    0x28, 0x28, 0x28, 0xff, 0x30, 0x28, 0x28, 0xff, 0x28, 0x28, 0x28, 0xff,
    0x28, 0x28, 0x28, 0xff, 0x30, 0x2c, 0x28, 0xff, 0x30, 0x28, 0x28, 0xff,
    0x28, 0x28, 0x20, 0xff, 0x28, 0x28, 0x28, 0xff, 0x30, 0x28, 0x28, 0xff,
    0x28, 0x28, 0x28, 0xff, 0x30, 0x2c, 0x28, 0xff, 0x30, 0x28, 0x28, 0xff,
    0x28, 0x28, 0x28, 0xff, 0x30, 0x28, 0x28, 0xff, 0x28, 0x2c, 0x28, 0xff,
    0x28, 0x28, 0x28, 0xff, 0x30, 0x28, 0x28, 0xff, 0x28, 0x28, 0x28, 0xff,
    0x28, 0x2c, 0x28, 0xff, 0x30, 0x28, 0x28, 0xff, 0x28, 0x28, 0x20, 0xff,
    0x30, 0x28, 0x28, 0xff, 0x30, 0x28, 0x28, 0xff, 0x28, 0x2c, 0x20, 0xff,
    0x28, 0x28, 0x28, 0xff, 0x30, 0x28, 0x28, 0xff, 0x30, 0x2c, 0x28, 0xff,
    0x28, 0x28, 0x20, 0xff, 0x30, 0x28, 0x28, 0xff, 0x30, 0x2c, 0x28, 0xff,
    0x28, 0x28, 0x20, 0xff, 0x28, 0x28, 0x28, 0xff, 0x30, 0x28, 0x28, 0xff,
    0x28, 0x28, 0x20, 0xff, 0x28, 0x28, 0x28, 0xff, 0x30, 0x28, 0x28, 0xff,
    0x28, 0x28, 0x28, 0xff, 0x30, 0x28, 0x28, 0xff, 0x28, 0x2c, 0x20, 0xff,
    0x28, 0x28, 0x28, 0xff, 0x30, 0x28, 0x28, 0xff, 0x28, 0x2c, 0x28, 0xff,
    0x28, 0x28, 0x28, 0xff, 0x30, 0x28, 0x28, 0xff, 0x28, 0x28, 0x28, 0xff,
    0x28, 0x28, 0x28, 0xff, 0x30, 0x28, 0x28, 0xff, 0x28, 0x28, 0x28, 0xff,
    0x28, 0x28, 0x28, 0xff, 0x30, 0x2c, 0x28, 0xff, 0x28, 0x28, 0x28, 0xff,
    0x28, 0x28, 0x28, 0xff, 0x30, 0x28, 0x28, 0xff, 0x30, 0x2c, 0x28, 0xef,
    0x28, 0x2c, 0x28, 0x30, 0x00, 0x00, 0x00, 0x00, 0x00, 0x00, 0x00, 0x00,
    0x00, 0x00, 0x00, 0x00, 0x00, 0x00, 0x00, 0x00, 0x00, 0x00, 0x00, 0x00,
    0x50, 0x4c, 0x48, 0x71, 0x50, 0x4c, 0x48, 0xff, 0x50, 0x4c, 0x48, 0xff,
    0x50, 0x48, 0x48, 0xff, 0x50, 0x4c, 0x48, 0xff, 0x50, 0x48, 0x48, 0x4d,
    0x00, 0x00, 0x00, 0x00, 0x00, 0x00, 0x00, 0x00, 0x00, 0x00, 0x00, 0x00,
    0x00, 0x00, 0x00, 0x00, 0x00, 0x00, 0x00, 0x00, 0x00, 0x00, 0x00, 0x00,
    0x00, 0x00, 0x00, 0x00, 0x50, 0x4c, 0x48, 0xbe, 0x50, 0x4c, 0x40, 0xff,
    0x50, 0x4c, 0x48, 0xff, 0x50, 0x48, 0x48, 0xff, 0x50, 0x4c, 0x40, 0xef,
    0x50, 0x50, 0x48, 0x20, 0x00, 0x00, 0x00, 0x00, 0x00, 0x00, 0x00, 0x00,
    0x00, 0x00, 0x00, 0x00, 0x00, 0x00, 0x00, 0x00, 0x00, 0x00, 0x00, 0x00,
    0x00, 0x00, 0x00, 0x00, 0x00, 0x00, 0x00, 0x00, 0x00, 0x00, 0x00, 0x00,
    0x00, 0x00, 0x00, 0x00, 0x00, 0x00, 0x00, 0x00, 0x00, 0x00, 0x00, 0x00,
    0x00, 0x00, 0x00, 0x00, 0x00, 0x00, 0x00, 0x00, 0x00, 0x00, 0x00, 0x00,
    0x00, 0x00, 0x00, 0x00, 0x00, 0x00, 0x00, 0x00, 0x00, 0x00, 0x00, 0x00,
    0x00, 0x00, 0x00, 0x00, 0x00, 0x00, 0x00, 0x00, 0x00, 0x00, 0x00, 0x00,
    0x00, 0x00, 0x00, 0x00, 0x00, 0x00, 0x00, 0x00, 0x00, 0x00, 0x00, 0x00,
    0x00, 0x00, 0x00, 0x00, 0x00, 0x00, 0x00, 0x00, 0x00, 0x00, 0x00, 0x00,
    0x00, 0x00, 0x00, 0x00, 0x00, 0x00, 0x00, 0x00, 0x00, 0x00, 0x00, 0x00,
    0x00, 0x00, 0x00, 0x00, 0x00, 0x00, 0x00, 0x00, 0x00, 0x00, 0x00, 0x00,
    0x00, 0x00, 0x00, 0x00, 0x00, 0x00, 0x00, 0x00, 0x00, 0x00, 0x00, 0x00,
    0x00, 0x00, 0x00, 0x00, 0x00, 0x00, 0x00, 0x00, 0x00, 0x00, 0x00, 0x00,
    0x00, 0x00, 0x00, 0x00, 0x00, 0x00, 0x00, 0x00, 0x00, 0x00, 0x00, 0x00,
    0x00, 0x00, 0x00, 0x00, 0x00, 0x00, 0x00, 0x00, 0x00, 0x00, 0x00, 0x00,
    0x00, 0x00, 0x00, 0x00, 0x00, 0x00, 0x00, 0x00, 0x00, 0x00, 0x00, 0x00,
    0x00, 0x00, 0x00, 0x00, 0x00, 0x00, 0x00, 0x00, 0x00, 0x00, 0x00, 0x00,
    0x00, 0x00, 0x00, 0x00, 0x00, 0x00, 0x00, 0x00, 0x00, 0x00, 0x00, 0x00,
    0x00, 0x00, 0x00, 0x00, 0x00, 0x00, 0x00, 0x00, 0x00, 0x00, 0x00, 0x00,
    0x00, 0x00, 0x00, 0x00, 0x00, 0x00, 0x00, 0x00, 0x00, 0x00, 0x00, 0x00,
    0x00, 0x00, 0x00, 0x00, 0x00, 0x00, 0x00, 0x00, 0x00, 0x00, 0x00, 0x00,
    0x00, 0x00, 0x00, 0x00, 0x00, 0x00, 0x00, 0x00, 0x00, 0x00, 0x00, 0x00,
    0x00, 0x00, 0x00, 0x00, 0x00, 0x00, 0x00, 0x00, 0x00, 0x00, 0x00, 0x00,
    0x00, 0x00, 0x00, 0x00, 0x00, 0x00, 0x00, 0x00, 0x00, 0x00, 0x00, 0x00,
    0x00, 0x00, 0x00, 0x00, 0x00, 0x00, 0x00, 0x00, 0x00, 0x00, 0x00, 0x00,
    0x00, 0x00, 0x00, 0x00, 0x00, 0x00, 0x00, 0x00, 0x00, 0x00, 0x00, 0x00,
    0x00, 0x00, 0x00, 0x00, 0x00, 0x00, 0x00, 0x00, 0x00, 0x00, 0x00, 0x00,
    0x00, 0x00, 0x00, 0x00, 0x00, 0x00, 0x00, 0x00, 0x28, 0x28, 0x28, 0x30,
    0x28, 0x28, 0x28, 0xdf, 0x30, 0x28, 0x20, 0xff, 0x30, 0x28, 0x28, 0xff,
    0x28, 0x2c, 0x28, 0xff, 0x28, 0x28, 0x28, 0xff, 0x30, 0x28, 0x28, 0xff,
    0x28, 0x2c, 0x28, 0xff, 0x28, 0x28, 0x20, 0xff, 0x30, 0x28, 0x28, 0xff,
    0x30, 0x2c, 0x28, 0xff, 0x28, 0x28, 0x20, 0xff, 0x30, 0x28, 0x28, 0xff,
    0x28, 0x28, 0x28, 0xff, 0x28, 0x28, 0x28, 0xff, 0x30, 0x28, 0x28, 0xff,
    0x30, 0x2c, 0x28, 0xff, 0x28, 0x28, 0x20, 0xff, 0x28, 0x28, 0x28, 0xff,
    0x30, 0x28, 0x28, 0xff, 0x28, 0x28, 0x20, 0xff, 0x28, 0x28, 0x28, 0xff,
    0x30, 0x28, 0x28, 0xff, 0x30, 0x2c, 0x20, 0xff, 0x28, 0x28, 0x28, 0xff,
    0x30, 0x28, 0x28, 0xff, 0x30, 0x28, 0x20, 0xff, 0x28, 0x28, 0x28, 0xff,
    0x28, 0x2c, 0x28, 0xff, 0x30, 0x28, 0x28, 0xff, 0x28, 0x28, 0x28, 0xff,
    0x30, 0x2c, 0x28, 0xff, 0x30, 0x28, 0x28, 0xff, 0x28, 0x28, 0x28, 0xff,
    0x28, 0x28, 0x28, 0xff, 0x30, 0x2c, 0x28, 0xff, 0x28, 0x28, 0x28, 0xff,
    0x28, 0x28, 0x28, 0xff, 0x30, 0x28, 0x28, 0xff, 0x30, 0x2c, 0x28, 0xff,
    0x28, 0x28, 0x28, 0xff, 0x30, 0x28, 0x28, 0xff, 0x30, 0x2c, 0x28, 0xff,
    0x28, 0x2c, 0x28, 0xff, 0x28, 0x28, 0x28, 0xff, 0x30, 0x28, 0x28, 0xff,
    0x28, 0x2c, 0x28, 0xff, 0x30, 0x28, 0x28, 0xff, 0x30, 0x28, 0x28, 0xff,
    0x28, 0x2c, 0x28, 0xff, 0x30, 0x28, 0x28, 0xff, 0x30, 0x2c, 0x28, 0xff,
    0x28, 0x28, 0x28, 0xff, 0x30, 0x2c, 0x28, 0xff, 0x30, 0x2c, 0x28, 0xff,
    0x28, 0x28, 0x20, 0xff, 0x30, 0x28, 0x28, 0xff, 0x30, 0x28, 0x28, 0xff,
    0x28, 0x28, 0x28, 0xff, 0x30, 0x2c, 0x28, 0xff, 0x28, 0x28, 0x28, 0xff,
    0x30, 0x2c, 0x28, 0xef, 0x28, 0x2c, 0x28, 0x30, 0x00, 0x00, 0x00, 0x00,
    0x00, 0x00, 0x00, 0x00, 0x00, 0x00, 0x00, 0x00, 0x00, 0x00, 0x00, 0x00,
    0x00, 0x00, 0x00, 0x00, 0x50, 0x50, 0x48, 0x20, 0x50, 0x4c, 0x48, 0xef,
    0x50, 0x4c, 0x48, 0xff, 0x50, 0x4c, 0x40, 0xff, 0x50, 0x4c, 0x48, 0xff,
    0x50, 0x48, 0x48, 0x9e, 0x00, 0x00, 0x00, 0x00, 0x00, 0x00, 0x00, 0x00,
    0x00, 0x00, 0x00, 0x00, 0x00, 0x00, 0x00, 0x00, 0x00, 0x00, 0x00, 0x00,
    0x00, 0x00, 0x00, 0x00, 0x00, 0x00, 0x00, 0x00, 0x00, 0x00, 0x00, 0x00,
    0x50, 0x48, 0x48, 0x20, 0x50, 0x4c, 0x48, 0xef, 0x50, 0x4c, 0x48, 0xff,
    0x50, 0x4c, 0x48, 0xff, 0x50, 0x4c, 0x48, 0xff, 0x50, 0x4c, 0x48, 0xdf,
    0x50, 0x40, 0x40, 0x10, 0x00, 0x00, 0x00, 0x00, 0x00, 0x00, 0x00, 0x00,
    0x00, 0x00, 0x00, 0x00, 0x00, 0x00, 0x00, 0x00, 0x00, 0x00, 0x00, 0x00,
    0x00, 0x00, 0x00, 0x00, 0x00, 0x00, 0x00, 0x00, 0x00, 0x00, 0x00, 0x00,
    0x00, 0x00, 0x00, 0x00, 0x00, 0x00, 0x00, 0x00, 0x00, 0x00, 0x00, 0x00,
    0x00, 0x00, 0x00, 0x00, 0x00, 0x00, 0x00, 0x00, 0x00, 0x00, 0x00, 0x00,
    0x00, 0x00, 0x00, 0x00, 0x00, 0x00, 0x00, 0x00, 0x00, 0x00, 0x00, 0x00,
    0x00, 0x00, 0x00, 0x00, 0x00, 0x00, 0x00, 0x00, 0x00, 0x00, 0x00, 0x00,
    0x00, 0x00, 0x00, 0x00, 0x00, 0x00, 0x00, 0x00, 0x00, 0x00, 0x00, 0x00,
    0x00, 0x00, 0x00, 0x00, 0x00, 0x00, 0x00, 0x00, 0x00, 0x00, 0x00, 0x00,
    0x00, 0x00, 0x00, 0x00, 0x00, 0x00, 0x00, 0x00, 0x00, 0x00, 0x00, 0x00,
    0x00, 0x00, 0x00, 0x00, 0x00, 0x00, 0x00, 0x00, 0x00, 0x00, 0x00, 0x00,
    0x00, 0x00, 0x00, 0x00, 0x00, 0x00, 0x00, 0x00, 0x00, 0x00, 0x00, 0x00,
    0x00, 0x00, 0x00, 0x00, 0x00, 0x00, 0x00, 0x00, 0x00, 0x00, 0x00, 0x00,
    0x00, 0x00, 0x00, 0x00, 0x00, 0x00, 0x00, 0x00, 0x00, 0x00, 0x00, 0x00,
    0x00, 0x00, 0x00, 0x00, 0x00, 0x00, 0x00, 0x00, 0x00, 0x00, 0x00, 0x00,
    0x00, 0x00, 0x00, 0x00, 0x00, 0x00, 0x00, 0x00, 0x00, 0x00, 0x00, 0x00,
    0x00, 0x00, 0x00, 0x00, 0x00, 0x00, 0x00, 0x00, 0x00, 0x00, 0x00, 0x00,
    0x00, 0x00, 0x00, 0x00, 0x00, 0x00, 0x00, 0x00, 0x00, 0x00, 0x00, 0x00,
    0x00, 0x00, 0x00, 0x00, 0x00, 0x00, 0x00, 0x00, 0x00, 0x00, 0x00, 0x00,
    0x00, 0x00, 0x00, 0x00, 0x00, 0x00, 0x00, 0x00, 0x00, 0x00, 0x00, 0x00,
    0x00, 0x00, 0x00, 0x00, 0x00, 0x00, 0x00, 0x00, 0x00, 0x00, 0x00, 0x00,
    0x00, 0x00, 0x00, 0x00, 0x00, 0x00, 0x00, 0x00, 0x00, 0x00, 0x00, 0x00,
    0x00, 0x00, 0x00, 0x00, 0x00, 0x00, 0x00, 0x00, 0x00, 0x00, 0x00, 0x00,
    0x00, 0x00, 0x00, 0x00, 0x00, 0x00, 0x00, 0x00, 0x00, 0x00, 0x00, 0x00,
    0x00, 0x00, 0x00, 0x00, 0x00, 0x00, 0x00, 0x00, 0x00, 0x00, 0x00, 0x00,
    0x00, 0x00, 0x00, 0x00, 0x00, 0x00, 0x00, 0x00, 0x00, 0x00, 0x00, 0x00,
    0x00, 0x00, 0x00, 0x00, 0x00, 0x00, 0x00, 0x00, 0x00, 0x00, 0x00, 0x00,
    0x00, 0x00, 0x00, 0x00, 0x00, 0x00, 0x00, 0x00, 0x28, 0x28, 0x28, 0x20,
    0x28, 0x2c, 0x28, 0xdf, 0x30, 0x28, 0x28, 0xff, 0x30, 0x28, 0x28, 0xff,
    0x28, 0x28, 0x20, 0xff, 0x30, 0x28, 0x28, 0xff, 0x30, 0x28, 0x28, 0xff,
    0x28, 0x28, 0x28, 0xff, 0x30, 0x28, 0x28, 0xff, 0x28, 0x2c, 0x28, 0xff,
    0x30, 0x28, 0x28, 0xff, 0x30, 0x28, 0x28, 0xff, 0x28, 0x2c, 0x20, 0xff,
    0x28, 0x28, 0x28, 0xff, 0x30, 0x28, 0x28, 0xff, 0x30, 0x2c, 0x28, 0xff,
    0x28, 0x28, 0x28, 0xff, 0x30, 0x28, 0x28, 0xff, 0x30, 0x2c, 0x28, 0xff,
    0x28, 0x2c, 0x28, 0xff, 0x30, 0x28, 0x28, 0xff, 0x30, 0x28, 0x28, 0xff,
    0x28, 0x28, 0x28, 0xff, 0x28, 0x2c, 0x28, 0xff, 0x30, 0x28, 0x28, 0xff,
    0x30, 0x28, 0x28, 0xff, 0x28, 0x28, 0x28, 0xff, 0x30, 0x28, 0x28, 0xff,
    0x30, 0x2c, 0x28, 0xff, 0x28, 0x28, 0x28, 0xff, 0x28, 0x28, 0x28, 0xff,
    0x30, 0x28, 0x28, 0xff, 0x30, 0x28, 0x20, 0xff, 0x28, 0x2c, 0x28, 0xff,
    0x30, 0x28, 0x28, 0xff, 0x30, 0x28, 0x28, 0xff, 0x28, 0x28, 0x28, 0xff,
    0x28, 0x28, 0x28, 0xff, 0x30, 0x28, 0x28, 0xff, 0x28, 0x2c, 0x28, 0xff,
    0x28, 0x28, 0x28, 0xff, 0x30, 0x28, 0x28, 0xff, 0x30, 0x28, 0x28, 0xff,
    0x28, 0x28, 0x20, 0xff, 0x30, 0x2c, 0x28, 0xff, 0x28, 0x28, 0x28, 0xff,
    0x30, 0x28, 0x28, 0xff, 0x28, 0x28, 0x28, 0xff, 0x28, 0x28, 0x20, 0xff,
    0x30, 0x28, 0x28, 0xff, 0x28, 0x28, 0x28, 0xff, 0x28, 0x28, 0x20, 0xff,
    0x30, 0x28, 0x28, 0xff, 0x28, 0x28, 0x28, 0xff, 0x28, 0x2c, 0x28, 0xff,
    0x30, 0x28, 0x28, 0xff, 0x28, 0x28, 0x28, 0xff, 0x30, 0x2c, 0x20, 0xff,
    0x28, 0x28, 0x28, 0xff, 0x28, 0x28, 0x28, 0xdf, 0x28, 0x28, 0x28, 0x20,
    0x00, 0x00, 0x00, 0x00, 0x00, 0x00, 0x00, 0x00, 0x00, 0x00, 0x00, 0x00,
    0x00, 0x00, 0x00, 0x00, 0x00, 0x00, 0x00, 0x00, 0x50, 0x50, 0x40, 0x10,
    0x50, 0x4c, 0x48, 0xdf, 0x50, 0x4c, 0x48, 0xff, 0x50, 0x48, 0x48, 0xff,
    0x50, 0x4c, 0x48, 0xff, 0x50, 0x48, 0x48, 0xdf, 0x50, 0x48, 0x48, 0x20,
    0x00, 0x00, 0x00, 0x00, 0x00, 0x00, 0x00, 0x00, 0x00, 0x00, 0x00, 0x00,
    0x00, 0x00, 0x00, 0x00, 0x00, 0x00, 0x00, 0x00, 0x00, 0x00, 0x00, 0x00,
    0x00, 0x00, 0x00, 0x00, 0x00, 0x00, 0x00, 0x00, 0x00, 0x00, 0x00, 0x00,
    0x50, 0x48, 0x48, 0x71, 0x50, 0x4c, 0x48, 0xff, 0x50, 0x4c, 0x48, 0xff,
    0x50, 0x48, 0x48, 0xff, 0x50, 0x4c, 0x48, 0xff, 0x50, 0x48, 0x40, 0xcf,
    0x00, 0x00, 0x00, 0x00, 0x00, 0x00, 0x00, 0x00, 0x00, 0x00, 0x00, 0x00,
    0x00, 0x00, 0x00, 0x00, 0x00, 0x00, 0x00, 0x00, 0x00, 0x00, 0x00, 0x00,
    0x00, 0x00, 0x00, 0x00, 0x00, 0x00, 0x00, 0x00, 0x00, 0x00, 0x00, 0x00,
    0x00, 0x00, 0x00, 0x00, 0x00, 0x00, 0x00, 0x00, 0x00, 0x00, 0x00, 0x00,
    0x00, 0x00, 0x00, 0x00, 0x00, 0x00, 0x00, 0x00, 0x00, 0x00, 0x00, 0x00,
    0x00, 0x00, 0x00, 0x00, 0x00, 0x00, 0x00, 0x00, 0x00, 0x00, 0x00, 0x00,
    0x00, 0x00, 0x00, 0x00, 0x00, 0x00, 0x00, 0x00, 0x00, 0x00, 0x00, 0x00,
    0x00, 0x00, 0x00, 0x00, 0x00, 0x00, 0x00, 0x00, 0x00, 0x00, 0x00, 0x00,
    0x00, 0x00, 0x00, 0x00, 0x00, 0x00, 0x00, 0x00, 0x00, 0x00, 0x00, 0x00,
    0x00, 0x00, 0x00, 0x00, 0x00, 0x00, 0x00, 0x00, 0x00, 0x00, 0x00, 0x00,
    0x00, 0x00, 0x00, 0x00, 0x00, 0x00, 0x00, 0x00, 0x00, 0x00, 0x00, 0x00,
    0x00, 0x00, 0x00, 0x00, 0x00, 0x00, 0x00, 0x00, 0x00, 0x00, 0x00, 0x00,
    0x00, 0x00, 0x00, 0x00, 0x00, 0x00, 0x00, 0x00, 0x00, 0x00, 0x00, 0x00,
    0x00, 0x00, 0x00, 0x00, 0x00, 0x00, 0x00, 0x00, 0x00, 0x00, 0x00, 0x00,
    0x00, 0x00, 0x00, 0x00, 0x00, 0x00, 0x00, 0x00, 0x00, 0x00, 0x00, 0x00,
    0x00, 0x00, 0x00, 0x00, 0x00, 0x00, 0x00, 0x00, 0x00, 0x00, 0x00, 0x00,
    0x00, 0x00, 0x00, 0x00, 0x00, 0x00, 0x00, 0x00, 0x00, 0x00, 0x00, 0x00,
    0x00, 0x00, 0x00, 0x00, 0x00, 0x00, 0x00, 0x00, 0x00, 0x00, 0x00, 0x00,
    0x00, 0x00, 0x00, 0x00, 0x00, 0x00, 0x00, 0x00, 0x00, 0x00, 0x00, 0x00,
    0x00, 0x00, 0x00, 0x00, 0x00, 0x00, 0x00, 0x00, 0x00, 0x00, 0x00, 0x00,
    0x00, 0x00, 0x00, 0x00, 0x00, 0x00, 0x00, 0x00, 0x00, 0x00, 0x00, 0x00,
    0x00, 0x00, 0x00, 0x00, 0x00, 0x00, 0x00, 0x00, 0x00, 0x00, 0x00, 0x00,
    0x00, 0x00, 0x00, 0x00, 0x00, 0x00, 0x00, 0x00, 0x00, 0x00, 0x00, 0x00,
    0x00, 0x00, 0x00, 0x00, 0x00, 0x00, 0x00, 0x00, 0x00, 0x00, 0x00, 0x00,
    0x00, 0x00, 0x00, 0x00, 0x00, 0x00, 0x00, 0x00, 0x00, 0x00, 0x00, 0x00,
    0x00, 0x00, 0x00, 0x00, 0x00, 0x00, 0x00, 0x00, 0x00, 0x00, 0x00, 0x00,
    0x00, 0x00, 0x00, 0x00, 0x00, 0x00, 0x00, 0x00, 0x00, 0x00, 0x00, 0x00,
    0x00, 0x00, 0x00, 0x00, 0x00, 0x00, 0x00, 0x00, 0x30, 0x30, 0x30, 0x10,
    0x30, 0x28, 0x28, 0x8e, 0x28, 0x28, 0x28, 0xff, 0x28, 0x2c, 0x28, 0xff,
    0x30, 0x28, 0x28, 0xff, 0x28, 0x2c, 0x28, 0xff, 0x30, 0x28, 0x28, 0xff,
    0x28, 0x28, 0x28, 0xff, 0x28, 0x28, 0x28, 0xff, 0x30, 0x28, 0x28, 0xff,
    0x28, 0x2c, 0x28, 0xff, 0x30, 0x28, 0x28, 0xff, 0x30, 0x28, 0x28, 0xff,
    0x28, 0x28, 0x28, 0xff, 0x28, 0x28, 0x28, 0xff, 0x30, 0x28, 0x28, 0xff,
    0x28, 0x28, 0x28, 0xff, 0x28, 0x28, 0x28, 0xff, 0x30, 0x28, 0x28, 0xff,
    0x28, 0x2c, 0x20, 0xff, 0x28, 0x28, 0x28, 0xff, 0x30, 0x28, 0x28, 0xff,
    0x28, 0x28, 0x28, 0xff, 0x28, 0x2c, 0x28, 0xff, 0x30, 0x2c, 0x28, 0xff,
    0x28, 0x28, 0x28, 0xff, 0x28, 0x28, 0x20, 0xff, 0x30, 0x28, 0x28, 0xff,
    0x28, 0x2c, 0x28, 0xff, 0x28, 0x28, 0x20, 0xff, 0x30, 0x28, 0x28, 0xff,
    0x28, 0x2c, 0x28, 0xff, 0x28, 0x28, 0x28, 0xff, 0x30, 0x28, 0x28, 0xff,
    0x30, 0x2c, 0x20, 0xff, 0x28, 0x28, 0x28, 0xff, 0x30, 0x28, 0x28, 0xff,
    0x30, 0x2c, 0x20, 0xff, 0x28, 0x28, 0x28, 0xff, 0x28, 0x28, 0x28, 0xff,
    0x30, 0x28, 0x20, 0xff, 0x28, 0x28, 0x28, 0xff, 0x30, 0x28, 0x28, 0xff,
    0x28, 0x28, 0x28, 0xff, 0x30, 0x28, 0x28, 0xff, 0x28, 0x2c, 0x28, 0xff,
    0x30, 0x28, 0x28, 0xff, 0x30, 0x28, 0x28, 0xff, 0x28, 0x2c, 0x28, 0xff,
    0x30, 0x28, 0x28, 0xff, 0x30, 0x28, 0x28, 0xff, 0x28, 0x28, 0x28, 0xff,
    0x30, 0x28, 0x28, 0xff, 0x30, 0x28, 0x28, 0xff, 0x28, 0x2c, 0x28, 0xff,
    0x28, 0x28, 0x28, 0xff, 0x30, 0x28, 0x28, 0xff, 0x30, 0x28, 0x20, 0x8e,
    0x20, 0x20, 0x20, 0x10, 0x00, 0x00, 0x00, 0x00, 0x00, 0x00, 0x00, 0x00,
    0x00, 0x00, 0x00, 0x00, 0x00, 0x00, 0x00, 0x00, 0x00, 0x00, 0x00, 0x00,
    0x00, 0x00, 0x00, 0x00, 0x50, 0x4c, 0x48, 0xcf, 0x50, 0x4c, 0x48, 0xff,
    0x50, 0x4c, 0x48, 0xff, 0x50, 0x4c, 0x48, 0xff, 0x50, 0x4c, 0x48, 0xff,
    0x50, 0x4c, 0x40, 0x61, 0x00, 0x00, 0x00, 0x00, 0x00, 0x00, 0x00, 0x00,
    0x00, 0x00, 0x00, 0x00, 0x00, 0x00, 0x00, 0x00, 0x00, 0x00, 0x00, 0x00,
    0x00, 0x00, 0x00, 0x00, 0x00, 0x00, 0x00, 0x00, 0x00, 0x00, 0x00, 0x00,
    0x00, 0x00, 0x00, 0x00, 0x00, 0x00, 0x00, 0x00, 0x00, 0x00, 0x00, 0x00,
    0x50, 0x4c, 0x40, 0x8e, 0x50, 0x48, 0x48, 0xff, 0x50, 0x4c, 0x48, 0xff,
    0x50, 0x4c, 0x48, 0xff, 0x50, 0x4c, 0x48, 0xff, 0x50, 0x4c, 0x48, 0x9e,
    0x00, 0x00, 0x00, 0x00, 0x00, 0x00, 0x00, 0x00, 0x00, 0x00, 0x00, 0x00,
    0x00, 0x00, 0x00, 0x00, 0x00, 0x00, 0x00, 0x00, 0x00, 0x00, 0x00, 0x00,
    0x00, 0x00, 0x00, 0x00, 0x00, 0x00, 0x00, 0x00, 0x00, 0x00, 0x00, 0x00,
    0x00, 0x00, 0x00, 0x00, 0x00, 0x00, 0x00, 0x00, 0x00, 0x00, 0x00, 0x00,
    0x00, 0x00, 0x00, 0x00, 0x00, 0x00, 0x00, 0x00, 0x00, 0x00, 0x00, 0x00,
    0x00, 0x00, 0x00, 0x00, 0x00, 0x00, 0x00, 0x00, 0x00, 0x00, 0x00, 0x00,
    0x00, 0x00, 0x00, 0x00, 0x00, 0x00, 0x00, 0x00, 0x00, 0x00, 0x00, 0x00,
    0x00, 0x00, 0x00, 0x00, 0x00, 0x00, 0x00, 0x00, 0x00, 0x00, 0x00, 0x00,
    0x00, 0x00, 0x00, 0x00, 0x00, 0x00, 0x00, 0x00, 0x00, 0x00, 0x00, 0x00,
    0x00, 0x00, 0x00, 0x00, 0x00, 0x00, 0x00, 0x00, 0x00, 0x00, 0x00, 0x00,
    0x00, 0x00, 0x00, 0x00, 0x00, 0x00, 0x00, 0x00, 0x00, 0x00, 0x00, 0x00,
    0x00, 0x00, 0x00, 0x00, 0x00, 0x00, 0x00, 0x00, 0x00, 0x00, 0x00, 0x00,
    0x00, 0x00, 0x00, 0x00, 0x00, 0x00, 0x00, 0x00, 0x00, 0x00, 0x00, 0x00,
    0x00, 0x00, 0x00, 0x00, 0x00, 0x00, 0x00, 0x00, 0x00, 0x00, 0x00, 0x00,
    0x00, 0x00, 0x00, 0x00, 0x00, 0x00, 0x00, 0x00, 0x00, 0x00, 0x00, 0x00,
    0x00, 0x00, 0x00, 0x00, 0x00, 0x00, 0x00, 0x00, 0x00, 0x00, 0x00, 0x00,
    0x00, 0x00, 0x00, 0x00, 0x00, 0x00, 0x00, 0x00, 0x00, 0x00, 0x00, 0x00,
    0x00, 0x00, 0x00, 0x00, 0x00, 0x00, 0x00, 0x00, 0x00, 0x00, 0x00, 0x00,
    0x00, 0x00, 0x00, 0x00, 0x00, 0x00, 0x00, 0x00, 0x00, 0x00, 0x00, 0x00,
    0x00, 0x00, 0x00, 0x00, 0x00, 0x00, 0x00, 0x00, 0x00, 0x00, 0x00, 0x00,
    0x00, 0x00, 0x00, 0x00, 0x00, 0x00, 0x00, 0x00, 0x00, 0x00, 0x00, 0x00,
    0x00, 0x00, 0x00, 0x00, 0x00, 0x00, 0x00, 0x00, 0x00, 0x00, 0x00, 0x00,
    0x00, 0x00, 0x00, 0x00, 0x00, 0x00, 0x00, 0x00, 0x00, 0x00, 0x00, 0x00,
    0x00, 0x00, 0x00, 0x00, 0x00, 0x00, 0x00, 0x00, 0x00, 0x00, 0x00, 0x00,
    0x00, 0x00, 0x00, 0x00, 0x00, 0x00, 0x00, 0x00, 0x00, 0x00, 0x00, 0x00,
    0x00, 0x00, 0x00, 0x00, 0x00, 0x00, 0x00, 0x00, 0x00, 0x00, 0x00, 0x00,
    0x00, 0x00, 0x00, 0x00, 0x00, 0x00, 0x00, 0x00, 0x00, 0x00, 0x00, 0x00,
    0x00, 0x00, 0x00, 0x00, 0x00, 0x00, 0x00, 0x00, 0x00, 0x00, 0x00, 0x00,
    0x28, 0x28, 0x28, 0x20, 0x30, 0x28, 0x28, 0xbe, 0x28, 0x28, 0x28, 0xff,
    0x28, 0x2c, 0x20, 0xff, 0x30, 0x28, 0x28, 0xff, 0x30, 0x28, 0x28, 0xff,
    0x28, 0x2c, 0x20, 0xff, 0x28, 0x28, 0x28, 0xff, 0x30, 0x28, 0x28, 0xff,
    0x28, 0x28, 0x28, 0xff, 0x30, 0x2c, 0x28, 0xff, 0x28, 0x28, 0x20, 0xff,
    0x30, 0x2c, 0x28, 0xff, 0x30, 0x2c, 0x28, 0xff, 0x28, 0x28, 0x20, 0xff,
    0x30, 0x28, 0x28, 0xff, 0x30, 0x28, 0x28, 0xff, 0x28, 0x28, 0x28, 0xff,
    0x30, 0x2c, 0x28, 0xff, 0x30, 0x28, 0x28, 0xff, 0x30, 0x28, 0x20, 0xff,
    0x28, 0x28, 0x28, 0xff, 0x30, 0x28, 0x28, 0xff, 0x30, 0x2c, 0x28, 0xff,
    0x28, 0x28, 0x28, 0xff, 0x30, 0x28, 0x28, 0xff, 0x30, 0x28, 0x28, 0xff,
    0x28, 0x2c, 0x28, 0xff, 0x30, 0x28, 0x28, 0xff, 0x28, 0x28, 0x28, 0xff,
    0x30, 0x28, 0x28, 0xff, 0x28, 0x28, 0x28, 0xff, 0x28, 0x2c, 0x28, 0xff,
    0x30, 0x28, 0x28, 0xff, 0x28, 0x28, 0x28, 0xff, 0x30, 0x28, 0x28, 0xff,
    0x30, 0x28, 0x28, 0xff, 0x28, 0x2c, 0x28, 0xff, 0x30, 0x2c, 0x28, 0xff,
    0x28, 0x28, 0x28, 0xff, 0x30, 0x2c, 0x28, 0xff, 0x30, 0x28, 0x28, 0xff,
    0x28, 0x28, 0x20, 0xff, 0x28, 0x2c, 0x28, 0xff, 0x30, 0x28, 0x28, 0xff,
    0x28, 0x28, 0x28, 0xff, 0x28, 0x2c, 0x28, 0xff, 0x30, 0x28, 0x28, 0xff,
    0x28, 0x2c, 0x28, 0xff, 0x28, 0x2c, 0x20, 0xff, 0x30, 0x28, 0x28, 0xff,
    0x30, 0x28, 0x28, 0xff, 0x28, 0x28, 0x20, 0xff, 0x30, 0x28, 0x28, 0xbe,
    0x30, 0x28, 0x20, 0x41, 0x00, 0x00, 0x00, 0x00, 0x00, 0x00, 0x00, 0x00,
    0x00, 0x00, 0x00, 0x00, 0x00, 0x00, 0x00, 0x00, 0x00, 0x00, 0x00, 0x00,
    0x00, 0x00, 0x00, 0x00, 0x00, 0x00, 0x00, 0x00, 0x50, 0x4c, 0x48, 0xa2,
    0x50, 0x4c, 0x48, 0xff, 0x50, 0x48, 0x48, 0xff, 0x50, 0x4c, 0x40, 0xff,
    0x50, 0x4c, 0x48, 0xff, 0x50, 0x48, 0x48, 0x8e, 0x00, 0x00, 0x00, 0x00,
    0x00, 0x00, 0x00, 0x00, 0x00, 0x00, 0x00, 0x00, 0x00, 0x00, 0x00, 0x00,
    0x00, 0x00, 0x00, 0x00, 0x00, 0x00, 0x00, 0x00, 0x00, 0x00, 0x00, 0x00,
    0x00, 0x00, 0x00, 0x00, 0x00, 0x00, 0x00, 0x00, 0x00, 0x00, 0x00, 0x00,
    0x00, 0x00, 0x00, 0x00, 0x00, 0x00, 0x00, 0x00, 0x50, 0x50, 0x50, 0x10,
    0x50, 0x4c, 0x48, 0xcf, 0x50, 0x4c, 0x48, 0xff, 0x50, 0x48, 0x48, 0xff,
    0x50, 0x4c, 0x48, 0xff, 0x50, 0x4c, 0x48, 0xff, 0x50, 0x48, 0x48, 0xcf,
    0x50, 0x40, 0x40, 0x10, 0x00, 0x00, 0x00, 0x00, 0x00, 0x00, 0x00, 0x00,
    0x00, 0x00, 0x00, 0x00, 0x00, 0x00, 0x00, 0x00, 0x00, 0x00, 0x00, 0x00,
    0x00, 0x00, 0x00, 0x00, 0x00, 0x00, 0x00, 0x00, 0x00, 0x00, 0x00, 0x00,
    0x00, 0x00, 0x00, 0x00, 0x00, 0x00, 0x00, 0x00, 0x00, 0x00, 0x00, 0x00,
    0x00, 0x00, 0x00, 0x00, 0x00, 0x00, 0x00, 0x00, 0x00, 0x00, 0x00, 0x00,
    0x00, 0x00, 0x00, 0x00, 0x00, 0x00, 0x00, 0x00, 0x00, 0x00, 0x00, 0x00,
    0x00, 0x00, 0x00, 0x00, 0x00, 0x00, 0x00, 0x00, 0x00, 0x00, 0x00, 0x00,
    0x00, 0x00, 0x00, 0x00, 0x00, 0x00, 0x00, 0x00, 0x00, 0x00, 0x00, 0x00,
    0x00, 0x00, 0x00, 0x00, 0x00, 0x00, 0x00, 0x00, 0x00, 0x00, 0x00, 0x00,
    0x00, 0x00, 0x00, 0x00, 0x00, 0x00, 0x00, 0x00, 0x00, 0x00, 0x00, 0x00,
    0x00, 0x00, 0x00, 0x00, 0x00, 0x00, 0x00, 0x00, 0x00, 0x00, 0x00, 0x00,
    0x00, 0x00, 0x00, 0x00, 0x00, 0x00, 0x00, 0x00, 0x00, 0x00, 0x00, 0x00,
    0x00, 0x00, 0x00, 0x00, 0x00, 0x00, 0x00, 0x00, 0x00, 0x00, 0x00, 0x00,
    0x00, 0x00, 0x00, 0x00, 0x00, 0x00, 0x00, 0x00, 0x00, 0x00, 0x00, 0x00,
    0x00, 0x00, 0x00, 0x00, 0x00, 0x00, 0x00, 0x00, 0x00, 0x00, 0x00, 0x00,
    0x00, 0x00, 0x00, 0x00, 0x00, 0x00, 0x00, 0x00, 0x00, 0x00, 0x00, 0x00,
    0x00, 0x00, 0x00, 0x00, 0x00, 0x00, 0x00, 0x00, 0x00, 0x00, 0x00, 0x00,
    0x00, 0x00, 0x00, 0x00, 0x00, 0x00, 0x00, 0x00, 0x00, 0x00, 0x00, 0x00,
    0x00, 0x00, 0x00, 0x00, 0x00, 0x00, 0x00, 0x00, 0x00, 0x00, 0x00, 0x00,
    0x00, 0x00, 0x00, 0x00, 0x00, 0x00, 0x00, 0x00, 0x00, 0x00, 0x00, 0x00,
    0x00, 0x00, 0x00, 0x00, 0x00, 0x00, 0x00, 0x00, 0x00, 0x00, 0x00, 0x00,
    0x00, 0x00, 0x00, 0x00, 0x00, 0x00, 0x00, 0x00, 0x00, 0x00, 0x00, 0x00,
    0x00, 0x00, 0x00, 0x00, 0x00, 0x00, 0x00, 0x00, 0x00, 0x00, 0x00, 0x00,
    0x00, 0x00, 0x00, 0x00, 0x00, 0x00, 0x00, 0x00, 0x00, 0x00, 0x00, 0x00,
    0x00, 0x00, 0x00, 0x00, 0x00, 0x00, 0x00, 0x00, 0x00, 0x00, 0x00, 0x00,
    0x00, 0x00, 0x00, 0x00, 0x00, 0x00, 0x00, 0x00, 0x00, 0x00, 0x00, 0x00,
    0x00, 0x00, 0x00, 0x00, 0x00, 0x00, 0x00, 0x00, 0x00, 0x00, 0x00, 0x00,
    0x00, 0x00, 0x00, 0x00, 0x00, 0x00, 0x00, 0x00, 0x00, 0x00, 0x00, 0x00,
    0x00, 0x00, 0x00, 0x00, 0x28, 0x2c, 0x20, 0x30, 0x28, 0x28, 0x28, 0x9e,
    0x30, 0x2c, 0x28, 0xef, 0x30, 0x28, 0x28, 0xff, 0x28, 0x28, 0x28, 0xff,
    0x30, 0x2c, 0x28, 0xff, 0x30, 0x28, 0x20, 0xff, 0x28, 0x28, 0x28, 0xff,
    0x28, 0x28, 0x28, 0xff, 0x30, 0x28, 0x28, 0xff, 0x28, 0x28, 0x28, 0xff,
    0x28, 0x28, 0x28, 0xff, 0x30, 0x2c, 0x28, 0xff, 0x28, 0x28, 0x28, 0xff,
    0x28, 0x28, 0x28, 0xff, 0x30, 0x2c, 0x28, 0xff, 0x28, 0x28, 0x28, 0xff,
    0x28, 0x28, 0x28, 0xff, 0x30, 0x2c, 0x28, 0xff, 0x28, 0x28, 0x28, 0xff,
    0x28, 0x28, 0x20, 0xff, 0x30, 0x28, 0x28, 0xff, 0x28, 0x2c, 0x28, 0xff,
    0x28, 0x28, 0x28, 0xff, 0x30, 0x28, 0x28, 0xff, 0x30, 0x28, 0x28, 0xff,
    0x28, 0x28, 0x28, 0xff, 0x30, 0x2c, 0x28, 0xff, 0x30, 0x28, 0x20, 0xff,
    0x28, 0x28, 0x28, 0xff, 0x30, 0x28, 0x28, 0xff, 0x28, 0x2c, 0x28, 0xff,
    0x28, 0x28, 0x28, 0xff, 0x28, 0x28, 0x28, 0xff, 0x30, 0x28, 0x28, 0xff,
    0x30, 0x28, 0x28, 0xff, 0x28, 0x28, 0x28, 0xff, 0x28, 0x28, 0x28, 0xff,
    0x30, 0x2c, 0x28, 0xff, 0x28, 0x28, 0x28, 0xff, 0x30, 0x28, 0x28, 0xff,
    0x30, 0x28, 0x28, 0xff, 0x28, 0x28, 0x20, 0xff, 0x30, 0x28, 0x28, 0xff,
    0x30, 0x28, 0x28, 0xff, 0x28, 0x28, 0x20, 0xff, 0x30, 0x28, 0x28, 0xff,
    0x28, 0x28, 0x28, 0xff, 0x28, 0x2c, 0x28, 0xef, 0x28, 0x28, 0x20, 0x8e,
    0x30, 0x28, 0x20, 0x41, 0x00, 0x00, 0x00, 0x00, 0x00, 0x00, 0x00, 0x00,
    0x00, 0x00, 0x00, 0x00, 0x00, 0x00, 0x00, 0x00, 0x00, 0x00, 0x00, 0x00,
    0x00, 0x00, 0x00, 0x00, 0x00, 0x00, 0x00, 0x00, 0x50, 0x50, 0x40, 0x10,
    0x50, 0x4c, 0x48, 0xcf, 0x50, 0x4c, 0x48, 0xff, 0x50, 0x4c, 0x48, 0xff,
    0x50, 0x48, 0x48, 0xff, 0x50, 0x4c, 0x48, 0xff, 0x50, 0x48, 0x40, 0xcf,
    0x00, 0x00, 0x00, 0x00, 0x00, 0x00, 0x00, 0x00, 0x00, 0x00, 0x00, 0x00,
    0x00, 0x00, 0x00, 0x00, 0x00, 0x00, 0x00, 0x00, 0x00, 0x00, 0x00, 0x00,
    0x00, 0x00, 0x00, 0x00, 0x00, 0x00, 0x00, 0x00, 0x00, 0x00, 0x00, 0x00,
    0x00, 0x00, 0x00, 0x00, 0x00, 0x00, 0x00, 0x00, 0x00, 0x00, 0x00, 0x00,
    0x00, 0x00, 0x00, 0x00, 0x00, 0x00, 0x00, 0x00, 0x50, 0x50, 0x50, 0x10,
    0x50, 0x48, 0x48, 0xdf, 0x50, 0x4c, 0x40, 0xff, 0x50, 0x4c, 0x48, 0xff,
    0x50, 0x48, 0x48, 0xff, 0x50, 0x4c, 0x48, 0xff, 0x50, 0x4c, 0x48, 0xdf,
    0x50, 0x50, 0x48, 0x20, 0x00, 0x00, 0x00, 0x00, 0x00, 0x00, 0x00, 0x00,
    0x00, 0x00, 0x00, 0x00, 0x00, 0x00, 0x00, 0x00, 0x00, 0x00, 0x00, 0x00,
    0x00, 0x00, 0x00, 0x00, 0x00, 0x00, 0x00, 0x00, 0x00, 0x00, 0x00, 0x00,
    0x00, 0x00, 0x00, 0x00, 0x00, 0x00, 0x00, 0x00, 0x00, 0x00, 0x00, 0x00,
    0x00, 0x00, 0x00, 0x00, 0x00, 0x00, 0x00, 0x00, 0x00, 0x00, 0x00, 0x00,
    0x00, 0x00, 0x00, 0x00, 0x00, 0x00, 0x00, 0x00, 0x00, 0x00, 0x00, 0x00,
    0x00, 0x00, 0x00, 0x00, 0x00, 0x00, 0x00, 0x00, 0x00, 0x00, 0x00, 0x00,
    0x00, 0x00, 0x00, 0x00, 0x00, 0x00, 0x00, 0x00, 0x00, 0x00, 0x00, 0x00,
    0x00, 0x00, 0x00, 0x00, 0x00, 0x00, 0x00, 0x00, 0x00, 0x00, 0x00, 0x00,
    0x00, 0x00, 0x00, 0x00, 0x00, 0x00, 0x00, 0x00, 0x00, 0x00, 0x00, 0x00,
    0x00, 0x00, 0x00, 0x00, 0x00, 0x00, 0x00, 0x00, 0x00, 0x00, 0x00, 0x00,
    0x00, 0x00, 0x00, 0x00, 0x00, 0x00, 0x00, 0x00, 0x00, 0x00, 0x00, 0x00,
    0x00, 0x00, 0x00, 0x00, 0x00, 0x00, 0x00, 0x00, 0x00, 0x00, 0x00, 0x00,
    0x00, 0x00, 0x00, 0x00, 0x00, 0x00, 0x00, 0x00, 0x00, 0x00, 0x00, 0x00,
    0x00, 0x00, 0x00, 0x00, 0x00, 0x00, 0x00, 0x00, 0x00, 0x00, 0x00, 0x00,
    0x00, 0x00, 0x00, 0x00, 0x00, 0x00, 0x00, 0x00, 0x00, 0x00, 0x00, 0x00,
    0x00, 0x00, 0x00, 0x00, 0x00, 0x00, 0x00, 0x00, 0x00, 0x00, 0x00, 0x00,
    0x00, 0x00, 0x00, 0x00, 0x00, 0x00, 0x00, 0x00, 0x00, 0x00, 0x00, 0x00,
    0x00, 0x00, 0x00, 0x00, 0x00, 0x00, 0x00, 0x00, 0x00, 0x00, 0x00, 0x00,
    0x00, 0x00, 0x00, 0x00, 0x00, 0x00, 0x00, 0x00, 0x00, 0x00, 0x00, 0x00,
    0x00, 0x00, 0x00, 0x00, 0x00, 0x00, 0x00, 0x00, 0x00, 0x00, 0x00, 0x00,
    0x00, 0x00, 0x00, 0x00, 0x00, 0x00, 0x00, 0x00, 0x00, 0x00, 0x00, 0x00,
    0x00, 0x00, 0x00, 0x00, 0x00, 0x00, 0x00, 0x00, 0x00, 0x00, 0x00, 0x00,
    0x00, 0x00, 0x00, 0x00, 0x00, 0x00, 0x00, 0x00, 0x00, 0x00, 0x00, 0x00,
    0x00, 0x00, 0x00, 0x00, 0x00, 0x00, 0x00, 0x00, 0x00, 0x00, 0x00, 0x00,
    0x00, 0x00, 0x00, 0x00, 0x00, 0x00, 0x00, 0x00, 0x00, 0x00, 0x00, 0x00,
    0x00, 0x00, 0x00, 0x00, 0x00, 0x00, 0x00, 0x00, 0x00, 0x00, 0x00, 0x00,
    0x00, 0x00, 0x00, 0x00, 0x00, 0x00, 0x00, 0x00, 0x00, 0x00, 0x00, 0x00,
    0x00, 0x00, 0x00, 0x00, 0x00, 0x00, 0x00, 0x00, 0x00, 0x00, 0x00, 0x00,
    0x30, 0x28, 0x20, 0x41, 0x28, 0x28, 0x28, 0x7d, 0x28, 0x28, 0x28, 0xbe,
    0x30, 0x28, 0x28, 0xcf, 0x28, 0x2c, 0x28, 0xef, 0x30, 0x2c, 0x28, 0xff,
    0x30, 0x28, 0x28, 0xff, 0x28, 0x28, 0x28, 0xff, 0x30, 0x28, 0x28, 0xff,
    0x30, 0x28, 0x28, 0xff, 0x28, 0x2c, 0x20, 0xff, 0x30, 0x28, 0x28, 0xff,
    0x30, 0x28, 0x28, 0xff, 0x28, 0x28, 0x20, 0xff, 0x28, 0x28, 0x28, 0xff,
    0x30, 0x2c, 0x28, 0xff, 0x30, 0x28, 0x28, 0xff, 0x28, 0x28, 0x28, 0xff,
    0x30, 0x28, 0x28, 0xff, 0x30, 0x28, 0x28, 0xff, 0x28, 0x2c, 0x20, 0xff,
    0x28, 0x28, 0x28, 0xff, 0x30, 0x28, 0x28, 0xff, 0x28, 0x2c, 0x20, 0xff,
    0x28, 0x28, 0x28, 0xff, 0x30, 0x28, 0x28, 0xff, 0x28, 0x28, 0x28, 0xff,
    0x30, 0x28, 0x28, 0xff, 0x30, 0x28, 0x20, 0xff, 0x28, 0x2c, 0x28, 0xff,
    0x30, 0x2c, 0x28, 0xff, 0x28, 0x28, 0x20, 0xff, 0x28, 0x28, 0x28, 0xff,
    0x30, 0x28, 0x28, 0xff, 0x30, 0x28, 0x20, 0xff, 0x28, 0x28, 0x28, 0xff,
    0x28, 0x2c, 0x28, 0xff, 0x30, 0x28, 0x28, 0xff, 0x28, 0x28, 0x28, 0xff,
    0x28, 0x2c, 0x28, 0xff, 0x30, 0x2c, 0x28, 0xef, 0x30, 0x28, 0x28, 0xdf,
    0x28, 0x28, 0x28, 0xae, 0x28, 0x28, 0x20, 0x8e, 0x30, 0x28, 0x20, 0x41,
    0x20, 0x20, 0x20, 0x10, 0x00, 0x00, 0x00, 0x00, 0x00, 0x00, 0x00, 0x00,
    0x00, 0x00, 0x00, 0x00, 0x00, 0x00, 0x00, 0x00, 0x00, 0x00, 0x00, 0x00,
    0x00, 0x00, 0x00, 0x00, 0x00, 0x00, 0x00, 0x00, 0x00, 0x00, 0x00, 0x00,
    0x50, 0x50, 0x48, 0x20, 0x50, 0x4c, 0x48, 0xdf, 0x50, 0x4c, 0x48, 0xff,
    0x50, 0x48, 0x40, 0xff, 0x50, 0x4c, 0x48, 0xff, 0x50, 0x4c, 0x48, 0xff,
    0x50, 0x48, 0x48, 0xdf, 0x50, 0x48, 0x48, 0x20, 0x00, 0x00, 0x00, 0x00,
    0x00, 0x00, 0x00, 0x00, 0x00, 0x00, 0x00, 0x00, 0x00, 0x00, 0x00, 0x00,
    0x00, 0x00, 0x00, 0x00, 0x00, 0x00, 0x00, 0x00, 0x00, 0x00, 0x00, 0x00,
    0x00, 0x00, 0x00, 0x00, 0x00, 0x00, 0x00, 0x00, 0x00, 0x00, 0x00, 0x00,
    0x00, 0x00, 0x00, 0x00, 0x00, 0x00, 0x00, 0x00, 0x00, 0x00, 0x00, 0x00,
    0x00, 0x00, 0x00, 0x00, 0x00, 0x00, 0x00, 0x00, 0x50, 0x48, 0x48, 0x20,
    0x50, 0x48, 0x48, 0xdf, 0x50, 0x4c, 0x48, 0xff, 0x50, 0x4c, 0x48, 0xff,
    0x50, 0x4c, 0x40, 0xff, 0x50, 0x4c, 0x48, 0xff, 0x50, 0x4c, 0x48, 0xef,
    0x50, 0x48, 0x48, 0x71, 0x00, 0x00, 0x00, 0x00, 0x00, 0x00, 0x00, 0x00,
    0x00, 0x00, 0x00, 0x00, 0x00, 0x00, 0x00, 0x00, 0x00, 0x00, 0x00, 0x00,
    0x00, 0x00, 0x00, 0x00, 0x00, 0x00, 0x00, 0x00, 0x00, 0x00, 0x00, 0x00,
    0x00, 0x00, 0x00, 0x00, 0x00, 0x00, 0x00, 0x00, 0x00, 0x00, 0x00, 0x00,
    0x00, 0x00, 0x00, 0x00, 0x00, 0x00, 0x00, 0x00, 0x00, 0x00, 0x00, 0x00,
    0x00, 0x00, 0x00, 0x00, 0x00, 0x00, 0x00, 0x00, 0x00, 0x00, 0x00, 0x00,
    0x00, 0x00, 0x00, 0x00, 0x00, 0x00, 0x00, 0x00, 0x00, 0x00, 0x00, 0x00,
    0x00, 0x00, 0x00, 0x00, 0x00, 0x00, 0x00, 0x00, 0x00, 0x00, 0x00, 0x00,
    0x00, 0x00, 0x00, 0x00, 0x00, 0x00, 0x00, 0x00, 0x00, 0x00, 0x00, 0x00,
    0x00, 0x00, 0x00, 0x00, 0x00, 0x00, 0x00, 0x00, 0x00, 0x00, 0x00, 0x00,
    0x00, 0x00, 0x00, 0x00, 0x00, 0x00, 0x00, 0x00, 0x00, 0x00, 0x00, 0x00,
    0x00, 0x00, 0x00, 0x00, 0x00, 0x00, 0x00, 0x00, 0x00, 0x00, 0x00, 0x00,
    0x00, 0x00, 0x00, 0x00, 0x00, 0x00, 0x00, 0x00, 0x00, 0x00, 0x00, 0x00,
    0x00, 0x00, 0x00, 0x00, 0x00, 0x00, 0x00, 0x00, 0x00, 0x00, 0x00, 0x00,
    0x00, 0x00, 0x00, 0x00, 0x00, 0x00, 0x00, 0x00, 0x00, 0x00, 0x00, 0x00,
    0x00, 0x00, 0x00, 0x00, 0x00, 0x00, 0x00, 0x00, 0x00, 0x00, 0x00, 0x00,
    0x00, 0x00, 0x00, 0x00, 0x00, 0x00, 0x00, 0x00, 0x00, 0x00, 0x00, 0x00,
    0x00, 0x00, 0x00, 0x00, 0x00, 0x00, 0x00, 0x00, 0x00, 0x00, 0x00, 0x00,
    0x00, 0x00, 0x00, 0x00, 0x00, 0x00, 0x00, 0x00, 0x00, 0x00, 0x00, 0x00,
    0x00, 0x00, 0x00, 0x00, 0x00, 0x00, 0x00, 0x00, 0x00, 0x00, 0x00, 0x00,
    0x00, 0x00, 0x00, 0x00, 0x00, 0x00, 0x00, 0x00, 0x00, 0x00, 0x00, 0x00,
    0x00, 0x00, 0x00, 0x00, 0x00, 0x00, 0x00, 0x00, 0x00, 0x00, 0x00, 0x00,
    0x00, 0x00, 0x00, 0x00, 0x00, 0x00, 0x00, 0x00, 0x00, 0x00, 0x00, 0x00,
    0x00, 0x00, 0x00, 0x00, 0x00, 0x00, 0x00, 0x00, 0x00, 0x00, 0x00, 0x00,
    0x00, 0x00, 0x00, 0x00, 0x00, 0x00, 0x00, 0x00, 0x00, 0x00, 0x00, 0x00,
    0x00, 0x00, 0x00, 0x00, 0x00, 0x00, 0x00, 0x00, 0x00, 0x00, 0x00, 0x00,
    0x00, 0x00, 0x00, 0x00, 0x00, 0x00, 0x00, 0x00, 0x00, 0x00, 0x00, 0x00,
    0x00, 0x00, 0x00, 0x00, 0x00, 0x00, 0x00, 0x00, 0x00, 0x00, 0x00, 0x00,
    0x00, 0x00, 0x00, 0x00, 0x00, 0x00, 0x00, 0x00, 0x00, 0x00, 0x00, 0x00,
    0x00, 0x00, 0x00, 0x00, 0x00, 0x00, 0x00, 0x00, 0x00, 0x00, 0x00, 0x00,
    0x00, 0x00, 0x00, 0x00, 0x00, 0x00, 0x00, 0x00, 0x00, 0x00, 0x00, 0x00,
    0x00, 0x00, 0x00, 0x00, 0x00, 0x00, 0x00, 0x00, 0x00, 0x00, 0x00, 0x00,
    0x00, 0x00, 0x00, 0x00, 0x00, 0x00, 0x00, 0x00, 0x00, 0x00, 0x00, 0x00,
    0x00, 0x00, 0x00, 0x00, 0x00, 0x00, 0x00, 0x00, 0x00, 0x00, 0x00, 0x00,
    0x00, 0x00, 0x00, 0x00, 0x00, 0x00, 0x00, 0x00, 0x00, 0x00, 0x00, 0x00,
    0x00, 0x00, 0x00, 0x00, 0x00, 0x00, 0x00, 0x00, 0x00, 0x00, 0x00, 0x00,
    0x00, 0x00, 0x00, 0x00, 0x00, 0x00, 0x00, 0x00, 0x00, 0x00, 0x00, 0x00,
    0x00, 0x00, 0x00, 0x00, 0x00, 0x00, 0x00, 0x00, 0x00, 0x00, 0x00, 0x00,
    0x00, 0x00, 0x00, 0x00, 0x00, 0x00, 0x00, 0x00, 0x00, 0x00, 0x00, 0x00,
    0x00, 0x00, 0x00, 0x00, 0x00, 0x00, 0x00, 0x00, 0x00, 0x00, 0x00, 0x00,
    0x00, 0x00, 0x00, 0x00, 0x00, 0x00, 0x00, 0x00, 0x00, 0x00, 0x00, 0x00,
    0x00, 0x00, 0x00, 0x00, 0x00, 0x00, 0x00, 0x00, 0x00, 0x00, 0x00, 0x00,
    0x00, 0x00, 0x00, 0x00, 0x00, 0x00, 0x00, 0x00, 0x00, 0x00, 0x00, 0x00,
    0x00, 0x00, 0x00, 0x00, 0x00, 0x00, 0x00, 0x00, 0x00, 0x00, 0x00, 0x00,
    0x00, 0x00, 0x00, 0x00, 0x00, 0x00, 0x00, 0x00, 0x00, 0x00, 0x00, 0x00,
    0x00, 0x00, 0x00, 0x00, 0x00, 0x00, 0x00, 0x00, 0x00, 0x00, 0x00, 0x00,
    0x00, 0x00, 0x00, 0x00, 0x50, 0x4c, 0x48, 0x71, 0x50, 0x4c, 0x48, 0xef,
    0x50, 0x4c, 0x48, 0xff, 0x50, 0x4c, 0x48, 0xff, 0x50, 0x4c, 0x48, 0xff,
    0x50, 0x4c, 0x48, 0xff, 0x50, 0x48, 0x48, 0xdf, 0x50, 0x48, 0x48, 0x20,
    0x00, 0x00, 0x00, 0x00, 0x00, 0x00, 0x00, 0x00, 0x00, 0x00, 0x00, 0x00,
    0x00, 0x00, 0x00, 0x00, 0x00, 0x00, 0x00, 0x00, 0x00, 0x00, 0x00, 0x00,
    0x00, 0x00, 0x00, 0x00, 0x00, 0x00, 0x00, 0x00, 0x00, 0x00, 0x00, 0x00,
    0x00, 0x00, 0x00, 0x00, 0x00, 0x00, 0x00, 0x00, 0x00, 0x00, 0x00, 0x00,
    0x00, 0x00, 0x00, 0x00, 0x00, 0x00, 0x00, 0x00, 0x00, 0x00, 0x00, 0x00,
    0x00, 0x00, 0x00, 0x00, 0x00, 0x00, 0x00, 0x00, 0x50, 0x48, 0x48, 0x20,
    0x50, 0x4c, 0x48, 0xcf, 0x50, 0x4c, 0x48, 0xff, 0x50, 0x48, 0x48, 0xff,
    0x50, 0x4c, 0x48, 0xff, 0x50, 0x4c, 0x48, 0xff, 0x50, 0x4c, 0x48, 0xff,
    0x50, 0x4c, 0x48, 0xdf, 0x50, 0x50, 0x48, 0x20, 0x00, 0x00, 0x00, 0x00,
    0x00, 0x00, 0x00, 0x00, 0x00, 0x00, 0x00, 0x00, 0x00, 0x00, 0x00, 0x00,
    0x00, 0x00, 0x00, 0x00, 0x00, 0x00, 0x00, 0x00, 0x00, 0x00, 0x00, 0x00,
    0x00, 0x00, 0x00, 0x00, 0x00, 0x00, 0x00, 0x00, 0x00, 0x00, 0x00, 0x00,
    0x00, 0x00, 0x00, 0x00, 0x00, 0x00, 0x00, 0x00, 0x00, 0x00, 0x00, 0x00,
    0x00, 0x00, 0x00, 0x00, 0x00, 0x00, 0x00, 0x00, 0x00, 0x00, 0x00, 0x00,
    0x00, 0x00, 0x00, 0x00, 0x00, 0x00, 0x00, 0x00, 0x00, 0x00, 0x00, 0x00,
    0x00, 0x00, 0x00, 0x00, 0x00, 0x00, 0x00, 0x00, 0x00, 0x00, 0x00, 0x00,
    0x00, 0x00, 0x00, 0x00, 0x00, 0x00, 0x00, 0x00, 0x00, 0x00, 0x00, 0x00,
    0x00, 0x00, 0x00, 0x00, 0x00, 0x00, 0x00, 0x00, 0x00, 0x00, 0x00, 0x00,
    0x00, 0x00, 0x00, 0x00, 0x00, 0x00, 0x00, 0x00, 0x00, 0x00, 0x00, 0x00,
    0x00, 0x00, 0x00, 0x00, 0x00, 0x00, 0x00, 0x00, 0x00, 0x00, 0x00, 0x00,
    0x00, 0x00, 0x00, 0x00, 0x00, 0x00, 0x00, 0x00, 0x00, 0x00, 0x00, 0x00,
    0x00, 0x00, 0x00, 0x00, 0x00, 0x00, 0x00, 0x00, 0x00, 0x00, 0x00, 0x00,
    0x00, 0x00, 0x00, 0x00, 0x00, 0x00, 0x00, 0x00, 0x00, 0x00, 0x00, 0x00,
    0x00, 0x00, 0x00, 0x00, 0x00, 0x00, 0x00, 0x00, 0x00, 0x00, 0x00, 0x00,
    0x00, 0x00, 0x00, 0x00, 0x00, 0x00, 0x00, 0x00, 0x00, 0x00, 0x00, 0x00,
    0x00, 0x00, 0x00, 0x00, 0x00, 0x00, 0x00, 0x00, 0x00, 0x00, 0x00, 0x00,
    0x00, 0x00, 0x00, 0x00, 0x00, 0x00, 0x00, 0x00, 0x00, 0x00, 0x00, 0x00,
    0x00, 0x00, 0x00, 0x00, 0x00, 0x00, 0x00, 0x00, 0x00, 0x00, 0x00, 0x00,
    0x00, 0x00, 0x00, 0x00, 0x00, 0x00, 0x00, 0x00, 0x00, 0x00, 0x00, 0x00,
    0x00, 0x00, 0x00, 0x00, 0x00, 0x00, 0x00, 0x00, 0x00, 0x00, 0x00, 0x00,
    0x00, 0x00, 0x00, 0x00, 0x00, 0x00, 0x00, 0x00, 0x00, 0x00, 0x00, 0x00,
    0x00, 0x00, 0x00, 0x00, 0x00, 0x00, 0x00, 0x00, 0x00, 0x00, 0x00, 0x00,
    0x00, 0x00, 0x00, 0x00, 0x00, 0x00, 0x00, 0x00, 0x00, 0x00, 0x00, 0x00,
    0x00, 0x00, 0x00, 0x00, 0x00, 0x00, 0x00, 0x00, 0x00, 0x00, 0x00, 0x00,
    0x00, 0x00, 0x00, 0x00, 0x00, 0x00, 0x00, 0x00, 0x00, 0x00, 0x00, 0x00,
    0x00, 0x00, 0x00, 0x00, 0x00, 0x00, 0x00, 0x00, 0x00, 0x00, 0x00, 0x00,
    0x00, 0x00, 0x00, 0x00, 0x00, 0x00, 0x00, 0x00, 0x00, 0x00, 0x00, 0x00,
    0x00, 0x00, 0x00, 0x00, 0x00, 0x00, 0x00, 0x00, 0x00, 0x00, 0x00, 0x00,
    0x00, 0x00, 0x00, 0x00, 0x00, 0x00, 0x00, 0x00, 0x00, 0x00, 0x00, 0x00,
    0x00, 0x00, 0x00, 0x00, 0x00, 0x00, 0x00, 0x00, 0x00, 0x00, 0x00, 0x00,
    0x00, 0x00, 0x00, 0x00, 0x00, 0x00, 0x00, 0x00, 0x00, 0x00, 0x00, 0x00,
    0x00, 0x00, 0x00, 0x00, 0x00, 0x00, 0x00, 0x00, 0x00, 0x00, 0x00, 0x00,
    0x00, 0x00, 0x00, 0x00, 0x00, 0x00, 0x00, 0x00, 0x00, 0x00, 0x00, 0x00,
    0x00, 0x00, 0x00, 0x00, 0x00, 0x00, 0x00, 0x00, 0x00, 0x00, 0x00, 0x00,
    0x00, 0x00, 0x00, 0x00, 0x00, 0x00, 0x00, 0x00, 0x00, 0x00, 0x00, 0x00,
    0x00, 0x00, 0x00, 0x00, 0x00, 0x00, 0x00, 0x00, 0x00, 0x00, 0x00, 0x00,
    0x00, 0x00, 0x00, 0x00, 0x00, 0x00, 0x00, 0x00, 0x00, 0x00, 0x00, 0x00,
    0x00, 0x00, 0x00, 0x00, 0x00, 0x00, 0x00, 0x00, 0x00, 0x00, 0x00, 0x00,
    0x00, 0x00, 0x00, 0x00, 0x00, 0x00, 0x00, 0x00, 0x00, 0x00, 0x00, 0x00,
    0x00, 0x00, 0x00, 0x00, 0x00, 0x00, 0x00, 0x00, 0x00, 0x00, 0x00, 0x00,
    0x00, 0x00, 0x00, 0x00, 0x00, 0x00, 0x00, 0x00, 0x00, 0x00, 0x00, 0x00,
    0x00, 0x00, 0x00, 0x00, 0x00, 0x00, 0x00, 0x00, 0x00, 0x00, 0x00, 0x00,
    0x00, 0x00, 0x00, 0x00, 0x00, 0x00, 0x00, 0x00, 0x00, 0x00, 0x00, 0x00,
    0x00, 0x00, 0x00, 0x00, 0x50, 0x4c, 0x48, 0x41, 0x50, 0x4c, 0x48, 0xbe,
    0x50, 0x4c, 0x48, 0xff, 0x50, 0x4c, 0x48, 0xff, 0x50, 0x48, 0x48, 0xff,
    0x50, 0x4c, 0x40, 0xff, 0x50, 0x4c, 0x48, 0xff, 0x50, 0x48, 0x40, 0xcf,
    0x50, 0x40, 0x40, 0x10, 0x00, 0x00, 0x00, 0x00, 0x00, 0x00, 0x00, 0x00,
    0x00, 0x00, 0x00, 0x00, 0x00, 0x00, 0x00, 0x00, 0x00, 0x00, 0x00, 0x00,
    0x00, 0x00, 0x00, 0x00, 0x00, 0x00, 0x00, 0x00, 0x00, 0x00, 0x00, 0x00,
    0x00, 0x00, 0x00, 0x00, 0x00, 0x00, 0x00, 0x00, 0x00, 0x00, 0x00, 0x00,
    0x00, 0x00, 0x00, 0x00, 0x00, 0x00, 0x00, 0x00, 0x00, 0x00, 0x00, 0x00,
    0x00, 0x00, 0x00, 0x00, 0x00, 0x00, 0x00, 0x00, 0x00, 0x00, 0x00, 0x00,
    0x00, 0x00, 0x00, 0x00, 0x00, 0x00, 0x00, 0x00, 0x00, 0x00, 0x00, 0x00,
    0x50, 0x4c, 0x48, 0x8e, 0x50, 0x48, 0x48, 0xff, 0x50, 0x4c, 0x40, 0xff,
    0x50, 0x48, 0x48, 0xff, 0x50, 0x4c, 0x48, 0xff, 0x50, 0x4c, 0x40, 0xff,
    0x50, 0x48, 0x48, 0xff, 0x50, 0x4c, 0x48, 0x9e, 0x50, 0x48, 0x40, 0x30,
    0x00, 0x00, 0x00, 0x00, 0x00, 0x00, 0x00, 0x00, 0x00, 0x00, 0x00, 0x00,
    0x00, 0x00, 0x00, 0x00, 0x00, 0x00, 0x00, 0x00, 0x00, 0x00, 0x00, 0x00,
    0x00, 0x00, 0x00, 0x00, 0x00, 0x00, 0x00, 0x00, 0x00, 0x00, 0x00, 0x00,
    0x00, 0x00, 0x00, 0x00, 0x00, 0x00, 0x00, 0x00, 0x00, 0x00, 0x00, 0x00,
    0x00, 0x00, 0x00, 0x00, 0x00, 0x00, 0x00, 0x00, 0x00, 0x00, 0x00, 0x00,
    0x00, 0x00, 0x00, 0x00, 0x00, 0x00, 0x00, 0x00, 0x00, 0x00, 0x00, 0x00,
    0x00, 0x00, 0x00, 0x00, 0x00, 0x00, 0x00, 0x00, 0x00, 0x00, 0x00, 0x00,
    0x00, 0x00, 0x00, 0x00, 0x00, 0x00, 0x00, 0x00, 0x00, 0x00, 0x00, 0x00,
    0x00, 0x00, 0x00, 0x00, 0x00, 0x00, 0x00, 0x00, 0x00, 0x00, 0x00, 0x00,
    0x00, 0x00, 0x00, 0x00, 0x00, 0x00, 0x00, 0x00, 0x00, 0x00, 0x00, 0x00,
    0x00, 0x00, 0x00, 0x00, 0x00, 0x00, 0x00, 0x00, 0x00, 0x00, 0x00, 0x00,
    0x00, 0x00, 0x00, 0x00, 0x00, 0x00, 0x00, 0x00, 0x00, 0x00, 0x00, 0x00,
    0x00, 0x00, 0x00, 0x00, 0x00, 0x00, 0x00, 0x00, 0x00, 0x00, 0x00, 0x00,
    0x00, 0x00, 0x00, 0x00, 0x00, 0x00, 0x00, 0x00, 0x00, 0x00, 0x00, 0x00,
    0x00, 0x00, 0x00, 0x00, 0x00, 0x00, 0x00, 0x00, 0x00, 0x00, 0x00, 0x00,
    0x00, 0x00, 0x00, 0x00, 0x00, 0x00, 0x00, 0x00, 0x00, 0x00, 0x00, 0x00,
    0x00, 0x00, 0x00, 0x00, 0x00, 0x00, 0x00, 0x00, 0x00, 0x00, 0x00, 0x00,
    0x00, 0x00, 0x00, 0x00, 0x00, 0x00, 0x00, 0x00, 0x00, 0x00, 0x00, 0x00,
    0x00, 0x00, 0x00, 0x00, 0x00, 0x00, 0x00, 0x00, 0x00, 0x00, 0x00, 0x00,
    0x00, 0x00, 0x00, 0x00, 0x00, 0x00, 0x00, 0x00, 0x00, 0x00, 0x00, 0x00,
    0x00, 0x00, 0x00, 0x00, 0x00, 0x00, 0x00, 0x00, 0x00, 0x00, 0x00, 0x00,
    0x00, 0x00, 0x00, 0x00, 0x00, 0x00, 0x00, 0x00, 0x00, 0x00, 0x00, 0x00,
    0x00, 0x00, 0x00, 0x00, 0x00, 0x00, 0x00, 0x00, 0x00, 0x00, 0x00, 0x00,
    0x00, 0x00, 0x00, 0x00, 0x00, 0x00, 0x00, 0x00, 0x00, 0x00, 0x00, 0x00,
    0x00, 0x00, 0x00, 0x00, 0x00, 0x00, 0x00, 0x00, 0x00, 0x00, 0x00, 0x00,
    0x00, 0x00, 0x00, 0x00, 0x00, 0x00, 0x00, 0x00, 0x00, 0x00, 0x00, 0x00,
    0x00, 0x00, 0x00, 0x00, 0x00, 0x00, 0x00, 0x00, 0x00, 0x00, 0x00, 0x00,
    0x00, 0x00, 0x00, 0x00, 0x00, 0x00, 0x00, 0x00, 0x00, 0x00, 0x00, 0x00,
    0x00, 0x00, 0x00, 0x00, 0x00, 0x00, 0x00, 0x00, 0x00, 0x00, 0x00, 0x00,
    0x00, 0x00, 0x00, 0x00, 0x00, 0x00, 0x00, 0x00, 0x00, 0x00, 0x00, 0x00,
    0x00, 0x00, 0x00, 0x00, 0x00, 0x00, 0x00, 0x00, 0x00, 0x00, 0x00, 0x00,
    0x00, 0x00, 0x00, 0x00, 0x00, 0x00, 0x00, 0x00, 0x00, 0x00, 0x00, 0x00,
    0x00, 0x00, 0x00, 0x00, 0x00, 0x00, 0x00, 0x00, 0x00, 0x00, 0x00, 0x00,
    0x00, 0x00, 0x00, 0x00, 0x00, 0x00, 0x00, 0x00, 0x00, 0x00, 0x00, 0x00,
    0x00, 0x00, 0x00, 0x00, 0x00, 0x00, 0x00, 0x00, 0x00, 0x00, 0x00, 0x00,
    0x00, 0x00, 0x00, 0x00, 0x00, 0x00, 0x00, 0x00, 0x00, 0x00, 0x00, 0x00,
    0x00, 0x00, 0x00, 0x00, 0x00, 0x00, 0x00, 0x00, 0x00, 0x00, 0x00, 0x00,
    0x00, 0x00, 0x00, 0x00, 0x00, 0x00, 0x00, 0x00, 0x00, 0x00, 0x00, 0x00,
    0x00, 0x00, 0x00, 0x00, 0x00, 0x00, 0x00, 0x00, 0x00, 0x00, 0x00, 0x00,
    0x00, 0x00, 0x00, 0x00, 0x00, 0x00, 0x00, 0x00, 0x00, 0x00, 0x00, 0x00,
    0x00, 0x00, 0x00, 0x00, 0x00, 0x00, 0x00, 0x00, 0x00, 0x00, 0x00, 0x00,
    0x00, 0x00, 0x00, 0x00, 0x00, 0x00, 0x00, 0x00, 0x00, 0x00, 0x00, 0x00,
    0x00, 0x00, 0x00, 0x00, 0x00, 0x00, 0x00, 0x00, 0x00, 0x00, 0x00, 0x00,
    0x00, 0x00, 0x00, 0x00, 0x50, 0x4c, 0x48, 0x41, 0x50, 0x4c, 0x48, 0xbe,
    0x50, 0x4c, 0x48, 0xff, 0x50, 0x4c, 0x48, 0xff, 0x50, 0x4c, 0x48, 0xff,
    0x50, 0x4c, 0x48, 0xff, 0x50, 0x48, 0x48, 0xff, 0x50, 0x4c, 0x48, 0xff,
    0x50, 0x48, 0x48, 0x8e, 0x00, 0x00, 0x00, 0x00, 0x00, 0x00, 0x00, 0x00,
    0x00, 0x00, 0x00, 0x00, 0x00, 0x00, 0x00, 0x00, 0x00, 0x00, 0x00, 0x00,
    0x00, 0x00, 0x00, 0x00, 0x00, 0x00, 0x00, 0x00, 0x00, 0x00, 0x00, 0x00,
    0x00, 0x00, 0x00, 0x00, 0x00, 0x00, 0x00, 0x00, 0x00, 0x00, 0x00, 0x00,
    0x00, 0x00, 0x00, 0x00, 0x00, 0x00, 0x00, 0x00, 0x00, 0x00, 0x00, 0x00,
    0x00, 0x00, 0x00, 0x00, 0x00, 0x00, 0x00, 0x00, 0x00, 0x00, 0x00, 0x00,
    0x00, 0x00, 0x00, 0x00, 0x00, 0x00, 0x00, 0x00, 0x00, 0x00, 0x00, 0x00,
    0x00, 0x00, 0x00, 0x00, 0x00, 0x00, 0x00, 0x00, 0x00, 0x00, 0x00, 0x00,
    0x50, 0x48, 0x40, 0x61, 0x50, 0x48, 0x48, 0xdf, 0x50, 0x4c, 0x48, 0xff,
    0x50, 0x4c, 0x48, 0xff, 0x50, 0x48, 0x48, 0xff, 0x50, 0x4c, 0x48, 0xff,
    0x50, 0x4c, 0x48, 0xff, 0x50, 0x4c, 0x48, 0xff, 0x50, 0x48, 0x48, 0xcf,
    0x50, 0x4c, 0x48, 0x61, 0x50, 0x50, 0x48, 0x20, 0x00, 0x00, 0x00, 0x00,
    0x00, 0x00, 0x00, 0x00, 0x00, 0x00, 0x00, 0x00, 0x00, 0x00, 0x00, 0x00,
    0x00, 0x00, 0x00, 0x00, 0x00, 0x00, 0x00, 0x00, 0x00, 0x00, 0x00, 0x00,
    0x00, 0x00, 0x00, 0x00, 0x00, 0x00, 0x00, 0x00, 0x00, 0x00, 0x00, 0x00,
    0x00, 0x00, 0x00, 0x00, 0x00, 0x00, 0x00, 0x00, 0x00, 0x00, 0x00, 0x00,
    0x00, 0x00, 0x00, 0x00, 0x00, 0x00, 0x00, 0x00, 0x00, 0x00, 0x00, 0x00,
    0x00, 0x00, 0x00, 0x00, 0x00, 0x00, 0x00, 0x00, 0x00, 0x00, 0x00, 0x00,
    0x00, 0x00, 0x00, 0x00, 0x00, 0x00, 0x00, 0x00, 0x00, 0x00, 0x00, 0x00,
    0x00, 0x00, 0x00, 0x00, 0x00, 0x00, 0x00, 0x00, 0x00, 0x00, 0x00, 0x00,
    0x00, 0x00, 0x00, 0x00, 0x00, 0x00, 0x00, 0x00, 0x00, 0x00, 0x00, 0x00,
    0x00, 0x00, 0x00, 0x00, 0x00, 0x00, 0x00, 0x00, 0x00, 0x00, 0x00, 0x00,
    0x00, 0x00, 0x00, 0x00, 0x00, 0x00, 0x00, 0x00, 0x00, 0x00, 0x00, 0x00,
    0x00, 0x00, 0x00, 0x00, 0x00, 0x00, 0x00, 0x00, 0x00, 0x00, 0x00, 0x00,
    0x00, 0x00, 0x00, 0x00, 0x00, 0x00, 0x00, 0x00, 0x00, 0x00, 0x00, 0x00,
    0x00, 0x00, 0x00, 0x00, 0x00, 0x00, 0x00, 0x00, 0x00, 0x00, 0x00, 0x00,
    0x00, 0x00, 0x00, 0x00, 0x00, 0x00, 0x00, 0x00, 0x00, 0x00, 0x00, 0x00,
    0x00, 0x00, 0x00, 0x00, 0x00, 0x00, 0x00, 0x00, 0x00, 0x00, 0x00, 0x00,
    0x00, 0x00, 0x00, 0x00, 0x00, 0x00, 0x00, 0x00, 0x00, 0x00, 0x00, 0x00,
    0x00, 0x00, 0x00, 0x00, 0x00, 0x00, 0x00, 0x00, 0x00, 0x00, 0x00, 0x00,
    0x00, 0x00, 0x00, 0x00, 0x00, 0x00, 0x00, 0x00, 0x00, 0x00, 0x00, 0x00,
    0x00, 0x00, 0x00, 0x00, 0x00, 0x00, 0x00, 0x00, 0x00, 0x00, 0x00, 0x00,
    0x00, 0x00, 0x00, 0x00, 0x00, 0x00, 0x00, 0x00, 0x00, 0x00, 0x00, 0x00,
    0x00, 0x00, 0x00, 0x00, 0x00, 0x00, 0x00, 0x00, 0x00, 0x00, 0x00, 0x00,
    0x00, 0x00, 0x00, 0x00, 0x00, 0x00, 0x00, 0x00, 0x00, 0x00, 0x00, 0x00,
    0x00, 0x00, 0x00, 0x00, 0x00, 0x00, 0x00, 0x00, 0x00, 0x00, 0x00, 0x00,
    0x00, 0x00, 0x00, 0x00, 0x00, 0x00, 0x00, 0x00, 0x00, 0x00, 0x00, 0x00,
    0x00, 0x00, 0x00, 0x00, 0x00, 0x00, 0x00, 0x00, 0x00, 0x00, 0x00, 0x00,
    0x00, 0x00, 0x00, 0x00, 0x00, 0x00, 0x00, 0x00, 0x00, 0x00, 0x00, 0x00,
    0x00, 0x00, 0x00, 0x00, 0x00, 0x00, 0x00, 0x00, 0x00, 0x00, 0x00, 0x00,
    0x00, 0x00, 0x00, 0x00, 0x00, 0x00, 0x00, 0x00, 0x00, 0x00, 0x00, 0x00,
    0x00, 0x00, 0x00, 0x00, 0x00, 0x00, 0x00, 0x00, 0x00, 0x00, 0x00, 0x00,
    0x00, 0x00, 0x00, 0x00, 0x00, 0x00, 0x00, 0x00, 0x00, 0x00, 0x00, 0x00,
    0x00, 0x00, 0x00, 0x00, 0x00, 0x00, 0x00, 0x00, 0x00, 0x00, 0x00, 0x00,
    0x00, 0x00, 0x00, 0x00, 0x00, 0x00, 0x00, 0x00, 0x00, 0x00, 0x00, 0x00,
    0x00, 0x00, 0x00, 0x00, 0x00, 0x00, 0x00, 0x00, 0x00, 0x00, 0x00, 0x00,
    0x00, 0x00, 0x00, 0x00, 0x00, 0x00, 0x00, 0x00, 0x00, 0x00, 0x00, 0x00,
    0x00, 0x00, 0x00, 0x00, 0x00, 0x00, 0x00, 0x00, 0x00, 0x00, 0x00, 0x00,
    0x00, 0x00, 0x00, 0x00, 0x00, 0x00, 0x00, 0x00, 0x00, 0x00, 0x00, 0x00,
    0x00, 0x00, 0x00, 0x00, 0x00, 0x00, 0x00, 0x00, 0x00, 0x00, 0x00, 0x00,
    0x00, 0x00, 0x00, 0x00, 0x00, 0x00, 0x00, 0x00, 0x00, 0x00, 0x00, 0x00,
    0x00, 0x00, 0x00, 0x00, 0x00, 0x00, 0x00, 0x00, 0x00, 0x00, 0x00, 0x00,
    0x00, 0x00, 0x00, 0x00, 0x00, 0x00, 0x00, 0x00, 0x00, 0x00, 0x00, 0x00,
    0x50, 0x50, 0x40, 0x10, 0x50, 0x4c, 0x48, 0x6d, 0x50, 0x4c, 0x48, 0xbe,
    0x50, 0x4c, 0x48, 0xff, 0x50, 0x4c, 0x48, 0xff, 0x50, 0x4c, 0x48, 0xff,
    0x50, 0x4c, 0x48, 0xff, 0x50, 0x48, 0x48, 0xff, 0x50, 0x4c, 0x40, 0xff,
    0x50, 0x4c, 0x48, 0xef, 0x50, 0x48, 0x48, 0x6d, 0x00, 0x00, 0x00, 0x00,
    0x00, 0x00, 0x00, 0x00, 0x00, 0x00, 0x00, 0x00, 0x00, 0x00, 0x00, 0x00,
    0x00, 0x00, 0x00, 0x00, 0x00, 0x00, 0x00, 0x00, 0x00, 0x00, 0x00, 0x00,
    0x00, 0x00, 0x00, 0x00, 0x00, 0x00, 0x00, 0x00, 0x00, 0x00, 0x00, 0x00,
    0x00, 0x00, 0x00, 0x00, 0x00, 0x00, 0x00, 0x00, 0x00, 0x00, 0x00, 0x00,
    0x00, 0x00, 0x00, 0x00, 0x00, 0x00, 0x00, 0x00, 0x00, 0x00, 0x00, 0x00,
    0x00, 0x00, 0x00, 0x00, 0x00, 0x00, 0x00, 0x00, 0x00, 0x00, 0x00, 0x00,
    0x00, 0x00, 0x00, 0x00, 0x00, 0x00, 0x00, 0x00, 0x00, 0x00, 0x00, 0x00,
    0x00, 0x00, 0x00, 0x00, 0x00, 0x00, 0x00, 0x00, 0x00, 0x00, 0x00, 0x00,
    0x50, 0x48, 0x48, 0x20, 0x50, 0x4c, 0x48, 0x9e, 0x50, 0x4c, 0x48, 0xff,
    0x50, 0x4c, 0x48, 0xff, 0x50, 0x4c, 0x48, 0xff, 0x50, 0x4c, 0x48, 0xff,
    0x50, 0x4c, 0x48, 0xff, 0x50, 0x4c, 0x48, 0xff, 0x50, 0x4c, 0x48, 0xff,
    0x50, 0x4c, 0x48, 0xff, 0x50, 0x48, 0x48, 0xcf, 0x50, 0x4c, 0x40, 0x8e,
    0x50, 0x4c, 0x48, 0x71, 0x50, 0x4c, 0x48, 0x41, 0x50, 0x50, 0x48, 0x20,
    0x00, 0x00, 0x00, 0x00, 0x00, 0x00, 0x00, 0x00, 0x00, 0x00, 0x00, 0x00,
    0x00, 0x00, 0x00, 0x00, 0x00, 0x00, 0x00, 0x00, 0x00, 0x00, 0x00, 0x00,
    0x00, 0x00, 0x00, 0x00, 0x00, 0x00, 0x00, 0x00, 0x00, 0x00, 0x00, 0x00,
    0x00, 0x00, 0x00, 0x00, 0x00, 0x00, 0x00, 0x00, 0x00, 0x00, 0x00, 0x00,
    0x00, 0x00, 0x00, 0x00, 0x00, 0x00, 0x00, 0x00, 0x00, 0x00, 0x00, 0x00,
    0x00, 0x00, 0x00, 0x00, 0x00, 0x00, 0x00, 0x00, 0x00, 0x00, 0x00, 0x00,
    0x00, 0x00, 0x00, 0x00, 0x00, 0x00, 0x00, 0x00, 0x00, 0x00, 0x00, 0x00,
    0x00, 0x00, 0x00, 0x00, 0x00, 0x00, 0x00, 0x00, 0x00, 0x00, 0x00, 0x00,
    0x00, 0x00, 0x00, 0x00, 0x00, 0x00, 0x00, 0x00, 0x00, 0x00, 0x00, 0x00,
    0x00, 0x00, 0x00, 0x00, 0x00, 0x00, 0x00, 0x00, 0x00, 0x00, 0x00, 0x00,
    0x00, 0x00, 0x00, 0x00, 0x00, 0x00, 0x00, 0x00, 0x00, 0x00, 0x00, 0x00,
    0x00, 0x00, 0x00, 0x00, 0x00, 0x00, 0x00, 0x00, 0x00, 0x00, 0x00, 0x00,
    0x00, 0x00, 0x00, 0x00, 0x00, 0x00, 0x00, 0x00, 0x00, 0x00, 0x00, 0x00,
    0x00, 0x00, 0x00, 0x00, 0x00, 0x00, 0x00, 0x00, 0x00, 0x00, 0x00, 0x00,
    0x00, 0x00, 0x00, 0x00, 0x00, 0x00, 0x00, 0x00, 0x00, 0x00, 0x00, 0x00,
    0x00, 0x00, 0x00, 0x00, 0x00, 0x00, 0x00, 0x00, 0x00, 0x00, 0x00, 0x00,
    0x00, 0x00, 0x00, 0x00, 0x00, 0x00, 0x00, 0x00, 0x00, 0x00, 0x00, 0x00,
    0x00, 0x00, 0x00, 0x00, 0x00, 0x00, 0x00, 0x00, 0x00, 0x00, 0x00, 0x00,
    0x00, 0x00, 0x00, 0x00, 0x00, 0x00, 0x00, 0x00, 0x00, 0x00, 0x00, 0x00,
    0x00, 0x00, 0x00, 0x00, 0x00, 0x00, 0x00, 0x00, 0x00, 0x00, 0x00, 0x00,
    0x00, 0x00, 0x00, 0x00, 0x00, 0x00, 0x00, 0x00, 0x00, 0x00, 0x00, 0x00,
    0x00, 0x00, 0x00, 0x00, 0x00, 0x00, 0x00, 0x00, 0x00, 0x00, 0x00, 0x00,
    0x00, 0x00, 0x00, 0x00, 0x00, 0x00, 0x00, 0x00, 0x00, 0x00, 0x00, 0x00,
    0x00, 0x00, 0x00, 0x00, 0x00, 0x00, 0x00, 0x00, 0x00, 0x00, 0x00, 0x00,
    0x00, 0x00, 0x00, 0x00, 0x00, 0x00, 0x00, 0x00, 0x00, 0x00, 0x00, 0x00,
    0x00, 0x00, 0x00, 0x00, 0x00, 0x00, 0x00, 0x00, 0x00, 0x00, 0x00, 0x00,
    0x00, 0x00, 0x00, 0x00, 0x00, 0x00, 0x00, 0x00, 0x00, 0x00, 0x00, 0x00,
    0x00, 0x00, 0x00, 0x00, 0x00, 0x00, 0x00, 0x00, 0x00, 0x00, 0x00, 0x00,
    0x00, 0x00, 0x00, 0x00, 0x00, 0x00, 0x00, 0x00, 0x00, 0x00, 0x00, 0x00,
    0x00, 0x00, 0x00, 0x00, 0x00, 0x00, 0x00, 0x00, 0x00, 0x00, 0x00, 0x00,
    0x00, 0x00, 0x00, 0x00, 0x00, 0x00, 0x00, 0x00, 0x00, 0x00, 0x00, 0x00,
    0x00, 0x00, 0x00, 0x00, 0x00, 0x00, 0x00, 0x00, 0x00, 0x00, 0x00, 0x00,
    0x00, 0x00, 0x00, 0x00, 0x00, 0x00, 0x00, 0x00, 0x00, 0x00, 0x00, 0x00,
    0x00, 0x00, 0x00, 0x00, 0x00, 0x00, 0x00, 0x00, 0x00, 0x00, 0x00, 0x00,
    0x00, 0x00, 0x00, 0x00, 0x00, 0x00, 0x00, 0x00, 0x00, 0x00, 0x00, 0x00,
    0x00, 0x00, 0x00, 0x00, 0x00, 0x00, 0x00, 0x00, 0x00, 0x00, 0x00, 0x00,
    0x00, 0x00, 0x00, 0x00, 0x00, 0x00, 0x00, 0x00, 0x00, 0x00, 0x00, 0x00,
    0x00, 0x00, 0x00, 0x00, 0x00, 0x00, 0x00, 0x00, 0x00, 0x00, 0x00, 0x00,
    0x50, 0x50, 0x48, 0x20, 0x50, 0x4c, 0x40, 0x30, 0x50, 0x4c, 0x48, 0x61,
    0x50, 0x4c, 0x48, 0x8e, 0x50, 0x4c, 0x48, 0xcf, 0x50, 0x4c, 0x48, 0xff,
    0x50, 0x4c, 0x48, 0xff, 0x50, 0x4c, 0x48, 0xff, 0x50, 0x4c, 0x48, 0xff,
    0x50, 0x4c, 0x48, 0xff, 0x50, 0x48, 0x48, 0xff, 0x50, 0x4c, 0x48, 0xff,
    0x50, 0x4c, 0x48, 0xff, 0x50, 0x4c, 0x48, 0xbe, 0x50, 0x48, 0x48, 0x20,
    0x00, 0x00, 0x00, 0x00, 0x00, 0x00, 0x00, 0x00, 0x00, 0x00, 0x00, 0x00,
    0x00, 0x00, 0x00, 0x00, 0x00, 0x00, 0x00, 0x00, 0x00, 0x00, 0x00, 0x00,
    0x00, 0x00, 0x00, 0x00, 0x00, 0x00, 0x00, 0x00, 0x00, 0x00, 0x00, 0x00,
    0x00, 0x00, 0x00, 0x00, 0x00, 0x00, 0x00, 0x00, 0x00, 0x00, 0x00, 0x00,
    0x00, 0x00, 0x00, 0x00, 0x00, 0x00, 0x00, 0x00, 0x00, 0x00, 0x00, 0x00,
    0x00, 0x00, 0x00, 0x00, 0x00, 0x00, 0x00, 0x00, 0x00, 0x00, 0x00, 0x00,
    0x00, 0x00, 0x00, 0x00, 0x00, 0x00, 0x00, 0x00, 0x00, 0x00, 0x00, 0x00,
    0x00, 0x00, 0x00, 0x00, 0x00, 0x00, 0x00, 0x00, 0x00, 0x00, 0x00, 0x00,
    0x00, 0x00, 0x00, 0x00, 0x00, 0x00, 0x00, 0x00, 0x00, 0x00, 0x00, 0x00,
    0x00, 0x00, 0x00, 0x00, 0x50, 0x4c, 0x48, 0x51, 0x50, 0x48, 0x40, 0xdf,
    0x50, 0x4c, 0x48, 0xff, 0x50, 0x48, 0x48, 0xff, 0x50, 0x4c, 0x40, 0xff,
    0x50, 0x4c, 0x48, 0xff, 0x50, 0x4c, 0x48, 0xff, 0x50, 0x4c, 0x48, 0xff,
    0x50, 0x4c, 0x48, 0xff, 0x50, 0x4c, 0x48, 0xff, 0x50, 0x4c, 0x48, 0xff,
    0x50, 0x4c, 0x48, 0xff, 0x50, 0x4c, 0x48, 0xff, 0x50, 0x4c, 0x48, 0xff,
    0x50, 0x4c, 0x48, 0xff, 0x50, 0x4c, 0x48, 0xff, 0x50, 0x4c, 0x48, 0xff,
    0x50, 0x4c, 0x48, 0xff, 0x50, 0x4c, 0x48, 0xff, 0x50, 0x4c, 0x48, 0xff,
    0x50, 0x4c, 0x48, 0xff, 0x50, 0x4c, 0x48, 0xff, 0x50, 0x4c, 0x48, 0xff,
    0x50, 0x4c, 0x48, 0xff, 0x50, 0x4c, 0x48, 0xff, 0x50, 0x4c, 0x48, 0xff,
    0x50, 0x4c, 0x48, 0xff, 0x50, 0x4c, 0x48, 0xff, 0x50, 0x4c, 0x48, 0xff,
    0x50, 0x4c, 0x48, 0xff, 0x50, 0x4c, 0x48, 0xff, 0x50, 0x4c, 0x48, 0xff,
    0x50, 0x4c, 0x48, 0xff, 0x50, 0x4c, 0x48, 0xff, 0x50, 0x4c, 0x48, 0xff,
    0x50, 0x4c, 0x48, 0xff, 0x50, 0x4c, 0x48, 0xff, 0x50, 0x4c, 0x48, 0xff,
    0x50, 0x4c, 0x48, 0xff, 0x50, 0x4c, 0x48, 0xff, 0x50, 0x4c, 0x48, 0xff,
    0x50, 0x4c, 0x48, 0xff, 0x50, 0x4c, 0x48, 0xff, 0x50, 0x4c, 0x48, 0xff,
    0x50, 0x4c, 0x48, 0xff, 0x50, 0x4c, 0x48, 0xff, 0x50, 0x4c, 0x48, 0xff,
    0x50, 0x4c, 0x48, 0xff, 0x50, 0x4c, 0x48, 0xff, 0x50, 0x4c, 0x48, 0xff,
    0x50, 0x4c, 0x48, 0xff, 0x50, 0x48, 0x48, 0xff, 0x50, 0x4c, 0x48, 0xff,
    0x50, 0x4c, 0x48, 0xff, 0x50, 0x48, 0x48, 0xff, 0x50, 0x4c, 0x48, 0xff,
    0x50, 0x4c, 0x48, 0xff, 0x50, 0x48, 0x48, 0xff, 0x50, 0x4c, 0x48, 0xff,
    0x50, 0x4c, 0x48, 0xff, 0x50, 0x48, 0x48, 0xff, 0x50, 0x4c, 0x48, 0xff,
    0x50, 0x4c, 0x48, 0xff, 0x50, 0x48, 0x48, 0xff, 0x50, 0x4c, 0x48, 0xff,
    0x50, 0x4c, 0x48, 0xff, 0x50, 0x48, 0x48, 0xff, 0x50, 0x4c, 0x48, 0xff,
    0x50, 0x4c, 0x48, 0xff, 0x50, 0x48, 0x48, 0xff, 0x50, 0x4c, 0x48, 0xff,
    0x50, 0x4c, 0x48, 0xff, 0x50, 0x4c, 0x48, 0xff, 0x50, 0x4c, 0x48, 0xff,
    0x50, 0x4c, 0x48, 0xff, 0x50, 0x4c, 0x48, 0xff, 0x50, 0x4c, 0x48, 0xff,
    0x50, 0x4c, 0x48, 0xff, 0x50, 0x4c, 0x48, 0xff, 0x50, 0x4c, 0x48, 0xff,
    0x50, 0x4c, 0x48, 0xff, 0x50, 0x4c, 0x48, 0xff, 0x50, 0x4c, 0x48, 0xff,
    0x50, 0x4c, 0x48, 0xff, 0x50, 0x4c, 0x48, 0xff, 0x50, 0x4c, 0x48, 0xff,
    0x50, 0x4c, 0x48, 0xff, 0x50, 0x4c, 0x48, 0xff, 0x50, 0x4c, 0x48, 0xff,
    0x50, 0x4c, 0x48, 0xff, 0x50, 0x4c, 0x48, 0xff, 0x50, 0x4c, 0x48, 0xff,
    0x50, 0x4c, 0x40, 0xff, 0x50, 0x4c, 0x48, 0xff, 0x50, 0x4c, 0x48, 0xff,
    0x50, 0x4c, 0x48, 0xff, 0x50, 0x4c, 0x48, 0xff, 0x50, 0x4c, 0x48, 0xff,
    0x50, 0x4c, 0x48, 0xff, 0x50, 0x4c, 0x48, 0xff, 0x50, 0x4c, 0x48, 0xff,
    0x50, 0x4c, 0x48, 0xff, 0x50, 0x4c, 0x48, 0xff, 0x50, 0x4c, 0x48, 0xff,
    0x50, 0x4c, 0x48, 0xff, 0x50, 0x4c, 0x48, 0xff, 0x50, 0x4c, 0x48, 0xff,
    0x50, 0x4c, 0x48, 0xff, 0x50, 0x4c, 0x48, 0xff, 0x50, 0x4c, 0x48, 0xff,
    0x50, 0x4c, 0x48, 0xff, 0x50, 0x4c, 0x48, 0xff, 0x50, 0x4c, 0x48, 0xff,
    0x50, 0x4c, 0x48, 0xff, 0x50, 0x4c, 0x48, 0xff, 0x50, 0x4c, 0x48, 0xff,
    0x50, 0x4c, 0x48, 0xff, 0x50, 0x4c, 0x48, 0xff, 0x50, 0x4c, 0x48, 0xff,
    0x50, 0x4c, 0x48, 0xff, 0x50, 0x4c, 0x48, 0xff, 0x50, 0x4c, 0x48, 0xff,
    0x50, 0x4c, 0x48, 0xff, 0x50, 0x4c, 0x48, 0xff, 0x50, 0x4c, 0x48, 0xff,
    0x50, 0x4c, 0x48, 0xff, 0x50, 0x4c, 0x48, 0xff, 0x50, 0x4c, 0x48, 0xff,
    0x50, 0x4c, 0x48, 0xff, 0x50, 0x4c, 0x48, 0xff, 0x50, 0x4c, 0x48, 0xff,
    0x50, 0x4c, 0x48, 0xff, 0x50, 0x4c, 0x48, 0xff, 0x50, 0x4c, 0x48, 0xff,
    0x50, 0x48, 0x48, 0xff, 0x50, 0x4c, 0x48, 0xff, 0x50, 0x4c, 0x48, 0xff,
    0x50, 0x48, 0x48, 0xff, 0x50, 0x4c, 0x40, 0xbe, 0x50, 0x48, 0x40, 0x41,
    0x00, 0x00, 0x00, 0x00, 0x00, 0x00, 0x00, 0x00, 0x00, 0x00, 0x00, 0x00,
    0x00, 0x00, 0x00, 0x00, 0x00, 0x00, 0x00, 0x00, 0x00, 0x00, 0x00, 0x00,
    0x00, 0x00, 0x00, 0x00, 0x00, 0x00, 0x00, 0x00, 0x00, 0x00, 0x00, 0x00,
    0x00, 0x00, 0x00, 0x00, 0x00, 0x00, 0x00, 0x00, 0x00, 0x00, 0x00, 0x00,
    0x00, 0x00, 0x00, 0x00, 0x00, 0x00, 0x00, 0x00, 0x00, 0x00, 0x00, 0x00,
    0x00, 0x00, 0x00, 0x00, 0x00, 0x00, 0x00, 0x00, 0x00, 0x00, 0x00, 0x00,
    0x00, 0x00, 0x00, 0x00, 0x00, 0x00, 0x00, 0x00, 0x00, 0x00, 0x00, 0x00,
    0x00, 0x00, 0x00, 0x00, 0x00, 0x00, 0x00, 0x00, 0x00, 0x00, 0x00, 0x00,
    0x00, 0x00, 0x00, 0x00, 0x00, 0x00, 0x00, 0x00, 0x00, 0x00, 0x00, 0x00,
    0x00, 0x00, 0x00, 0x00, 0x00, 0x00, 0x00, 0x00, 0x00, 0x00, 0x00, 0x00,
    0x00, 0x00, 0x00, 0x00, 0x00, 0x00, 0x00, 0x00, 0x50, 0x48, 0x40, 0x41,
    0x50, 0x4c, 0x48, 0xbe, 0x50, 0x48, 0x48, 0xff, 0x50, 0x4c, 0x48, 0xff,
    0x50, 0x48, 0x48, 0xff, 0x50, 0x4c, 0x40, 0xff, 0x50, 0x4c, 0x48, 0xff,
    0x50, 0x48, 0x48, 0xff, 0x50, 0x4c, 0x48, 0xff, 0x50, 0x4c, 0x48, 0xff,
    0x50, 0x48, 0x48, 0xff, 0x50, 0x4c, 0x48, 0xff, 0x50, 0x4c, 0x48, 0xff,
    0x50, 0x48, 0x48, 0xff, 0x50, 0x4c, 0x48, 0xff, 0x50, 0x4c, 0x48, 0xff,
    0x50, 0x48, 0x48, 0xff, 0x50, 0x4c, 0x48, 0xff, 0x50, 0x4c, 0x48, 0xff,
    0x50, 0x48, 0x48, 0xff, 0x50, 0x4c, 0x48, 0xff, 0x50, 0x4c, 0x48, 0xff,
    0x50, 0x48, 0x48, 0xff, 0x50, 0x4c, 0x48, 0xff, 0x50, 0x4c, 0x48, 0xff,
    0x50, 0x48, 0x48, 0xff, 0x50, 0x4c, 0x48, 0xff, 0x50, 0x4c, 0x48, 0xff,
    0x50, 0x48, 0x48, 0xff, 0x50, 0x4c, 0x48, 0xff, 0x50, 0x4c, 0x48, 0xff,
    0x50, 0x48, 0x48, 0xff, 0x50, 0x4c, 0x48, 0xff, 0x50, 0x4c, 0x48, 0xff,
    0x50, 0x48, 0x48, 0xff, 0x50, 0x4c, 0x48, 0xff, 0x50, 0x4c, 0x48, 0xff,
    0x50, 0x48, 0x48, 0xff, 0x50, 0x4c, 0x48, 0xff, 0x50, 0x4c, 0x40, 0xff,
    0x50, 0x48, 0x48, 0xff, 0x50, 0x4c, 0x48, 0xff, 0x50, 0x48, 0x40, 0xff,
    0x50, 0x4c, 0x48, 0xff, 0x50, 0x48, 0x48, 0xff, 0x50, 0x4c, 0x40, 0xff,
    0x50, 0x48, 0x48, 0xff, 0x50, 0x4c, 0x48, 0xff, 0x50, 0x4c, 0x40, 0xff,
    0x50, 0x4c, 0x48, 0xff, 0x50, 0x4c, 0x48, 0xff, 0x50, 0x4c, 0x40, 0xff,
    0x50, 0x4c, 0x48, 0xff, 0x50, 0x4c, 0x48, 0xff, 0x50, 0x4c, 0x40, 0xff,
    0x50, 0x4c, 0x48, 0xff, 0x50, 0x4c, 0x48, 0xff, 0x50, 0x4c, 0x40, 0xff,
    0x50, 0x48, 0x48, 0xff, 0x50, 0x4c, 0x48, 0xff, 0x50, 0x4c, 0x48, 0xff,
    0x50, 0x4c, 0x48, 0xff, 0x50, 0x4c, 0x48, 0xff, 0x50, 0x4c, 0x48, 0xff,
    0x50, 0x48, 0x48, 0xff, 0x50, 0x4c, 0x48, 0xff, 0x50, 0x4c, 0x48, 0xff,
    0x50, 0x4c, 0x48, 0xff, 0x50, 0x48, 0x48, 0xff, 0x50, 0x4c, 0x48, 0xff,
    0x50, 0x48, 0x40, 0xff, 0x50, 0x4c, 0x48, 0xff, 0x50, 0x48, 0x48, 0xff,
    0x50, 0x4c, 0x48, 0xff, 0x50, 0x4c, 0x40, 0xff, 0x50, 0x48, 0x48, 0xff,
    0x50, 0x4c, 0x48, 0xff, 0x50, 0x4c, 0x40, 0xff, 0x50, 0x4c, 0x48, 0xff,
    0x50, 0x4c, 0x48, 0xff, 0x50, 0x4c, 0x40, 0xff, 0x50, 0x4c, 0x48, 0xff,
    0x50, 0x4c, 0x48, 0xff, 0x50, 0x4c, 0x48, 0xff, 0x50, 0x4c, 0x40, 0xff,
    0x50, 0x4c, 0x48, 0xff, 0x50, 0x4c, 0x48, 0xff, 0x50, 0x4c, 0x40, 0xff,
    0x50, 0x4c, 0x48, 0xff, 0x50, 0x4c, 0x48, 0xff, 0x50, 0x4c, 0x48, 0xff,
    0x50, 0x4c, 0x48, 0xff, 0x50, 0x4c, 0x48, 0xff, 0x50, 0x4c, 0x40, 0xff,
    0x50, 0x4c, 0x48, 0xff, 0x50, 0x4c, 0x48, 0xff, 0x50, 0x4c, 0x40, 0xff,
    0x50, 0x4c, 0x48, 0xff, 0x50, 0x4c, 0x48, 0xff, 0x50, 0x4c, 0x40, 0xff,
    0x50, 0x4c, 0x48, 0xff, 0x50, 0x4c, 0x48, 0xff, 0x50, 0x4c, 0x40, 0xff,
    0x50, 0x4c, 0x48, 0xff, 0x50, 0x4c, 0x48, 0xff, 0x50, 0x4c, 0x48, 0xff,
    0x50, 0x4c, 0x40, 0xff, 0x50, 0x4c, 0x48, 0xff, 0x50, 0x4c, 0x48, 0xff,
    0x50, 0x4c, 0x48, 0xff, 0x50, 0x4c, 0x48, 0xff, 0x50, 0x4c, 0x48, 0xff,
    0x50, 0x4c, 0x40, 0xff, 0x50, 0x4c, 0x48, 0xff, 0x50, 0x4c, 0x48, 0xff,
    0x50, 0x4c, 0x48, 0xff, 0x50, 0x4c, 0x40, 0xff, 0x50, 0x4c, 0x48, 0xff,
    0x50, 0x4c, 0x48, 0xff, 0x50, 0x4c, 0x40, 0xff, 0x50, 0x4c, 0x48, 0xff,
    0x50, 0x4c, 0x48, 0xff, 0x50, 0x4c, 0x40, 0xff, 0x50, 0x4c, 0x48, 0xff,
    0x50, 0x4c, 0x48, 0xff, 0x50, 0x4c, 0x48, 0xff, 0x50, 0x48, 0x48, 0xff,
    0x50, 0x4c, 0x48, 0xff, 0x50, 0x48, 0x48, 0xff, 0x50, 0x48, 0x48, 0xff,
    0x50, 0x4c, 0x48, 0xff, 0x50, 0x4c, 0x48, 0xff, 0x50, 0x48, 0x48, 0xff,
    0x50, 0x4c, 0x40, 0xff, 0x50, 0x4c, 0x48, 0xbe, 0x50, 0x48, 0x40, 0x41,
    0x00, 0x00, 0x00, 0x00, 0x00, 0x00, 0x00, 0x00, 0x00, 0x00, 0x00, 0x00,
    0x00, 0x00, 0x00, 0x00, 0x00, 0x00, 0x00, 0x00, 0x00, 0x00, 0x00, 0x00,
    0x00, 0x00, 0x00, 0x00, 0x00, 0x00, 0x00, 0x00, 0x00, 0x00, 0x00, 0x00,
    0x00, 0x00, 0x00, 0x00, 0x00, 0x00, 0x00, 0x00, 0x00, 0x00, 0x00, 0x00,
    0x00, 0x00, 0x00, 0x00, 0x00, 0x00, 0x00, 0x00, 0x00, 0x00, 0x00, 0x00,
    0x00, 0x00, 0x00, 0x00, 0x00, 0x00, 0x00, 0x00, 0x00, 0x00, 0x00, 0x00,
    0x00, 0x00, 0x00, 0x00, 0x00, 0x00, 0x00, 0x00, 0x00, 0x00, 0x00, 0x00,
    0x00, 0x00, 0x00, 0x00, 0x00, 0x00, 0x00, 0x00, 0x00, 0x00, 0x00, 0x00,
    0x00, 0x00, 0x00, 0x00, 0x00, 0x00, 0x00, 0x00, 0x00, 0x00, 0x00, 0x00,
    0x00, 0x00, 0x00, 0x00, 0x00, 0x00, 0x00, 0x00, 0x00, 0x00, 0x00, 0x00,
    0x00, 0x00, 0x00, 0x00, 0x00, 0x00, 0x00, 0x00, 0x00, 0x00, 0x00, 0x00,
    0x00, 0x00, 0x00, 0x00, 0x00, 0x00, 0x00, 0x00, 0x00, 0x00, 0x00, 0x00,
    0x50, 0x48, 0x48, 0x20, 0x50, 0x4c, 0x48, 0x6d, 0x50, 0x4c, 0x48, 0xbe,
    0x50, 0x48, 0x48, 0xff, 0x50, 0x4c, 0x48, 0xff, 0x50, 0x4c, 0x48, 0xff,
    0x50, 0x48, 0x48, 0xff, 0x50, 0x4c, 0x40, 0xff, 0x50, 0x4c, 0x48, 0xff,
    0x50, 0x48, 0x48, 0xff, 0x50, 0x4c, 0x40, 0xff, 0x50, 0x4c, 0x48, 0xff,
    0x50, 0x4c, 0x48, 0xff, 0x50, 0x48, 0x40, 0xff, 0x50, 0x4c, 0x48, 0xff,
    0x50, 0x4c, 0x48, 0xff, 0x50, 0x4c, 0x40, 0xff, 0x50, 0x48, 0x48, 0xff,
    0x50, 0x4c, 0x48, 0xff, 0x50, 0x4c, 0x40, 0xff, 0x50, 0x4c, 0x48, 0xff,
    0x50, 0x4c, 0x48, 0xff, 0x50, 0x48, 0x40, 0xff, 0x50, 0x4c, 0x48, 0xff,
    0x50, 0x4c, 0x48, 0xff, 0x50, 0x4c, 0x48, 0xff, 0x50, 0x48, 0x40, 0xff,
    0x50, 0x4c, 0x48, 0xff, 0x50, 0x4c, 0x48, 0xff, 0x50, 0x48, 0x40, 0xff,
    0x50, 0x4c, 0x48, 0xff, 0x50, 0x4c, 0x48, 0xff, 0x50, 0x48, 0x40, 0xff,
    0x50, 0x4c, 0x48, 0xff, 0x50, 0x4c, 0x48, 0xff, 0x50, 0x48, 0x40, 0xff,
    0x50, 0x4c, 0x48, 0xff, 0x50, 0x4c, 0x48, 0xff, 0x50, 0x48, 0x48, 0xff,
    0x50, 0x4c, 0x48, 0xff, 0x50, 0x4c, 0x48, 0xff, 0x50, 0x4c, 0x48, 0xff,
    0x50, 0x4c, 0x48, 0xff, 0x50, 0x48, 0x48, 0xff, 0x50, 0x4c, 0x48, 0xff,
    0x50, 0x4c, 0x48, 0xff, 0x50, 0x48, 0x48, 0xff, 0x50, 0x4c, 0x48, 0xff,
    0x50, 0x48, 0x48, 0xff, 0x50, 0x4c, 0x48, 0xff, 0x50, 0x48, 0x48, 0xff,
    0x50, 0x4c, 0x48, 0xff, 0x50, 0x48, 0x48, 0xff, 0x50, 0x4c, 0x48, 0xff,
    0x50, 0x4c, 0x48, 0xff, 0x50, 0x48, 0x48, 0xff, 0x50, 0x4c, 0x48, 0xff,
    0x50, 0x4c, 0x48, 0xff, 0x50, 0x48, 0x40, 0xff, 0x50, 0x4c, 0x48, 0xff,
    0x50, 0x4c, 0x48, 0xff, 0x50, 0x48, 0x40, 0xff, 0x50, 0x4c, 0x48, 0xff,
    0x50, 0x4c, 0x48, 0xff, 0x50, 0x4c, 0x40, 0xff, 0x50, 0x4c, 0x48, 0xff,
    0x50, 0x4c, 0x48, 0xff, 0x50, 0x4c, 0x48, 0xff, 0x50, 0x4c, 0x48, 0xff,
    0x50, 0x48, 0x48, 0xff, 0x50, 0x4c, 0x48, 0xff, 0x50, 0x4c, 0x48, 0xff,
    0x50, 0x48, 0x48, 0xff, 0x50, 0x4c, 0x48, 0xff, 0x50, 0x4c, 0x48, 0xff,
    0x50, 0x48, 0x48, 0xff, 0x50, 0x48, 0x48, 0xff, 0x50, 0x4c, 0x48, 0xff,
    0x50, 0x48, 0x48, 0xff, 0x50, 0x48, 0x48, 0xff, 0x50, 0x4c, 0x48, 0xff,
    0x50, 0x48, 0x48, 0xff, 0x50, 0x48, 0x48, 0xff, 0x50, 0x4c, 0x48, 0xff,
    0x50, 0x48, 0x48, 0xff, 0x50, 0x4c, 0x48, 0xff, 0x50, 0x48, 0x48, 0xff,
    0x50, 0x4c, 0x48, 0xff, 0x50, 0x4c, 0x48, 0xff, 0x50, 0x48, 0x48, 0xff,
    0x50, 0x4c, 0x48, 0xff, 0x50, 0x4c, 0x48, 0xff, 0x50, 0x48, 0x48, 0xff,
    0x50, 0x4c, 0x48, 0xff, 0x50, 0x4c, 0x48, 0xff, 0x50, 0x48, 0x48, 0xff,
    0x50, 0x4c, 0x48, 0xff, 0x50, 0x4c, 0x48, 0xff, 0x50, 0x48, 0x48, 0xff,
    0x50, 0x4c, 0x48, 0xff, 0x50, 0x4c, 0x48, 0xff, 0x50, 0x48, 0x48, 0xff,
    0x50, 0x4c, 0x48, 0xff, 0x50, 0x4c, 0x48, 0xff, 0x50, 0x48, 0x48, 0xff,
    0x50, 0x4c, 0x48, 0xff, 0x50, 0x4c, 0x48, 0xff, 0x50, 0x48, 0x40, 0xff,
    0x50, 0x4c, 0x48, 0xff, 0x50, 0x4c, 0x48, 0xff, 0x50, 0x48, 0x48, 0xff,
    0x50, 0x4c, 0x48, 0xff, 0x50, 0x4c, 0x48, 0xff, 0x50, 0x48, 0x48, 0xff,
    0x50, 0x4c, 0x48, 0xff, 0x50, 0x4c, 0x48, 0xff, 0x50, 0x48, 0x48, 0xff,
    0x50, 0x4c, 0x48, 0xff, 0x50, 0x4c, 0x48, 0xff, 0x50, 0x48, 0x48, 0xff,
    0x50, 0x4c, 0x48, 0xff, 0x50, 0x4c, 0x48, 0xff, 0x50, 0x48, 0x48, 0xff,
    0x50, 0x4c, 0x40, 0xff, 0x50, 0x4c, 0x48, 0xff, 0x50, 0x4c, 0x48, 0xff,
    0x50, 0x4c, 0x40, 0xff, 0x50, 0x4c, 0x48, 0xff, 0x50, 0x4c, 0x48, 0xff,
    0x50, 0x4c, 0x48, 0xbe, 0x50, 0x48, 0x40, 0x82, 0x50, 0x40, 0x40, 0x10,
    0x00, 0x00, 0x00, 0x00, 0x00, 0x00, 0x00, 0x00, 0x00, 0x00, 0x00, 0x00,
    0x00, 0x00, 0x00, 0x00, 0x00, 0x00, 0x00, 0x00, 0x00, 0x00, 0x00, 0x00,
    0x00, 0x00, 0x00, 0x00, 0x00, 0x00, 0x00, 0x00, 0x00, 0x00, 0x00, 0x00,
    0x00, 0x00, 0x00, 0x00, 0x00, 0x00, 0x00, 0x00, 0x00, 0x00, 0x00, 0x00,
    0x00, 0x00, 0x00, 0x00, 0x00, 0x00, 0x00, 0x00, 0x00, 0x00, 0x00, 0x00,
    0x00, 0x00, 0x00, 0x00, 0x00, 0x00, 0x00, 0x00, 0x00, 0x00, 0x00, 0x00,
    0x00, 0x00, 0x00, 0x00, 0x00, 0x00, 0x00, 0x00, 0x00, 0x00, 0x00, 0x00,
    0x00, 0x00, 0x00, 0x00, 0x00, 0x00, 0x00, 0x00, 0x00, 0x00, 0x00, 0x00,
    0x00, 0x00, 0x00, 0x00, 0x00, 0x00, 0x00, 0x00, 0x00, 0x00, 0x00, 0x00,
    0x00, 0x00, 0x00, 0x00, 0x00, 0x00, 0x00, 0x00, 0x00, 0x00, 0x00, 0x00,
    0x00, 0x00, 0x00, 0x00, 0x00, 0x00, 0x00, 0x00, 0x00, 0x00, 0x00, 0x00,
    0x00, 0x00, 0x00, 0x00, 0x00, 0x00, 0x00, 0x00, 0x00, 0x00, 0x00, 0x00,
    0x00, 0x00, 0x00, 0x00, 0x00, 0x00, 0x00, 0x00, 0x00, 0x00, 0x00, 0x00,
    0x00, 0x00, 0x00, 0x00, 0x00, 0x00, 0x00, 0x00, 0x50, 0x40, 0x40, 0x10,
    0x50, 0x48, 0x40, 0x41, 0x50, 0x48, 0x48, 0x7d, 0x50, 0x4c, 0x48, 0xae,
    0x50, 0x4c, 0x48, 0xbe, 0x50, 0x48, 0x48, 0xdf, 0x50, 0x4c, 0x48, 0xff,
    0x50, 0x4c, 0x48, 0xff, 0x50, 0x4c, 0x48, 0xff, 0x50, 0x48, 0x48, 0xff,
    0x50, 0x4c, 0x48, 0xff, 0x50, 0x4c, 0x48, 0xff, 0x50, 0x4c, 0x48, 0xff,
    0x50, 0x4c, 0x48, 0xff, 0x50, 0x4c, 0x48, 0xff, 0x50, 0x48, 0x48, 0xff,
    0x50, 0x4c, 0x48, 0xff, 0x50, 0x4c, 0x48, 0xff, 0x50, 0x48, 0x48, 0xff,
    0x50, 0x4c, 0x48, 0xff, 0x50, 0x4c, 0x48, 0xff, 0x50, 0x4c, 0x48, 0xff,
    0x50, 0x48, 0x48, 0xff, 0x50, 0x4c, 0x48, 0xff, 0x50, 0x4c, 0x48, 0xff,
    0x50, 0x4c, 0x48, 0xff, 0x50, 0x4c, 0x48, 0xff, 0x50, 0x4c, 0x48, 0xff,
    0x50, 0x4c, 0x48, 0xff, 0x50, 0x4c, 0x48, 0xff, 0x50, 0x4c, 0x48, 0xff,
    0x50, 0x4c, 0x48, 0xff, 0x50, 0x4c, 0x48, 0xff, 0x50, 0x4c, 0x48, 0xff,
    0x50, 0x4c, 0x48, 0xff, 0x50, 0x4c, 0x48, 0xff, 0x50, 0x4c, 0x48, 0xff,
    0x50, 0x4c, 0x48, 0xff, 0x50, 0x48, 0x48, 0xff, 0x50, 0x4c, 0x48, 0xff,
    0x50, 0x4c, 0x48, 0xff, 0x50, 0x4c, 0x48, 0xff, 0x50, 0x4c, 0x48, 0xff,
    0x50, 0x4c, 0x48, 0xff, 0x50, 0x48, 0x48, 0xff, 0x50, 0x4c, 0x48, 0xff,
    0x50, 0x4c, 0x48, 0xff, 0x50, 0x4c, 0x48, 0xff, 0x50, 0x48, 0x48, 0xff,
    0x50, 0x4c, 0x48, 0xff, 0x50, 0x4c, 0x48, 0xff, 0x50, 0x48, 0x48, 0xff,
    0x50, 0x4c, 0x48, 0xff, 0x50, 0x4c, 0x48, 0xff, 0x50, 0x4c, 0x48, 0xff,
    0x50, 0x48, 0x48, 0xff, 0x50, 0x4c, 0x48, 0xff, 0x50, 0x4c, 0x48, 0xff,
    0x50, 0x4c, 0x48, 0xff, 0x50, 0x4c, 0x48, 0xff, 0x50, 0x48, 0x48, 0xff,
    0x50, 0x48, 0x48, 0xff, 0x50, 0x4c, 0x48, 0xff, 0x50, 0x4c, 0x40, 0xff,
    0x50, 0x48, 0x48, 0xff, 0x50, 0x4c, 0x48, 0xff, 0x50, 0x4c, 0x48, 0xff,
    0x50, 0x4c, 0x40, 0xff, 0x50, 0x4c, 0x48, 0xff, 0x50, 0x4c, 0x48, 0xff,
    0x50, 0x4c, 0x48, 0xff, 0x50, 0x4c, 0x48, 0xff, 0x50, 0x4c, 0x48, 0xff,
    0x50, 0x4c, 0x48, 0xff, 0x50, 0x4c, 0x48, 0xff, 0x50, 0x4c, 0x48, 0xff,
    0x50, 0x4c, 0x48, 0xff, 0x50, 0x4c, 0x40, 0xff, 0x50, 0x4c, 0x48, 0xff,
    0x50, 0x4c, 0x48, 0xff, 0x50, 0x4c, 0x48, 0xff, 0x50, 0x4c, 0x48, 0xff,
    0x50, 0x4c, 0x48, 0xff, 0x50, 0x48, 0x48, 0xff, 0x50, 0x4c, 0x40, 0xff,
    0x50, 0x4c, 0x48, 0xff, 0x50, 0x48, 0x48, 0xff, 0x50, 0x4c, 0x40, 0xff,
    0x50, 0x4c, 0x48, 0xff, 0x50, 0x48, 0x48, 0xff, 0x50, 0x4c, 0x48, 0xff,
    0x50, 0x4c, 0x48, 0xff, 0x50, 0x48, 0x48, 0xff, 0x50, 0x4c, 0x48, 0xff,
    0x50, 0x4c, 0x48, 0xff, 0x50, 0x48, 0x48, 0xff, 0x50, 0x4c, 0x48, 0xff,
    0x50, 0x4c, 0x48, 0xff, 0x50, 0x48, 0x40, 0xff, 0x50, 0x4c, 0x48, 0xff,
    0x50, 0x4c, 0x48, 0xff, 0x50, 0x48, 0x48, 0xff, 0x50, 0x4c, 0x48, 0xff,
    0x50, 0x4c, 0x48, 0xff, 0x50, 0x48, 0x48, 0xff, 0x50, 0x4c, 0x48, 0xff,
    0x50, 0x4c, 0x48, 0xff, 0x50, 0x48, 0x48, 0xff, 0x50, 0x4c, 0x48, 0xff,
    0x50, 0x4c, 0x40, 0xff, 0x50, 0x48, 0x48, 0xff, 0x50, 0x4c, 0x48, 0xff,
    0x50, 0x4c, 0x48, 0xff, 0x50, 0x48, 0x48, 0xff, 0x50, 0x4c, 0x48, 0xff,
    0x50, 0x4c, 0x48, 0xff, 0x50, 0x48, 0x48, 0xff, 0x50, 0x4c, 0x48, 0xff,
    0x50, 0x4c, 0x48, 0xff, 0x50, 0x48, 0x48, 0xff, 0x50, 0x48, 0x48, 0xdf,
    0x50, 0x4c, 0x48, 0xcf, 0x50, 0x4c, 0x48, 0x9e, 0x50, 0x4c, 0x48, 0x6d,
    0x50, 0x48, 0x48, 0x51, 0x50, 0x40, 0x40, 0x10, 0x00, 0x00, 0x00, 0x00,
    0x00, 0x00, 0x00, 0x00, 0x00, 0x00, 0x00, 0x00, 0x00, 0x00, 0x00, 0x00,
    0x00, 0x00, 0x00, 0x00, 0x00, 0x00, 0x00, 0x00, 0x00, 0x00, 0x00, 0x00,
    0x00, 0x00, 0x00, 0x00, 0x00, 0x00, 0x00, 0x00, 0x00, 0x00, 0x00, 0x00,
    0x00, 0x00, 0x00, 0x00, 0x00, 0x00, 0x00, 0x00, 0x00, 0x00, 0x00, 0x00,
    0x00, 0x00, 0x00, 0x00, 0x00, 0x00, 0x00, 0x00, 0x00, 0x00, 0x00, 0x00,
    0x00, 0x00, 0x00, 0x00, 0x00, 0x00, 0x00, 0x00, 0x00, 0x00, 0x00, 0x00,
    0x00, 0x00, 0x00, 0x00, 0x00, 0x00, 0x00, 0x00, 0x00, 0x00, 0x00, 0x00
};
