// 4.25.0 0x71ba0936 D2 AY R0 FARGB8888 U565 N0 SExtFlashSection
// Generated by imageconverter. Please, do not edit!

#include <touchgfx/hal/Config.hpp>

LOCATION_PRAGMA("ExtFlashSection")
KEEP extern const unsigned char image_dark_theme_images_widgets_togglebutton_medium_round_text_on_active[] LOCATION_ATTRIBUTE("ExtFlashSection") = { // 138x50 ARGB8888 pixels.
    0x00, 0x00, 0x00, 0x00, 0x00, 0x00, 0x00, 0x00, 0x00, 0x00, 0x00, 0x00,
    0x00, 0x00, 0x00, 0x00, 0x00, 0x00, 0x00, 0x00, 0x00, 0x00, 0x00, 0x00,
    0x00, 0x00, 0x00, 0x00, 0x00, 0x00, 0x00, 0x00, 0x00, 0x00, 0x00, 0x00,
    0x00, 0x00, 0x00, 0x00, 0x00, 0x00, 0x00, 0x00, 0x00, 0x00, 0x00, 0x00,
    0x00, 0x00, 0x00, 0x00, 0x00, 0x00, 0x00, 0x00, 0x00, 0x00, 0x00, 0x00,
    0x00, 0x00, 0x00, 0x00, 0x00, 0x00, 0x00, 0x00, 0x00, 0x00, 0x00, 0x00,
    0xc8, 0x98, 0x38, 0x20, 0xc8, 0x94, 0x30, 0x61, 0xc8, 0x98, 0x30, 0x8e,
    0xc8, 0x98, 0x30, 0xcf, 0xc8, 0x98, 0x30, 0xdf, 0xc8, 0x94, 0x30, 0xef,
    0xc8, 0x98, 0x30, 0xff, 0xc8, 0x98, 0x30, 0xff, 0xc8, 0x98, 0x30, 0xff,
    0xc8, 0x98, 0x30, 0xff, 0xc8, 0x98, 0x30, 0xff, 0xc8, 0x98, 0x30, 0xff,
    0xc8, 0x98, 0x30, 0xff, 0xc8, 0x98, 0x30, 0xff, 0xc8, 0x98, 0x30, 0xff,
    0xc8, 0x98, 0x30, 0xff, 0xc8, 0x98, 0x30, 0xff, 0xc8, 0x98, 0x30, 0xff,
    0xc8, 0x98, 0x30, 0xff, 0xc8, 0x98, 0x30, 0xff, 0xc8, 0x98, 0x30, 0xff,
    0xc8, 0x98, 0x30, 0xff, 0xc8, 0x98, 0x30, 0xff, 0xc8, 0x98, 0x30, 0xff,
    0xc8, 0x98, 0x30, 0xff, 0xc8, 0x98, 0x30, 0xff, 0xc8, 0x98, 0x30, 0xff,
    0xc8, 0x98, 0x30, 0xff, 0xc8, 0x98, 0x30, 0xff, 0xc8, 0x98, 0x30, 0xff,
    0xc8, 0x98, 0x30, 0xff, 0xc8, 0x98, 0x30, 0xff, 0xc8, 0x98, 0x30, 0xff,
    0xc8, 0x98, 0x30, 0xff, 0xc8, 0x98, 0x30, 0xff, 0xc8, 0x98, 0x30, 0xff,
    0xc8, 0x98, 0x30, 0xff, 0xc8, 0x98, 0x30, 0xff, 0xc8, 0x98, 0x30, 0xff,
    0xc8, 0x98, 0x30, 0xff, 0xc8, 0x98, 0x30, 0xff, 0xc8, 0x98, 0x30, 0xff,
    0xc8, 0x98, 0x30, 0xff, 0xc8, 0x98, 0x30, 0xff, 0xc8, 0x98, 0x30, 0xff,
    0xc8, 0x98, 0x30, 0xff, 0xc8, 0x98, 0x30, 0xff, 0xc8, 0x98, 0x30, 0xff,
    0xc8, 0x98, 0x30, 0xff, 0xc8, 0x98, 0x30, 0xff, 0xc8, 0x98, 0x30, 0xff,
    0xc8, 0x98, 0x30, 0xff, 0xc8, 0x98, 0x30, 0xff, 0xc8, 0x98, 0x30, 0xff,
    0xc8, 0x98, 0x30, 0xff, 0xc8, 0x98, 0x30, 0xff, 0xc8, 0x98, 0x30, 0xff,
    0xc8, 0x98, 0x30, 0xff, 0xc8, 0x98, 0x30, 0xff, 0xc8, 0x98, 0x30, 0xff,
    0xc8, 0x98, 0x30, 0xff, 0xc8, 0x98, 0x30, 0xff, 0xc8, 0x98, 0x30, 0xff,
    0xc8, 0x98, 0x30, 0xff, 0xc8, 0x98, 0x30, 0xff, 0xc8, 0x98, 0x30, 0xff,
    0xc8, 0x98, 0x30, 0xff, 0xc8, 0x98, 0x30, 0xff, 0xc8, 0x98, 0x30, 0xff,
    0xc8, 0x98, 0x30, 0xff, 0xc8, 0x98, 0x30, 0xff, 0xc8, 0x98, 0x30, 0xff,
    0xc8, 0x98, 0x30, 0xff, 0xc8, 0x98, 0x30, 0xff, 0xc8, 0x98, 0x30, 0xff,
    0xc8, 0x98, 0x30, 0xff, 0xc8, 0x98, 0x30, 0xff, 0xc8, 0x98, 0x30, 0xff,
    0xc8, 0x98, 0x30, 0xff, 0xc8, 0x98, 0x30, 0xff, 0xc8, 0x98, 0x30, 0xff,
    0xc8, 0x98, 0x30, 0xff, 0xc8, 0x98, 0x30, 0xff, 0xc8, 0x98, 0x30, 0xff,
    0xc8, 0x98, 0x30, 0xff, 0xc8, 0x98, 0x30, 0xff, 0xc8, 0x98, 0x30, 0xff,
    0xc8, 0x98, 0x30, 0xff, 0xc8, 0x98, 0x30, 0xff, 0xc8, 0x98, 0x30, 0xff,
    0xc8, 0x98, 0x30, 0xff, 0xc8, 0x98, 0x30, 0xff, 0xc8, 0x98, 0x30, 0xff,
    0xc8, 0x98, 0x30, 0xff, 0xc8, 0x98, 0x30, 0xff, 0xc8, 0x98, 0x30, 0xff,
    0xc8, 0x98, 0x30, 0xff, 0xc8, 0x98, 0x30, 0xdf, 0xc8, 0x98, 0x30, 0xbe,
    0xc8, 0x98, 0x30, 0x8e, 0xc8, 0x98, 0x30, 0x5d, 0xc8, 0x98, 0x30, 0x20,
    0x00, 0x00, 0x00, 0x00, 0x00, 0x00, 0x00, 0x00, 0x00, 0x00, 0x00, 0x00,
    0x00, 0x00, 0x00, 0x00, 0x00, 0x00, 0x00, 0x00, 0x00, 0x00, 0x00, 0x00,
    0x00, 0x00, 0x00, 0x00, 0x00, 0x00, 0x00, 0x00, 0x00, 0x00, 0x00, 0x00,
    0x00, 0x00, 0x00, 0x00, 0x00, 0x00, 0x00, 0x00, 0x00, 0x00, 0x00, 0x00,
    0x00, 0x00, 0x00, 0x00, 0x00, 0x00, 0x00, 0x00, 0x00, 0x00, 0x00, 0x00,
    0x00, 0x00, 0x00, 0x00, 0x00, 0x00, 0x00, 0x00, 0x00, 0x00, 0x00, 0x00,
    0x00, 0x00, 0x00, 0x00, 0x00, 0x00, 0x00, 0x00, 0x00, 0x00, 0x00, 0x00,
    0x00, 0x00, 0x00, 0x00, 0x00, 0x00, 0x00, 0x00, 0x00, 0x00, 0x00, 0x00,
    0x00, 0x00, 0x00, 0x00, 0x00, 0x00, 0x00, 0x00, 0x00, 0x00, 0x00, 0x00,
    0x00, 0x00, 0x00, 0x00, 0x00, 0x00, 0x00, 0x00, 0x00, 0x00, 0x00, 0x00,
    0x00, 0x00, 0x00, 0x00, 0x00, 0x00, 0x00, 0x00, 0x00, 0x00, 0x00, 0x00,
    0xd0, 0xa0, 0x30, 0x10, 0xc8, 0x98, 0x30, 0x82, 0xc8, 0x98, 0x30, 0xdf,
    0xc8, 0x98, 0x30, 0xff, 0xc8, 0x98, 0x30, 0xff, 0xc8, 0x98, 0x30, 0xff,
    0xc8, 0x98, 0x30, 0xff, 0xc8, 0x98, 0x30, 0xff, 0xc8, 0x98, 0x30, 0xff,
    0xc8, 0x94, 0x30, 0xff, 0xc8, 0x98, 0x30, 0xff, 0xc8, 0x98, 0x30, 0xff,
    0xc8, 0x94, 0x30, 0xff, 0xc8, 0x98, 0x30, 0xff, 0xc8, 0x94, 0x30, 0xff,
    0xc8, 0x98, 0x30, 0xff, 0xc8, 0x94, 0x30, 0xff, 0xc8, 0x98, 0x30, 0xff,
    0xc8, 0x94, 0x30, 0xff, 0xc8, 0x98, 0x30, 0xff, 0xc8, 0x94, 0x30, 0xff,
    0xc8, 0x98, 0x30, 0xff, 0xc8, 0x94, 0x30, 0xff, 0xc8, 0x98, 0x30, 0xff,
    0xc8, 0x94, 0x30, 0xff, 0xc8, 0x98, 0x30, 0xff, 0xc8, 0x94, 0x30, 0xff,
    0xc8, 0x98, 0x30, 0xff, 0xc8, 0x94, 0x30, 0xff, 0xc8, 0x98, 0x30, 0xff,
    0xc8, 0x94, 0x30, 0xff, 0xc8, 0x98, 0x30, 0xff, 0xc8, 0x94, 0x30, 0xff,
    0xc8, 0x98, 0x30, 0xff, 0xc8, 0x94, 0x30, 0xff, 0xc8, 0x98, 0x30, 0xff,
    0xc8, 0x94, 0x30, 0xff, 0xc8, 0x98, 0x30, 0xff, 0xc8, 0x94, 0x30, 0xff,
    0xc8, 0x98, 0x30, 0xff, 0xc8, 0x94, 0x30, 0xff, 0xc8, 0x98, 0x30, 0xff,
    0xc8, 0x94, 0x30, 0xff, 0xc8, 0x98, 0x30, 0xff, 0xc8, 0x94, 0x30, 0xff,
    0xc8, 0x98, 0x30, 0xff, 0xc8, 0x94, 0x30, 0xff, 0xc8, 0x98, 0x30, 0xff,
    0xc8, 0x94, 0x30, 0xff, 0xc8, 0x98, 0x30, 0xff, 0xc8, 0x94, 0x30, 0xff,
    0xc8, 0x98, 0x30, 0xff, 0xc8, 0x94, 0x30, 0xff, 0xc8, 0x98, 0x30, 0xff,
    0xc8, 0x94, 0x30, 0xff, 0xc8, 0x98, 0x30, 0xff, 0xc8, 0x94, 0x30, 0xff,
    0xc8, 0x98, 0x30, 0xff, 0xc8, 0x94, 0x30, 0xff, 0xc8, 0x98, 0x30, 0xff,
    0xc8, 0x94, 0x30, 0xff, 0xc8, 0x98, 0x30, 0xff, 0xc8, 0x94, 0x30, 0xff,
    0xc8, 0x98, 0x30, 0xff, 0xc8, 0x94, 0x30, 0xff, 0xc8, 0x98, 0x30, 0xff,
    0xc8, 0x94, 0x30, 0xff, 0xc8, 0x98, 0x30, 0xff, 0xc8, 0x94, 0x30, 0xff,
    0xc8, 0x98, 0x30, 0xff, 0xc8, 0x94, 0x30, 0xff, 0xc8, 0x98, 0x30, 0xff,
    0xc8, 0x94, 0x30, 0xff, 0xc8, 0x98, 0x30, 0xff, 0xc8, 0x94, 0x30, 0xff,
    0xc8, 0x98, 0x30, 0xff, 0xc8, 0x94, 0x30, 0xff, 0xc8, 0x98, 0x30, 0xff,
    0xc8, 0x94, 0x30, 0xff, 0xc8, 0x98, 0x30, 0xff, 0xc8, 0x94, 0x30, 0xff,
    0xc8, 0x98, 0x30, 0xff, 0xc8, 0x94, 0x30, 0xff, 0xc8, 0x98, 0x30, 0xff,
    0xc8, 0x94, 0x30, 0xff, 0xc8, 0x98, 0x30, 0xff, 0xc8, 0x94, 0x30, 0xff,
    0xc8, 0x98, 0x30, 0xff, 0xc8, 0x94, 0x30, 0xff, 0xc8, 0x98, 0x30, 0xff,
    0xc8, 0x94, 0x30, 0xff, 0xc8, 0x98, 0x30, 0xff, 0xc8, 0x94, 0x30, 0xff,
    0xc8, 0x98, 0x30, 0xff, 0xc8, 0x94, 0x30, 0xff, 0xc8, 0x98, 0x30, 0xff,
    0xc8, 0x94, 0x30, 0xff, 0xc8, 0x98, 0x30, 0xff, 0xc8, 0x94, 0x30, 0xff,
    0xc8, 0x98, 0x30, 0xff, 0xc8, 0x94, 0x30, 0xff, 0xc8, 0x98, 0x38, 0xff,
    0xc8, 0x98, 0x30, 0xff, 0xc8, 0x98, 0x30, 0xff, 0xc8, 0x98, 0x30, 0xff,
    0xc8, 0x98, 0x30, 0xdf, 0xc8, 0x98, 0x30, 0x8e, 0xc8, 0x98, 0x30, 0x20,
    0x00, 0x00, 0x00, 0x00, 0x00, 0x00, 0x00, 0x00, 0x00, 0x00, 0x00, 0x00,
    0x00, 0x00, 0x00, 0x00, 0x00, 0x00, 0x00, 0x00, 0x00, 0x00, 0x00, 0x00,
    0x00, 0x00, 0x00, 0x00, 0x00, 0x00, 0x00, 0x00, 0x00, 0x00, 0x00, 0x00,
    0x00, 0x00, 0x00, 0x00, 0x00, 0x00, 0x00, 0x00, 0x00, 0x00, 0x00, 0x00,
    0x00, 0x00, 0x00, 0x00, 0x00, 0x00, 0x00, 0x00, 0x00, 0x00, 0x00, 0x00,
    0x00, 0x00, 0x00, 0x00, 0x00, 0x00, 0x00, 0x00, 0x00, 0x00, 0x00, 0x00,
    0x00, 0x00, 0x00, 0x00, 0x00, 0x00, 0x00, 0x00, 0x00, 0x00, 0x00, 0x00,
    0x00, 0x00, 0x00, 0x00, 0x00, 0x00, 0x00, 0x00, 0x00, 0x00, 0x00, 0x00,
    0x00, 0x00, 0x00, 0x00, 0x00, 0x00, 0x00, 0x00, 0x00, 0x00, 0x00, 0x00,
    0x00, 0x00, 0x00, 0x00, 0xc8, 0x98, 0x30, 0x41, 0xc8, 0x98, 0x30, 0xbe,
    0xc8, 0x94, 0x30, 0xff, 0xc8, 0x98, 0x30, 0xff, 0xc8, 0x94, 0x30, 0xff,
    0xc8, 0x98, 0x38, 0xff, 0xc8, 0x94, 0x30, 0xff, 0xc8, 0x94, 0x38, 0xff,
    0xc8, 0x98, 0x30, 0xff, 0xc8, 0x98, 0x38, 0xff, 0xc8, 0x94, 0x38, 0xff,
    0xc8, 0x98, 0x30, 0xff, 0xc8, 0x98, 0x38, 0xff, 0xc8, 0x94, 0x38, 0xff,
    0xc8, 0x98, 0x30, 0xff, 0xc8, 0x98, 0x38, 0xff, 0xc8, 0x98, 0x38, 0xff,
    0xc8, 0x94, 0x30, 0xff, 0xc8, 0x98, 0x38, 0xff, 0xc8, 0x98, 0x38, 0xff,
    0xc8, 0x98, 0x30, 0xff, 0xc8, 0x94, 0x38, 0xff, 0xc8, 0x98, 0x38, 0xff,
    0xc8, 0x98, 0x30, 0xff, 0xc8, 0x98, 0x38, 0xff, 0xc8, 0x94, 0x38, 0xff,
    0xc8, 0x98, 0x30, 0xff, 0xc8, 0x98, 0x38, 0xff, 0xc8, 0x98, 0x38, 0xff,
    0xc8, 0x94, 0x30, 0xff, 0xc8, 0x98, 0x38, 0xff, 0xc8, 0x98, 0x38, 0xff,
    0xc8, 0x98, 0x30, 0xff, 0xc8, 0x94, 0x38, 0xff, 0xc8, 0x98, 0x38, 0xff,
    0xc8, 0x98, 0x30, 0xff, 0xc8, 0x98, 0x38, 0xff, 0xc8, 0x94, 0x38, 0xff,
    0xc8, 0x98, 0x30, 0xff, 0xc8, 0x98, 0x38, 0xff, 0xc8, 0x98, 0x38, 0xff,
    0xc8, 0x94, 0x30, 0xff, 0xc8, 0x98, 0x38, 0xff, 0xc8, 0x98, 0x38, 0xff,
    0xc8, 0x98, 0x30, 0xff, 0xc8, 0x94, 0x38, 0xff, 0xc8, 0x98, 0x38, 0xff,
    0xc8, 0x98, 0x30, 0xff, 0xc8, 0x98, 0x38, 0xff, 0xc8, 0x94, 0x38, 0xff,
    0xc8, 0x98, 0x30, 0xff, 0xc8, 0x98, 0x38, 0xff, 0xc8, 0x98, 0x38, 0xff,
    0xc8, 0x94, 0x30, 0xff, 0xc8, 0x98, 0x38, 0xff, 0xc8, 0x98, 0x38, 0xff,
    0xc8, 0x98, 0x30, 0xff, 0xc8, 0x94, 0x38, 0xff, 0xc8, 0x98, 0x38, 0xff,
    0xc8, 0x98, 0x30, 0xff, 0xc8, 0x98, 0x38, 0xff, 0xc8, 0x94, 0x38, 0xff,
    0xc8, 0x98, 0x30, 0xff, 0xc8, 0x98, 0x38, 0xff, 0xc8, 0x98, 0x38, 0xff,
    0xc8, 0x94, 0x30, 0xff, 0xc8, 0x98, 0x38, 0xff, 0xc8, 0x98, 0x38, 0xff,
    0xc8, 0x98, 0x30, 0xff, 0xc8, 0x94, 0x38, 0xff, 0xc8, 0x98, 0x38, 0xff,
    0xc8, 0x98, 0x30, 0xff, 0xc8, 0x98, 0x38, 0xff, 0xc8, 0x94, 0x38, 0xff,
    0xc8, 0x98, 0x30, 0xff, 0xc8, 0x98, 0x38, 0xff, 0xc8, 0x98, 0x38, 0xff,
    0xc8, 0x94, 0x30, 0xff, 0xc8, 0x98, 0x38, 0xff, 0xc8, 0x98, 0x38, 0xff,
    0xc8, 0x98, 0x30, 0xff, 0xc8, 0x94, 0x38, 0xff, 0xc8, 0x98, 0x38, 0xff,
    0xc8, 0x98, 0x30, 0xff, 0xc8, 0x98, 0x38, 0xff, 0xc8, 0x94, 0x38, 0xff,
    0xc8, 0x98, 0x30, 0xff, 0xc8, 0x98, 0x38, 0xff, 0xc8, 0x98, 0x38, 0xff,
    0xc8, 0x94, 0x30, 0xff, 0xc8, 0x98, 0x38, 0xff, 0xc8, 0x98, 0x38, 0xff,
    0xc8, 0x98, 0x30, 0xff, 0xc8, 0x94, 0x38, 0xff, 0xc8, 0x98, 0x38, 0xff,
    0xc8, 0x98, 0x30, 0xff, 0xc8, 0x98, 0x38, 0xff, 0xc8, 0x94, 0x38, 0xff,
    0xc8, 0x98, 0x30, 0xff, 0xc8, 0x98, 0x38, 0xff, 0xc8, 0x98, 0x38, 0xff,
    0xc8, 0x94, 0x30, 0xff, 0xc8, 0x98, 0x30, 0xff, 0xc8, 0x98, 0x38, 0xff,
    0xc8, 0x94, 0x30, 0xff, 0xc8, 0x98, 0x30, 0xff, 0xc8, 0x94, 0x38, 0xff,
    0xc8, 0x98, 0x30, 0xff, 0xc8, 0x98, 0x30, 0xff, 0xc8, 0x94, 0x30, 0xff,
    0xc8, 0x98, 0x30, 0x9e, 0xc8, 0x98, 0x30, 0x20, 0x00, 0x00, 0x00, 0x00,
    0x00, 0x00, 0x00, 0x00, 0x00, 0x00, 0x00, 0x00, 0x00, 0x00, 0x00, 0x00,
    0x00, 0x00, 0x00, 0x00, 0x00, 0x00, 0x00, 0x00, 0x00, 0x00, 0x00, 0x00,
    0x00, 0x00, 0x00, 0x00, 0x00, 0x00, 0x00, 0x00, 0x00, 0x00, 0x00, 0x00,
    0x00, 0x00, 0x00, 0x00, 0x00, 0x00, 0x00, 0x00, 0x00, 0x00, 0x00, 0x00,
    0x00, 0x00, 0x00, 0x00, 0x00, 0x00, 0x00, 0x00, 0x00, 0x00, 0x00, 0x00,
    0x00, 0x00, 0x00, 0x00, 0x00, 0x00, 0x00, 0x00, 0x00, 0x00, 0x00, 0x00,
    0x00, 0x00, 0x00, 0x00, 0x00, 0x00, 0x00, 0x00, 0x00, 0x00, 0x00, 0x00,
    0x00, 0x00, 0x00, 0x00, 0x00, 0x00, 0x00, 0x00, 0xc8, 0x98, 0x30, 0x20,
    0xc8, 0x94, 0x30, 0xae, 0xc8, 0x98, 0x30, 0xff, 0xc8, 0x98, 0x30, 0xff,
    0xc8, 0x98, 0x38, 0xff, 0xc8, 0x98, 0x30, 0xff, 0xc8, 0x98, 0x30, 0xff,
    0xc8, 0x98, 0x30, 0xff, 0xc8, 0x98, 0x30, 0xff, 0xc8, 0x98, 0x30, 0xff,
    0xc8, 0x98, 0x30, 0xff, 0xc8, 0x94, 0x30, 0xff, 0xc8, 0x98, 0x30, 0xff,
    0xc8, 0x98, 0x30, 0xff, 0xc8, 0x98, 0x30, 0xff, 0xc8, 0x98, 0x30, 0xff,
    0xc8, 0x98, 0x30, 0xff, 0xc8, 0x98, 0x30, 0xff, 0xc8, 0x98, 0x30, 0xff,
    0xc8, 0x98, 0x30, 0xff, 0xc8, 0x98, 0x30, 0xff, 0xc8, 0x98, 0x30, 0xff,
    0xc8, 0x98, 0x30, 0xff, 0xc8, 0x98, 0x30, 0xff, 0xc8, 0x98, 0x30, 0xff,
    0xc8, 0x98, 0x30, 0xff, 0xc8, 0x98, 0x30, 0xff, 0xc8, 0x98, 0x30, 0xff,
    0xc8, 0x98, 0x30, 0xff, 0xc8, 0x98, 0x30, 0xff, 0xc8, 0x98, 0x30, 0xff,
    0xc8, 0x98, 0x30, 0xff, 0xc8, 0x98, 0x30, 0xff, 0xc8, 0x98, 0x30, 0xff,
    0xc8, 0x98, 0x30, 0xff, 0xc8, 0x98, 0x30, 0xff, 0xc8, 0x98, 0x30, 0xff,
    0xc8, 0x98, 0x30, 0xff, 0xc8, 0x98, 0x30, 0xff, 0xc8, 0x98, 0x30, 0xff,
    0xc8, 0x98, 0x30, 0xff, 0xc8, 0x98, 0x30, 0xff, 0xc8, 0x98, 0x30, 0xff,
    0xc8, 0x98, 0x30, 0xff, 0xc8, 0x98, 0x30, 0xff, 0xc8, 0x98, 0x30, 0xff,
    0xc8, 0x98, 0x30, 0xff, 0xc8, 0x98, 0x30, 0xff, 0xc8, 0x98, 0x30, 0xff,
    0xc8, 0x98, 0x30, 0xff, 0xc8, 0x98, 0x30, 0xff, 0xc8, 0x98, 0x30, 0xff,
    0xc8, 0x98, 0x30, 0xff, 0xc8, 0x98, 0x30, 0xff, 0xc8, 0x98, 0x30, 0xff,
    0xc8, 0x98, 0x30, 0xff, 0xc8, 0x98, 0x30, 0xff, 0xc8, 0x98, 0x30, 0xff,
    0xc8, 0x98, 0x30, 0xff, 0xc8, 0x98, 0x30, 0xff, 0xc8, 0x98, 0x30, 0xff,
    0xc8, 0x98, 0x30, 0xff, 0xc8, 0x98, 0x30, 0xff, 0xc8, 0x98, 0x30, 0xff,
    0xc8, 0x98, 0x30, 0xff, 0xc8, 0x98, 0x30, 0xff, 0xc8, 0x98, 0x30, 0xff,
    0xc8, 0x98, 0x30, 0xff, 0xc8, 0x98, 0x30, 0xff, 0xc8, 0x98, 0x30, 0xff,
    0xc8, 0x98, 0x30, 0xff, 0xc8, 0x98, 0x30, 0xff, 0xc8, 0x98, 0x30, 0xff,
    0xc8, 0x98, 0x30, 0xff, 0xc8, 0x98, 0x30, 0xff, 0xc8, 0x98, 0x30, 0xff,
    0xc8, 0x98, 0x30, 0xff, 0xc8, 0x98, 0x30, 0xff, 0xc8, 0x98, 0x30, 0xff,
    0xc8, 0x98, 0x30, 0xff, 0xc8, 0x98, 0x30, 0xff, 0xc8, 0x98, 0x30, 0xff,
    0xc8, 0x98, 0x30, 0xff, 0xc8, 0x98, 0x30, 0xff, 0xc8, 0x98, 0x30, 0xff,
    0xc8, 0x98, 0x30, 0xff, 0xc8, 0x98, 0x30, 0xff, 0xc8, 0x98, 0x30, 0xff,
    0xc8, 0x98, 0x30, 0xff, 0xc8, 0x98, 0x30, 0xff, 0xc8, 0x98, 0x30, 0xff,
    0xc8, 0x98, 0x30, 0xff, 0xc8, 0x98, 0x30, 0xff, 0xc8, 0x98, 0x30, 0xff,
    0xc8, 0x98, 0x30, 0xff, 0xc8, 0x98, 0x30, 0xff, 0xc8, 0x98, 0x30, 0xff,
    0xc8, 0x98, 0x30, 0xff, 0xc8, 0x98, 0x30, 0xff, 0xc8, 0x98, 0x30, 0xff,
    0xc8, 0x98, 0x30, 0xff, 0xc8, 0x98, 0x30, 0xff, 0xc8, 0x98, 0x30, 0xff,
    0xc8, 0x98, 0x30, 0xff, 0xc8, 0x98, 0x30, 0xff, 0xc8, 0x98, 0x30, 0xff,
    0xc8, 0x98, 0x30, 0xff, 0xc8, 0x94, 0x38, 0xff, 0xc8, 0x98, 0x30, 0xff,
    0xc8, 0x98, 0x30, 0xff, 0xc8, 0x94, 0x38, 0xff, 0xc8, 0x98, 0x30, 0xff,
    0xc8, 0x98, 0x30, 0xff, 0xc8, 0x94, 0x30, 0xff, 0xc8, 0x98, 0x30, 0x9e,
    0xc8, 0x98, 0x30, 0x20, 0x00, 0x00, 0x00, 0x00, 0x00, 0x00, 0x00, 0x00,
    0x00, 0x00, 0x00, 0x00, 0x00, 0x00, 0x00, 0x00, 0x00, 0x00, 0x00, 0x00,
    0x00, 0x00, 0x00, 0x00, 0x00, 0x00, 0x00, 0x00, 0x00, 0x00, 0x00, 0x00,
    0x00, 0x00, 0x00, 0x00, 0x00, 0x00, 0x00, 0x00, 0x00, 0x00, 0x00, 0x00,
    0x00, 0x00, 0x00, 0x00, 0x00, 0x00, 0x00, 0x00, 0x00, 0x00, 0x00, 0x00,
    0x00, 0x00, 0x00, 0x00, 0x00, 0x00, 0x00, 0x00, 0x00, 0x00, 0x00, 0x00,
    0x00, 0x00, 0x00, 0x00, 0x00, 0x00, 0x00, 0x00, 0x00, 0x00, 0x00, 0x00,
    0x00, 0x00, 0x00, 0x00, 0xc8, 0x94, 0x30, 0x71, 0xc8, 0x94, 0x30, 0xef,
    0xc8, 0x98, 0x30, 0xff, 0xc8, 0x98, 0x38, 0xff, 0xc8, 0x94, 0x30, 0xff,
    0xc8, 0x98, 0x30, 0xff, 0xc8, 0x94, 0x38, 0xff, 0xc8, 0x98, 0x30, 0xff,
    0xc8, 0x94, 0x30, 0xef, 0xc8, 0x98, 0x30, 0xbe, 0xc8, 0x94, 0x30, 0x6d,
    0xc8, 0x98, 0x30, 0x4d, 0xd0, 0x9c, 0x30, 0x20, 0xd0, 0xa0, 0x30, 0x10,
    0x00, 0x00, 0x00, 0x00, 0x00, 0x00, 0x00, 0x00, 0x00, 0x00, 0x00, 0x00,
    0x00, 0x00, 0x00, 0x00, 0x00, 0x00, 0x00, 0x00, 0x00, 0x00, 0x00, 0x00,
    0x00, 0x00, 0x00, 0x00, 0x00, 0x00, 0x00, 0x00, 0x00, 0x00, 0x00, 0x00,
    0x00, 0x00, 0x00, 0x00, 0x00, 0x00, 0x00, 0x00, 0x00, 0x00, 0x00, 0x00,
    0x00, 0x00, 0x00, 0x00, 0x00, 0x00, 0x00, 0x00, 0x00, 0x00, 0x00, 0x00,
    0x00, 0x00, 0x00, 0x00, 0x00, 0x00, 0x00, 0x00, 0x00, 0x00, 0x00, 0x00,
    0x00, 0x00, 0x00, 0x00, 0x00, 0x00, 0x00, 0x00, 0x00, 0x00, 0x00, 0x00,
    0x00, 0x00, 0x00, 0x00, 0x00, 0x00, 0x00, 0x00, 0x00, 0x00, 0x00, 0x00,
    0x00, 0x00, 0x00, 0x00, 0x00, 0x00, 0x00, 0x00, 0x00, 0x00, 0x00, 0x00,
    0x00, 0x00, 0x00, 0x00, 0x00, 0x00, 0x00, 0x00, 0x00, 0x00, 0x00, 0x00,
    0x00, 0x00, 0x00, 0x00, 0x00, 0x00, 0x00, 0x00, 0x00, 0x00, 0x00, 0x00,
    0x00, 0x00, 0x00, 0x00, 0x00, 0x00, 0x00, 0x00, 0x00, 0x00, 0x00, 0x00,
    0x00, 0x00, 0x00, 0x00, 0x00, 0x00, 0x00, 0x00, 0x00, 0x00, 0x00, 0x00,
    0x00, 0x00, 0x00, 0x00, 0x00, 0x00, 0x00, 0x00, 0x00, 0x00, 0x00, 0x00,
    0x00, 0x00, 0x00, 0x00, 0x00, 0x00, 0x00, 0x00, 0x00, 0x00, 0x00, 0x00,
    0x00, 0x00, 0x00, 0x00, 0x00, 0x00, 0x00, 0x00, 0x00, 0x00, 0x00, 0x00,
    0x00, 0x00, 0x00, 0x00, 0x00, 0x00, 0x00, 0x00, 0x00, 0x00, 0x00, 0x00,
    0x00, 0x00, 0x00, 0x00, 0x00, 0x00, 0x00, 0x00, 0x00, 0x00, 0x00, 0x00,
    0x00, 0x00, 0x00, 0x00, 0x00, 0x00, 0x00, 0x00, 0x00, 0x00, 0x00, 0x00,
    0x00, 0x00, 0x00, 0x00, 0x00, 0x00, 0x00, 0x00, 0x00, 0x00, 0x00, 0x00,
    0x00, 0x00, 0x00, 0x00, 0x00, 0x00, 0x00, 0x00, 0x00, 0x00, 0x00, 0x00,
    0x00, 0x00, 0x00, 0x00, 0x00, 0x00, 0x00, 0x00, 0x00, 0x00, 0x00, 0x00,
    0x00, 0x00, 0x00, 0x00, 0x00, 0x00, 0x00, 0x00, 0x00, 0x00, 0x00, 0x00,
    0x00, 0x00, 0x00, 0x00, 0x00, 0x00, 0x00, 0x00, 0x00, 0x00, 0x00, 0x00,
    0x00, 0x00, 0x00, 0x00, 0x00, 0x00, 0x00, 0x00, 0x00, 0x00, 0x00, 0x00,
    0x00, 0x00, 0x00, 0x00, 0x00, 0x00, 0x00, 0x00, 0x00, 0x00, 0x00, 0x00,
    0x00, 0x00, 0x00, 0x00, 0x00, 0x00, 0x00, 0x00, 0x00, 0x00, 0x00, 0x00,
    0x00, 0x00, 0x00, 0x00, 0x00, 0x00, 0x00, 0x00, 0x00, 0x00, 0x00, 0x00,
    0x00, 0x00, 0x00, 0x00, 0x00, 0x00, 0x00, 0x00, 0x00, 0x00, 0x00, 0x00,
    0x00, 0x00, 0x00, 0x00, 0x00, 0x00, 0x00, 0x00, 0x00, 0x00, 0x00, 0x00,
    0xd0, 0x9c, 0x30, 0x10, 0xc8, 0x94, 0x30, 0x30, 0xc8, 0x98, 0x30, 0x41,
    0xc8, 0x98, 0x38, 0x7d, 0xc8, 0x98, 0x30, 0xbe, 0xc8, 0x98, 0x30, 0xff,
    0xc8, 0x98, 0x30, 0xff, 0xc8, 0x98, 0x38, 0xff, 0xc8, 0x98, 0x30, 0xff,
    0xc8, 0x98, 0x30, 0xff, 0xc8, 0x98, 0x38, 0xff, 0xc8, 0x94, 0x30, 0xff,
    0xc8, 0x98, 0x30, 0xdf, 0xc8, 0x98, 0x30, 0x5d, 0x00, 0x00, 0x00, 0x00,
    0x00, 0x00, 0x00, 0x00, 0x00, 0x00, 0x00, 0x00, 0x00, 0x00, 0x00, 0x00,
    0x00, 0x00, 0x00, 0x00, 0x00, 0x00, 0x00, 0x00, 0x00, 0x00, 0x00, 0x00,
    0x00, 0x00, 0x00, 0x00, 0x00, 0x00, 0x00, 0x00, 0x00, 0x00, 0x00, 0x00,
    0x00, 0x00, 0x00, 0x00, 0x00, 0x00, 0x00, 0x00, 0x00, 0x00, 0x00, 0x00,
    0x00, 0x00, 0x00, 0x00, 0x00, 0x00, 0x00, 0x00, 0x00, 0x00, 0x00, 0x00,
    0x00, 0x00, 0x00, 0x00, 0x00, 0x00, 0x00, 0x00, 0x00, 0x00, 0x00, 0x00,
    0xc8, 0x94, 0x30, 0x8e, 0xc8, 0x98, 0x30, 0xff, 0xc8, 0x98, 0x30, 0xff,
    0xc8, 0x98, 0x30, 0xff, 0xc8, 0x98, 0x30, 0xff, 0xc8, 0x98, 0x30, 0xff,
    0xc8, 0x94, 0x30, 0xff, 0xc8, 0x98, 0x30, 0xbe, 0xc8, 0x94, 0x30, 0x6d,
    0xd0, 0xa0, 0x30, 0x10, 0x00, 0x00, 0x00, 0x00, 0x00, 0x00, 0x00, 0x00,
    0x00, 0x00, 0x00, 0x00, 0x00, 0x00, 0x00, 0x00, 0x00, 0x00, 0x00, 0x00,
    0x00, 0x00, 0x00, 0x00, 0x00, 0x00, 0x00, 0x00, 0x00, 0x00, 0x00, 0x00,
    0x00, 0x00, 0x00, 0x00, 0x00, 0x00, 0x00, 0x00, 0x00, 0x00, 0x00, 0x00,
    0x00, 0x00, 0x00, 0x00, 0x00, 0x00, 0x00, 0x00, 0x00, 0x00, 0x00, 0x00,
    0x00, 0x00, 0x00, 0x00, 0x00, 0x00, 0x00, 0x00, 0x00, 0x00, 0x00, 0x00,
    0x00, 0x00, 0x00, 0x00, 0x00, 0x00, 0x00, 0x00, 0x00, 0x00, 0x00, 0x00,
    0x00, 0x00, 0x00, 0x00, 0x00, 0x00, 0x00, 0x00, 0x00, 0x00, 0x00, 0x00,
    0x00, 0x00, 0x00, 0x00, 0x00, 0x00, 0x00, 0x00, 0x00, 0x00, 0x00, 0x00,
    0x00, 0x00, 0x00, 0x00, 0x00, 0x00, 0x00, 0x00, 0x00, 0x00, 0x00, 0x00,
    0x00, 0x00, 0x00, 0x00, 0x00, 0x00, 0x00, 0x00, 0x00, 0x00, 0x00, 0x00,
    0x00, 0x00, 0x00, 0x00, 0x00, 0x00, 0x00, 0x00, 0x00, 0x00, 0x00, 0x00,
    0x00, 0x00, 0x00, 0x00, 0x00, 0x00, 0x00, 0x00, 0x00, 0x00, 0x00, 0x00,
    0x00, 0x00, 0x00, 0x00, 0x00, 0x00, 0x00, 0x00, 0x00, 0x00, 0x00, 0x00,
    0x00, 0x00, 0x00, 0x00, 0x00, 0x00, 0x00, 0x00, 0x00, 0x00, 0x00, 0x00,
    0x00, 0x00, 0x00, 0x00, 0x00, 0x00, 0x00, 0x00, 0x00, 0x00, 0x00, 0x00,
    0x00, 0x00, 0x00, 0x00, 0x00, 0x00, 0x00, 0x00, 0x00, 0x00, 0x00, 0x00,
    0x00, 0x00, 0x00, 0x00, 0x00, 0x00, 0x00, 0x00, 0x00, 0x00, 0x00, 0x00,
    0x00, 0x00, 0x00, 0x00, 0x00, 0x00, 0x00, 0x00, 0x00, 0x00, 0x00, 0x00,
    0x00, 0x00, 0x00, 0x00, 0x00, 0x00, 0x00, 0x00, 0x00, 0x00, 0x00, 0x00,
    0x00, 0x00, 0x00, 0x00, 0x00, 0x00, 0x00, 0x00, 0x00, 0x00, 0x00, 0x00,
    0x00, 0x00, 0x00, 0x00, 0x00, 0x00, 0x00, 0x00, 0x00, 0x00, 0x00, 0x00,
    0x00, 0x00, 0x00, 0x00, 0x00, 0x00, 0x00, 0x00, 0x00, 0x00, 0x00, 0x00,
    0x00, 0x00, 0x00, 0x00, 0x00, 0x00, 0x00, 0x00, 0x00, 0x00, 0x00, 0x00,
    0x00, 0x00, 0x00, 0x00, 0x00, 0x00, 0x00, 0x00, 0x00, 0x00, 0x00, 0x00,
    0x00, 0x00, 0x00, 0x00, 0x00, 0x00, 0x00, 0x00, 0x00, 0x00, 0x00, 0x00,
    0x00, 0x00, 0x00, 0x00, 0x00, 0x00, 0x00, 0x00, 0x00, 0x00, 0x00, 0x00,
    0x00, 0x00, 0x00, 0x00, 0x00, 0x00, 0x00, 0x00, 0x00, 0x00, 0x00, 0x00,
    0x00, 0x00, 0x00, 0x00, 0x00, 0x00, 0x00, 0x00, 0x00, 0x00, 0x00, 0x00,
    0x00, 0x00, 0x00, 0x00, 0x00, 0x00, 0x00, 0x00, 0x00, 0x00, 0x00, 0x00,
    0x00, 0x00, 0x00, 0x00, 0x00, 0x00, 0x00, 0x00, 0x00, 0x00, 0x00, 0x00,
    0x00, 0x00, 0x00, 0x00, 0x00, 0x00, 0x00, 0x00, 0x00, 0x00, 0x00, 0x00,
    0x00, 0x00, 0x00, 0x00, 0x00, 0x00, 0x00, 0x00, 0x00, 0x00, 0x00, 0x00,
    0x00, 0x00, 0x00, 0x00, 0x00, 0x00, 0x00, 0x00, 0xd0, 0x9c, 0x30, 0x10,
    0xc8, 0x94, 0x30, 0x61, 0xc8, 0x98, 0x30, 0xcf, 0xc8, 0x94, 0x30, 0xff,
    0xc8, 0x98, 0x30, 0xff, 0xc8, 0x98, 0x38, 0xff, 0xc8, 0x98, 0x30, 0xff,
    0xc8, 0x98, 0x30, 0xff, 0xc8, 0x98, 0x30, 0xff, 0xc8, 0x94, 0x30, 0x8e,
    0x00, 0x00, 0x00, 0x00, 0x00, 0x00, 0x00, 0x00, 0x00, 0x00, 0x00, 0x00,
    0x00, 0x00, 0x00, 0x00, 0x00, 0x00, 0x00, 0x00, 0x00, 0x00, 0x00, 0x00,
    0x00, 0x00, 0x00, 0x00, 0x00, 0x00, 0x00, 0x00, 0x00, 0x00, 0x00, 0x00,
    0x00, 0x00, 0x00, 0x00, 0x00, 0x00, 0x00, 0x00, 0x00, 0x00, 0x00, 0x00,
    0x00, 0x00, 0x00, 0x00, 0x00, 0x00, 0x00, 0x00, 0x00, 0x00, 0x00, 0x00,
    0x00, 0x00, 0x00, 0x00, 0xd0, 0xa0, 0x30, 0x10, 0xc8, 0x98, 0x30, 0xcf,
    0xc8, 0x98, 0x30, 0xff, 0xc8, 0x98, 0x38, 0xff, 0xc8, 0x98, 0x30, 0xff,
    0xc8, 0x94, 0x38, 0xff, 0xc8, 0x98, 0x30, 0xff, 0xc8, 0x98, 0x30, 0xbe,
    0xc8, 0x94, 0x30, 0x41, 0x00, 0x00, 0x00, 0x00, 0x00, 0x00, 0x00, 0x00,
    0x00, 0x00, 0x00, 0x00, 0x00, 0x00, 0x00, 0x00, 0x00, 0x00, 0x00, 0x00,
    0x00, 0x00, 0x00, 0x00, 0x00, 0x00, 0x00, 0x00, 0x00, 0x00, 0x00, 0x00,
    0x00, 0x00, 0x00, 0x00, 0x00, 0x00, 0x00, 0x00, 0x00, 0x00, 0x00, 0x00,
    0x00, 0x00, 0x00, 0x00, 0x00, 0x00, 0x00, 0x00, 0x00, 0x00, 0x00, 0x00,
    0x00, 0x00, 0x00, 0x00, 0x00, 0x00, 0x00, 0x00, 0x00, 0x00, 0x00, 0x00,
    0x00, 0x00, 0x00, 0x00, 0x00, 0x00, 0x00, 0x00, 0x00, 0x00, 0x00, 0x00,
    0x00, 0x00, 0x00, 0x00, 0x00, 0x00, 0x00, 0x00, 0x00, 0x00, 0x00, 0x00,
    0x00, 0x00, 0x00, 0x00, 0x00, 0x00, 0x00, 0x00, 0x00, 0x00, 0x00, 0x00,
    0x00, 0x00, 0x00, 0x00, 0x00, 0x00, 0x00, 0x00, 0x00, 0x00, 0x00, 0x00,
    0x00, 0x00, 0x00, 0x00, 0x00, 0x00, 0x00, 0x00, 0x00, 0x00, 0x00, 0x00,
    0x00, 0x00, 0x00, 0x00, 0x00, 0x00, 0x00, 0x00, 0x00, 0x00, 0x00, 0x00,
    0x00, 0x00, 0x00, 0x00, 0x00, 0x00, 0x00, 0x00, 0x00, 0x00, 0x00, 0x00,
    0x00, 0x00, 0x00, 0x00, 0x00, 0x00, 0x00, 0x00, 0x00, 0x00, 0x00, 0x00,
    0x00, 0x00, 0x00, 0x00, 0x00, 0x00, 0x00, 0x00, 0x00, 0x00, 0x00, 0x00,
    0x00, 0x00, 0x00, 0x00, 0x00, 0x00, 0x00, 0x00, 0x00, 0x00, 0x00, 0x00,
    0x00, 0x00, 0x00, 0x00, 0x00, 0x00, 0x00, 0x00, 0x00, 0x00, 0x00, 0x00,
    0x00, 0x00, 0x00, 0x00, 0x00, 0x00, 0x00, 0x00, 0x00, 0x00, 0x00, 0x00,
    0x00, 0x00, 0x00, 0x00, 0x00, 0x00, 0x00, 0x00, 0x00, 0x00, 0x00, 0x00,
    0x00, 0x00, 0x00, 0x00, 0x00, 0x00, 0x00, 0x00, 0x00, 0x00, 0x00, 0x00,
    0x00, 0x00, 0x00, 0x00, 0x00, 0x00, 0x00, 0x00, 0x00, 0x00, 0x00, 0x00,
    0x00, 0x00, 0x00, 0x00, 0x00, 0x00, 0x00, 0x00, 0x00, 0x00, 0x00, 0x00,
    0x00, 0x00, 0x00, 0x00, 0x00, 0x00, 0x00, 0x00, 0x00, 0x00, 0x00, 0x00,
    0x00, 0x00, 0x00, 0x00, 0x00, 0x00, 0x00, 0x00, 0x00, 0x00, 0x00, 0x00,
    0x00, 0x00, 0x00, 0x00, 0x00, 0x00, 0x00, 0x00, 0x00, 0x00, 0x00, 0x00,
    0x00, 0x00, 0x00, 0x00, 0x00, 0x00, 0x00, 0x00, 0x00, 0x00, 0x00, 0x00,
    0x00, 0x00, 0x00, 0x00, 0x00, 0x00, 0x00, 0x00, 0x00, 0x00, 0x00, 0x00,
    0x00, 0x00, 0x00, 0x00, 0x00, 0x00, 0x00, 0x00, 0x00, 0x00, 0x00, 0x00,
    0x00, 0x00, 0x00, 0x00, 0x00, 0x00, 0x00, 0x00, 0x00, 0x00, 0x00, 0x00,
    0x00, 0x00, 0x00, 0x00, 0x00, 0x00, 0x00, 0x00, 0x00, 0x00, 0x00, 0x00,
    0x00, 0x00, 0x00, 0x00, 0x00, 0x00, 0x00, 0x00, 0x00, 0x00, 0x00, 0x00,
    0x00, 0x00, 0x00, 0x00, 0x00, 0x00, 0x00, 0x00, 0x00, 0x00, 0x00, 0x00,
    0x00, 0x00, 0x00, 0x00, 0x00, 0x00, 0x00, 0x00, 0x00, 0x00, 0x00, 0x00,
    0x00, 0x00, 0x00, 0x00, 0x00, 0x00, 0x00, 0x00, 0x00, 0x00, 0x00, 0x00,
    0x00, 0x00, 0x00, 0x00, 0x00, 0x00, 0x00, 0x00, 0x00, 0x00, 0x00, 0x00,
    0x00, 0x00, 0x00, 0x00, 0x00, 0x00, 0x00, 0x00, 0xc8, 0x98, 0x30, 0x41,
    0xc8, 0x98, 0x30, 0xdf, 0xc8, 0x94, 0x30, 0xff, 0xc8, 0x98, 0x38, 0xff,
    0xc8, 0x98, 0x30, 0xff, 0xc8, 0x98, 0x38, 0xff, 0xc8, 0x98, 0x30, 0xff,
    0xc8, 0x98, 0x30, 0xcf, 0xd0, 0xa0, 0x30, 0x10, 0x00, 0x00, 0x00, 0x00,
    0x00, 0x00, 0x00, 0x00, 0x00, 0x00, 0x00, 0x00, 0x00, 0x00, 0x00, 0x00,
    0x00, 0x00, 0x00, 0x00, 0x00, 0x00, 0x00, 0x00, 0x00, 0x00, 0x00, 0x00,
    0x00, 0x00, 0x00, 0x00, 0x00, 0x00, 0x00, 0x00, 0x00, 0x00, 0x00, 0x00,
    0x00, 0x00, 0x00, 0x00, 0x00, 0x00, 0x00, 0x00, 0x00, 0x00, 0x00, 0x00,
    0xd0, 0xa0, 0x30, 0x10, 0xc8, 0x98, 0x30, 0xcf, 0xc8, 0x94, 0x30, 0xff,
    0xc8, 0x98, 0x30, 0xff, 0xc8, 0x98, 0x30, 0xff, 0xc8, 0x98, 0x30, 0xff,
    0xc8, 0x94, 0x30, 0xef, 0xc8, 0x98, 0x30, 0x6d, 0x00, 0x00, 0x00, 0x00,
    0x00, 0x00, 0x00, 0x00, 0x00, 0x00, 0x00, 0x00, 0x00, 0x00, 0x00, 0x00,
    0x00, 0x00, 0x00, 0x00, 0x00, 0x00, 0x00, 0x00, 0x00, 0x00, 0x00, 0x00,
    0x00, 0x00, 0x00, 0x00, 0x00, 0x00, 0x00, 0x00, 0x00, 0x00, 0x00, 0x00,
    0x00, 0x00, 0x00, 0x00, 0x00, 0x00, 0x00, 0x00, 0x00, 0x00, 0x00, 0x00,
    0x00, 0x00, 0x00, 0x00, 0x00, 0x00, 0x00, 0x00, 0x00, 0x00, 0x00, 0x00,
    0x00, 0x00, 0x00, 0x00, 0x00, 0x00, 0x00, 0x00, 0x00, 0x00, 0x00, 0x00,
    0x00, 0x00, 0x00, 0x00, 0x00, 0x00, 0x00, 0x00, 0x00, 0x00, 0x00, 0x00,
    0x00, 0x00, 0x00, 0x00, 0x00, 0x00, 0x00, 0x00, 0x00, 0x00, 0x00, 0x00,
    0x00, 0x00, 0x00, 0x00, 0x00, 0x00, 0x00, 0x00, 0x00, 0x00, 0x00, 0x00,
    0x00, 0x00, 0x00, 0x00, 0x00, 0x00, 0x00, 0x00, 0x00, 0x00, 0x00, 0x00,
    0x00, 0x00, 0x00, 0x00, 0x00, 0x00, 0x00, 0x00, 0x00, 0x00, 0x00, 0x00,
    0x00, 0x00, 0x00, 0x00, 0x00, 0x00, 0x00, 0x00, 0x00, 0x00, 0x00, 0x00,
    0x00, 0x00, 0x00, 0x00, 0x00, 0x00, 0x00, 0x00, 0x00, 0x00, 0x00, 0x00,
    0x00, 0x00, 0x00, 0x00, 0x00, 0x00, 0x00, 0x00, 0x00, 0x00, 0x00, 0x00,
    0x00, 0x00, 0x00, 0x00, 0x00, 0x00, 0x00, 0x00, 0x00, 0x00, 0x00, 0x00,
    0x00, 0x00, 0x00, 0x00, 0x00, 0x00, 0x00, 0x00, 0x00, 0x00, 0x00, 0x00,
    0x00, 0x00, 0x00, 0x00, 0x00, 0x00, 0x00, 0x00, 0x00, 0x00, 0x00, 0x00,
    0x00, 0x00, 0x00, 0x00, 0x00, 0x00, 0x00, 0x00, 0x00, 0x00, 0x00, 0x00,
    0x00, 0x00, 0x00, 0x00, 0x00, 0x00, 0x00, 0x00, 0x00, 0x00, 0x00, 0x00,
    0x00, 0x00, 0x00, 0x00, 0x00, 0x00, 0x00, 0x00, 0x00, 0x00, 0x00, 0x00,
    0x00, 0x00, 0x00, 0x00, 0x00, 0x00, 0x00, 0x00, 0x00, 0x00, 0x00, 0x00,
    0x00, 0x00, 0x00, 0x00, 0x00, 0x00, 0x00, 0x00, 0x00, 0x00, 0x00, 0x00,
    0x00, 0x00, 0x00, 0x00, 0x00, 0x00, 0x00, 0x00, 0x00, 0x00, 0x00, 0x00,
    0x00, 0x00, 0x00, 0x00, 0x00, 0x00, 0x00, 0x00, 0x00, 0x00, 0x00, 0x00,
    0x00, 0x00, 0x00, 0x00, 0x00, 0x00, 0x00, 0x00, 0x00, 0x00, 0x00, 0x00,
    0x00, 0x00, 0x00, 0x00, 0x00, 0x00, 0x00, 0x00, 0x00, 0x00, 0x00, 0x00,
    0x00, 0x00, 0x00, 0x00, 0x00, 0x00, 0x00, 0x00, 0x00, 0x00, 0x00, 0x00,
    0x00, 0x00, 0x00, 0x00, 0x00, 0x00, 0x00, 0x00, 0x00, 0x00, 0x00, 0x00,
    0x00, 0x00, 0x00, 0x00, 0x00, 0x00, 0x00, 0x00, 0x00, 0x00, 0x00, 0x00,
    0x00, 0x00, 0x00, 0x00, 0x00, 0x00, 0x00, 0x00, 0x00, 0x00, 0x00, 0x00,
    0x00, 0x00, 0x00, 0x00, 0x00, 0x00, 0x00, 0x00, 0x00, 0x00, 0x00, 0x00,
    0x00, 0x00, 0x00, 0x00, 0x00, 0x00, 0x00, 0x00, 0x00, 0x00, 0x00, 0x00,
    0x00, 0x00, 0x00, 0x00, 0x00, 0x00, 0x00, 0x00, 0x00, 0x00, 0x00, 0x00,
    0x00, 0x00, 0x00, 0x00, 0x00, 0x00, 0x00, 0x00, 0x00, 0x00, 0x00, 0x00,
    0x00, 0x00, 0x00, 0x00, 0x00, 0x00, 0x00, 0x00, 0x00, 0x00, 0x00, 0x00,
    0x00, 0x00, 0x00, 0x00, 0x00, 0x00, 0x00, 0x00, 0x00, 0x00, 0x00, 0x00,
    0x00, 0x00, 0x00, 0x00, 0xc8, 0x94, 0x30, 0x71, 0xc8, 0x94, 0x30, 0xef,
    0xc8, 0x98, 0x30, 0xff, 0xc8, 0x94, 0x30, 0xff, 0xc8, 0x98, 0x38, 0xff,
    0xc8, 0x98, 0x30, 0xff, 0xc8, 0x94, 0x30, 0xcf, 0xd0, 0xa0, 0x30, 0x10,
    0x00, 0x00, 0x00, 0x00, 0x00, 0x00, 0x00, 0x00, 0x00, 0x00, 0x00, 0x00,
    0x00, 0x00, 0x00, 0x00, 0x00, 0x00, 0x00, 0x00, 0x00, 0x00, 0x00, 0x00,
    0x00, 0x00, 0x00, 0x00, 0x00, 0x00, 0x00, 0x00, 0x00, 0x00, 0x00, 0x00,
    0x00, 0x00, 0x00, 0x00, 0x00, 0x00, 0x00, 0x00, 0x00, 0x00, 0x00, 0x00,
    0xc8, 0x98, 0x30, 0xcf, 0xc8, 0x98, 0x30, 0xff, 0xc8, 0x94, 0x38, 0xff,
    0xc8, 0x98, 0x30, 0xff, 0xc8, 0x98, 0x30, 0xff, 0xc8, 0x94, 0x30, 0xdf,
    0xc8, 0x98, 0x30, 0x20, 0x00, 0x00, 0x00, 0x00, 0x00, 0x00, 0x00, 0x00,
    0x00, 0x00, 0x00, 0x00, 0x00, 0x00, 0x00, 0x00, 0x00, 0x00, 0x00, 0x00,
    0x00, 0x00, 0x00, 0x00, 0x00, 0x00, 0x00, 0x00, 0x00, 0x00, 0x00, 0x00,
    0x00, 0x00, 0x00, 0x00, 0x00, 0x00, 0x00, 0x00, 0x00, 0x00, 0x00, 0x00,
    0x00, 0x00, 0x00, 0x00, 0x00, 0x00, 0x00, 0x00, 0x00, 0x00, 0x00, 0x00,
    0x00, 0x00, 0x00, 0x00, 0x00, 0x00, 0x00, 0x00, 0x00, 0x00, 0x00, 0x00,
    0x00, 0x00, 0x00, 0x00, 0x00, 0x00, 0x00, 0x00, 0x00, 0x00, 0x00, 0x00,
    0x00, 0x00, 0x00, 0x00, 0x00, 0x00, 0x00, 0x00, 0x00, 0x00, 0x00, 0x00,
    0x00, 0x00, 0x00, 0x00, 0x00, 0x00, 0x00, 0x00, 0x00, 0x00, 0x00, 0x00,
    0x00, 0x00, 0x00, 0x00, 0x00, 0x00, 0x00, 0x00, 0x00, 0x00, 0x00, 0x00,
    0x00, 0x00, 0x00, 0x00, 0x00, 0x00, 0x00, 0x00, 0x00, 0x00, 0x00, 0x00,
    0x00, 0x00, 0x00, 0x00, 0x00, 0x00, 0x00, 0x00, 0x00, 0x00, 0x00, 0x00,
    0x00, 0x00, 0x00, 0x00, 0x00, 0x00, 0x00, 0x00, 0x00, 0x00, 0x00, 0x00,
    0x00, 0x00, 0x00, 0x00, 0x00, 0x00, 0x00, 0x00, 0x00, 0x00, 0x00, 0x00,
    0x00, 0x00, 0x00, 0x00, 0x00, 0x00, 0x00, 0x00, 0x00, 0x00, 0x00, 0x00,
    0x00, 0x00, 0x00, 0x00, 0x00, 0x00, 0x00, 0x00, 0x00, 0x00, 0x00, 0x00,
    0x00, 0x00, 0x00, 0x00, 0x00, 0x00, 0x00, 0x00, 0x00, 0x00, 0x00, 0x00,
    0x00, 0x00, 0x00, 0x00, 0x00, 0x00, 0x00, 0x00, 0x00, 0x00, 0x00, 0x00,
    0x00, 0x00, 0x00, 0x00, 0x00, 0x00, 0x00, 0x00, 0x00, 0x00, 0x00, 0x00,
    0x00, 0x00, 0x00, 0x00, 0x00, 0x00, 0x00, 0x00, 0x00, 0x00, 0x00, 0x00,
    0x00, 0x00, 0x00, 0x00, 0x00, 0x00, 0x00, 0x00, 0x00, 0x00, 0x00, 0x00,
    0x00, 0x00, 0x00, 0x00, 0x00, 0x00, 0x00, 0x00, 0x00, 0x00, 0x00, 0x00,
    0x00, 0x00, 0x00, 0x00, 0x00, 0x00, 0x00, 0x00, 0xd0, 0x9c, 0x30, 0x10,
    0xc8, 0x98, 0x38, 0x6d, 0xc8, 0x94, 0x38, 0x9e, 0xc8, 0x98, 0x30, 0xcf,
    0xc8, 0x94, 0x30, 0xef, 0xc8, 0x94, 0x38, 0xff, 0xc8, 0x98, 0x30, 0xff,
    0xc8, 0x94, 0x30, 0xff, 0xc8, 0x94, 0x38, 0xff, 0xc8, 0x98, 0x30, 0xff,
    0xc8, 0x94, 0x30, 0xff, 0xc8, 0x94, 0x38, 0xff, 0xc8, 0x98, 0x30, 0xff,
    0xc8, 0x94, 0x30, 0xff, 0xc8, 0x94, 0x38, 0xff, 0xc8, 0x98, 0x30, 0xff,
    0xc8, 0x94, 0x30, 0xff, 0xc8, 0x94, 0x38, 0xff, 0xc8, 0x98, 0x30, 0xff,
    0xc8, 0x94, 0x30, 0xff, 0xc8, 0x94, 0x38, 0xff, 0xc8, 0x98, 0x30, 0xff,
    0xc8, 0x94, 0x30, 0xff, 0xc8, 0x94, 0x38, 0xff, 0xc8, 0x98, 0x30, 0xff,
    0xc8, 0x94, 0x30, 0xff, 0xc8, 0x94, 0x38, 0xff, 0xc8, 0x98, 0x30, 0xff,
    0xc8, 0x94, 0x30, 0xff, 0xc8, 0x98, 0x38, 0xff, 0xc8, 0x94, 0x30, 0xff,
    0xc8, 0x98, 0x30, 0xff, 0xc8, 0x94, 0x38, 0xff, 0xc8, 0x98, 0x30, 0xff,
    0xc8, 0x94, 0x30, 0xef, 0xc8, 0x98, 0x38, 0xcf, 0xc8, 0x94, 0x38, 0xae,
    0xc8, 0x98, 0x30, 0x5d, 0xc8, 0x98, 0x30, 0x20, 0x00, 0x00, 0x00, 0x00,
    0x00, 0x00, 0x00, 0x00, 0x00, 0x00, 0x00, 0x00, 0x00, 0x00, 0x00, 0x00,
    0x00, 0x00, 0x00, 0x00, 0x00, 0x00, 0x00, 0x00, 0xc8, 0x98, 0x30, 0x20,
    0xc8, 0x98, 0x30, 0xdf, 0xc8, 0x98, 0x30, 0xff, 0xc8, 0x94, 0x30, 0xff,
    0xc8, 0x98, 0x30, 0xff, 0xc8, 0x98, 0x30, 0xff, 0xc8, 0x98, 0x30, 0xcf,
    0x00, 0x00, 0x00, 0x00, 0x00, 0x00, 0x00, 0x00, 0x00, 0x00, 0x00, 0x00,
    0x00, 0x00, 0x00, 0x00, 0x00, 0x00, 0x00, 0x00, 0x00, 0x00, 0x00, 0x00,
    0x00, 0x00, 0x00, 0x00, 0x00, 0x00, 0x00, 0x00, 0x00, 0x00, 0x00, 0x00,
    0x00, 0x00, 0x00, 0x00, 0x00, 0x00, 0x00, 0x00, 0xc8, 0x94, 0x30, 0x8e,
    0xc8, 0x98, 0x30, 0xff, 0xc8, 0x98, 0x30, 0xff, 0xc8, 0x98, 0x30, 0xff,
    0xc8, 0x98, 0x38, 0xff, 0xc8, 0x98, 0x30, 0xcf, 0xd0, 0xa0, 0x30, 0x10,
    0x00, 0x00, 0x00, 0x00, 0x00, 0x00, 0x00, 0x00, 0x00, 0x00, 0x00, 0x00,
    0x00, 0x00, 0x00, 0x00, 0x00, 0x00, 0x00, 0x00, 0x00, 0x00, 0x00, 0x00,
    0x00, 0x00, 0x00, 0x00, 0x00, 0x00, 0x00, 0x00, 0x00, 0x00, 0x00, 0x00,
    0x00, 0x00, 0x00, 0x00, 0x00, 0x00, 0x00, 0x00, 0x00, 0x00, 0x00, 0x00,
    0x00, 0x00, 0x00, 0x00, 0x00, 0x00, 0x00, 0x00, 0x00, 0x00, 0x00, 0x00,
    0x00, 0x00, 0x00, 0x00, 0x00, 0x00, 0x00, 0x00, 0x00, 0x00, 0x00, 0x00,
    0x00, 0x00, 0x00, 0x00, 0x00, 0x00, 0x00, 0x00, 0x00, 0x00, 0x00, 0x00,
    0x00, 0x00, 0x00, 0x00, 0x00, 0x00, 0x00, 0x00, 0x00, 0x00, 0x00, 0x00,
    0x00, 0x00, 0x00, 0x00, 0x00, 0x00, 0x00, 0x00, 0x00, 0x00, 0x00, 0x00,
    0x00, 0x00, 0x00, 0x00, 0x00, 0x00, 0x00, 0x00, 0x00, 0x00, 0x00, 0x00,
    0x00, 0x00, 0x00, 0x00, 0x00, 0x00, 0x00, 0x00, 0x00, 0x00, 0x00, 0x00,
    0x00, 0x00, 0x00, 0x00, 0x00, 0x00, 0x00, 0x00, 0x00, 0x00, 0x00, 0x00,
    0x00, 0x00, 0x00, 0x00, 0x00, 0x00, 0x00, 0x00, 0x00, 0x00, 0x00, 0x00,
    0x00, 0x00, 0x00, 0x00, 0x00, 0x00, 0x00, 0x00, 0x00, 0x00, 0x00, 0x00,
    0x00, 0x00, 0x00, 0x00, 0x00, 0x00, 0x00, 0x00, 0x00, 0x00, 0x00, 0x00,
    0x00, 0x00, 0x00, 0x00, 0x00, 0x00, 0x00, 0x00, 0x00, 0x00, 0x00, 0x00,
    0x00, 0x00, 0x00, 0x00, 0x00, 0x00, 0x00, 0x00, 0x00, 0x00, 0x00, 0x00,
    0x00, 0x00, 0x00, 0x00, 0x00, 0x00, 0x00, 0x00, 0x00, 0x00, 0x00, 0x00,
    0x00, 0x00, 0x00, 0x00, 0x00, 0x00, 0x00, 0x00, 0x00, 0x00, 0x00, 0x00,
    0x00, 0x00, 0x00, 0x00, 0x00, 0x00, 0x00, 0x00, 0x00, 0x00, 0x00, 0x00,
    0x00, 0x00, 0x00, 0x00, 0x00, 0x00, 0x00, 0x00, 0x00, 0x00, 0x00, 0x00,
    0x00, 0x00, 0x00, 0x00, 0x00, 0x00, 0x00, 0x00, 0x00, 0x00, 0x00, 0x00,
    0xc8, 0x94, 0x38, 0x41, 0xc8, 0x98, 0x38, 0xbe, 0xc8, 0x98, 0x30, 0xff,
    0xc8, 0x98, 0x30, 0xff, 0xc8, 0x98, 0x30, 0xff, 0xc8, 0x98, 0x30, 0xff,
    0xc8, 0x98, 0x30, 0xff, 0xc8, 0x98, 0x38, 0xff, 0xc8, 0x98, 0x30, 0xff,
    0xc8, 0x98, 0x30, 0xff, 0xc8, 0x98, 0x38, 0xff, 0xc8, 0x98, 0x30, 0xff,
    0xc8, 0x98, 0x30, 0xff, 0xc8, 0x98, 0x38, 0xff, 0xc8, 0x98, 0x30, 0xff,
    0xc8, 0x98, 0x30, 0xff, 0xc8, 0x98, 0x38, 0xff, 0xc8, 0x98, 0x30, 0xff,
    0xc8, 0x98, 0x30, 0xff, 0xc8, 0x98, 0x38, 0xff, 0xc8, 0x98, 0x30, 0xff,
    0xc8, 0x98, 0x30, 0xff, 0xc8, 0x98, 0x38, 0xff, 0xc8, 0x98, 0x30, 0xff,
    0xc8, 0x98, 0x30, 0xff, 0xc8, 0x98, 0x38, 0xff, 0xc8, 0x98, 0x30, 0xff,
    0xc8, 0x98, 0x30, 0xff, 0xc8, 0x98, 0x38, 0xff, 0xc8, 0x98, 0x30, 0xff,
    0xc8, 0x98, 0x30, 0xff, 0xc8, 0x98, 0x38, 0xff, 0xc8, 0x98, 0x30, 0xff,
    0xc8, 0x98, 0x30, 0xff, 0xc8, 0x98, 0x38, 0xff, 0xc8, 0x98, 0x30, 0xff,
    0xc8, 0x98, 0x30, 0xff, 0xc8, 0x98, 0x30, 0xff, 0xc8, 0x98, 0x30, 0xff,
    0xc8, 0x98, 0x30, 0xff, 0xc8, 0x98, 0x30, 0xff, 0xc8, 0x94, 0x38, 0xae,
    0xc8, 0x94, 0x38, 0x41, 0x00, 0x00, 0x00, 0x00, 0x00, 0x00, 0x00, 0x00,
    0x00, 0x00, 0x00, 0x00, 0x00, 0x00, 0x00, 0x00, 0x00, 0x00, 0x00, 0x00,
    0xc8, 0x98, 0x30, 0x20, 0xc8, 0x98, 0x30, 0xcf, 0xc8, 0x98, 0x38, 0xff,
    0xc8, 0x94, 0x30, 0xff, 0xc8, 0x98, 0x38, 0xff, 0xc8, 0x98, 0x30, 0xff,
    0xc8, 0x94, 0x30, 0x8e, 0x00, 0x00, 0x00, 0x00, 0x00, 0x00, 0x00, 0x00,
    0x00, 0x00, 0x00, 0x00, 0x00, 0x00, 0x00, 0x00, 0x00, 0x00, 0x00, 0x00,
    0x00, 0x00, 0x00, 0x00, 0x00, 0x00, 0x00, 0x00, 0x00, 0x00, 0x00, 0x00,
    0x00, 0x00, 0x00, 0x00, 0xc8, 0x98, 0x30, 0x61, 0xc8, 0x98, 0x30, 0xff,
    0xc8, 0x94, 0x38, 0xff, 0xc8, 0x98, 0x30, 0xff, 0xc8, 0x94, 0x30, 0xff,
    0xc8, 0x98, 0x30, 0xcf, 0xd0, 0x9c, 0x30, 0x10, 0x00, 0x00, 0x00, 0x00,
    0x00, 0x00, 0x00, 0x00, 0x00, 0x00, 0x00, 0x00, 0x00, 0x00, 0x00, 0x00,
    0x00, 0x00, 0x00, 0x00, 0x00, 0x00, 0x00, 0x00, 0x00, 0x00, 0x00, 0x00,
    0x00, 0x00, 0x00, 0x00, 0x00, 0x00, 0x00, 0x00, 0x00, 0x00, 0x00, 0x00,
    0x00, 0x00, 0x00, 0x00, 0x00, 0x00, 0x00, 0x00, 0x00, 0x00, 0x00, 0x00,
    0x00, 0x00, 0x00, 0x00, 0x00, 0x00, 0x00, 0x00, 0x00, 0x00, 0x00, 0x00,
    0x00, 0x00, 0x00, 0x00, 0x00, 0x00, 0x00, 0x00, 0x00, 0x00, 0x00, 0x00,
    0x00, 0x00, 0x00, 0x00, 0x00, 0x00, 0x00, 0x00, 0x00, 0x00, 0x00, 0x00,
    0x00, 0x00, 0x00, 0x00, 0x00, 0x00, 0x00, 0x00, 0x00, 0x00, 0x00, 0x00,
    0x00, 0x00, 0x00, 0x00, 0x00, 0x00, 0x00, 0x00, 0x00, 0x00, 0x00, 0x00,
    0x00, 0x00, 0x00, 0x00, 0x00, 0x00, 0x00, 0x00, 0x00, 0x00, 0x00, 0x00,
    0x00, 0x00, 0x00, 0x00, 0x00, 0x00, 0x00, 0x00, 0x00, 0x00, 0x00, 0x00,
    0x00, 0x00, 0x00, 0x00, 0x00, 0x00, 0x00, 0x00, 0x00, 0x00, 0x00, 0x00,
    0x00, 0x00, 0x00, 0x00, 0x00, 0x00, 0x00, 0x00, 0x00, 0x00, 0x00, 0x00,
    0x00, 0x00, 0x00, 0x00, 0x00, 0x00, 0x00, 0x00, 0x00, 0x00, 0x00, 0x00,
    0x00, 0x00, 0x00, 0x00, 0x00, 0x00, 0x00, 0x00, 0x00, 0x00, 0x00, 0x00,
    0x00, 0x00, 0x00, 0x00, 0x00, 0x00, 0x00, 0x00, 0x00, 0x00, 0x00, 0x00,
    0x00, 0x00, 0x00, 0x00, 0x00, 0x00, 0x00, 0x00, 0x00, 0x00, 0x00, 0x00,
    0x00, 0x00, 0x00, 0x00, 0x00, 0x00, 0x00, 0x00, 0x00, 0x00, 0x00, 0x00,
    0x00, 0x00, 0x00, 0x00, 0x00, 0x00, 0x00, 0x00, 0x00, 0x00, 0x00, 0x00,
    0x00, 0x00, 0x00, 0x00, 0x00, 0x00, 0x00, 0x00, 0x00, 0x00, 0x00, 0x00,
    0x00, 0x00, 0x00, 0x00, 0x00, 0x00, 0x00, 0x00, 0x00, 0x00, 0x00, 0x00,
    0x00, 0x00, 0x00, 0x00, 0xc8, 0x94, 0x30, 0x20, 0xc8, 0x98, 0x38, 0xbe,
    0xc8, 0x98, 0x30, 0xff, 0xc8, 0x94, 0x30, 0xff, 0xc8, 0x98, 0x30, 0xff,
    0xc8, 0x98, 0x30, 0xff, 0xc8, 0x94, 0x30, 0xff, 0xc8, 0x98, 0x30, 0xff,
    0xc8, 0x98, 0x38, 0xff, 0xc8, 0x94, 0x30, 0xff, 0xc8, 0x98, 0x30, 0xff,
    0xc8, 0x98, 0x30, 0xff, 0xc8, 0x98, 0x30, 0xff, 0xc8, 0x98, 0x30, 0xff,
    0xc8, 0x98, 0x30, 0xff, 0xc8, 0x98, 0x30, 0xff, 0xc8, 0x94, 0x30, 0xff,
    0xc8, 0x98, 0x30, 0xff, 0xc8, 0x98, 0x30, 0xff, 0xc8, 0x98, 0x30, 0xff,
    0xc8, 0x98, 0x30, 0xff, 0xc8, 0x98, 0x30, 0xff, 0xc8, 0x98, 0x30, 0xff,
    0xc8, 0x98, 0x30, 0xff, 0xc8, 0x98, 0x30, 0xff, 0xc8, 0x98, 0x30, 0xff,
    0xc8, 0x98, 0x30, 0xff, 0xc8, 0x98, 0x30, 0xff, 0xc8, 0x98, 0x30, 0xff,
    0xc8, 0x98, 0x30, 0xff, 0xc8, 0x98, 0x30, 0xff, 0xc8, 0x94, 0x30, 0xff,
    0xc8, 0x98, 0x30, 0xff, 0xc8, 0x98, 0x30, 0xff, 0xc8, 0x94, 0x30, 0xff,
    0xc8, 0x98, 0x30, 0xff, 0xc8, 0x98, 0x30, 0xff, 0xc8, 0x94, 0x38, 0xff,
    0xc8, 0x98, 0x30, 0xff, 0xc8, 0x98, 0x30, 0xff, 0xc8, 0x94, 0x38, 0xff,
    0xc8, 0x98, 0x30, 0xff, 0xc8, 0x98, 0x30, 0xff, 0xc8, 0x98, 0x30, 0xff,
    0xc8, 0x98, 0x30, 0xff, 0xc8, 0x94, 0x30, 0xae, 0xc8, 0x98, 0x30, 0x20,
    0x00, 0x00, 0x00, 0x00, 0x00, 0x00, 0x00, 0x00, 0x00, 0x00, 0x00, 0x00,
    0x00, 0x00, 0x00, 0x00, 0xd0, 0xa0, 0x30, 0x10, 0xc8, 0x98, 0x30, 0xcf,
    0xc8, 0x94, 0x30, 0xff, 0xc8, 0x98, 0x30, 0xff, 0xc8, 0x98, 0x38, 0xff,
    0xc8, 0x94, 0x30, 0xff, 0xc8, 0x94, 0x30, 0x71, 0x00, 0x00, 0x00, 0x00,
    0x00, 0x00, 0x00, 0x00, 0x00, 0x00, 0x00, 0x00, 0x00, 0x00, 0x00, 0x00,
    0x00, 0x00, 0x00, 0x00, 0x00, 0x00, 0x00, 0x00, 0x00, 0x00, 0x00, 0x00,
    0xc8, 0x98, 0x30, 0x20, 0xc8, 0x98, 0x30, 0xdf, 0xc8, 0x98, 0x30, 0xff,
    0xc8, 0x98, 0x30, 0xff, 0xc8, 0x98, 0x38, 0xff, 0xc8, 0x98, 0x30, 0xdf,
    0xc8, 0x94, 0x30, 0x20, 0x00, 0x00, 0x00, 0x00, 0x00, 0x00, 0x00, 0x00,
    0x00, 0x00, 0x00, 0x00, 0x00, 0x00, 0x00, 0x00, 0x00, 0x00, 0x00, 0x00,
    0x00, 0x00, 0x00, 0x00, 0x00, 0x00, 0x00, 0x00, 0x00, 0x00, 0x00, 0x00,
    0x00, 0x00, 0x00, 0x00, 0x00, 0x00, 0x00, 0x00, 0x00, 0x00, 0x00, 0x00,
    0x00, 0x00, 0x00, 0x00, 0x00, 0x00, 0x00, 0x00, 0x00, 0x00, 0x00, 0x00,
    0x00, 0x00, 0x00, 0x00, 0x00, 0x00, 0x00, 0x00, 0x00, 0x00, 0x00, 0x00,
    0x00, 0x00, 0x00, 0x00, 0x00, 0x00, 0x00, 0x00, 0x00, 0x00, 0x00, 0x00,
    0x00, 0x00, 0x00, 0x00, 0x00, 0x00, 0x00, 0x00, 0x00, 0x00, 0x00, 0x00,
    0x00, 0x00, 0x00, 0x00, 0x00, 0x00, 0x00, 0x00, 0x00, 0x00, 0x00, 0x00,
    0x00, 0x00, 0x00, 0x00, 0x00, 0x00, 0x00, 0x00, 0x00, 0x00, 0x00, 0x00,
    0x00, 0x00, 0x00, 0x00, 0x00, 0x00, 0x00, 0x00, 0x00, 0x00, 0x00, 0x00,
    0x00, 0x00, 0x00, 0x00, 0x00, 0x00, 0x00, 0x00, 0x00, 0x00, 0x00, 0x00,
    0x00, 0x00, 0x00, 0x00, 0x00, 0x00, 0x00, 0x00, 0x00, 0x00, 0x00, 0x00,
    0x00, 0x00, 0x00, 0x00, 0x00, 0x00, 0x00, 0x00, 0x00, 0x00, 0x00, 0x00,
    0x00, 0x00, 0x00, 0x00, 0x00, 0x00, 0x00, 0x00, 0x00, 0x00, 0x00, 0x00,
    0x00, 0x00, 0x00, 0x00, 0x00, 0x00, 0x00, 0x00, 0x00, 0x00, 0x00, 0x00,
    0x00, 0x00, 0x00, 0x00, 0x00, 0x00, 0x00, 0x00, 0x00, 0x00, 0x00, 0x00,
    0x00, 0x00, 0x00, 0x00, 0x00, 0x00, 0x00, 0x00, 0x00, 0x00, 0x00, 0x00,
    0x00, 0x00, 0x00, 0x00, 0x00, 0x00, 0x00, 0x00, 0x00, 0x00, 0x00, 0x00,
    0x00, 0x00, 0x00, 0x00, 0x00, 0x00, 0x00, 0x00, 0x00, 0x00, 0x00, 0x00,
    0x00, 0x00, 0x00, 0x00, 0x00, 0x00, 0x00, 0x00, 0x00, 0x00, 0x00, 0x00,
    0x00, 0x00, 0x00, 0x00, 0x00, 0x00, 0x00, 0x00, 0x00, 0x00, 0x00, 0x00,
    0xc8, 0x94, 0x30, 0x71, 0xc8, 0x94, 0x30, 0xef, 0xc8, 0x98, 0x30, 0xff,
    0xc8, 0x98, 0x30, 0xff, 0xc8, 0x98, 0x30, 0xff, 0xc8, 0x98, 0x38, 0xff,
    0xc8, 0x94, 0x30, 0xff, 0xc8, 0x98, 0x38, 0xff, 0xc8, 0x98, 0x30, 0xff,
    0xc8, 0x94, 0x30, 0xff, 0xc8, 0x98, 0x30, 0xff, 0xc8, 0x98, 0x38, 0xff,
    0xc8, 0x94, 0x30, 0xff, 0xc8, 0x94, 0x30, 0xff, 0xc8, 0x98, 0x38, 0xff,
    0xc8, 0x94, 0x30, 0xff, 0xc8, 0x98, 0x30, 0xff, 0xc8, 0x98, 0x38, 0xff,
    0xc8, 0x94, 0x30, 0xff, 0xc8, 0x98, 0x38, 0xff, 0xc8, 0x94, 0x30, 0xff,
    0xc8, 0x94, 0x38, 0xff, 0xc8, 0x98, 0x30, 0xff, 0xc8, 0x94, 0x38, 0xff,
    0xc8, 0x94, 0x30, 0xff, 0xc8, 0x98, 0x30, 0xff, 0xc8, 0x94, 0x38, 0xff,
    0xc8, 0x94, 0x30, 0xff, 0xc8, 0x98, 0x38, 0xff, 0xc8, 0x94, 0x30, 0xff,
    0xc8, 0x94, 0x38, 0xff, 0xc8, 0x98, 0x30, 0xff, 0xc8, 0x98, 0x38, 0xff,
    0xc8, 0x94, 0x30, 0xff, 0xc8, 0x98, 0x30, 0xff, 0xc8, 0x98, 0x38, 0xff,
    0xc8, 0x94, 0x30, 0xff, 0xc8, 0x98, 0x30, 0xff, 0xc8, 0x98, 0x30, 0xff,
    0xc8, 0x94, 0x30, 0xff, 0xc8, 0x98, 0x38, 0xff, 0xc8, 0x98, 0x30, 0xff,
    0xc8, 0x94, 0x30, 0xff, 0xc8, 0x98, 0x38, 0xff, 0xc8, 0x98, 0x30, 0xff,
    0xc8, 0x98, 0x30, 0xff, 0xc8, 0x98, 0x30, 0xff, 0xc8, 0x94, 0x38, 0xef,
    0xc8, 0x94, 0x30, 0x71, 0x00, 0x00, 0x00, 0x00, 0x00, 0x00, 0x00, 0x00,
    0x00, 0x00, 0x00, 0x00, 0x00, 0x00, 0x00, 0x00, 0xd0, 0xa0, 0x30, 0x10,
    0xc8, 0x98, 0x30, 0xdf, 0xc8, 0x98, 0x30, 0xff, 0xc8, 0x98, 0x30, 0xff,
    0xc8, 0x98, 0x38, 0xff, 0xc8, 0x94, 0x30, 0xef, 0xc8, 0x98, 0x30, 0x20,
    0x00, 0x00, 0x00, 0x00, 0x00, 0x00, 0x00, 0x00, 0x00, 0x00, 0x00, 0x00,
    0x00, 0x00, 0x00, 0x00, 0x00, 0x00, 0x00, 0x00, 0x00, 0x00, 0x00, 0x00,
    0xc8, 0x94, 0x30, 0x9e, 0xc8, 0x98, 0x30, 0xff, 0xc8, 0x94, 0x30, 0xff,
    0xc8, 0x98, 0x30, 0xff, 0xc8, 0x94, 0x30, 0xef, 0xc8, 0x98, 0x30, 0x20,
    0x00, 0x00, 0x00, 0x00, 0x00, 0x00, 0x00, 0x00, 0x00, 0x00, 0x00, 0x00,
    0x00, 0x00, 0x00, 0x00, 0x00, 0x00, 0x00, 0x00, 0x00, 0x00, 0x00, 0x00,
    0x00, 0x00, 0x00, 0x00, 0x00, 0x00, 0x00, 0x00, 0x00, 0x00, 0x00, 0x00,
    0x00, 0x00, 0x00, 0x00, 0x00, 0x00, 0x00, 0x00, 0x00, 0x00, 0x00, 0x00,
    0x00, 0x00, 0x00, 0x00, 0x00, 0x00, 0x00, 0x00, 0x00, 0x00, 0x00, 0x00,
    0x00, 0x00, 0x00, 0x00, 0x00, 0x00, 0x00, 0x00, 0x00, 0x00, 0x00, 0x00,
    0x00, 0x00, 0x00, 0x00, 0x00, 0x00, 0x00, 0x00, 0x00, 0x00, 0x00, 0x00,
    0x00, 0x00, 0x00, 0x00, 0x00, 0x00, 0x00, 0x00, 0x00, 0x00, 0x00, 0x00,
    0x00, 0x00, 0x00, 0x00, 0x00, 0x00, 0x00, 0x00, 0x00, 0x00, 0x00, 0x00,
    0x00, 0x00, 0x00, 0x00, 0x00, 0x00, 0x00, 0x00, 0x00, 0x00, 0x00, 0x00,
    0x00, 0x00, 0x00, 0x00, 0x00, 0x00, 0x00, 0x00, 0x00, 0x00, 0x00, 0x00,
    0x00, 0x00, 0x00, 0x00, 0x00, 0x00, 0x00, 0x00, 0x00, 0x00, 0x00, 0x00,
    0x00, 0x00, 0x00, 0x00, 0x00, 0x00, 0x00, 0x00, 0x00, 0x00, 0x00, 0x00,
    0x00, 0x00, 0x00, 0x00, 0x00, 0x00, 0x00, 0x00, 0x00, 0x00, 0x00, 0x00,
    0x00, 0x00, 0x00, 0x00, 0x00, 0x00, 0x00, 0x00, 0x00, 0x00, 0x00, 0x00,
    0x00, 0x00, 0x00, 0x00, 0x00, 0x00, 0x00, 0x00, 0x00, 0x00, 0x00, 0x00,
    0x00, 0x00, 0x00, 0x00, 0x00, 0x00, 0x00, 0x00, 0x00, 0x00, 0x00, 0x00,
    0x00, 0x00, 0x00, 0x00, 0x00, 0x00, 0x00, 0x00, 0x00, 0x00, 0x00, 0x00,
    0x00, 0x00, 0x00, 0x00, 0x00, 0x00, 0x00, 0x00, 0x00, 0x00, 0x00, 0x00,
    0x00, 0x00, 0x00, 0x00, 0x00, 0x00, 0x00, 0x00, 0x00, 0x00, 0x00, 0x00,
    0x00, 0x00, 0x00, 0x00, 0x00, 0x00, 0x00, 0x00, 0x00, 0x00, 0x00, 0x00,
    0x00, 0x00, 0x00, 0x00, 0x00, 0x00, 0x00, 0x00, 0xc8, 0x98, 0x38, 0x82,
    0xc8, 0x98, 0x30, 0xff, 0xc8, 0x98, 0x30, 0xff, 0xc8, 0x98, 0x38, 0xff,
    0xc8, 0x94, 0x30, 0xff, 0xc8, 0x98, 0x30, 0xff, 0xc8, 0x98, 0x30, 0xff,
    0xc8, 0x98, 0x30, 0xff, 0xc8, 0x98, 0x30, 0xff, 0xc8, 0x98, 0x38, 0xff,
    0xc8, 0x98, 0x30, 0xff, 0xc8, 0x98, 0x30, 0xff, 0xc8, 0x98, 0x30, 0xff,
    0xc8, 0x98, 0x38, 0xff, 0xc8, 0x98, 0x30, 0xff, 0xc8, 0x98, 0x30, 0xff,
    0xc8, 0x98, 0x38, 0xff, 0xc8, 0x94, 0x30, 0xff, 0xc8, 0x98, 0x30, 0xff,
    0xc8, 0x98, 0x38, 0xff, 0xc8, 0x98, 0x30, 0xff, 0xc8, 0x98, 0x30, 0xff,
    0xc8, 0x98, 0x30, 0xff, 0xc8, 0x98, 0x30, 0xff, 0xc8, 0x98, 0x38, 0xff,
    0xc8, 0x98, 0x30, 0xff, 0xc8, 0x98, 0x30, 0xff, 0xc8, 0x98, 0x38, 0xff,
    0xc8, 0x98, 0x30, 0xff, 0xc8, 0x98, 0x30, 0xff, 0xc8, 0x98, 0x30, 0xff,
    0xc8, 0x98, 0x30, 0xff, 0xc8, 0x98, 0x38, 0xff, 0xc8, 0x98, 0x30, 0xff,
    0xc8, 0x98, 0x30, 0xff, 0xc8, 0x98, 0x38, 0xff, 0xc8, 0x98, 0x30, 0xff,
    0xc8, 0x94, 0x30, 0xff, 0xc8, 0x98, 0x38, 0xff, 0xc8, 0x98, 0x30, 0xff,
    0xc8, 0x98, 0x30, 0xff, 0xc8, 0x98, 0x30, 0xff, 0xc8, 0x98, 0x30, 0xff,
    0xc8, 0x98, 0x30, 0xff, 0xc8, 0x94, 0x38, 0xff, 0xc8, 0x98, 0x30, 0xff,
    0xc8, 0x98, 0x30, 0xff, 0xc8, 0x98, 0x38, 0xff, 0xc8, 0x98, 0x30, 0xff,
    0xc8, 0x98, 0x30, 0xff, 0xc8, 0x94, 0x30, 0x82, 0x00, 0x00, 0x00, 0x00,
    0x00, 0x00, 0x00, 0x00, 0x00, 0x00, 0x00, 0x00, 0x00, 0x00, 0x00, 0x00,
    0xc8, 0x94, 0x30, 0x20, 0xc8, 0x94, 0x38, 0xef, 0xc8, 0x98, 0x30, 0xff,
    0xc8, 0x98, 0x30, 0xff, 0xc8, 0x98, 0x30, 0xff, 0xc8, 0x94, 0x30, 0xae,
    0x00, 0x00, 0x00, 0x00, 0x00, 0x00, 0x00, 0x00, 0x00, 0x00, 0x00, 0x00,
    0x00, 0x00, 0x00, 0x00, 0x00, 0x00, 0x00, 0x00, 0xc8, 0x98, 0x30, 0x20,
    0xc8, 0x98, 0x30, 0xff, 0xc8, 0x98, 0x38, 0xff, 0xc8, 0x98, 0x38, 0xff,
    0xc8, 0x94, 0x30, 0xff, 0xc8, 0x98, 0x30, 0x6d, 0x00, 0x00, 0x00, 0x00,
    0x00, 0x00, 0x00, 0x00, 0x00, 0x00, 0x00, 0x00, 0x00, 0x00, 0x00, 0x00,
    0x00, 0x00, 0x00, 0x00, 0x00, 0x00, 0x00, 0x00, 0x00, 0x00, 0x00, 0x00,
    0x00, 0x00, 0x00, 0x00, 0x00, 0x00, 0x00, 0x00, 0x00, 0x00, 0x00, 0x00,
    0x00, 0x00, 0x00, 0x00, 0x00, 0x00, 0x00, 0x00, 0x00, 0x00, 0x00, 0x00,
    0x00, 0x00, 0x00, 0x00, 0x00, 0x00, 0x00, 0x00, 0x00, 0x00, 0x00, 0x00,
    0x00, 0x00, 0x00, 0x00, 0x00, 0x00, 0x00, 0x00, 0x00, 0x00, 0x00, 0x00,
    0x00, 0x00, 0x00, 0x00, 0x00, 0x00, 0x00, 0x00, 0x00, 0x00, 0x00, 0x00,
    0x00, 0x00, 0x00, 0x00, 0x00, 0x00, 0x00, 0x00, 0x00, 0x00, 0x00, 0x00,
    0x00, 0x00, 0x00, 0x00, 0x00, 0x00, 0x00, 0x00, 0x00, 0x00, 0x00, 0x00,
    0x00, 0x00, 0x00, 0x00, 0x00, 0x00, 0x00, 0x00, 0x00, 0x00, 0x00, 0x00,
    0x00, 0x00, 0x00, 0x00, 0x00, 0x00, 0x00, 0x00, 0x00, 0x00, 0x00, 0x00,
    0x00, 0x00, 0x00, 0x00, 0x00, 0x00, 0x00, 0x00, 0x00, 0x00, 0x00, 0x00,
    0x00, 0x00, 0x00, 0x00, 0x00, 0x00, 0x00, 0x00, 0x00, 0x00, 0x00, 0x00,
    0x00, 0x00, 0x00, 0x00, 0x00, 0x00, 0x00, 0x00, 0x00, 0x00, 0x00, 0x00,
    0x00, 0x00, 0x00, 0x00, 0x00, 0x00, 0x00, 0x00, 0x00, 0x00, 0x00, 0x00,
    0x00, 0x00, 0x00, 0x00, 0x00, 0x00, 0x00, 0x00, 0x00, 0x00, 0x00, 0x00,
    0x00, 0x00, 0x00, 0x00, 0x00, 0x00, 0x00, 0x00, 0x00, 0x00, 0x00, 0x00,
    0x00, 0x00, 0x00, 0x00, 0x00, 0x00, 0x00, 0x00, 0x00, 0x00, 0x00, 0x00,
    0x00, 0x00, 0x00, 0x00, 0x00, 0x00, 0x00, 0x00, 0x00, 0x00, 0x00, 0x00,
    0x00, 0x00, 0x00, 0x00, 0x00, 0x00, 0x00, 0x00, 0x00, 0x00, 0x00, 0x00,
    0x00, 0x00, 0x00, 0x00, 0x00, 0x00, 0x00, 0x00, 0x00, 0x00, 0x00, 0x00,
    0x00, 0x00, 0x00, 0x00, 0xc8, 0x94, 0x30, 0x82, 0xc8, 0x98, 0x30, 0xff,
    0xc8, 0x98, 0x38, 0xff, 0xc8, 0x98, 0x30, 0xff, 0xc8, 0x94, 0x30, 0xff,
    0xc8, 0x98, 0x38, 0xff, 0xc8, 0x98, 0x30, 0xff, 0xc8, 0x94, 0x30, 0xff,
    0xc8, 0x98, 0x38, 0xff, 0xc8, 0x94, 0x30, 0xff, 0xc8, 0x98, 0x30, 0xff,
    0xc8, 0x94, 0x38, 0xff, 0xc8, 0x98, 0x30, 0xff, 0xc8, 0x94, 0x30, 0xff,
    0xc8, 0x98, 0x30, 0xff, 0xc8, 0x98, 0x30, 0xff, 0xc8, 0x94, 0x30, 0xff,
    0xc8, 0x98, 0x38, 0xff, 0xc8, 0x98, 0x30, 0xff, 0xc8, 0x98, 0x30, 0xff,
    0xc8, 0x98, 0x30, 0xff, 0xc8, 0x94, 0x30, 0xff, 0xc8, 0x98, 0x30, 0xff,
    0xc8, 0x98, 0x30, 0xff, 0xc8, 0x94, 0x30, 0xff, 0xc8, 0x98, 0x30, 0xff,
    0xc8, 0x98, 0x30, 0xff, 0xc8, 0x94, 0x30, 0xff, 0xc8, 0x98, 0x30, 0xff,
    0xc8, 0x98, 0x30, 0xff, 0xc8, 0x94, 0x30, 0xff, 0xc8, 0x98, 0x38, 0xff,
    0xc8, 0x98, 0x30, 0xff, 0xc8, 0x94, 0x30, 0xff, 0xc8, 0x98, 0x30, 0xff,
    0xc8, 0x94, 0x30, 0xff, 0xc8, 0x98, 0x30, 0xff, 0xc8, 0x98, 0x30, 0xff,
    0xc8, 0x98, 0x38, 0xff, 0xc8, 0x94, 0x30, 0xff, 0xc8, 0x98, 0x30, 0xff,
    0xc8, 0x98, 0x38, 0xff, 0xc8, 0x94, 0x30, 0xff, 0xc8, 0x98, 0x30, 0xff,
    0xc8, 0x98, 0x38, 0xff, 0xc8, 0x98, 0x30, 0xff, 0xc8, 0x94, 0x30, 0xff,
    0xc8, 0x94, 0x30, 0xff, 0xc8, 0x98, 0x30, 0xff, 0xc8, 0x98, 0x30, 0xff,
    0xc8, 0x98, 0x38, 0xff, 0xc8, 0x98, 0x30, 0xff, 0xc8, 0x94, 0x38, 0x82,
    0x00, 0x00, 0x00, 0x00, 0x00, 0x00, 0x00, 0x00, 0x00, 0x00, 0x00, 0x00,
    0x00, 0x00, 0x00, 0x00, 0xc8, 0x94, 0x30, 0x71, 0xc8, 0x98, 0x30, 0xff,
    0xc8, 0x98, 0x30, 0xff, 0xc8, 0x98, 0x38, 0xff, 0xc8, 0x98, 0x30, 0xff,
    0xc8, 0x94, 0x30, 0x41, 0x00, 0x00, 0x00, 0x00, 0x00, 0x00, 0x00, 0x00,
    0x00, 0x00, 0x00, 0x00, 0x00, 0x00, 0x00, 0x00, 0xc8, 0x98, 0x30, 0x9e,
    0xc8, 0x98, 0x30, 0xff, 0xc8, 0x94, 0x30, 0xff, 0xc8, 0x98, 0x30, 0xff,
    0xc8, 0x98, 0x30, 0xdf, 0x00, 0x00, 0x00, 0x00, 0x00, 0x00, 0x00, 0x00,
    0x00, 0x00, 0x00, 0x00, 0x00, 0x00, 0x00, 0x00, 0x00, 0x00, 0x00, 0x00,
    0x00, 0x00, 0x00, 0x00, 0x00, 0x00, 0x00, 0x00, 0x00, 0x00, 0x00, 0x00,
    0x00, 0x00, 0x00, 0x00, 0x00, 0x00, 0x00, 0x00, 0x00, 0x00, 0x00, 0x00,
    0x00, 0x00, 0x00, 0x00, 0x00, 0x00, 0x00, 0x00, 0x00, 0x00, 0x00, 0x00,
    0x00, 0x00, 0x00, 0x00, 0x00, 0x00, 0x00, 0x00, 0x00, 0x00, 0x00, 0x00,
    0x00, 0x00, 0x00, 0x00, 0x00, 0x00, 0x00, 0x00, 0x00, 0x00, 0x00, 0x00,
    0x00, 0x00, 0x00, 0x00, 0x00, 0x00, 0x00, 0x00, 0x00, 0x00, 0x00, 0x00,
    0x00, 0x00, 0x00, 0x00, 0x00, 0x00, 0x00, 0x00, 0x00, 0x00, 0x00, 0x00,
    0x00, 0x00, 0x00, 0x00, 0x00, 0x00, 0x00, 0x00, 0x00, 0x00, 0x00, 0x00,
    0x00, 0x00, 0x00, 0x00, 0x00, 0x00, 0x00, 0x00, 0x00, 0x00, 0x00, 0x00,
    0x00, 0x00, 0x00, 0x00, 0x00, 0x00, 0x00, 0x00, 0x00, 0x00, 0x00, 0x00,
    0x00, 0x00, 0x00, 0x00, 0x00, 0x00, 0x00, 0x00, 0x00, 0x00, 0x00, 0x00,
    0x00, 0x00, 0x00, 0x00, 0x00, 0x00, 0x00, 0x00, 0x00, 0x00, 0x00, 0x00,
    0x00, 0x00, 0x00, 0x00, 0x00, 0x00, 0x00, 0x00, 0x00, 0x00, 0x00, 0x00,
    0x00, 0x00, 0x00, 0x00, 0x00, 0x00, 0x00, 0x00, 0x00, 0x00, 0x00, 0x00,
    0x00, 0x00, 0x00, 0x00, 0x00, 0x00, 0x00, 0x00, 0x00, 0x00, 0x00, 0x00,
    0x00, 0x00, 0x00, 0x00, 0x00, 0x00, 0x00, 0x00, 0x00, 0x00, 0x00, 0x00,
    0x00, 0x00, 0x00, 0x00, 0x00, 0x00, 0x00, 0x00, 0x00, 0x00, 0x00, 0x00,
    0x00, 0x00, 0x00, 0x00, 0x00, 0x00, 0x00, 0x00, 0x00, 0x00, 0x00, 0x00,
    0x00, 0x00, 0x00, 0x00, 0x00, 0x00, 0x00, 0x00, 0x00, 0x00, 0x00, 0x00,
    0x00, 0x00, 0x00, 0x00, 0x00, 0x00, 0x00, 0x00, 0x00, 0x00, 0x00, 0x00,
    0xc8, 0x94, 0x38, 0x71, 0xc8, 0x98, 0x30, 0xff, 0xc8, 0x94, 0x30, 0xff,
    0xc8, 0x98, 0x30, 0xff, 0xc8, 0x98, 0x30, 0xff, 0xc8, 0x94, 0x30, 0xff,
    0xc8, 0x98, 0x38, 0xff, 0xc8, 0x98, 0x30, 0xff, 0xc8, 0x98, 0x30, 0xff,
    0xc8, 0x94, 0x38, 0xff, 0xc8, 0x98, 0x30, 0xff, 0xc8, 0x98, 0x30, 0xff,
    0xc8, 0x98, 0x30, 0xff, 0xc8, 0x94, 0x38, 0xff, 0xc8, 0x98, 0x30, 0xff,
    0xc8, 0x98, 0x30, 0xff, 0xc8, 0x94, 0x38, 0xff, 0xc8, 0x98, 0x30, 0xff,
    0xc8, 0x98, 0x30, 0xff, 0xc8, 0x94, 0x30, 0xff, 0xc8, 0x98, 0x38, 0xff,
    0xc8, 0x98, 0x30, 0xff, 0xc8, 0x94, 0x38, 0xff, 0xc8, 0x98, 0x38, 0xff,
    0xc8, 0x98, 0x30, 0xff, 0xc8, 0x94, 0x38, 0xff, 0xc8, 0x98, 0x30, 0xff,
    0xc8, 0x98, 0x38, 0xff, 0xc8, 0x94, 0x30, 0xff, 0xc8, 0x98, 0x38, 0xff,
    0xc8, 0x98, 0x30, 0xff, 0xc8, 0x94, 0x30, 0xff, 0xc8, 0x98, 0x38, 0xff,
    0xc8, 0x98, 0x30, 0xff, 0xc8, 0x94, 0x30, 0xff, 0xc8, 0x98, 0x38, 0xff,
    0xc8, 0x98, 0x30, 0xff, 0xc8, 0x94, 0x30, 0xff, 0xc8, 0x98, 0x38, 0xff,
    0xc8, 0x98, 0x30, 0xff, 0xc8, 0x98, 0x30, 0xff, 0xc8, 0x94, 0x30, 0xff,
    0xc8, 0x98, 0x38, 0xff, 0xc8, 0x98, 0x30, 0xff, 0xc8, 0x94, 0x30, 0xff,
    0xc8, 0x98, 0x30, 0xff, 0xc8, 0x98, 0x30, 0xff, 0xc8, 0x98, 0x38, 0xff,
    0xc8, 0x98, 0x30, 0xff, 0xc8, 0x94, 0x30, 0xff, 0xc8, 0x98, 0x38, 0xff,
    0xc8, 0x98, 0x30, 0xff, 0xc8, 0x98, 0x30, 0xff, 0xc8, 0x98, 0x30, 0xff,
    0xc8, 0x94, 0x30, 0x71, 0x00, 0x00, 0x00, 0x00, 0x00, 0x00, 0x00, 0x00,
    0x00, 0x00, 0x00, 0x00, 0x00, 0x00, 0x00, 0x00, 0xc8, 0x98, 0x30, 0xbe,
    0xc8, 0x98, 0x38, 0xff, 0xc8, 0x94, 0x30, 0xff, 0xc8, 0x98, 0x30, 0xff,
    0xc8, 0x98, 0x30, 0xbe, 0x00, 0x00, 0x00, 0x00, 0x00, 0x00, 0x00, 0x00,
    0x00, 0x00, 0x00, 0x00, 0xc8, 0x98, 0x30, 0x20, 0xc8, 0x94, 0x30, 0xff,
    0xc8, 0x98, 0x30, 0xff, 0xc8, 0x98, 0x30, 0xff, 0xc8, 0x98, 0x38, 0xff,
    0xc8, 0x94, 0x30, 0x41, 0x00, 0x00, 0x00, 0x00, 0x00, 0x00, 0x00, 0x00,
    0x00, 0x00, 0x00, 0x00, 0x00, 0x00, 0x00, 0x00, 0x00, 0x00, 0x00, 0x00,
    0x00, 0x00, 0x00, 0x00, 0x00, 0x00, 0x00, 0x00, 0x00, 0x00, 0x00, 0x00,
    0x00, 0x00, 0x00, 0x00, 0x00, 0x00, 0x00, 0x00, 0x00, 0x00, 0x00, 0x00,
    0x00, 0x00, 0x00, 0x00, 0x00, 0x00, 0x00, 0x00, 0x00, 0x00, 0x00, 0x00,
    0x00, 0x00, 0x00, 0x00, 0x00, 0x00, 0x00, 0x00, 0x00, 0x00, 0x00, 0x00,
    0x00, 0x00, 0x00, 0x00, 0x00, 0x00, 0x00, 0x00, 0x00, 0x00, 0x00, 0x00,
    0x00, 0x00, 0x00, 0x00, 0x00, 0x00, 0x00, 0x00, 0x00, 0x00, 0x00, 0x00,
    0x00, 0x00, 0x00, 0x00, 0x00, 0x00, 0x00, 0x00, 0x00, 0x00, 0x00, 0x00,
    0x00, 0x00, 0x00, 0x00, 0x00, 0x00, 0x00, 0x00, 0x00, 0x00, 0x00, 0x00,
    0x00, 0x00, 0x00, 0x00, 0x00, 0x00, 0x00, 0x00, 0x00, 0x00, 0x00, 0x00,
    0x00, 0x00, 0x00, 0x00, 0x00, 0x00, 0x00, 0x00, 0x00, 0x00, 0x00, 0x00,
    0x00, 0x00, 0x00, 0x00, 0x00, 0x00, 0x00, 0x00, 0x00, 0x00, 0x00, 0x00,
    0x00, 0x00, 0x00, 0x00, 0x00, 0x00, 0x00, 0x00, 0x00, 0x00, 0x00, 0x00,
    0x00, 0x00, 0x00, 0x00, 0x00, 0x00, 0x00, 0x00, 0x00, 0x00, 0x00, 0x00,
    0x00, 0x00, 0x00, 0x00, 0x00, 0x00, 0x00, 0x00, 0x00, 0x00, 0x00, 0x00,
    0x00, 0x00, 0x00, 0x00, 0x00, 0x00, 0x00, 0x00, 0x00, 0x00, 0x00, 0x00,
    0x00, 0x00, 0x00, 0x00, 0x00, 0x00, 0x00, 0x00, 0x00, 0x00, 0x00, 0x00,
    0x00, 0x00, 0x00, 0x00, 0x00, 0x00, 0x00, 0x00, 0x00, 0x00, 0x00, 0x00,
    0x00, 0x00, 0x00, 0x00, 0x00, 0x00, 0x00, 0x00, 0x00, 0x00, 0x00, 0x00,
    0x00, 0x00, 0x00, 0x00, 0x00, 0x00, 0x00, 0x00, 0x00, 0x00, 0x00, 0x00,
    0x00, 0x00, 0x00, 0x00, 0x00, 0x00, 0x00, 0x00, 0xc8, 0x94, 0x30, 0x20,
    0xc8, 0x94, 0x30, 0xef, 0xc8, 0x98, 0x38, 0xff, 0xc8, 0x98, 0x30, 0xff,
    0xc8, 0x98, 0x30, 0xff, 0xc8, 0x98, 0x38, 0xff, 0xc8, 0x98, 0x30, 0xff,
    0xc8, 0x98, 0x30, 0xff, 0xc8, 0x98, 0x30, 0xff, 0xc8, 0x98, 0x30, 0xff,
    0xc8, 0x98, 0x30, 0xff, 0xc8, 0x98, 0x30, 0xff, 0xc8, 0x98, 0x30, 0xff,
    0xc8, 0x98, 0x30, 0xff, 0xc8, 0x98, 0x30, 0xff, 0xc8, 0x98, 0x38, 0xff,
    0xc8, 0x98, 0x30, 0xff, 0xc8, 0x98, 0x30, 0xff, 0xc8, 0x98, 0x38, 0xff,
    0xc8, 0x98, 0x30, 0xff, 0xc8, 0x94, 0x30, 0xff, 0xc8, 0x98, 0x30, 0xff,
    0xc8, 0x98, 0x30, 0xff, 0xc8, 0x98, 0x30, 0xff, 0xc8, 0x98, 0x30, 0xff,
    0xc8, 0x98, 0x30, 0xff, 0xc8, 0x98, 0x30, 0xff, 0xc8, 0x98, 0x38, 0xff,
    0xc8, 0x98, 0x30, 0xff, 0xc8, 0x98, 0x30, 0xff, 0xc8, 0x98, 0x38, 0xff,
    0xc8, 0x98, 0x30, 0xff, 0xc8, 0x98, 0x30, 0xff, 0xc8, 0x98, 0x30, 0xff,
    0xc8, 0x98, 0x30, 0xff, 0xc8, 0x98, 0x30, 0xff, 0xc8, 0x98, 0x38, 0xff,
    0xc8, 0x98, 0x30, 0xff, 0xc8, 0x98, 0x30, 0xff, 0xc8, 0x94, 0x30, 0xff,
    0xc8, 0x98, 0x30, 0xff, 0xc8, 0x98, 0x30, 0xff, 0xc8, 0x98, 0x38, 0xff,
    0xc8, 0x98, 0x30, 0xff, 0xc8, 0x98, 0x30, 0xff, 0xc8, 0x94, 0x38, 0xff,
    0xc8, 0x98, 0x30, 0xff, 0xc8, 0x98, 0x30, 0xff, 0xc8, 0x98, 0x38, 0xff,
    0xc8, 0x98, 0x30, 0xff, 0xc8, 0x98, 0x30, 0xff, 0xc8, 0x94, 0x38, 0xff,
    0xc8, 0x98, 0x30, 0xff, 0xc8, 0x94, 0x30, 0xff, 0xc8, 0x98, 0x38, 0xff,
    0xc8, 0x94, 0x30, 0xef, 0xc8, 0x98, 0x30, 0x20, 0x00, 0x00, 0x00, 0x00,
    0x00, 0x00, 0x00, 0x00, 0x00, 0x00, 0x00, 0x00, 0xc8, 0x98, 0x30, 0x41,
    0xc8, 0x98, 0x30, 0xff, 0xc8, 0x94, 0x30, 0xff, 0xc8, 0x98, 0x30, 0xff,
    0xc8, 0x98, 0x38, 0xff, 0xd0, 0x9c, 0x30, 0x10, 0x00, 0x00, 0x00, 0x00,
    0x00, 0x00, 0x00, 0x00, 0xc8, 0x98, 0x30, 0x8e, 0xc8, 0x98, 0x30, 0xff,
    0xc8, 0x94, 0x38, 0xff, 0xc8, 0x98, 0x30, 0xff, 0xc8, 0x94, 0x30, 0xcf,
    0x00, 0x00, 0x00, 0x00, 0x00, 0x00, 0x00, 0x00, 0x00, 0x00, 0x00, 0x00,
    0x00, 0x00, 0x00, 0x00, 0x00, 0x00, 0x00, 0x00, 0x00, 0x00, 0x00, 0x00,
    0x00, 0x00, 0x00, 0x00, 0x00, 0x00, 0x00, 0x00, 0x00, 0x00, 0x00, 0x00,
    0x00, 0x00, 0x00, 0x00, 0x00, 0x00, 0x00, 0x00, 0x00, 0x00, 0x00, 0x00,
    0x00, 0x00, 0x00, 0x00, 0x00, 0x00, 0x00, 0x00, 0x00, 0x00, 0x00, 0x00,
    0x00, 0x00, 0x00, 0x00, 0x00, 0x00, 0x00, 0x00, 0x00, 0x00, 0x00, 0x00,
    0x00, 0x00, 0x00, 0x00, 0x00, 0x00, 0x00, 0x00, 0x00, 0x00, 0x00, 0x00,
    0x00, 0x00, 0x00, 0x00, 0x00, 0x00, 0x00, 0x00, 0x00, 0x00, 0x00, 0x00,
    0x00, 0x00, 0x00, 0x00, 0x00, 0x00, 0x00, 0x00, 0x00, 0x00, 0x00, 0x00,
    0x00, 0x00, 0x00, 0x00, 0x00, 0x00, 0x00, 0x00, 0x00, 0x00, 0x00, 0x00,
    0x00, 0x00, 0x00, 0x00, 0x00, 0x00, 0x00, 0x00, 0x00, 0x00, 0x00, 0x00,
    0x00, 0x00, 0x00, 0x00, 0x00, 0x00, 0x00, 0x00, 0x00, 0x00, 0x00, 0x00,
    0x00, 0x00, 0x00, 0x00, 0x00, 0x00, 0x00, 0x00, 0x00, 0x00, 0x00, 0x00,
    0x00, 0x00, 0x00, 0x00, 0x00, 0x00, 0x00, 0x00, 0x00, 0x00, 0x00, 0x00,
    0x00, 0x00, 0x00, 0x00, 0x00, 0x00, 0x00, 0x00, 0x00, 0x00, 0x00, 0x00,
    0x00, 0x00, 0x00, 0x00, 0x00, 0x00, 0x00, 0x00, 0x00, 0x00, 0x00, 0x00,
    0x00, 0x00, 0x00, 0x00, 0x00, 0x00, 0x00, 0x00, 0x00, 0x00, 0x00, 0x00,
    0x00, 0x00, 0x00, 0x00, 0x00, 0x00, 0x00, 0x00, 0x00, 0x00, 0x00, 0x00,
    0x00, 0x00, 0x00, 0x00, 0x00, 0x00, 0x00, 0x00, 0x00, 0x00, 0x00, 0x00,
    0x00, 0x00, 0x00, 0x00, 0x00, 0x00, 0x00, 0x00, 0x00, 0x00, 0x00, 0x00,
    0x00, 0x00, 0x00, 0x00, 0x00, 0x00, 0x00, 0x00, 0x00, 0x00, 0x00, 0x00,
    0x00, 0x00, 0x00, 0x00, 0x00, 0x00, 0x00, 0x00, 0xc8, 0x94, 0x38, 0xae,
    0xc8, 0x98, 0x30, 0xff, 0xc8, 0x98, 0x30, 0xff, 0xc8, 0x98, 0x30, 0xff,
    0xc8, 0x94, 0x38, 0xff, 0xc8, 0x98, 0x30, 0xff, 0xc8, 0x94, 0x30, 0xff,
    0xc8, 0x94, 0x38, 0xff, 0xc8, 0x98, 0x30, 0xff, 0xc8, 0x94, 0x38, 0xff,
    0xc8, 0x98, 0x30, 0xff, 0xc8, 0x94, 0x38, 0xff, 0xc8, 0x94, 0x38, 0xff,
    0xc8, 0x98, 0x30, 0xff, 0xc8, 0x98, 0x30, 0xff, 0xc8, 0x94, 0x30, 0xff,
    0xc8, 0x98, 0x30, 0xff, 0xc8, 0x94, 0x30, 0xff, 0xc8, 0x98, 0x30, 0xff,
    0xc8, 0x98, 0x38, 0xff, 0xc8, 0x98, 0x30, 0xff, 0xc8, 0x98, 0x30, 0xff,
    0xc8, 0x94, 0x38, 0xff, 0xc8, 0x98, 0x30, 0xff, 0xc8, 0x94, 0x30, 0xff,
    0xc8, 0x98, 0x30, 0xff, 0xc8, 0x98, 0x30, 0xff, 0xc8, 0x94, 0x30, 0xff,
    0xc8, 0x98, 0x30, 0xff, 0xc8, 0x94, 0x30, 0xff, 0xc8, 0x98, 0x30, 0xff,
    0xc8, 0x94, 0x38, 0xff, 0xc8, 0x98, 0x30, 0xff, 0xc8, 0x94, 0x30, 0xff,
    0xc8, 0x98, 0x38, 0xff, 0xc8, 0x98, 0x30, 0xff, 0xc8, 0x94, 0x30, 0xff,
    0xc8, 0x98, 0x38, 0xff, 0xc8, 0x98, 0x30, 0xff, 0xc8, 0x98, 0x38, 0xff,
    0xc8, 0x94, 0x30, 0xff, 0xc8, 0x98, 0x30, 0xff, 0xc8, 0x98, 0x38, 0xff,
    0xc8, 0x94, 0x30, 0xff, 0xc8, 0x98, 0x30, 0xff, 0xc8, 0x98, 0x38, 0xff,
    0xc8, 0x94, 0x30, 0xff, 0xc8, 0x98, 0x30, 0xff, 0xc8, 0x94, 0x30, 0xff,
    0xc8, 0x98, 0x30, 0xff, 0xc8, 0x98, 0x30, 0xff, 0xc8, 0x98, 0x30, 0xff,
    0xc8, 0x98, 0x30, 0xff, 0xc8, 0x98, 0x30, 0xff, 0xc8, 0x98, 0x38, 0xff,
    0xc8, 0x98, 0x30, 0xff, 0xc8, 0x98, 0x30, 0xbe, 0x00, 0x00, 0x00, 0x00,
    0x00, 0x00, 0x00, 0x00, 0x00, 0x00, 0x00, 0x00, 0x00, 0x00, 0x00, 0x00,
    0xc8, 0x98, 0x30, 0xbe, 0xc8, 0x98, 0x38, 0xff, 0xc8, 0x98, 0x30, 0xff,
    0xc8, 0x98, 0x30, 0xff, 0xc8, 0x98, 0x30, 0x7d, 0x00, 0x00, 0x00, 0x00,
    0x00, 0x00, 0x00, 0x00, 0xc8, 0x98, 0x30, 0xdf, 0xc8, 0x98, 0x30, 0xff,
    0xc8, 0x98, 0x38, 0xff, 0xc8, 0x98, 0x30, 0xff, 0xc8, 0x94, 0x30, 0x5d,
    0x00, 0x00, 0x00, 0x00, 0x00, 0x00, 0x00, 0x00, 0x00, 0x00, 0x00, 0x00,
    0x00, 0x00, 0x00, 0x00, 0x00, 0x00, 0x00, 0x00, 0x00, 0x00, 0x00, 0x00,
    0x00, 0x00, 0x00, 0x00, 0x00, 0x00, 0x00, 0x00, 0x00, 0x00, 0x00, 0x00,
    0x00, 0x00, 0x00, 0x00, 0x00, 0x00, 0x00, 0x00, 0x00, 0x00, 0x00, 0x00,
    0x00, 0x00, 0x00, 0x00, 0x00, 0x00, 0x00, 0x00, 0x00, 0x00, 0x00, 0x00,
    0x00, 0x00, 0x00, 0x00, 0x00, 0x00, 0x00, 0x00, 0x00, 0x00, 0x00, 0x00,
    0x00, 0x00, 0x00, 0x00, 0x00, 0x00, 0x00, 0x00, 0x00, 0x00, 0x00, 0x00,
    0x00, 0x00, 0x00, 0x00, 0x00, 0x00, 0x00, 0x00, 0x00, 0x00, 0x00, 0x00,
    0x00, 0x00, 0x00, 0x00, 0x00, 0x00, 0x00, 0x00, 0x00, 0x00, 0x00, 0x00,
    0x00, 0x00, 0x00, 0x00, 0x00, 0x00, 0x00, 0x00, 0x00, 0x00, 0x00, 0x00,
    0x00, 0x00, 0x00, 0x00, 0x00, 0x00, 0x00, 0x00, 0x00, 0x00, 0x00, 0x00,
    0x00, 0x00, 0x00, 0x00, 0x00, 0x00, 0x00, 0x00, 0x00, 0x00, 0x00, 0x00,
    0x00, 0x00, 0x00, 0x00, 0x00, 0x00, 0x00, 0x00, 0x00, 0x00, 0x00, 0x00,
    0x00, 0x00, 0x00, 0x00, 0x00, 0x00, 0x00, 0x00, 0x00, 0x00, 0x00, 0x00,
    0x00, 0x00, 0x00, 0x00, 0x00, 0x00, 0x00, 0x00, 0x00, 0x00, 0x00, 0x00,
    0x00, 0x00, 0x00, 0x00, 0x00, 0x00, 0x00, 0x00, 0x00, 0x00, 0x00, 0x00,
    0x00, 0x00, 0x00, 0x00, 0x00, 0x00, 0x00, 0x00, 0x00, 0x00, 0x00, 0x00,
    0x00, 0x00, 0x00, 0x00, 0x00, 0x00, 0x00, 0x00, 0x00, 0x00, 0x00, 0x00,
    0x00, 0x00, 0x00, 0x00, 0x00, 0x00, 0x00, 0x00, 0x00, 0x00, 0x00, 0x00,
    0x00, 0x00, 0x00, 0x00, 0x00, 0x00, 0x00, 0x00, 0x00, 0x00, 0x00, 0x00,
    0x00, 0x00, 0x00, 0x00, 0x00, 0x00, 0x00, 0x00, 0x00, 0x00, 0x00, 0x00,
    0x00, 0x00, 0x00, 0x00, 0xc8, 0x98, 0x38, 0x41, 0xc8, 0x98, 0x30, 0xff,
    0xc8, 0x98, 0x30, 0xff, 0xc8, 0x98, 0x30, 0xff, 0xc8, 0x94, 0x30, 0xff,
    0xc8, 0x98, 0x30, 0xff, 0xc8, 0x98, 0x30, 0xff, 0xc8, 0x98, 0x30, 0xff,
    0xc8, 0x98, 0x30, 0xff, 0xc8, 0x98, 0x38, 0xff, 0xc8, 0x98, 0x30, 0xff,
    0xc8, 0x98, 0x30, 0xff, 0xc8, 0x98, 0x30, 0xff, 0xc8, 0x98, 0x30, 0xff,
    0xc8, 0x98, 0x38, 0xff, 0xc8, 0x94, 0x30, 0xff, 0xc8, 0x98, 0x30, 0xff,
    0xc8, 0x98, 0x38, 0xff, 0xc8, 0x98, 0x30, 0xff, 0xc8, 0x94, 0x30, 0xff,
    0xc8, 0x98, 0x30, 0xff, 0xc8, 0x98, 0x38, 0xff, 0xc8, 0x94, 0x30, 0xff,
    0xc8, 0x98, 0x30, 0xff, 0xc8, 0x98, 0x38, 0xff, 0xc8, 0x98, 0x38, 0xff,
    0xc8, 0x94, 0x30, 0xff, 0xc8, 0x98, 0x38, 0xff, 0xc8, 0x98, 0x30, 0xff,
    0xc8, 0x94, 0x38, 0xff, 0xc8, 0x98, 0x30, 0xff, 0xc8, 0x98, 0x30, 0xff,
    0xc8, 0x98, 0x30, 0xff, 0xc8, 0x94, 0x38, 0xff, 0xc8, 0x98, 0x30, 0xff,
    0xc8, 0x98, 0x30, 0xff, 0xc8, 0x94, 0x30, 0xff, 0xc8, 0x98, 0x30, 0xff,
    0xc8, 0x94, 0x30, 0xff, 0xc8, 0x98, 0x30, 0xff, 0xc8, 0x98, 0x38, 0xff,
    0xc8, 0x98, 0x30, 0xff, 0xc8, 0x94, 0x30, 0xff, 0xc8, 0x98, 0x30, 0xff,
    0xc8, 0x98, 0x30, 0xff, 0xc8, 0x98, 0x30, 0xff, 0xc8, 0x98, 0x30, 0xff,
    0xc8, 0x98, 0x30, 0xff, 0xc8, 0x98, 0x38, 0xff, 0xc8, 0x94, 0x30, 0xff,
    0xc8, 0x98, 0x38, 0xff, 0xc8, 0x98, 0x30, 0xff, 0xc8, 0x94, 0x38, 0xff,
    0xc8, 0x98, 0x30, 0xff, 0xc8, 0x98, 0x30, 0xff, 0xc8, 0x94, 0x30, 0xff,
    0xc8, 0x98, 0x30, 0xff, 0xc8, 0x98, 0x38, 0xff, 0xc8, 0x94, 0x30, 0x41,
    0x00, 0x00, 0x00, 0x00, 0x00, 0x00, 0x00, 0x00, 0x00, 0x00, 0x00, 0x00,
    0xc8, 0x98, 0x30, 0x6d, 0xc8, 0x94, 0x30, 0xff, 0xc8, 0x98, 0x38, 0xff,
    0xc8, 0x98, 0x30, 0xff, 0xc8, 0x94, 0x30, 0xdf, 0x00, 0x00, 0x00, 0x00,
    0xc8, 0x98, 0x30, 0x20, 0xc8, 0x94, 0x30, 0xff, 0xc8, 0x98, 0x30, 0xff,
    0xc8, 0x98, 0x30, 0xff, 0xc8, 0x98, 0x30, 0xff, 0xd0, 0xa0, 0x30, 0x10,
    0x00, 0x00, 0x00, 0x00, 0x00, 0x00, 0x00, 0x00, 0x00, 0x00, 0x00, 0x00,
    0x00, 0x00, 0x00, 0x00, 0x00, 0x00, 0x00, 0x00, 0x00, 0x00, 0x00, 0x00,
    0x00, 0x00, 0x00, 0x00, 0x00, 0x00, 0x00, 0x00, 0x00, 0x00, 0x00, 0x00,
    0x00, 0x00, 0x00, 0x00, 0x00, 0x00, 0x00, 0x00, 0x00, 0x00, 0x00, 0x00,
    0x00, 0x00, 0x00, 0x00, 0x00, 0x00, 0x00, 0x00, 0x00, 0x00, 0x00, 0x00,
    0x00, 0x00, 0x00, 0x00, 0xc8, 0x98, 0x38, 0x6d, 0xc8, 0x94, 0x38, 0xae,
    0xc8, 0x98, 0x30, 0xdf, 0xc8, 0x98, 0x38, 0xdf, 0xc8, 0x94, 0x30, 0xdf,
    0xc8, 0x98, 0x38, 0xdf, 0xc8, 0x98, 0x30, 0xcf, 0xc8, 0x94, 0x30, 0x9e,
    0xc8, 0x94, 0x38, 0x51, 0x00, 0x00, 0x00, 0x00, 0x00, 0x00, 0x00, 0x00,
    0x00, 0x00, 0x00, 0x00, 0x00, 0x00, 0x00, 0x00, 0xc8, 0x94, 0x38, 0x41,
    0xc8, 0x98, 0x38, 0xbe, 0xc8, 0x94, 0x30, 0xbe, 0xc8, 0x94, 0x38, 0xbe,
    0xc8, 0x98, 0x38, 0xbe, 0xc8, 0x94, 0x30, 0xbe, 0xc8, 0x94, 0x38, 0xbe,
    0xc8, 0x98, 0x38, 0xbe, 0xc8, 0x94, 0x30, 0xbe, 0xc8, 0x94, 0x30, 0x8e,
    0x00, 0x00, 0x00, 0x00, 0x00, 0x00, 0x00, 0x00, 0xc8, 0x94, 0x38, 0x30,
    0xc8, 0x94, 0x38, 0xbe, 0xc8, 0x98, 0x38, 0xbe, 0xc8, 0x94, 0x30, 0xbe,
    0xc8, 0x94, 0x38, 0xbe, 0xc8, 0x98, 0x38, 0xbe, 0xc8, 0x94, 0x30, 0xbe,
    0xc8, 0x94, 0x38, 0xbe, 0xc8, 0x98, 0x38, 0xbe, 0xc8, 0x94, 0x30, 0xbe,
    0x00, 0x00, 0x00, 0x00, 0x00, 0x00, 0x00, 0x00, 0x00, 0x00, 0x00, 0x00,
    0x00, 0x00, 0x00, 0x00, 0x00, 0x00, 0x00, 0x00, 0x00, 0x00, 0x00, 0x00,
    0x00, 0x00, 0x00, 0x00, 0x00, 0x00, 0x00, 0x00, 0x00, 0x00, 0x00, 0x00,
    0x00, 0x00, 0x00, 0x00, 0x00, 0x00, 0x00, 0x00, 0x00, 0x00, 0x00, 0x00,
    0x00, 0x00, 0x00, 0x00, 0xc8, 0x98, 0x30, 0xae, 0xc8, 0x98, 0x30, 0xff,
    0xc8, 0x98, 0x38, 0xff, 0xc8, 0x94, 0x30, 0xff, 0xc8, 0x98, 0x38, 0xff,
    0xc8, 0x98, 0x30, 0xff, 0xc8, 0x98, 0x38, 0xff, 0xc8, 0x98, 0x30, 0xff,
    0xc8, 0x94, 0x30, 0xff, 0xc8, 0x98, 0x30, 0xff, 0xc8, 0x98, 0x30, 0xff,
    0xc8, 0x94, 0x30, 0xff, 0xc8, 0x98, 0x30, 0xff, 0xc8, 0x98, 0x30, 0xff,
    0xc8, 0x98, 0x30, 0xff, 0xc8, 0x98, 0x38, 0xff, 0xc8, 0x94, 0x30, 0xff,
    0xd0, 0xa0, 0x48, 0xff, 0xe0, 0xc8, 0xa0, 0xff, 0xe8, 0xdc, 0xc8, 0xff,
    0xe8, 0xe4, 0xd8, 0xff, 0xe8, 0xe4, 0xd8, 0xff, 0xe8, 0xe4, 0xd8, 0xff,
    0xe8, 0xe4, 0xd0, 0xff, 0xe8, 0xd8, 0xc0, 0xff, 0xe0, 0xc8, 0x98, 0xff,
    0xd0, 0xa0, 0x48, 0xff, 0xc8, 0x98, 0x30, 0xff, 0xc8, 0x98, 0x30, 0xff,
    0xc8, 0x98, 0x30, 0xff, 0xc8, 0x98, 0x38, 0xff, 0xe0, 0xcc, 0xa8, 0xff,
    0xe8, 0xd8, 0xc0, 0xff, 0xe8, 0xd8, 0xc0, 0xff, 0xe8, 0xd8, 0xc0, 0xff,
    0xc8, 0x9c, 0x40, 0xff, 0xc8, 0x98, 0x30, 0xff, 0xc8, 0x98, 0x38, 0xff,
    0xc8, 0x98, 0x30, 0xff, 0xd8, 0xbc, 0x80, 0xff, 0xe8, 0xd8, 0xc0, 0xff,
    0xe8, 0xd8, 0xc0, 0xff, 0xd8, 0xc4, 0x90, 0xff, 0xc8, 0x94, 0x30, 0xff,
    0xc8, 0x98, 0x38, 0xff, 0xc8, 0x94, 0x30, 0xff, 0xc8, 0x98, 0x30, 0xff,
    0xc8, 0x98, 0x38, 0xff, 0xc8, 0x98, 0x30, 0xff, 0xc8, 0x98, 0x30, 0xff,
    0xc8, 0x94, 0x30, 0xff, 0xc8, 0x98, 0x38, 0xff, 0xc8, 0x98, 0x30, 0xff,
    0xc8, 0x94, 0x30, 0xff, 0xc8, 0x98, 0x38, 0xff, 0xc8, 0x98, 0x30, 0xff,
    0xc8, 0x94, 0x30, 0xff, 0xc8, 0x98, 0x30, 0xff, 0xc8, 0x94, 0x30, 0xbe,
    0x00, 0x00, 0x00, 0x00, 0x00, 0x00, 0x00, 0x00, 0x00, 0x00, 0x00, 0x00,
    0xd0, 0xa0, 0x30, 0x10, 0xc8, 0x94, 0x30, 0xef, 0xc8, 0x98, 0x30, 0xff,
    0xc8, 0x98, 0x38, 0xff, 0xc8, 0x98, 0x30, 0xff, 0xd0, 0x9c, 0x30, 0x20,
    0xc8, 0x98, 0x30, 0x61, 0xc8, 0x98, 0x30, 0xff, 0xc8, 0x94, 0x38, 0xff,
    0xc8, 0x98, 0x30, 0xff, 0xc8, 0x94, 0x30, 0xbe, 0x00, 0x00, 0x00, 0x00,
    0x00, 0x00, 0x00, 0x00, 0x00, 0x00, 0x00, 0x00, 0x00, 0x00, 0x00, 0x00,
    0x00, 0x00, 0x00, 0x00, 0x00, 0x00, 0x00, 0x00, 0x00, 0x00, 0x00, 0x00,
    0x00, 0x00, 0x00, 0x00, 0x00, 0x00, 0x00, 0x00, 0x00, 0x00, 0x00, 0x00,
    0x00, 0x00, 0x00, 0x00, 0x00, 0x00, 0x00, 0x00, 0x00, 0x00, 0x00, 0x00,
    0x00, 0x00, 0x00, 0x00, 0x00, 0x00, 0x00, 0x00, 0x00, 0x00, 0x00, 0x00,
    0xc8, 0x98, 0x38, 0xbe, 0xc8, 0x98, 0x30, 0xff, 0xc8, 0x98, 0x30, 0xff,
    0xc8, 0x98, 0x30, 0xff, 0xc8, 0x98, 0x30, 0xff, 0xc8, 0x98, 0x30, 0xff,
    0xc8, 0x98, 0x30, 0xff, 0xc8, 0x98, 0x38, 0xff, 0xc8, 0x98, 0x30, 0xff,
    0xc8, 0x98, 0x30, 0xff, 0xc8, 0x94, 0x30, 0x71, 0x00, 0x00, 0x00, 0x00,
    0x00, 0x00, 0x00, 0x00, 0x00, 0x00, 0x00, 0x00, 0xc8, 0x94, 0x30, 0x61,
    0xc8, 0x98, 0x30, 0xff, 0xc8, 0x98, 0x30, 0xff, 0xc8, 0x98, 0x30, 0xff,
    0xc8, 0x98, 0x30, 0xff, 0xc8, 0x98, 0x30, 0xff, 0xc8, 0x98, 0x30, 0xff,
    0xc8, 0x98, 0x30, 0xff, 0xc8, 0x98, 0x30, 0xff, 0xc8, 0x98, 0x30, 0xbe,
    0x00, 0x00, 0x00, 0x00, 0x00, 0x00, 0x00, 0x00, 0xc8, 0x98, 0x38, 0x41,
    0xc8, 0x98, 0x30, 0xff, 0xc8, 0x98, 0x30, 0xff, 0xc8, 0x98, 0x30, 0xff,
    0xc8, 0x98, 0x30, 0xff, 0xc8, 0x98, 0x30, 0xff, 0xc8, 0x98, 0x30, 0xff,
    0xc8, 0x98, 0x30, 0xff, 0xc8, 0x98, 0x30, 0xff, 0xc8, 0x98, 0x30, 0xff,
    0x00, 0x00, 0x00, 0x00, 0x00, 0x00, 0x00, 0x00, 0x00, 0x00, 0x00, 0x00,
    0x00, 0x00, 0x00, 0x00, 0x00, 0x00, 0x00, 0x00, 0x00, 0x00, 0x00, 0x00,
    0x00, 0x00, 0x00, 0x00, 0x00, 0x00, 0x00, 0x00, 0x00, 0x00, 0x00, 0x00,
    0x00, 0x00, 0x00, 0x00, 0x00, 0x00, 0x00, 0x00, 0x00, 0x00, 0x00, 0x00,
    0xc8, 0x94, 0x30, 0x20, 0xc8, 0x98, 0x30, 0xff, 0xc8, 0x94, 0x30, 0xff,
    0xc8, 0x98, 0x30, 0xff, 0xc8, 0x98, 0x38, 0xff, 0xc8, 0x98, 0x30, 0xff,
    0xc8, 0x94, 0x30, 0xff, 0xc8, 0x98, 0x38, 0xff, 0xc8, 0x98, 0x30, 0xff,
    0xc8, 0x94, 0x30, 0xff, 0xc8, 0x98, 0x38, 0xff, 0xc8, 0x98, 0x30, 0xff,
    0xc8, 0x94, 0x38, 0xff, 0xc8, 0x98, 0x38, 0xff, 0xc8, 0x94, 0x30, 0xff,
    0xc8, 0x98, 0x30, 0xff, 0xc8, 0x98, 0x30, 0xff, 0xc8, 0xa0, 0x48, 0xff,
    0xf0, 0xe8, 0xe0, 0xff, 0xf0, 0xf0, 0xf0, 0xff, 0xf0, 0xec, 0xe8, 0xff,
    0xf0, 0xec, 0xe8, 0xff, 0xf0, 0xec, 0xe8, 0xff, 0xf0, 0xec, 0xe8, 0xff,
    0xf0, 0xec, 0xe8, 0xff, 0xf0, 0xec, 0xe8, 0xff, 0xf0, 0xec, 0xe8, 0xff,
    0xe8, 0xe4, 0xd8, 0xff, 0xd0, 0xa0, 0x48, 0xff, 0xc8, 0x98, 0x30, 0xff,
    0xc8, 0x98, 0x30, 0xff, 0xc8, 0x94, 0x30, 0xff, 0xe8, 0xe4, 0xd8, 0xff,
    0xf0, 0xec, 0xe8, 0xff, 0xf0, 0xec, 0xe8, 0xff, 0xf0, 0xf0, 0xe8, 0xff,
    0xd8, 0xc0, 0x90, 0xff, 0xc8, 0x98, 0x30, 0xff, 0xc8, 0x98, 0x30, 0xff,
    0xc8, 0x98, 0x38, 0xff, 0xe0, 0xcc, 0xa8, 0xff, 0xf0, 0xec, 0xe8, 0xff,
    0xf0, 0xec, 0xe8, 0xff, 0xe0, 0xcc, 0xa8, 0xff, 0xc8, 0x98, 0x30, 0xff,
    0xc8, 0x98, 0x30, 0xff, 0xc8, 0x98, 0x38, 0xff, 0xc8, 0x94, 0x30, 0xff,
    0xc8, 0x94, 0x30, 0xff, 0xc8, 0x98, 0x30, 0xff, 0xc8, 0x98, 0x30, 0xff,
    0xc8, 0x98, 0x30, 0xff, 0xc8, 0x98, 0x30, 0xff, 0xc8, 0x98, 0x30, 0xff,
    0xc8, 0x94, 0x30, 0xff, 0xc8, 0x98, 0x38, 0xff, 0xc8, 0x98, 0x30, 0xff,
    0xc8, 0x98, 0x30, 0xff, 0xc8, 0x98, 0x38, 0xff, 0xc8, 0x98, 0x30, 0xff,
    0xd0, 0xa0, 0x30, 0x10, 0x00, 0x00, 0x00, 0x00, 0x00, 0x00, 0x00, 0x00,
    0x00, 0x00, 0x00, 0x00, 0xc8, 0x98, 0x30, 0xbe, 0xc8, 0x94, 0x30, 0xff,
    0xc8, 0x98, 0x30, 0xff, 0xc8, 0x98, 0x30, 0xff, 0xc8, 0x94, 0x38, 0x5d,
    0xc8, 0x98, 0x30, 0x8e, 0xc8, 0x98, 0x30, 0xff, 0xc8, 0x98, 0x38, 0xff,
    0xc8, 0x98, 0x30, 0xff, 0xc8, 0x98, 0x30, 0x82, 0x00, 0x00, 0x00, 0x00,
    0x00, 0x00, 0x00, 0x00, 0x00, 0x00, 0x00, 0x00, 0x00, 0x00, 0x00, 0x00,
    0x00, 0x00, 0x00, 0x00, 0x00, 0x00, 0x00, 0x00, 0x00, 0x00, 0x00, 0x00,
    0x00, 0x00, 0x00, 0x00, 0x00, 0x00, 0x00, 0x00, 0x00, 0x00, 0x00, 0x00,
    0x00, 0x00, 0x00, 0x00, 0x00, 0x00, 0x00, 0x00, 0x00, 0x00, 0x00, 0x00,
    0x00, 0x00, 0x00, 0x00, 0x00, 0x00, 0x00, 0x00, 0xc8, 0x98, 0x38, 0x41,
    0xc8, 0x98, 0x30, 0xff, 0xc8, 0x94, 0x30, 0xff, 0xc8, 0x98, 0x30, 0xff,
    0xc8, 0x94, 0x30, 0xef, 0xc8, 0x94, 0x30, 0xcf, 0xc8, 0x98, 0x30, 0xbe,
    0xc8, 0x94, 0x30, 0xcf, 0xc8, 0x98, 0x30, 0xff, 0xc8, 0x98, 0x38, 0xff,
    0xc8, 0x98, 0x30, 0xff, 0xc8, 0x94, 0x30, 0xef, 0x00, 0x00, 0x00, 0x00,
    0x00, 0x00, 0x00, 0x00, 0x00, 0x00, 0x00, 0x00, 0xc8, 0x94, 0x30, 0x61,
    0xc8, 0x98, 0x30, 0xff, 0xc8, 0x98, 0x38, 0xff, 0xc8, 0x98, 0x30, 0xff,
    0xc8, 0x98, 0x30, 0xdf, 0xc8, 0x98, 0x30, 0xdf, 0xc8, 0x98, 0x30, 0xdf,
    0xc8, 0x94, 0x30, 0xdf, 0xc8, 0x98, 0x30, 0xdf, 0xc8, 0x94, 0x38, 0xae,
    0x00, 0x00, 0x00, 0x00, 0x00, 0x00, 0x00, 0x00, 0xc8, 0x98, 0x38, 0x41,
    0xc8, 0x94, 0x30, 0xff, 0xc8, 0x98, 0x30, 0xff, 0xc8, 0x98, 0x30, 0xff,
    0xc8, 0x98, 0x30, 0xdf, 0xc8, 0x98, 0x30, 0xdf, 0xc8, 0x98, 0x30, 0xdf,
    0xc8, 0x98, 0x30, 0xdf, 0xc8, 0x94, 0x30, 0xdf, 0xc8, 0x98, 0x30, 0xdf,
    0x00, 0x00, 0x00, 0x00, 0x00, 0x00, 0x00, 0x00, 0x00, 0x00, 0x00, 0x00,
    0x00, 0x00, 0x00, 0x00, 0x00, 0x00, 0x00, 0x00, 0x00, 0x00, 0x00, 0x00,
    0x00, 0x00, 0x00, 0x00, 0x00, 0x00, 0x00, 0x00, 0x00, 0x00, 0x00, 0x00,
    0x00, 0x00, 0x00, 0x00, 0x00, 0x00, 0x00, 0x00, 0x00, 0x00, 0x00, 0x00,
    0xc8, 0x98, 0x38, 0x61, 0xc8, 0x98, 0x30, 0xff, 0xc8, 0x98, 0x30, 0xff,
    0xc8, 0x94, 0x30, 0xff, 0xc8, 0x98, 0x30, 0xff, 0xc8, 0x98, 0x30, 0xff,
    0xc8, 0x94, 0x30, 0xff, 0xc8, 0x98, 0x30, 0xff, 0xc8, 0x98, 0x30, 0xff,
    0xc8, 0x98, 0x38, 0xff, 0xc8, 0x98, 0x30, 0xff, 0xc8, 0x98, 0x30, 0xff,
    0xc8, 0x98, 0x30, 0xff, 0xc8, 0x98, 0x30, 0xff, 0xc8, 0x98, 0x30, 0xff,
    0xc8, 0x94, 0x38, 0xff, 0xc8, 0x98, 0x30, 0xff, 0xe0, 0xcc, 0xa8, 0xff,
    0xf0, 0xf0, 0xe8, 0xff, 0xf0, 0xf0, 0xe8, 0xff, 0xf0, 0xec, 0xf0, 0xff,
    0xe8, 0xe4, 0xd8, 0xff, 0xe8, 0xd8, 0xc0, 0xff, 0xe8, 0xd8, 0xc0, 0xff,
    0xf0, 0xe8, 0xe0, 0xff, 0xf0, 0xf0, 0xf0, 0xff, 0xf0, 0xf0, 0xe8, 0xff,
    0xf0, 0xec, 0xf0, 0xff, 0xd8, 0xc0, 0x90, 0xff, 0xc8, 0x98, 0x30, 0xff,
    0xc8, 0x98, 0x30, 0xff, 0xc8, 0x98, 0x30, 0xff, 0xe8, 0xe4, 0xd8, 0xff,
    0xf0, 0xec, 0xe8, 0xff, 0xf0, 0xf0, 0xe8, 0xff, 0xf0, 0xec, 0xe8, 0xff,
    0xf0, 0xe8, 0xe0, 0xff, 0xd0, 0xa0, 0x48, 0xff, 0xc8, 0x98, 0x30, 0xff,
    0xc8, 0x98, 0x30, 0xff, 0xe0, 0xcc, 0xa8, 0xff, 0xf0, 0xec, 0xe8, 0xff,
    0xf0, 0xf0, 0xe8, 0xff, 0xe0, 0xcc, 0xa8, 0xff, 0xc8, 0x98, 0x30, 0xff,
    0xc8, 0x98, 0x30, 0xff, 0xc8, 0x98, 0x30, 0xff, 0xc8, 0x98, 0x30, 0xff,
    0xc8, 0x98, 0x38, 0xff, 0xc8, 0x94, 0x30, 0xff, 0xc8, 0x98, 0x38, 0xff,
    0xc8, 0x94, 0x38, 0xff, 0xc8, 0x98, 0x30, 0xff, 0xc8, 0x98, 0x30, 0xff,
    0xc8, 0x98, 0x38, 0xff, 0xc8, 0x94, 0x30, 0xff, 0xc8, 0x98, 0x30, 0xff,
    0xc8, 0x98, 0x38, 0xff, 0xc8, 0x94, 0x30, 0xff, 0xc8, 0x98, 0x30, 0xff,
    0xc8, 0x98, 0x38, 0x6d, 0x00, 0x00, 0x00, 0x00, 0x00, 0x00, 0x00, 0x00,
    0x00, 0x00, 0x00, 0x00, 0xc8, 0x98, 0x38, 0x71, 0xc8, 0x98, 0x30, 0xff,
    0xc8, 0x94, 0x30, 0xff, 0xc8, 0x98, 0x30, 0xff, 0xc8, 0x98, 0x30, 0x8e,
    0xc8, 0x98, 0x30, 0xbe, 0xc8, 0x94, 0x30, 0xff, 0xc8, 0x98, 0x30, 0xff,
    0xc8, 0x98, 0x38, 0xff, 0xc8, 0x94, 0x30, 0x41, 0x00, 0x00, 0x00, 0x00,
    0x00, 0x00, 0x00, 0x00, 0x00, 0x00, 0x00, 0x00, 0x00, 0x00, 0x00, 0x00,
    0x00, 0x00, 0x00, 0x00, 0x00, 0x00, 0x00, 0x00, 0x00, 0x00, 0x00, 0x00,
    0x00, 0x00, 0x00, 0x00, 0x00, 0x00, 0x00, 0x00, 0x00, 0x00, 0x00, 0x00,
    0x00, 0x00, 0x00, 0x00, 0x00, 0x00, 0x00, 0x00, 0x00, 0x00, 0x00, 0x00,
    0x00, 0x00, 0x00, 0x00, 0x00, 0x00, 0x00, 0x00, 0xc8, 0x98, 0x30, 0x71,
    0xc8, 0x98, 0x30, 0xff, 0xc8, 0x98, 0x38, 0xff, 0xc8, 0x98, 0x30, 0xff,
    0xc0, 0x94, 0x30, 0x30, 0x00, 0x00, 0x00, 0x00, 0x00, 0x00, 0x00, 0x00,
    0x00, 0x00, 0x00, 0x00, 0xc8, 0x98, 0x30, 0x82, 0xc8, 0x98, 0x30, 0xff,
    0xc8, 0x94, 0x38, 0xff, 0xc8, 0x98, 0x30, 0xff, 0xd0, 0x9c, 0x30, 0x20,
    0x00, 0x00, 0x00, 0x00, 0x00, 0x00, 0x00, 0x00, 0xc8, 0x94, 0x38, 0x61,
    0xc8, 0x98, 0x30, 0xff, 0xc8, 0x94, 0x30, 0xff, 0xc8, 0x94, 0x38, 0xff,
    0x00, 0x00, 0x00, 0x00, 0x00, 0x00, 0x00, 0x00, 0x00, 0x00, 0x00, 0x00,
    0x00, 0x00, 0x00, 0x00, 0x00, 0x00, 0x00, 0x00, 0x00, 0x00, 0x00, 0x00,
    0x00, 0x00, 0x00, 0x00, 0x00, 0x00, 0x00, 0x00, 0xc8, 0x98, 0x38, 0x41,
    0xc8, 0x98, 0x30, 0xff, 0xc8, 0x94, 0x30, 0xff, 0xc8, 0x98, 0x38, 0xff,
    0xd0, 0x9c, 0x30, 0x20, 0x00, 0x00, 0x00, 0x00, 0x00, 0x00, 0x00, 0x00,
    0x00, 0x00, 0x00, 0x00, 0x00, 0x00, 0x00, 0x00, 0x00, 0x00, 0x00, 0x00,
    0x00, 0x00, 0x00, 0x00, 0x00, 0x00, 0x00, 0x00, 0x00, 0x00, 0x00, 0x00,
    0x00, 0x00, 0x00, 0x00, 0x00, 0x00, 0x00, 0x00, 0x00, 0x00, 0x00, 0x00,
    0x00, 0x00, 0x00, 0x00, 0x00, 0x00, 0x00, 0x00, 0x00, 0x00, 0x00, 0x00,
    0x00, 0x00, 0x00, 0x00, 0x00, 0x00, 0x00, 0x00, 0x00, 0x00, 0x00, 0x00,
    0xc8, 0x98, 0x30, 0xae, 0xc8, 0x98, 0x38, 0xff, 0xc8, 0x98, 0x30, 0xff,
    0xc8, 0x98, 0x38, 0xff, 0xc8, 0x98, 0x30, 0xff, 0xc8, 0x98, 0x30, 0xff,
    0xc8, 0x98, 0x38, 0xff, 0xc8, 0x94, 0x30, 0xff, 0xc8, 0x98, 0x30, 0xff,
    0xc8, 0x98, 0x30, 0xff, 0xc8, 0x94, 0x30, 0xff, 0xc8, 0x94, 0x30, 0xff,
    0xc8, 0x98, 0x38, 0xff, 0xc8, 0x98, 0x30, 0xff, 0xc8, 0x98, 0x30, 0xff,
    0xc8, 0x98, 0x30, 0xff, 0xc8, 0x98, 0x38, 0xff, 0xe8, 0xdc, 0xc8, 0xff,
    0xf0, 0xec, 0xe8, 0xff, 0xf0, 0xf0, 0xf0, 0xff, 0xe8, 0xdc, 0xc8, 0xff,
    0xc8, 0x98, 0x30, 0xff, 0xc8, 0x98, 0x30, 0xff, 0xc8, 0x98, 0x30, 0xff,
    0xc8, 0x98, 0x30, 0xff, 0xf0, 0xe8, 0xe0, 0xff, 0xf0, 0xf0, 0xe8, 0xff,
    0xf0, 0xec, 0xe8, 0xff, 0xe0, 0xd4, 0xb0, 0xff, 0xc8, 0x98, 0x38, 0xff,
    0xc8, 0x94, 0x30, 0xff, 0xc8, 0x98, 0x30, 0xff, 0xe8, 0xe4, 0xd8, 0xff,
    0xf0, 0xec, 0xe8, 0xff, 0xf0, 0xf0, 0xf0, 0xff, 0xf0, 0xf0, 0xf0, 0xff,
    0xf0, 0xec, 0xe8, 0xff, 0xe8, 0xd8, 0xc0, 0xff, 0xc8, 0x98, 0x30, 0xff,
    0xc8, 0x98, 0x30, 0xff, 0xe0, 0xcc, 0xa8, 0xff, 0xf0, 0xf0, 0xe8, 0xff,
    0xf0, 0xf0, 0xf0, 0xff, 0xe0, 0xcc, 0xa8, 0xff, 0xc8, 0x98, 0x30, 0xff,
    0xc8, 0x98, 0x30, 0xff, 0xc8, 0x94, 0x38, 0xff, 0xc8, 0x98, 0x30, 0xff,
    0xc8, 0x98, 0x30, 0xff, 0xc8, 0x98, 0x30, 0xff, 0xc8, 0x98, 0x30, 0xff,
    0xc8, 0x98, 0x30, 0xff, 0xc8, 0x94, 0x30, 0xff, 0xc8, 0x98, 0x38, 0xff,
    0xc8, 0x98, 0x30, 0xff, 0xc8, 0x98, 0x30, 0xff, 0xc8, 0x94, 0x30, 0xff,
    0xc8, 0x98, 0x30, 0xff, 0xc8, 0x98, 0x30, 0xff, 0xc8, 0x94, 0x30, 0xff,
    0xc8, 0x98, 0x30, 0x9e, 0x00, 0x00, 0x00, 0x00, 0x00, 0x00, 0x00, 0x00,
    0x00, 0x00, 0x00, 0x00, 0xc8, 0x94, 0x38, 0x51, 0xc8, 0x98, 0x30, 0xff,
    0xc8, 0x98, 0x38, 0xff, 0xc8, 0x98, 0x30, 0xff, 0xc8, 0x94, 0x30, 0xcf,
    0xc8, 0x98, 0x30, 0xdf, 0xc8, 0x98, 0x30, 0xff, 0xc8, 0x94, 0x38, 0xff,
    0xc8, 0x98, 0x30, 0xff, 0xc8, 0x94, 0x30, 0x30, 0x00, 0x00, 0x00, 0x00,
    0x00, 0x00, 0x00, 0x00, 0x00, 0x00, 0x00, 0x00, 0x00, 0x00, 0x00, 0x00,
    0x00, 0x00, 0x00, 0x00, 0x00, 0x00, 0x00, 0x00, 0x00, 0x00, 0x00, 0x00,
    0x00, 0x00, 0x00, 0x00, 0x00, 0x00, 0x00, 0x00, 0x00, 0x00, 0x00, 0x00,
    0x00, 0x00, 0x00, 0x00, 0x00, 0x00, 0x00, 0x00, 0x00, 0x00, 0x00, 0x00,
    0x00, 0x00, 0x00, 0x00, 0x00, 0x00, 0x00, 0x00, 0xc8, 0x98, 0x30, 0x7d,
    0xc8, 0x94, 0x38, 0xff, 0xc8, 0x98, 0x30, 0xff, 0xc8, 0x98, 0x30, 0xff,
    0x00, 0x00, 0x00, 0x00, 0x00, 0x00, 0x00, 0x00, 0x00, 0x00, 0x00, 0x00,
    0x00, 0x00, 0x00, 0x00, 0xc8, 0x94, 0x38, 0x51, 0xc8, 0x98, 0x30, 0xff,
    0xc8, 0x98, 0x30, 0xff, 0xc8, 0x98, 0x38, 0xff, 0xc8, 0x94, 0x30, 0x41,
    0x00, 0x00, 0x00, 0x00, 0x00, 0x00, 0x00, 0x00, 0xc8, 0x94, 0x30, 0x5d,
    0xc8, 0x98, 0x30, 0xff, 0xc8, 0x98, 0x30, 0xff, 0xc8, 0x98, 0x30, 0xff,
    0x00, 0x00, 0x00, 0x00, 0x00, 0x00, 0x00, 0x00, 0x00, 0x00, 0x00, 0x00,
    0x00, 0x00, 0x00, 0x00, 0x00, 0x00, 0x00, 0x00, 0x00, 0x00, 0x00, 0x00,
    0x00, 0x00, 0x00, 0x00, 0x00, 0x00, 0x00, 0x00, 0xc8, 0x98, 0x30, 0x41,
    0xc8, 0x98, 0x30, 0xff, 0xc8, 0x94, 0x30, 0xff, 0xc8, 0x98, 0x30, 0xff,
    0xd0, 0x9c, 0x30, 0x20, 0x00, 0x00, 0x00, 0x00, 0x00, 0x00, 0x00, 0x00,
    0x00, 0x00, 0x00, 0x00, 0x00, 0x00, 0x00, 0x00, 0x00, 0x00, 0x00, 0x00,
    0x00, 0x00, 0x00, 0x00, 0x00, 0x00, 0x00, 0x00, 0x00, 0x00, 0x00, 0x00,
    0x00, 0x00, 0x00, 0x00, 0x00, 0x00, 0x00, 0x00, 0x00, 0x00, 0x00, 0x00,
    0x00, 0x00, 0x00, 0x00, 0x00, 0x00, 0x00, 0x00, 0x00, 0x00, 0x00, 0x00,
    0x00, 0x00, 0x00, 0x00, 0x00, 0x00, 0x00, 0x00, 0x00, 0x00, 0x00, 0x00,
    0xc8, 0x94, 0x30, 0xcf, 0xc8, 0x94, 0x30, 0xff, 0xc8, 0x98, 0x30, 0xff,
    0xc8, 0x94, 0x30, 0xff, 0xc8, 0x98, 0x38, 0xff, 0xc8, 0x98, 0x30, 0xff,
    0xc8, 0x94, 0x30, 0xff, 0xc8, 0x98, 0x38, 0xff, 0xc8, 0x98, 0x30, 0xff,
    0xc8, 0x98, 0x38, 0xff, 0xc8, 0x98, 0x30, 0xff, 0xc8, 0x98, 0x30, 0xff,
    0xc8, 0x94, 0x38, 0xff, 0xc8, 0x98, 0x30, 0xff, 0xc8, 0x94, 0x30, 0xff,
    0xc8, 0x98, 0x30, 0xff, 0xc8, 0x98, 0x30, 0xff, 0xf0, 0xe8, 0xe0, 0xff,
    0xf0, 0xec, 0xf0, 0xff, 0xf0, 0xf0, 0xe8, 0xff, 0xe0, 0xc8, 0x98, 0xff,
    0xc8, 0x98, 0x30, 0xff, 0xc8, 0x98, 0x30, 0xff, 0xc8, 0x98, 0x30, 0xff,
    0xc8, 0x98, 0x30, 0xff, 0xe0, 0xcc, 0xa8, 0xff, 0xf0, 0xec, 0xf0, 0xff,
    0xf0, 0xf0, 0xe8, 0xff, 0xe8, 0xe4, 0xd8, 0xff, 0xc8, 0x98, 0x30, 0xff,
    0xc8, 0x98, 0x30, 0xff, 0xc8, 0x98, 0x30, 0xff, 0xf0, 0xe4, 0xd8, 0xff,
    0xf0, 0xec, 0xe8, 0xff, 0xf0, 0xec, 0xe8, 0xff, 0xf0, 0xf0, 0xe8, 0xff,
    0xf0, 0xec, 0xf0, 0xff, 0xf0, 0xec, 0xe8, 0xff, 0xd0, 0xb0, 0x70, 0xff,
    0xc8, 0x98, 0x30, 0xff, 0xe0, 0xcc, 0xa8, 0xff, 0xf0, 0xec, 0xe8, 0xff,
    0xf0, 0xec, 0xe8, 0xff, 0xe0, 0xcc, 0xa8, 0xff, 0xc8, 0x98, 0x30, 0xff,
    0xc8, 0x98, 0x30, 0xff, 0xc8, 0x94, 0x30, 0xff, 0xc8, 0x98, 0x38, 0xff,
    0xc8, 0x98, 0x30, 0xff, 0xc8, 0x94, 0x30, 0xff, 0xc8, 0x98, 0x38, 0xff,
    0xc8, 0x98, 0x30, 0xff, 0xc8, 0x98, 0x30, 0xff, 0xc8, 0x94, 0x30, 0xff,
    0xc8, 0x98, 0x30, 0xff, 0xc8, 0x98, 0x38, 0xff, 0xc8, 0x98, 0x30, 0xff,
    0xc8, 0x98, 0x30, 0xff, 0xc8, 0x98, 0x38, 0xff, 0xc8, 0x98, 0x30, 0xff,
    0xc8, 0x94, 0x30, 0xcf, 0x00, 0x00, 0x00, 0x00, 0x00, 0x00, 0x00, 0x00,
    0x00, 0x00, 0x00, 0x00, 0xc8, 0x98, 0x30, 0x20, 0xc8, 0x98, 0x30, 0xff,
    0xc8, 0x98, 0x30, 0xff, 0xc8, 0x98, 0x38, 0xff, 0xc8, 0x98, 0x30, 0xdf,
    0xc8, 0x98, 0x30, 0xff, 0xc8, 0x98, 0x30, 0xff, 0xc8, 0x98, 0x30, 0xff,
    0xc8, 0x98, 0x30, 0xff, 0xd0, 0xa0, 0x30, 0x10, 0x00, 0x00, 0x00, 0x00,
    0x00, 0x00, 0x00, 0x00, 0x00, 0x00, 0x00, 0x00, 0x00, 0x00, 0x00, 0x00,
    0x00, 0x00, 0x00, 0x00, 0x00, 0x00, 0x00, 0x00, 0x00, 0x00, 0x00, 0x00,
    0x00, 0x00, 0x00, 0x00, 0x00, 0x00, 0x00, 0x00, 0x00, 0x00, 0x00, 0x00,
    0x00, 0x00, 0x00, 0x00, 0x00, 0x00, 0x00, 0x00, 0x00, 0x00, 0x00, 0x00,
    0x00, 0x00, 0x00, 0x00, 0x00, 0x00, 0x00, 0x00, 0xc8, 0x98, 0x30, 0x7d,
    0xc8, 0x98, 0x30, 0xff, 0xc8, 0x94, 0x30, 0xff, 0xc8, 0x98, 0x38, 0xdf,
    0x00, 0x00, 0x00, 0x00, 0x00, 0x00, 0x00, 0x00, 0x00, 0x00, 0x00, 0x00,
    0x00, 0x00, 0x00, 0x00, 0xc8, 0x98, 0x38, 0x41, 0xc8, 0x98, 0x30, 0xff,
    0xc8, 0x98, 0x30, 0xff, 0xc8, 0x98, 0x30, 0xff, 0xc8, 0x94, 0x30, 0x3c,
    0x00, 0x00, 0x00, 0x00, 0x00, 0x00, 0x00, 0x00, 0xc8, 0x94, 0x38, 0x61,
    0xc8, 0x98, 0x30, 0xff, 0xc8, 0x98, 0x30, 0xff, 0xc8, 0x98, 0x38, 0xff,
    0x00, 0x00, 0x00, 0x00, 0x00, 0x00, 0x00, 0x00, 0x00, 0x00, 0x00, 0x00,
    0x00, 0x00, 0x00, 0x00, 0x00, 0x00, 0x00, 0x00, 0x00, 0x00, 0x00, 0x00,
    0x00, 0x00, 0x00, 0x00, 0x00, 0x00, 0x00, 0x00, 0xc8, 0x98, 0x38, 0x41,
    0xc8, 0x94, 0x30, 0xff, 0xc8, 0x98, 0x30, 0xff, 0xc8, 0x98, 0x38, 0xff,
    0xd0, 0x9c, 0x30, 0x20, 0x00, 0x00, 0x00, 0x00, 0x00, 0x00, 0x00, 0x00,
    0x00, 0x00, 0x00, 0x00, 0x00, 0x00, 0x00, 0x00, 0x00, 0x00, 0x00, 0x00,
    0x00, 0x00, 0x00, 0x00, 0x00, 0x00, 0x00, 0x00, 0x00, 0x00, 0x00, 0x00,
    0x00, 0x00, 0x00, 0x00, 0x00, 0x00, 0x00, 0x00, 0x00, 0x00, 0x00, 0x00,
    0x00, 0x00, 0x00, 0x00, 0x00, 0x00, 0x00, 0x00, 0x00, 0x00, 0x00, 0x00,
    0x00, 0x00, 0x00, 0x00, 0x00, 0x00, 0x00, 0x00, 0x00, 0x00, 0x00, 0x00,
    0xc8, 0x94, 0x30, 0xef, 0xc8, 0x98, 0x38, 0xff, 0xc8, 0x98, 0x30, 0xff,
    0xc8, 0x98, 0x30, 0xff, 0xc8, 0x94, 0x30, 0xff, 0xc8, 0x98, 0x30, 0xff,
    0xc8, 0x98, 0x30, 0xff, 0xc8, 0x98, 0x30, 0xff, 0xc8, 0x94, 0x38, 0xff,
    0xc8, 0x98, 0x30, 0xff, 0xc8, 0x98, 0x30, 0xff, 0xc8, 0x98, 0x30, 0xff,
    0xc8, 0x98, 0x30, 0xff, 0xc8, 0x98, 0x38, 0xff, 0xc8, 0x98, 0x30, 0xff,
    0xc8, 0x94, 0x38, 0xff, 0xc8, 0x98, 0x30, 0xff, 0xf0, 0xf0, 0xe8, 0xff,
    0xf0, 0xec, 0xf0, 0xff, 0xf0, 0xec, 0xe8, 0xff, 0xd8, 0xc0, 0x90, 0xff,
    0xc8, 0x98, 0x30, 0xff, 0xc8, 0x98, 0x30, 0xff, 0xc8, 0x94, 0x38, 0xff,
    0xc8, 0x98, 0x30, 0xff, 0xe0, 0xcc, 0xa8, 0xff, 0xf0, 0xec, 0xe8, 0xff,
    0xf0, 0xf0, 0xe8, 0xff, 0xe8, 0xe4, 0xd8, 0xff, 0xc8, 0x94, 0x30, 0xff,
    0xc8, 0x98, 0x30, 0xff, 0xc8, 0x98, 0x38, 0xff, 0xe8, 0xe4, 0xd8, 0xff,
    0xf0, 0xec, 0xe8, 0xff, 0xf0, 0xf0, 0xe8, 0xff, 0xf0, 0xec, 0xf0, 0xff,
    0xf0, 0xf0, 0xe8, 0xff, 0xf0, 0xf0, 0xe8, 0xff, 0xe8, 0xe4, 0xd8, 0xff,
    0xc8, 0x9c, 0x40, 0xff, 0xe0, 0xcc, 0xa8, 0xff, 0xf0, 0xf0, 0xe8, 0xff,
    0xf0, 0xec, 0xe8, 0xff, 0xe0, 0xcc, 0xa8, 0xff, 0xc8, 0x98, 0x30, 0xff,
    0xc8, 0x98, 0x30, 0xff, 0xc8, 0x98, 0x30, 0xff, 0xc8, 0x98, 0x30, 0xff,
    0xc8, 0x98, 0x38, 0xff, 0xc8, 0x94, 0x30, 0xff, 0xc8, 0x98, 0x30, 0xff,
    0xc8, 0x98, 0x38, 0xff, 0xc8, 0x94, 0x30, 0xff, 0xc8, 0x98, 0x30, 0xff,
    0xc8, 0x98, 0x38, 0xff, 0xc8, 0x94, 0x30, 0xff, 0xc8, 0x98, 0x30, 0xff,
    0xc8, 0x94, 0x38, 0xff, 0xc8, 0x98, 0x30, 0xff, 0xc8, 0x98, 0x30, 0xff,
    0xc8, 0x94, 0x38, 0xef, 0x00, 0x00, 0x00, 0x00, 0x00, 0x00, 0x00, 0x00,
    0x00, 0x00, 0x00, 0x00, 0xd0, 0xa0, 0x30, 0x10, 0xc8, 0x94, 0x30, 0xff,
    0xc8, 0x94, 0x30, 0xff, 0xc8, 0x98, 0x30, 0xff, 0xc8, 0x94, 0x30, 0xef,
    0xc8, 0x94, 0x30, 0xff, 0xc8, 0x98, 0x38, 0xff, 0xc8, 0x98, 0x30, 0xff,
    0xc8, 0x94, 0x30, 0xff, 0x00, 0x00, 0x00, 0x00, 0x00, 0x00, 0x00, 0x00,
    0x00, 0x00, 0x00, 0x00, 0x00, 0x00, 0x00, 0x00, 0x00, 0x00, 0x00, 0x00,
    0x00, 0x00, 0x00, 0x00, 0x00, 0x00, 0x00, 0x00, 0x00, 0x00, 0x00, 0x00,
    0x00, 0x00, 0x00, 0x00, 0x00, 0x00, 0x00, 0x00, 0x00, 0x00, 0x00, 0x00,
    0x00, 0x00, 0x00, 0x00, 0x00, 0x00, 0x00, 0x00, 0x00, 0x00, 0x00, 0x00,
    0x00, 0x00, 0x00, 0x00, 0x00, 0x00, 0x00, 0x00, 0xc8, 0x98, 0x38, 0x9e,
    0xc8, 0x98, 0x30, 0xff, 0xc8, 0x98, 0x30, 0xff, 0xc8, 0x94, 0x38, 0xdf,
    0x00, 0x00, 0x00, 0x00, 0x00, 0x00, 0x00, 0x00, 0x00, 0x00, 0x00, 0x00,
    0x00, 0x00, 0x00, 0x00, 0xc8, 0x98, 0x38, 0x41, 0xc8, 0x94, 0x30, 0xff,
    0xc8, 0x98, 0x30, 0xff, 0xc8, 0x98, 0x38, 0xff, 0xc8, 0x94, 0x30, 0x41,
    0x00, 0x00, 0x00, 0x00, 0x00, 0x00, 0x00, 0x00, 0xc8, 0x94, 0x30, 0x61,
    0xc8, 0x98, 0x38, 0xff, 0xc8, 0x98, 0x30, 0xff, 0xc8, 0x94, 0x30, 0xff,
    0xc8, 0x98, 0x30, 0xdf, 0xc8, 0x98, 0x30, 0xdf, 0xc8, 0x94, 0x38, 0xdf,
    0xc8, 0x98, 0x30, 0xdf, 0xc8, 0x98, 0x30, 0xdf, 0xd0, 0x9c, 0x30, 0x20,
    0x00, 0x00, 0x00, 0x00, 0x00, 0x00, 0x00, 0x00, 0xc8, 0x98, 0x38, 0x41,
    0xc8, 0x98, 0x30, 0xff, 0xc8, 0x98, 0x30, 0xff, 0xc8, 0x94, 0x38, 0xff,
    0xc8, 0x98, 0x30, 0xdf, 0xc8, 0x94, 0x30, 0xdf, 0xc8, 0x98, 0x38, 0xdf,
    0xc8, 0x94, 0x30, 0xdf, 0xc8, 0x98, 0x38, 0xdf, 0xc8, 0x94, 0x30, 0x30,
    0x00, 0x00, 0x00, 0x00, 0x00, 0x00, 0x00, 0x00, 0x00, 0x00, 0x00, 0x00,
    0x00, 0x00, 0x00, 0x00, 0x00, 0x00, 0x00, 0x00, 0x00, 0x00, 0x00, 0x00,
    0x00, 0x00, 0x00, 0x00, 0x00, 0x00, 0x00, 0x00, 0x00, 0x00, 0x00, 0x00,
    0x00, 0x00, 0x00, 0x00, 0x00, 0x00, 0x00, 0x00, 0x00, 0x00, 0x00, 0x00,
    0xc8, 0x98, 0x30, 0xff, 0xc8, 0x98, 0x30, 0xff, 0xc8, 0x98, 0x38, 0xff,
    0xc8, 0x98, 0x30, 0xff, 0xc8, 0x98, 0x38, 0xff, 0xc8, 0x94, 0x30, 0xff,
    0xc8, 0x98, 0x30, 0xff, 0xc8, 0x98, 0x38, 0xff, 0xc8, 0x94, 0x30, 0xff,
    0xc8, 0x98, 0x30, 0xff, 0xc8, 0x94, 0x38, 0xff, 0xc8, 0x94, 0x30, 0xff,
    0xc8, 0x98, 0x30, 0xff, 0xc8, 0x98, 0x30, 0xff, 0xc8, 0x98, 0x30, 0xff,
    0xc8, 0x98, 0x38, 0xff, 0xc8, 0x98, 0x30, 0xff, 0xf0, 0xec, 0xe8, 0xff,
    0xf0, 0xf0, 0xf0, 0xff, 0xf0, 0xf0, 0xe8, 0xff, 0xd8, 0xc0, 0x90, 0xff,
    0xc8, 0x98, 0x30, 0xff, 0xc8, 0x98, 0x30, 0xff, 0xc8, 0x98, 0x30, 0xff,
    0xc8, 0x98, 0x30, 0xff, 0xe0, 0xcc, 0xa8, 0xff, 0xf0, 0xec, 0xe8, 0xff,
    0xf0, 0xf0, 0xe8, 0xff, 0xf0, 0xe4, 0xd8, 0xff, 0xc8, 0x94, 0x30, 0xff,
    0xc8, 0x98, 0x30, 0xff, 0xc8, 0x94, 0x30, 0xff, 0xe8, 0xe4, 0xd8, 0xff,
    0xf0, 0xec, 0xe8, 0xff, 0xf0, 0xf0, 0xf0, 0xff, 0xe0, 0xcc, 0xa8, 0xff,
    0xf0, 0xe8, 0xe0, 0xff, 0xf0, 0xf0, 0xe8, 0xff, 0xf0, 0xec, 0xe8, 0xff,
    0xe0, 0xc0, 0x90, 0xff, 0xe0, 0xcc, 0xa8, 0xff, 0xf0, 0xf0, 0xe8, 0xff,
    0xf0, 0xf0, 0xf0, 0xff, 0xe0, 0xcc, 0xa8, 0xff, 0xc8, 0x98, 0x30, 0xff,
    0xc8, 0x98, 0x38, 0xff, 0xc8, 0x94, 0x30, 0xff, 0xc8, 0x98, 0x30, 0xff,
    0xc8, 0x98, 0x30, 0xff, 0xc8, 0x98, 0x30, 0xff, 0xc8, 0x98, 0x30, 0xff,
    0xc8, 0x98, 0x30, 0xff, 0xc8, 0x94, 0x38, 0xff, 0xc8, 0x98, 0x30, 0xff,
    0xc8, 0x98, 0x30, 0xff, 0xc8, 0x98, 0x30, 0xff, 0xc8, 0x98, 0x30, 0xff,
    0xc8, 0x94, 0x30, 0xff, 0xc8, 0x98, 0x30, 0xff, 0xc8, 0x98, 0x30, 0xff,
    0xc8, 0x98, 0x30, 0xff, 0x00, 0x00, 0x00, 0x00, 0x00, 0x00, 0x00, 0x00,
    0x00, 0x00, 0x00, 0x00, 0x00, 0x00, 0x00, 0x00, 0xc8, 0x98, 0x30, 0xff,
    0xc8, 0x98, 0x38, 0xff, 0xc8, 0x98, 0x30, 0xff, 0xc8, 0x98, 0x30, 0xff,
    0xc8, 0x98, 0x30, 0xff, 0xc8, 0x98, 0x30, 0xff, 0xc8, 0x94, 0x38, 0xff,
    0xc8, 0x98, 0x30, 0xff, 0x00, 0x00, 0x00, 0x00, 0x00, 0x00, 0x00, 0x00,
    0x00, 0x00, 0x00, 0x00, 0x00, 0x00, 0x00, 0x00, 0x00, 0x00, 0x00, 0x00,
    0x00, 0x00, 0x00, 0x00, 0x00, 0x00, 0x00, 0x00, 0x00, 0x00, 0x00, 0x00,
    0x00, 0x00, 0x00, 0x00, 0x00, 0x00, 0x00, 0x00, 0x00, 0x00, 0x00, 0x00,
    0x00, 0x00, 0x00, 0x00, 0x00, 0x00, 0x00, 0x00, 0x00, 0x00, 0x00, 0x00,
    0x00, 0x00, 0x00, 0x00, 0x00, 0x00, 0x00, 0x00, 0xc8, 0x94, 0x30, 0x9e,
    0xc8, 0x98, 0x38, 0xff, 0xc8, 0x98, 0x30, 0xff, 0xc8, 0x98, 0x30, 0xdf,
    0x00, 0x00, 0x00, 0x00, 0x00, 0x00, 0x00, 0x00, 0x00, 0x00, 0x00, 0x00,
    0x00, 0x00, 0x00, 0x00, 0xc8, 0x98, 0x38, 0x41, 0xc8, 0x98, 0x30, 0xff,
    0xc8, 0x94, 0x30, 0xff, 0xc8, 0x98, 0x30, 0xff, 0xc8, 0x98, 0x30, 0x41,
    0x00, 0x00, 0x00, 0x00, 0x00, 0x00, 0x00, 0x00, 0xc8, 0x94, 0x30, 0x5d,
    0xc8, 0x98, 0x30, 0xff, 0xc8, 0x98, 0x30, 0xff, 0xc8, 0x94, 0x38, 0xff,
    0xc8, 0x98, 0x30, 0xff, 0xc8, 0x98, 0x30, 0xff, 0xc8, 0x98, 0x30, 0xff,
    0xc8, 0x98, 0x38, 0xff, 0xc8, 0x94, 0x30, 0xff, 0xd0, 0x9c, 0x30, 0x20,
    0x00, 0x00, 0x00, 0x00, 0x00, 0x00, 0x00, 0x00, 0xc8, 0x94, 0x38, 0x41,
    0xc8, 0x98, 0x30, 0xff, 0xc8, 0x98, 0x30, 0xff, 0xc8, 0x98, 0x30, 0xff,
    0xc8, 0x98, 0x30, 0xff, 0xc8, 0x98, 0x30, 0xff, 0xc8, 0x98, 0x30, 0xff,
    0xc8, 0x98, 0x30, 0xff, 0xc8, 0x94, 0x30, 0xff, 0xc8, 0x94, 0x30, 0x41,
    0x00, 0x00, 0x00, 0x00, 0x00, 0x00, 0x00, 0x00, 0x00, 0x00, 0x00, 0x00,
    0x00, 0x00, 0x00, 0x00, 0x00, 0x00, 0x00, 0x00, 0x00, 0x00, 0x00, 0x00,
    0x00, 0x00, 0x00, 0x00, 0x00, 0x00, 0x00, 0x00, 0x00, 0x00, 0x00, 0x00,
    0x00, 0x00, 0x00, 0x00, 0x00, 0x00, 0x00, 0x00, 0x00, 0x00, 0x00, 0x00,
    0xc8, 0x98, 0x30, 0xff, 0xc8, 0x94, 0x30, 0xff, 0xc8, 0x98, 0x30, 0xff,
    0xc8, 0x98, 0x30, 0xff, 0xc8, 0x94, 0x38, 0xff, 0xc8, 0x98, 0x30, 0xff,
    0xc8, 0x98, 0x30, 0xff, 0xc8, 0x98, 0x30, 0xff, 0xc8, 0x98, 0x30, 0xff,
    0xc8, 0x98, 0x30, 0xff, 0xc8, 0x98, 0x38, 0xff, 0xc8, 0x98, 0x30, 0xff,
    0xc8, 0x94, 0x30, 0xff, 0xc8, 0x98, 0x38, 0xff, 0xc8, 0x94, 0x30, 0xff,
    0xc8, 0x98, 0x30, 0xff, 0xc8, 0x98, 0x30, 0xff, 0xf0, 0xec, 0xf0, 0xff,
    0xf0, 0xec, 0xe8, 0xff, 0xf0, 0xf0, 0xe8, 0xff, 0xe0, 0xc0, 0x90, 0xff,
    0xc8, 0x98, 0x38, 0xff, 0xc8, 0x98, 0x30, 0xff, 0xc8, 0x94, 0x30, 0xff,
    0xc8, 0x98, 0x38, 0xff, 0xe0, 0xcc, 0xa8, 0xff, 0xf0, 0xec, 0xe8, 0xff,
    0xf0, 0xf0, 0xf0, 0xff, 0xe8, 0xe4, 0xd8, 0xff, 0xc8, 0x98, 0x30, 0xff,
    0xc8, 0x98, 0x30, 0xff, 0xc8, 0x98, 0x30, 0xff, 0xf0, 0xe4, 0xd8, 0xff,
    0xf0, 0xec, 0xe8, 0xff, 0xf0, 0xec, 0xe8, 0xff, 0xd8, 0xc4, 0x90, 0xff,
    0xe0, 0xc0, 0x90, 0xff, 0xf0, 0xec, 0xe8, 0xff, 0xf0, 0xf0, 0xe8, 0xff,
    0xf0, 0xf0, 0xe8, 0xff, 0xe8, 0xd8, 0xc0, 0xff, 0xf0, 0xec, 0xe8, 0xff,
    0xf0, 0xf0, 0xe8, 0xff, 0xe0, 0xcc, 0xa8, 0xff, 0xc8, 0x98, 0x30, 0xff,
    0xc8, 0x98, 0x30, 0xff, 0xc8, 0x94, 0x38, 0xff, 0xc8, 0x98, 0x30, 0xff,
    0xc8, 0x98, 0x38, 0xff, 0xc8, 0x94, 0x30, 0xff, 0xc8, 0x98, 0x30, 0xff,
    0xc8, 0x98, 0x38, 0xff, 0xc8, 0x98, 0x30, 0xff, 0xc8, 0x98, 0x30, 0xff,
    0xc8, 0x94, 0x30, 0xff, 0xc8, 0x98, 0x38, 0xff, 0xc8, 0x98, 0x30, 0xff,
    0xc8, 0x98, 0x38, 0xff, 0xc8, 0x94, 0x38, 0xff, 0xc8, 0x98, 0x30, 0xff,
    0xc8, 0x98, 0x30, 0xff, 0x00, 0x00, 0x00, 0x00, 0x00, 0x00, 0x00, 0x00,
    0x00, 0x00, 0x00, 0x00, 0x00, 0x00, 0x00, 0x00, 0xc8, 0x98, 0x30, 0xff,
    0xc8, 0x98, 0x38, 0xff, 0xc8, 0x94, 0x30, 0xff, 0xc8, 0x98, 0x30, 0xff,
    0xc8, 0x94, 0x30, 0xef, 0xc8, 0x98, 0x30, 0xff, 0xc8, 0x98, 0x30, 0xff,
    0xc8, 0x98, 0x38, 0xff, 0xd0, 0xa0, 0x30, 0x10, 0x00, 0x00, 0x00, 0x00,
    0x00, 0x00, 0x00, 0x00, 0x00, 0x00, 0x00, 0x00, 0x00, 0x00, 0x00, 0x00,
    0x00, 0x00, 0x00, 0x00, 0x00, 0x00, 0x00, 0x00, 0x00, 0x00, 0x00, 0x00,
    0x00, 0x00, 0x00, 0x00, 0x00, 0x00, 0x00, 0x00, 0x00, 0x00, 0x00, 0x00,
    0x00, 0x00, 0x00, 0x00, 0x00, 0x00, 0x00, 0x00, 0x00, 0x00, 0x00, 0x00,
    0x00, 0x00, 0x00, 0x00, 0x00, 0x00, 0x00, 0x00, 0xc8, 0x98, 0x30, 0x82,
    0xc8, 0x94, 0x30, 0xff, 0xc8, 0x98, 0x30, 0xff, 0xc8, 0x98, 0x30, 0xdf,
    0x00, 0x00, 0x00, 0x00, 0x00, 0x00, 0x00, 0x00, 0x00, 0x00, 0x00, 0x00,
    0x00, 0x00, 0x00, 0x00, 0xc8, 0x98, 0x38, 0x41, 0xc8, 0x98, 0x30, 0xff,
    0xc8, 0x98, 0x30, 0xff, 0xc8, 0x98, 0x38, 0xff, 0xc8, 0x94, 0x30, 0x3c,
    0x00, 0x00, 0x00, 0x00, 0x00, 0x00, 0x00, 0x00, 0xc8, 0x94, 0x38, 0x61,
    0xc8, 0x98, 0x30, 0xff, 0xc8, 0x98, 0x30, 0xff, 0xc8, 0x98, 0x38, 0xff,
    0xc8, 0x98, 0x30, 0xdf, 0xc8, 0x94, 0x30, 0xdf, 0xc8, 0x98, 0x30, 0xdf,
    0xc8, 0x98, 0x30, 0xdf, 0xc8, 0x98, 0x30, 0xdf, 0xd0, 0x9c, 0x30, 0x20,
    0x00, 0x00, 0x00, 0x00, 0x00, 0x00, 0x00, 0x00, 0xc8, 0x98, 0x38, 0x41,
    0xc8, 0x94, 0x30, 0xff, 0xc8, 0x98, 0x30, 0xff, 0xc8, 0x98, 0x38, 0xff,
    0xc8, 0x94, 0x30, 0xdf, 0xc8, 0x98, 0x30, 0xdf, 0xc8, 0x98, 0x30, 0xdf,
    0xc8, 0x98, 0x30, 0xdf, 0xc8, 0x98, 0x30, 0xdf, 0xc8, 0x94, 0x30, 0x41,
    0x00, 0x00, 0x00, 0x00, 0x00, 0x00, 0x00, 0x00, 0x00, 0x00, 0x00, 0x00,
    0x00, 0x00, 0x00, 0x00, 0x00, 0x00, 0x00, 0x00, 0x00, 0x00, 0x00, 0x00,
    0x00, 0x00, 0x00, 0x00, 0x00, 0x00, 0x00, 0x00, 0x00, 0x00, 0x00, 0x00,
    0x00, 0x00, 0x00, 0x00, 0x00, 0x00, 0x00, 0x00, 0x00, 0x00, 0x00, 0x00,
    0xc8, 0x94, 0x38, 0xef, 0xc8, 0x98, 0x38, 0xff, 0xc8, 0x98, 0x30, 0xff,
    0xc8, 0x94, 0x30, 0xff, 0xc8, 0x98, 0x30, 0xff, 0xc8, 0x98, 0x38, 0xff,
    0xc8, 0x94, 0x30, 0xff, 0xc8, 0x98, 0x30, 0xff, 0xc8, 0x98, 0x38, 0xff,
    0xc8, 0x94, 0x30, 0xff, 0xc8, 0x98, 0x30, 0xff, 0xc8, 0x98, 0x30, 0xff,
    0xc8, 0x98, 0x38, 0xff, 0xc8, 0x98, 0x30, 0xff, 0xc8, 0x94, 0x30, 0xff,
    0xc8, 0x98, 0x30, 0xff, 0xc8, 0x98, 0x38, 0xff, 0xf0, 0xec, 0xe8, 0xff,
    0xf0, 0xf0, 0xe8, 0xff, 0xf0, 0xec, 0xf0, 0xff, 0xd8, 0xc0, 0x90, 0xff,
    0xc8, 0x98, 0x30, 0xff, 0xc8, 0x98, 0x30, 0xff, 0xc8, 0x98, 0x30, 0xff,
    0xc8, 0x98, 0x30, 0xff, 0xe0, 0xcc, 0xa8, 0xff, 0xf0, 0xf0, 0xe8, 0xff,
    0xf0, 0xec, 0xe8, 0xff, 0xe8, 0xe4, 0xd8, 0xff, 0xc8, 0x98, 0x30, 0xff,
    0xc8, 0x94, 0x30, 0xff, 0xc8, 0x98, 0x38, 0xff, 0xe8, 0xe4, 0xd8, 0xff,
    0xf0, 0xec, 0xe8, 0xff, 0xf0, 0xf0, 0xe8, 0xff, 0xe0, 0xc4, 0x90, 0xff,
    0xc8, 0x9c, 0x40, 0xff, 0xe8, 0xe4, 0xd8, 0xff, 0xf0, 0xf0, 0xe8, 0xff,
    0xf0, 0xec, 0xe8, 0xff, 0xf0, 0xf0, 0xf0, 0xff, 0xf0, 0xec, 0xe8, 0xff,
    0xf0, 0xec, 0xe8, 0xff, 0xe0, 0xcc, 0xa8, 0xff, 0xc8, 0x98, 0x30, 0xff,
    0xc8, 0x98, 0x30, 0xff, 0xc8, 0x98, 0x30, 0xff, 0xc8, 0x98, 0x30, 0xff,
    0xc8, 0x94, 0x38, 0xff, 0xc8, 0x98, 0x30, 0xff, 0xc8, 0x94, 0x30, 0xff,
    0xc8, 0x98, 0x30, 0xff, 0xc8, 0x98, 0x30, 0xff, 0xc8, 0x94, 0x38, 0xff,
    0xc8, 0x98, 0x30, 0xff, 0xc8, 0x98, 0x30, 0xff, 0xc8, 0x94, 0x30, 0xff,
    0xc8, 0x98, 0x30, 0xff, 0xc8, 0x98, 0x30, 0xff, 0xc8, 0x94, 0x38, 0xff,
    0xc8, 0x94, 0x30, 0xef, 0x00, 0x00, 0x00, 0x00, 0x00, 0x00, 0x00, 0x00,
    0x00, 0x00, 0x00, 0x00, 0xd0, 0xa0, 0x30, 0x10, 0xc8, 0x94, 0x30, 0xff,
    0xc8, 0x98, 0x30, 0xff, 0xc8, 0x98, 0x30, 0xff, 0xc8, 0x98, 0x30, 0xff,
    0xc8, 0x98, 0x30, 0xdf, 0xc8, 0x98, 0x30, 0xff, 0xc8, 0x94, 0x30, 0xff,
    0xc8, 0x98, 0x30, 0xff, 0xd0, 0x9c, 0x30, 0x20, 0x00, 0x00, 0x00, 0x00,
    0x00, 0x00, 0x00, 0x00, 0x00, 0x00, 0x00, 0x00, 0x00, 0x00, 0x00, 0x00,
    0x00, 0x00, 0x00, 0x00, 0x00, 0x00, 0x00, 0x00, 0x00, 0x00, 0x00, 0x00,
    0x00, 0x00, 0x00, 0x00, 0x00, 0x00, 0x00, 0x00, 0x00, 0x00, 0x00, 0x00,
    0x00, 0x00, 0x00, 0x00, 0x00, 0x00, 0x00, 0x00, 0x00, 0x00, 0x00, 0x00,
    0x00, 0x00, 0x00, 0x00, 0x00, 0x00, 0x00, 0x00, 0xc8, 0x98, 0x38, 0x82,
    0xc8, 0x98, 0x30, 0xff, 0xc8, 0x94, 0x30, 0xff, 0xc8, 0x94, 0x38, 0xef,
    0x00, 0x00, 0x00, 0x00, 0x00, 0x00, 0x00, 0x00, 0x00, 0x00, 0x00, 0x00,
    0x00, 0x00, 0x00, 0x00, 0xc8, 0x94, 0x38, 0x41, 0xc8, 0x98, 0x30, 0xff,
    0xc8, 0x98, 0x30, 0xff, 0xc8, 0x94, 0x30, 0xff, 0xc8, 0x94, 0x30, 0x41,
    0x00, 0x00, 0x00, 0x00, 0x00, 0x00, 0x00, 0x00, 0xc8, 0x94, 0x30, 0x61,
    0xc8, 0x98, 0x30, 0xff, 0xc8, 0x98, 0x30, 0xff, 0xc8, 0x94, 0x30, 0xff,
    0x00, 0x00, 0x00, 0x00, 0x00, 0x00, 0x00, 0x00, 0x00, 0x00, 0x00, 0x00,
    0x00, 0x00, 0x00, 0x00, 0x00, 0x00, 0x00, 0x00, 0x00, 0x00, 0x00, 0x00,
    0x00, 0x00, 0x00, 0x00, 0x00, 0x00, 0x00, 0x00, 0xc8, 0x98, 0x38, 0x41,
    0xc8, 0x98, 0x30, 0xff, 0xc8, 0x94, 0x30, 0xff, 0xc8, 0x98, 0x38, 0xff,
    0xc8, 0x9c, 0x30, 0x20, 0x00, 0x00, 0x00, 0x00, 0x00, 0x00, 0x00, 0x00,
    0x00, 0x00, 0x00, 0x00, 0x00, 0x00, 0x00, 0x00, 0x00, 0x00, 0x00, 0x00,
    0x00, 0x00, 0x00, 0x00, 0x00, 0x00, 0x00, 0x00, 0x00, 0x00, 0x00, 0x00,
    0x00, 0x00, 0x00, 0x00, 0x00, 0x00, 0x00, 0x00, 0x00, 0x00, 0x00, 0x00,
    0x00, 0x00, 0x00, 0x00, 0x00, 0x00, 0x00, 0x00, 0x00, 0x00, 0x00, 0x00,
    0x00, 0x00, 0x00, 0x00, 0x00, 0x00, 0x00, 0x00, 0x00, 0x00, 0x00, 0x00,
    0xc8, 0x98, 0x30, 0xcf, 0xc8, 0x98, 0x30, 0xff, 0xc8, 0x98, 0x38, 0xff,
    0xc8, 0x98, 0x30, 0xff, 0xc8, 0x98, 0x30, 0xff, 0xc8, 0x98, 0x30, 0xff,
    0xc8, 0x94, 0x38, 0xff, 0xc8, 0x98, 0x30, 0xff, 0xc8, 0x98, 0x30, 0xff,
    0xc8, 0x94, 0x38, 0xff, 0xc8, 0x98, 0x30, 0xff, 0xc8, 0x98, 0x30, 0xff,
    0xc8, 0x98, 0x30, 0xff, 0xc8, 0x98, 0x30, 0xff, 0xc8, 0x98, 0x38, 0xff,
    0xc8, 0x98, 0x30, 0xff, 0xc8, 0x98, 0x30, 0xff, 0xf0, 0xe8, 0xe0, 0xff,
    0xf0, 0xf0, 0xf0, 0xff, 0xf0, 0xf0, 0xe8, 0xff, 0xe0, 0xc8, 0x98, 0xff,
    0xc8, 0x98, 0x30, 0xff, 0xc8, 0x98, 0x38, 0xff, 0xc8, 0x94, 0x30, 0xff,
    0xc8, 0x98, 0x30, 0xff, 0xe0, 0xd0, 0xb0, 0xff, 0xf0, 0xec, 0xf0, 0xff,
    0xf0, 0xf0, 0xe8, 0xff, 0xe8, 0xdc, 0xc8, 0xff, 0xc8, 0x98, 0x30, 0xff,
    0xc8, 0x98, 0x30, 0xff, 0xc8, 0x94, 0x30, 0xff, 0xe8, 0xe4, 0xd8, 0xff,
    0xf0, 0xec, 0xe8, 0xff, 0xf0, 0xf0, 0xe8, 0xff, 0xe0, 0xc0, 0x90, 0xff,
    0xc8, 0x98, 0x30, 0xff, 0xd0, 0xac, 0x60, 0xff, 0xf0, 0xec, 0xf0, 0xff,
    0xf0, 0xf0, 0xe8, 0xff, 0xf0, 0xec, 0xe8, 0xff, 0xf0, 0xf0, 0xf0, 0xff,
    0xf0, 0xf0, 0xe8, 0xff, 0xe0, 0xcc, 0xa8, 0xff, 0xc8, 0x98, 0x30, 0xff,
    0xc8, 0x98, 0x30, 0xff, 0xc8, 0x94, 0x30, 0xff, 0xc8, 0x98, 0x30, 0xff,
    0xc8, 0x98, 0x30, 0xff, 0xc8, 0x98, 0x38, 0xff, 0xc8, 0x98, 0x30, 0xff,
    0xc8, 0x94, 0x30, 0xff, 0xc8, 0x98, 0x38, 0xff, 0xc8, 0x98, 0x30, 0xff,
    0xc8, 0x98, 0x30, 0xff, 0xc8, 0x98, 0x38, 0xff, 0xc8, 0x98, 0x30, 0xff,
    0xc8, 0x98, 0x30, 0xff, 0xc8, 0x98, 0x30, 0xff, 0xc8, 0x98, 0x30, 0xff,
    0xc8, 0x94, 0x30, 0xcf, 0x00, 0x00, 0x00, 0x00, 0x00, 0x00, 0x00, 0x00,
    0x00, 0x00, 0x00, 0x00, 0xc8, 0x98, 0x30, 0x30, 0xc8, 0x98, 0x38, 0xff,
    0xc8, 0x98, 0x30, 0xff, 0xc8, 0x94, 0x30, 0xff, 0xc8, 0x98, 0x38, 0xdf,
    0xc8, 0x98, 0x30, 0xcf, 0xc8, 0x98, 0x38, 0xff, 0xc8, 0x98, 0x38, 0xff,
    0xc8, 0x94, 0x30, 0xff, 0xc8, 0x94, 0x30, 0x4d, 0x00, 0x00, 0x00, 0x00,
    0x00, 0x00, 0x00, 0x00, 0x00, 0x00, 0x00, 0x00, 0x00, 0x00, 0x00, 0x00,
    0x00, 0x00, 0x00, 0x00, 0x00, 0x00, 0x00, 0x00, 0x00, 0x00, 0x00, 0x00,
    0x00, 0x00, 0x00, 0x00, 0x00, 0x00, 0x00, 0x00, 0x00, 0x00, 0x00, 0x00,
    0x00, 0x00, 0x00, 0x00, 0x00, 0x00, 0x00, 0x00, 0x00, 0x00, 0x00, 0x00,
    0x00, 0x00, 0x00, 0x00, 0x00, 0x00, 0x00, 0x00, 0xc8, 0x98, 0x30, 0x6d,
    0xc8, 0x98, 0x38, 0xff, 0xc8, 0x98, 0x30, 0xff, 0xc8, 0x98, 0x30, 0xff,
    0xd0, 0xa0, 0x30, 0x10, 0x00, 0x00, 0x00, 0x00, 0x00, 0x00, 0x00, 0x00,
    0x00, 0x00, 0x00, 0x00, 0xc8, 0x98, 0x30, 0x61, 0xc8, 0x98, 0x30, 0xff,
    0xc8, 0x98, 0x30, 0xff, 0xc8, 0x98, 0x38, 0xff, 0xc8, 0x94, 0x30, 0x30,
    0x00, 0x00, 0x00, 0x00, 0x00, 0x00, 0x00, 0x00, 0xc8, 0x94, 0x30, 0x5d,
    0xc8, 0x98, 0x38, 0xff, 0xc8, 0x98, 0x30, 0xff, 0xc8, 0x98, 0x30, 0xff,
    0x00, 0x00, 0x00, 0x00, 0x00, 0x00, 0x00, 0x00, 0x00, 0x00, 0x00, 0x00,
    0x00, 0x00, 0x00, 0x00, 0x00, 0x00, 0x00, 0x00, 0x00, 0x00, 0x00, 0x00,
    0x00, 0x00, 0x00, 0x00, 0x00, 0x00, 0x00, 0x00, 0xc8, 0x98, 0x38, 0x41,
    0xc8, 0x98, 0x30, 0xff, 0xc8, 0x98, 0x30, 0xff, 0xc8, 0x94, 0x30, 0xff,
    0xd0, 0x9c, 0x30, 0x20, 0x00, 0x00, 0x00, 0x00, 0x00, 0x00, 0x00, 0x00,
    0x00, 0x00, 0x00, 0x00, 0x00, 0x00, 0x00, 0x00, 0x00, 0x00, 0x00, 0x00,
    0x00, 0x00, 0x00, 0x00, 0x00, 0x00, 0x00, 0x00, 0x00, 0x00, 0x00, 0x00,
    0x00, 0x00, 0x00, 0x00, 0x00, 0x00, 0x00, 0x00, 0x00, 0x00, 0x00, 0x00,
    0x00, 0x00, 0x00, 0x00, 0x00, 0x00, 0x00, 0x00, 0x00, 0x00, 0x00, 0x00,
    0x00, 0x00, 0x00, 0x00, 0x00, 0x00, 0x00, 0x00, 0x00, 0x00, 0x00, 0x00,
    0xc8, 0x94, 0x30, 0x9e, 0xc8, 0x98, 0x30, 0xff, 0xc8, 0x94, 0x30, 0xff,
    0xc8, 0x98, 0x38, 0xff, 0xc8, 0x98, 0x30, 0xff, 0xc8, 0x94, 0x30, 0xff,
    0xc8, 0x98, 0x30, 0xff, 0xc8, 0x98, 0x30, 0xff, 0xc8, 0x98, 0x30, 0xff,
    0xc8, 0x98, 0x30, 0xff, 0xc8, 0x94, 0x38, 0xff, 0xc8, 0x98, 0x30, 0xff,
    0xc8, 0x94, 0x30, 0xff, 0xc8, 0x94, 0x38, 0xff, 0xc8, 0x98, 0x30, 0xff,
    0xc8, 0x98, 0x30, 0xff, 0xc8, 0x94, 0x30, 0xff, 0xe8, 0xe4, 0xd8, 0xff,
    0xf0, 0xec, 0xe8, 0xff, 0xf0, 0xec, 0xe8, 0xff, 0xe8, 0xd8, 0xc0, 0xff,
    0xc8, 0x98, 0x30, 0xff, 0xc8, 0x98, 0x30, 0xff, 0xc8, 0x98, 0x38, 0xff,
    0xc8, 0x98, 0x30, 0xff, 0xe8, 0xd8, 0xc0, 0xff, 0xf0, 0xec, 0xe8, 0xff,
    0xf0, 0xf0, 0xf0, 0xff, 0xe8, 0xd8, 0xc0, 0xff, 0xc8, 0x98, 0x30, 0xff,
    0xc8, 0x98, 0x30, 0xff, 0xc8, 0x98, 0x30, 0xff, 0xf0, 0xe4, 0xd8, 0xff,
    0xf0, 0xec, 0xe8, 0xff, 0xf0, 0xec, 0xf0, 0xff, 0xd8, 0xc4, 0x90, 0xff,
    0xc8, 0x98, 0x30, 0xff, 0xc8, 0x98, 0x30, 0xff, 0xe8, 0xd8, 0xc0, 0xff,
    0xf0, 0xec, 0xe8, 0xff, 0xf0, 0xf0, 0xf0, 0xff, 0xf0, 0xec, 0xe8, 0xff,
    0xf0, 0xf0, 0xe8, 0xff, 0xe0, 0xcc, 0xa8, 0xff, 0xc8, 0x98, 0x30, 0xff,
    0xc8, 0x98, 0x38, 0xff, 0xc8, 0x94, 0x38, 0xff, 0xc8, 0x98, 0x30, 0xff,
    0xc8, 0x98, 0x30, 0xff, 0xc8, 0x94, 0x30, 0xff, 0xc8, 0x98, 0x38, 0xff,
    0xc8, 0x98, 0x30, 0xff, 0xc8, 0x98, 0x30, 0xff, 0xc8, 0x94, 0x30, 0xff,
    0xc8, 0x98, 0x30, 0xff, 0xc8, 0x94, 0x38, 0xff, 0xc8, 0x98, 0x30, 0xff,
    0xc8, 0x94, 0x38, 0xff, 0xc8, 0x98, 0x30, 0xff, 0xc8, 0x98, 0x30, 0xff,
    0xc8, 0x94, 0x30, 0xae, 0x00, 0x00, 0x00, 0x00, 0x00, 0x00, 0x00, 0x00,
    0x00, 0x00, 0x00, 0x00, 0xc8, 0x98, 0x38, 0x41, 0xc8, 0x98, 0x30, 0xff,
    0xc8, 0x98, 0x30, 0xff, 0xc8, 0x98, 0x30, 0xff, 0xc8, 0x94, 0x30, 0xbe,
    0xc8, 0x98, 0x30, 0x8e, 0xc8, 0x98, 0x30, 0xff, 0xc8, 0x98, 0x30, 0xff,
    0xc8, 0x98, 0x30, 0xff, 0xc8, 0x98, 0x38, 0x6d, 0x00, 0x00, 0x00, 0x00,
    0x00, 0x00, 0x00, 0x00, 0x00, 0x00, 0x00, 0x00, 0x00, 0x00, 0x00, 0x00,
    0x00, 0x00, 0x00, 0x00, 0x00, 0x00, 0x00, 0x00, 0x00, 0x00, 0x00, 0x00,
    0x00, 0x00, 0x00, 0x00, 0x00, 0x00, 0x00, 0x00, 0x00, 0x00, 0x00, 0x00,
    0x00, 0x00, 0x00, 0x00, 0x00, 0x00, 0x00, 0x00, 0x00, 0x00, 0x00, 0x00,
    0x00, 0x00, 0x00, 0x00, 0x00, 0x00, 0x00, 0x00, 0xc8, 0x98, 0x30, 0x41,
    0xc8, 0x98, 0x30, 0xff, 0xc8, 0x98, 0x30, 0xff, 0xc8, 0x98, 0x30, 0xff,
    0xc8, 0x94, 0x30, 0xdf, 0xc8, 0x98, 0x30, 0x82, 0xc8, 0x98, 0x30, 0x7d,
    0xc8, 0x98, 0x30, 0x8e, 0xc8, 0x94, 0x30, 0xef, 0xc8, 0x98, 0x30, 0xff,
    0xc8, 0x94, 0x38, 0xff, 0xc8, 0x98, 0x30, 0xff, 0x00, 0x00, 0x00, 0x00,
    0x00, 0x00, 0x00, 0x00, 0x00, 0x00, 0x00, 0x00, 0xc8, 0x94, 0x30, 0x61,
    0xc8, 0x98, 0x38, 0xff, 0xc8, 0x98, 0x30, 0xff, 0xc8, 0x98, 0x38, 0xff,
    0x00, 0x00, 0x00, 0x00, 0x00, 0x00, 0x00, 0x00, 0x00, 0x00, 0x00, 0x00,
    0x00, 0x00, 0x00, 0x00, 0x00, 0x00, 0x00, 0x00, 0x00, 0x00, 0x00, 0x00,
    0x00, 0x00, 0x00, 0x00, 0x00, 0x00, 0x00, 0x00, 0xc8, 0x94, 0x38, 0x41,
    0xc8, 0x98, 0x30, 0xff, 0xc8, 0x98, 0x30, 0xff, 0xc8, 0x98, 0x30, 0xff,
    0xd0, 0x9c, 0x30, 0x1c, 0x00, 0x00, 0x00, 0x00, 0x00, 0x00, 0x00, 0x00,
    0x00, 0x00, 0x00, 0x00, 0x00, 0x00, 0x00, 0x00, 0x00, 0x00, 0x00, 0x00,
    0x00, 0x00, 0x00, 0x00, 0x00, 0x00, 0x00, 0x00, 0x00, 0x00, 0x00, 0x00,
    0x00, 0x00, 0x00, 0x00, 0x00, 0x00, 0x00, 0x00, 0x00, 0x00, 0x00, 0x00,
    0x00, 0x00, 0x00, 0x00, 0x00, 0x00, 0x00, 0x00, 0x00, 0x00, 0x00, 0x00,
    0x00, 0x00, 0x00, 0x00, 0x00, 0x00, 0x00, 0x00, 0x00, 0x00, 0x00, 0x00,
    0xc8, 0x98, 0x38, 0x6d, 0xc8, 0x98, 0x30, 0xff, 0xc8, 0x98, 0x30, 0xff,
    0xc8, 0x94, 0x30, 0xff, 0xc8, 0x98, 0x38, 0xff, 0xc8, 0x98, 0x30, 0xff,
    0xc8, 0x98, 0x30, 0xff, 0xc8, 0x94, 0x38, 0xff, 0xc8, 0x98, 0x30, 0xff,
    0xc8, 0x98, 0x30, 0xff, 0xc8, 0x98, 0x30, 0xff, 0xc8, 0x98, 0x38, 0xff,
    0xc8, 0x98, 0x30, 0xff, 0xc8, 0x98, 0x30, 0xff, 0xc8, 0x98, 0x30, 0xff,
    0xc8, 0x94, 0x38, 0xff, 0xc8, 0x98, 0x30, 0xff, 0xe0, 0xd0, 0xb0, 0xff,
    0xf0, 0xf0, 0xf0, 0xff, 0xf0, 0xec, 0xe8, 0xff, 0xf0, 0xec, 0xf0, 0xff,
    0xe0, 0xcc, 0xa8, 0xff, 0xe0, 0xc0, 0x90, 0xff, 0xd8, 0xc0, 0x90, 0xff,
    0xe8, 0xd4, 0xb0, 0xff, 0xf0, 0xf0, 0xe8, 0xff, 0xf0, 0xec, 0xe8, 0xff,
    0xf0, 0xec, 0xe8, 0xff, 0xe0, 0xc8, 0x98, 0xff, 0xc8, 0x98, 0x30, 0xff,
    0xc8, 0x94, 0x38, 0xff, 0xc8, 0x98, 0x30, 0xff, 0xe8, 0xe4, 0xd8, 0xff,
    0xf0, 0xec, 0xe8, 0xff, 0xf0, 0xf0, 0xe8, 0xff, 0xe0, 0xc0, 0x90, 0xff,
    0xc8, 0x98, 0x30, 0xff, 0xc8, 0x98, 0x30, 0xff, 0xd0, 0xa0, 0x48, 0xff,
    0xf0, 0xe8, 0xe0, 0xff, 0xf0, 0xf0, 0xf0, 0xff, 0xf0, 0xec, 0xe8, 0xff,
    0xf0, 0xec, 0xf0, 0xff, 0xe0, 0xcc, 0xa8, 0xff, 0xc8, 0x98, 0x30, 0xff,
    0xc8, 0x98, 0x30, 0xff, 0xc8, 0x98, 0x30, 0xff, 0xc8, 0x98, 0x38, 0xff,
    0xc8, 0x98, 0x30, 0xff, 0xc8, 0x94, 0x30, 0xff, 0xc8, 0x98, 0x30, 0xff,
    0xc8, 0x98, 0x38, 0xff, 0xc8, 0x98, 0x30, 0xff, 0xc8, 0x98, 0x30, 0xff,
    0xc8, 0x94, 0x38, 0xff, 0xc8, 0x98, 0x30, 0xff, 0xc8, 0x98, 0x30, 0xff,
    0xc8, 0x98, 0x30, 0xff, 0xc8, 0x98, 0x38, 0xff, 0xc8, 0x98, 0x38, 0xff,
    0xc8, 0x94, 0x30, 0x61, 0x00, 0x00, 0x00, 0x00, 0x00, 0x00, 0x00, 0x00,
    0x00, 0x00, 0x00, 0x00, 0xc8, 0x98, 0x30, 0x7d, 0xc8, 0x94, 0x30, 0xff,
    0xc8, 0x98, 0x38, 0xff, 0xc8, 0x98, 0x30, 0xff, 0xc8, 0x98, 0x30, 0x8e,
    0xc8, 0x94, 0x30, 0x61, 0xc8, 0x94, 0x30, 0xff, 0xc8, 0x98, 0x30, 0xff,
    0xc8, 0x98, 0x30, 0xff, 0xc8, 0x94, 0x30, 0xbe, 0x00, 0x00, 0x00, 0x00,
    0x00, 0x00, 0x00, 0x00, 0x00, 0x00, 0x00, 0x00, 0x00, 0x00, 0x00, 0x00,
    0x00, 0x00, 0x00, 0x00, 0x00, 0x00, 0x00, 0x00, 0x00, 0x00, 0x00, 0x00,
    0x00, 0x00, 0x00, 0x00, 0x00, 0x00, 0x00, 0x00, 0x00, 0x00, 0x00, 0x00,
    0x00, 0x00, 0x00, 0x00, 0x00, 0x00, 0x00, 0x00, 0x00, 0x00, 0x00, 0x00,
    0x00, 0x00, 0x00, 0x00, 0x00, 0x00, 0x00, 0x00, 0xd0, 0x9c, 0x30, 0x10,
    0xc8, 0x98, 0x30, 0xdf, 0xc8, 0x94, 0x38, 0xff, 0xc8, 0x98, 0x38, 0xff,
    0xc8, 0x98, 0x30, 0xff, 0xc8, 0x94, 0x38, 0xff, 0xc8, 0x98, 0x30, 0xff,
    0xc8, 0x98, 0x38, 0xff, 0xc8, 0x98, 0x30, 0xff, 0xc8, 0x94, 0x30, 0xff,
    0xc8, 0x98, 0x30, 0xff, 0xc8, 0x98, 0x30, 0x8e, 0x00, 0x00, 0x00, 0x00,
    0x00, 0x00, 0x00, 0x00, 0x00, 0x00, 0x00, 0x00, 0xc8, 0x94, 0x30, 0x61,
    0xc8, 0x98, 0x30, 0xff, 0xc8, 0x98, 0x30, 0xff, 0xc8, 0x94, 0x30, 0xff,
    0x00, 0x00, 0x00, 0x00, 0x00, 0x00, 0x00, 0x00, 0x00, 0x00, 0x00, 0x00,
    0x00, 0x00, 0x00, 0x00, 0x00, 0x00, 0x00, 0x00, 0x00, 0x00, 0x00, 0x00,
    0x00, 0x00, 0x00, 0x00, 0x00, 0x00, 0x00, 0x00, 0xc8, 0x98, 0x38, 0x41,
    0xc8, 0x94, 0x30, 0xff, 0xc8, 0x98, 0x30, 0xff, 0xc8, 0x98, 0x38, 0xff,
    0xc8, 0x9c, 0x30, 0x20, 0x00, 0x00, 0x00, 0x00, 0x00, 0x00, 0x00, 0x00,
    0x00, 0x00, 0x00, 0x00, 0x00, 0x00, 0x00, 0x00, 0x00, 0x00, 0x00, 0x00,
    0x00, 0x00, 0x00, 0x00, 0x00, 0x00, 0x00, 0x00, 0x00, 0x00, 0x00, 0x00,
    0x00, 0x00, 0x00, 0x00, 0x00, 0x00, 0x00, 0x00, 0x00, 0x00, 0x00, 0x00,
    0x00, 0x00, 0x00, 0x00, 0x00, 0x00, 0x00, 0x00, 0x00, 0x00, 0x00, 0x00,
    0x00, 0x00, 0x00, 0x00, 0x00, 0x00, 0x00, 0x00, 0x00, 0x00, 0x00, 0x00,
    0xd0, 0xa0, 0x30, 0x10, 0xc8, 0x98, 0x30, 0xff, 0xc8, 0x98, 0x30, 0xff,
    0xc8, 0x98, 0x30, 0xff, 0xc8, 0x94, 0x30, 0xff, 0xc8, 0x98, 0x38, 0xff,
    0xc8, 0x98, 0x30, 0xff, 0xc8, 0x98, 0x30, 0xff, 0xc8, 0x94, 0x38, 0xff,
    0xc8, 0x98, 0x30, 0xff, 0xc8, 0x98, 0x30, 0xff, 0xc8, 0x94, 0x30, 0xff,
    0xc8, 0x98, 0x38, 0xff, 0xc8, 0x98, 0x30, 0xff, 0xc8, 0x98, 0x30, 0xff,
    0xc8, 0x98, 0x30, 0xff, 0xc8, 0x98, 0x30, 0xff, 0xd0, 0xac, 0x60, 0xff,
    0xf0, 0xf0, 0xf0, 0xff, 0xf0, 0xf0, 0xe8, 0xff, 0xf0, 0xec, 0xe8, 0xff,
    0xf0, 0xf0, 0xe8, 0xff, 0xf0, 0xec, 0xe8, 0xff, 0xf0, 0xec, 0xe8, 0xff,
    0xf0, 0xf0, 0xf0, 0xff, 0xf0, 0xec, 0xf0, 0xff, 0xf0, 0xf0, 0xe8, 0xff,
    0xf0, 0xec, 0xf0, 0xff, 0xd0, 0xa0, 0x48, 0xff, 0xc8, 0x98, 0x30, 0xff,
    0xc8, 0x98, 0x30, 0xff, 0xc8, 0x98, 0x30, 0xff, 0xe8, 0xe4, 0xd8, 0xff,
    0xf0, 0xec, 0xe8, 0xff, 0xf0, 0xf0, 0xe8, 0xff, 0xe0, 0xc0, 0x90, 0xff,
    0xc8, 0x98, 0x30, 0xff, 0xc8, 0x98, 0x30, 0xff, 0xc8, 0x98, 0x30, 0xff,
    0xd8, 0xc0, 0x90, 0xff, 0xf0, 0xf0, 0xe8, 0xff, 0xf0, 0xf0, 0xe8, 0xff,
    0xf0, 0xec, 0xe8, 0xff, 0xe0, 0xcc, 0xa8, 0xff, 0xc8, 0x98, 0x30, 0xff,
    0xc8, 0x98, 0x30, 0xff, 0xc8, 0x94, 0x30, 0xff, 0xc8, 0x98, 0x30, 0xff,
    0xc8, 0x98, 0x38, 0xff, 0xc8, 0x98, 0x30, 0xff, 0xc8, 0x94, 0x30, 0xff,
    0xc8, 0x98, 0x30, 0xff, 0xc8, 0x98, 0x30, 0xff, 0xc8, 0x98, 0x38, 0xff,
    0xc8, 0x98, 0x30, 0xff, 0xc8, 0x98, 0x30, 0xff, 0xc8, 0x94, 0x30, 0xff,
    0xc8, 0x98, 0x30, 0xff, 0xc8, 0x98, 0x30, 0xff, 0xc8, 0x98, 0x30, 0xff,
    0xc8, 0x98, 0x30, 0x20, 0x00, 0x00, 0x00, 0x00, 0x00, 0x00, 0x00, 0x00,
    0x00, 0x00, 0x00, 0x00, 0xc8, 0x98, 0x38, 0xbe, 0xc8, 0x98, 0x30, 0xff,
    0xc8, 0x94, 0x30, 0xff, 0xc8, 0x98, 0x38, 0xff, 0xc8, 0x94, 0x30, 0x61,
    0xc8, 0x98, 0x30, 0x20, 0xc8, 0x98, 0x38, 0xff, 0xc8, 0x94, 0x30, 0xff,
    0xc8, 0x98, 0x38, 0xff, 0xc8, 0x94, 0x30, 0xef, 0xd0, 0xa0, 0x30, 0x10,
    0x00, 0x00, 0x00, 0x00, 0x00, 0x00, 0x00, 0x00, 0x00, 0x00, 0x00, 0x00,
    0x00, 0x00, 0x00, 0x00, 0x00, 0x00, 0x00, 0x00, 0x00, 0x00, 0x00, 0x00,
    0x00, 0x00, 0x00, 0x00, 0x00, 0x00, 0x00, 0x00, 0x00, 0x00, 0x00, 0x00,
    0x00, 0x00, 0x00, 0x00, 0x00, 0x00, 0x00, 0x00, 0x00, 0x00, 0x00, 0x00,
    0x00, 0x00, 0x00, 0x00, 0x00, 0x00, 0x00, 0x00, 0x00, 0x00, 0x00, 0x00,
    0xc8, 0x98, 0x30, 0x20, 0xc8, 0x98, 0x30, 0x9e, 0xc8, 0x94, 0x30, 0xef,
    0xc8, 0x98, 0x30, 0xff, 0xc8, 0x98, 0x30, 0xff, 0xc8, 0x94, 0x30, 0xff,
    0xc8, 0x98, 0x38, 0xff, 0xc8, 0x98, 0x30, 0xff, 0xc8, 0x98, 0x30, 0xdf,
    0xc8, 0x98, 0x30, 0x7d, 0x00, 0x00, 0x00, 0x00, 0x00, 0x00, 0x00, 0x00,
    0x00, 0x00, 0x00, 0x00, 0x00, 0x00, 0x00, 0x00, 0xc8, 0x94, 0x38, 0x61,
    0xc8, 0x98, 0x30, 0xff, 0xc8, 0x98, 0x30, 0xff, 0xc8, 0x98, 0x38, 0xff,
    0x00, 0x00, 0x00, 0x00, 0x00, 0x00, 0x00, 0x00, 0x00, 0x00, 0x00, 0x00,
    0x00, 0x00, 0x00, 0x00, 0x00, 0x00, 0x00, 0x00, 0x00, 0x00, 0x00, 0x00,
    0x00, 0x00, 0x00, 0x00, 0x00, 0x00, 0x00, 0x00, 0xc8, 0x98, 0x38, 0x41,
    0xc8, 0x98, 0x30, 0xff, 0xc8, 0x94, 0x30, 0xff, 0xc8, 0x98, 0x38, 0xff,
    0xd0, 0x9c, 0x30, 0x20, 0x00, 0x00, 0x00, 0x00, 0x00, 0x00, 0x00, 0x00,
    0x00, 0x00, 0x00, 0x00, 0x00, 0x00, 0x00, 0x00, 0x00, 0x00, 0x00, 0x00,
    0x00, 0x00, 0x00, 0x00, 0x00, 0x00, 0x00, 0x00, 0x00, 0x00, 0x00, 0x00,
    0x00, 0x00, 0x00, 0x00, 0x00, 0x00, 0x00, 0x00, 0x00, 0x00, 0x00, 0x00,
    0x00, 0x00, 0x00, 0x00, 0x00, 0x00, 0x00, 0x00, 0x00, 0x00, 0x00, 0x00,
    0x00, 0x00, 0x00, 0x00, 0x00, 0x00, 0x00, 0x00, 0x00, 0x00, 0x00, 0x00,
    0x00, 0x00, 0x00, 0x00, 0xc8, 0x94, 0x30, 0xbe, 0xc8, 0x98, 0x38, 0xff,
    0xc8, 0x98, 0x30, 0xff, 0xc8, 0x98, 0x30, 0xff, 0xc8, 0x94, 0x30, 0xff,
    0xc8, 0x98, 0x30, 0xff, 0xc8, 0x98, 0x30, 0xff, 0xc8, 0x98, 0x38, 0xff,
    0xc8, 0x94, 0x30, 0xff, 0xc8, 0x98, 0x30, 0xff, 0xc8, 0x98, 0x30, 0xff,
    0xc8, 0x94, 0x30, 0xff, 0xc8, 0x98, 0x38, 0xff, 0xc8, 0x94, 0x30, 0xff,
    0xc8, 0x98, 0x30, 0xff, 0xc8, 0x98, 0x38, 0xff, 0xc8, 0x98, 0x30, 0xff,
    0xd8, 0xb8, 0x78, 0xff, 0xe8, 0xdc, 0xc8, 0xff, 0xf0, 0xf0, 0xe8, 0xff,
    0xf0, 0xf0, 0xf0, 0xff, 0xf0, 0xf0, 0xe8, 0xff, 0xf0, 0xf0, 0xe8, 0xff,
    0xf0, 0xec, 0xf0, 0xff, 0xf0, 0xf0, 0xe8, 0xff, 0xe8, 0xd8, 0xc0, 0xff,
    0xd0, 0xac, 0x60, 0xff, 0xc8, 0x98, 0x30, 0xff, 0xc8, 0x98, 0x30, 0xff,
    0xc8, 0x98, 0x30, 0xff, 0xc8, 0x94, 0x30, 0xff, 0xf0, 0xe4, 0xd8, 0xff,
    0xf0, 0xec, 0xf0, 0xff, 0xf0, 0xec, 0xe8, 0xff, 0xd8, 0xc4, 0x90, 0xff,
    0xc8, 0x98, 0x30, 0xff, 0xc8, 0x98, 0x38, 0xff, 0xc8, 0x98, 0x30, 0xff,
    0xc8, 0x9c, 0x40, 0xff, 0xe8, 0xe4, 0xd8, 0xff, 0xf0, 0xf0, 0xe8, 0xff,
    0xf0, 0xec, 0xe8, 0xff, 0xe0, 0xcc, 0xa8, 0xff, 0xc8, 0x98, 0x30, 0xff,
    0xc8, 0x98, 0x30, 0xff, 0xc8, 0x94, 0x38, 0xff, 0xc8, 0x98, 0x30, 0xff,
    0xc8, 0x98, 0x30, 0xff, 0xc8, 0x98, 0x38, 0xff, 0xc8, 0x98, 0x30, 0xff,
    0xc8, 0x94, 0x30, 0xff, 0xc8, 0x94, 0x38, 0xff, 0xc8, 0x98, 0x30, 0xff,
    0xc8, 0x98, 0x30, 0xff, 0xc8, 0x94, 0x30, 0xff, 0xc8, 0x98, 0x38, 0xff,
    0xc8, 0x98, 0x30, 0xff, 0xc8, 0x94, 0x30, 0xff, 0xc8, 0x94, 0x30, 0xae,
    0x00, 0x00, 0x00, 0x00, 0x00, 0x00, 0x00, 0x00, 0x00, 0x00, 0x00, 0x00,
    0xd0, 0xa0, 0x30, 0x10, 0xc8, 0x98, 0x30, 0xff, 0xc8, 0x98, 0x30, 0xff,
    0xc8, 0x98, 0x30, 0xff, 0xc8, 0x98, 0x30, 0xff, 0xc8, 0x98, 0x30, 0x20,
    0x00, 0x00, 0x00, 0x00, 0xc8, 0x98, 0x30, 0xdf, 0xc8, 0x98, 0x30, 0xff,
    0xc8, 0x98, 0x30, 0xff, 0xc8, 0x98, 0x38, 0xff, 0xc8, 0x98, 0x30, 0x71,
    0x00, 0x00, 0x00, 0x00, 0x00, 0x00, 0x00, 0x00, 0x00, 0x00, 0x00, 0x00,
    0x00, 0x00, 0x00, 0x00, 0x00, 0x00, 0x00, 0x00, 0x00, 0x00, 0x00, 0x00,
    0x00, 0x00, 0x00, 0x00, 0x00, 0x00, 0x00, 0x00, 0x00, 0x00, 0x00, 0x00,
    0x00, 0x00, 0x00, 0x00, 0x00, 0x00, 0x00, 0x00, 0x00, 0x00, 0x00, 0x00,
    0x00, 0x00, 0x00, 0x00, 0x00, 0x00, 0x00, 0x00, 0x00, 0x00, 0x00, 0x00,
    0x00, 0x00, 0x00, 0x00, 0x00, 0x00, 0x00, 0x00, 0x00, 0x00, 0x00, 0x00,
    0xd0, 0xa0, 0x30, 0x10, 0xd0, 0x9c, 0x30, 0x20, 0xd0, 0x9c, 0x30, 0x20,
    0xd0, 0x9c, 0x30, 0x20, 0xd0, 0xa0, 0x30, 0x10, 0x00, 0x00, 0x00, 0x00,
    0x00, 0x00, 0x00, 0x00, 0x00, 0x00, 0x00, 0x00, 0x00, 0x00, 0x00, 0x00,
    0x00, 0x00, 0x00, 0x00, 0x00, 0x00, 0x00, 0x00, 0x00, 0x00, 0x00, 0x00,
    0x00, 0x00, 0x00, 0x00, 0x00, 0x00, 0x00, 0x00, 0x00, 0x00, 0x00, 0x00,
    0x00, 0x00, 0x00, 0x00, 0x00, 0x00, 0x00, 0x00, 0x00, 0x00, 0x00, 0x00,
    0x00, 0x00, 0x00, 0x00, 0x00, 0x00, 0x00, 0x00, 0x00, 0x00, 0x00, 0x00,
    0x00, 0x00, 0x00, 0x00, 0x00, 0x00, 0x00, 0x00, 0x00, 0x00, 0x00, 0x00,
    0x00, 0x00, 0x00, 0x00, 0x00, 0x00, 0x00, 0x00, 0x00, 0x00, 0x00, 0x00,
    0x00, 0x00, 0x00, 0x00, 0x00, 0x00, 0x00, 0x00, 0x00, 0x00, 0x00, 0x00,
    0x00, 0x00, 0x00, 0x00, 0x00, 0x00, 0x00, 0x00, 0x00, 0x00, 0x00, 0x00,
    0x00, 0x00, 0x00, 0x00, 0x00, 0x00, 0x00, 0x00, 0x00, 0x00, 0x00, 0x00,
    0x00, 0x00, 0x00, 0x00, 0x00, 0x00, 0x00, 0x00, 0x00, 0x00, 0x00, 0x00,
    0x00, 0x00, 0x00, 0x00, 0x00, 0x00, 0x00, 0x00, 0x00, 0x00, 0x00, 0x00,
    0x00, 0x00, 0x00, 0x00, 0x00, 0x00, 0x00, 0x00, 0x00, 0x00, 0x00, 0x00,
    0x00, 0x00, 0x00, 0x00, 0xc8, 0x98, 0x30, 0x41, 0xc8, 0x94, 0x38, 0xff,
    0xc8, 0x98, 0x30, 0xff, 0xc8, 0x98, 0x38, 0xff, 0xc8, 0x98, 0x30, 0xff,
    0xc8, 0x94, 0x30, 0xff, 0xc8, 0x98, 0x38, 0xff, 0xc8, 0x98, 0x30, 0xff,
    0xc8, 0x98, 0x30, 0xff, 0xc8, 0x98, 0x38, 0xff, 0xc8, 0x98, 0x30, 0xff,
    0xc8, 0x98, 0x30, 0xff, 0xc8, 0x98, 0x30, 0xff, 0xc8, 0x94, 0x38, 0xff,
    0xc8, 0x98, 0x30, 0xff, 0xc8, 0x98, 0x30, 0xff, 0xc8, 0x94, 0x30, 0xff,
    0xc8, 0x98, 0x30, 0xff, 0xc8, 0x98, 0x30, 0xff, 0xc8, 0x98, 0x38, 0xff,
    0xd0, 0xa0, 0x48, 0xff, 0xd0, 0xa0, 0x48, 0xff, 0xd0, 0xa0, 0x48, 0xff,
    0xc8, 0xa0, 0x48, 0xff, 0xc8, 0x98, 0x30, 0xff, 0xc8, 0x98, 0x30, 0xff,
    0xc8, 0x98, 0x30, 0xff, 0xc8, 0x98, 0x30, 0xff, 0xc8, 0x98, 0x38, 0xff,
    0xc8, 0x94, 0x38, 0xff, 0xc8, 0x98, 0x30, 0xff, 0xc8, 0x98, 0x30, 0xff,
    0xc8, 0x98, 0x30, 0xff, 0xc8, 0x98, 0x30, 0xff, 0xc8, 0x98, 0x30, 0xff,
    0xc8, 0x94, 0x38, 0xff, 0xc8, 0x98, 0x30, 0xff, 0xc8, 0x98, 0x30, 0xff,
    0xc8, 0x98, 0x30, 0xff, 0xc8, 0x98, 0x30, 0xff, 0xc8, 0x98, 0x38, 0xff,
    0xc8, 0x98, 0x30, 0xff, 0xc8, 0x98, 0x30, 0xff, 0xc8, 0x98, 0x30, 0xff,
    0xc8, 0x98, 0x38, 0xff, 0xc8, 0x98, 0x30, 0xff, 0xc8, 0x94, 0x30, 0xff,
    0xc8, 0x98, 0x30, 0xff, 0xc8, 0x98, 0x30, 0xff, 0xc8, 0x98, 0x30, 0xff,
    0xc8, 0x98, 0x38, 0xff, 0xc8, 0x98, 0x30, 0xff, 0xc8, 0x98, 0x30, 0xff,
    0xc8, 0x94, 0x30, 0xff, 0xc8, 0x98, 0x38, 0xff, 0xc8, 0x98, 0x30, 0xff,
    0xc8, 0x98, 0x30, 0xff, 0xc8, 0x98, 0x38, 0xff, 0xc8, 0x94, 0x30, 0x41,
    0x00, 0x00, 0x00, 0x00, 0x00, 0x00, 0x00, 0x00, 0x00, 0x00, 0x00, 0x00,
    0xc8, 0x98, 0x30, 0x61, 0xc8, 0x94, 0x38, 0xff, 0xc8, 0x98, 0x30, 0xff,
    0xc8, 0x98, 0x30, 0xff, 0xc8, 0x94, 0x30, 0xdf, 0x00, 0x00, 0x00, 0x00,
    0x00, 0x00, 0x00, 0x00, 0xc8, 0x98, 0x30, 0x7d, 0xc8, 0x98, 0x30, 0xff,
    0xc8, 0x98, 0x30, 0xff, 0xc8, 0x98, 0x30, 0xff, 0xc8, 0x98, 0x30, 0xbe,
    0x00, 0x00, 0x00, 0x00, 0x00, 0x00, 0x00, 0x00, 0x00, 0x00, 0x00, 0x00,
    0x00, 0x00, 0x00, 0x00, 0x00, 0x00, 0x00, 0x00, 0x00, 0x00, 0x00, 0x00,
    0x00, 0x00, 0x00, 0x00, 0x00, 0x00, 0x00, 0x00, 0x00, 0x00, 0x00, 0x00,
    0x00, 0x00, 0x00, 0x00, 0x00, 0x00, 0x00, 0x00, 0x00, 0x00, 0x00, 0x00,
    0x00, 0x00, 0x00, 0x00, 0x00, 0x00, 0x00, 0x00, 0x00, 0x00, 0x00, 0x00,
    0x00, 0x00, 0x00, 0x00, 0x00, 0x00, 0x00, 0x00, 0x00, 0x00, 0x00, 0x00,
    0x00, 0x00, 0x00, 0x00, 0x00, 0x00, 0x00, 0x00, 0x00, 0x00, 0x00, 0x00,
    0x00, 0x00, 0x00, 0x00, 0x00, 0x00, 0x00, 0x00, 0x00, 0x00, 0x00, 0x00,
    0x00, 0x00, 0x00, 0x00, 0x00, 0x00, 0x00, 0x00, 0x00, 0x00, 0x00, 0x00,
    0x00, 0x00, 0x00, 0x00, 0x00, 0x00, 0x00, 0x00, 0x00, 0x00, 0x00, 0x00,
    0x00, 0x00, 0x00, 0x00, 0x00, 0x00, 0x00, 0x00, 0x00, 0x00, 0x00, 0x00,
    0x00, 0x00, 0x00, 0x00, 0x00, 0x00, 0x00, 0x00, 0x00, 0x00, 0x00, 0x00,
    0x00, 0x00, 0x00, 0x00, 0x00, 0x00, 0x00, 0x00, 0x00, 0x00, 0x00, 0x00,
    0x00, 0x00, 0x00, 0x00, 0x00, 0x00, 0x00, 0x00, 0x00, 0x00, 0x00, 0x00,
    0x00, 0x00, 0x00, 0x00, 0x00, 0x00, 0x00, 0x00, 0x00, 0x00, 0x00, 0x00,
    0x00, 0x00, 0x00, 0x00, 0x00, 0x00, 0x00, 0x00, 0x00, 0x00, 0x00, 0x00,
    0x00, 0x00, 0x00, 0x00, 0x00, 0x00, 0x00, 0x00, 0x00, 0x00, 0x00, 0x00,
    0x00, 0x00, 0x00, 0x00, 0x00, 0x00, 0x00, 0x00, 0x00, 0x00, 0x00, 0x00,
    0x00, 0x00, 0x00, 0x00, 0x00, 0x00, 0x00, 0x00, 0x00, 0x00, 0x00, 0x00,
    0x00, 0x00, 0x00, 0x00, 0x00, 0x00, 0x00, 0x00, 0x00, 0x00, 0x00, 0x00,
    0x00, 0x00, 0x00, 0x00, 0x00, 0x00, 0x00, 0x00, 0x00, 0x00, 0x00, 0x00,
    0x00, 0x00, 0x00, 0x00, 0x00, 0x00, 0x00, 0x00, 0xc8, 0x98, 0x30, 0xbe,
    0xc8, 0x94, 0x30, 0xff, 0xc8, 0x98, 0x30, 0xff, 0xc8, 0x98, 0x38, 0xff,
    0xc8, 0x98, 0x30, 0xff, 0xc8, 0x94, 0x30, 0xff, 0xc8, 0x98, 0x30, 0xff,
    0xc8, 0x98, 0x30, 0xff, 0xc8, 0x94, 0x38, 0xff, 0xc8, 0x94, 0x30, 0xff,
    0xc8, 0x98, 0x30, 0xff, 0xc8, 0x98, 0x38, 0xff, 0xc8, 0x98, 0x30, 0xff,
    0xc8, 0x98, 0x30, 0xff, 0xc8, 0x94, 0x30, 0xff, 0xc8, 0x98, 0x38, 0xff,
    0xc8, 0x98, 0x30, 0xff, 0xc8, 0x98, 0x30, 0xff, 0xc8, 0x94, 0x30, 0xff,
    0xc8, 0x98, 0x30, 0xff, 0xc8, 0x98, 0x30, 0xff, 0xc8, 0x98, 0x38, 0xff,
    0xc8, 0x98, 0x30, 0xff, 0xc8, 0x98, 0x30, 0xff, 0xc8, 0x98, 0x30, 0xff,
    0xc8, 0x94, 0x38, 0xff, 0xc8, 0x98, 0x30, 0xff, 0xc8, 0x98, 0x30, 0xff,
    0xc8, 0x98, 0x30, 0xff, 0xc8, 0x98, 0x30, 0xff, 0xc8, 0x98, 0x30, 0xff,
    0xc8, 0x98, 0x30, 0xff, 0xc8, 0x98, 0x38, 0xff, 0xc8, 0x98, 0x30, 0xff,
    0xc8, 0x94, 0x30, 0xff, 0xc8, 0x98, 0x30, 0xff, 0xc8, 0x98, 0x30, 0xff,
    0xc8, 0x94, 0x38, 0xff, 0xc8, 0x94, 0x30, 0xff, 0xc8, 0x98, 0x30, 0xff,
    0xc8, 0x98, 0x38, 0xff, 0xc8, 0x98, 0x30, 0xff, 0xc8, 0x94, 0x30, 0xff,
    0xc8, 0x98, 0x30, 0xff, 0xc8, 0x98, 0x30, 0xff, 0xc8, 0x98, 0x38, 0xff,
    0xc8, 0x94, 0x30, 0xff, 0xc8, 0x94, 0x30, 0xff, 0xc8, 0x98, 0x38, 0xff,
    0xc8, 0x98, 0x30, 0xff, 0xc8, 0x98, 0x30, 0xff, 0xc8, 0x94, 0x30, 0xff,
    0xc8, 0x98, 0x38, 0xff, 0xc8, 0x98, 0x30, 0xff, 0xc8, 0x94, 0x30, 0xff,
    0xc8, 0x98, 0x30, 0xff, 0xc8, 0x94, 0x30, 0xae, 0x00, 0x00, 0x00, 0x00,
    0x00, 0x00, 0x00, 0x00, 0x00, 0x00, 0x00, 0x00, 0x00, 0x00, 0x00, 0x00,
    0xc8, 0x98, 0x30, 0xcf, 0xc8, 0x98, 0x30, 0xff, 0xc8, 0x94, 0x38, 0xff,
    0xc8, 0x98, 0x30, 0xff, 0xc8, 0x98, 0x38, 0x8e, 0x00, 0x00, 0x00, 0x00,
    0x00, 0x00, 0x00, 0x00, 0xd0, 0xa0, 0x30, 0x10, 0xc8, 0x94, 0x38, 0xff,
    0xc8, 0x94, 0x30, 0xff, 0xc8, 0x98, 0x30, 0xff, 0xc8, 0x98, 0x38, 0xff,
    0xc8, 0x90, 0x30, 0x41, 0x00, 0x00, 0x00, 0x00, 0x00, 0x00, 0x00, 0x00,
    0x00, 0x00, 0x00, 0x00, 0x00, 0x00, 0x00, 0x00, 0x00, 0x00, 0x00, 0x00,
    0x00, 0x00, 0x00, 0x00, 0x00, 0x00, 0x00, 0x00, 0x00, 0x00, 0x00, 0x00,
    0x00, 0x00, 0x00, 0x00, 0x00, 0x00, 0x00, 0x00, 0x00, 0x00, 0x00, 0x00,
    0x00, 0x00, 0x00, 0x00, 0x00, 0x00, 0x00, 0x00, 0x00, 0x00, 0x00, 0x00,
    0x00, 0x00, 0x00, 0x00, 0x00, 0x00, 0x00, 0x00, 0x00, 0x00, 0x00, 0x00,
    0x00, 0x00, 0x00, 0x00, 0x00, 0x00, 0x00, 0x00, 0x00, 0x00, 0x00, 0x00,
    0x00, 0x00, 0x00, 0x00, 0x00, 0x00, 0x00, 0x00, 0x00, 0x00, 0x00, 0x00,
    0x00, 0x00, 0x00, 0x00, 0x00, 0x00, 0x00, 0x00, 0x00, 0x00, 0x00, 0x00,
    0x00, 0x00, 0x00, 0x00, 0x00, 0x00, 0x00, 0x00, 0x00, 0x00, 0x00, 0x00,
    0x00, 0x00, 0x00, 0x00, 0x00, 0x00, 0x00, 0x00, 0x00, 0x00, 0x00, 0x00,
    0x00, 0x00, 0x00, 0x00, 0x00, 0x00, 0x00, 0x00, 0x00, 0x00, 0x00, 0x00,
    0x00, 0x00, 0x00, 0x00, 0x00, 0x00, 0x00, 0x00, 0x00, 0x00, 0x00, 0x00,
    0x00, 0x00, 0x00, 0x00, 0x00, 0x00, 0x00, 0x00, 0x00, 0x00, 0x00, 0x00,
    0x00, 0x00, 0x00, 0x00, 0x00, 0x00, 0x00, 0x00, 0x00, 0x00, 0x00, 0x00,
    0x00, 0x00, 0x00, 0x00, 0x00, 0x00, 0x00, 0x00, 0x00, 0x00, 0x00, 0x00,
    0x00, 0x00, 0x00, 0x00, 0x00, 0x00, 0x00, 0x00, 0x00, 0x00, 0x00, 0x00,
    0x00, 0x00, 0x00, 0x00, 0x00, 0x00, 0x00, 0x00, 0x00, 0x00, 0x00, 0x00,
    0x00, 0x00, 0x00, 0x00, 0x00, 0x00, 0x00, 0x00, 0x00, 0x00, 0x00, 0x00,
    0x00, 0x00, 0x00, 0x00, 0x00, 0x00, 0x00, 0x00, 0x00, 0x00, 0x00, 0x00,
    0x00, 0x00, 0x00, 0x00, 0x00, 0x00, 0x00, 0x00, 0x00, 0x00, 0x00, 0x00,
    0x00, 0x00, 0x00, 0x00, 0x00, 0x00, 0x00, 0x00, 0xc8, 0x98, 0x30, 0x20,
    0xc8, 0x94, 0x30, 0xef, 0xc8, 0x98, 0x30, 0xff, 0xc8, 0x98, 0x30, 0xff,
    0xc8, 0x98, 0x38, 0xff, 0xc8, 0x94, 0x30, 0xff, 0xc8, 0x98, 0x30, 0xff,
    0xc8, 0x98, 0x38, 0xff, 0xc8, 0x98, 0x30, 0xff, 0xc8, 0x98, 0x30, 0xff,
    0xc8, 0x94, 0x30, 0xff, 0xc8, 0x98, 0x30, 0xff, 0xc8, 0x98, 0x30, 0xff,
    0xc8, 0x94, 0x38, 0xff, 0xc8, 0x98, 0x30, 0xff, 0xc8, 0x98, 0x30, 0xff,
    0xc8, 0x98, 0x38, 0xff, 0xc8, 0x94, 0x30, 0xff, 0xc8, 0x98, 0x30, 0xff,
    0xc8, 0x98, 0x38, 0xff, 0xc8, 0x98, 0x30, 0xff, 0xc8, 0x98, 0x30, 0xff,
    0xc8, 0x94, 0x38, 0xff, 0xc8, 0x98, 0x30, 0xff, 0xc8, 0x98, 0x30, 0xff,
    0xc8, 0x94, 0x30, 0xff, 0xc8, 0x98, 0x38, 0xff, 0xc8, 0x98, 0x30, 0xff,
    0xc8, 0x94, 0x30, 0xff, 0xc8, 0x98, 0x38, 0xff, 0xc8, 0x94, 0x30, 0xff,
    0xc8, 0x94, 0x30, 0xff, 0xc8, 0x98, 0x38, 0xff, 0xc8, 0x98, 0x30, 0xff,
    0xc8, 0x98, 0x30, 0xff, 0xc8, 0x98, 0x38, 0xff, 0xc8, 0x98, 0x30, 0xff,
    0xc8, 0x98, 0x30, 0xff, 0xc8, 0x98, 0x30, 0xff, 0xc8, 0x94, 0x30, 0xff,
    0xc8, 0x98, 0x30, 0xff, 0xc8, 0x98, 0x38, 0xff, 0xc8, 0x94, 0x30, 0xff,
    0xc8, 0x98, 0x30, 0xff, 0xc8, 0x98, 0x38, 0xff, 0xc8, 0x98, 0x30, 0xff,
    0xc8, 0x98, 0x30, 0xff, 0xc8, 0x98, 0x30, 0xff, 0xc8, 0x94, 0x30, 0xff,
    0xc8, 0x98, 0x30, 0xff, 0xc8, 0x98, 0x30, 0xff, 0xc8, 0x98, 0x38, 0xff,
    0xc8, 0x98, 0x30, 0xff, 0xc8, 0x98, 0x30, 0xff, 0xc8, 0x98, 0x38, 0xff,
    0xc8, 0x94, 0x30, 0xef, 0xc8, 0x98, 0x30, 0x20, 0x00, 0x00, 0x00, 0x00,
    0x00, 0x00, 0x00, 0x00, 0x00, 0x00, 0x00, 0x00, 0xc8, 0x98, 0x38, 0x41,
    0xc8, 0x98, 0x30, 0xff, 0xc8, 0x98, 0x30, 0xff, 0xc8, 0x98, 0x30, 0xff,
    0xc8, 0x98, 0x30, 0xff, 0xc8, 0x98, 0x30, 0x20, 0x00, 0x00, 0x00, 0x00,
    0x00, 0x00, 0x00, 0x00, 0x00, 0x00, 0x00, 0x00, 0xc8, 0x98, 0x30, 0xbe,
    0xc8, 0x98, 0x30, 0xff, 0xc8, 0x98, 0x38, 0xff, 0xc8, 0x94, 0x30, 0xff,
    0xc8, 0x98, 0x30, 0xbe, 0x00, 0x00, 0x00, 0x00, 0x00, 0x00, 0x00, 0x00,
    0x00, 0x00, 0x00, 0x00, 0x00, 0x00, 0x00, 0x00, 0x00, 0x00, 0x00, 0x00,
    0x00, 0x00, 0x00, 0x00, 0x00, 0x00, 0x00, 0x00, 0x00, 0x00, 0x00, 0x00,
    0x00, 0x00, 0x00, 0x00, 0x00, 0x00, 0x00, 0x00, 0x00, 0x00, 0x00, 0x00,
    0x00, 0x00, 0x00, 0x00, 0x00, 0x00, 0x00, 0x00, 0x00, 0x00, 0x00, 0x00,
    0x00, 0x00, 0x00, 0x00, 0x00, 0x00, 0x00, 0x00, 0x00, 0x00, 0x00, 0x00,
    0x00, 0x00, 0x00, 0x00, 0x00, 0x00, 0x00, 0x00, 0x00, 0x00, 0x00, 0x00,
    0x00, 0x00, 0x00, 0x00, 0x00, 0x00, 0x00, 0x00, 0x00, 0x00, 0x00, 0x00,
    0x00, 0x00, 0x00, 0x00, 0x00, 0x00, 0x00, 0x00, 0x00, 0x00, 0x00, 0x00,
    0x00, 0x00, 0x00, 0x00, 0x00, 0x00, 0x00, 0x00, 0x00, 0x00, 0x00, 0x00,
    0x00, 0x00, 0x00, 0x00, 0x00, 0x00, 0x00, 0x00, 0x00, 0x00, 0x00, 0x00,
    0x00, 0x00, 0x00, 0x00, 0x00, 0x00, 0x00, 0x00, 0x00, 0x00, 0x00, 0x00,
    0x00, 0x00, 0x00, 0x00, 0x00, 0x00, 0x00, 0x00, 0x00, 0x00, 0x00, 0x00,
    0x00, 0x00, 0x00, 0x00, 0x00, 0x00, 0x00, 0x00, 0x00, 0x00, 0x00, 0x00,
    0x00, 0x00, 0x00, 0x00, 0x00, 0x00, 0x00, 0x00, 0x00, 0x00, 0x00, 0x00,
    0x00, 0x00, 0x00, 0x00, 0x00, 0x00, 0x00, 0x00, 0x00, 0x00, 0x00, 0x00,
    0x00, 0x00, 0x00, 0x00, 0x00, 0x00, 0x00, 0x00, 0x00, 0x00, 0x00, 0x00,
    0x00, 0x00, 0x00, 0x00, 0x00, 0x00, 0x00, 0x00, 0x00, 0x00, 0x00, 0x00,
    0x00, 0x00, 0x00, 0x00, 0x00, 0x00, 0x00, 0x00, 0x00, 0x00, 0x00, 0x00,
    0x00, 0x00, 0x00, 0x00, 0x00, 0x00, 0x00, 0x00, 0x00, 0x00, 0x00, 0x00,
    0x00, 0x00, 0x00, 0x00, 0x00, 0x00, 0x00, 0x00, 0x00, 0x00, 0x00, 0x00,
    0x00, 0x00, 0x00, 0x00, 0x00, 0x00, 0x00, 0x00, 0x00, 0x00, 0x00, 0x00,
    0xc8, 0x94, 0x30, 0x71, 0xc8, 0x98, 0x38, 0xff, 0xc8, 0x98, 0x30, 0xff,
    0xc8, 0x94, 0x30, 0xff, 0xc8, 0x98, 0x30, 0xff, 0xc8, 0x98, 0x38, 0xff,
    0xc8, 0x94, 0x30, 0xff, 0xc8, 0x98, 0x30, 0xff, 0xc8, 0x98, 0x38, 0xff,
    0xc8, 0x98, 0x30, 0xff, 0xc8, 0x98, 0x30, 0xff, 0xc8, 0x94, 0x38, 0xff,
    0xc8, 0x98, 0x30, 0xff, 0xc8, 0x98, 0x30, 0xff, 0xc8, 0x98, 0x30, 0xff,
    0xc8, 0x94, 0x38, 0xff, 0xc8, 0x98, 0x30, 0xff, 0xc8, 0x98, 0x30, 0xff,
    0xc8, 0x94, 0x38, 0xff, 0xc8, 0x98, 0x30, 0xff, 0xc8, 0x98, 0x30, 0xff,
    0xc8, 0x94, 0x30, 0xff, 0xc8, 0x98, 0x38, 0xff, 0xc8, 0x98, 0x30, 0xff,
    0xc8, 0x98, 0x30, 0xff, 0xc8, 0x98, 0x30, 0xff, 0xc8, 0x94, 0x30, 0xff,
    0xc8, 0x98, 0x38, 0xff, 0xc8, 0x98, 0x30, 0xff, 0xc8, 0x98, 0x30, 0xff,
    0xc8, 0x98, 0x30, 0xff, 0xc8, 0x94, 0x30, 0xff, 0xc8, 0x98, 0x30, 0xff,
    0xc8, 0x98, 0x30, 0xff, 0xc8, 0x94, 0x38, 0xff, 0xc8, 0x94, 0x30, 0xff,
    0xc8, 0x98, 0x30, 0xff, 0xc8, 0x98, 0x38, 0xff, 0xc8, 0x98, 0x30, 0xff,
    0xc8, 0x98, 0x30, 0xff, 0xc8, 0x98, 0x30, 0xff, 0xc8, 0x98, 0x38, 0xff,
    0xc8, 0x94, 0x30, 0xff, 0xc8, 0x98, 0x30, 0xff, 0xc8, 0x94, 0x30, 0xff,
    0xc8, 0x98, 0x38, 0xff, 0xc8, 0x98, 0x30, 0xff, 0xc8, 0x98, 0x38, 0xff,
    0xc8, 0x94, 0x30, 0xff, 0xc8, 0x98, 0x30, 0xff, 0xc8, 0x94, 0x30, 0xff,
    0xc8, 0x98, 0x30, 0xff, 0xc8, 0x98, 0x30, 0xff, 0xc8, 0x98, 0x30, 0xff,
    0xc8, 0x98, 0x30, 0x6d, 0x00, 0x00, 0x00, 0x00, 0x00, 0x00, 0x00, 0x00,
    0x00, 0x00, 0x00, 0x00, 0x00, 0x00, 0x00, 0x00, 0xc8, 0x98, 0x30, 0xdf,
    0xc8, 0x94, 0x38, 0xff, 0xc8, 0x94, 0x30, 0xff, 0xc8, 0x98, 0x30, 0xff,
    0xc8, 0x94, 0x38, 0x9e, 0x00, 0x00, 0x00, 0x00, 0x00, 0x00, 0x00, 0x00,
    0x00, 0x00, 0x00, 0x00, 0x00, 0x00, 0x00, 0x00, 0xc8, 0x98, 0x30, 0x41,
    0xc8, 0x98, 0x30, 0xff, 0xc8, 0x98, 0x30, 0xff, 0xc8, 0x98, 0x30, 0xff,
    0xc8, 0x98, 0x30, 0xff, 0xc8, 0x94, 0x38, 0x71, 0x00, 0x00, 0x00, 0x00,
    0x00, 0x00, 0x00, 0x00, 0x00, 0x00, 0x00, 0x00, 0x00, 0x00, 0x00, 0x00,
    0x00, 0x00, 0x00, 0x00, 0x00, 0x00, 0x00, 0x00, 0x00, 0x00, 0x00, 0x00,
    0x00, 0x00, 0x00, 0x00, 0x00, 0x00, 0x00, 0x00, 0x00, 0x00, 0x00, 0x00,
    0x00, 0x00, 0x00, 0x00, 0x00, 0x00, 0x00, 0x00, 0x00, 0x00, 0x00, 0x00,
    0x00, 0x00, 0x00, 0x00, 0x00, 0x00, 0x00, 0x00, 0x00, 0x00, 0x00, 0x00,
    0x00, 0x00, 0x00, 0x00, 0x00, 0x00, 0x00, 0x00, 0x00, 0x00, 0x00, 0x00,
    0x00, 0x00, 0x00, 0x00, 0x00, 0x00, 0x00, 0x00, 0x00, 0x00, 0x00, 0x00,
    0x00, 0x00, 0x00, 0x00, 0x00, 0x00, 0x00, 0x00, 0x00, 0x00, 0x00, 0x00,
    0x00, 0x00, 0x00, 0x00, 0x00, 0x00, 0x00, 0x00, 0x00, 0x00, 0x00, 0x00,
    0x00, 0x00, 0x00, 0x00, 0x00, 0x00, 0x00, 0x00, 0x00, 0x00, 0x00, 0x00,
    0x00, 0x00, 0x00, 0x00, 0x00, 0x00, 0x00, 0x00, 0x00, 0x00, 0x00, 0x00,
    0x00, 0x00, 0x00, 0x00, 0x00, 0x00, 0x00, 0x00, 0x00, 0x00, 0x00, 0x00,
    0x00, 0x00, 0x00, 0x00, 0x00, 0x00, 0x00, 0x00, 0x00, 0x00, 0x00, 0x00,
    0x00, 0x00, 0x00, 0x00, 0x00, 0x00, 0x00, 0x00, 0x00, 0x00, 0x00, 0x00,
    0x00, 0x00, 0x00, 0x00, 0x00, 0x00, 0x00, 0x00, 0x00, 0x00, 0x00, 0x00,
    0x00, 0x00, 0x00, 0x00, 0x00, 0x00, 0x00, 0x00, 0x00, 0x00, 0x00, 0x00,
    0x00, 0x00, 0x00, 0x00, 0x00, 0x00, 0x00, 0x00, 0x00, 0x00, 0x00, 0x00,
    0x00, 0x00, 0x00, 0x00, 0x00, 0x00, 0x00, 0x00, 0x00, 0x00, 0x00, 0x00,
    0x00, 0x00, 0x00, 0x00, 0x00, 0x00, 0x00, 0x00, 0x00, 0x00, 0x00, 0x00,
    0x00, 0x00, 0x00, 0x00, 0x00, 0x00, 0x00, 0x00, 0x00, 0x00, 0x00, 0x00,
    0x00, 0x00, 0x00, 0x00, 0x00, 0x00, 0x00, 0x00, 0x00, 0x00, 0x00, 0x00,
    0x00, 0x00, 0x00, 0x00, 0xc8, 0x98, 0x30, 0x7d, 0xc8, 0x98, 0x30, 0xff,
    0xc8, 0x98, 0x30, 0xff, 0xc8, 0x98, 0x38, 0xff, 0xc8, 0x98, 0x30, 0xff,
    0xc8, 0x94, 0x30, 0xff, 0xc8, 0x98, 0x30, 0xff, 0xc8, 0x98, 0x38, 0xff,
    0xc8, 0x94, 0x30, 0xff, 0xc8, 0x98, 0x30, 0xff, 0xc8, 0x98, 0x38, 0xff,
    0xc8, 0x98, 0x30, 0xff, 0xc8, 0x98, 0x30, 0xff, 0xc8, 0x94, 0x30, 0xff,
    0xc8, 0x98, 0x30, 0xff, 0xc8, 0x98, 0x30, 0xff, 0xc8, 0x98, 0x30, 0xff,
    0xc8, 0x94, 0x30, 0xff, 0xc8, 0x98, 0x30, 0xff, 0xc8, 0x98, 0x30, 0xff,
    0xc8, 0x98, 0x30, 0xff, 0xc8, 0x94, 0x30, 0xff, 0xc8, 0x98, 0x38, 0xff,
    0xc8, 0x98, 0x30, 0xff, 0xc8, 0x94, 0x30, 0xff, 0xc8, 0x98, 0x38, 0xff,
    0xc8, 0x98, 0x30, 0xff, 0xc8, 0x98, 0x30, 0xff, 0xc8, 0x98, 0x38, 0xff,
    0xc8, 0x98, 0x30, 0xff, 0xc8, 0x98, 0x38, 0xff, 0xc8, 0x94, 0x30, 0xff,
    0xc8, 0x98, 0x30, 0xff, 0xc8, 0x98, 0x30, 0xff, 0xc8, 0x98, 0x30, 0xff,
    0xc8, 0x98, 0x38, 0xff, 0xc8, 0x94, 0x30, 0xff, 0xc8, 0x98, 0x30, 0xff,
    0xc8, 0x94, 0x38, 0xff, 0xc8, 0x98, 0x30, 0xff, 0xc8, 0x98, 0x30, 0xff,
    0xc8, 0x98, 0x30, 0xff, 0xc8, 0x98, 0x30, 0xff, 0xc8, 0x98, 0x38, 0xff,
    0xc8, 0x94, 0x30, 0xff, 0xc8, 0x98, 0x30, 0xff, 0xc8, 0x98, 0x38, 0xff,
    0xc8, 0x98, 0x30, 0xff, 0xc8, 0x98, 0x30, 0xff, 0xc8, 0x94, 0x38, 0xff,
    0xc8, 0x98, 0x30, 0xff, 0xc8, 0x94, 0x38, 0xff, 0xc8, 0x98, 0x30, 0x82,
    0x00, 0x00, 0x00, 0x00, 0x00, 0x00, 0x00, 0x00, 0x00, 0x00, 0x00, 0x00,
    0x00, 0x00, 0x00, 0x00, 0xc8, 0x94, 0x30, 0x71, 0xc8, 0x98, 0x30, 0xff,
    0xc8, 0x98, 0x38, 0xff, 0xc8, 0x98, 0x30, 0xff, 0xc8, 0x98, 0x30, 0xff,
    0xc8, 0x98, 0x30, 0x20, 0x00, 0x00, 0x00, 0x00, 0x00, 0x00, 0x00, 0x00,
    0x00, 0x00, 0x00, 0x00, 0x00, 0x00, 0x00, 0x00, 0x00, 0x00, 0x00, 0x00,
    0xc8, 0x94, 0x30, 0xae, 0xc8, 0x94, 0x30, 0xff, 0xc8, 0x98, 0x38, 0xff,
    0xc8, 0x98, 0x30, 0xff, 0xc8, 0x94, 0x30, 0xef, 0xc8, 0x98, 0x30, 0x20,
    0x00, 0x00, 0x00, 0x00, 0x00, 0x00, 0x00, 0x00, 0x00, 0x00, 0x00, 0x00,
    0x00, 0x00, 0x00, 0x00, 0x00, 0x00, 0x00, 0x00, 0x00, 0x00, 0x00, 0x00,
    0x00, 0x00, 0x00, 0x00, 0x00, 0x00, 0x00, 0x00, 0x00, 0x00, 0x00, 0x00,
    0x00, 0x00, 0x00, 0x00, 0x00, 0x00, 0x00, 0x00, 0x00, 0x00, 0x00, 0x00,
    0x00, 0x00, 0x00, 0x00, 0x00, 0x00, 0x00, 0x00, 0x00, 0x00, 0x00, 0x00,
    0x00, 0x00, 0x00, 0x00, 0x00, 0x00, 0x00, 0x00, 0x00, 0x00, 0x00, 0x00,
    0x00, 0x00, 0x00, 0x00, 0x00, 0x00, 0x00, 0x00, 0x00, 0x00, 0x00, 0x00,
    0x00, 0x00, 0x00, 0x00, 0x00, 0x00, 0x00, 0x00, 0x00, 0x00, 0x00, 0x00,
    0x00, 0x00, 0x00, 0x00, 0x00, 0x00, 0x00, 0x00, 0x00, 0x00, 0x00, 0x00,
    0x00, 0x00, 0x00, 0x00, 0x00, 0x00, 0x00, 0x00, 0x00, 0x00, 0x00, 0x00,
    0x00, 0x00, 0x00, 0x00, 0x00, 0x00, 0x00, 0x00, 0x00, 0x00, 0x00, 0x00,
    0x00, 0x00, 0x00, 0x00, 0x00, 0x00, 0x00, 0x00, 0x00, 0x00, 0x00, 0x00,
    0x00, 0x00, 0x00, 0x00, 0x00, 0x00, 0x00, 0x00, 0x00, 0x00, 0x00, 0x00,
    0x00, 0x00, 0x00, 0x00, 0x00, 0x00, 0x00, 0x00, 0x00, 0x00, 0x00, 0x00,
    0x00, 0x00, 0x00, 0x00, 0x00, 0x00, 0x00, 0x00, 0x00, 0x00, 0x00, 0x00,
    0x00, 0x00, 0x00, 0x00, 0x00, 0x00, 0x00, 0x00, 0x00, 0x00, 0x00, 0x00,
    0x00, 0x00, 0x00, 0x00, 0x00, 0x00, 0x00, 0x00, 0x00, 0x00, 0x00, 0x00,
    0x00, 0x00, 0x00, 0x00, 0x00, 0x00, 0x00, 0x00, 0x00, 0x00, 0x00, 0x00,
    0x00, 0x00, 0x00, 0x00, 0x00, 0x00, 0x00, 0x00, 0x00, 0x00, 0x00, 0x00,
    0x00, 0x00, 0x00, 0x00, 0x00, 0x00, 0x00, 0x00, 0x00, 0x00, 0x00, 0x00,
    0x00, 0x00, 0x00, 0x00, 0x00, 0x00, 0x00, 0x00, 0x00, 0x00, 0x00, 0x00,
    0x00, 0x00, 0x00, 0x00, 0x00, 0x00, 0x00, 0x00, 0xc8, 0x98, 0x30, 0x82,
    0xc8, 0x98, 0x30, 0xff, 0xc8, 0x98, 0x30, 0xff, 0xc8, 0x94, 0x30, 0xff,
    0xc8, 0x98, 0x30, 0xff, 0xc8, 0x98, 0x30, 0xff, 0xc8, 0x98, 0x30, 0xff,
    0xc8, 0x94, 0x30, 0xff, 0xc8, 0x98, 0x30, 0xff, 0xc8, 0x98, 0x30, 0xff,
    0xc8, 0x94, 0x38, 0xff, 0xc8, 0x98, 0x30, 0xff, 0xc8, 0x98, 0x38, 0xff,
    0xc8, 0x98, 0x30, 0xff, 0xc8, 0x98, 0x38, 0xff, 0xc8, 0x98, 0x30, 0xff,
    0xc8, 0x98, 0x38, 0xff, 0xc8, 0x94, 0x38, 0xff, 0xc8, 0x98, 0x30, 0xff,
    0xc8, 0x98, 0x30, 0xff, 0xc8, 0x98, 0x38, 0xff, 0xc8, 0x98, 0x30, 0xff,
    0xc8, 0x94, 0x30, 0xff, 0xc8, 0x98, 0x38, 0xff, 0xc8, 0x98, 0x30, 0xff,
    0xc8, 0x94, 0x30, 0xff, 0xc8, 0x94, 0x30, 0xff, 0xc8, 0x98, 0x30, 0xff,
    0xc8, 0x98, 0x38, 0xff, 0xc8, 0x94, 0x30, 0xff, 0xc8, 0x98, 0x30, 0xff,
    0xc8, 0x98, 0x38, 0xff, 0xc8, 0x98, 0x30, 0xff, 0xc8, 0x98, 0x30, 0xff,
    0xc8, 0x94, 0x30, 0xff, 0xc8, 0x98, 0x30, 0xff, 0xc8, 0x98, 0x30, 0xff,
    0xc8, 0x98, 0x38, 0xff, 0xc8, 0x94, 0x30, 0xff, 0xc8, 0x98, 0x30, 0xff,
    0xc8, 0x94, 0x38, 0xff, 0xc8, 0x98, 0x30, 0xff, 0xc8, 0x98, 0x30, 0xff,
    0xc8, 0x98, 0x30, 0xff, 0xc8, 0x94, 0x30, 0xff, 0xc8, 0x98, 0x30, 0xff,
    0xc8, 0x98, 0x30, 0xff, 0xc8, 0x98, 0x38, 0xff, 0xc8, 0x98, 0x30, 0xff,
    0xc8, 0x98, 0x30, 0xff, 0xc8, 0x98, 0x30, 0x7d, 0x00, 0x00, 0x00, 0x00,
    0x00, 0x00, 0x00, 0x00, 0x00, 0x00, 0x00, 0x00, 0x00, 0x00, 0x00, 0x00,
    0xc8, 0x98, 0x30, 0x20, 0xc8, 0x94, 0x38, 0xef, 0xc8, 0x98, 0x30, 0xff,
    0xc8, 0x98, 0x30, 0xff, 0xc8, 0x98, 0x30, 0xff, 0xc8, 0x94, 0x38, 0x9e,
    0x00, 0x00, 0x00, 0x00, 0x00, 0x00, 0x00, 0x00, 0x00, 0x00, 0x00, 0x00,
    0x00, 0x00, 0x00, 0x00, 0x00, 0x00, 0x00, 0x00, 0x00, 0x00, 0x00, 0x00,
    0xc8, 0x98, 0x30, 0x20, 0xc8, 0x94, 0x30, 0xef, 0xc8, 0x98, 0x38, 0xff,
    0xc8, 0x98, 0x30, 0xff, 0xc8, 0x98, 0x30, 0xff, 0xc8, 0x98, 0x30, 0xdf,
    0xd0, 0xa0, 0x30, 0x10, 0x00, 0x00, 0x00, 0x00, 0x00, 0x00, 0x00, 0x00,
    0x00, 0x00, 0x00, 0x00, 0x00, 0x00, 0x00, 0x00, 0x00, 0x00, 0x00, 0x00,
    0x00, 0x00, 0x00, 0x00, 0x00, 0x00, 0x00, 0x00, 0x00, 0x00, 0x00, 0x00,
    0x00, 0x00, 0x00, 0x00, 0x00, 0x00, 0x00, 0x00, 0x00, 0x00, 0x00, 0x00,
    0x00, 0x00, 0x00, 0x00, 0x00, 0x00, 0x00, 0x00, 0x00, 0x00, 0x00, 0x00,
    0x00, 0x00, 0x00, 0x00, 0x00, 0x00, 0x00, 0x00, 0x00, 0x00, 0x00, 0x00,
    0x00, 0x00, 0x00, 0x00, 0x00, 0x00, 0x00, 0x00, 0x00, 0x00, 0x00, 0x00,
    0x00, 0x00, 0x00, 0x00, 0x00, 0x00, 0x00, 0x00, 0x00, 0x00, 0x00, 0x00,
    0x00, 0x00, 0x00, 0x00, 0x00, 0x00, 0x00, 0x00, 0x00, 0x00, 0x00, 0x00,
    0x00, 0x00, 0x00, 0x00, 0x00, 0x00, 0x00, 0x00, 0x00, 0x00, 0x00, 0x00,
    0x00, 0x00, 0x00, 0x00, 0x00, 0x00, 0x00, 0x00, 0x00, 0x00, 0x00, 0x00,
    0x00, 0x00, 0x00, 0x00, 0x00, 0x00, 0x00, 0x00, 0x00, 0x00, 0x00, 0x00,
    0x00, 0x00, 0x00, 0x00, 0x00, 0x00, 0x00, 0x00, 0x00, 0x00, 0x00, 0x00,
    0x00, 0x00, 0x00, 0x00, 0x00, 0x00, 0x00, 0x00, 0x00, 0x00, 0x00, 0x00,
    0x00, 0x00, 0x00, 0x00, 0x00, 0x00, 0x00, 0x00, 0x00, 0x00, 0x00, 0x00,
    0x00, 0x00, 0x00, 0x00, 0x00, 0x00, 0x00, 0x00, 0x00, 0x00, 0x00, 0x00,
    0x00, 0x00, 0x00, 0x00, 0x00, 0x00, 0x00, 0x00, 0x00, 0x00, 0x00, 0x00,
    0x00, 0x00, 0x00, 0x00, 0x00, 0x00, 0x00, 0x00, 0x00, 0x00, 0x00, 0x00,
    0x00, 0x00, 0x00, 0x00, 0x00, 0x00, 0x00, 0x00, 0x00, 0x00, 0x00, 0x00,
    0x00, 0x00, 0x00, 0x00, 0x00, 0x00, 0x00, 0x00, 0x00, 0x00, 0x00, 0x00,
    0x00, 0x00, 0x00, 0x00, 0x00, 0x00, 0x00, 0x00, 0x00, 0x00, 0x00, 0x00,
    0x00, 0x00, 0x00, 0x00, 0x00, 0x00, 0x00, 0x00, 0x00, 0x00, 0x00, 0x00,
    0xc8, 0x94, 0x30, 0x71, 0xc8, 0x94, 0x38, 0xef, 0xc8, 0x98, 0x30, 0xff,
    0xc8, 0x98, 0x38, 0xff, 0xc8, 0x98, 0x38, 0xff, 0xc8, 0x98, 0x30, 0xff,
    0xc8, 0x98, 0x38, 0xff, 0xc8, 0x98, 0x30, 0xff, 0xc8, 0x94, 0x30, 0xff,
    0xc8, 0x98, 0x30, 0xff, 0xc8, 0x98, 0x30, 0xff, 0xc8, 0x94, 0x30, 0xff,
    0xc8, 0x98, 0x38, 0xff, 0xc8, 0x94, 0x30, 0xff, 0xc8, 0x98, 0x30, 0xff,
    0xc8, 0x98, 0x30, 0xff, 0xc8, 0x98, 0x30, 0xff, 0xc8, 0x94, 0x30, 0xff,
    0xc8, 0x98, 0x38, 0xff, 0xc8, 0x98, 0x30, 0xff, 0xc8, 0x94, 0x30, 0xff,
    0xc8, 0x98, 0x30, 0xff, 0xc8, 0x98, 0x30, 0xff, 0xc8, 0x98, 0x30, 0xff,
    0xc8, 0x98, 0x38, 0xff, 0xc8, 0x98, 0x30, 0xff, 0xc8, 0x98, 0x30, 0xff,
    0xc8, 0x94, 0x30, 0xff, 0xc8, 0x98, 0x30, 0xff, 0xc8, 0x98, 0x30, 0xff,
    0xc8, 0x94, 0x38, 0xff, 0xc8, 0x98, 0x30, 0xff, 0xc8, 0x98, 0x30, 0xff,
    0xc8, 0x94, 0x38, 0xff, 0xc8, 0x98, 0x30, 0xff, 0xc8, 0x98, 0x30, 0xff,
    0xc8, 0x98, 0x30, 0xff, 0xc8, 0x98, 0x30, 0xff, 0xc8, 0x98, 0x38, 0xff,
    0xc8, 0x94, 0x30, 0xff, 0xc8, 0x98, 0x30, 0xff, 0xc8, 0x98, 0x38, 0xff,
    0xc8, 0x98, 0x30, 0xff, 0xc8, 0x94, 0x38, 0xff, 0xc8, 0x98, 0x30, 0xff,
    0xc8, 0x94, 0x30, 0xff, 0xc8, 0x94, 0x30, 0xff, 0xc8, 0x94, 0x30, 0xef,
    0xc8, 0x98, 0x30, 0x6d, 0x00, 0x00, 0x00, 0x00, 0x00, 0x00, 0x00, 0x00,
    0x00, 0x00, 0x00, 0x00, 0x00, 0x00, 0x00, 0x00, 0xc8, 0x98, 0x30, 0x20,
    0xc8, 0x98, 0x30, 0xdf, 0xc8, 0x98, 0x30, 0xff, 0xc8, 0x98, 0x38, 0xff,
    0xc8, 0x94, 0x30, 0xff, 0xc8, 0x98, 0x30, 0xdf, 0xc8, 0x98, 0x30, 0x20,
    0x00, 0x00, 0x00, 0x00, 0x00, 0x00, 0x00, 0x00, 0x00, 0x00, 0x00, 0x00,
    0x00, 0x00, 0x00, 0x00, 0x00, 0x00, 0x00, 0x00, 0x00, 0x00, 0x00, 0x00,
    0x00, 0x00, 0x00, 0x00, 0xc8, 0x94, 0x30, 0x71, 0xc8, 0x98, 0x30, 0xff,
    0xc8, 0x98, 0x30, 0xff, 0xc8, 0x94, 0x38, 0xff, 0xc8, 0x98, 0x30, 0xff,
    0xc8, 0x98, 0x30, 0xcf, 0xd0, 0xa0, 0x30, 0x10, 0x00, 0x00, 0x00, 0x00,
    0x00, 0x00, 0x00, 0x00, 0x00, 0x00, 0x00, 0x00, 0x00, 0x00, 0x00, 0x00,
    0x00, 0x00, 0x00, 0x00, 0x00, 0x00, 0x00, 0x00, 0x00, 0x00, 0x00, 0x00,
    0x00, 0x00, 0x00, 0x00, 0x00, 0x00, 0x00, 0x00, 0x00, 0x00, 0x00, 0x00,
    0x00, 0x00, 0x00, 0x00, 0x00, 0x00, 0x00, 0x00, 0x00, 0x00, 0x00, 0x00,
    0x00, 0x00, 0x00, 0x00, 0x00, 0x00, 0x00, 0x00, 0x00, 0x00, 0x00, 0x00,
    0x00, 0x00, 0x00, 0x00, 0x00, 0x00, 0x00, 0x00, 0x00, 0x00, 0x00, 0x00,
    0x00, 0x00, 0x00, 0x00, 0x00, 0x00, 0x00, 0x00, 0x00, 0x00, 0x00, 0x00,
    0x00, 0x00, 0x00, 0x00, 0x00, 0x00, 0x00, 0x00, 0x00, 0x00, 0x00, 0x00,
    0x00, 0x00, 0x00, 0x00, 0x00, 0x00, 0x00, 0x00, 0x00, 0x00, 0x00, 0x00,
    0x00, 0x00, 0x00, 0x00, 0x00, 0x00, 0x00, 0x00, 0x00, 0x00, 0x00, 0x00,
    0x00, 0x00, 0x00, 0x00, 0x00, 0x00, 0x00, 0x00, 0x00, 0x00, 0x00, 0x00,
    0x00, 0x00, 0x00, 0x00, 0x00, 0x00, 0x00, 0x00, 0x00, 0x00, 0x00, 0x00,
    0x00, 0x00, 0x00, 0x00, 0x00, 0x00, 0x00, 0x00, 0x00, 0x00, 0x00, 0x00,
    0x00, 0x00, 0x00, 0x00, 0x00, 0x00, 0x00, 0x00, 0x00, 0x00, 0x00, 0x00,
    0x00, 0x00, 0x00, 0x00, 0x00, 0x00, 0x00, 0x00, 0x00, 0x00, 0x00, 0x00,
    0x00, 0x00, 0x00, 0x00, 0x00, 0x00, 0x00, 0x00, 0x00, 0x00, 0x00, 0x00,
    0x00, 0x00, 0x00, 0x00, 0x00, 0x00, 0x00, 0x00, 0x00, 0x00, 0x00, 0x00,
    0x00, 0x00, 0x00, 0x00, 0x00, 0x00, 0x00, 0x00, 0x00, 0x00, 0x00, 0x00,
    0x00, 0x00, 0x00, 0x00, 0x00, 0x00, 0x00, 0x00, 0x00, 0x00, 0x00, 0x00,
    0x00, 0x00, 0x00, 0x00, 0x00, 0x00, 0x00, 0x00, 0x00, 0x00, 0x00, 0x00,
    0x00, 0x00, 0x00, 0x00, 0x00, 0x00, 0x00, 0x00, 0x00, 0x00, 0x00, 0x00,
    0x00, 0x00, 0x00, 0x00, 0xc8, 0x98, 0x30, 0x20, 0xc8, 0x98, 0x30, 0xae,
    0xc8, 0x98, 0x30, 0xff, 0xc8, 0x94, 0x30, 0xff, 0xc8, 0x94, 0x30, 0xff,
    0xc8, 0x98, 0x30, 0xff, 0xc8, 0x98, 0x38, 0xff, 0xc8, 0x98, 0x30, 0xff,
    0xc8, 0x98, 0x30, 0xff, 0xc8, 0x98, 0x38, 0xff, 0xc8, 0x98, 0x30, 0xff,
    0xc8, 0x94, 0x30, 0xff, 0xc8, 0x98, 0x30, 0xff, 0xc8, 0x98, 0x30, 0xff,
    0xc8, 0x94, 0x30, 0xff, 0xc8, 0x98, 0x30, 0xff, 0xc8, 0x98, 0x38, 0xff,
    0xc8, 0x98, 0x30, 0xff, 0xc8, 0x94, 0x30, 0xff, 0xc8, 0x98, 0x38, 0xff,
    0xc8, 0x98, 0x30, 0xff, 0xc8, 0x98, 0x30, 0xff, 0xc8, 0x94, 0x38, 0xff,
    0xc8, 0x98, 0x30, 0xff, 0xc8, 0x98, 0x30, 0xff, 0xc8, 0x98, 0x38, 0xff,
    0xc8, 0x98, 0x30, 0xff, 0xc8, 0x98, 0x30, 0xff, 0xc8, 0x98, 0x38, 0xff,
    0xc8, 0x94, 0x30, 0xff, 0xc8, 0x98, 0x30, 0xff, 0xc8, 0x98, 0x38, 0xff,
    0xc8, 0x98, 0x30, 0xff, 0xc8, 0x98, 0x38, 0xff, 0xc8, 0x94, 0x30, 0xff,
    0xc8, 0x94, 0x30, 0xff, 0xc8, 0x98, 0x38, 0xff, 0xc8, 0x98, 0x30, 0xff,
    0xc8, 0x98, 0x30, 0xff, 0xc8, 0x94, 0x30, 0xff, 0xc8, 0x98, 0x30, 0xff,
    0xc8, 0x98, 0x38, 0xff, 0xc8, 0x98, 0x30, 0xff, 0xc8, 0x98, 0x30, 0xff,
    0xc8, 0x98, 0x38, 0xff, 0xc8, 0x98, 0x30, 0xbe, 0xc8, 0x98, 0x30, 0x20,
    0x00, 0x00, 0x00, 0x00, 0x00, 0x00, 0x00, 0x00, 0x00, 0x00, 0x00, 0x00,
    0x00, 0x00, 0x00, 0x00, 0xd0, 0xa0, 0x30, 0x10, 0xc8, 0x94, 0x30, 0xcf,
    0xc8, 0x98, 0x30, 0xff, 0xc8, 0x98, 0x30, 0xff, 0xc8, 0x98, 0x30, 0xff,
    0xc8, 0x98, 0x30, 0xff, 0xc8, 0x94, 0x30, 0x5d, 0x00, 0x00, 0x00, 0x00,
    0x00, 0x00, 0x00, 0x00, 0x00, 0x00, 0x00, 0x00, 0x00, 0x00, 0x00, 0x00,
    0x00, 0x00, 0x00, 0x00, 0x00, 0x00, 0x00, 0x00, 0x00, 0x00, 0x00, 0x00,
    0x00, 0x00, 0x00, 0x00, 0x00, 0x00, 0x00, 0x00, 0xc8, 0x98, 0x30, 0x8e,
    0xc8, 0x98, 0x30, 0xff, 0xc8, 0x98, 0x38, 0xff, 0xc8, 0x94, 0x30, 0xff,
    0xc8, 0x98, 0x30, 0xff, 0xc8, 0x94, 0x30, 0xcf, 0xc8, 0x98, 0x30, 0x20,
    0x00, 0x00, 0x00, 0x00, 0x00, 0x00, 0x00, 0x00, 0x00, 0x00, 0x00, 0x00,
    0x00, 0x00, 0x00, 0x00, 0x00, 0x00, 0x00, 0x00, 0x00, 0x00, 0x00, 0x00,
    0x00, 0x00, 0x00, 0x00, 0x00, 0x00, 0x00, 0x00, 0x00, 0x00, 0x00, 0x00,
    0x00, 0x00, 0x00, 0x00, 0x00, 0x00, 0x00, 0x00, 0x00, 0x00, 0x00, 0x00,
    0x00, 0x00, 0x00, 0x00, 0x00, 0x00, 0x00, 0x00, 0x00, 0x00, 0x00, 0x00,
    0x00, 0x00, 0x00, 0x00, 0x00, 0x00, 0x00, 0x00, 0x00, 0x00, 0x00, 0x00,
    0x00, 0x00, 0x00, 0x00, 0x00, 0x00, 0x00, 0x00, 0x00, 0x00, 0x00, 0x00,
    0x00, 0x00, 0x00, 0x00, 0x00, 0x00, 0x00, 0x00, 0x00, 0x00, 0x00, 0x00,
    0x00, 0x00, 0x00, 0x00, 0x00, 0x00, 0x00, 0x00, 0x00, 0x00, 0x00, 0x00,
    0x00, 0x00, 0x00, 0x00, 0x00, 0x00, 0x00, 0x00, 0x00, 0x00, 0x00, 0x00,
    0x00, 0x00, 0x00, 0x00, 0x00, 0x00, 0x00, 0x00, 0x00, 0x00, 0x00, 0x00,
    0x00, 0x00, 0x00, 0x00, 0x00, 0x00, 0x00, 0x00, 0x00, 0x00, 0x00, 0x00,
    0x00, 0x00, 0x00, 0x00, 0x00, 0x00, 0x00, 0x00, 0x00, 0x00, 0x00, 0x00,
    0x00, 0x00, 0x00, 0x00, 0x00, 0x00, 0x00, 0x00, 0x00, 0x00, 0x00, 0x00,
    0x00, 0x00, 0x00, 0x00, 0x00, 0x00, 0x00, 0x00, 0x00, 0x00, 0x00, 0x00,
    0x00, 0x00, 0x00, 0x00, 0x00, 0x00, 0x00, 0x00, 0x00, 0x00, 0x00, 0x00,
    0x00, 0x00, 0x00, 0x00, 0x00, 0x00, 0x00, 0x00, 0x00, 0x00, 0x00, 0x00,
    0x00, 0x00, 0x00, 0x00, 0x00, 0x00, 0x00, 0x00, 0x00, 0x00, 0x00, 0x00,
    0x00, 0x00, 0x00, 0x00, 0x00, 0x00, 0x00, 0x00, 0x00, 0x00, 0x00, 0x00,
    0x00, 0x00, 0x00, 0x00, 0x00, 0x00, 0x00, 0x00, 0x00, 0x00, 0x00, 0x00,
    0x00, 0x00, 0x00, 0x00, 0x00, 0x00, 0x00, 0x00, 0x00, 0x00, 0x00, 0x00,
    0x00, 0x00, 0x00, 0x00, 0x00, 0x00, 0x00, 0x00, 0x00, 0x00, 0x00, 0x00,
    0xc8, 0x98, 0x30, 0x41, 0xc8, 0x94, 0x30, 0xae, 0xc8, 0x98, 0x30, 0xff,
    0xc8, 0x98, 0x30, 0xff, 0xc8, 0x94, 0x38, 0xff, 0xc8, 0x98, 0x30, 0xff,
    0xc8, 0x94, 0x30, 0xff, 0xc8, 0x98, 0x38, 0xff, 0xc8, 0x98, 0x30, 0xff,
    0xc8, 0x98, 0x30, 0xff, 0xc8, 0x98, 0x38, 0xff, 0xc8, 0x98, 0x38, 0xff,
    0xc8, 0x94, 0x30, 0xff, 0xc8, 0x98, 0x30, 0xff, 0xc8, 0x98, 0x30, 0xff,
    0xc8, 0x98, 0x30, 0xff, 0xc8, 0x98, 0x30, 0xff, 0xc8, 0x98, 0x38, 0xff,
    0xc8, 0x98, 0x30, 0xff, 0xc8, 0x94, 0x30, 0xff, 0xc8, 0x98, 0x30, 0xff,
    0xc8, 0x98, 0x30, 0xff, 0xc8, 0x94, 0x30, 0xff, 0xc8, 0x94, 0x38, 0xff,
    0xc8, 0x98, 0x30, 0xff, 0xc8, 0x98, 0x30, 0xff, 0xc8, 0x98, 0x30, 0xff,
    0xc8, 0x98, 0x30, 0xff, 0xc8, 0x94, 0x30, 0xff, 0xc8, 0x98, 0x30, 0xff,
    0xc8, 0x98, 0x30, 0xff, 0xc8, 0x98, 0x30, 0xff, 0xc8, 0x98, 0x38, 0xff,
    0xc8, 0x98, 0x30, 0xff, 0xc8, 0x98, 0x30, 0xff, 0xc8, 0x94, 0x30, 0xff,
    0xc8, 0x98, 0x38, 0xff, 0xc8, 0x98, 0x30, 0xff, 0xc8, 0x94, 0x30, 0xff,
    0xc8, 0x98, 0x30, 0xff, 0xc8, 0x98, 0x30, 0xff, 0xc8, 0x94, 0x30, 0xbe,
    0xc8, 0x94, 0x30, 0x41, 0x00, 0x00, 0x00, 0x00, 0x00, 0x00, 0x00, 0x00,
    0x00, 0x00, 0x00, 0x00, 0x00, 0x00, 0x00, 0x00, 0x00, 0x00, 0x00, 0x00,
    0xd0, 0xa0, 0x30, 0x10, 0xc8, 0x98, 0x38, 0xcf, 0xc8, 0x94, 0x30, 0xff,
    0xc8, 0x98, 0x38, 0xff, 0xc8, 0x94, 0x38, 0xff, 0xc8, 0x98, 0x30, 0xff,
    0xc8, 0x98, 0x30, 0x8e, 0x00, 0x00, 0x00, 0x00, 0x00, 0x00, 0x00, 0x00,
    0x00, 0x00, 0x00, 0x00, 0x00, 0x00, 0x00, 0x00, 0x00, 0x00, 0x00, 0x00,
    0x00, 0x00, 0x00, 0x00, 0x00, 0x00, 0x00, 0x00, 0x00, 0x00, 0x00, 0x00,
    0x00, 0x00, 0x00, 0x00, 0x00, 0x00, 0x00, 0x00, 0x00, 0x00, 0x00, 0x00,
    0xc8, 0x98, 0x30, 0xcf, 0xc8, 0x98, 0x30, 0xff, 0xc8, 0x98, 0x38, 0xff,
    0xc8, 0x98, 0x30, 0xff, 0xc8, 0x98, 0x38, 0xff, 0xc8, 0x94, 0x30, 0xdf,
    0xc8, 0x98, 0x30, 0x20, 0x00, 0x00, 0x00, 0x00, 0x00, 0x00, 0x00, 0x00,
    0x00, 0x00, 0x00, 0x00, 0x00, 0x00, 0x00, 0x00, 0x00, 0x00, 0x00, 0x00,
    0x00, 0x00, 0x00, 0x00, 0x00, 0x00, 0x00, 0x00, 0x00, 0x00, 0x00, 0x00,
    0x00, 0x00, 0x00, 0x00, 0x00, 0x00, 0x00, 0x00, 0x00, 0x00, 0x00, 0x00,
    0x00, 0x00, 0x00, 0x00, 0x00, 0x00, 0x00, 0x00, 0x00, 0x00, 0x00, 0x00,
    0x00, 0x00, 0x00, 0x00, 0x00, 0x00, 0x00, 0x00, 0x00, 0x00, 0x00, 0x00,
    0x00, 0x00, 0x00, 0x00, 0x00, 0x00, 0x00, 0x00, 0x00, 0x00, 0x00, 0x00,
    0x00, 0x00, 0x00, 0x00, 0x00, 0x00, 0x00, 0x00, 0x00, 0x00, 0x00, 0x00,
    0x00, 0x00, 0x00, 0x00, 0x00, 0x00, 0x00, 0x00, 0x00, 0x00, 0x00, 0x00,
    0x00, 0x00, 0x00, 0x00, 0x00, 0x00, 0x00, 0x00, 0x00, 0x00, 0x00, 0x00,
    0x00, 0x00, 0x00, 0x00, 0x00, 0x00, 0x00, 0x00, 0x00, 0x00, 0x00, 0x00,
    0x00, 0x00, 0x00, 0x00, 0x00, 0x00, 0x00, 0x00, 0x00, 0x00, 0x00, 0x00,
    0x00, 0x00, 0x00, 0x00, 0x00, 0x00, 0x00, 0x00, 0x00, 0x00, 0x00, 0x00,
    0x00, 0x00, 0x00, 0x00, 0x00, 0x00, 0x00, 0x00, 0x00, 0x00, 0x00, 0x00,
    0x00, 0x00, 0x00, 0x00, 0x00, 0x00, 0x00, 0x00, 0x00, 0x00, 0x00, 0x00,
    0x00, 0x00, 0x00, 0x00, 0x00, 0x00, 0x00, 0x00, 0x00, 0x00, 0x00, 0x00,
    0x00, 0x00, 0x00, 0x00, 0x00, 0x00, 0x00, 0x00, 0x00, 0x00, 0x00, 0x00,
    0x00, 0x00, 0x00, 0x00, 0x00, 0x00, 0x00, 0x00, 0x00, 0x00, 0x00, 0x00,
    0x00, 0x00, 0x00, 0x00, 0x00, 0x00, 0x00, 0x00, 0x00, 0x00, 0x00, 0x00,
    0x00, 0x00, 0x00, 0x00, 0x00, 0x00, 0x00, 0x00, 0x00, 0x00, 0x00, 0x00,
    0x00, 0x00, 0x00, 0x00, 0x00, 0x00, 0x00, 0x00, 0x00, 0x00, 0x00, 0x00,
    0x00, 0x00, 0x00, 0x00, 0x00, 0x00, 0x00, 0x00, 0x00, 0x00, 0x00, 0x00,
    0x00, 0x00, 0x00, 0x00, 0x00, 0x00, 0x00, 0x00, 0xc8, 0x98, 0x30, 0x20,
    0xc8, 0x94, 0x30, 0x61, 0xc8, 0x94, 0x30, 0xae, 0xc8, 0x98, 0x30, 0xcf,
    0xc8, 0x94, 0x30, 0xef, 0xc8, 0x98, 0x30, 0xff, 0xc8, 0x98, 0x30, 0xff,
    0xc8, 0x94, 0x30, 0xff, 0xc8, 0x98, 0x30, 0xff, 0xc8, 0x98, 0x30, 0xff,
    0xc8, 0x98, 0x38, 0xff, 0xc8, 0x94, 0x30, 0xff, 0xc8, 0x98, 0x38, 0xff,
    0xc8, 0x94, 0x30, 0xff, 0xc8, 0x98, 0x30, 0xff, 0xc8, 0x98, 0x30, 0xff,
    0xc8, 0x94, 0x30, 0xff, 0xc8, 0x98, 0x38, 0xff, 0xc8, 0x98, 0x30, 0xff,
    0xc8, 0x98, 0x30, 0xff, 0xc8, 0x98, 0x38, 0xff, 0xc8, 0x98, 0x30, 0xff,
    0xc8, 0x94, 0x30, 0xff, 0xc8, 0x98, 0x38, 0xff, 0xc8, 0x98, 0x30, 0xff,
    0xc8, 0x94, 0x38, 0xff, 0xc8, 0x98, 0x30, 0xff, 0xc8, 0x98, 0x30, 0xff,
    0xc8, 0x94, 0x38, 0xff, 0xc8, 0x98, 0x30, 0xff, 0xc8, 0x98, 0x30, 0xff,
    0xc8, 0x98, 0x30, 0xff, 0xc8, 0x94, 0x30, 0xff, 0xc8, 0x98, 0x38, 0xff,
    0xc8, 0x94, 0x30, 0xef, 0xc8, 0x98, 0x30, 0xcf, 0xc8, 0x98, 0x38, 0x9e,
    0xc8, 0x94, 0x30, 0x6d, 0xd0, 0xa0, 0x30, 0x10, 0x00, 0x00, 0x00, 0x00,
    0x00, 0x00, 0x00, 0x00, 0x00, 0x00, 0x00, 0x00, 0x00, 0x00, 0x00, 0x00,
    0x00, 0x00, 0x00, 0x00, 0x00, 0x00, 0x00, 0x00, 0xc8, 0x98, 0x30, 0x20,
    0xc8, 0x94, 0x30, 0xdf, 0xc8, 0x98, 0x30, 0xff, 0xc8, 0x98, 0x30, 0xff,
    0xc8, 0x98, 0x30, 0xff, 0xc8, 0x98, 0x30, 0xff, 0xc8, 0x94, 0x30, 0xcf,
    0x00, 0x00, 0x00, 0x00, 0x00, 0x00, 0x00, 0x00, 0x00, 0x00, 0x00, 0x00,
    0x00, 0x00, 0x00, 0x00, 0x00, 0x00, 0x00, 0x00, 0x00, 0x00, 0x00, 0x00,
    0x00, 0x00, 0x00, 0x00, 0x00, 0x00, 0x00, 0x00, 0x00, 0x00, 0x00, 0x00,
    0x00, 0x00, 0x00, 0x00, 0x00, 0x00, 0x00, 0x00, 0x00, 0x00, 0x00, 0x00,
    0xd0, 0x9c, 0x30, 0x10, 0xc8, 0x98, 0x30, 0xcf, 0xc8, 0x98, 0x30, 0xff,
    0xc8, 0x94, 0x30, 0xff, 0xc8, 0x98, 0x30, 0xff, 0xc8, 0x98, 0x38, 0xff,
    0xc8, 0x94, 0x30, 0xef, 0xc8, 0x94, 0x30, 0x71, 0x00, 0x00, 0x00, 0x00,
    0x00, 0x00, 0x00, 0x00, 0x00, 0x00, 0x00, 0x00, 0x00, 0x00, 0x00, 0x00,
    0x00, 0x00, 0x00, 0x00, 0x00, 0x00, 0x00, 0x00, 0x00, 0x00, 0x00, 0x00,
    0x00, 0x00, 0x00, 0x00, 0x00, 0x00, 0x00, 0x00, 0x00, 0x00, 0x00, 0x00,
    0x00, 0x00, 0x00, 0x00, 0x00, 0x00, 0x00, 0x00, 0x00, 0x00, 0x00, 0x00,
    0x00, 0x00, 0x00, 0x00, 0x00, 0x00, 0x00, 0x00, 0x00, 0x00, 0x00, 0x00,
    0x00, 0x00, 0x00, 0x00, 0x00, 0x00, 0x00, 0x00, 0x00, 0x00, 0x00, 0x00,
    0x00, 0x00, 0x00, 0x00, 0x00, 0x00, 0x00, 0x00, 0x00, 0x00, 0x00, 0x00,
    0x00, 0x00, 0x00, 0x00, 0x00, 0x00, 0x00, 0x00, 0x00, 0x00, 0x00, 0x00,
    0x00, 0x00, 0x00, 0x00, 0x00, 0x00, 0x00, 0x00, 0x00, 0x00, 0x00, 0x00,
    0x00, 0x00, 0x00, 0x00, 0x00, 0x00, 0x00, 0x00, 0x00, 0x00, 0x00, 0x00,
    0x00, 0x00, 0x00, 0x00, 0x00, 0x00, 0x00, 0x00, 0x00, 0x00, 0x00, 0x00,
    0x00, 0x00, 0x00, 0x00, 0x00, 0x00, 0x00, 0x00, 0x00, 0x00, 0x00, 0x00,
    0x00, 0x00, 0x00, 0x00, 0x00, 0x00, 0x00, 0x00, 0x00, 0x00, 0x00, 0x00,
    0x00, 0x00, 0x00, 0x00, 0x00, 0x00, 0x00, 0x00, 0x00, 0x00, 0x00, 0x00,
    0x00, 0x00, 0x00, 0x00, 0x00, 0x00, 0x00, 0x00, 0x00, 0x00, 0x00, 0x00,
    0x00, 0x00, 0x00, 0x00, 0x00, 0x00, 0x00, 0x00, 0x00, 0x00, 0x00, 0x00,
    0x00, 0x00, 0x00, 0x00, 0x00, 0x00, 0x00, 0x00, 0x00, 0x00, 0x00, 0x00,
    0x00, 0x00, 0x00, 0x00, 0x00, 0x00, 0x00, 0x00, 0x00, 0x00, 0x00, 0x00,
    0x00, 0x00, 0x00, 0x00, 0x00, 0x00, 0x00, 0x00, 0x00, 0x00, 0x00, 0x00,
    0x00, 0x00, 0x00, 0x00, 0x00, 0x00, 0x00, 0x00, 0x00, 0x00, 0x00, 0x00,
    0x00, 0x00, 0x00, 0x00, 0x00, 0x00, 0x00, 0x00, 0x00, 0x00, 0x00, 0x00,
    0x00, 0x00, 0x00, 0x00, 0x00, 0x00, 0x00, 0x00, 0x00, 0x00, 0x00, 0x00,
    0x00, 0x00, 0x00, 0x00, 0x00, 0x00, 0x00, 0x00, 0x00, 0x00, 0x00, 0x00,
    0x00, 0x00, 0x00, 0x00, 0x00, 0x00, 0x00, 0x00, 0x00, 0x00, 0x00, 0x00,
    0x00, 0x00, 0x00, 0x00, 0x00, 0x00, 0x00, 0x00, 0x00, 0x00, 0x00, 0x00,
    0x00, 0x00, 0x00, 0x00, 0x00, 0x00, 0x00, 0x00, 0x00, 0x00, 0x00, 0x00,
    0x00, 0x00, 0x00, 0x00, 0x00, 0x00, 0x00, 0x00, 0x00, 0x00, 0x00, 0x00,
    0x00, 0x00, 0x00, 0x00, 0x00, 0x00, 0x00, 0x00, 0x00, 0x00, 0x00, 0x00,
    0x00, 0x00, 0x00, 0x00, 0x00, 0x00, 0x00, 0x00, 0x00, 0x00, 0x00, 0x00,
    0x00, 0x00, 0x00, 0x00, 0x00, 0x00, 0x00, 0x00, 0x00, 0x00, 0x00, 0x00,
    0x00, 0x00, 0x00, 0x00, 0x00, 0x00, 0x00, 0x00, 0x00, 0x00, 0x00, 0x00,
    0x00, 0x00, 0x00, 0x00, 0x00, 0x00, 0x00, 0x00, 0x00, 0x00, 0x00, 0x00,
    0x00, 0x00, 0x00, 0x00, 0x00, 0x00, 0x00, 0x00, 0x00, 0x00, 0x00, 0x00,
    0x00, 0x00, 0x00, 0x00, 0x00, 0x00, 0x00, 0x00, 0x00, 0x00, 0x00, 0x00,
    0x00, 0x00, 0x00, 0x00, 0x00, 0x00, 0x00, 0x00, 0x00, 0x00, 0x00, 0x00,
    0x00, 0x00, 0x00, 0x00, 0x00, 0x00, 0x00, 0x00, 0x00, 0x00, 0x00, 0x00,
    0x00, 0x00, 0x00, 0x00, 0xc8, 0x94, 0x38, 0x71, 0xc8, 0x94, 0x30, 0xef,
    0xc8, 0x98, 0x30, 0xff, 0xc8, 0x98, 0x38, 0xff, 0xc8, 0x98, 0x30, 0xff,
    0xc8, 0x98, 0x30, 0xff, 0xc8, 0x98, 0x30, 0xcf, 0xd0, 0xa0, 0x30, 0x10,
    0x00, 0x00, 0x00, 0x00, 0x00, 0x00, 0x00, 0x00, 0x00, 0x00, 0x00, 0x00,
    0x00, 0x00, 0x00, 0x00, 0x00, 0x00, 0x00, 0x00, 0x00, 0x00, 0x00, 0x00,
    0x00, 0x00, 0x00, 0x00, 0x00, 0x00, 0x00, 0x00, 0x00, 0x00, 0x00, 0x00,
    0x00, 0x00, 0x00, 0x00, 0x00, 0x00, 0x00, 0x00, 0x00, 0x00, 0x00, 0x00,
    0x00, 0x00, 0x00, 0x00, 0xd0, 0xa0, 0x30, 0x10, 0xc8, 0x94, 0x30, 0xcf,
    0xc8, 0x98, 0x30, 0xff, 0xc8, 0x98, 0x30, 0xff, 0xc8, 0x98, 0x38, 0xff,
    0xc8, 0x98, 0x30, 0xff, 0xc8, 0x98, 0x30, 0xff, 0xc8, 0x98, 0x38, 0xdf,
    0xc8, 0x94, 0x38, 0x41, 0x00, 0x00, 0x00, 0x00, 0x00, 0x00, 0x00, 0x00,
    0x00, 0x00, 0x00, 0x00, 0x00, 0x00, 0x00, 0x00, 0x00, 0x00, 0x00, 0x00,
    0x00, 0x00, 0x00, 0x00, 0x00, 0x00, 0x00, 0x00, 0x00, 0x00, 0x00, 0x00,
    0x00, 0x00, 0x00, 0x00, 0x00, 0x00, 0x00, 0x00, 0x00, 0x00, 0x00, 0x00,
    0x00, 0x00, 0x00, 0x00, 0x00, 0x00, 0x00, 0x00, 0x00, 0x00, 0x00, 0x00,
    0x00, 0x00, 0x00, 0x00, 0x00, 0x00, 0x00, 0x00, 0x00, 0x00, 0x00, 0x00,
    0x00, 0x00, 0x00, 0x00, 0x00, 0x00, 0x00, 0x00, 0x00, 0x00, 0x00, 0x00,
    0x00, 0x00, 0x00, 0x00, 0x00, 0x00, 0x00, 0x00, 0x00, 0x00, 0x00, 0x00,
    0x00, 0x00, 0x00, 0x00, 0x00, 0x00, 0x00, 0x00, 0x00, 0x00, 0x00, 0x00,
    0x00, 0x00, 0x00, 0x00, 0x00, 0x00, 0x00, 0x00, 0x00, 0x00, 0x00, 0x00,
    0x00, 0x00, 0x00, 0x00, 0x00, 0x00, 0x00, 0x00, 0x00, 0x00, 0x00, 0x00,
    0x00, 0x00, 0x00, 0x00, 0x00, 0x00, 0x00, 0x00, 0x00, 0x00, 0x00, 0x00,
    0x00, 0x00, 0x00, 0x00, 0x00, 0x00, 0x00, 0x00, 0x00, 0x00, 0x00, 0x00,
    0x00, 0x00, 0x00, 0x00, 0x00, 0x00, 0x00, 0x00, 0x00, 0x00, 0x00, 0x00,
    0x00, 0x00, 0x00, 0x00, 0x00, 0x00, 0x00, 0x00, 0x00, 0x00, 0x00, 0x00,
    0x00, 0x00, 0x00, 0x00, 0x00, 0x00, 0x00, 0x00, 0x00, 0x00, 0x00, 0x00,
    0x00, 0x00, 0x00, 0x00, 0x00, 0x00, 0x00, 0x00, 0x00, 0x00, 0x00, 0x00,
    0x00, 0x00, 0x00, 0x00, 0x00, 0x00, 0x00, 0x00, 0x00, 0x00, 0x00, 0x00,
    0x00, 0x00, 0x00, 0x00, 0x00, 0x00, 0x00, 0x00, 0x00, 0x00, 0x00, 0x00,
    0x00, 0x00, 0x00, 0x00, 0x00, 0x00, 0x00, 0x00, 0x00, 0x00, 0x00, 0x00,
    0x00, 0x00, 0x00, 0x00, 0x00, 0x00, 0x00, 0x00, 0x00, 0x00, 0x00, 0x00,
    0x00, 0x00, 0x00, 0x00, 0x00, 0x00, 0x00, 0x00, 0x00, 0x00, 0x00, 0x00,
    0x00, 0x00, 0x00, 0x00, 0x00, 0x00, 0x00, 0x00, 0x00, 0x00, 0x00, 0x00,
    0x00, 0x00, 0x00, 0x00, 0x00, 0x00, 0x00, 0x00, 0x00, 0x00, 0x00, 0x00,
    0x00, 0x00, 0x00, 0x00, 0x00, 0x00, 0x00, 0x00, 0x00, 0x00, 0x00, 0x00,
    0x00, 0x00, 0x00, 0x00, 0x00, 0x00, 0x00, 0x00, 0x00, 0x00, 0x00, 0x00,
    0x00, 0x00, 0x00, 0x00, 0x00, 0x00, 0x00, 0x00, 0x00, 0x00, 0x00, 0x00,
    0x00, 0x00, 0x00, 0x00, 0x00, 0x00, 0x00, 0x00, 0x00, 0x00, 0x00, 0x00,
    0x00, 0x00, 0x00, 0x00, 0x00, 0x00, 0x00, 0x00, 0x00, 0x00, 0x00, 0x00,
    0x00, 0x00, 0x00, 0x00, 0x00, 0x00, 0x00, 0x00, 0x00, 0x00, 0x00, 0x00,
    0x00, 0x00, 0x00, 0x00, 0x00, 0x00, 0x00, 0x00, 0x00, 0x00, 0x00, 0x00,
    0x00, 0x00, 0x00, 0x00, 0x00, 0x00, 0x00, 0x00, 0x00, 0x00, 0x00, 0x00,
    0x00, 0x00, 0x00, 0x00, 0x00, 0x00, 0x00, 0x00, 0x00, 0x00, 0x00, 0x00,
    0x00, 0x00, 0x00, 0x00, 0x00, 0x00, 0x00, 0x00, 0x00, 0x00, 0x00, 0x00,
    0x00, 0x00, 0x00, 0x00, 0x00, 0x00, 0x00, 0x00, 0x00, 0x00, 0x00, 0x00,
    0x00, 0x00, 0x00, 0x00, 0x00, 0x00, 0x00, 0x00, 0xc8, 0x98, 0x38, 0x41,
    0xc8, 0x98, 0x30, 0xbe, 0xc8, 0x98, 0x30, 0xff, 0xc8, 0x98, 0x30, 0xff,
    0xc8, 0x98, 0x38, 0xff, 0xc8, 0x94, 0x30, 0xff, 0xc8, 0x94, 0x30, 0xff,
    0xc8, 0x98, 0x30, 0xcf, 0xd0, 0x9c, 0x30, 0x10, 0x00, 0x00, 0x00, 0x00,
    0x00, 0x00, 0x00, 0x00, 0x00, 0x00, 0x00, 0x00, 0x00, 0x00, 0x00, 0x00,
    0x00, 0x00, 0x00, 0x00, 0x00, 0x00, 0x00, 0x00, 0x00, 0x00, 0x00, 0x00,
    0x00, 0x00, 0x00, 0x00, 0x00, 0x00, 0x00, 0x00, 0x00, 0x00, 0x00, 0x00,
    0x00, 0x00, 0x00, 0x00, 0x00, 0x00, 0x00, 0x00, 0x00, 0x00, 0x00, 0x00,
    0x00, 0x00, 0x00, 0x00, 0x00, 0x00, 0x00, 0x00, 0x00, 0x00, 0x00, 0x00,
    0xc8, 0x98, 0x38, 0x8e, 0xc8, 0x98, 0x30, 0xff, 0xc8, 0x94, 0x30, 0xff,
    0xc8, 0x98, 0x30, 0xff, 0xc8, 0x98, 0x30, 0xff, 0xc8, 0x98, 0x30, 0xff,
    0xc8, 0x98, 0x30, 0xff, 0xc8, 0x98, 0x30, 0xcf, 0xc8, 0x98, 0x38, 0x5d,
    0xd0, 0xa0, 0x30, 0x10, 0x00, 0x00, 0x00, 0x00, 0x00, 0x00, 0x00, 0x00,
    0x00, 0x00, 0x00, 0x00, 0x00, 0x00, 0x00, 0x00, 0x00, 0x00, 0x00, 0x00,
    0x00, 0x00, 0x00, 0x00, 0x00, 0x00, 0x00, 0x00, 0x00, 0x00, 0x00, 0x00,
    0x00, 0x00, 0x00, 0x00, 0x00, 0x00, 0x00, 0x00, 0x00, 0x00, 0x00, 0x00,
    0x00, 0x00, 0x00, 0x00, 0x00, 0x00, 0x00, 0x00, 0x00, 0x00, 0x00, 0x00,
    0x00, 0x00, 0x00, 0x00, 0x00, 0x00, 0x00, 0x00, 0x00, 0x00, 0x00, 0x00,
    0x00, 0x00, 0x00, 0x00, 0x00, 0x00, 0x00, 0x00, 0x00, 0x00, 0x00, 0x00,
    0x00, 0x00, 0x00, 0x00, 0x00, 0x00, 0x00, 0x00, 0x00, 0x00, 0x00, 0x00,
    0x00, 0x00, 0x00, 0x00, 0x00, 0x00, 0x00, 0x00, 0x00, 0x00, 0x00, 0x00,
    0x00, 0x00, 0x00, 0x00, 0x00, 0x00, 0x00, 0x00, 0x00, 0x00, 0x00, 0x00,
    0x00, 0x00, 0x00, 0x00, 0x00, 0x00, 0x00, 0x00, 0x00, 0x00, 0x00, 0x00,
    0x00, 0x00, 0x00, 0x00, 0x00, 0x00, 0x00, 0x00, 0x00, 0x00, 0x00, 0x00,
    0x00, 0x00, 0x00, 0x00, 0x00, 0x00, 0x00, 0x00, 0x00, 0x00, 0x00, 0x00,
    0x00, 0x00, 0x00, 0x00, 0x00, 0x00, 0x00, 0x00, 0x00, 0x00, 0x00, 0x00,
    0x00, 0x00, 0x00, 0x00, 0x00, 0x00, 0x00, 0x00, 0x00, 0x00, 0x00, 0x00,
    0x00, 0x00, 0x00, 0x00, 0x00, 0x00, 0x00, 0x00, 0x00, 0x00, 0x00, 0x00,
    0x00, 0x00, 0x00, 0x00, 0x00, 0x00, 0x00, 0x00, 0x00, 0x00, 0x00, 0x00,
    0x00, 0x00, 0x00, 0x00, 0x00, 0x00, 0x00, 0x00, 0x00, 0x00, 0x00, 0x00,
    0x00, 0x00, 0x00, 0x00, 0x00, 0x00, 0x00, 0x00, 0x00, 0x00, 0x00, 0x00,
    0x00, 0x00, 0x00, 0x00, 0x00, 0x00, 0x00, 0x00, 0x00, 0x00, 0x00, 0x00,
    0x00, 0x00, 0x00, 0x00, 0x00, 0x00, 0x00, 0x00, 0x00, 0x00, 0x00, 0x00,
    0x00, 0x00, 0x00, 0x00, 0x00, 0x00, 0x00, 0x00, 0x00, 0x00, 0x00, 0x00,
    0x00, 0x00, 0x00, 0x00, 0x00, 0x00, 0x00, 0x00, 0x00, 0x00, 0x00, 0x00,
    0x00, 0x00, 0x00, 0x00, 0x00, 0x00, 0x00, 0x00, 0x00, 0x00, 0x00, 0x00,
    0x00, 0x00, 0x00, 0x00, 0x00, 0x00, 0x00, 0x00, 0x00, 0x00, 0x00, 0x00,
    0x00, 0x00, 0x00, 0x00, 0x00, 0x00, 0x00, 0x00, 0x00, 0x00, 0x00, 0x00,
    0x00, 0x00, 0x00, 0x00, 0x00, 0x00, 0x00, 0x00, 0x00, 0x00, 0x00, 0x00,
    0x00, 0x00, 0x00, 0x00, 0x00, 0x00, 0x00, 0x00, 0x00, 0x00, 0x00, 0x00,
    0x00, 0x00, 0x00, 0x00, 0x00, 0x00, 0x00, 0x00, 0x00, 0x00, 0x00, 0x00,
    0x00, 0x00, 0x00, 0x00, 0x00, 0x00, 0x00, 0x00, 0x00, 0x00, 0x00, 0x00,
    0x00, 0x00, 0x00, 0x00, 0x00, 0x00, 0x00, 0x00, 0x00, 0x00, 0x00, 0x00,
    0x00, 0x00, 0x00, 0x00, 0x00, 0x00, 0x00, 0x00, 0x00, 0x00, 0x00, 0x00,
    0x00, 0x00, 0x00, 0x00, 0x00, 0x00, 0x00, 0x00, 0x00, 0x00, 0x00, 0x00,
    0x00, 0x00, 0x00, 0x00, 0x00, 0x00, 0x00, 0x00, 0xd0, 0xa0, 0x30, 0x10,
    0xc8, 0x98, 0x30, 0x6d, 0xc8, 0x98, 0x38, 0xbe, 0xc8, 0x98, 0x30, 0xff,
    0xc8, 0x98, 0x30, 0xff, 0xc8, 0x98, 0x30, 0xff, 0xc8, 0x98, 0x38, 0xff,
    0xc8, 0x98, 0x30, 0xff, 0xc8, 0x98, 0x30, 0xff, 0xc8, 0x98, 0x30, 0x8e,
    0x00, 0x00, 0x00, 0x00, 0x00, 0x00, 0x00, 0x00, 0x00, 0x00, 0x00, 0x00,
    0x00, 0x00, 0x00, 0x00, 0x00, 0x00, 0x00, 0x00, 0x00, 0x00, 0x00, 0x00,
    0x00, 0x00, 0x00, 0x00, 0x00, 0x00, 0x00, 0x00, 0x00, 0x00, 0x00, 0x00,
    0x00, 0x00, 0x00, 0x00, 0x00, 0x00, 0x00, 0x00, 0x00, 0x00, 0x00, 0x00,
    0x00, 0x00, 0x00, 0x00, 0x00, 0x00, 0x00, 0x00, 0x00, 0x00, 0x00, 0x00,
    0x00, 0x00, 0x00, 0x00, 0x00, 0x00, 0x00, 0x00, 0x00, 0x00, 0x00, 0x00,
    0x00, 0x00, 0x00, 0x00, 0xc8, 0x94, 0x30, 0x61, 0xc8, 0x98, 0x30, 0xdf,
    0xc8, 0x98, 0x38, 0xff, 0xc8, 0x94, 0x30, 0xff, 0xc8, 0x94, 0x30, 0xff,
    0xc8, 0x98, 0x30, 0xff, 0xc8, 0x98, 0x30, 0xff, 0xc8, 0x94, 0x30, 0xff,
    0xc8, 0x98, 0x30, 0xff, 0xc8, 0x98, 0x38, 0xbe, 0xc8, 0x98, 0x30, 0x82,
    0xc8, 0x94, 0x38, 0x41, 0xc0, 0x94, 0x38, 0x30, 0xd0, 0xa0, 0x30, 0x10,
    0x00, 0x00, 0x00, 0x00, 0x00, 0x00, 0x00, 0x00, 0x00, 0x00, 0x00, 0x00,
    0x00, 0x00, 0x00, 0x00, 0x00, 0x00, 0x00, 0x00, 0x00, 0x00, 0x00, 0x00,
    0x00, 0x00, 0x00, 0x00, 0x00, 0x00, 0x00, 0x00, 0x00, 0x00, 0x00, 0x00,
    0x00, 0x00, 0x00, 0x00, 0x00, 0x00, 0x00, 0x00, 0x00, 0x00, 0x00, 0x00,
    0x00, 0x00, 0x00, 0x00, 0x00, 0x00, 0x00, 0x00, 0x00, 0x00, 0x00, 0x00,
    0x00, 0x00, 0x00, 0x00, 0x00, 0x00, 0x00, 0x00, 0x00, 0x00, 0x00, 0x00,
    0x00, 0x00, 0x00, 0x00, 0x00, 0x00, 0x00, 0x00, 0x00, 0x00, 0x00, 0x00,
    0x00, 0x00, 0x00, 0x00, 0x00, 0x00, 0x00, 0x00, 0x00, 0x00, 0x00, 0x00,
    0x00, 0x00, 0x00, 0x00, 0x00, 0x00, 0x00, 0x00, 0x00, 0x00, 0x00, 0x00,
    0x00, 0x00, 0x00, 0x00, 0x00, 0x00, 0x00, 0x00, 0x00, 0x00, 0x00, 0x00,
    0x00, 0x00, 0x00, 0x00, 0x00, 0x00, 0x00, 0x00, 0x00, 0x00, 0x00, 0x00,
    0x00, 0x00, 0x00, 0x00, 0x00, 0x00, 0x00, 0x00, 0x00, 0x00, 0x00, 0x00,
    0x00, 0x00, 0x00, 0x00, 0x00, 0x00, 0x00, 0x00, 0x00, 0x00, 0x00, 0x00,
    0x00, 0x00, 0x00, 0x00, 0x00, 0x00, 0x00, 0x00, 0x00, 0x00, 0x00, 0x00,
    0x00, 0x00, 0x00, 0x00, 0x00, 0x00, 0x00, 0x00, 0x00, 0x00, 0x00, 0x00,
    0x00, 0x00, 0x00, 0x00, 0x00, 0x00, 0x00, 0x00, 0x00, 0x00, 0x00, 0x00,
    0x00, 0x00, 0x00, 0x00, 0x00, 0x00, 0x00, 0x00, 0x00, 0x00, 0x00, 0x00,
    0x00, 0x00, 0x00, 0x00, 0x00, 0x00, 0x00, 0x00, 0x00, 0x00, 0x00, 0x00,
    0x00, 0x00, 0x00, 0x00, 0x00, 0x00, 0x00, 0x00, 0x00, 0x00, 0x00, 0x00,
    0x00, 0x00, 0x00, 0x00, 0x00, 0x00, 0x00, 0x00, 0x00, 0x00, 0x00, 0x00,
    0x00, 0x00, 0x00, 0x00, 0x00, 0x00, 0x00, 0x00, 0x00, 0x00, 0x00, 0x00,
    0x00, 0x00, 0x00, 0x00, 0x00, 0x00, 0x00, 0x00, 0x00, 0x00, 0x00, 0x00,
    0x00, 0x00, 0x00, 0x00, 0x00, 0x00, 0x00, 0x00, 0x00, 0x00, 0x00, 0x00,
    0x00, 0x00, 0x00, 0x00, 0x00, 0x00, 0x00, 0x00, 0x00, 0x00, 0x00, 0x00,
    0x00, 0x00, 0x00, 0x00, 0x00, 0x00, 0x00, 0x00, 0x00, 0x00, 0x00, 0x00,
    0x00, 0x00, 0x00, 0x00, 0x00, 0x00, 0x00, 0x00, 0x00, 0x00, 0x00, 0x00,
    0x00, 0x00, 0x00, 0x00, 0x00, 0x00, 0x00, 0x00, 0x00, 0x00, 0x00, 0x00,
    0x00, 0x00, 0x00, 0x00, 0x00, 0x00, 0x00, 0x00, 0x00, 0x00, 0x00, 0x00,
    0x00, 0x00, 0x00, 0x00, 0x00, 0x00, 0x00, 0x00, 0x00, 0x00, 0x00, 0x00,
    0x00, 0x00, 0x00, 0x00, 0x00, 0x00, 0x00, 0x00, 0x00, 0x00, 0x00, 0x00,
    0xd0, 0xa0, 0x30, 0x10, 0xc8, 0x98, 0x38, 0x20, 0xc8, 0x94, 0x38, 0x51,
    0xc8, 0x98, 0x30, 0x6d, 0xc8, 0x98, 0x38, 0xbe, 0xc8, 0x94, 0x30, 0xef,
    0xc8, 0x98, 0x30, 0xff, 0xc8, 0x98, 0x30, 0xff, 0xc8, 0x94, 0x30, 0xff,
    0xc8, 0x94, 0x38, 0xff, 0xc8, 0x98, 0x30, 0xff, 0xc8, 0x94, 0x30, 0xff,
    0xc8, 0x94, 0x30, 0xef, 0xc8, 0x98, 0x30, 0x71, 0x00, 0x00, 0x00, 0x00,
    0x00, 0x00, 0x00, 0x00, 0x00, 0x00, 0x00, 0x00, 0x00, 0x00, 0x00, 0x00,
    0x00, 0x00, 0x00, 0x00, 0x00, 0x00, 0x00, 0x00, 0x00, 0x00, 0x00, 0x00,
    0x00, 0x00, 0x00, 0x00, 0x00, 0x00, 0x00, 0x00, 0x00, 0x00, 0x00, 0x00,
    0x00, 0x00, 0x00, 0x00, 0x00, 0x00, 0x00, 0x00, 0x00, 0x00, 0x00, 0x00,
    0x00, 0x00, 0x00, 0x00, 0x00, 0x00, 0x00, 0x00, 0x00, 0x00, 0x00, 0x00,
    0x00, 0x00, 0x00, 0x00, 0x00, 0x00, 0x00, 0x00, 0x00, 0x00, 0x00, 0x00,
    0x00, 0x00, 0x00, 0x00, 0x00, 0x00, 0x00, 0x00, 0xc8, 0x98, 0x30, 0x20,
    0xc8, 0x98, 0x30, 0x9e, 0xc8, 0x98, 0x38, 0xff, 0xc8, 0x98, 0x38, 0xff,
    0xc8, 0x98, 0x30, 0xff, 0xc8, 0x94, 0x38, 0xff, 0xc8, 0x98, 0x30, 0xff,
    0xc8, 0x98, 0x30, 0xff, 0xc8, 0x94, 0x30, 0xff, 0xc8, 0x98, 0x30, 0xff,
    0xc8, 0x98, 0x30, 0xff, 0xc8, 0x94, 0x30, 0xff, 0xc8, 0x98, 0x30, 0xff,
    0xc8, 0x98, 0x30, 0xff, 0xc8, 0x98, 0x38, 0xff, 0xc8, 0x98, 0x30, 0xff,
    0xc8, 0x94, 0x30, 0xff, 0xc8, 0x98, 0x38, 0xff, 0xc8, 0x98, 0x30, 0xff,
    0xc8, 0x98, 0x30, 0xff, 0xc8, 0x94, 0x38, 0xff, 0xc8, 0x98, 0x30, 0xff,
    0xc8, 0x98, 0x30, 0xff, 0xc8, 0x98, 0x38, 0xff, 0xc8, 0x98, 0x30, 0xff,
    0xc8, 0x98, 0x30, 0xff, 0xc8, 0x98, 0x38, 0xff, 0xc8, 0x98, 0x30, 0xff,
    0xc8, 0x98, 0x30, 0xff, 0xc8, 0x98, 0x30, 0xff, 0xc8, 0x94, 0x30, 0xff,
    0xc8, 0x98, 0x38, 0xff, 0xc8, 0x98, 0x30, 0xff, 0xc8, 0x98, 0x30, 0xff,
    0xc8, 0x94, 0x30, 0xff, 0xc8, 0x98, 0x30, 0xff, 0xc8, 0x98, 0x30, 0xff,
    0xc8, 0x94, 0x30, 0xff, 0xc8, 0x98, 0x30, 0xff, 0xc8, 0x98, 0x30, 0xff,
    0xc8, 0x94, 0x30, 0xff, 0xc8, 0x98, 0x30, 0xff, 0xc8, 0x98, 0x30, 0xff,
    0xc8, 0x98, 0x30, 0xff, 0xc8, 0x94, 0x38, 0xff, 0xc8, 0x98, 0x30, 0xff,
    0xc8, 0x98, 0x30, 0xff, 0xc8, 0x98, 0x38, 0xff, 0xc8, 0x94, 0x30, 0xff,
    0xc8, 0x98, 0x30, 0xff, 0xc8, 0x98, 0x38, 0xff, 0xc8, 0x98, 0x30, 0xff,
    0xc8, 0x94, 0x38, 0xff, 0xc8, 0x98, 0x30, 0xff, 0xc8, 0x98, 0x30, 0xff,
    0xc8, 0x98, 0x38, 0xff, 0xc8, 0x94, 0x30, 0xff, 0xc8, 0x98, 0x30, 0xff,
    0xc8, 0x98, 0x38, 0xff, 0xc8, 0x98, 0x30, 0xff, 0xc8, 0x94, 0x30, 0xff,
    0xc8, 0x98, 0x38, 0xff, 0xc8, 0x98, 0x30, 0xff, 0xc8, 0x98, 0x30, 0xff,
    0xc8, 0x98, 0x38, 0xff, 0xc8, 0x98, 0x30, 0xff, 0xc8, 0x98, 0x30, 0xff,
    0xc8, 0x98, 0x38, 0xff, 0xc8, 0x98, 0x30, 0xff, 0xc8, 0x98, 0x30, 0xff,
    0xc8, 0x98, 0x38, 0xff, 0xc8, 0x98, 0x30, 0xff, 0xc8, 0x98, 0x30, 0xff,
    0xc8, 0x98, 0x38, 0xff, 0xc8, 0x98, 0x30, 0xff, 0xc8, 0x98, 0x30, 0xff,
    0xc8, 0x98, 0x38, 0xff, 0xc8, 0x98, 0x30, 0xff, 0xc8, 0x94, 0x30, 0xff,
    0xc8, 0x98, 0x38, 0xff, 0xc8, 0x98, 0x30, 0xff, 0xc8, 0x98, 0x30, 0xff,
    0xc8, 0x98, 0x30, 0xff, 0xc8, 0x94, 0x38, 0xff, 0xc8, 0x98, 0x30, 0xff,
    0xc8, 0x98, 0x30, 0xff, 0xc8, 0x98, 0x38, 0xff, 0xc8, 0x94, 0x30, 0xff,
    0xc8, 0x98, 0x30, 0xff, 0xc8, 0x98, 0x30, 0xff, 0xc8, 0x94, 0x30, 0xff,
    0xc8, 0x98, 0x30, 0xff, 0xc8, 0x98, 0x30, 0xff, 0xc8, 0x98, 0x30, 0xff,
    0xc8, 0x98, 0x30, 0xff, 0xc8, 0x94, 0x38, 0xff, 0xc8, 0x98, 0x30, 0xff,
    0xc8, 0x98, 0x30, 0xff, 0xc8, 0x94, 0x38, 0xff, 0xc8, 0x98, 0x30, 0xff,
    0xc8, 0x98, 0x30, 0xff, 0xc8, 0x94, 0x38, 0xff, 0xc8, 0x98, 0x30, 0xff,
    0xc8, 0x98, 0x30, 0xff, 0xc8, 0x98, 0x30, 0xff, 0xc8, 0x98, 0x30, 0xff,
    0xc8, 0x98, 0x30, 0xff, 0xc8, 0x98, 0x30, 0xff, 0xc8, 0x98, 0x30, 0xff,
    0xc8, 0x94, 0x38, 0xff, 0xc8, 0x98, 0x30, 0xff, 0xc8, 0x98, 0x30, 0xff,
    0xc8, 0x98, 0x38, 0xff, 0xc8, 0x98, 0x30, 0xff, 0xc8, 0x94, 0x30, 0xae,
    0xc8, 0x98, 0x30, 0x20, 0x00, 0x00, 0x00, 0x00, 0x00, 0x00, 0x00, 0x00,
    0x00, 0x00, 0x00, 0x00, 0x00, 0x00, 0x00, 0x00, 0x00, 0x00, 0x00, 0x00,
    0x00, 0x00, 0x00, 0x00, 0x00, 0x00, 0x00, 0x00, 0x00, 0x00, 0x00, 0x00,
    0x00, 0x00, 0x00, 0x00, 0x00, 0x00, 0x00, 0x00, 0x00, 0x00, 0x00, 0x00,
    0x00, 0x00, 0x00, 0x00, 0x00, 0x00, 0x00, 0x00, 0x00, 0x00, 0x00, 0x00,
    0x00, 0x00, 0x00, 0x00, 0x00, 0x00, 0x00, 0x00, 0x00, 0x00, 0x00, 0x00,
    0x00, 0x00, 0x00, 0x00, 0x00, 0x00, 0x00, 0x00, 0x00, 0x00, 0x00, 0x00,
    0x00, 0x00, 0x00, 0x00, 0x00, 0x00, 0x00, 0x00, 0x00, 0x00, 0x00, 0x00,
    0x00, 0x00, 0x00, 0x00, 0xc8, 0x98, 0x30, 0x20, 0xc8, 0x98, 0x30, 0x9e,
    0xc8, 0x94, 0x30, 0xff, 0xc8, 0x98, 0x30, 0xff, 0xc8, 0x98, 0x38, 0xff,
    0xc8, 0x98, 0x30, 0xff, 0xc8, 0x94, 0x30, 0xff, 0xc8, 0x98, 0x38, 0xff,
    0xc8, 0x98, 0x30, 0xff, 0xc8, 0x98, 0x30, 0xff, 0xc8, 0x94, 0x38, 0xff,
    0xc8, 0x98, 0x30, 0xff, 0xc8, 0x98, 0x30, 0xff, 0xc8, 0x94, 0x30, 0xff,
    0xc8, 0x98, 0x30, 0xff, 0xc8, 0x98, 0x38, 0xff, 0xc8, 0x98, 0x30, 0xff,
    0xc8, 0x94, 0x30, 0xff, 0xc8, 0x98, 0x30, 0xff, 0xc8, 0x98, 0x30, 0xff,
    0xc8, 0x94, 0x30, 0xff, 0xc8, 0x98, 0x38, 0xff, 0xc8, 0x94, 0x30, 0xff,
    0xc8, 0x94, 0x30, 0xff, 0xc8, 0x98, 0x30, 0xff, 0xc8, 0x94, 0x38, 0xff,
    0xc8, 0x98, 0x30, 0xff, 0xc8, 0x98, 0x30, 0xff, 0xc8, 0x98, 0x38, 0xff,
    0xc8, 0x94, 0x30, 0xff, 0xc8, 0x98, 0x30, 0xff, 0xc8, 0x98, 0x38, 0xff,
    0xc8, 0x98, 0x30, 0xff, 0xc8, 0x98, 0x38, 0xff, 0xc8, 0x98, 0x30, 0xff,
    0xc8, 0x98, 0x38, 0xff, 0xc8, 0x98, 0x30, 0xff, 0xc8, 0x98, 0x38, 0xff,
    0xc8, 0x98, 0x30, 0xff, 0xc8, 0x94, 0x38, 0xff, 0xc8, 0x98, 0x30, 0xff,
    0xc8, 0x98, 0x30, 0xff, 0xc8, 0x98, 0x30, 0xff, 0xc8, 0x94, 0x30, 0xff,
    0xc8, 0x98, 0x30, 0xff, 0xc8, 0x98, 0x38, 0xff, 0xc8, 0x98, 0x30, 0xff,
    0xc8, 0x94, 0x30, 0xff, 0xc8, 0x98, 0x30, 0xff, 0xc8, 0x98, 0x30, 0xff,
    0xc8, 0x98, 0x30, 0xff, 0xc8, 0x94, 0x38, 0xff, 0xc8, 0x98, 0x30, 0xff,
    0xc8, 0x98, 0x30, 0xff, 0xc8, 0x98, 0x38, 0xff, 0xc8, 0x94, 0x30, 0xff,
    0xc8, 0x98, 0x30, 0xff, 0xc8, 0x98, 0x30, 0xff, 0xc8, 0x98, 0x30, 0xff,
    0xc8, 0x94, 0x38, 0xff, 0xc8, 0x98, 0x30, 0xff, 0xc8, 0x98, 0x30, 0xff,
    0xc8, 0x94, 0x30, 0xff, 0xc8, 0x98, 0x30, 0xff, 0xc8, 0x98, 0x30, 0xff,
    0xc8, 0x94, 0x38, 0xff, 0xc8, 0x98, 0x30, 0xff, 0xc8, 0x98, 0x30, 0xff,
    0xc8, 0x94, 0x30, 0xff, 0xc8, 0x98, 0x30, 0xff, 0xc8, 0x98, 0x38, 0xff,
    0xc8, 0x94, 0x30, 0xff, 0xc8, 0x98, 0x30, 0xff, 0xc8, 0x98, 0x30, 0xff,
    0xc8, 0x94, 0x38, 0xff, 0xc8, 0x98, 0x30, 0xff, 0xc8, 0x98, 0x30, 0xff,
    0xc8, 0x94, 0x30, 0xff, 0xc8, 0x98, 0x38, 0xff, 0xc8, 0x98, 0x30, 0xff,
    0xc8, 0x94, 0x30, 0xff, 0xc8, 0x98, 0x30, 0xff, 0xc8, 0x98, 0x30, 0xff,
    0xc8, 0x98, 0x30, 0xff, 0xc8, 0x94, 0x30, 0xff, 0xc8, 0x98, 0x38, 0xff,
    0xc8, 0x98, 0x30, 0xff, 0xc8, 0x98, 0x38, 0xff, 0xc8, 0x98, 0x38, 0xff,
    0xc8, 0x94, 0x30, 0xff, 0xc8, 0x98, 0x38, 0xff, 0xc8, 0x98, 0x30, 0xff,
    0xc8, 0x94, 0x30, 0xff, 0xc8, 0x98, 0x30, 0xff, 0xc8, 0x98, 0x30, 0xff,
    0xc8, 0x98, 0x30, 0xff, 0xc8, 0x98, 0x30, 0xff, 0xc8, 0x98, 0x30, 0xff,
    0xc8, 0x98, 0x30, 0xff, 0xc8, 0x98, 0x30, 0xff, 0xc8, 0x94, 0x38, 0xff,
    0xc8, 0x98, 0x30, 0xff, 0xc8, 0x94, 0x30, 0xff, 0xc8, 0x98, 0x30, 0xff,
    0xc8, 0x94, 0x38, 0xff, 0xc8, 0x98, 0x30, 0xff, 0xc8, 0x98, 0x30, 0xff,
    0xc8, 0x98, 0x38, 0xff, 0xc8, 0x98, 0x30, 0xff, 0xc8, 0x98, 0x30, 0xff,
    0xc8, 0x98, 0x30, 0xbe, 0xc8, 0x94, 0x30, 0x41, 0x00, 0x00, 0x00, 0x00,
    0x00, 0x00, 0x00, 0x00, 0x00, 0x00, 0x00, 0x00, 0x00, 0x00, 0x00, 0x00,
    0x00, 0x00, 0x00, 0x00, 0x00, 0x00, 0x00, 0x00, 0x00, 0x00, 0x00, 0x00,
    0x00, 0x00, 0x00, 0x00, 0x00, 0x00, 0x00, 0x00, 0x00, 0x00, 0x00, 0x00,
    0x00, 0x00, 0x00, 0x00, 0x00, 0x00, 0x00, 0x00, 0x00, 0x00, 0x00, 0x00,
    0x00, 0x00, 0x00, 0x00, 0x00, 0x00, 0x00, 0x00, 0x00, 0x00, 0x00, 0x00,
    0x00, 0x00, 0x00, 0x00, 0x00, 0x00, 0x00, 0x00, 0x00, 0x00, 0x00, 0x00,
    0x00, 0x00, 0x00, 0x00, 0x00, 0x00, 0x00, 0x00, 0x00, 0x00, 0x00, 0x00,
    0x00, 0x00, 0x00, 0x00, 0x00, 0x00, 0x00, 0x00, 0x00, 0x00, 0x00, 0x00,
    0x00, 0x00, 0x00, 0x00, 0x00, 0x00, 0x00, 0x00, 0x00, 0x00, 0x00, 0x00,
    0xc8, 0x98, 0x30, 0x20, 0xc8, 0x98, 0x30, 0x8e, 0xc8, 0x98, 0x30, 0xdf,
    0xc8, 0x98, 0x38, 0xff, 0xc8, 0x98, 0x30, 0xff, 0xc8, 0x94, 0x30, 0xff,
    0xc8, 0x98, 0x38, 0xff, 0xc8, 0x98, 0x30, 0xff, 0xc8, 0x98, 0x30, 0xff,
    0xc8, 0x94, 0x38, 0xff, 0xc8, 0x98, 0x30, 0xff, 0xc8, 0x98, 0x30, 0xff,
    0xc8, 0x98, 0x38, 0xff, 0xc8, 0x98, 0x30, 0xff, 0xc8, 0x94, 0x30, 0xff,
    0xc8, 0x98, 0x38, 0xff, 0xc8, 0x98, 0x30, 0xff, 0xc8, 0x98, 0x30, 0xff,
    0xc8, 0x98, 0x38, 0xff, 0xc8, 0x98, 0x30, 0xff, 0xc8, 0x98, 0x30, 0xff,
    0xc8, 0x98, 0x30, 0xff, 0xc8, 0x98, 0x30, 0xff, 0xc8, 0x94, 0x30, 0xff,
    0xc8, 0x98, 0x38, 0xff, 0xc8, 0x98, 0x30, 0xff, 0xc8, 0x98, 0x30, 0xff,
    0xc8, 0x98, 0x30, 0xff, 0xc8, 0x94, 0x30, 0xff, 0xc8, 0x98, 0x30, 0xff,
    0xc8, 0x94, 0x38, 0xff, 0xc8, 0x98, 0x30, 0xff, 0xc8, 0x94, 0x30, 0xff,
    0xc8, 0x98, 0x30, 0xff, 0xc8, 0x94, 0x38, 0xff, 0xc8, 0x98, 0x30, 0xff,
    0xc8, 0x98, 0x30, 0xff, 0xc8, 0x98, 0x30, 0xff, 0xc8, 0x94, 0x38, 0xff,
    0xc8, 0x98, 0x30, 0xff, 0xc8, 0x98, 0x38, 0xff, 0xc8, 0x98, 0x30, 0xff,
    0xc8, 0x94, 0x30, 0xff, 0xc8, 0x98, 0x30, 0xff, 0xc8, 0x98, 0x38, 0xff,
    0xc8, 0x98, 0x30, 0xff, 0xc8, 0x94, 0x30, 0xff, 0xc8, 0x98, 0x38, 0xff,
    0xc8, 0x98, 0x30, 0xff, 0xc8, 0x98, 0x30, 0xff, 0xc8, 0x94, 0x30, 0xff,
    0xc8, 0x98, 0x30, 0xff, 0xc8, 0x98, 0x30, 0xff, 0xc8, 0x98, 0x38, 0xff,
    0xc8, 0x94, 0x30, 0xff, 0xc8, 0x98, 0x30, 0xff, 0xc8, 0x98, 0x38, 0xff,
    0xc8, 0x98, 0x30, 0xff, 0xc8, 0x94, 0x30, 0xff, 0xc8, 0x98, 0x38, 0xff,
    0xc8, 0x98, 0x30, 0xff, 0xc8, 0x94, 0x30, 0xff, 0xc8, 0x98, 0x38, 0xff,
    0xc8, 0x98, 0x30, 0xff, 0xc8, 0x94, 0x30, 0xff, 0xc8, 0x98, 0x38, 0xff,
    0xc8, 0x98, 0x30, 0xff, 0xc8, 0x98, 0x30, 0xff, 0xc8, 0x94, 0x30, 0xff,
    0xc8, 0x98, 0x38, 0xff, 0xc8, 0x98, 0x30, 0xff, 0xc8, 0x94, 0x30, 0xff,
    0xc8, 0x98, 0x30, 0xff, 0xc8, 0x98, 0x38, 0xff, 0xc8, 0x98, 0x30, 0xff,
    0xc8, 0x98, 0x30, 0xff, 0xc8, 0x94, 0x30, 0xff, 0xc8, 0x98, 0x38, 0xff,
    0xc8, 0x98, 0x30, 0xff, 0xc8, 0x98, 0x38, 0xff, 0xc8, 0x98, 0x30, 0xff,
    0xc8, 0x94, 0x30, 0xff, 0xc8, 0x98, 0x38, 0xff, 0xc8, 0x98, 0x30, 0xff,
    0xc8, 0x94, 0x30, 0xff, 0xc8, 0x98, 0x30, 0xff, 0xc8, 0x98, 0x30, 0xff,
    0xc8, 0x98, 0x30, 0xff, 0xc8, 0x94, 0x38, 0xff, 0xc8, 0x98, 0x30, 0xff,
    0xc8, 0x98, 0x30, 0xff, 0xc8, 0x98, 0x38, 0xff, 0xc8, 0x94, 0x30, 0xff,
    0xc8, 0x98, 0x38, 0xff, 0xc8, 0x98, 0x30, 0xff, 0xc8, 0x94, 0x38, 0xff,
    0xc8, 0x98, 0x30, 0xff, 0xc8, 0x98, 0x30, 0xff, 0xc8, 0x98, 0x30, 0xff,
    0xc8, 0x98, 0x38, 0xff, 0xc8, 0x98, 0x30, 0xff, 0xc8, 0x94, 0x30, 0xff,
    0xc8, 0x98, 0x38, 0xff, 0xc8, 0x98, 0x30, 0xff, 0xc8, 0x94, 0x30, 0xff,
    0xc8, 0x98, 0x30, 0xdf, 0xc8, 0x94, 0x30, 0x82, 0xd0, 0xa0, 0x30, 0x10,
    0x00, 0x00, 0x00, 0x00, 0x00, 0x00, 0x00, 0x00, 0x00, 0x00, 0x00, 0x00,
    0x00, 0x00, 0x00, 0x00, 0x00, 0x00, 0x00, 0x00, 0x00, 0x00, 0x00, 0x00,
    0x00, 0x00, 0x00, 0x00, 0x00, 0x00, 0x00, 0x00, 0x00, 0x00, 0x00, 0x00,
    0x00, 0x00, 0x00, 0x00, 0x00, 0x00, 0x00, 0x00, 0x00, 0x00, 0x00, 0x00,
    0x00, 0x00, 0x00, 0x00, 0x00, 0x00, 0x00, 0x00, 0x00, 0x00, 0x00, 0x00,
    0x00, 0x00, 0x00, 0x00, 0x00, 0x00, 0x00, 0x00, 0x00, 0x00, 0x00, 0x00,
    0x00, 0x00, 0x00, 0x00, 0x00, 0x00, 0x00, 0x00, 0x00, 0x00, 0x00, 0x00,
    0x00, 0x00, 0x00, 0x00, 0x00, 0x00, 0x00, 0x00, 0x00, 0x00, 0x00, 0x00,
    0x00, 0x00, 0x00, 0x00, 0x00, 0x00, 0x00, 0x00, 0x00, 0x00, 0x00, 0x00,
    0x00, 0x00, 0x00, 0x00, 0x00, 0x00, 0x00, 0x00, 0x00, 0x00, 0x00, 0x00,
    0x00, 0x00, 0x00, 0x00, 0x00, 0x00, 0x00, 0x00, 0x00, 0x00, 0x00, 0x00,
    0xc8, 0x94, 0x30, 0x20, 0xc8, 0x94, 0x30, 0x61, 0xc8, 0x98, 0x30, 0x8e,
    0xc8, 0x98, 0x30, 0xbe, 0xc8, 0x98, 0x30, 0xdf, 0xc8, 0x98, 0x30, 0xff,
    0xc8, 0x98, 0x30, 0xff, 0xc8, 0x94, 0x38, 0xff, 0xc8, 0x98, 0x30, 0xff,
    0xc8, 0x98, 0x30, 0xff, 0xc8, 0x94, 0x30, 0xff, 0xc8, 0x98, 0x30, 0xff,
    0xc8, 0x98, 0x38, 0xff, 0xc8, 0x94, 0x30, 0xff, 0xc8, 0x98, 0x30, 0xff,
    0xc8, 0x98, 0x30, 0xff, 0xc8, 0x94, 0x30, 0xff, 0xc8, 0x98, 0x38, 0xff,
    0xc8, 0x98, 0x38, 0xff, 0xc8, 0x98, 0x30, 0xff, 0xc8, 0x98, 0x30, 0xff,
    0xc8, 0x94, 0x30, 0xff, 0xc8, 0x98, 0x38, 0xff, 0xc8, 0x94, 0x30, 0xff,
    0xc8, 0x98, 0x30, 0xff, 0xc8, 0x98, 0x38, 0xff, 0xc8, 0x98, 0x30, 0xff,
    0xc8, 0x98, 0x30, 0xff, 0xc8, 0x94, 0x30, 0xff, 0xc8, 0x98, 0x30, 0xff,
    0xc8, 0x98, 0x30, 0xff, 0xc8, 0x98, 0x30, 0xff, 0xc8, 0x94, 0x30, 0xff,
    0xc8, 0x98, 0x30, 0xff, 0xc8, 0x98, 0x30, 0xff, 0xc8, 0x98, 0x30, 0xff,
    0xc8, 0x94, 0x38, 0xff, 0xc8, 0x98, 0x30, 0xff, 0xc8, 0x98, 0x30, 0xff,
    0xc8, 0x98, 0x38, 0xff, 0xc8, 0x94, 0x30, 0xff, 0xc8, 0x98, 0x30, 0xff,
    0xc8, 0x98, 0x30, 0xff, 0xc8, 0x98, 0x38, 0xff, 0xc8, 0x94, 0x30, 0xff,
    0xc8, 0x98, 0x30, 0xff, 0xc8, 0x98, 0x38, 0xff, 0xc8, 0x98, 0x30, 0xff,
    0xc8, 0x94, 0x30, 0xff, 0xc8, 0x98, 0x38, 0xff, 0xc8, 0x98, 0x30, 0xff,
    0xc8, 0x98, 0x30, 0xff, 0xc8, 0x94, 0x38, 0xff, 0xc8, 0x98, 0x30, 0xff,
    0xc8, 0x98, 0x30, 0xff, 0xc8, 0x98, 0x30, 0xff, 0xc8, 0x98, 0x30, 0xff,
    0xc8, 0x98, 0x38, 0xff, 0xc8, 0x94, 0x30, 0xff, 0xc8, 0x98, 0x30, 0xff,
    0xc8, 0x98, 0x30, 0xff, 0xc8, 0x98, 0x30, 0xff, 0xc8, 0x98, 0x38, 0xff,
    0xc8, 0x98, 0x30, 0xff, 0xc8, 0x94, 0x30, 0xff, 0xc8, 0x98, 0x30, 0xff,
    0xc8, 0x98, 0x30, 0xff, 0xc8, 0x98, 0x38, 0xff, 0xc8, 0x98, 0x30, 0xff,
    0xc8, 0x98, 0x30, 0xff, 0xc8, 0x94, 0x30, 0xff, 0xc8, 0x98, 0x38, 0xff,
    0xc8, 0x98, 0x30, 0xff, 0xc8, 0x98, 0x30, 0xff, 0xc8, 0x98, 0x30, 0xff,
    0xc8, 0x94, 0x30, 0xff, 0xc8, 0x98, 0x38, 0xff, 0xc8, 0x98, 0x30, 0xff,
    0xc8, 0x94, 0x30, 0xff, 0xc8, 0x98, 0x30, 0xff, 0xc8, 0x98, 0x30, 0xff,
    0xc8, 0x98, 0x30, 0xff, 0xc8, 0x94, 0x30, 0xff, 0xc8, 0x98, 0x30, 0xff,
    0xc8, 0x98, 0x30, 0xff, 0xc8, 0x98, 0x30, 0xff, 0xc8, 0x94, 0x30, 0xff,
    0xc8, 0x98, 0x38, 0xff, 0xc8, 0x98, 0x30, 0xff, 0xc8, 0x94, 0x30, 0xff,
    0xc8, 0x98, 0x30, 0xff, 0xc8, 0x98, 0x38, 0xff, 0xc8, 0x94, 0x30, 0xff,
    0xc8, 0x98, 0x30, 0xff, 0xc8, 0x94, 0x38, 0xff, 0xc8, 0x98, 0x30, 0xff,
    0xc8, 0x94, 0x30, 0xef, 0xc8, 0x98, 0x30, 0xdf, 0xc8, 0x98, 0x30, 0xcf,
    0xc8, 0x98, 0x30, 0x8e, 0xc8, 0x94, 0x30, 0x61, 0xd0, 0x9c, 0x30, 0x20,
    0x00, 0x00, 0x00, 0x00, 0x00, 0x00, 0x00, 0x00, 0x00, 0x00, 0x00, 0x00,
    0x00, 0x00, 0x00, 0x00, 0x00, 0x00, 0x00, 0x00, 0x00, 0x00, 0x00, 0x00,
    0x00, 0x00, 0x00, 0x00, 0x00, 0x00, 0x00, 0x00, 0x00, 0x00, 0x00, 0x00,
    0x00, 0x00, 0x00, 0x00, 0x00, 0x00, 0x00, 0x00, 0x00, 0x00, 0x00, 0x00,
    0x00, 0x00, 0x00, 0x00, 0x00, 0x00, 0x00, 0x00, 0x00, 0x00, 0x00, 0x00,
    0x00, 0x00, 0x00, 0x00, 0x00, 0x00, 0x00, 0x00, 0x00, 0x00, 0x00, 0x00
};
