// 4.25.0 0x4685d733 D2 AY R0 FARGB8888 U565 N0 SExtFlashSection
// Generated by imageconverter. Please, do not edit!

#include <touchgfx/hal/Config.hpp>

LOCATION_PRAGMA("ExtFlashSection")
KEEP extern const unsigned char image_dark_theme_images_widgets_button_regular_height_50_small_round_active[] LOCATION_ATTRIBUTE("ExtFlashSection") = { // 175x50 ARGB8888 pixels.
    0x00, 0x00, 0x00, 0x00, 0x00, 0x00, 0x00, 0x00, 0x00, 0x00, 0x00, 0x00,
    0x00, 0x00, 0x00, 0x00, 0x00, 0x00, 0x00, 0x00, 0x00, 0x00, 0x00, 0x00,
    0x00, 0x00, 0x00, 0x00, 0x00, 0x00, 0x00, 0x00, 0x00, 0x00, 0x00, 0x00,
    0x00, 0x00, 0x00, 0x00, 0x00, 0x00, 0x00, 0x00, 0x00, 0x00, 0x00, 0x00,
    0x00, 0x00, 0x00, 0x00, 0x00, 0x00, 0x00, 0x00, 0x00, 0x00, 0x00, 0x00,
    0x00, 0x00, 0x00, 0x00, 0x00, 0x00, 0x00, 0x00, 0x00, 0x00, 0x00, 0x00,
    0xc8, 0x98, 0x38, 0x20, 0xc8, 0x94, 0x30, 0x61, 0xc8, 0x98, 0x30, 0x8e,
    0xc8, 0x98, 0x30, 0xcf, 0xc8, 0x98, 0x30, 0xdf, 0xc8, 0x94, 0x30, 0xef,
    0xc8, 0x98, 0x30, 0xff, 0xc8, 0x98, 0x30, 0xff, 0xc8, 0x98, 0x30, 0xff,
    0xc8, 0x98, 0x30, 0xff, 0xc8, 0x98, 0x30, 0xff, 0xc8, 0x98, 0x30, 0xff,
    0xc8, 0x98, 0x30, 0xff, 0xc8, 0x98, 0x30, 0xff, 0xc8, 0x98, 0x30, 0xff,
    0xc8, 0x98, 0x30, 0xff, 0xc8, 0x98, 0x30, 0xff, 0xc8, 0x98, 0x30, 0xff,
    0xc8, 0x98, 0x30, 0xff, 0xc8, 0x98, 0x30, 0xff, 0xc8, 0x98, 0x30, 0xff,
    0xc8, 0x98, 0x30, 0xff, 0xc8, 0x98, 0x30, 0xff, 0xc8, 0x98, 0x30, 0xff,
    0xc8, 0x98, 0x30, 0xff, 0xc8, 0x98, 0x30, 0xff, 0xc8, 0x98, 0x30, 0xff,
    0xc8, 0x98, 0x30, 0xff, 0xc8, 0x98, 0x30, 0xff, 0xc8, 0x98, 0x30, 0xff,
    0xc8, 0x98, 0x30, 0xff, 0xc8, 0x98, 0x30, 0xff, 0xc8, 0x98, 0x30, 0xff,
    0xc8, 0x98, 0x30, 0xff, 0xc8, 0x98, 0x30, 0xff, 0xc8, 0x98, 0x30, 0xff,
    0xc8, 0x98, 0x30, 0xff, 0xc8, 0x98, 0x30, 0xff, 0xc8, 0x98, 0x30, 0xff,
    0xc8, 0x98, 0x30, 0xff, 0xc8, 0x98, 0x30, 0xff, 0xc8, 0x98, 0x30, 0xff,
    0xc8, 0x98, 0x30, 0xff, 0xc8, 0x98, 0x30, 0xff, 0xc8, 0x98, 0x30, 0xff,
    0xc8, 0x98, 0x30, 0xff, 0xc8, 0x98, 0x30, 0xff, 0xc8, 0x98, 0x30, 0xff,
    0xc8, 0x98, 0x30, 0xff, 0xc8, 0x98, 0x30, 0xff, 0xc8, 0x98, 0x30, 0xff,
    0xc8, 0x98, 0x30, 0xff, 0xc8, 0x98, 0x30, 0xff, 0xc8, 0x98, 0x30, 0xff,
    0xc8, 0x98, 0x30, 0xff, 0xc8, 0x98, 0x30, 0xff, 0xc8, 0x98, 0x30, 0xff,
    0xc8, 0x98, 0x30, 0xff, 0xc8, 0x98, 0x30, 0xff, 0xc8, 0x98, 0x30, 0xff,
    0xc8, 0x98, 0x30, 0xff, 0xc8, 0x98, 0x30, 0xff, 0xc8, 0x98, 0x30, 0xff,
    0xc8, 0x98, 0x30, 0xff, 0xc8, 0x98, 0x30, 0xff, 0xc8, 0x98, 0x30, 0xff,
    0xc8, 0x98, 0x30, 0xff, 0xc8, 0x98, 0x30, 0xff, 0xc8, 0x98, 0x30, 0xff,
    0xc8, 0x98, 0x30, 0xff, 0xc8, 0x98, 0x30, 0xff, 0xc8, 0x98, 0x30, 0xff,
    0xc8, 0x98, 0x30, 0xff, 0xc8, 0x98, 0x30, 0xff, 0xc8, 0x98, 0x30, 0xff,
    0xc8, 0x98, 0x30, 0xff, 0xc8, 0x98, 0x30, 0xff, 0xc8, 0x98, 0x30, 0xff,
    0xc8, 0x98, 0x30, 0xff, 0xc8, 0x98, 0x30, 0xff, 0xc8, 0x98, 0x30, 0xff,
    0xc8, 0x98, 0x30, 0xff, 0xc8, 0x98, 0x30, 0xff, 0xc8, 0x98, 0x30, 0xff,
    0xc8, 0x98, 0x30, 0xff, 0xc8, 0x98, 0x30, 0xff, 0xc8, 0x98, 0x30, 0xff,
    0xc8, 0x98, 0x30, 0xff, 0xc8, 0x98, 0x30, 0xff, 0xc8, 0x98, 0x30, 0xff,
    0xc8, 0x98, 0x30, 0xff, 0xc8, 0x98, 0x30, 0xff, 0xc8, 0x98, 0x30, 0xff,
    0xc8, 0x98, 0x30, 0xff, 0xc8, 0x98, 0x30, 0xff, 0xc8, 0x98, 0x30, 0xff,
    0xc8, 0x98, 0x30, 0xff, 0xc8, 0x98, 0x30, 0xff, 0xc8, 0x98, 0x30, 0xff,
    0xc8, 0x98, 0x30, 0xff, 0xc8, 0x98, 0x30, 0xff, 0xc8, 0x98, 0x30, 0xff,
    0xc8, 0x98, 0x30, 0xff, 0xc8, 0x98, 0x30, 0xff, 0xc8, 0x98, 0x30, 0xff,
    0xc8, 0x98, 0x30, 0xff, 0xc8, 0x98, 0x30, 0xff, 0xc8, 0x98, 0x30, 0xff,
    0xc8, 0x98, 0x30, 0xff, 0xc8, 0x98, 0x30, 0xff, 0xc8, 0x98, 0x30, 0xff,
    0xc8, 0x98, 0x30, 0xff, 0xc8, 0x98, 0x30, 0xff, 0xc8, 0x98, 0x30, 0xff,
    0xc8, 0x98, 0x30, 0xff, 0xc8, 0x98, 0x30, 0xff, 0xc8, 0x98, 0x30, 0xff,
    0xc8, 0x98, 0x30, 0xff, 0xc8, 0x98, 0x30, 0xff, 0xc8, 0x98, 0x30, 0xff,
    0xc8, 0x98, 0x30, 0xff, 0xc8, 0x98, 0x30, 0xff, 0xc8, 0x98, 0x30, 0xff,
    0xc8, 0x98, 0x30, 0xff, 0xc8, 0x98, 0x30, 0xff, 0xc8, 0x98, 0x30, 0xff,
    0xc8, 0x98, 0x30, 0xff, 0xc8, 0x98, 0x30, 0xff, 0xc8, 0x98, 0x30, 0xff,
    0xc8, 0x98, 0x30, 0xff, 0xc8, 0x98, 0x30, 0xff, 0xc8, 0x98, 0x30, 0xff,
    0xc8, 0x98, 0x30, 0xff, 0xc8, 0x98, 0x30, 0xff, 0xc8, 0x98, 0x30, 0xdf,
    0xc8, 0x98, 0x30, 0xbe, 0xc8, 0x98, 0x30, 0x8e, 0xc8, 0x98, 0x30, 0x5d,
    0xc8, 0x98, 0x30, 0x20, 0x00, 0x00, 0x00, 0x00, 0x00, 0x00, 0x00, 0x00,
    0x00, 0x00, 0x00, 0x00, 0x00, 0x00, 0x00, 0x00, 0x00, 0x00, 0x00, 0x00,
    0x00, 0x00, 0x00, 0x00, 0x00, 0x00, 0x00, 0x00, 0x00, 0x00, 0x00, 0x00,
    0x00, 0x00, 0x00, 0x00, 0x00, 0x00, 0x00, 0x00, 0x00, 0x00, 0x00, 0x00,
    0x00, 0x00, 0x00, 0x00, 0x00, 0x00, 0x00, 0x00, 0x00, 0x00, 0x00, 0x00,
    0x00, 0x00, 0x00, 0x00, 0x00, 0x00, 0x00, 0x00, 0x00, 0x00, 0x00, 0x00,
    0x00, 0x00, 0x00, 0x00, 0x00, 0x00, 0x00, 0x00, 0x00, 0x00, 0x00, 0x00,
    0x00, 0x00, 0x00, 0x00, 0x00, 0x00, 0x00, 0x00, 0x00, 0x00, 0x00, 0x00,
    0x00, 0x00, 0x00, 0x00, 0x00, 0x00, 0x00, 0x00, 0x00, 0x00, 0x00, 0x00,
    0x00, 0x00, 0x00, 0x00, 0x00, 0x00, 0x00, 0x00, 0x00, 0x00, 0x00, 0x00,
    0x00, 0x00, 0x00, 0x00, 0x00, 0x00, 0x00, 0x00, 0x00, 0x00, 0x00, 0x00,
    0x00, 0x00, 0x00, 0x00, 0xd0, 0xa0, 0x30, 0x10, 0xc8, 0x98, 0x30, 0x82,
    0xc8, 0x98, 0x30, 0xdf, 0xc8, 0x98, 0x30, 0xff, 0xc8, 0x98, 0x30, 0xff,
    0xc8, 0x98, 0x30, 0xff, 0xc8, 0x98, 0x30, 0xff, 0xc8, 0x98, 0x30, 0xff,
    0xc8, 0x98, 0x30, 0xff, 0xc8, 0x94, 0x30, 0xff, 0xc8, 0x98, 0x30, 0xff,
    0xc8, 0x98, 0x30, 0xff, 0xc8, 0x94, 0x30, 0xff, 0xc8, 0x98, 0x30, 0xff,
    0xc8, 0x94, 0x30, 0xff, 0xc8, 0x98, 0x30, 0xff, 0xc8, 0x94, 0x30, 0xff,
    0xc8, 0x98, 0x30, 0xff, 0xc8, 0x94, 0x30, 0xff, 0xc8, 0x98, 0x30, 0xff,
    0xc8, 0x94, 0x30, 0xff, 0xc8, 0x98, 0x30, 0xff, 0xc8, 0x94, 0x30, 0xff,
    0xc8, 0x98, 0x30, 0xff, 0xc8, 0x94, 0x30, 0xff, 0xc8, 0x98, 0x30, 0xff,
    0xc8, 0x94, 0x30, 0xff, 0xc8, 0x98, 0x30, 0xff, 0xc8, 0x94, 0x30, 0xff,
    0xc8, 0x98, 0x30, 0xff, 0xc8, 0x94, 0x30, 0xff, 0xc8, 0x98, 0x30, 0xff,
    0xc8, 0x94, 0x30, 0xff, 0xc8, 0x98, 0x30, 0xff, 0xc8, 0x94, 0x30, 0xff,
    0xc8, 0x98, 0x30, 0xff, 0xc8, 0x94, 0x30, 0xff, 0xc8, 0x98, 0x30, 0xff,
    0xc8, 0x94, 0x30, 0xff, 0xc8, 0x98, 0x30, 0xff, 0xc8, 0x94, 0x30, 0xff,
    0xc8, 0x98, 0x30, 0xff, 0xc8, 0x94, 0x30, 0xff, 0xc8, 0x98, 0x30, 0xff,
    0xc8, 0x94, 0x30, 0xff, 0xc8, 0x98, 0x30, 0xff, 0xc8, 0x94, 0x30, 0xff,
    0xc8, 0x98, 0x30, 0xff, 0xc8, 0x94, 0x30, 0xff, 0xc8, 0x98, 0x30, 0xff,
    0xc8, 0x94, 0x30, 0xff, 0xc8, 0x98, 0x30, 0xff, 0xc8, 0x94, 0x30, 0xff,
    0xc8, 0x98, 0x30, 0xff, 0xc8, 0x94, 0x30, 0xff, 0xc8, 0x98, 0x30, 0xff,
    0xc8, 0x94, 0x30, 0xff, 0xc8, 0x98, 0x30, 0xff, 0xc8, 0x94, 0x30, 0xff,
    0xc8, 0x98, 0x30, 0xff, 0xc8, 0x94, 0x30, 0xff, 0xc8, 0x98, 0x30, 0xff,
    0xc8, 0x94, 0x30, 0xff, 0xc8, 0x98, 0x30, 0xff, 0xc8, 0x94, 0x30, 0xff,
    0xc8, 0x98, 0x30, 0xff, 0xc8, 0x94, 0x30, 0xff, 0xc8, 0x98, 0x30, 0xff,
    0xc8, 0x94, 0x30, 0xff, 0xc8, 0x98, 0x30, 0xff, 0xc8, 0x94, 0x30, 0xff,
    0xc8, 0x98, 0x30, 0xff, 0xc8, 0x94, 0x30, 0xff, 0xc8, 0x98, 0x30, 0xff,
    0xc8, 0x94, 0x30, 0xff, 0xc8, 0x98, 0x30, 0xff, 0xc8, 0x94, 0x30, 0xff,
    0xc8, 0x98, 0x30, 0xff, 0xc8, 0x94, 0x30, 0xff, 0xc8, 0x98, 0x30, 0xff,
    0xc8, 0x94, 0x30, 0xff, 0xc8, 0x98, 0x30, 0xff, 0xc8, 0x94, 0x30, 0xff,
    0xc8, 0x98, 0x30, 0xff, 0xc8, 0x94, 0x30, 0xff, 0xc8, 0x98, 0x30, 0xff,
    0xc8, 0x94, 0x30, 0xff, 0xc8, 0x98, 0x30, 0xff, 0xc8, 0x94, 0x30, 0xff,
    0xc8, 0x98, 0x30, 0xff, 0xc8, 0x94, 0x30, 0xff, 0xc8, 0x98, 0x30, 0xff,
    0xc8, 0x94, 0x30, 0xff, 0xc8, 0x98, 0x30, 0xff, 0xc8, 0x94, 0x30, 0xff,
    0xc8, 0x98, 0x30, 0xff, 0xc8, 0x94, 0x30, 0xff, 0xc8, 0x98, 0x30, 0xff,
    0xc8, 0x94, 0x30, 0xff, 0xc8, 0x98, 0x30, 0xff, 0xc8, 0x94, 0x30, 0xff,
    0xc8, 0x98, 0x30, 0xff, 0xc8, 0x94, 0x30, 0xff, 0xc8, 0x98, 0x30, 0xff,
    0xc8, 0x94, 0x30, 0xff, 0xc8, 0x98, 0x30, 0xff, 0xc8, 0x94, 0x30, 0xff,
    0xc8, 0x98, 0x30, 0xff, 0xc8, 0x94, 0x30, 0xff, 0xc8, 0x98, 0x30, 0xff,
    0xc8, 0x94, 0x30, 0xff, 0xc8, 0x98, 0x30, 0xff, 0xc8, 0x94, 0x30, 0xff,
    0xc8, 0x98, 0x30, 0xff, 0xc8, 0x94, 0x30, 0xff, 0xc8, 0x98, 0x30, 0xff,
    0xc8, 0x94, 0x30, 0xff, 0xc8, 0x98, 0x30, 0xff, 0xc8, 0x94, 0x30, 0xff,
    0xc8, 0x98, 0x30, 0xff, 0xc8, 0x94, 0x30, 0xff, 0xc8, 0x98, 0x30, 0xff,
    0xc8, 0x94, 0x30, 0xff, 0xc8, 0x98, 0x30, 0xff, 0xc8, 0x94, 0x30, 0xff,
    0xc8, 0x98, 0x30, 0xff, 0xc8, 0x94, 0x30, 0xff, 0xc8, 0x98, 0x30, 0xff,
    0xc8, 0x94, 0x30, 0xff, 0xc8, 0x98, 0x30, 0xff, 0xc8, 0x94, 0x30, 0xff,
    0xc8, 0x98, 0x30, 0xff, 0xc8, 0x94, 0x30, 0xff, 0xc8, 0x98, 0x30, 0xff,
    0xc8, 0x94, 0x30, 0xff, 0xc8, 0x98, 0x30, 0xff, 0xc8, 0x94, 0x30, 0xff,
    0xc8, 0x98, 0x30, 0xff, 0xc8, 0x98, 0x38, 0xff, 0xc8, 0x94, 0x30, 0xff,
    0xc8, 0x98, 0x30, 0xff, 0xc8, 0x98, 0x30, 0xff, 0xc8, 0x98, 0x30, 0xdf,
    0xc8, 0x98, 0x30, 0x8e, 0xc8, 0x98, 0x30, 0x20, 0x00, 0x00, 0x00, 0x00,
    0x00, 0x00, 0x00, 0x00, 0x00, 0x00, 0x00, 0x00, 0x00, 0x00, 0x00, 0x00,
    0x00, 0x00, 0x00, 0x00, 0x00, 0x00, 0x00, 0x00, 0x00, 0x00, 0x00, 0x00,
    0x00, 0x00, 0x00, 0x00, 0x00, 0x00, 0x00, 0x00, 0x00, 0x00, 0x00, 0x00,
    0x00, 0x00, 0x00, 0x00, 0x00, 0x00, 0x00, 0x00, 0x00, 0x00, 0x00, 0x00,
    0x00, 0x00, 0x00, 0x00, 0x00, 0x00, 0x00, 0x00, 0x00, 0x00, 0x00, 0x00,
    0x00, 0x00, 0x00, 0x00, 0x00, 0x00, 0x00, 0x00, 0x00, 0x00, 0x00, 0x00,
    0x00, 0x00, 0x00, 0x00, 0x00, 0x00, 0x00, 0x00, 0x00, 0x00, 0x00, 0x00,
    0x00, 0x00, 0x00, 0x00, 0x00, 0x00, 0x00, 0x00, 0x00, 0x00, 0x00, 0x00,
    0x00, 0x00, 0x00, 0x00, 0x00, 0x00, 0x00, 0x00, 0x00, 0x00, 0x00, 0x00,
    0xc8, 0x98, 0x30, 0x41, 0xc8, 0x98, 0x30, 0xbe, 0xc8, 0x94, 0x30, 0xff,
    0xc8, 0x98, 0x30, 0xff, 0xc8, 0x94, 0x30, 0xff, 0xc8, 0x98, 0x38, 0xff,
    0xc8, 0x94, 0x30, 0xff, 0xc8, 0x94, 0x38, 0xff, 0xc8, 0x98, 0x30, 0xff,
    0xc8, 0x98, 0x38, 0xff, 0xc8, 0x94, 0x38, 0xff, 0xc8, 0x98, 0x30, 0xff,
    0xc8, 0x98, 0x38, 0xff, 0xc8, 0x94, 0x38, 0xff, 0xc8, 0x98, 0x30, 0xff,
    0xc8, 0x98, 0x38, 0xff, 0xc8, 0x98, 0x38, 0xff, 0xc8, 0x94, 0x30, 0xff,
    0xc8, 0x98, 0x38, 0xff, 0xc8, 0x98, 0x38, 0xff, 0xc8, 0x98, 0x30, 0xff,
    0xc8, 0x94, 0x38, 0xff, 0xc8, 0x98, 0x38, 0xff, 0xc8, 0x98, 0x30, 0xff,
    0xc8, 0x98, 0x38, 0xff, 0xc8, 0x94, 0x38, 0xff, 0xc8, 0x98, 0x30, 0xff,
    0xc8, 0x98, 0x38, 0xff, 0xc8, 0x98, 0x38, 0xff, 0xc8, 0x94, 0x30, 0xff,
    0xc8, 0x98, 0x38, 0xff, 0xc8, 0x98, 0x38, 0xff, 0xc8, 0x98, 0x30, 0xff,
    0xc8, 0x94, 0x38, 0xff, 0xc8, 0x98, 0x38, 0xff, 0xc8, 0x98, 0x30, 0xff,
    0xc8, 0x98, 0x38, 0xff, 0xc8, 0x94, 0x38, 0xff, 0xc8, 0x98, 0x30, 0xff,
    0xc8, 0x98, 0x38, 0xff, 0xc8, 0x98, 0x38, 0xff, 0xc8, 0x94, 0x30, 0xff,
    0xc8, 0x98, 0x38, 0xff, 0xc8, 0x98, 0x38, 0xff, 0xc8, 0x98, 0x30, 0xff,
    0xc8, 0x94, 0x38, 0xff, 0xc8, 0x98, 0x38, 0xff, 0xc8, 0x98, 0x30, 0xff,
    0xc8, 0x98, 0x38, 0xff, 0xc8, 0x94, 0x38, 0xff, 0xc8, 0x98, 0x30, 0xff,
    0xc8, 0x98, 0x38, 0xff, 0xc8, 0x98, 0x38, 0xff, 0xc8, 0x94, 0x30, 0xff,
    0xc8, 0x98, 0x38, 0xff, 0xc8, 0x98, 0x38, 0xff, 0xc8, 0x98, 0x30, 0xff,
    0xc8, 0x94, 0x38, 0xff, 0xc8, 0x98, 0x38, 0xff, 0xc8, 0x98, 0x30, 0xff,
    0xc8, 0x98, 0x38, 0xff, 0xc8, 0x94, 0x38, 0xff, 0xc8, 0x98, 0x30, 0xff,
    0xc8, 0x98, 0x38, 0xff, 0xc8, 0x98, 0x38, 0xff, 0xc8, 0x94, 0x30, 0xff,
    0xc8, 0x98, 0x38, 0xff, 0xc8, 0x98, 0x38, 0xff, 0xc8, 0x98, 0x30, 0xff,
    0xc8, 0x94, 0x38, 0xff, 0xc8, 0x98, 0x38, 0xff, 0xc8, 0x98, 0x30, 0xff,
    0xc8, 0x98, 0x38, 0xff, 0xc8, 0x94, 0x38, 0xff, 0xc8, 0x98, 0x30, 0xff,
    0xc8, 0x98, 0x38, 0xff, 0xc8, 0x98, 0x38, 0xff, 0xc8, 0x94, 0x30, 0xff,
    0xc8, 0x98, 0x38, 0xff, 0xc8, 0x98, 0x38, 0xff, 0xc8, 0x98, 0x30, 0xff,
    0xc8, 0x94, 0x38, 0xff, 0xc8, 0x98, 0x38, 0xff, 0xc8, 0x98, 0x30, 0xff,
    0xc8, 0x98, 0x38, 0xff, 0xc8, 0x94, 0x38, 0xff, 0xc8, 0x98, 0x30, 0xff,
    0xc8, 0x98, 0x38, 0xff, 0xc8, 0x98, 0x38, 0xff, 0xc8, 0x94, 0x30, 0xff,
    0xc8, 0x98, 0x38, 0xff, 0xc8, 0x98, 0x38, 0xff, 0xc8, 0x98, 0x30, 0xff,
    0xc8, 0x94, 0x38, 0xff, 0xc8, 0x98, 0x38, 0xff, 0xc8, 0x98, 0x30, 0xff,
    0xc8, 0x98, 0x38, 0xff, 0xc8, 0x94, 0x38, 0xff, 0xc8, 0x98, 0x30, 0xff,
    0xc8, 0x98, 0x38, 0xff, 0xc8, 0x98, 0x38, 0xff, 0xc8, 0x94, 0x30, 0xff,
    0xc8, 0x98, 0x38, 0xff, 0xc8, 0x98, 0x38, 0xff, 0xc8, 0x98, 0x30, 0xff,
    0xc8, 0x94, 0x38, 0xff, 0xc8, 0x98, 0x38, 0xff, 0xc8, 0x98, 0x30, 0xff,
    0xc8, 0x98, 0x38, 0xff, 0xc8, 0x94, 0x38, 0xff, 0xc8, 0x98, 0x30, 0xff,
    0xc8, 0x98, 0x38, 0xff, 0xc8, 0x98, 0x38, 0xff, 0xc8, 0x94, 0x30, 0xff,
    0xc8, 0x98, 0x38, 0xff, 0xc8, 0x98, 0x38, 0xff, 0xc8, 0x98, 0x30, 0xff,
    0xc8, 0x94, 0x38, 0xff, 0xc8, 0x98, 0x38, 0xff, 0xc8, 0x98, 0x30, 0xff,
    0xc8, 0x98, 0x38, 0xff, 0xc8, 0x94, 0x38, 0xff, 0xc8, 0x98, 0x30, 0xff,
    0xc8, 0x98, 0x38, 0xff, 0xc8, 0x98, 0x38, 0xff, 0xc8, 0x94, 0x30, 0xff,
    0xc8, 0x98, 0x38, 0xff, 0xc8, 0x98, 0x38, 0xff, 0xc8, 0x98, 0x30, 0xff,
    0xc8, 0x94, 0x38, 0xff, 0xc8, 0x98, 0x38, 0xff, 0xc8, 0x98, 0x30, 0xff,
    0xc8, 0x98, 0x38, 0xff, 0xc8, 0x94, 0x38, 0xff, 0xc8, 0x98, 0x30, 0xff,
    0xc8, 0x98, 0x38, 0xff, 0xc8, 0x98, 0x38, 0xff, 0xc8, 0x94, 0x30, 0xff,
    0xc8, 0x98, 0x38, 0xff, 0xc8, 0x98, 0x30, 0xff, 0xc8, 0x94, 0x30, 0xff,
    0xc8, 0x98, 0x38, 0xff, 0xc8, 0x98, 0x30, 0xff, 0xc8, 0x94, 0x30, 0xff,
    0xc8, 0x98, 0x38, 0xff, 0xc8, 0x98, 0x30, 0xff, 0xc8, 0x94, 0x30, 0xff,
    0xc8, 0x98, 0x30, 0x9e, 0xc8, 0x98, 0x30, 0x20, 0x00, 0x00, 0x00, 0x00,
    0x00, 0x00, 0x00, 0x00, 0x00, 0x00, 0x00, 0x00, 0x00, 0x00, 0x00, 0x00,
    0x00, 0x00, 0x00, 0x00, 0x00, 0x00, 0x00, 0x00, 0x00, 0x00, 0x00, 0x00,
    0x00, 0x00, 0x00, 0x00, 0x00, 0x00, 0x00, 0x00, 0x00, 0x00, 0x00, 0x00,
    0x00, 0x00, 0x00, 0x00, 0x00, 0x00, 0x00, 0x00, 0x00, 0x00, 0x00, 0x00,
    0x00, 0x00, 0x00, 0x00, 0x00, 0x00, 0x00, 0x00, 0x00, 0x00, 0x00, 0x00,
    0x00, 0x00, 0x00, 0x00, 0x00, 0x00, 0x00, 0x00, 0x00, 0x00, 0x00, 0x00,
    0x00, 0x00, 0x00, 0x00, 0x00, 0x00, 0x00, 0x00, 0x00, 0x00, 0x00, 0x00,
    0x00, 0x00, 0x00, 0x00, 0x00, 0x00, 0x00, 0x00, 0xc8, 0x98, 0x30, 0x20,
    0xc8, 0x94, 0x30, 0xae, 0xc8, 0x98, 0x30, 0xff, 0xc8, 0x98, 0x30, 0xff,
    0xc8, 0x98, 0x38, 0xff, 0xc8, 0x98, 0x30, 0xff, 0xc8, 0x98, 0x30, 0xff,
    0xc8, 0x98, 0x30, 0xff, 0xc8, 0x98, 0x30, 0xff, 0xc8, 0x98, 0x30, 0xff,
    0xc8, 0x98, 0x30, 0xff, 0xc8, 0x94, 0x30, 0xff, 0xc8, 0x98, 0x30, 0xff,
    0xc8, 0x98, 0x30, 0xff, 0xc8, 0x98, 0x30, 0xff, 0xc8, 0x98, 0x30, 0xff,
    0xc8, 0x98, 0x30, 0xff, 0xc8, 0x98, 0x30, 0xff, 0xc8, 0x98, 0x30, 0xff,
    0xc8, 0x98, 0x30, 0xff, 0xc8, 0x98, 0x30, 0xff, 0xc8, 0x98, 0x30, 0xff,
    0xc8, 0x98, 0x30, 0xff, 0xc8, 0x98, 0x30, 0xff, 0xc8, 0x98, 0x30, 0xff,
    0xc8, 0x98, 0x30, 0xff, 0xc8, 0x98, 0x30, 0xff, 0xc8, 0x98, 0x30, 0xff,
    0xc8, 0x98, 0x30, 0xff, 0xc8, 0x98, 0x30, 0xff, 0xc8, 0x98, 0x30, 0xff,
    0xc8, 0x98, 0x30, 0xff, 0xc8, 0x98, 0x30, 0xff, 0xc8, 0x98, 0x30, 0xff,
    0xc8, 0x98, 0x30, 0xff, 0xc8, 0x98, 0x30, 0xff, 0xc8, 0x98, 0x30, 0xff,
    0xc8, 0x98, 0x30, 0xff, 0xc8, 0x98, 0x30, 0xff, 0xc8, 0x98, 0x30, 0xff,
    0xc8, 0x98, 0x30, 0xff, 0xc8, 0x98, 0x30, 0xff, 0xc8, 0x98, 0x30, 0xff,
    0xc8, 0x98, 0x30, 0xff, 0xc8, 0x98, 0x30, 0xff, 0xc8, 0x98, 0x30, 0xff,
    0xc8, 0x98, 0x30, 0xff, 0xc8, 0x98, 0x30, 0xff, 0xc8, 0x98, 0x30, 0xff,
    0xc8, 0x98, 0x30, 0xff, 0xc8, 0x98, 0x30, 0xff, 0xc8, 0x98, 0x30, 0xff,
    0xc8, 0x98, 0x30, 0xff, 0xc8, 0x98, 0x30, 0xff, 0xc8, 0x98, 0x30, 0xff,
    0xc8, 0x98, 0x30, 0xff, 0xc8, 0x98, 0x30, 0xff, 0xc8, 0x98, 0x30, 0xff,
    0xc8, 0x98, 0x30, 0xff, 0xc8, 0x98, 0x30, 0xff, 0xc8, 0x98, 0x30, 0xff,
    0xc8, 0x98, 0x30, 0xff, 0xc8, 0x98, 0x30, 0xff, 0xc8, 0x98, 0x30, 0xff,
    0xc8, 0x98, 0x30, 0xff, 0xc8, 0x98, 0x30, 0xff, 0xc8, 0x98, 0x30, 0xff,
    0xc8, 0x98, 0x30, 0xff, 0xc8, 0x98, 0x30, 0xff, 0xc8, 0x98, 0x30, 0xff,
    0xc8, 0x98, 0x30, 0xff, 0xc8, 0x98, 0x30, 0xff, 0xc8, 0x98, 0x30, 0xff,
    0xc8, 0x98, 0x30, 0xff, 0xc8, 0x98, 0x30, 0xff, 0xc8, 0x98, 0x30, 0xff,
    0xc8, 0x98, 0x30, 0xff, 0xc8, 0x98, 0x30, 0xff, 0xc8, 0x98, 0x30, 0xff,
    0xc8, 0x98, 0x30, 0xff, 0xc8, 0x98, 0x30, 0xff, 0xc8, 0x98, 0x30, 0xff,
    0xc8, 0x98, 0x30, 0xff, 0xc8, 0x98, 0x30, 0xff, 0xc8, 0x98, 0x30, 0xff,
    0xc8, 0x98, 0x30, 0xff, 0xc8, 0x98, 0x30, 0xff, 0xc8, 0x98, 0x30, 0xff,
    0xc8, 0x98, 0x30, 0xff, 0xc8, 0x98, 0x30, 0xff, 0xc8, 0x98, 0x30, 0xff,
    0xc8, 0x98, 0x30, 0xff, 0xc8, 0x98, 0x30, 0xff, 0xc8, 0x98, 0x30, 0xff,
    0xc8, 0x98, 0x30, 0xff, 0xc8, 0x98, 0x30, 0xff, 0xc8, 0x98, 0x30, 0xff,
    0xc8, 0x98, 0x30, 0xff, 0xc8, 0x98, 0x30, 0xff, 0xc8, 0x98, 0x30, 0xff,
    0xc8, 0x98, 0x30, 0xff, 0xc8, 0x98, 0x30, 0xff, 0xc8, 0x98, 0x30, 0xff,
    0xc8, 0x98, 0x30, 0xff, 0xc8, 0x98, 0x30, 0xff, 0xc8, 0x98, 0x30, 0xff,
    0xc8, 0x98, 0x30, 0xff, 0xc8, 0x98, 0x30, 0xff, 0xc8, 0x98, 0x30, 0xff,
    0xc8, 0x98, 0x30, 0xff, 0xc8, 0x98, 0x30, 0xff, 0xc8, 0x98, 0x30, 0xff,
    0xc8, 0x98, 0x30, 0xff, 0xc8, 0x98, 0x30, 0xff, 0xc8, 0x98, 0x30, 0xff,
    0xc8, 0x98, 0x30, 0xff, 0xc8, 0x98, 0x30, 0xff, 0xc8, 0x98, 0x30, 0xff,
    0xc8, 0x98, 0x30, 0xff, 0xc8, 0x98, 0x30, 0xff, 0xc8, 0x98, 0x30, 0xff,
    0xc8, 0x98, 0x30, 0xff, 0xc8, 0x98, 0x30, 0xff, 0xc8, 0x98, 0x30, 0xff,
    0xc8, 0x98, 0x30, 0xff, 0xc8, 0x98, 0x30, 0xff, 0xc8, 0x98, 0x30, 0xff,
    0xc8, 0x98, 0x30, 0xff, 0xc8, 0x98, 0x30, 0xff, 0xc8, 0x98, 0x30, 0xff,
    0xc8, 0x98, 0x30, 0xff, 0xc8, 0x98, 0x30, 0xff, 0xc8, 0x98, 0x30, 0xff,
    0xc8, 0x98, 0x30, 0xff, 0xc8, 0x98, 0x30, 0xff, 0xc8, 0x98, 0x30, 0xff,
    0xc8, 0x98, 0x30, 0xff, 0xc8, 0x98, 0x30, 0xff, 0xc8, 0x98, 0x30, 0xff,
    0xc8, 0x98, 0x30, 0xff, 0xc8, 0x98, 0x30, 0xff, 0xc8, 0x98, 0x30, 0xff,
    0xc8, 0x98, 0x30, 0xff, 0xc8, 0x98, 0x30, 0xff, 0xc8, 0x98, 0x38, 0xff,
    0xc8, 0x94, 0x30, 0xff, 0xc8, 0x98, 0x30, 0xff, 0xc8, 0x98, 0x30, 0xff,
    0xc8, 0x94, 0x30, 0xff, 0xc8, 0x98, 0x30, 0xff, 0xc8, 0x98, 0x30, 0xff,
    0xc8, 0x94, 0x30, 0x9e, 0xc8, 0x98, 0x30, 0x20, 0x00, 0x00, 0x00, 0x00,
    0x00, 0x00, 0x00, 0x00, 0x00, 0x00, 0x00, 0x00, 0x00, 0x00, 0x00, 0x00,
    0x00, 0x00, 0x00, 0x00, 0x00, 0x00, 0x00, 0x00, 0x00, 0x00, 0x00, 0x00,
    0x00, 0x00, 0x00, 0x00, 0x00, 0x00, 0x00, 0x00, 0x00, 0x00, 0x00, 0x00,
    0x00, 0x00, 0x00, 0x00, 0x00, 0x00, 0x00, 0x00, 0x00, 0x00, 0x00, 0x00,
    0x00, 0x00, 0x00, 0x00, 0x00, 0x00, 0x00, 0x00, 0x00, 0x00, 0x00, 0x00,
    0x00, 0x00, 0x00, 0x00, 0x00, 0x00, 0x00, 0x00, 0x00, 0x00, 0x00, 0x00,
    0x00, 0x00, 0x00, 0x00, 0x00, 0x00, 0x00, 0x00, 0xc8, 0x94, 0x30, 0x71,
    0xc8, 0x94, 0x30, 0xef, 0xc8, 0x98, 0x30, 0xff, 0xc8, 0x98, 0x38, 0xff,
    0xc8, 0x94, 0x30, 0xff, 0xc8, 0x98, 0x30, 0xff, 0xc8, 0x94, 0x38, 0xff,
    0xc8, 0x98, 0x30, 0xff, 0xc8, 0x98, 0x30, 0xff, 0xc8, 0x94, 0x38, 0xff,
    0xc8, 0x98, 0x30, 0xff, 0xc8, 0x98, 0x30, 0xff, 0xc8, 0x98, 0x38, 0xff,
    0xc8, 0x98, 0x30, 0xff, 0xc8, 0x94, 0x30, 0xff, 0xc8, 0x98, 0x38, 0xff,
    0xc8, 0x98, 0x30, 0xff, 0xc8, 0x94, 0x30, 0xff, 0xc8, 0x94, 0x38, 0xff,
    0xc8, 0x98, 0x30, 0xff, 0xc8, 0x98, 0x30, 0xff, 0xc8, 0x94, 0x38, 0xff,
    0xc8, 0x94, 0x30, 0xff, 0xc8, 0x98, 0x30, 0xff, 0xc8, 0x98, 0x38, 0xff,
    0xc8, 0x94, 0x30, 0xff, 0xc8, 0x94, 0x30, 0xff, 0xc8, 0x98, 0x38, 0xff,
    0xc8, 0x98, 0x30, 0xff, 0xc8, 0x94, 0x30, 0xff, 0xc8, 0x94, 0x38, 0xff,
    0xc8, 0x98, 0x30, 0xff, 0xc8, 0x98, 0x30, 0xff, 0xc8, 0x94, 0x38, 0xff,
    0xc8, 0x94, 0x30, 0xff, 0xc8, 0x98, 0x30, 0xff, 0xc8, 0x98, 0x38, 0xff,
    0xc8, 0x94, 0x30, 0xff, 0xc8, 0x94, 0x30, 0xff, 0xc8, 0x98, 0x38, 0xff,
    0xc8, 0x98, 0x30, 0xff, 0xc8, 0x94, 0x30, 0xff, 0xc8, 0x94, 0x38, 0xff,
    0xc8, 0x98, 0x30, 0xff, 0xc8, 0x98, 0x30, 0xff, 0xc8, 0x94, 0x38, 0xff,
    0xc8, 0x94, 0x30, 0xff, 0xc8, 0x98, 0x30, 0xff, 0xc8, 0x98, 0x38, 0xff,
    0xc8, 0x94, 0x30, 0xff, 0xc8, 0x94, 0x30, 0xff, 0xc8, 0x98, 0x38, 0xff,
    0xc8, 0x98, 0x30, 0xff, 0xc8, 0x94, 0x30, 0xff, 0xc8, 0x94, 0x38, 0xff,
    0xc8, 0x98, 0x30, 0xff, 0xc8, 0x98, 0x30, 0xff, 0xc8, 0x94, 0x38, 0xff,
    0xc8, 0x94, 0x30, 0xff, 0xc8, 0x98, 0x30, 0xff, 0xc8, 0x98, 0x38, 0xff,
    0xc8, 0x94, 0x30, 0xff, 0xc8, 0x94, 0x30, 0xff, 0xc8, 0x98, 0x38, 0xff,
    0xc8, 0x98, 0x30, 0xff, 0xc8, 0x94, 0x30, 0xff, 0xc8, 0x94, 0x38, 0xff,
    0xc8, 0x98, 0x30, 0xff, 0xc8, 0x98, 0x30, 0xff, 0xc8, 0x94, 0x38, 0xff,
    0xc8, 0x94, 0x30, 0xff, 0xc8, 0x98, 0x30, 0xff, 0xc8, 0x98, 0x38, 0xff,
    0xc8, 0x94, 0x30, 0xff, 0xc8, 0x94, 0x30, 0xff, 0xc8, 0x98, 0x38, 0xff,
    0xc8, 0x98, 0x30, 0xff, 0xc8, 0x94, 0x30, 0xff, 0xc8, 0x94, 0x38, 0xff,
    0xc8, 0x98, 0x30, 0xff, 0xc8, 0x98, 0x30, 0xff, 0xc8, 0x94, 0x38, 0xff,
    0xc8, 0x94, 0x30, 0xff, 0xc8, 0x98, 0x30, 0xff, 0xc8, 0x98, 0x38, 0xff,
    0xc8, 0x94, 0x30, 0xff, 0xc8, 0x94, 0x30, 0xff, 0xc8, 0x98, 0x38, 0xff,
    0xc8, 0x98, 0x30, 0xff, 0xc8, 0x94, 0x30, 0xff, 0xc8, 0x94, 0x38, 0xff,
    0xc8, 0x98, 0x30, 0xff, 0xc8, 0x98, 0x30, 0xff, 0xc8, 0x94, 0x38, 0xff,
    0xc8, 0x94, 0x30, 0xff, 0xc8, 0x98, 0x30, 0xff, 0xc8, 0x98, 0x38, 0xff,
    0xc8, 0x94, 0x30, 0xff, 0xc8, 0x94, 0x30, 0xff, 0xc8, 0x98, 0x38, 0xff,
    0xc8, 0x98, 0x30, 0xff, 0xc8, 0x94, 0x30, 0xff, 0xc8, 0x94, 0x38, 0xff,
    0xc8, 0x98, 0x30, 0xff, 0xc8, 0x98, 0x30, 0xff, 0xc8, 0x94, 0x38, 0xff,
    0xc8, 0x94, 0x30, 0xff, 0xc8, 0x98, 0x30, 0xff, 0xc8, 0x98, 0x38, 0xff,
    0xc8, 0x94, 0x30, 0xff, 0xc8, 0x94, 0x30, 0xff, 0xc8, 0x98, 0x38, 0xff,
    0xc8, 0x98, 0x30, 0xff, 0xc8, 0x94, 0x30, 0xff, 0xc8, 0x94, 0x38, 0xff,
    0xc8, 0x98, 0x30, 0xff, 0xc8, 0x98, 0x30, 0xff, 0xc8, 0x94, 0x38, 0xff,
    0xc8, 0x94, 0x30, 0xff, 0xc8, 0x98, 0x30, 0xff, 0xc8, 0x98, 0x38, 0xff,
    0xc8, 0x94, 0x30, 0xff, 0xc8, 0x94, 0x30, 0xff, 0xc8, 0x98, 0x38, 0xff,
    0xc8, 0x98, 0x30, 0xff, 0xc8, 0x94, 0x30, 0xff, 0xc8, 0x94, 0x38, 0xff,
    0xc8, 0x98, 0x30, 0xff, 0xc8, 0x98, 0x30, 0xff, 0xc8, 0x94, 0x38, 0xff,
    0xc8, 0x94, 0x30, 0xff, 0xc8, 0x98, 0x30, 0xff, 0xc8, 0x98, 0x38, 0xff,
    0xc8, 0x94, 0x30, 0xff, 0xc8, 0x94, 0x30, 0xff, 0xc8, 0x98, 0x38, 0xff,
    0xc8, 0x98, 0x30, 0xff, 0xc8, 0x94, 0x30, 0xff, 0xc8, 0x94, 0x38, 0xff,
    0xc8, 0x98, 0x30, 0xff, 0xc8, 0x98, 0x30, 0xff, 0xc8, 0x94, 0x38, 0xff,
    0xc8, 0x98, 0x38, 0xff, 0xc8, 0x94, 0x30, 0xff, 0xc8, 0x98, 0x30, 0xff,
    0xc8, 0x98, 0x30, 0xff, 0xc8, 0x98, 0x38, 0xff, 0xc8, 0x98, 0x30, 0xff,
    0xc8, 0x98, 0x38, 0xff, 0xc8, 0x98, 0x38, 0xff, 0xc8, 0x98, 0x30, 0xff,
    0xc8, 0x98, 0x30, 0xff, 0xc8, 0x98, 0x38, 0xff, 0xc8, 0x98, 0x30, 0xdf,
    0xc8, 0x98, 0x30, 0x5d, 0x00, 0x00, 0x00, 0x00, 0x00, 0x00, 0x00, 0x00,
    0x00, 0x00, 0x00, 0x00, 0x00, 0x00, 0x00, 0x00, 0x00, 0x00, 0x00, 0x00,
    0x00, 0x00, 0x00, 0x00, 0x00, 0x00, 0x00, 0x00, 0x00, 0x00, 0x00, 0x00,
    0x00, 0x00, 0x00, 0x00, 0x00, 0x00, 0x00, 0x00, 0x00, 0x00, 0x00, 0x00,
    0x00, 0x00, 0x00, 0x00, 0x00, 0x00, 0x00, 0x00, 0x00, 0x00, 0x00, 0x00,
    0x00, 0x00, 0x00, 0x00, 0x00, 0x00, 0x00, 0x00, 0x00, 0x00, 0x00, 0x00,
    0x00, 0x00, 0x00, 0x00, 0x00, 0x00, 0x00, 0x00, 0xc8, 0x94, 0x30, 0x8e,
    0xc8, 0x98, 0x30, 0xff, 0xc8, 0x98, 0x30, 0xff, 0xc8, 0x98, 0x30, 0xff,
    0xc8, 0x98, 0x30, 0xff, 0xc8, 0x98, 0x30, 0xff, 0xc8, 0x94, 0x30, 0xff,
    0xc8, 0x98, 0x38, 0xff, 0xc8, 0x98, 0x30, 0xff, 0xc8, 0x94, 0x30, 0xff,
    0xc8, 0x98, 0x38, 0xff, 0xc8, 0x98, 0x30, 0xff, 0xc8, 0x94, 0x30, 0xff,
    0xc8, 0x98, 0x38, 0xff, 0xc8, 0x98, 0x30, 0xff, 0xc8, 0x94, 0x30, 0xff,
    0xc8, 0x98, 0x38, 0xff, 0xc8, 0x98, 0x30, 0xff, 0xc8, 0x98, 0x30, 0xff,
    0xc8, 0x98, 0x38, 0xff, 0xc8, 0x94, 0x30, 0xff, 0xc8, 0x98, 0x30, 0xff,
    0xc8, 0x98, 0x38, 0xff, 0xc8, 0x98, 0x30, 0xff, 0xc8, 0x98, 0x30, 0xff,
    0xc8, 0x94, 0x38, 0xff, 0xc8, 0x98, 0x30, 0xff, 0xc8, 0x98, 0x30, 0xff,
    0xc8, 0x98, 0x38, 0xff, 0xc8, 0x98, 0x30, 0xff, 0xc8, 0x98, 0x30, 0xff,
    0xc8, 0x98, 0x38, 0xff, 0xc8, 0x94, 0x30, 0xff, 0xc8, 0x98, 0x30, 0xff,
    0xc8, 0x98, 0x38, 0xff, 0xc8, 0x98, 0x30, 0xff, 0xc8, 0x98, 0x30, 0xff,
    0xc8, 0x94, 0x38, 0xff, 0xc8, 0x98, 0x30, 0xff, 0xc8, 0x98, 0x30, 0xff,
    0xc8, 0x98, 0x38, 0xff, 0xc8, 0x98, 0x30, 0xff, 0xc8, 0x98, 0x30, 0xff,
    0xc8, 0x98, 0x38, 0xff, 0xc8, 0x94, 0x30, 0xff, 0xc8, 0x98, 0x30, 0xff,
    0xc8, 0x98, 0x38, 0xff, 0xc8, 0x98, 0x30, 0xff, 0xc8, 0x98, 0x30, 0xff,
    0xc8, 0x94, 0x38, 0xff, 0xc8, 0x98, 0x30, 0xff, 0xc8, 0x98, 0x30, 0xff,
    0xc8, 0x98, 0x38, 0xff, 0xc8, 0x98, 0x30, 0xff, 0xc8, 0x98, 0x30, 0xff,
    0xc8, 0x98, 0x38, 0xff, 0xc8, 0x94, 0x30, 0xff, 0xc8, 0x98, 0x30, 0xff,
    0xc8, 0x98, 0x38, 0xff, 0xc8, 0x98, 0x30, 0xff, 0xc8, 0x98, 0x30, 0xff,
    0xc8, 0x94, 0x38, 0xff, 0xc8, 0x98, 0x30, 0xff, 0xc8, 0x98, 0x30, 0xff,
    0xc8, 0x98, 0x38, 0xff, 0xc8, 0x98, 0x30, 0xff, 0xc8, 0x98, 0x30, 0xff,
    0xc8, 0x98, 0x38, 0xff, 0xc8, 0x94, 0x30, 0xff, 0xc8, 0x98, 0x30, 0xff,
    0xc8, 0x98, 0x38, 0xff, 0xc8, 0x98, 0x30, 0xff, 0xc8, 0x98, 0x30, 0xff,
    0xc8, 0x94, 0x38, 0xff, 0xc8, 0x98, 0x30, 0xff, 0xc8, 0x98, 0x30, 0xff,
    0xc8, 0x98, 0x38, 0xff, 0xc8, 0x98, 0x30, 0xff, 0xc8, 0x98, 0x30, 0xff,
    0xc8, 0x98, 0x38, 0xff, 0xc8, 0x94, 0x30, 0xff, 0xc8, 0x98, 0x30, 0xff,
    0xc8, 0x98, 0x38, 0xff, 0xc8, 0x98, 0x30, 0xff, 0xc8, 0x98, 0x30, 0xff,
    0xc8, 0x94, 0x38, 0xff, 0xc8, 0x98, 0x30, 0xff, 0xc8, 0x98, 0x30, 0xff,
    0xc8, 0x98, 0x38, 0xff, 0xc8, 0x98, 0x30, 0xff, 0xc8, 0x98, 0x30, 0xff,
    0xc8, 0x98, 0x38, 0xff, 0xc8, 0x94, 0x30, 0xff, 0xc8, 0x98, 0x30, 0xff,
    0xc8, 0x98, 0x38, 0xff, 0xc8, 0x98, 0x30, 0xff, 0xc8, 0x98, 0x30, 0xff,
    0xc8, 0x94, 0x38, 0xff, 0xc8, 0x98, 0x30, 0xff, 0xc8, 0x98, 0x30, 0xff,
    0xc8, 0x98, 0x38, 0xff, 0xc8, 0x98, 0x30, 0xff, 0xc8, 0x98, 0x30, 0xff,
    0xc8, 0x98, 0x38, 0xff, 0xc8, 0x94, 0x30, 0xff, 0xc8, 0x98, 0x30, 0xff,
    0xc8, 0x98, 0x38, 0xff, 0xc8, 0x98, 0x30, 0xff, 0xc8, 0x98, 0x30, 0xff,
    0xc8, 0x94, 0x38, 0xff, 0xc8, 0x98, 0x30, 0xff, 0xc8, 0x98, 0x30, 0xff,
    0xc8, 0x98, 0x38, 0xff, 0xc8, 0x98, 0x30, 0xff, 0xc8, 0x98, 0x30, 0xff,
    0xc8, 0x98, 0x38, 0xff, 0xc8, 0x94, 0x30, 0xff, 0xc8, 0x98, 0x30, 0xff,
    0xc8, 0x98, 0x38, 0xff, 0xc8, 0x98, 0x30, 0xff, 0xc8, 0x98, 0x30, 0xff,
    0xc8, 0x94, 0x38, 0xff, 0xc8, 0x98, 0x30, 0xff, 0xc8, 0x98, 0x30, 0xff,
    0xc8, 0x98, 0x38, 0xff, 0xc8, 0x98, 0x30, 0xff, 0xc8, 0x98, 0x30, 0xff,
    0xc8, 0x98, 0x38, 0xff, 0xc8, 0x94, 0x30, 0xff, 0xc8, 0x98, 0x30, 0xff,
    0xc8, 0x98, 0x38, 0xff, 0xc8, 0x98, 0x30, 0xff, 0xc8, 0x98, 0x30, 0xff,
    0xc8, 0x94, 0x38, 0xff, 0xc8, 0x98, 0x30, 0xff, 0xc8, 0x98, 0x30, 0xff,
    0xc8, 0x98, 0x38, 0xff, 0xc8, 0x98, 0x30, 0xff, 0xc8, 0x98, 0x30, 0xff,
    0xc8, 0x98, 0x38, 0xff, 0xc8, 0x94, 0x30, 0xff, 0xc8, 0x98, 0x30, 0xff,
    0xc8, 0x98, 0x30, 0xff, 0xc8, 0x94, 0x30, 0xff, 0xc8, 0x98, 0x38, 0xff,
    0xc8, 0x98, 0x30, 0xff, 0xc8, 0x94, 0x30, 0xff, 0xc8, 0x98, 0x30, 0xff,
    0xc8, 0x94, 0x30, 0xff, 0xc8, 0x98, 0x30, 0xff, 0xc8, 0x98, 0x30, 0xff,
    0xc8, 0x94, 0x30, 0xff, 0xc8, 0x98, 0x38, 0xff, 0xc8, 0x98, 0x30, 0xff,
    0xc8, 0x94, 0x30, 0xff, 0xc8, 0x98, 0x30, 0xff, 0xc8, 0x94, 0x30, 0x8e,
    0x00, 0x00, 0x00, 0x00, 0x00, 0x00, 0x00, 0x00, 0x00, 0x00, 0x00, 0x00,
    0x00, 0x00, 0x00, 0x00, 0x00, 0x00, 0x00, 0x00, 0x00, 0x00, 0x00, 0x00,
    0x00, 0x00, 0x00, 0x00, 0x00, 0x00, 0x00, 0x00, 0x00, 0x00, 0x00, 0x00,
    0x00, 0x00, 0x00, 0x00, 0x00, 0x00, 0x00, 0x00, 0x00, 0x00, 0x00, 0x00,
    0x00, 0x00, 0x00, 0x00, 0x00, 0x00, 0x00, 0x00, 0x00, 0x00, 0x00, 0x00,
    0x00, 0x00, 0x00, 0x00, 0xd0, 0xa0, 0x30, 0x10, 0xc8, 0x98, 0x30, 0xcf,
    0xc8, 0x98, 0x30, 0xff, 0xc8, 0x98, 0x38, 0xff, 0xc8, 0x98, 0x30, 0xff,
    0xc8, 0x94, 0x38, 0xff, 0xc8, 0x98, 0x30, 0xff, 0xc8, 0x98, 0x30, 0xff,
    0xc8, 0x98, 0x38, 0xff, 0xc8, 0x98, 0x30, 0xff, 0xc8, 0x98, 0x30, 0xff,
    0xc8, 0x98, 0x30, 0xff, 0xc8, 0x98, 0x30, 0xff, 0xc8, 0x98, 0x30, 0xff,
    0xc8, 0x94, 0x30, 0xff, 0xc8, 0x98, 0x30, 0xff, 0xc8, 0x98, 0x30, 0xff,
    0xc8, 0x98, 0x30, 0xff, 0xc8, 0x94, 0x30, 0xff, 0xc8, 0x98, 0x30, 0xff,
    0xc8, 0x98, 0x30, 0xff, 0xc8, 0x98, 0x30, 0xff, 0xc8, 0x98, 0x30, 0xff,
    0xc8, 0x94, 0x30, 0xff, 0xc8, 0x98, 0x30, 0xff, 0xc8, 0x98, 0x30, 0xff,
    0xc8, 0x98, 0x30, 0xff, 0xc8, 0x98, 0x30, 0xff, 0xc8, 0x98, 0x30, 0xff,
    0xc8, 0x98, 0x30, 0xff, 0xc8, 0x94, 0x30, 0xff, 0xc8, 0x98, 0x30, 0xff,
    0xc8, 0x98, 0x30, 0xff, 0xc8, 0x98, 0x30, 0xff, 0xc8, 0x98, 0x30, 0xff,
    0xc8, 0x98, 0x30, 0xff, 0xc8, 0x98, 0x30, 0xff, 0xc8, 0x98, 0x30, 0xff,
    0xc8, 0x94, 0x30, 0xff, 0xc8, 0x98, 0x30, 0xff, 0xc8, 0x98, 0x30, 0xff,
    0xc8, 0x98, 0x30, 0xff, 0xc8, 0x94, 0x30, 0xff, 0xc8, 0x98, 0x30, 0xff,
    0xc8, 0x98, 0x30, 0xff, 0xc8, 0x98, 0x30, 0xff, 0xc8, 0x98, 0x30, 0xff,
    0xc8, 0x98, 0x30, 0xff, 0xc8, 0x98, 0x30, 0xff, 0xc8, 0x98, 0x30, 0xff,
    0xc8, 0x94, 0x30, 0xff, 0xc8, 0x98, 0x30, 0xff, 0xc8, 0x98, 0x30, 0xff,
    0xc8, 0x98, 0x30, 0xff, 0xc8, 0x94, 0x30, 0xff, 0xc8, 0x98, 0x30, 0xff,
    0xc8, 0x98, 0x30, 0xff, 0xc8, 0x98, 0x30, 0xff, 0xc8, 0x98, 0x30, 0xff,
    0xc8, 0x98, 0x30, 0xff, 0xc8, 0x98, 0x30, 0xff, 0xc8, 0x98, 0x30, 0xff,
    0xc8, 0x94, 0x30, 0xff, 0xc8, 0x98, 0x30, 0xff, 0xc8, 0x98, 0x30, 0xff,
    0xc8, 0x98, 0x30, 0xff, 0xc8, 0x94, 0x30, 0xff, 0xc8, 0x98, 0x30, 0xff,
    0xc8, 0x98, 0x30, 0xff, 0xc8, 0x98, 0x30, 0xff, 0xc8, 0x98, 0x30, 0xff,
    0xc8, 0x98, 0x30, 0xff, 0xc8, 0x98, 0x30, 0xff, 0xc8, 0x98, 0x30, 0xff,
    0xc8, 0x94, 0x30, 0xff, 0xc8, 0x98, 0x30, 0xff, 0xc8, 0x98, 0x30, 0xff,
    0xc8, 0x98, 0x30, 0xff, 0xc8, 0x94, 0x30, 0xff, 0xc8, 0x98, 0x30, 0xff,
    0xc8, 0x98, 0x30, 0xff, 0xc8, 0x98, 0x30, 0xff, 0xc8, 0x98, 0x30, 0xff,
    0xc8, 0x98, 0x30, 0xff, 0xc8, 0x98, 0x30, 0xff, 0xc8, 0x98, 0x30, 0xff,
    0xc8, 0x94, 0x30, 0xff, 0xc8, 0x98, 0x30, 0xff, 0xc8, 0x98, 0x30, 0xff,
    0xc8, 0x98, 0x30, 0xff, 0xc8, 0x94, 0x30, 0xff, 0xc8, 0x98, 0x30, 0xff,
    0xc8, 0x98, 0x30, 0xff, 0xc8, 0x98, 0x30, 0xff, 0xc8, 0x98, 0x30, 0xff,
    0xc8, 0x98, 0x30, 0xff, 0xc8, 0x98, 0x30, 0xff, 0xc8, 0x98, 0x30, 0xff,
    0xc8, 0x94, 0x30, 0xff, 0xc8, 0x98, 0x30, 0xff, 0xc8, 0x98, 0x30, 0xff,
    0xc8, 0x98, 0x30, 0xff, 0xc8, 0x94, 0x30, 0xff, 0xc8, 0x98, 0x30, 0xff,
    0xc8, 0x98, 0x30, 0xff, 0xc8, 0x98, 0x30, 0xff, 0xc8, 0x98, 0x30, 0xff,
    0xc8, 0x98, 0x30, 0xff, 0xc8, 0x98, 0x30, 0xff, 0xc8, 0x98, 0x30, 0xff,
    0xc8, 0x94, 0x30, 0xff, 0xc8, 0x98, 0x30, 0xff, 0xc8, 0x98, 0x30, 0xff,
    0xc8, 0x98, 0x30, 0xff, 0xc8, 0x94, 0x30, 0xff, 0xc8, 0x98, 0x30, 0xff,
    0xc8, 0x98, 0x30, 0xff, 0xc8, 0x98, 0x30, 0xff, 0xc8, 0x98, 0x30, 0xff,
    0xc8, 0x98, 0x30, 0xff, 0xc8, 0x98, 0x30, 0xff, 0xc8, 0x98, 0x30, 0xff,
    0xc8, 0x94, 0x30, 0xff, 0xc8, 0x98, 0x30, 0xff, 0xc8, 0x98, 0x30, 0xff,
    0xc8, 0x98, 0x30, 0xff, 0xc8, 0x94, 0x30, 0xff, 0xc8, 0x98, 0x30, 0xff,
    0xc8, 0x98, 0x30, 0xff, 0xc8, 0x98, 0x30, 0xff, 0xc8, 0x98, 0x30, 0xff,
    0xc8, 0x98, 0x30, 0xff, 0xc8, 0x98, 0x30, 0xff, 0xc8, 0x98, 0x30, 0xff,
    0xc8, 0x94, 0x30, 0xff, 0xc8, 0x98, 0x30, 0xff, 0xc8, 0x98, 0x30, 0xff,
    0xc8, 0x98, 0x30, 0xff, 0xc8, 0x94, 0x30, 0xff, 0xc8, 0x98, 0x30, 0xff,
    0xc8, 0x98, 0x30, 0xff, 0xc8, 0x98, 0x30, 0xff, 0xc8, 0x98, 0x30, 0xff,
    0xc8, 0x98, 0x38, 0xff, 0xc8, 0x98, 0x30, 0xff, 0xc8, 0x98, 0x30, 0xff,
    0xc8, 0x98, 0x30, 0xff, 0xc8, 0x98, 0x38, 0xff, 0xc8, 0x98, 0x30, 0xff,
    0xc8, 0x94, 0x30, 0xff, 0xc8, 0x98, 0x38, 0xff, 0xc8, 0x98, 0x30, 0xff,
    0xc8, 0x94, 0x30, 0xff, 0xc8, 0x98, 0x30, 0xff, 0xc8, 0x98, 0x30, 0xff,
    0xc8, 0x94, 0x30, 0xff, 0xc8, 0x98, 0x38, 0xff, 0xc8, 0x98, 0x30, 0xff,
    0xc8, 0x98, 0x30, 0xff, 0xc8, 0x98, 0x30, 0xcf, 0xd0, 0xa0, 0x30, 0x10,
    0x00, 0x00, 0x00, 0x00, 0x00, 0x00, 0x00, 0x00, 0x00, 0x00, 0x00, 0x00,
    0x00, 0x00, 0x00, 0x00, 0x00, 0x00, 0x00, 0x00, 0x00, 0x00, 0x00, 0x00,
    0x00, 0x00, 0x00, 0x00, 0x00, 0x00, 0x00, 0x00, 0x00, 0x00, 0x00, 0x00,
    0x00, 0x00, 0x00, 0x00, 0x00, 0x00, 0x00, 0x00, 0x00, 0x00, 0x00, 0x00,
    0x00, 0x00, 0x00, 0x00, 0xd0, 0xa0, 0x30, 0x10, 0xc8, 0x98, 0x30, 0xcf,
    0xc8, 0x94, 0x30, 0xff, 0xc8, 0x98, 0x30, 0xff, 0xc8, 0x98, 0x30, 0xff,
    0xc8, 0x98, 0x30, 0xff, 0xc8, 0x98, 0x38, 0xff, 0xc8, 0x94, 0x30, 0xff,
    0xc8, 0x98, 0x30, 0xff, 0xc8, 0x98, 0x30, 0xff, 0xc8, 0x94, 0x30, 0xff,
    0xc8, 0x98, 0x38, 0xff, 0xc8, 0x94, 0x30, 0xff, 0xc8, 0x98, 0x38, 0xff,
    0xc8, 0x98, 0x30, 0xff, 0xc8, 0x98, 0x38, 0xff, 0xc8, 0x94, 0x30, 0xff,
    0xc8, 0x98, 0x38, 0xff, 0xc8, 0x98, 0x30, 0xff, 0xc8, 0x98, 0x38, 0xff,
    0xc8, 0x94, 0x30, 0xff, 0xc8, 0x98, 0x38, 0xff, 0xc8, 0x94, 0x30, 0xff,
    0xc8, 0x98, 0x38, 0xff, 0xc8, 0x98, 0x30, 0xff, 0xc8, 0x94, 0x30, 0xff,
    0xc8, 0x98, 0x38, 0xff, 0xc8, 0x94, 0x30, 0xff, 0xc8, 0x98, 0x38, 0xff,
    0xc8, 0x98, 0x30, 0xff, 0xc8, 0x94, 0x38, 0xff, 0xc8, 0x98, 0x30, 0xff,
    0xc8, 0x94, 0x38, 0xff, 0xc8, 0x94, 0x30, 0xff, 0xc8, 0x98, 0x30, 0xff,
    0xc8, 0x94, 0x38, 0xff, 0xc8, 0x94, 0x30, 0xff, 0xc8, 0x98, 0x38, 0xff,
    0xc8, 0x98, 0x30, 0xff, 0xc8, 0x98, 0x38, 0xff, 0xc8, 0x98, 0x30, 0xff,
    0xc8, 0x98, 0x38, 0xff, 0xc8, 0x94, 0x30, 0xff, 0xc8, 0x98, 0x30, 0xff,
    0xc8, 0x94, 0x38, 0xff, 0xc8, 0x94, 0x30, 0xff, 0xc8, 0x98, 0x38, 0xff,
    0xc8, 0x94, 0x30, 0xff, 0xc8, 0x94, 0x38, 0xff, 0xc8, 0x98, 0x30, 0xff,
    0xc8, 0x98, 0x38, 0xff, 0xc8, 0x98, 0x30, 0xff, 0xc8, 0x98, 0x30, 0xff,
    0xc8, 0x98, 0x38, 0xff, 0xc8, 0x94, 0x30, 0xff, 0xc8, 0x98, 0x38, 0xff,
    0xc8, 0x94, 0x30, 0xff, 0xc8, 0x94, 0x38, 0xff, 0xc8, 0x98, 0x30, 0xff,
    0xc8, 0x94, 0x38, 0xff, 0xc8, 0x94, 0x30, 0xff, 0xc8, 0x98, 0x30, 0xff,
    0xc8, 0x98, 0x38, 0xff, 0xc8, 0x98, 0x30, 0xff, 0xc8, 0x98, 0x38, 0xff,
    0xc8, 0x98, 0x30, 0xff, 0xc8, 0x94, 0x38, 0xff, 0xc8, 0x98, 0x30, 0xff,
    0xc8, 0x94, 0x38, 0xff, 0xc8, 0x94, 0x30, 0xff, 0xc8, 0x98, 0x30, 0xff,
    0xc8, 0x94, 0x38, 0xff, 0xc8, 0x94, 0x30, 0xff, 0xc8, 0x98, 0x38, 0xff,
    0xc8, 0x98, 0x30, 0xff, 0xc8, 0x98, 0x38, 0xff, 0xc8, 0x98, 0x30, 0xff,
    0xc8, 0x98, 0x38, 0xff, 0xc8, 0x94, 0x30, 0xff, 0xc8, 0x98, 0x30, 0xff,
    0xc8, 0x94, 0x38, 0xff, 0xc8, 0x94, 0x30, 0xff, 0xc8, 0x98, 0x38, 0xff,
    0xc8, 0x94, 0x30, 0xff, 0xc8, 0x94, 0x38, 0xff, 0xc8, 0x98, 0x30, 0xff,
    0xc8, 0x98, 0x38, 0xff, 0xc8, 0x98, 0x30, 0xff, 0xc8, 0x98, 0x30, 0xff,
    0xc8, 0x98, 0x38, 0xff, 0xc8, 0x94, 0x30, 0xff, 0xc8, 0x98, 0x38, 0xff,
    0xc8, 0x94, 0x30, 0xff, 0xc8, 0x94, 0x38, 0xff, 0xc8, 0x98, 0x30, 0xff,
    0xc8, 0x94, 0x38, 0xff, 0xc8, 0x94, 0x30, 0xff, 0xc8, 0x98, 0x30, 0xff,
    0xc8, 0x98, 0x38, 0xff, 0xc8, 0x98, 0x30, 0xff, 0xc8, 0x98, 0x38, 0xff,
    0xc8, 0x98, 0x30, 0xff, 0xc8, 0x94, 0x38, 0xff, 0xc8, 0x98, 0x30, 0xff,
    0xc8, 0x94, 0x38, 0xff, 0xc8, 0x94, 0x30, 0xff, 0xc8, 0x98, 0x30, 0xff,
    0xc8, 0x94, 0x38, 0xff, 0xc8, 0x94, 0x30, 0xff, 0xc8, 0x98, 0x38, 0xff,
    0xc8, 0x98, 0x30, 0xff, 0xc8, 0x98, 0x38, 0xff, 0xc8, 0x98, 0x30, 0xff,
    0xc8, 0x98, 0x38, 0xff, 0xc8, 0x94, 0x30, 0xff, 0xc8, 0x98, 0x30, 0xff,
    0xc8, 0x94, 0x38, 0xff, 0xc8, 0x94, 0x30, 0xff, 0xc8, 0x98, 0x38, 0xff,
    0xc8, 0x94, 0x30, 0xff, 0xc8, 0x94, 0x38, 0xff, 0xc8, 0x98, 0x30, 0xff,
    0xc8, 0x98, 0x38, 0xff, 0xc8, 0x98, 0x30, 0xff, 0xc8, 0x98, 0x30, 0xff,
    0xc8, 0x98, 0x38, 0xff, 0xc8, 0x94, 0x30, 0xff, 0xc8, 0x98, 0x38, 0xff,
    0xc8, 0x94, 0x30, 0xff, 0xc8, 0x94, 0x38, 0xff, 0xc8, 0x98, 0x30, 0xff,
    0xc8, 0x94, 0x38, 0xff, 0xc8, 0x94, 0x30, 0xff, 0xc8, 0x98, 0x30, 0xff,
    0xc8, 0x98, 0x38, 0xff, 0xc8, 0x98, 0x30, 0xff, 0xc8, 0x98, 0x38, 0xff,
    0xc8, 0x98, 0x30, 0xff, 0xc8, 0x94, 0x38, 0xff, 0xc8, 0x98, 0x30, 0xff,
    0xc8, 0x94, 0x38, 0xff, 0xc8, 0x94, 0x30, 0xff, 0xc8, 0x98, 0x30, 0xff,
    0xc8, 0x94, 0x38, 0xff, 0xc8, 0x98, 0x30, 0xff, 0xc8, 0x94, 0x30, 0xff,
    0xc8, 0x98, 0x30, 0xff, 0xc8, 0x94, 0x30, 0xff, 0xc8, 0x98, 0x30, 0xff,
    0xc8, 0x98, 0x38, 0xff, 0xc8, 0x98, 0x30, 0xff, 0xc8, 0x98, 0x30, 0xff,
    0xc8, 0x98, 0x38, 0xff, 0xc8, 0x94, 0x30, 0xff, 0xc8, 0x98, 0x38, 0xff,
    0xc8, 0x98, 0x30, 0xff, 0xc8, 0x98, 0x30, 0xff, 0xc8, 0x98, 0x38, 0xff,
    0xc8, 0x98, 0x30, 0xff, 0xc8, 0x94, 0x30, 0xff, 0xc8, 0x98, 0x38, 0xff,
    0xc8, 0x98, 0x30, 0xcf, 0xd0, 0xa0, 0x30, 0x10, 0x00, 0x00, 0x00, 0x00,
    0x00, 0x00, 0x00, 0x00, 0x00, 0x00, 0x00, 0x00, 0x00, 0x00, 0x00, 0x00,
    0x00, 0x00, 0x00, 0x00, 0x00, 0x00, 0x00, 0x00, 0x00, 0x00, 0x00, 0x00,
    0x00, 0x00, 0x00, 0x00, 0x00, 0x00, 0x00, 0x00, 0x00, 0x00, 0x00, 0x00,
    0x00, 0x00, 0x00, 0x00, 0x00, 0x00, 0x00, 0x00, 0xc8, 0x98, 0x30, 0xcf,
    0xc8, 0x98, 0x30, 0xff, 0xc8, 0x94, 0x38, 0xff, 0xc8, 0x98, 0x30, 0xff,
    0xc8, 0x98, 0x30, 0xff, 0xc8, 0x94, 0x30, 0xff, 0xc8, 0x98, 0x30, 0xff,
    0xc8, 0x98, 0x38, 0xff, 0xc8, 0x94, 0x30, 0xff, 0xc8, 0x98, 0x30, 0xff,
    0xc8, 0x98, 0x38, 0xff, 0xc8, 0x94, 0x30, 0xff, 0xc8, 0x98, 0x30, 0xff,
    0xc8, 0x98, 0x30, 0xff, 0xc8, 0x94, 0x38, 0xff, 0xc8, 0x98, 0x30, 0xff,
    0xc8, 0x98, 0x30, 0xff, 0xc8, 0x94, 0x30, 0xff, 0xc8, 0x98, 0x38, 0xff,
    0xc8, 0x98, 0x30, 0xff, 0xc8, 0x98, 0x30, 0xff, 0xc8, 0x98, 0x30, 0xff,
    0xc8, 0x98, 0x30, 0xff, 0xc8, 0x98, 0x38, 0xff, 0xc8, 0x98, 0x30, 0xff,
    0xc8, 0x98, 0x30, 0xff, 0xc8, 0x98, 0x38, 0xff, 0xc8, 0x94, 0x30, 0xff,
    0xc8, 0x98, 0x30, 0xff, 0xc8, 0x98, 0x30, 0xff, 0xc8, 0x98, 0x30, 0xff,
    0xc8, 0x98, 0x38, 0xff, 0xc8, 0x98, 0x30, 0xff, 0xc8, 0x98, 0x30, 0xff,
    0xc8, 0x98, 0x38, 0xff, 0xc8, 0x98, 0x30, 0xff, 0xc8, 0x98, 0x30, 0xff,
    0xc8, 0x94, 0x30, 0xff, 0xc8, 0x98, 0x30, 0xff, 0xc8, 0x94, 0x30, 0xff,
    0xc8, 0x98, 0x38, 0xff, 0xc8, 0x98, 0x30, 0xff, 0xc8, 0x98, 0x30, 0xff,
    0xc8, 0x98, 0x38, 0xff, 0xc8, 0x98, 0x30, 0xff, 0xc8, 0x98, 0x30, 0xff,
    0xc8, 0x98, 0x30, 0xff, 0xc8, 0x98, 0x30, 0xff, 0xc8, 0x98, 0x30, 0xff,
    0xc8, 0x94, 0x38, 0xff, 0xc8, 0x98, 0x30, 0xff, 0xc8, 0x94, 0x30, 0xff,
    0xc8, 0x98, 0x38, 0xff, 0xc8, 0x98, 0x30, 0xff, 0xc8, 0x98, 0x30, 0xff,
    0xc8, 0x98, 0x30, 0xff, 0xc8, 0x98, 0x30, 0xff, 0xc8, 0x98, 0x30, 0xff,
    0xc8, 0x98, 0x38, 0xff, 0xc8, 0x98, 0x30, 0xff, 0xc8, 0x98, 0x30, 0xff,
    0xc8, 0x94, 0x38, 0xff, 0xc8, 0x98, 0x30, 0xff, 0xc8, 0x94, 0x30, 0xff,
    0xc8, 0x98, 0x30, 0xff, 0xc8, 0x98, 0x30, 0xff, 0xc8, 0x98, 0x30, 0xff,
    0xc8, 0x98, 0x38, 0xff, 0xc8, 0x98, 0x30, 0xff, 0xc8, 0x98, 0x30, 0xff,
    0xc8, 0x98, 0x38, 0xff, 0xc8, 0x98, 0x30, 0xff, 0xc8, 0x98, 0x30, 0xff,
    0xc8, 0x94, 0x30, 0xff, 0xc8, 0x98, 0x30, 0xff, 0xc8, 0x94, 0x30, 0xff,
    0xc8, 0x98, 0x38, 0xff, 0xc8, 0x98, 0x30, 0xff, 0xc8, 0x98, 0x30, 0xff,
    0xc8, 0x98, 0x38, 0xff, 0xc8, 0x98, 0x30, 0xff, 0xc8, 0x98, 0x30, 0xff,
    0xc8, 0x98, 0x30, 0xff, 0xc8, 0x98, 0x30, 0xff, 0xc8, 0x98, 0x30, 0xff,
    0xc8, 0x94, 0x38, 0xff, 0xc8, 0x98, 0x30, 0xff, 0xc8, 0x94, 0x30, 0xff,
    0xc8, 0x98, 0x38, 0xff, 0xc8, 0x98, 0x30, 0xff, 0xc8, 0x98, 0x30, 0xff,
    0xc8, 0x98, 0x30, 0xff, 0xc8, 0x98, 0x30, 0xff, 0xc8, 0x98, 0x30, 0xff,
    0xc8, 0x98, 0x38, 0xff, 0xc8, 0x98, 0x30, 0xff, 0xc8, 0x98, 0x30, 0xff,
    0xc8, 0x94, 0x38, 0xff, 0xc8, 0x98, 0x30, 0xff, 0xc8, 0x94, 0x30, 0xff,
    0xc8, 0x98, 0x30, 0xff, 0xc8, 0x98, 0x30, 0xff, 0xc8, 0x98, 0x30, 0xff,
    0xc8, 0x98, 0x38, 0xff, 0xc8, 0x98, 0x30, 0xff, 0xc8, 0x98, 0x30, 0xff,
    0xc8, 0x98, 0x38, 0xff, 0xc8, 0x98, 0x30, 0xff, 0xc8, 0x98, 0x30, 0xff,
    0xc8, 0x94, 0x30, 0xff, 0xc8, 0x98, 0x30, 0xff, 0xc8, 0x94, 0x30, 0xff,
    0xc8, 0x98, 0x38, 0xff, 0xc8, 0x98, 0x30, 0xff, 0xc8, 0x98, 0x30, 0xff,
    0xc8, 0x98, 0x38, 0xff, 0xc8, 0x98, 0x30, 0xff, 0xc8, 0x98, 0x30, 0xff,
    0xc8, 0x98, 0x30, 0xff, 0xc8, 0x98, 0x30, 0xff, 0xc8, 0x98, 0x30, 0xff,
    0xc8, 0x94, 0x38, 0xff, 0xc8, 0x98, 0x30, 0xff, 0xc8, 0x94, 0x30, 0xff,
    0xc8, 0x98, 0x38, 0xff, 0xc8, 0x98, 0x30, 0xff, 0xc8, 0x98, 0x30, 0xff,
    0xc8, 0x98, 0x30, 0xff, 0xc8, 0x98, 0x30, 0xff, 0xc8, 0x98, 0x30, 0xff,
    0xc8, 0x98, 0x38, 0xff, 0xc8, 0x98, 0x30, 0xff, 0xc8, 0x98, 0x30, 0xff,
    0xc8, 0x94, 0x38, 0xff, 0xc8, 0x98, 0x30, 0xff, 0xc8, 0x94, 0x30, 0xff,
    0xc8, 0x98, 0x30, 0xff, 0xc8, 0x98, 0x30, 0xff, 0xc8, 0x98, 0x30, 0xff,
    0xc8, 0x98, 0x38, 0xff, 0xc8, 0x98, 0x30, 0xff, 0xc8, 0x98, 0x30, 0xff,
    0xc8, 0x98, 0x38, 0xff, 0xc8, 0x98, 0x30, 0xff, 0xc8, 0x94, 0x30, 0xff,
    0xc8, 0x98, 0x38, 0xff, 0xc8, 0x98, 0x38, 0xff, 0xc8, 0x98, 0x30, 0xff,
    0xc8, 0x94, 0x30, 0xff, 0xc8, 0x98, 0x30, 0xff, 0xc8, 0x98, 0x30, 0xff,
    0xc8, 0x94, 0x30, 0xff, 0xc8, 0x98, 0x30, 0xff, 0xc8, 0x98, 0x30, 0xff,
    0xc8, 0x98, 0x38, 0xff, 0xc8, 0x94, 0x30, 0xff, 0xc8, 0x98, 0x30, 0xff,
    0xc8, 0x98, 0x30, 0xff, 0xc8, 0x94, 0x30, 0xff, 0xc8, 0x98, 0x38, 0xff,
    0xc8, 0x98, 0x30, 0xff, 0xc8, 0x94, 0x30, 0xff, 0xc8, 0x98, 0x30, 0xcf,
    0x00, 0x00, 0x00, 0x00, 0x00, 0x00, 0x00, 0x00, 0x00, 0x00, 0x00, 0x00,
    0x00, 0x00, 0x00, 0x00, 0x00, 0x00, 0x00, 0x00, 0x00, 0x00, 0x00, 0x00,
    0x00, 0x00, 0x00, 0x00, 0x00, 0x00, 0x00, 0x00, 0x00, 0x00, 0x00, 0x00,
    0x00, 0x00, 0x00, 0x00, 0x00, 0x00, 0x00, 0x00, 0xc8, 0x94, 0x30, 0x8e,
    0xc8, 0x98, 0x30, 0xff, 0xc8, 0x98, 0x30, 0xff, 0xc8, 0x98, 0x30, 0xff,
    0xc8, 0x98, 0x38, 0xff, 0xc8, 0x94, 0x30, 0xff, 0xc8, 0x98, 0x38, 0xff,
    0xc8, 0x98, 0x30, 0xff, 0xc8, 0x98, 0x30, 0xff, 0xc8, 0x98, 0x38, 0xff,
    0xc8, 0x98, 0x30, 0xff, 0xc8, 0x98, 0x30, 0xff, 0xc8, 0x98, 0x30, 0xff,
    0xc8, 0x98, 0x30, 0xff, 0xc8, 0x98, 0x30, 0xff, 0xc8, 0x94, 0x30, 0xff,
    0xc8, 0x98, 0x30, 0xff, 0xc8, 0x98, 0x30, 0xff, 0xc8, 0x98, 0x30, 0xff,
    0xc8, 0x94, 0x30, 0xff, 0xc8, 0x98, 0x30, 0xff, 0xc8, 0x98, 0x30, 0xff,
    0xc8, 0x94, 0x30, 0xff, 0xc8, 0x98, 0x30, 0xff, 0xc8, 0x94, 0x30, 0xff,
    0xc8, 0x98, 0x30, 0xff, 0xc8, 0x98, 0x30, 0xff, 0xc8, 0x98, 0x30, 0xff,
    0xc8, 0x98, 0x30, 0xff, 0xc8, 0x94, 0x30, 0xff, 0xc8, 0x98, 0x38, 0xff,
    0xc8, 0x98, 0x30, 0xff, 0xc8, 0x94, 0x30, 0xff, 0xc8, 0x98, 0x30, 0xff,
    0xc8, 0x98, 0x30, 0xff, 0xc8, 0x98, 0x30, 0xff, 0xc8, 0x98, 0x30, 0xff,
    0xc8, 0x98, 0x38, 0xff, 0xc8, 0x98, 0x30, 0xff, 0xc8, 0x98, 0x30, 0xff,
    0xc8, 0x94, 0x30, 0xff, 0xc8, 0x98, 0x30, 0xff, 0xc8, 0x98, 0x30, 0xff,
    0xc8, 0x94, 0x30, 0xff, 0xc8, 0x98, 0x30, 0xff, 0xc8, 0x98, 0x30, 0xff,
    0xc8, 0x98, 0x38, 0xff, 0xc8, 0x98, 0x30, 0xff, 0xc8, 0x98, 0x30, 0xff,
    0xc8, 0x98, 0x30, 0xff, 0xc8, 0x98, 0x30, 0xff, 0xc8, 0x98, 0x30, 0xff,
    0xc8, 0x94, 0x30, 0xff, 0xc8, 0x98, 0x30, 0xff, 0xc8, 0x98, 0x30, 0xff,
    0xc8, 0x94, 0x38, 0xff, 0xc8, 0x98, 0x30, 0xff, 0xc8, 0x98, 0x30, 0xff,
    0xc8, 0x98, 0x30, 0xff, 0xc8, 0x98, 0x30, 0xff, 0xc8, 0x98, 0x30, 0xff,
    0xc8, 0x98, 0x30, 0xff, 0xc8, 0x98, 0x30, 0xff, 0xc8, 0x98, 0x30, 0xff,
    0xc8, 0x94, 0x38, 0xff, 0xc8, 0x98, 0x30, 0xff, 0xc8, 0x98, 0x30, 0xff,
    0xc8, 0x94, 0x30, 0xff, 0xc8, 0x98, 0x30, 0xff, 0xc8, 0x98, 0x30, 0xff,
    0xc8, 0x98, 0x30, 0xff, 0xc8, 0x98, 0x30, 0xff, 0xc8, 0x98, 0x30, 0xff,
    0xc8, 0x98, 0x38, 0xff, 0xc8, 0x98, 0x30, 0xff, 0xc8, 0x98, 0x30, 0xff,
    0xc8, 0x94, 0x30, 0xff, 0xc8, 0x98, 0x30, 0xff, 0xc8, 0x98, 0x30, 0xff,
    0xc8, 0x94, 0x30, 0xff, 0xc8, 0x98, 0x30, 0xff, 0xc8, 0x98, 0x30, 0xff,
    0xc8, 0x98, 0x38, 0xff, 0xc8, 0x98, 0x30, 0xff, 0xc8, 0x98, 0x30, 0xff,
    0xc8, 0x98, 0x30, 0xff, 0xc8, 0x98, 0x30, 0xff, 0xc8, 0x98, 0x30, 0xff,
    0xc8, 0x94, 0x30, 0xff, 0xc8, 0x98, 0x30, 0xff, 0xc8, 0x98, 0x30, 0xff,
    0xc8, 0x94, 0x38, 0xff, 0xc8, 0x98, 0x30, 0xff, 0xc8, 0x98, 0x30, 0xff,
    0xc8, 0x98, 0x30, 0xff, 0xc8, 0x98, 0x30, 0xff, 0xc8, 0x98, 0x30, 0xff,
    0xc8, 0x98, 0x30, 0xff, 0xc8, 0x98, 0x30, 0xff, 0xc8, 0x98, 0x30, 0xff,
    0xc8, 0x94, 0x38, 0xff, 0xc8, 0x98, 0x30, 0xff, 0xc8, 0x98, 0x30, 0xff,
    0xc8, 0x94, 0x30, 0xff, 0xc8, 0x98, 0x30, 0xff, 0xc8, 0x98, 0x30, 0xff,
    0xc8, 0x98, 0x30, 0xff, 0xc8, 0x98, 0x30, 0xff, 0xc8, 0x98, 0x30, 0xff,
    0xc8, 0x98, 0x38, 0xff, 0xc8, 0x98, 0x30, 0xff, 0xc8, 0x98, 0x30, 0xff,
    0xc8, 0x94, 0x30, 0xff, 0xc8, 0x98, 0x30, 0xff, 0xc8, 0x98, 0x30, 0xff,
    0xc8, 0x94, 0x30, 0xff, 0xc8, 0x98, 0x30, 0xff, 0xc8, 0x98, 0x30, 0xff,
    0xc8, 0x98, 0x38, 0xff, 0xc8, 0x98, 0x30, 0xff, 0xc8, 0x98, 0x30, 0xff,
    0xc8, 0x98, 0x30, 0xff, 0xc8, 0x98, 0x30, 0xff, 0xc8, 0x98, 0x30, 0xff,
    0xc8, 0x94, 0x30, 0xff, 0xc8, 0x98, 0x30, 0xff, 0xc8, 0x98, 0x30, 0xff,
    0xc8, 0x94, 0x38, 0xff, 0xc8, 0x98, 0x30, 0xff, 0xc8, 0x98, 0x30, 0xff,
    0xc8, 0x98, 0x30, 0xff, 0xc8, 0x98, 0x30, 0xff, 0xc8, 0x98, 0x30, 0xff,
    0xc8, 0x98, 0x30, 0xff, 0xc8, 0x98, 0x30, 0xff, 0xc8, 0x98, 0x30, 0xff,
    0xc8, 0x94, 0x38, 0xff, 0xc8, 0x98, 0x30, 0xff, 0xc8, 0x98, 0x30, 0xff,
    0xc8, 0x94, 0x30, 0xff, 0xc8, 0x98, 0x30, 0xff, 0xc8, 0x98, 0x30, 0xff,
    0xc8, 0x98, 0x30, 0xff, 0xc8, 0x98, 0x30, 0xff, 0xc8, 0x98, 0x30, 0xff,
    0xc8, 0x98, 0x30, 0xff, 0xc8, 0x98, 0x30, 0xff, 0xc8, 0x98, 0x30, 0xff,
    0xc8, 0x98, 0x38, 0xff, 0xc8, 0x94, 0x30, 0xff, 0xc8, 0x98, 0x30, 0xff,
    0xc8, 0x98, 0x38, 0xff, 0xc8, 0x94, 0x38, 0xff, 0xc8, 0x98, 0x30, 0xff,
    0xc8, 0x98, 0x30, 0xff, 0xc8, 0x94, 0x30, 0xff, 0xc8, 0x98, 0x30, 0xff,
    0xc8, 0x98, 0x38, 0xff, 0xc8, 0x94, 0x30, 0xff, 0xc8, 0x98, 0x30, 0xff,
    0xc8, 0x98, 0x30, 0xff, 0xc8, 0x98, 0x30, 0xff, 0xc8, 0x94, 0x30, 0xff,
    0xc8, 0x98, 0x30, 0xff, 0xc8, 0x94, 0x30, 0x8e, 0x00, 0x00, 0x00, 0x00,
    0x00, 0x00, 0x00, 0x00, 0x00, 0x00, 0x00, 0x00, 0x00, 0x00, 0x00, 0x00,
    0x00, 0x00, 0x00, 0x00, 0x00, 0x00, 0x00, 0x00, 0x00, 0x00, 0x00, 0x00,
    0x00, 0x00, 0x00, 0x00, 0x00, 0x00, 0x00, 0x00, 0xc8, 0x98, 0x30, 0x61,
    0xc8, 0x98, 0x30, 0xff, 0xc8, 0x94, 0x38, 0xff, 0xc8, 0x98, 0x30, 0xff,
    0xc8, 0x98, 0x30, 0xff, 0xc8, 0x94, 0x30, 0xff, 0xc8, 0x98, 0x30, 0xff,
    0xc8, 0x98, 0x30, 0xff, 0xc8, 0x94, 0x30, 0xff, 0xc8, 0x98, 0x30, 0xff,
    0xc8, 0x98, 0x30, 0xff, 0xc8, 0x94, 0x38, 0xff, 0xc8, 0x98, 0x30, 0xff,
    0xc8, 0x94, 0x38, 0xff, 0xc8, 0x98, 0x38, 0xff, 0xc8, 0x98, 0x30, 0xff,
    0xc8, 0x98, 0x30, 0xff, 0xc8, 0x98, 0x38, 0xff, 0xc8, 0x98, 0x38, 0xff,
    0xc8, 0x98, 0x30, 0xff, 0xc8, 0x98, 0x30, 0xff, 0xc8, 0x94, 0x38, 0xff,
    0xc8, 0x98, 0x38, 0xff, 0xc8, 0x98, 0x30, 0xff, 0xc8, 0x94, 0x38, 0xff,
    0xc8, 0x98, 0x30, 0xff, 0xc8, 0x98, 0x38, 0xff, 0xc8, 0x94, 0x38, 0xff,
    0xc8, 0x98, 0x30, 0xff, 0xc8, 0x98, 0x30, 0xff, 0xc8, 0x94, 0x38, 0xff,
    0xc8, 0x98, 0x30, 0xff, 0xc8, 0x98, 0x30, 0xff, 0xc8, 0x94, 0x30, 0xff,
    0xc8, 0x98, 0x38, 0xff, 0xc8, 0x94, 0x30, 0xff, 0xc8, 0x94, 0x30, 0xff,
    0xc8, 0x98, 0x38, 0xff, 0xc8, 0x94, 0x30, 0xff, 0xc8, 0x98, 0x38, 0xff,
    0xc8, 0x98, 0x30, 0xff, 0xc8, 0x98, 0x38, 0xff, 0xc8, 0x98, 0x30, 0xff,
    0xc8, 0x94, 0x38, 0xff, 0xc8, 0x98, 0x30, 0xff, 0xc8, 0x98, 0x30, 0xff,
    0xc8, 0x94, 0x38, 0xff, 0xc8, 0x94, 0x30, 0xff, 0xc8, 0x98, 0x38, 0xff,
    0xc8, 0x94, 0x30, 0xff, 0xc8, 0x94, 0x38, 0xff, 0xc8, 0x98, 0x30, 0xff,
    0xc8, 0x98, 0x38, 0xff, 0xc8, 0x98, 0x30, 0xff, 0xc8, 0x98, 0x30, 0xff,
    0xc8, 0x94, 0x38, 0xff, 0xc8, 0x98, 0x30, 0xff, 0xc8, 0x98, 0x38, 0xff,
    0xc8, 0x94, 0x30, 0xff, 0xc8, 0x94, 0x38, 0xff, 0xc8, 0x98, 0x30, 0xff,
    0xc8, 0x94, 0x38, 0xff, 0xc8, 0x94, 0x30, 0xff, 0xc8, 0x98, 0x30, 0xff,
    0xc8, 0x98, 0x38, 0xff, 0xc8, 0x98, 0x30, 0xff, 0xc8, 0x98, 0x38, 0xff,
    0xc8, 0x94, 0x30, 0xff, 0xc8, 0x98, 0x38, 0xff, 0xc8, 0x98, 0x30, 0xff,
    0xc8, 0x94, 0x38, 0xff, 0xc8, 0x94, 0x30, 0xff, 0xc8, 0x98, 0x30, 0xff,
    0xc8, 0x94, 0x38, 0xff, 0xc8, 0x94, 0x30, 0xff, 0xc8, 0x98, 0x38, 0xff,
    0xc8, 0x98, 0x30, 0xff, 0xc8, 0x98, 0x38, 0xff, 0xc8, 0x98, 0x30, 0xff,
    0xc8, 0x94, 0x38, 0xff, 0xc8, 0x98, 0x30, 0xff, 0xc8, 0x98, 0x30, 0xff,
    0xc8, 0x94, 0x38, 0xff, 0xc8, 0x94, 0x30, 0xff, 0xc8, 0x98, 0x38, 0xff,
    0xc8, 0x94, 0x30, 0xff, 0xc8, 0x94, 0x38, 0xff, 0xc8, 0x98, 0x30, 0xff,
    0xc8, 0x98, 0x38, 0xff, 0xc8, 0x98, 0x30, 0xff, 0xc8, 0x98, 0x30, 0xff,
    0xc8, 0x94, 0x38, 0xff, 0xc8, 0x98, 0x30, 0xff, 0xc8, 0x98, 0x38, 0xff,
    0xc8, 0x94, 0x30, 0xff, 0xc8, 0x94, 0x38, 0xff, 0xc8, 0x98, 0x30, 0xff,
    0xc8, 0x94, 0x38, 0xff, 0xc8, 0x94, 0x30, 0xff, 0xc8, 0x98, 0x30, 0xff,
    0xc8, 0x98, 0x38, 0xff, 0xc8, 0x98, 0x30, 0xff, 0xc8, 0x98, 0x38, 0xff,
    0xc8, 0x94, 0x30, 0xff, 0xc8, 0x98, 0x38, 0xff, 0xc8, 0x98, 0x30, 0xff,
    0xc8, 0x94, 0x38, 0xff, 0xc8, 0x94, 0x30, 0xff, 0xc8, 0x98, 0x30, 0xff,
    0xc8, 0x94, 0x38, 0xff, 0xc8, 0x94, 0x30, 0xff, 0xc8, 0x98, 0x38, 0xff,
    0xc8, 0x98, 0x30, 0xff, 0xc8, 0x98, 0x38, 0xff, 0xc8, 0x98, 0x30, 0xff,
    0xc8, 0x94, 0x38, 0xff, 0xc8, 0x98, 0x30, 0xff, 0xc8, 0x98, 0x30, 0xff,
    0xc8, 0x94, 0x38, 0xff, 0xc8, 0x94, 0x30, 0xff, 0xc8, 0x98, 0x38, 0xff,
    0xc8, 0x94, 0x30, 0xff, 0xc8, 0x94, 0x38, 0xff, 0xc8, 0x98, 0x30, 0xff,
    0xc8, 0x98, 0x38, 0xff, 0xc8, 0x98, 0x30, 0xff, 0xc8, 0x98, 0x30, 0xff,
    0xc8, 0x94, 0x38, 0xff, 0xc8, 0x98, 0x30, 0xff, 0xc8, 0x98, 0x38, 0xff,
    0xc8, 0x94, 0x30, 0xff, 0xc8, 0x94, 0x38, 0xff, 0xc8, 0x98, 0x30, 0xff,
    0xc8, 0x94, 0x38, 0xff, 0xc8, 0x94, 0x30, 0xff, 0xc8, 0x98, 0x30, 0xff,
    0xc8, 0x98, 0x38, 0xff, 0xc8, 0x98, 0x30, 0xff, 0xc8, 0x98, 0x38, 0xff,
    0xc8, 0x94, 0x30, 0xff, 0xc8, 0x98, 0x38, 0xff, 0xc8, 0x98, 0x30, 0xff,
    0xc8, 0x94, 0x38, 0xff, 0xc8, 0x94, 0x30, 0xff, 0xc8, 0x98, 0x30, 0xff,
    0xc8, 0x94, 0x38, 0xff, 0xc8, 0x98, 0x30, 0xff, 0xc8, 0x94, 0x30, 0xff,
    0xc8, 0x98, 0x30, 0xff, 0xc8, 0x98, 0x30, 0xff, 0xc8, 0x98, 0x38, 0xff,
    0xc8, 0x98, 0x30, 0xff, 0xc8, 0x98, 0x30, 0xff, 0xc8, 0x98, 0x30, 0xff,
    0xc8, 0x98, 0x30, 0xff, 0xc8, 0x98, 0x38, 0xff, 0xc8, 0x98, 0x30, 0xff,
    0xc8, 0x98, 0x30, 0xff, 0xc8, 0x98, 0x38, 0xff, 0xc8, 0x98, 0x30, 0xff,
    0xc8, 0x98, 0x30, 0xff, 0xc8, 0x98, 0x38, 0xff, 0xc8, 0x94, 0x30, 0xff,
    0xc8, 0x98, 0x38, 0xff, 0xc8, 0x98, 0x30, 0xff, 0xc8, 0x98, 0x30, 0xff,
    0xc8, 0x94, 0x30, 0x71, 0x00, 0x00, 0x00, 0x00, 0x00, 0x00, 0x00, 0x00,
    0x00, 0x00, 0x00, 0x00, 0x00, 0x00, 0x00, 0x00, 0x00, 0x00, 0x00, 0x00,
    0x00, 0x00, 0x00, 0x00, 0x00, 0x00, 0x00, 0x00, 0xc8, 0x98, 0x30, 0x20,
    0xc8, 0x98, 0x30, 0xdf, 0xc8, 0x98, 0x30, 0xff, 0xc8, 0x94, 0x30, 0xff,
    0xc8, 0x98, 0x38, 0xff, 0xc8, 0x98, 0x30, 0xff, 0xc8, 0x98, 0x38, 0xff,
    0xc8, 0x98, 0x30, 0xff, 0xc8, 0x98, 0x30, 0xff, 0xc8, 0x94, 0x38, 0xff,
    0xc8, 0x98, 0x30, 0xff, 0xc8, 0x98, 0x30, 0xff, 0xc8, 0x94, 0x30, 0xff,
    0xc8, 0x98, 0x30, 0xff, 0xc8, 0x98, 0x30, 0xff, 0xc8, 0x94, 0x30, 0xff,
    0xc8, 0x98, 0x30, 0xff, 0xc8, 0x98, 0x30, 0xff, 0xc8, 0x94, 0x30, 0xff,
    0xc8, 0x94, 0x30, 0xff, 0xc8, 0x98, 0x38, 0xff, 0xc8, 0x98, 0x30, 0xff,
    0xc8, 0x98, 0x30, 0xff, 0xc8, 0x98, 0x30, 0xff, 0xc8, 0x98, 0x30, 0xff,
    0xc8, 0x98, 0x30, 0xff, 0xc8, 0x98, 0x30, 0xff, 0xc8, 0x98, 0x30, 0xff,
    0xc8, 0x94, 0x30, 0xff, 0xc8, 0x98, 0x30, 0xff, 0xc8, 0x98, 0x38, 0xff,
    0xc8, 0x98, 0x30, 0xff, 0xc8, 0x98, 0x30, 0xff, 0xc8, 0x98, 0x30, 0xff,
    0xc8, 0x98, 0x38, 0xff, 0xc8, 0x98, 0x30, 0xff, 0xc8, 0x98, 0x30, 0xff,
    0xc8, 0x98, 0x38, 0xff, 0xc8, 0x98, 0x30, 0xff, 0xc8, 0x98, 0x30, 0xff,
    0xc8, 0x94, 0x30, 0xff, 0xc8, 0x98, 0x30, 0xff, 0xc8, 0x98, 0x30, 0xff,
    0xc8, 0x94, 0x38, 0xff, 0xc8, 0x98, 0x30, 0xff, 0xc8, 0x98, 0x30, 0xff,
    0xc8, 0x98, 0x38, 0xff, 0xc8, 0x98, 0x30, 0xff, 0xc8, 0x98, 0x30, 0xff,
    0xc8, 0x98, 0x30, 0xff, 0xc8, 0x98, 0x30, 0xff, 0xc8, 0x98, 0x30, 0xff,
    0xc8, 0x98, 0x38, 0xff, 0xc8, 0x94, 0x30, 0xff, 0xc8, 0x98, 0x30, 0xff,
    0xc8, 0x98, 0x38, 0xff, 0xc8, 0x98, 0x30, 0xff, 0xc8, 0x98, 0x30, 0xff,
    0xc8, 0x98, 0x30, 0xff, 0xc8, 0x98, 0x30, 0xff, 0xc8, 0x98, 0x30, 0xff,
    0xc8, 0x98, 0x38, 0xff, 0xc8, 0x98, 0x30, 0xff, 0xc8, 0x98, 0x30, 0xff,
    0xc8, 0x98, 0x38, 0xff, 0xc8, 0x94, 0x30, 0xff, 0xc8, 0x98, 0x30, 0xff,
    0xc8, 0x98, 0x30, 0xff, 0xc8, 0x98, 0x30, 0xff, 0xc8, 0x98, 0x30, 0xff,
    0xc8, 0x98, 0x38, 0xff, 0xc8, 0x98, 0x30, 0xff, 0xc8, 0x98, 0x30, 0xff,
    0xc8, 0x98, 0x38, 0xff, 0xc8, 0x98, 0x30, 0xff, 0xc8, 0x98, 0x30, 0xff,
    0xc8, 0x98, 0x30, 0xff, 0xc8, 0x94, 0x30, 0xff, 0xc8, 0x98, 0x30, 0xff,
    0xc8, 0x98, 0x38, 0xff, 0xc8, 0x98, 0x30, 0xff, 0xc8, 0x98, 0x30, 0xff,
    0xc8, 0x98, 0x38, 0xff, 0xc8, 0x98, 0x30, 0xff, 0xc8, 0x98, 0x30, 0xff,
    0xc8, 0x98, 0x30, 0xff, 0xc8, 0x98, 0x30, 0xff, 0xc8, 0x98, 0x30, 0xff,
    0xc8, 0x98, 0x38, 0xff, 0xc8, 0x94, 0x30, 0xff, 0xc8, 0x98, 0x30, 0xff,
    0xc8, 0x98, 0x38, 0xff, 0xc8, 0x98, 0x30, 0xff, 0xc8, 0x98, 0x30, 0xff,
    0xc8, 0x98, 0x30, 0xff, 0xc8, 0x98, 0x30, 0xff, 0xc8, 0x98, 0x30, 0xff,
    0xc8, 0x98, 0x38, 0xff, 0xc8, 0x98, 0x30, 0xff, 0xc8, 0x98, 0x30, 0xff,
    0xc8, 0x98, 0x38, 0xff, 0xc8, 0x94, 0x30, 0xff, 0xc8, 0x98, 0x30, 0xff,
    0xc8, 0x98, 0x30, 0xff, 0xc8, 0x98, 0x30, 0xff, 0xc8, 0x98, 0x30, 0xff,
    0xc8, 0x98, 0x38, 0xff, 0xc8, 0x98, 0x30, 0xff, 0xc8, 0x98, 0x30, 0xff,
    0xc8, 0x98, 0x38, 0xff, 0xc8, 0x98, 0x30, 0xff, 0xc8, 0x98, 0x30, 0xff,
    0xc8, 0x98, 0x30, 0xff, 0xc8, 0x94, 0x30, 0xff, 0xc8, 0x98, 0x30, 0xff,
    0xc8, 0x98, 0x38, 0xff, 0xc8, 0x98, 0x30, 0xff, 0xc8, 0x98, 0x30, 0xff,
    0xc8, 0x98, 0x38, 0xff, 0xc8, 0x98, 0x30, 0xff, 0xc8, 0x98, 0x30, 0xff,
    0xc8, 0x98, 0x30, 0xff, 0xc8, 0x98, 0x30, 0xff, 0xc8, 0x98, 0x30, 0xff,
    0xc8, 0x98, 0x38, 0xff, 0xc8, 0x94, 0x30, 0xff, 0xc8, 0x98, 0x30, 0xff,
    0xc8, 0x98, 0x38, 0xff, 0xc8, 0x98, 0x30, 0xff, 0xc8, 0x98, 0x30, 0xff,
    0xc8, 0x98, 0x30, 0xff, 0xc8, 0x98, 0x30, 0xff, 0xc8, 0x98, 0x30, 0xff,
    0xc8, 0x98, 0x38, 0xff, 0xc8, 0x98, 0x30, 0xff, 0xc8, 0x98, 0x30, 0xff,
    0xc8, 0x98, 0x38, 0xff, 0xc8, 0x94, 0x30, 0xff, 0xc8, 0x98, 0x30, 0xff,
    0xc8, 0x98, 0x30, 0xff, 0xc8, 0x98, 0x30, 0xff, 0xc8, 0x98, 0x30, 0xff,
    0xc8, 0x98, 0x38, 0xff, 0xc8, 0x98, 0x30, 0xff, 0xc8, 0x98, 0x30, 0xff,
    0xc8, 0x98, 0x38, 0xff, 0xc8, 0x98, 0x30, 0xff, 0xc8, 0x94, 0x38, 0xff,
    0xc8, 0x98, 0x30, 0xff, 0xc8, 0x98, 0x30, 0xff, 0xc8, 0x94, 0x38, 0xff,
    0xc8, 0x98, 0x30, 0xff, 0xc8, 0x94, 0x30, 0xff, 0xc8, 0x98, 0x30, 0xff,
    0xc8, 0x94, 0x30, 0xff, 0xc8, 0x98, 0x38, 0xff, 0xc8, 0x94, 0x30, 0xff,
    0xc8, 0x98, 0x30, 0xff, 0xc8, 0x94, 0x30, 0xff, 0xc8, 0x98, 0x30, 0xff,
    0xc8, 0x94, 0x30, 0xff, 0xc8, 0x98, 0x38, 0xff, 0xc8, 0x98, 0x30, 0xff,
    0xc8, 0x98, 0x30, 0xff, 0xc8, 0x98, 0x38, 0xff, 0xc8, 0x98, 0x30, 0xff,
    0xc8, 0x98, 0x38, 0xff, 0xc8, 0x94, 0x30, 0xef, 0xc8, 0x98, 0x30, 0x20,
    0x00, 0x00, 0x00, 0x00, 0x00, 0x00, 0x00, 0x00, 0x00, 0x00, 0x00, 0x00,
    0x00, 0x00, 0x00, 0x00, 0x00, 0x00, 0x00, 0x00, 0x00, 0x00, 0x00, 0x00,
    0xc8, 0x94, 0x30, 0x9e, 0xc8, 0x98, 0x30, 0xff, 0xc8, 0x98, 0x30, 0xff,
    0xc8, 0x98, 0x30, 0xff, 0xc8, 0x94, 0x30, 0xff, 0xc8, 0x98, 0x30, 0xff,
    0xc8, 0x98, 0x38, 0xff, 0xc8, 0x94, 0x30, 0xff, 0xc8, 0x98, 0x30, 0xff,
    0xc8, 0x98, 0x38, 0xff, 0xc8, 0x98, 0x30, 0xff, 0xc8, 0x98, 0x30, 0xff,
    0xc8, 0x98, 0x38, 0xff, 0xc8, 0x98, 0x30, 0xff, 0xc8, 0x98, 0x30, 0xff,
    0xc8, 0x98, 0x38, 0xff, 0xc8, 0x94, 0x30, 0xff, 0xc8, 0x98, 0x38, 0xff,
    0xc8, 0x98, 0x30, 0xff, 0xc8, 0x98, 0x30, 0xff, 0xc8, 0x94, 0x30, 0xff,
    0xc8, 0x98, 0x30, 0xff, 0xc8, 0x98, 0x30, 0xff, 0xc8, 0x94, 0x38, 0xff,
    0xc8, 0x94, 0x30, 0xff, 0xc8, 0x98, 0x30, 0xff, 0xc8, 0x98, 0x38, 0xff,
    0xc8, 0x94, 0x30, 0xff, 0xc8, 0x98, 0x30, 0xff, 0xc8, 0x98, 0x30, 0xff,
    0xc8, 0x94, 0x30, 0xff, 0xc8, 0x98, 0x38, 0xff, 0xc8, 0x94, 0x30, 0xff,
    0xc8, 0x98, 0x30, 0xff, 0xc8, 0x98, 0x38, 0xff, 0xc8, 0x94, 0x30, 0xff,
    0xc8, 0x98, 0x30, 0xff, 0xc8, 0x98, 0x30, 0xff, 0xc8, 0x98, 0x30, 0xff,
    0xc8, 0x98, 0x30, 0xff, 0xc8, 0x94, 0x38, 0xff, 0xc8, 0x98, 0x30, 0xff,
    0xc8, 0x98, 0x30, 0xff, 0xc8, 0x98, 0x30, 0xff, 0xc8, 0x98, 0x30, 0xff,
    0xc8, 0x94, 0x30, 0xff, 0xc8, 0x98, 0x30, 0xff, 0xc8, 0x98, 0x30, 0xff,
    0xc8, 0x94, 0x30, 0xff, 0xc8, 0x98, 0x38, 0xff, 0xc8, 0x98, 0x30, 0xff,
    0xc8, 0x98, 0x30, 0xff, 0xc8, 0x94, 0x30, 0xff, 0xc8, 0x98, 0x30, 0xff,
    0xc8, 0x98, 0x30, 0xff, 0xc8, 0x94, 0x30, 0xff, 0xc8, 0x98, 0x30, 0xff,
    0xc8, 0x94, 0x30, 0xff, 0xc8, 0x98, 0x38, 0xff, 0xc8, 0x98, 0x30, 0xff,
    0xc8, 0x94, 0x30, 0xff, 0xc8, 0x98, 0x30, 0xff, 0xc8, 0x98, 0x30, 0xff,
    0xc8, 0x98, 0x30, 0xff, 0xc8, 0x94, 0x30, 0xff, 0xc8, 0x98, 0x30, 0xff,
    0xc8, 0x98, 0x30, 0xff, 0xc8, 0x94, 0x38, 0xff, 0xc8, 0x98, 0x30, 0xff,
    0xc8, 0x94, 0x30, 0xff, 0xc8, 0x98, 0x30, 0xff, 0xc8, 0x98, 0x30, 0xff,
    0xc8, 0x94, 0x30, 0xff, 0xc8, 0x98, 0x30, 0xff, 0xc8, 0x98, 0x30, 0xff,
    0xc8, 0x98, 0x30, 0xff, 0xc8, 0x94, 0x38, 0xff, 0xc8, 0x98, 0x30, 0xff,
    0xc8, 0x98, 0x30, 0xff, 0xc8, 0x94, 0x30, 0xff, 0xc8, 0x98, 0x30, 0xff,
    0xc8, 0x94, 0x30, 0xff, 0xc8, 0x98, 0x30, 0xff, 0xc8, 0x98, 0x30, 0xff,
    0xc8, 0x94, 0x30, 0xff, 0xc8, 0x98, 0x38, 0xff, 0xc8, 0x98, 0x30, 0xff,
    0xc8, 0x98, 0x30, 0xff, 0xc8, 0x94, 0x30, 0xff, 0xc8, 0x98, 0x30, 0xff,
    0xc8, 0x98, 0x30, 0xff, 0xc8, 0x94, 0x30, 0xff, 0xc8, 0x98, 0x30, 0xff,
    0xc8, 0x94, 0x30, 0xff, 0xc8, 0x98, 0x38, 0xff, 0xc8, 0x98, 0x30, 0xff,
    0xc8, 0x94, 0x30, 0xff, 0xc8, 0x98, 0x30, 0xff, 0xc8, 0x98, 0x30, 0xff,
    0xc8, 0x98, 0x30, 0xff, 0xc8, 0x94, 0x30, 0xff, 0xc8, 0x98, 0x30, 0xff,
    0xc8, 0x98, 0x30, 0xff, 0xc8, 0x94, 0x38, 0xff, 0xc8, 0x98, 0x30, 0xff,
    0xc8, 0x94, 0x30, 0xff, 0xc8, 0x98, 0x30, 0xff, 0xc8, 0x98, 0x30, 0xff,
    0xc8, 0x94, 0x30, 0xff, 0xc8, 0x98, 0x30, 0xff, 0xc8, 0x98, 0x30, 0xff,
    0xc8, 0x98, 0x30, 0xff, 0xc8, 0x94, 0x38, 0xff, 0xc8, 0x98, 0x30, 0xff,
    0xc8, 0x98, 0x30, 0xff, 0xc8, 0x94, 0x30, 0xff, 0xc8, 0x98, 0x30, 0xff,
    0xc8, 0x94, 0x30, 0xff, 0xc8, 0x98, 0x30, 0xff, 0xc8, 0x98, 0x30, 0xff,
    0xc8, 0x94, 0x30, 0xff, 0xc8, 0x98, 0x38, 0xff, 0xc8, 0x98, 0x30, 0xff,
    0xc8, 0x98, 0x30, 0xff, 0xc8, 0x94, 0x30, 0xff, 0xc8, 0x98, 0x30, 0xff,
    0xc8, 0x98, 0x30, 0xff, 0xc8, 0x94, 0x30, 0xff, 0xc8, 0x98, 0x30, 0xff,
    0xc8, 0x94, 0x30, 0xff, 0xc8, 0x98, 0x38, 0xff, 0xc8, 0x98, 0x30, 0xff,
    0xc8, 0x94, 0x30, 0xff, 0xc8, 0x98, 0x30, 0xff, 0xc8, 0x98, 0x30, 0xff,
    0xc8, 0x98, 0x30, 0xff, 0xc8, 0x94, 0x30, 0xff, 0xc8, 0x98, 0x30, 0xff,
    0xc8, 0x98, 0x30, 0xff, 0xc8, 0x94, 0x38, 0xff, 0xc8, 0x98, 0x30, 0xff,
    0xc8, 0x94, 0x30, 0xff, 0xc8, 0x98, 0x30, 0xff, 0xc8, 0x98, 0x30, 0xff,
    0xc8, 0x94, 0x30, 0xff, 0xc8, 0x98, 0x30, 0xff, 0xc8, 0x98, 0x30, 0xff,
    0xc8, 0x98, 0x30, 0xff, 0xc8, 0x98, 0x38, 0xff, 0xc8, 0x98, 0x30, 0xff,
    0xc8, 0x94, 0x30, 0xff, 0xc8, 0x98, 0x30, 0xff, 0xc8, 0x98, 0x38, 0xff,
    0xc8, 0x94, 0x30, 0xff, 0xc8, 0x98, 0x30, 0xff, 0xc8, 0x98, 0x38, 0xff,
    0xc8, 0x98, 0x30, 0xff, 0xc8, 0x94, 0x30, 0xff, 0xc8, 0x98, 0x38, 0xff,
    0xc8, 0x98, 0x30, 0xff, 0xc8, 0x98, 0x30, 0xff, 0xc8, 0x94, 0x30, 0xff,
    0xc8, 0x98, 0x30, 0xff, 0xc8, 0x94, 0x30, 0xff, 0xc8, 0x98, 0x30, 0xff,
    0xc8, 0x98, 0x30, 0xff, 0xc8, 0x94, 0x30, 0xff, 0xc8, 0x98, 0x38, 0xff,
    0xc8, 0x94, 0x30, 0xae, 0x00, 0x00, 0x00, 0x00, 0x00, 0x00, 0x00, 0x00,
    0x00, 0x00, 0x00, 0x00, 0x00, 0x00, 0x00, 0x00, 0x00, 0x00, 0x00, 0x00,
    0xc8, 0x98, 0x30, 0x20, 0xc8, 0x98, 0x30, 0xff, 0xc8, 0x94, 0x38, 0xff,
    0xc8, 0x98, 0x38, 0xff, 0xc8, 0x98, 0x30, 0xff, 0xc8, 0x98, 0x30, 0xff,
    0xc8, 0x94, 0x30, 0xff, 0xc8, 0x98, 0x30, 0xff, 0xc8, 0x98, 0x30, 0xff,
    0xc8, 0x94, 0x30, 0xff, 0xc8, 0x98, 0x38, 0xff, 0xc8, 0x94, 0x30, 0xff,
    0xc8, 0x98, 0x30, 0xff, 0xc8, 0x98, 0x38, 0xff, 0xc8, 0x94, 0x30, 0xff,
    0xc8, 0x98, 0x30, 0xff, 0xc8, 0x98, 0x30, 0xff, 0xc8, 0x98, 0x38, 0xff,
    0xc8, 0x94, 0x30, 0xff, 0xc8, 0x98, 0x30, 0xff, 0xc8, 0x98, 0x38, 0xff,
    0xc8, 0x98, 0x30, 0xff, 0xc8, 0x94, 0x30, 0xff, 0xc8, 0x98, 0x38, 0xff,
    0xc8, 0x98, 0x30, 0xff, 0xc8, 0x98, 0x30, 0xff, 0xc8, 0x98, 0x38, 0xff,
    0xc8, 0x94, 0x30, 0xff, 0xc8, 0x98, 0x38, 0xff, 0xc8, 0x98, 0x30, 0xff,
    0xc8, 0x98, 0x30, 0xff, 0xc8, 0x98, 0x38, 0xff, 0xc8, 0x94, 0x30, 0xff,
    0xc8, 0x98, 0x30, 0xff, 0xc8, 0x98, 0x30, 0xff, 0xc8, 0x94, 0x30, 0xff,
    0xc8, 0x98, 0x30, 0xff, 0xc8, 0x98, 0x38, 0xff, 0xc8, 0x94, 0x30, 0xff,
    0xc8, 0x98, 0x30, 0xff, 0xc8, 0x98, 0x38, 0xff, 0xc8, 0x98, 0x30, 0xff,
    0xc8, 0x94, 0x30, 0xff, 0xc8, 0x98, 0x38, 0xff, 0xc8, 0x98, 0x30, 0xff,
    0xc8, 0x94, 0x38, 0xff, 0xc8, 0x98, 0x30, 0xff, 0xc8, 0x98, 0x30, 0xff,
    0xc8, 0x94, 0x38, 0xff, 0xc8, 0x98, 0x30, 0xff, 0xc8, 0x98, 0x30, 0xff,
    0xc8, 0x94, 0x38, 0xff, 0xc8, 0x98, 0x30, 0xff, 0xc8, 0x98, 0x30, 0xff,
    0xc8, 0x98, 0x38, 0xff, 0xc8, 0x98, 0x30, 0xff, 0xc8, 0x94, 0x38, 0xff,
    0xc8, 0x98, 0x30, 0xff, 0xc8, 0x98, 0x30, 0xff, 0xc8, 0x94, 0x38, 0xff,
    0xc8, 0x98, 0x30, 0xff, 0xc8, 0x98, 0x30, 0xff, 0xc8, 0x94, 0x38, 0xff,
    0xc8, 0x98, 0x30, 0xff, 0xc8, 0x98, 0x38, 0xff, 0xc8, 0x94, 0x30, 0xff,
    0xc8, 0x98, 0x30, 0xff, 0xc8, 0x98, 0x38, 0xff, 0xc8, 0x98, 0x30, 0xff,
    0xc8, 0x94, 0x30, 0xff, 0xc8, 0x98, 0x38, 0xff, 0xc8, 0x98, 0x30, 0xff,
    0xc8, 0x94, 0x38, 0xff, 0xc8, 0x98, 0x30, 0xff, 0xc8, 0x98, 0x30, 0xff,
    0xc8, 0x94, 0x38, 0xff, 0xc8, 0x98, 0x30, 0xff, 0xc8, 0x98, 0x30, 0xff,
    0xc8, 0x98, 0x38, 0xff, 0xc8, 0x98, 0x30, 0xff, 0xc8, 0x94, 0x30, 0xff,
    0xc8, 0x98, 0x38, 0xff, 0xc8, 0x98, 0x30, 0xff, 0xc8, 0x94, 0x38, 0xff,
    0xc8, 0x98, 0x30, 0xff, 0xc8, 0x98, 0x30, 0xff, 0xc8, 0x94, 0x38, 0xff,
    0xc8, 0x98, 0x30, 0xff, 0xc8, 0x98, 0x30, 0xff, 0xc8, 0x94, 0x38, 0xff,
    0xc8, 0x98, 0x30, 0xff, 0xc8, 0x98, 0x38, 0xff, 0xc8, 0x98, 0x30, 0xff,
    0xc8, 0x94, 0x30, 0xff, 0xc8, 0x98, 0x38, 0xff, 0xc8, 0x98, 0x30, 0xff,
    0xc8, 0x94, 0x30, 0xff, 0xc8, 0x98, 0x38, 0xff, 0xc8, 0x98, 0x30, 0xff,
    0xc8, 0x94, 0x38, 0xff, 0xc8, 0x98, 0x30, 0xff, 0xc8, 0x98, 0x30, 0xff,
    0xc8, 0x98, 0x38, 0xff, 0xc8, 0x98, 0x30, 0xff, 0xc8, 0x94, 0x30, 0xff,
    0xc8, 0x98, 0x38, 0xff, 0xc8, 0x98, 0x30, 0xff, 0xc8, 0x94, 0x30, 0xff,
    0xc8, 0x98, 0x38, 0xff, 0xc8, 0x98, 0x30, 0xff, 0xc8, 0x94, 0x38, 0xff,
    0xc8, 0x98, 0x30, 0xff, 0xc8, 0x98, 0x30, 0xff, 0xc8, 0x94, 0x38, 0xff,
    0xc8, 0x98, 0x30, 0xff, 0xc8, 0x98, 0x30, 0xff, 0xc8, 0x98, 0x38, 0xff,
    0xc8, 0x94, 0x30, 0xff, 0xc8, 0x98, 0x38, 0xff, 0xc8, 0x98, 0x30, 0xff,
    0xc8, 0x94, 0x30, 0xff, 0xc8, 0x98, 0x38, 0xff, 0xc8, 0x98, 0x30, 0xff,
    0xc8, 0x94, 0x30, 0xff, 0xc8, 0x98, 0x38, 0xff, 0xc8, 0x98, 0x30, 0xff,
    0xc8, 0x98, 0x38, 0xff, 0xc8, 0x98, 0x30, 0xff, 0xc8, 0x94, 0x30, 0xff,
    0xc8, 0x98, 0x38, 0xff, 0xc8, 0x98, 0x30, 0xff, 0xc8, 0x94, 0x30, 0xff,
    0xc8, 0x98, 0x38, 0xff, 0xc8, 0x98, 0x30, 0xff, 0xc8, 0x94, 0x30, 0xff,
    0xc8, 0x98, 0x38, 0xff, 0xc8, 0x98, 0x30, 0xff, 0xc8, 0x94, 0x38, 0xff,
    0xc8, 0x98, 0x30, 0xff, 0xc8, 0x98, 0x30, 0xff, 0xc8, 0x98, 0x38, 0xff,
    0xc8, 0x94, 0x30, 0xff, 0xc8, 0x98, 0x30, 0xff, 0xc8, 0x98, 0x38, 0xff,
    0xc8, 0x94, 0x30, 0xff, 0xc8, 0x98, 0x38, 0xff, 0xc8, 0x98, 0x30, 0xff,
    0xc8, 0x94, 0x30, 0xff, 0xc8, 0x98, 0x30, 0xff, 0xc8, 0x98, 0x30, 0xff,
    0xc8, 0x94, 0x38, 0xff, 0xc8, 0x98, 0x30, 0xff, 0xc8, 0x98, 0x30, 0xff,
    0xc8, 0x98, 0x38, 0xff, 0xc8, 0x98, 0x30, 0xff, 0xc8, 0x98, 0x30, 0xff,
    0xc8, 0x98, 0x30, 0xff, 0xc8, 0x98, 0x30, 0xff, 0xc8, 0x98, 0x38, 0xff,
    0xc8, 0x98, 0x30, 0xff, 0xc8, 0x98, 0x30, 0xff, 0xc8, 0x98, 0x38, 0xff,
    0xc8, 0x98, 0x30, 0xff, 0xc8, 0x94, 0x38, 0xff, 0xc8, 0x98, 0x30, 0xff,
    0xc8, 0x98, 0x30, 0xff, 0xc8, 0x94, 0x38, 0xff, 0xc8, 0x98, 0x30, 0xff,
    0xc8, 0x98, 0x30, 0xff, 0xc8, 0x98, 0x30, 0xff, 0xc8, 0x94, 0x30, 0x41,
    0x00, 0x00, 0x00, 0x00, 0x00, 0x00, 0x00, 0x00, 0x00, 0x00, 0x00, 0x00,
    0x00, 0x00, 0x00, 0x00, 0xc8, 0x98, 0x30, 0x9e, 0xc8, 0x98, 0x30, 0xff,
    0xc8, 0x98, 0x30, 0xff, 0xc8, 0x94, 0x30, 0xff, 0xc8, 0x98, 0x38, 0xff,
    0xc8, 0x98, 0x38, 0xff, 0xc8, 0x98, 0x30, 0xff, 0xc8, 0x98, 0x38, 0xff,
    0xc8, 0x98, 0x30, 0xff, 0xc8, 0x98, 0x30, 0xff, 0xc8, 0x98, 0x30, 0xff,
    0xc8, 0x98, 0x30, 0xff, 0xc8, 0x94, 0x30, 0xff, 0xc8, 0x98, 0x30, 0xff,
    0xc8, 0x98, 0x38, 0xff, 0xc8, 0x94, 0x30, 0xff, 0xc8, 0x98, 0x30, 0xff,
    0xc8, 0x98, 0x30, 0xff, 0xc8, 0x98, 0x30, 0xff, 0xc8, 0x94, 0x30, 0xff,
    0xc8, 0x98, 0x38, 0xff, 0xc8, 0x98, 0x30, 0xff, 0xc8, 0x98, 0x30, 0xff,
    0xc8, 0x98, 0x38, 0xff, 0xc8, 0x98, 0x30, 0xff, 0xc8, 0x98, 0x30, 0xff,
    0xc8, 0x94, 0x30, 0xff, 0xc8, 0x98, 0x30, 0xff, 0xc8, 0x98, 0x30, 0xff,
    0xc8, 0x94, 0x38, 0xff, 0xc8, 0x98, 0x30, 0xff, 0xc8, 0x98, 0x30, 0xff,
    0xc8, 0x98, 0x30, 0xff, 0xc8, 0x98, 0x38, 0xff, 0xc8, 0x98, 0x30, 0xff,
    0xc8, 0x98, 0x30, 0xff, 0xc8, 0x98, 0x38, 0xff, 0xc8, 0x98, 0x30, 0xff,
    0xc8, 0x94, 0x30, 0xff, 0xc8, 0x98, 0x38, 0xff, 0xc8, 0x98, 0x30, 0xff,
    0xc8, 0x94, 0x30, 0xff, 0xc8, 0x98, 0x30, 0xff, 0xc8, 0x98, 0x30, 0xff,
    0xc8, 0x94, 0x30, 0xff, 0xc8, 0x98, 0x38, 0xff, 0xc8, 0x98, 0x30, 0xff,
    0xc8, 0x98, 0x30, 0xff, 0xc8, 0x98, 0x38, 0xff, 0xc8, 0x98, 0x30, 0xff,
    0xc8, 0x98, 0x30, 0xff, 0xc8, 0x94, 0x30, 0xff, 0xc8, 0x98, 0x38, 0xff,
    0xc8, 0x98, 0x30, 0xff, 0xc8, 0x94, 0x30, 0xff, 0xc8, 0x98, 0x38, 0xff,
    0xc8, 0x98, 0x30, 0xff, 0xc8, 0x98, 0x30, 0xff, 0xc8, 0x98, 0x30, 0xff,
    0xc8, 0x98, 0x30, 0xff, 0xc8, 0x98, 0x30, 0xff, 0xc8, 0x98, 0x38, 0xff,
    0xc8, 0x94, 0x30, 0xff, 0xc8, 0x98, 0x30, 0xff, 0xc8, 0x98, 0x30, 0xff,
    0xc8, 0x98, 0x38, 0xff, 0xc8, 0x98, 0x30, 0xff, 0xc8, 0x98, 0x30, 0xff,
    0xc8, 0x98, 0x30, 0xff, 0xc8, 0x98, 0x30, 0xff, 0xc8, 0x98, 0x30, 0xff,
    0xc8, 0x98, 0x38, 0xff, 0xc8, 0x98, 0x30, 0xff, 0xc8, 0x98, 0x30, 0xff,
    0xc8, 0x94, 0x38, 0xff, 0xc8, 0x98, 0x30, 0xff, 0xc8, 0x98, 0x30, 0xff,
    0xc8, 0x94, 0x30, 0xff, 0xc8, 0x98, 0x30, 0xff, 0xc8, 0x98, 0x38, 0xff,
    0xc8, 0x98, 0x30, 0xff, 0xc8, 0x98, 0x30, 0xff, 0xc8, 0x98, 0x38, 0xff,
    0xc8, 0x98, 0x30, 0xff, 0xc8, 0x98, 0x30, 0xff, 0xc8, 0x98, 0x30, 0xff,
    0xc8, 0x94, 0x30, 0xff, 0xc8, 0x98, 0x30, 0xff, 0xc8, 0x98, 0x38, 0xff,
    0xc8, 0x98, 0x30, 0xff, 0xc8, 0x98, 0x30, 0xff, 0xc8, 0x98, 0x30, 0xff,
    0xc8, 0x98, 0x38, 0xff, 0xc8, 0x98, 0x30, 0xff, 0xc8, 0x98, 0x30, 0xff,
    0xc8, 0x98, 0x30, 0xff, 0xc8, 0x98, 0x30, 0xff, 0xc8, 0x98, 0x30, 0xff,
    0xc8, 0x94, 0x38, 0xff, 0xc8, 0x98, 0x30, 0xff, 0xc8, 0x98, 0x30, 0xff,
    0xc8, 0x94, 0x38, 0xff, 0xc8, 0x98, 0x30, 0xff, 0xc8, 0x98, 0x30, 0xff,
    0xc8, 0x98, 0x30, 0xff, 0xc8, 0x98, 0x30, 0xff, 0xc8, 0x98, 0x38, 0xff,
    0xc8, 0x98, 0x30, 0xff, 0xc8, 0x98, 0x30, 0xff, 0xc8, 0x98, 0x38, 0xff,
    0xc8, 0x94, 0x30, 0xff, 0xc8, 0x98, 0x30, 0xff, 0xc8, 0x98, 0x30, 0xff,
    0xc8, 0x98, 0x30, 0xff, 0xc8, 0x98, 0x30, 0xff, 0xc8, 0x98, 0x38, 0xff,
    0xc8, 0x98, 0x30, 0xff, 0xc8, 0x98, 0x30, 0xff, 0xc8, 0x98, 0x30, 0xff,
    0xc8, 0x98, 0x38, 0xff, 0xc8, 0x98, 0x30, 0xff, 0xc8, 0x98, 0x30, 0xff,
    0xc8, 0x94, 0x30, 0xff, 0xc8, 0x98, 0x30, 0xff, 0xc8, 0x98, 0x30, 0xff,
    0xc8, 0x94, 0x38, 0xff, 0xc8, 0x98, 0x30, 0xff, 0xc8, 0x98, 0x30, 0xff,
    0xc8, 0x98, 0x38, 0xff, 0xc8, 0x98, 0x30, 0xff, 0xc8, 0x98, 0x30, 0xff,
    0xc8, 0x98, 0x30, 0xff, 0xc8, 0x98, 0x30, 0xff, 0xc8, 0x98, 0x38, 0xff,
    0xc8, 0x94, 0x30, 0xff, 0xc8, 0x98, 0x30, 0xff, 0xc8, 0x98, 0x38, 0xff,
    0xc8, 0x98, 0x30, 0xff, 0xc8, 0x98, 0x30, 0xff, 0xc8, 0x98, 0x30, 0xff,
    0xc8, 0x98, 0x30, 0xff, 0xc8, 0x98, 0x30, 0xff, 0xc8, 0x98, 0x38, 0xff,
    0xc8, 0x98, 0x30, 0xff, 0xc8, 0x98, 0x30, 0xff, 0xc8, 0x98, 0x30, 0xff,
    0xc8, 0x98, 0x38, 0xff, 0xc8, 0x94, 0x30, 0xff, 0xc8, 0x98, 0x38, 0xff,
    0xc8, 0x98, 0x30, 0xff, 0xc8, 0x98, 0x30, 0xff, 0xc8, 0x98, 0x30, 0xff,
    0xc8, 0x94, 0x30, 0xff, 0xc8, 0x98, 0x30, 0xff, 0xc8, 0x98, 0x38, 0xff,
    0xc8, 0x94, 0x30, 0xff, 0xc8, 0x94, 0x30, 0xff, 0xc8, 0x98, 0x38, 0xff,
    0xc8, 0x98, 0x30, 0xff, 0xc8, 0x94, 0x30, 0xff, 0xc8, 0x94, 0x30, 0xff,
    0xc8, 0x98, 0x38, 0xff, 0xc8, 0x98, 0x30, 0xff, 0xc8, 0x98, 0x30, 0xff,
    0xc8, 0x98, 0x38, 0xff, 0xc8, 0x98, 0x30, 0xff, 0xc8, 0x98, 0x30, 0xff,
    0xc8, 0x98, 0x38, 0xff, 0xc8, 0x98, 0x30, 0xff, 0xc8, 0x98, 0x30, 0xff,
    0xc8, 0x98, 0x30, 0xbe, 0x00, 0x00, 0x00, 0x00, 0x00, 0x00, 0x00, 0x00,
    0x00, 0x00, 0x00, 0x00, 0xc8, 0x98, 0x30, 0x20, 0xc8, 0x94, 0x30, 0xff,
    0xc8, 0x98, 0x30, 0xff, 0xc8, 0x98, 0x30, 0xff, 0xc8, 0x98, 0x30, 0xff,
    0xc8, 0x94, 0x30, 0xff, 0xc8, 0x98, 0x30, 0xff, 0xc8, 0x98, 0x30, 0xff,
    0xc8, 0x94, 0x30, 0xff, 0xc8, 0x94, 0x38, 0xff, 0xc8, 0x98, 0x30, 0xff,
    0xc8, 0x98, 0x38, 0xff, 0xc8, 0x98, 0x30, 0xff, 0xc8, 0x94, 0x30, 0xff,
    0xc8, 0x98, 0x38, 0xff, 0xc8, 0x98, 0x30, 0xff, 0xc8, 0x98, 0x30, 0xff,
    0xc8, 0x94, 0x38, 0xff, 0xc8, 0x98, 0x30, 0xff, 0xc8, 0x98, 0x30, 0xff,
    0xc8, 0x98, 0x38, 0xff, 0xc8, 0x94, 0x30, 0xff, 0xc8, 0x98, 0x30, 0xff,
    0xc8, 0x98, 0x30, 0xff, 0xc8, 0x94, 0x30, 0xff, 0xc8, 0x94, 0x38, 0xff,
    0xc8, 0x98, 0x30, 0xff, 0xc8, 0x98, 0x30, 0xff, 0xc8, 0x98, 0x38, 0xff,
    0xc8, 0x98, 0x30, 0xff, 0xc8, 0x98, 0x30, 0xff, 0xc8, 0x94, 0x30, 0xff,
    0xc8, 0x98, 0x30, 0xff, 0xc8, 0x98, 0x38, 0xff, 0xc8, 0x94, 0x30, 0xff,
    0xc8, 0x98, 0x30, 0xff, 0xc8, 0x94, 0x38, 0xff, 0xc8, 0x98, 0x30, 0xff,
    0xc8, 0x98, 0x30, 0xff, 0xc8, 0x98, 0x30, 0xff, 0xc8, 0x94, 0x30, 0xff,
    0xc8, 0x98, 0x30, 0xff, 0xc8, 0x98, 0x38, 0xff, 0xc8, 0x98, 0x30, 0xff,
    0xc8, 0x98, 0x30, 0xff, 0xc8, 0x98, 0x30, 0xff, 0xc8, 0x98, 0x30, 0xff,
    0xc8, 0x94, 0x30, 0xff, 0xc8, 0x98, 0x30, 0xff, 0xc8, 0x94, 0x30, 0xff,
    0xc8, 0x98, 0x38, 0xff, 0xc8, 0x98, 0x30, 0xff, 0xc8, 0x98, 0x30, 0xff,
    0xc8, 0x98, 0x30, 0xff, 0xc8, 0x94, 0x30, 0xff, 0xc8, 0x98, 0x30, 0xff,
    0xc8, 0x98, 0x30, 0xff, 0xc8, 0x94, 0x30, 0xff, 0xc8, 0x98, 0x38, 0xff,
    0xc8, 0x94, 0x30, 0xff, 0xc8, 0x98, 0x30, 0xff, 0xc8, 0x98, 0x38, 0xff,
    0xc8, 0x94, 0x30, 0xff, 0xc8, 0x98, 0x30, 0xff, 0xc8, 0x98, 0x30, 0xff,
    0xc8, 0x94, 0x30, 0xff, 0xc8, 0x98, 0x30, 0xff, 0xc8, 0x94, 0x38, 0xff,
    0xc8, 0x94, 0x30, 0xff, 0xc8, 0x98, 0x38, 0xff, 0xc8, 0x94, 0x30, 0xff,
    0xc8, 0x98, 0x30, 0xff, 0xc8, 0x94, 0x30, 0xff, 0xc8, 0x98, 0x30, 0xff,
    0xc8, 0x98, 0x30, 0xff, 0xc8, 0x98, 0x30, 0xff, 0xc8, 0x98, 0x38, 0xff,
    0xc8, 0x98, 0x30, 0xff, 0xc8, 0x94, 0x30, 0xff, 0xc8, 0x98, 0x38, 0xff,
    0xc8, 0x98, 0x30, 0xff, 0xc8, 0x94, 0x30, 0xff, 0xc8, 0x98, 0x30, 0xff,
    0xc8, 0x94, 0x30, 0xff, 0xc8, 0x98, 0x30, 0xff, 0xc8, 0x98, 0x38, 0xff,
    0xc8, 0x94, 0x30, 0xff, 0xc8, 0x98, 0x30, 0xff, 0xc8, 0x98, 0x38, 0xff,
    0xc8, 0x94, 0x30, 0xff, 0xc8, 0x98, 0x30, 0xff, 0xc8, 0x94, 0x30, 0xff,
    0xc8, 0x94, 0x30, 0xff, 0xc8, 0x98, 0x30, 0xff, 0xc8, 0x94, 0x38, 0xff,
    0xc8, 0x98, 0x30, 0xff, 0xc8, 0x94, 0x38, 0xff, 0xc8, 0x98, 0x30, 0xff,
    0xc8, 0x98, 0x30, 0xff, 0xc8, 0x98, 0x30, 0xff, 0xc8, 0x98, 0x30, 0xff,
    0xc8, 0x98, 0x30, 0xff, 0xc8, 0x94, 0x30, 0xff, 0xc8, 0x98, 0x38, 0xff,
    0xc8, 0x98, 0x30, 0xff, 0xc8, 0x94, 0x30, 0xff, 0xc8, 0x98, 0x38, 0xff,
    0xc8, 0x94, 0x30, 0xff, 0xc8, 0x98, 0x30, 0xff, 0xc8, 0x98, 0x30, 0xff,
    0xc8, 0x94, 0x30, 0xff, 0xc8, 0x98, 0x30, 0xff, 0xc8, 0x98, 0x38, 0xff,
    0xc8, 0x94, 0x30, 0xff, 0xc8, 0x98, 0x30, 0xff, 0xc8, 0x94, 0x38, 0xff,
    0xc8, 0x94, 0x30, 0xff, 0xc8, 0x98, 0x30, 0xff, 0xc8, 0x94, 0x30, 0xff,
    0xc8, 0x98, 0x30, 0xff, 0xc8, 0x94, 0x30, 0xff, 0xc8, 0x98, 0x38, 0xff,
    0xc8, 0x98, 0x30, 0xff, 0xc8, 0x98, 0x38, 0xff, 0xc8, 0x98, 0x30, 0xff,
    0xc8, 0x98, 0x30, 0xff, 0xc8, 0x94, 0x30, 0xff, 0xc8, 0x98, 0x30, 0xff,
    0xc8, 0x98, 0x30, 0xff, 0xc8, 0x94, 0x30, 0xff, 0xc8, 0x98, 0x38, 0xff,
    0xc8, 0x94, 0x30, 0xff, 0xc8, 0x98, 0x30, 0xff, 0xc8, 0x98, 0x38, 0xff,
    0xc8, 0x94, 0x30, 0xff, 0xc8, 0x98, 0x30, 0xff, 0xc8, 0x98, 0x30, 0xff,
    0xc8, 0x94, 0x30, 0xff, 0xc8, 0x98, 0x30, 0xff, 0xc8, 0x94, 0x38, 0xff,
    0xc8, 0x94, 0x30, 0xff, 0xc8, 0x98, 0x30, 0xff, 0xc8, 0x94, 0x38, 0xff,
    0xc8, 0x98, 0x30, 0xff, 0xc8, 0x94, 0x30, 0xff, 0xc8, 0x98, 0x30, 0xff,
    0xc8, 0x98, 0x30, 0xff, 0xc8, 0x94, 0x30, 0xff, 0xc8, 0x98, 0x38, 0xff,
    0xc8, 0x98, 0x30, 0xff, 0xc8, 0x94, 0x30, 0xff, 0xc8, 0x98, 0x38, 0xff,
    0xc8, 0x98, 0x30, 0xff, 0xc8, 0x98, 0x30, 0xff, 0xc8, 0x94, 0x30, 0xff,
    0xc8, 0x98, 0x30, 0xff, 0xc8, 0x98, 0x38, 0xff, 0xc8, 0x98, 0x30, 0xff,
    0xc8, 0x98, 0x30, 0xff, 0xc8, 0x98, 0x30, 0xff, 0xc8, 0x98, 0x30, 0xff,
    0xc8, 0x98, 0x38, 0xff, 0xc8, 0x94, 0x30, 0xff, 0xc8, 0x98, 0x30, 0xff,
    0xc8, 0x98, 0x30, 0xff, 0xc8, 0x94, 0x30, 0xff, 0xc8, 0x98, 0x30, 0xff,
    0xc8, 0x94, 0x30, 0xff, 0xc8, 0x98, 0x30, 0xff, 0xc8, 0x94, 0x38, 0xff,
    0xc8, 0x94, 0x30, 0xff, 0xc8, 0x98, 0x30, 0xff, 0xd0, 0xa0, 0x30, 0x10,
    0x00, 0x00, 0x00, 0x00, 0x00, 0x00, 0x00, 0x00, 0xc8, 0x98, 0x30, 0x8e,
    0xc8, 0x98, 0x30, 0xff, 0xc8, 0x94, 0x38, 0xff, 0xc8, 0x98, 0x38, 0xff,
    0xc8, 0x98, 0x30, 0xff, 0xc8, 0x98, 0x30, 0xff, 0xc8, 0x94, 0x30, 0xff,
    0xc8, 0x98, 0x30, 0xff, 0xc8, 0x98, 0x38, 0xff, 0xc8, 0x98, 0x30, 0xff,
    0xc8, 0x94, 0x30, 0xff, 0xc8, 0x98, 0x30, 0xff, 0xc8, 0x98, 0x38, 0xff,
    0xc8, 0x98, 0x30, 0xff, 0xc8, 0x94, 0x30, 0xff, 0xc8, 0x98, 0x30, 0xff,
    0xc8, 0x98, 0x30, 0xff, 0xc8, 0x98, 0x38, 0xff, 0xc8, 0x94, 0x30, 0xff,
    0xc8, 0x98, 0x30, 0xff, 0xc8, 0x98, 0x30, 0xff, 0xc8, 0x98, 0x30, 0xff,
    0xc8, 0x94, 0x38, 0xff, 0xc8, 0x98, 0x30, 0xff, 0xc8, 0x98, 0x30, 0xff,
    0xc8, 0x98, 0x30, 0xff, 0xc8, 0x98, 0x30, 0xff, 0xc8, 0x94, 0x38, 0xff,
    0xc8, 0x98, 0x30, 0xff, 0xc8, 0x98, 0x30, 0xff, 0xc8, 0x98, 0x38, 0xff,
    0xc8, 0x94, 0x30, 0xff, 0xc8, 0x98, 0x30, 0xff, 0xc8, 0x98, 0x38, 0xff,
    0xc8, 0x94, 0x30, 0xff, 0xc8, 0x98, 0x30, 0xff, 0xc8, 0x98, 0x30, 0xff,
    0xc8, 0x94, 0x30, 0xff, 0xc8, 0x98, 0x38, 0xff, 0xc8, 0x98, 0x30, 0xff,
    0xc8, 0x98, 0x30, 0xff, 0xc8, 0x94, 0x38, 0xff, 0xc8, 0x98, 0x30, 0xff,
    0xc8, 0x98, 0x38, 0xff, 0xc8, 0x94, 0x30, 0xff, 0xc8, 0x98, 0x38, 0xff,
    0xc8, 0x98, 0x30, 0xff, 0xc8, 0x98, 0x38, 0xff, 0xc8, 0x94, 0x30, 0xff,
    0xc8, 0x98, 0x30, 0xff, 0xc8, 0x98, 0x30, 0xff, 0xc8, 0x94, 0x38, 0xff,
    0xc8, 0x98, 0x30, 0xff, 0xc8, 0x98, 0x30, 0xff, 0xc8, 0x98, 0x38, 0xff,
    0xc8, 0x98, 0x30, 0xff, 0xc8, 0x98, 0x30, 0xff, 0xc8, 0x98, 0x38, 0xff,
    0xc8, 0x98, 0x30, 0xff, 0xc8, 0x94, 0x30, 0xff, 0xc8, 0x98, 0x38, 0xff,
    0xc8, 0x98, 0x30, 0xff, 0xc8, 0x98, 0x30, 0xff, 0xc8, 0x98, 0x38, 0xff,
    0xc8, 0x98, 0x38, 0xff, 0xc8, 0x98, 0x30, 0xff, 0xc8, 0x98, 0x30, 0xff,
    0xc8, 0x98, 0x30, 0xff, 0xc8, 0x98, 0x30, 0xff, 0xc8, 0x98, 0x30, 0xff,
    0xc8, 0x98, 0x38, 0xff, 0xc8, 0x94, 0x30, 0xff, 0xc8, 0x98, 0x30, 0xff,
    0xc8, 0x98, 0x38, 0xff, 0xc8, 0x94, 0x30, 0xff, 0xc8, 0x98, 0x30, 0xff,
    0xc8, 0x98, 0x30, 0xff, 0xc8, 0x94, 0x38, 0xff, 0xc8, 0x98, 0x30, 0xff,
    0xc8, 0x98, 0x30, 0xff, 0xc8, 0x94, 0x30, 0xff, 0xc8, 0x98, 0x38, 0xff,
    0xc8, 0x98, 0x30, 0xff, 0xc8, 0x94, 0x30, 0xff, 0xc8, 0x98, 0x38, 0xff,
    0xc8, 0x98, 0x30, 0xff, 0xc8, 0x98, 0x30, 0xff, 0xc8, 0x98, 0x38, 0xff,
    0xc8, 0x98, 0x30, 0xff, 0xc8, 0x98, 0x30, 0xff, 0xc8, 0x98, 0x38, 0xff,
    0xc8, 0x98, 0x38, 0xff, 0xc8, 0x98, 0x30, 0xff, 0xc8, 0x98, 0x30, 0xff,
    0xc8, 0x98, 0x30, 0xff, 0xc8, 0x94, 0x30, 0xff, 0xc8, 0x98, 0x30, 0xff,
    0xc8, 0x98, 0x38, 0xff, 0xc8, 0x94, 0x30, 0xff, 0xc8, 0x98, 0x30, 0xff,
    0xc8, 0x98, 0x38, 0xff, 0xc8, 0x94, 0x30, 0xff, 0xc8, 0x98, 0x30, 0xff,
    0xc8, 0x98, 0x30, 0xff, 0xc8, 0x94, 0x38, 0xff, 0xc8, 0x98, 0x30, 0xff,
    0xc8, 0x98, 0x30, 0xff, 0xc8, 0x94, 0x30, 0xff, 0xc8, 0x98, 0x38, 0xff,
    0xc8, 0x98, 0x30, 0xff, 0xc8, 0x98, 0x30, 0xff, 0xc8, 0x98, 0x38, 0xff,
    0xc8, 0x98, 0x30, 0xff, 0xc8, 0x98, 0x30, 0xff, 0xc8, 0x98, 0x38, 0xff,
    0xc8, 0x98, 0x30, 0xff, 0xc8, 0x98, 0x30, 0xff, 0xc8, 0x98, 0x38, 0xff,
    0xc8, 0x98, 0x38, 0xff, 0xc8, 0x94, 0x30, 0xff, 0xc8, 0x98, 0x30, 0xff,
    0xc8, 0x98, 0x30, 0xff, 0xc8, 0x94, 0x30, 0xff, 0xc8, 0x98, 0x30, 0xff,
    0xc8, 0x98, 0x38, 0xff, 0xc8, 0x94, 0x30, 0xff, 0xc8, 0x98, 0x30, 0xff,
    0xc8, 0x98, 0x38, 0xff, 0xc8, 0x94, 0x30, 0xff, 0xc8, 0x98, 0x30, 0xff,
    0xc8, 0x98, 0x30, 0xff, 0xc8, 0x94, 0x38, 0xff, 0xc8, 0x98, 0x30, 0xff,
    0xc8, 0x98, 0x30, 0xff, 0xc8, 0x98, 0x30, 0xff, 0xc8, 0x98, 0x38, 0xff,
    0xc8, 0x98, 0x30, 0xff, 0xc8, 0x98, 0x30, 0xff, 0xc8, 0x98, 0x38, 0xff,
    0xc8, 0x98, 0x30, 0xff, 0xc8, 0x98, 0x30, 0xff, 0xc8, 0x98, 0x38, 0xff,
    0xc8, 0x98, 0x30, 0xff, 0xc8, 0x94, 0x30, 0xff, 0xc8, 0x98, 0x38, 0xff,
    0xc8, 0x98, 0x38, 0xff, 0xc8, 0x94, 0x30, 0xff, 0xc8, 0x98, 0x30, 0xff,
    0xc8, 0x98, 0x30, 0xff, 0xc8, 0x98, 0x30, 0xff, 0xc8, 0x94, 0x30, 0xff,
    0xc8, 0x98, 0x38, 0xff, 0xc8, 0x98, 0x30, 0xff, 0xc8, 0x98, 0x38, 0xff,
    0xc8, 0x98, 0x30, 0xff, 0xc8, 0x98, 0x30, 0xff, 0xc8, 0x98, 0x30, 0xff,
    0xc8, 0x94, 0x30, 0xff, 0xc8, 0x98, 0x38, 0xff, 0xc8, 0x94, 0x30, 0xff,
    0xc8, 0x98, 0x30, 0xff, 0xc8, 0x98, 0x30, 0xff, 0xc8, 0x98, 0x30, 0xff,
    0xc8, 0x94, 0x38, 0xff, 0xc8, 0x98, 0x30, 0xff, 0xc8, 0x98, 0x30, 0xff,
    0xc8, 0x94, 0x38, 0xff, 0xc8, 0x98, 0x30, 0xff, 0xc8, 0x98, 0x30, 0xff,
    0xc8, 0x98, 0x30, 0xff, 0xc8, 0x98, 0x38, 0xff, 0xc8, 0x98, 0x30, 0xff,
    0xc8, 0x94, 0x30, 0x7d, 0x00, 0x00, 0x00, 0x00, 0x00, 0x00, 0x00, 0x00,
    0xc8, 0x98, 0x30, 0xdf, 0xc8, 0x98, 0x30, 0xff, 0xc8, 0x98, 0x30, 0xff,
    0xc8, 0x94, 0x30, 0xff, 0xc8, 0x98, 0x38, 0xff, 0xc8, 0x98, 0x30, 0xff,
    0xc8, 0x98, 0x38, 0xff, 0xc8, 0x98, 0x30, 0xff, 0xc8, 0x98, 0x30, 0xff,
    0xc8, 0x98, 0x30, 0xff, 0xc8, 0x98, 0x30, 0xff, 0xc8, 0x94, 0x30, 0xff,
    0xc8, 0x98, 0x30, 0xff, 0xc8, 0x98, 0x38, 0xff, 0xc8, 0x98, 0x30, 0xff,
    0xc8, 0x94, 0x30, 0xff, 0xc8, 0x98, 0x38, 0xff, 0xc8, 0x98, 0x30, 0xff,
    0xc8, 0x98, 0x30, 0xff, 0xc8, 0x94, 0x38, 0xff, 0xc8, 0x98, 0x30, 0xff,
    0xc8, 0x98, 0x30, 0xff, 0xc8, 0x98, 0x38, 0xff, 0xc8, 0x98, 0x30, 0xff,
    0xc8, 0x98, 0x30, 0xff, 0xc8, 0x98, 0x38, 0xff, 0xc8, 0x94, 0x30, 0xff,
    0xc8, 0x98, 0x30, 0xff, 0xc8, 0x98, 0x30, 0xff, 0xc8, 0x94, 0x30, 0xff,
    0xc8, 0x98, 0x38, 0xff, 0xc8, 0x98, 0x30, 0xff, 0xc8, 0x98, 0x30, 0xff,
    0xc8, 0x98, 0x30, 0xff, 0xc8, 0x98, 0x30, 0xff, 0xc8, 0x98, 0x38, 0xff,
    0xc8, 0x98, 0x30, 0xff, 0xc8, 0x98, 0x30, 0xff, 0xc8, 0x94, 0x38, 0xff,
    0xc8, 0x98, 0x30, 0xff, 0xc8, 0x98, 0x30, 0xff, 0xc8, 0x98, 0x30, 0xff,
    0xc8, 0x94, 0x30, 0xff, 0xc8, 0x98, 0x30, 0xff, 0xc8, 0x98, 0x30, 0xff,
    0xc8, 0x94, 0x30, 0xff, 0xc8, 0x98, 0x38, 0xff, 0xc8, 0x98, 0x30, 0xff,
    0xc8, 0x98, 0x30, 0xff, 0xc8, 0x98, 0x38, 0xff, 0xc8, 0x98, 0x30, 0xff,
    0xc8, 0x94, 0x30, 0xff, 0xc8, 0x98, 0x38, 0xff, 0xc8, 0x98, 0x30, 0xff,
    0xc8, 0x94, 0x30, 0xff, 0xc8, 0x94, 0x38, 0xff, 0xc8, 0x98, 0x30, 0xff,
    0xc8, 0x98, 0x30, 0xff, 0xc8, 0x98, 0x30, 0xff, 0xc8, 0x98, 0x30, 0xff,
    0xc8, 0x94, 0x30, 0xff, 0xc8, 0x98, 0x30, 0xff, 0xc8, 0x94, 0x30, 0xff,
    0xc8, 0x98, 0x30, 0xff, 0xc8, 0x94, 0x30, 0xff, 0xc8, 0x98, 0x38, 0xff,
    0xc8, 0x98, 0x30, 0xff, 0xc8, 0x94, 0x30, 0xff, 0xc8, 0x98, 0x38, 0xff,
    0xc8, 0x98, 0x30, 0xff, 0xc8, 0x98, 0x30, 0xff, 0xc8, 0x98, 0x38, 0xff,
    0xc8, 0x98, 0x30, 0xff, 0xc8, 0x98, 0x30, 0xff, 0xc8, 0x94, 0x38, 0xff,
    0xc8, 0x98, 0x30, 0xff, 0xc8, 0x98, 0x30, 0xff, 0xc8, 0x94, 0x30, 0xff,
    0xc8, 0x98, 0x38, 0xff, 0xc8, 0x98, 0x30, 0xff, 0xc8, 0x98, 0x30, 0xff,
    0xc8, 0x98, 0x38, 0xff, 0xc8, 0x98, 0x30, 0xff, 0xc8, 0x98, 0x30, 0xff,
    0xc8, 0x94, 0x30, 0xff, 0xc8, 0x98, 0x30, 0xff, 0xc8, 0x94, 0x30, 0xff,
    0xc8, 0x98, 0x30, 0xff, 0xc8, 0x94, 0x30, 0xff, 0xc8, 0x98, 0x30, 0xff,
    0xc8, 0x98, 0x30, 0xff, 0xc8, 0x94, 0x30, 0xff, 0xc8, 0x98, 0x38, 0xff,
    0xc8, 0x98, 0x30, 0xff, 0xc8, 0x98, 0x30, 0xff, 0xc8, 0x98, 0x38, 0xff,
    0xc8, 0x98, 0x30, 0xff, 0xc8, 0x98, 0x30, 0xff, 0xc8, 0x94, 0x38, 0xff,
    0xc8, 0x98, 0x30, 0xff, 0xc8, 0x98, 0x30, 0xff, 0xc8, 0x94, 0x38, 0xff,
    0xc8, 0x98, 0x30, 0xff, 0xc8, 0x98, 0x30, 0xff, 0xc8, 0x98, 0x30, 0xff,
    0xc8, 0x98, 0x38, 0xff, 0xc8, 0x98, 0x30, 0xff, 0xc8, 0x98, 0x30, 0xff,
    0xc8, 0x94, 0x38, 0xff, 0xc8, 0x98, 0x30, 0xff, 0xc8, 0x94, 0x30, 0xff,
    0xc8, 0x98, 0x30, 0xff, 0xc8, 0x94, 0x30, 0xff, 0xc8, 0x98, 0x30, 0xff,
    0xc8, 0x98, 0x30, 0xff, 0xc8, 0x94, 0x30, 0xff, 0xc8, 0x98, 0x30, 0xff,
    0xc8, 0x98, 0x30, 0xff, 0xc8, 0x98, 0x30, 0xff, 0xc8, 0x98, 0x38, 0xff,
    0xc8, 0x98, 0x30, 0xff, 0xc8, 0x98, 0x30, 0xff, 0xc8, 0x94, 0x38, 0xff,
    0xc8, 0x98, 0x30, 0xff, 0xc8, 0x98, 0x30, 0xff, 0xc8, 0x94, 0x38, 0xff,
    0xc8, 0x98, 0x30, 0xff, 0xc8, 0x98, 0x30, 0xff, 0xc8, 0x98, 0x38, 0xff,
    0xc8, 0x98, 0x30, 0xff, 0xc8, 0x98, 0x30, 0xff, 0xc8, 0x98, 0x30, 0xff,
    0xc8, 0x94, 0x38, 0xff, 0xc8, 0x98, 0x30, 0xff, 0xc8, 0x94, 0x30, 0xff,
    0xc8, 0x98, 0x38, 0xff, 0xc8, 0x94, 0x30, 0xff, 0xc8, 0x98, 0x30, 0xff,
    0xc8, 0x98, 0x30, 0xff, 0xc8, 0x94, 0x30, 0xff, 0xc8, 0x98, 0x30, 0xff,
    0xc8, 0x98, 0x30, 0xff, 0xc8, 0x98, 0x30, 0xff, 0xc8, 0x98, 0x30, 0xff,
    0xc8, 0x98, 0x30, 0xff, 0xc8, 0x98, 0x30, 0xff, 0xc8, 0x98, 0x30, 0xff,
    0xc8, 0x98, 0x38, 0xff, 0xc8, 0x98, 0x30, 0xff, 0xc8, 0x94, 0x30, 0xff,
    0xc8, 0x98, 0x38, 0xff, 0xc8, 0x98, 0x30, 0xff, 0xc8, 0x94, 0x30, 0xff,
    0xc8, 0x94, 0x30, 0xff, 0xc8, 0x98, 0x38, 0xff, 0xc8, 0x98, 0x30, 0xff,
    0xc8, 0x94, 0x30, 0xff, 0xc8, 0x98, 0x38, 0xff, 0xc8, 0x98, 0x30, 0xff,
    0xc8, 0x98, 0x30, 0xff, 0xc8, 0x94, 0x38, 0xff, 0xc8, 0x98, 0x30, 0xff,
    0xc8, 0x98, 0x30, 0xff, 0xc8, 0x98, 0x38, 0xff, 0xc8, 0x98, 0x30, 0xff,
    0xc8, 0x98, 0x30, 0xff, 0xc8, 0x98, 0x38, 0xff, 0xc8, 0x98, 0x30, 0xff,
    0xc8, 0x98, 0x30, 0xff, 0xc8, 0x98, 0x30, 0xff, 0xc8, 0x98, 0x30, 0xff,
    0xc8, 0x94, 0x38, 0xff, 0xc8, 0x98, 0x30, 0xdf, 0x00, 0x00, 0x00, 0x00,
    0xc8, 0x98, 0x30, 0x20, 0xc8, 0x94, 0x30, 0xff, 0xc8, 0x98, 0x38, 0xff,
    0xc8, 0x98, 0x30, 0xff, 0xc8, 0x98, 0x30, 0xff, 0xc8, 0x94, 0x30, 0xff,
    0xc8, 0x98, 0x30, 0xff, 0xc8, 0x98, 0x30, 0xff, 0xc8, 0x94, 0x38, 0xff,
    0xc8, 0x94, 0x30, 0xff, 0xc8, 0x98, 0x38, 0xff, 0xc8, 0x98, 0x38, 0xff,
    0xc8, 0x98, 0x30, 0xff, 0xc8, 0x94, 0x30, 0xff, 0xc8, 0x98, 0x30, 0xff,
    0xc8, 0x98, 0x38, 0xff, 0xc8, 0x98, 0x30, 0xff, 0xc8, 0x94, 0x30, 0xff,
    0xc8, 0x98, 0x30, 0xff, 0xc8, 0x98, 0x30, 0xff, 0xc8, 0x98, 0x38, 0xff,
    0xc8, 0x94, 0x30, 0xff, 0xc8, 0x98, 0x30, 0xff, 0xc8, 0x98, 0x30, 0xff,
    0xc8, 0x94, 0x30, 0xff, 0xc8, 0x98, 0x38, 0xff, 0xc8, 0x98, 0x30, 0xff,
    0xc8, 0x94, 0x30, 0xff, 0xc8, 0x98, 0x38, 0xff, 0xc8, 0x98, 0x30, 0xff,
    0xc8, 0x98, 0x30, 0xff, 0xc8, 0x94, 0x30, 0xff, 0xc8, 0x98, 0x30, 0xff,
    0xc8, 0x94, 0x38, 0xff, 0xc8, 0x98, 0x30, 0xff, 0xc8, 0x98, 0x30, 0xff,
    0xc8, 0x94, 0x38, 0xff, 0xc8, 0x98, 0x30, 0xff, 0xc8, 0x98, 0x30, 0xff,
    0xc8, 0x98, 0x30, 0xff, 0xc8, 0x94, 0x38, 0xff, 0xc8, 0x98, 0x30, 0xff,
    0xc8, 0x98, 0x30, 0xff, 0xc8, 0x98, 0x38, 0xff, 0xc8, 0x98, 0x30, 0xff,
    0xc8, 0x98, 0x30, 0xff, 0xc8, 0x94, 0x30, 0xff, 0xc8, 0x98, 0x30, 0xff,
    0xc8, 0x98, 0x30, 0xff, 0xc8, 0x94, 0x30, 0xff, 0xc8, 0x98, 0x38, 0xff,
    0xc8, 0x98, 0x30, 0xff, 0xc8, 0x98, 0x30, 0xff, 0xc8, 0x94, 0x30, 0xff,
    0xc8, 0x98, 0x30, 0xff, 0xc8, 0x98, 0x30, 0xff, 0xc8, 0x98, 0x38, 0xff,
    0xc8, 0x94, 0x30, 0xff, 0xc8, 0x98, 0x30, 0xff, 0xc8, 0x98, 0x38, 0xff,
    0xc8, 0x94, 0x30, 0xff, 0xc8, 0x98, 0x38, 0xff, 0xc8, 0x98, 0x30, 0xff,
    0xc8, 0x98, 0x30, 0xff, 0xc8, 0x98, 0x30, 0xff, 0xc8, 0x94, 0x30, 0xff,
    0xc8, 0x98, 0x30, 0xff, 0xc8, 0x98, 0x38, 0xff, 0xc8, 0x94, 0x30, 0xff,
    0xc8, 0x98, 0x30, 0xff, 0xc8, 0x94, 0x30, 0xff, 0xc8, 0x98, 0x30, 0xff,
    0xc8, 0x98, 0x30, 0xff, 0xc8, 0x94, 0x30, 0xff, 0xc8, 0x98, 0x30, 0xff,
    0xc8, 0x98, 0x38, 0xff, 0xc8, 0x98, 0x30, 0xff, 0xc8, 0x98, 0x30, 0xff,
    0xc8, 0x98, 0x30, 0xff, 0xc8, 0x98, 0x30, 0xff, 0xc8, 0x94, 0x30, 0xff,
    0xc8, 0x98, 0x30, 0xff, 0xc8, 0x98, 0x30, 0xff, 0xc8, 0x94, 0x38, 0xff,
    0xc8, 0x98, 0x30, 0xff, 0xc8, 0x98, 0x30, 0xff, 0xc8, 0x98, 0x38, 0xff,
    0xc8, 0x98, 0x38, 0xff, 0xc8, 0x94, 0x30, 0xff, 0xc8, 0x98, 0x30, 0xff,
    0xc8, 0x98, 0x38, 0xff, 0xc8, 0x94, 0x30, 0xff, 0xc8, 0x98, 0x30, 0xff,
    0xc8, 0x98, 0x30, 0xff, 0xc8, 0x94, 0x30, 0xff, 0xc8, 0x98, 0x38, 0xff,
    0xc8, 0x94, 0x30, 0xff, 0xc8, 0x98, 0x30, 0xff, 0xc8, 0x98, 0x30, 0xff,
    0xc8, 0x98, 0x30, 0xff, 0xc8, 0x98, 0x30, 0xff, 0xc8, 0x98, 0x30, 0xff,
    0xc8, 0x98, 0x38, 0xff, 0xc8, 0x98, 0x30, 0xff, 0xc8, 0x94, 0x30, 0xff,
    0xc8, 0x98, 0x30, 0xff, 0xc8, 0x98, 0x30, 0xff, 0xc8, 0x94, 0x30, 0xff,
    0xc8, 0x98, 0x30, 0xff, 0xc8, 0x98, 0x30, 0xff, 0xc8, 0x98, 0x38, 0xff,
    0xc8, 0x98, 0x30, 0xff, 0xc8, 0x94, 0x30, 0xff, 0xc8, 0x98, 0x38, 0xff,
    0xc8, 0x98, 0x38, 0xff, 0xc8, 0x94, 0x30, 0xff, 0xc8, 0x98, 0x30, 0xff,
    0xc8, 0x98, 0x38, 0xff, 0xc8, 0x94, 0x30, 0xff, 0xc8, 0x98, 0x30, 0xff,
    0xc8, 0x94, 0x30, 0xff, 0xc8, 0x98, 0x30, 0xff, 0xc8, 0x98, 0x38, 0xff,
    0xc8, 0x98, 0x30, 0xff, 0xc8, 0x98, 0x30, 0xff, 0xc8, 0x98, 0x30, 0xff,
    0xc8, 0x98, 0x30, 0xff, 0xc8, 0x98, 0x30, 0xff, 0xc8, 0x94, 0x30, 0xff,
    0xc8, 0x98, 0x38, 0xff, 0xc8, 0x98, 0x30, 0xff, 0xc8, 0x94, 0x30, 0xff,
    0xc8, 0x98, 0x30, 0xff, 0xc8, 0x98, 0x30, 0xff, 0xc8, 0x98, 0x30, 0xff,
    0xc8, 0x98, 0x30, 0xff, 0xc8, 0x94, 0x30, 0xff, 0xc8, 0x98, 0x38, 0xff,
    0xc8, 0x98, 0x30, 0xff, 0xc8, 0x94, 0x30, 0xff, 0xc8, 0x98, 0x38, 0xff,
    0xc8, 0x98, 0x38, 0xff, 0xc8, 0x94, 0x30, 0xff, 0xc8, 0x94, 0x30, 0xff,
    0xc8, 0x98, 0x38, 0xff, 0xc8, 0x94, 0x30, 0xff, 0xc8, 0x98, 0x30, 0xff,
    0xc8, 0x94, 0x38, 0xff, 0xc8, 0x98, 0x30, 0xff, 0xc8, 0x98, 0x30, 0xff,
    0xc8, 0x98, 0x30, 0xff, 0xc8, 0x98, 0x30, 0xff, 0xc8, 0x98, 0x30, 0xff,
    0xc8, 0x98, 0x30, 0xff, 0xc8, 0x98, 0x30, 0xff, 0xc8, 0x98, 0x38, 0xff,
    0xc8, 0x94, 0x30, 0xff, 0xc8, 0x98, 0x30, 0xff, 0xc8, 0x98, 0x38, 0xff,
    0xc8, 0x98, 0x30, 0xff, 0xc8, 0x98, 0x30, 0xff, 0xc8, 0x94, 0x38, 0xff,
    0xc8, 0x98, 0x30, 0xff, 0xc8, 0x98, 0x30, 0xff, 0xc8, 0x94, 0x30, 0xff,
    0xc8, 0x98, 0x30, 0xff, 0xc8, 0x94, 0x30, 0xff, 0xc8, 0x98, 0x30, 0xff,
    0xc8, 0x94, 0x38, 0xff, 0xc8, 0x94, 0x30, 0xff, 0xc8, 0x98, 0x38, 0xff,
    0xc8, 0x98, 0x30, 0xff, 0xc8, 0x98, 0x30, 0xff, 0xc8, 0x98, 0x30, 0xff,
    0xd0, 0x9c, 0x30, 0x20, 0xc8, 0x98, 0x30, 0x61, 0xc8, 0x98, 0x30, 0xff,
    0xc8, 0x94, 0x30, 0xff, 0xc8, 0x98, 0x38, 0xff, 0xc8, 0x98, 0x30, 0xff,
    0xc8, 0x98, 0x30, 0xff, 0xc8, 0x94, 0x38, 0xff, 0xc8, 0x98, 0x30, 0xff,
    0xc8, 0x98, 0x30, 0xff, 0xc8, 0x98, 0x30, 0xff, 0xc8, 0x94, 0x30, 0xff,
    0xc8, 0x98, 0x30, 0xff, 0xc8, 0x98, 0x38, 0xff, 0xc8, 0x98, 0x30, 0xff,
    0xc8, 0x94, 0x30, 0xff, 0xc8, 0x98, 0x30, 0xff, 0xc8, 0x98, 0x30, 0xff,
    0xc8, 0x98, 0x38, 0xff, 0xc8, 0x94, 0x30, 0xff, 0xc8, 0x98, 0x30, 0xff,
    0xc8, 0x98, 0x30, 0xff, 0xc8, 0x98, 0x30, 0xff, 0xc8, 0x94, 0x38, 0xff,
    0xc8, 0x98, 0x30, 0xff, 0xc8, 0x98, 0x30, 0xff, 0xc8, 0x94, 0x30, 0xff,
    0xc8, 0x98, 0x30, 0xff, 0xc8, 0x98, 0x30, 0xff, 0xc8, 0x98, 0x38, 0xff,
    0xc8, 0x98, 0x30, 0xff, 0xc8, 0x94, 0x30, 0xff, 0xc8, 0x98, 0x38, 0xff,
    0xc8, 0x98, 0x30, 0xff, 0xc8, 0x98, 0x30, 0xff, 0xc8, 0x94, 0x38, 0xff,
    0xc8, 0x98, 0x30, 0xff, 0xc8, 0x98, 0x30, 0xff, 0xc8, 0x94, 0x30, 0xff,
    0xc8, 0x98, 0x30, 0xff, 0xc8, 0x98, 0x30, 0xff, 0xc8, 0x98, 0x30, 0xff,
    0xc8, 0x94, 0x38, 0xff, 0xc8, 0x98, 0x30, 0xff, 0xc8, 0x98, 0x30, 0xff,
    0xc8, 0x94, 0x38, 0xff, 0xc8, 0x98, 0x38, 0xff, 0xc8, 0x98, 0x30, 0xff,
    0xc8, 0x98, 0x38, 0xff, 0xc8, 0x94, 0x30, 0xff, 0xc8, 0x98, 0x30, 0xff,
    0xc8, 0x98, 0x30, 0xff, 0xc8, 0x94, 0x30, 0xff, 0xc8, 0x98, 0x38, 0xff,
    0xc8, 0x98, 0x30, 0xff, 0xc8, 0x98, 0x30, 0xff, 0xc8, 0x98, 0x38, 0xff,
    0xc8, 0x98, 0x30, 0xff, 0xc8, 0x98, 0x30, 0xff, 0xc8, 0x94, 0x30, 0xff,
    0xc8, 0x98, 0x38, 0xff, 0xc8, 0x98, 0x30, 0xff, 0xc8, 0x98, 0x30, 0xff,
    0xc8, 0x98, 0x38, 0xff, 0xc8, 0x98, 0x38, 0xff, 0xc8, 0x98, 0x30, 0xff,
    0xc8, 0x98, 0x30, 0xff, 0xc8, 0x98, 0x38, 0xff, 0xc8, 0x98, 0x30, 0xff,
    0xc8, 0x98, 0x30, 0xff, 0xc8, 0x98, 0x38, 0xff, 0xc8, 0x98, 0x30, 0xff,
    0xc8, 0x94, 0x38, 0xff, 0xc8, 0x98, 0x30, 0xff, 0xc8, 0x98, 0x30, 0xff,
    0xc8, 0x94, 0x38, 0xff, 0xc8, 0x98, 0x30, 0xff, 0xc8, 0x94, 0x30, 0xff,
    0xc8, 0x98, 0x38, 0xff, 0xc8, 0x98, 0x38, 0xff, 0xc8, 0x94, 0x30, 0xff,
    0xc8, 0x98, 0x38, 0xff, 0xc8, 0x98, 0x30, 0xff, 0xc8, 0x94, 0x30, 0xff,
    0xc8, 0x98, 0x30, 0xff, 0xc8, 0x98, 0x38, 0xff, 0xc8, 0x98, 0x30, 0xff,
    0xc8, 0x94, 0x30, 0xff, 0xc8, 0x98, 0x30, 0xff, 0xc8, 0x98, 0x30, 0xff,
    0xc8, 0x98, 0x38, 0xff, 0xc8, 0x98, 0x30, 0xff, 0xc8, 0x98, 0x30, 0xff,
    0xc8, 0x98, 0x38, 0xff, 0xc8, 0x98, 0x30, 0xff, 0xc8, 0x98, 0x30, 0xff,
    0xc8, 0x94, 0x30, 0xff, 0xc8, 0x98, 0x30, 0xff, 0xc8, 0x98, 0x38, 0xff,
    0xc8, 0x94, 0x30, 0xff, 0xc8, 0x98, 0x38, 0xff, 0xc8, 0x94, 0x30, 0xff,
    0xc8, 0x98, 0x30, 0xff, 0xc8, 0x98, 0x30, 0xff, 0xc8, 0x94, 0x38, 0xff,
    0xc8, 0x98, 0x30, 0xff, 0xc8, 0x98, 0x38, 0xff, 0xc8, 0x94, 0x30, 0xff,
    0xc8, 0x98, 0x38, 0xff, 0xc8, 0x98, 0x30, 0xff, 0xc8, 0x98, 0x30, 0xff,
    0xc8, 0x94, 0x30, 0xff, 0xc8, 0x98, 0x38, 0xff, 0xc8, 0x98, 0x30, 0xff,
    0xc8, 0x98, 0x30, 0xff, 0xc8, 0x98, 0x30, 0xff, 0xc8, 0x98, 0x30, 0xff,
    0xc8, 0x98, 0x38, 0xff, 0xc8, 0x98, 0x30, 0xff, 0xc8, 0x98, 0x30, 0xff,
    0xc8, 0x94, 0x38, 0xff, 0xc8, 0x98, 0x30, 0xff, 0xc8, 0x98, 0x30, 0xff,
    0xc8, 0x94, 0x30, 0xff, 0xc8, 0x98, 0x30, 0xff, 0xc8, 0x94, 0x38, 0xff,
    0xc8, 0x98, 0x30, 0xff, 0xc8, 0x98, 0x38, 0xff, 0xc8, 0x94, 0x30, 0xff,
    0xc8, 0x98, 0x30, 0xff, 0xc8, 0x98, 0x30, 0xff, 0xc8, 0x94, 0x38, 0xff,
    0xc8, 0x98, 0x30, 0xff, 0xc8, 0x98, 0x38, 0xff, 0xc8, 0x98, 0x30, 0xff,
    0xc8, 0x94, 0x38, 0xff, 0xc8, 0x98, 0x30, 0xff, 0xc8, 0x98, 0x30, 0xff,
    0xc8, 0x98, 0x30, 0xff, 0xc8, 0x98, 0x38, 0xff, 0xc8, 0x98, 0x30, 0xff,
    0xc8, 0x98, 0x30, 0xff, 0xc8, 0x98, 0x30, 0xff, 0xc8, 0x98, 0x30, 0xff,
    0xc8, 0x98, 0x38, 0xff, 0xc8, 0x98, 0x30, 0xff, 0xc8, 0x98, 0x30, 0xff,
    0xc8, 0x98, 0x38, 0xff, 0xc8, 0x94, 0x30, 0xff, 0xc8, 0x98, 0x30, 0xff,
    0xc8, 0x98, 0x38, 0xff, 0xc8, 0x94, 0x30, 0xff, 0xc8, 0x98, 0x38, 0xff,
    0xc8, 0x94, 0x30, 0xff, 0xc8, 0x98, 0x30, 0xff, 0xc8, 0x98, 0x38, 0xff,
    0xc8, 0x98, 0x30, 0xff, 0xc8, 0x98, 0x30, 0xff, 0xc8, 0x94, 0x30, 0xff,
    0xc8, 0x98, 0x30, 0xff, 0xc8, 0x98, 0x30, 0xff, 0xc8, 0x94, 0x30, 0xff,
    0xc8, 0x98, 0x30, 0xff, 0xc8, 0x98, 0x38, 0xff, 0xc8, 0x94, 0x30, 0xff,
    0xc8, 0x98, 0x30, 0xff, 0xc8, 0x98, 0x38, 0xff, 0xc8, 0x98, 0x30, 0xff,
    0xc8, 0x98, 0x30, 0xff, 0xc8, 0x98, 0x30, 0xff, 0xc8, 0x98, 0x38, 0xff,
    0xc8, 0x94, 0x30, 0xff, 0xc8, 0x98, 0x30, 0xff, 0xc8, 0x98, 0x38, 0xff,
    0xc8, 0x94, 0x30, 0xff, 0xc8, 0x94, 0x38, 0x5d, 0xc8, 0x98, 0x30, 0x8e,
    0xc8, 0x98, 0x30, 0xff, 0xc8, 0x98, 0x30, 0xff, 0xc8, 0x94, 0x30, 0xff,
    0xc8, 0x98, 0x38, 0xff, 0xc8, 0x98, 0x30, 0xff, 0xc8, 0x98, 0x30, 0xff,
    0xc8, 0x98, 0x38, 0xff, 0xc8, 0x98, 0x30, 0xff, 0xc8, 0x98, 0x30, 0xff,
    0xc8, 0x98, 0x30, 0xff, 0xc8, 0x94, 0x30, 0xff, 0xc8, 0x98, 0x30, 0xff,
    0xc8, 0x98, 0x38, 0xff, 0xc8, 0x98, 0x30, 0xff, 0xc8, 0x94, 0x30, 0xff,
    0xc8, 0x98, 0x38, 0xff, 0xc8, 0x98, 0x30, 0xff, 0xc8, 0x98, 0x30, 0xff,
    0xc8, 0x94, 0x38, 0xff, 0xc8, 0x98, 0x30, 0xff, 0xc8, 0x98, 0x30, 0xff,
    0xc8, 0x98, 0x38, 0xff, 0xc8, 0x98, 0x30, 0xff, 0xc8, 0x98, 0x30, 0xff,
    0xc8, 0x94, 0x38, 0xff, 0xc8, 0x98, 0x30, 0xff, 0xc8, 0x98, 0x30, 0xff,
    0xc8, 0x94, 0x30, 0xff, 0xc8, 0x98, 0x30, 0xff, 0xc8, 0x98, 0x38, 0xff,
    0xc8, 0x98, 0x30, 0xff, 0xc8, 0x98, 0x30, 0xff, 0xc8, 0x98, 0x30, 0xff,
    0xc8, 0x98, 0x30, 0xff, 0xc8, 0x98, 0x30, 0xff, 0xc8, 0x98, 0x38, 0xff,
    0xc8, 0x94, 0x30, 0xff, 0xc8, 0x98, 0x38, 0xff, 0xc8, 0x98, 0x30, 0xff,
    0xc8, 0x94, 0x30, 0xff, 0xc8, 0x98, 0x30, 0xff, 0xc8, 0x98, 0x30, 0xff,
    0xc8, 0x94, 0x30, 0xff, 0xc8, 0x98, 0x30, 0xff, 0xc8, 0x98, 0x30, 0xff,
    0xc8, 0x98, 0x30, 0xff, 0xc8, 0x94, 0x30, 0xff, 0xc8, 0x98, 0x38, 0xff,
    0xc8, 0x98, 0x30, 0xff, 0xc8, 0x98, 0x30, 0xff, 0xc8, 0x94, 0x38, 0xff,
    0xc8, 0x98, 0x30, 0xff, 0xc8, 0x98, 0x30, 0xff, 0xc8, 0x94, 0x38, 0xff,
    0xc8, 0x94, 0x30, 0xff, 0xc8, 0x98, 0x30, 0xff, 0xc8, 0x98, 0x30, 0xff,
    0xc8, 0x98, 0x38, 0xff, 0xc8, 0x94, 0x30, 0xff, 0xc8, 0x98, 0x30, 0xff,
    0xc8, 0x94, 0x30, 0xff, 0xc8, 0x94, 0x30, 0xff, 0xc8, 0x98, 0x30, 0xff,
    0xc8, 0x94, 0x30, 0xff, 0xc8, 0x98, 0x38, 0xff, 0xc8, 0x94, 0x30, 0xff,
    0xc8, 0x98, 0x30, 0xff, 0xc8, 0x98, 0x30, 0xff, 0xc8, 0x94, 0x30, 0xff,
    0xc8, 0x98, 0x38, 0xff, 0xc8, 0x98, 0x30, 0xff, 0xc8, 0x98, 0x30, 0xff,
    0xc8, 0x98, 0x38, 0xff, 0xc8, 0x98, 0x30, 0xff, 0xc8, 0x98, 0x30, 0xff,
    0xc8, 0x94, 0x30, 0xff, 0xc8, 0x98, 0x30, 0xff, 0xc8, 0x98, 0x30, 0xff,
    0xc8, 0x98, 0x30, 0xff, 0xc8, 0x98, 0x30, 0xff, 0xc8, 0x98, 0x38, 0xff,
    0xc8, 0x98, 0x30, 0xff, 0xc8, 0x98, 0x30, 0xff, 0xc8, 0x94, 0x30, 0xff,
    0xc8, 0x98, 0x30, 0xff, 0xc8, 0x98, 0x30, 0xff, 0xc8, 0x98, 0x30, 0xff,
    0xc8, 0x98, 0x38, 0xff, 0xc8, 0x94, 0x30, 0xff, 0xc8, 0x98, 0x30, 0xff,
    0xc8, 0x94, 0x30, 0xff, 0xc8, 0x98, 0x38, 0xff, 0xc8, 0x98, 0x30, 0xff,
    0xc8, 0x94, 0x30, 0xff, 0xc8, 0x98, 0x38, 0xff, 0xc8, 0x98, 0x30, 0xff,
    0xc8, 0x98, 0x30, 0xff, 0xc8, 0x98, 0x30, 0xff, 0xc8, 0x94, 0x38, 0xff,
    0xc8, 0x98, 0x30, 0xff, 0xc8, 0x98, 0x30, 0xff, 0xc8, 0x94, 0x38, 0xff,
    0xc8, 0x98, 0x30, 0xff, 0xc8, 0x98, 0x30, 0xff, 0xc8, 0x98, 0x30, 0xff,
    0xc8, 0x98, 0x38, 0xff, 0xc8, 0x98, 0x30, 0xff, 0xc8, 0x94, 0x30, 0xff,
    0xc8, 0x98, 0x38, 0xff, 0xc8, 0x98, 0x30, 0xff, 0xc8, 0x98, 0x30, 0xff,
    0xc8, 0x98, 0x30, 0xff, 0xc8, 0x94, 0x30, 0xff, 0xc8, 0x98, 0x30, 0xff,
    0xc8, 0x94, 0x38, 0xff, 0xc8, 0x98, 0x30, 0xff, 0xc8, 0x98, 0x30, 0xff,
    0xc8, 0x94, 0x30, 0xff, 0xc8, 0x98, 0x38, 0xff, 0xc8, 0x98, 0x30, 0xff,
    0xc8, 0x98, 0x30, 0xff, 0xc8, 0x98, 0x38, 0xff, 0xc8, 0x94, 0x30, 0xff,
    0xc8, 0x98, 0x30, 0xff, 0xc8, 0x98, 0x30, 0xff, 0xc8, 0x94, 0x38, 0xff,
    0xc8, 0x98, 0x30, 0xff, 0xc8, 0x98, 0x30, 0xff, 0xc8, 0x98, 0x38, 0xff,
    0xc8, 0x98, 0x30, 0xff, 0xc8, 0x98, 0x30, 0xff, 0xc8, 0x94, 0x30, 0xff,
    0xc8, 0x98, 0x38, 0xff, 0xc8, 0x98, 0x30, 0xff, 0xc8, 0x98, 0x30, 0xff,
    0xc8, 0x98, 0x38, 0xff, 0xc8, 0x94, 0x30, 0xff, 0xc8, 0x98, 0x30, 0xff,
    0xc8, 0x94, 0x30, 0xff, 0xc8, 0x98, 0x30, 0xff, 0xc8, 0x94, 0x30, 0xff,
    0xc8, 0x98, 0x38, 0xff, 0xc8, 0x98, 0x30, 0xff, 0xc8, 0x94, 0x30, 0xff,
    0xc8, 0x98, 0x30, 0xff, 0xc8, 0x98, 0x30, 0xff, 0xc8, 0x98, 0x30, 0xff,
    0xc8, 0x98, 0x30, 0xff, 0xc8, 0x94, 0x30, 0xff, 0xc8, 0x98, 0x38, 0xff,
    0xc8, 0x98, 0x30, 0xff, 0xc8, 0x98, 0x30, 0xff, 0xc8, 0x94, 0x38, 0xff,
    0xc8, 0x98, 0x30, 0xff, 0xc8, 0x94, 0x30, 0xff, 0xc8, 0x98, 0x38, 0xff,
    0xc8, 0x98, 0x30, 0xff, 0xc8, 0x94, 0x30, 0xff, 0xc8, 0x98, 0x38, 0xff,
    0xc8, 0x98, 0x30, 0xff, 0xc8, 0x98, 0x30, 0xff, 0xc8, 0x98, 0x30, 0xff,
    0xc8, 0x98, 0x38, 0xff, 0xc8, 0x98, 0x30, 0xff, 0xc8, 0x94, 0x30, 0xff,
    0xc8, 0x98, 0x38, 0xff, 0xc8, 0x98, 0x30, 0xff, 0xc8, 0x98, 0x30, 0xff,
    0xc8, 0x98, 0x30, 0xff, 0xc8, 0x98, 0x30, 0xff, 0xc8, 0x94, 0x30, 0xff,
    0xc8, 0x98, 0x30, 0xff, 0xc8, 0x98, 0x30, 0xff, 0xc8, 0x98, 0x30, 0x8e,
    0xc8, 0x98, 0x38, 0xbe, 0xc8, 0x98, 0x30, 0xff, 0xc8, 0x98, 0x30, 0xff,
    0xc8, 0x98, 0x38, 0xff, 0xc8, 0x94, 0x30, 0xff, 0xc8, 0x98, 0x30, 0xff,
    0xc8, 0x94, 0x30, 0xff, 0xc8, 0x98, 0x30, 0xff, 0xc8, 0x94, 0x38, 0xff,
    0xc8, 0x98, 0x30, 0xff, 0xc8, 0x98, 0x38, 0xff, 0xc8, 0x98, 0x30, 0xff,
    0xc8, 0x94, 0x30, 0xff, 0xc8, 0x98, 0x30, 0xff, 0xc8, 0x98, 0x38, 0xff,
    0xc8, 0x98, 0x30, 0xff, 0xc8, 0x94, 0x30, 0xff, 0xc8, 0x98, 0x30, 0xff,
    0xc8, 0x98, 0x30, 0xff, 0xc8, 0x98, 0x38, 0xff, 0xc8, 0x94, 0x30, 0xff,
    0xc8, 0x98, 0x30, 0xff, 0xc8, 0x94, 0x30, 0xff, 0xc8, 0x98, 0x30, 0xff,
    0xc8, 0x98, 0x38, 0xff, 0xc8, 0x98, 0x30, 0xff, 0xc8, 0x98, 0x30, 0xff,
    0xc8, 0x94, 0x38, 0xff, 0xc8, 0x98, 0x30, 0xff, 0xc8, 0x98, 0x30, 0xff,
    0xc8, 0x94, 0x30, 0xff, 0xc8, 0x98, 0x30, 0xff, 0xc8, 0x94, 0x38, 0xff,
    0xc8, 0x94, 0x30, 0xff, 0xc8, 0x98, 0x30, 0xff, 0xc8, 0x98, 0x38, 0xff,
    0xc8, 0x94, 0x30, 0xff, 0xc8, 0x98, 0x30, 0xff, 0xc8, 0x98, 0x30, 0xff,
    0xc8, 0x98, 0x38, 0xff, 0xc8, 0x98, 0x30, 0xff, 0xc8, 0x98, 0x38, 0xff,
    0xc8, 0x98, 0x30, 0xff, 0xc8, 0x98, 0x38, 0xff, 0xc8, 0x94, 0x30, 0xff,
    0xc8, 0x98, 0x30, 0xff, 0xc8, 0x98, 0x30, 0xff, 0xc8, 0x98, 0x30, 0xff,
    0xc8, 0x98, 0x38, 0xff, 0xc8, 0x98, 0x30, 0xff, 0xc8, 0x94, 0x30, 0xff,
    0xc8, 0x98, 0x30, 0xff, 0xc8, 0x98, 0x30, 0xff, 0xc8, 0x98, 0x30, 0xff,
    0xc8, 0x98, 0x30, 0xff, 0xc8, 0x98, 0x30, 0xff, 0xc8, 0x94, 0x30, 0xff,
    0xc8, 0x98, 0x38, 0xff, 0xc8, 0x98, 0x30, 0xff, 0xc8, 0x98, 0x30, 0xff,
    0xc8, 0x98, 0x30, 0xff, 0xc8, 0x98, 0x38, 0xff, 0xc8, 0x98, 0x30, 0xff,
    0xc8, 0x98, 0x30, 0xff, 0xc8, 0x98, 0x30, 0xff, 0xc8, 0x94, 0x30, 0xff,
    0xc8, 0x98, 0x30, 0xff, 0xc8, 0x98, 0x38, 0xff, 0xc8, 0x94, 0x30, 0xff,
    0xc8, 0x98, 0x30, 0xff, 0xc8, 0x98, 0x30, 0xff, 0xc8, 0x94, 0x30, 0xff,
    0xc8, 0x98, 0x30, 0xff, 0xc8, 0x94, 0x30, 0xff, 0xc8, 0x98, 0x30, 0xff,
    0xc8, 0x98, 0x38, 0xff, 0xc8, 0x98, 0x30, 0xff, 0xc8, 0x94, 0x30, 0xff,
    0xc8, 0x98, 0x38, 0xff, 0xc8, 0x98, 0x30, 0xff, 0xc8, 0x94, 0x30, 0xff,
    0xc8, 0x94, 0x30, 0xff, 0xc8, 0x98, 0x38, 0xff, 0xc8, 0x98, 0x30, 0xff,
    0xc8, 0x94, 0x38, 0xff, 0xc8, 0x98, 0x38, 0xff, 0xc8, 0x98, 0x30, 0xff,
    0xc8, 0x94, 0x30, 0xff, 0xc8, 0x98, 0x30, 0xff, 0xc8, 0x98, 0x30, 0xff,
    0xc8, 0x94, 0x30, 0xff, 0xc8, 0x98, 0x38, 0xff, 0xc8, 0x98, 0x30, 0xff,
    0xc8, 0x94, 0x30, 0xff, 0xc8, 0x98, 0x30, 0xff, 0xc8, 0x98, 0x38, 0xff,
    0xc8, 0x94, 0x30, 0xff, 0xc8, 0x98, 0x30, 0xff, 0xc8, 0x98, 0x30, 0xff,
    0xc8, 0x98, 0x30, 0xff, 0xc8, 0x98, 0x30, 0xff, 0xc8, 0x98, 0x30, 0xff,
    0xc8, 0x98, 0x30, 0xff, 0xc8, 0x98, 0x30, 0xff, 0xc8, 0x94, 0x30, 0xff,
    0xc8, 0x98, 0x30, 0xff, 0xc8, 0x98, 0x30, 0xff, 0xc8, 0x94, 0x30, 0xff,
    0xc8, 0x98, 0x30, 0xff, 0xc8, 0x98, 0x38, 0xff, 0xc8, 0x94, 0x30, 0xff,
    0xc8, 0x98, 0x30, 0xff, 0xc8, 0x98, 0x38, 0xff, 0xc8, 0x94, 0x30, 0xff,
    0xc8, 0x98, 0x38, 0xff, 0xc8, 0x98, 0x30, 0xff, 0xc8, 0x94, 0x30, 0xff,
    0xc8, 0x98, 0x30, 0xff, 0xc8, 0x98, 0x30, 0xff, 0xc8, 0x98, 0x30, 0xff,
    0xc8, 0x94, 0x30, 0xff, 0xc8, 0x98, 0x38, 0xff, 0xc8, 0x98, 0x30, 0xff,
    0xc8, 0x98, 0x30, 0xff, 0xc8, 0x98, 0x30, 0xff, 0xc8, 0x98, 0x30, 0xff,
    0xc8, 0x98, 0x30, 0xff, 0xc8, 0x98, 0x30, 0xff, 0xc8, 0x94, 0x30, 0xff,
    0xc8, 0x98, 0x30, 0xff, 0xc8, 0x98, 0x30, 0xff, 0xc8, 0x94, 0x30, 0xff,
    0xc8, 0x98, 0x30, 0xff, 0xc8, 0x98, 0x30, 0xff, 0xc8, 0x94, 0x30, 0xff,
    0xc8, 0x98, 0x30, 0xff, 0xc8, 0x98, 0x38, 0xff, 0xc8, 0x94, 0x30, 0xff,
    0xc8, 0x98, 0x30, 0xff, 0xc8, 0x98, 0x38, 0xff, 0xc8, 0x98, 0x30, 0xff,
    0xc8, 0x98, 0x38, 0xff, 0xc8, 0x94, 0x30, 0xff, 0xc8, 0x98, 0x30, 0xff,
    0xc8, 0x98, 0x38, 0xff, 0xc8, 0x94, 0x30, 0xff, 0xc8, 0x98, 0x30, 0xff,
    0xc8, 0x98, 0x38, 0xff, 0xc8, 0x94, 0x30, 0xff, 0xc8, 0x98, 0x30, 0xff,
    0xc8, 0x98, 0x30, 0xff, 0xc8, 0x98, 0x30, 0xff, 0xc8, 0x98, 0x30, 0xff,
    0xc8, 0x98, 0x30, 0xff, 0xc8, 0x98, 0x30, 0xff, 0xc8, 0x98, 0x30, 0xff,
    0xc8, 0x98, 0x38, 0xff, 0xc8, 0x98, 0x30, 0xff, 0xc8, 0x98, 0x30, 0xff,
    0xc8, 0x94, 0x38, 0xff, 0xc8, 0x98, 0x30, 0xff, 0xc8, 0x98, 0x30, 0xff,
    0xc8, 0x94, 0x30, 0xff, 0xc8, 0x98, 0x30, 0xff, 0xc8, 0x98, 0x30, 0xff,
    0xc8, 0x94, 0x30, 0xff, 0xc8, 0x98, 0x38, 0xff, 0xc8, 0x94, 0x30, 0xff,
    0xc8, 0x94, 0x30, 0xff, 0xc8, 0x98, 0x38, 0xff, 0xc8, 0x98, 0x30, 0xff,
    0xc8, 0x98, 0x38, 0xff, 0xc8, 0x98, 0x30, 0xff, 0xc8, 0x98, 0x30, 0xff,
    0xc8, 0x94, 0x30, 0xcf, 0xc8, 0x94, 0x30, 0xdf, 0xc8, 0x98, 0x30, 0xff,
    0xc8, 0x98, 0x38, 0xff, 0xc8, 0x94, 0x30, 0xff, 0xc8, 0x98, 0x30, 0xff,
    0xc8, 0x98, 0x38, 0xff, 0xc8, 0x98, 0x30, 0xff, 0xc8, 0x94, 0x30, 0xff,
    0xc8, 0x98, 0x30, 0xff, 0xc8, 0x98, 0x30, 0xff, 0xc8, 0x94, 0x38, 0xff,
    0xc8, 0x98, 0x30, 0xff, 0xc8, 0x98, 0x30, 0xff, 0xc8, 0x94, 0x30, 0xff,
    0xc8, 0x98, 0x30, 0xff, 0xc8, 0x98, 0x38, 0xff, 0xc8, 0x98, 0x30, 0xff,
    0xc8, 0x94, 0x30, 0xff, 0xc8, 0x98, 0x38, 0xff, 0xc8, 0x98, 0x30, 0xff,
    0xc8, 0x98, 0x30, 0xff, 0xc8, 0x98, 0x38, 0xff, 0xc8, 0x94, 0x30, 0xff,
    0xc8, 0x98, 0x30, 0xff, 0xc8, 0x98, 0x30, 0xff, 0xc8, 0x94, 0x30, 0xff,
    0xc8, 0x98, 0x38, 0xff, 0xc8, 0x98, 0x30, 0xff, 0xc8, 0x98, 0x30, 0xff,
    0xc8, 0x98, 0x38, 0xff, 0xc8, 0x98, 0x30, 0xff, 0xc8, 0x98, 0x30, 0xff,
    0xc8, 0x98, 0x38, 0xff, 0xc8, 0x98, 0x30, 0xff, 0xc8, 0x98, 0x30, 0xff,
    0xc8, 0x94, 0x30, 0xff, 0xc8, 0x98, 0x30, 0xff, 0xc8, 0x98, 0x30, 0xff,
    0xc8, 0x94, 0x30, 0xff, 0xc8, 0x98, 0x30, 0xff, 0xc8, 0x94, 0x38, 0xff,
    0xc8, 0x98, 0x30, 0xff, 0xc8, 0x98, 0x30, 0xff, 0xc8, 0x94, 0x30, 0xff,
    0xc8, 0x98, 0x38, 0xff, 0xc8, 0x98, 0x30, 0xff, 0xc8, 0x94, 0x38, 0xff,
    0xc8, 0x98, 0x30, 0xff, 0xc8, 0x98, 0x30, 0xff, 0xc8, 0x94, 0x38, 0xff,
    0xc8, 0x98, 0x30, 0xff, 0xc8, 0x98, 0x30, 0xff, 0xc8, 0x94, 0x38, 0xff,
    0xc8, 0x98, 0x38, 0xff, 0xc8, 0x98, 0x30, 0xff, 0xc8, 0x98, 0x30, 0xff,
    0xc8, 0x98, 0x38, 0xff, 0xc8, 0x94, 0x30, 0xff, 0xc8, 0x98, 0x30, 0xff,
    0xc8, 0x98, 0x30, 0xff, 0xc8, 0x94, 0x38, 0xff, 0xc8, 0x98, 0x30, 0xff,
    0xc8, 0x98, 0x30, 0xff, 0xc8, 0x98, 0x38, 0xff, 0xc8, 0x98, 0x38, 0xff,
    0xc8, 0x98, 0x30, 0xff, 0xc8, 0x98, 0x30, 0xff, 0xc8, 0x98, 0x38, 0xff,
    0xc8, 0x98, 0x30, 0xff, 0xc8, 0x98, 0x30, 0xff, 0xc8, 0x98, 0x38, 0xff,
    0xc8, 0x98, 0x30, 0xff, 0xc8, 0x94, 0x38, 0xff, 0xc8, 0x98, 0x30, 0xff,
    0xc8, 0x98, 0x30, 0xff, 0xc8, 0x98, 0x38, 0xff, 0xc8, 0x98, 0x30, 0xff,
    0xc8, 0x94, 0x30, 0xff, 0xc8, 0x98, 0x38, 0xff, 0xc8, 0x98, 0x30, 0xff,
    0xc8, 0x98, 0x30, 0xff, 0xc8, 0x98, 0x30, 0xff, 0xc8, 0x98, 0x30, 0xff,
    0xc8, 0x98, 0x30, 0xff, 0xc8, 0x98, 0x30, 0xff, 0xc8, 0x98, 0x30, 0xff,
    0xc8, 0x94, 0x38, 0xff, 0xc8, 0x98, 0x30, 0xff, 0xc8, 0x98, 0x38, 0xff,
    0xc8, 0x98, 0x30, 0xff, 0xc8, 0x98, 0x30, 0xff, 0xc8, 0x98, 0x30, 0xff,
    0xc8, 0x98, 0x30, 0xff, 0xc8, 0x98, 0x30, 0xff, 0xc8, 0x98, 0x38, 0xff,
    0xc8, 0x98, 0x30, 0xff, 0xc8, 0x98, 0x30, 0xff, 0xc8, 0x94, 0x38, 0xff,
    0xc8, 0x98, 0x38, 0xff, 0xc8, 0x98, 0x30, 0xff, 0xc8, 0x94, 0x38, 0xff,
    0xc8, 0x94, 0x30, 0xff, 0xc8, 0x98, 0x38, 0xff, 0xc8, 0x98, 0x38, 0xff,
    0xc8, 0x94, 0x30, 0xff, 0xc8, 0x98, 0x38, 0xff, 0xc8, 0x98, 0x30, 0xff,
    0xc8, 0x98, 0x30, 0xff, 0xc8, 0x98, 0x38, 0xff, 0xc8, 0x98, 0x30, 0xff,
    0xc8, 0x94, 0x30, 0xff, 0xc8, 0x98, 0x30, 0xff, 0xc8, 0x98, 0x38, 0xff,
    0xc8, 0x98, 0x30, 0xff, 0xc8, 0x98, 0x30, 0xff, 0xc8, 0x98, 0x30, 0xff,
    0xc8, 0x98, 0x38, 0xff, 0xc8, 0x94, 0x38, 0xff, 0xc8, 0x98, 0x30, 0xff,
    0xc8, 0x98, 0x30, 0xff, 0xc8, 0x98, 0x38, 0xff, 0xc8, 0x94, 0x30, 0xff,
    0xc8, 0x98, 0x30, 0xff, 0xc8, 0x94, 0x38, 0xff, 0xc8, 0x98, 0x38, 0xff,
    0xc8, 0x94, 0x30, 0xff, 0xc8, 0x98, 0x38, 0xff, 0xc8, 0x98, 0x30, 0xff,
    0xc8, 0x94, 0x38, 0xff, 0xc8, 0x98, 0x30, 0xff, 0xc8, 0x98, 0x38, 0xff,
    0xc8, 0x98, 0x38, 0xff, 0xc8, 0x98, 0x30, 0xff, 0xc8, 0x98, 0x30, 0xff,
    0xc8, 0x94, 0x38, 0xff, 0xc8, 0x98, 0x30, 0xff, 0xc8, 0x98, 0x30, 0xff,
    0xc8, 0x98, 0x30, 0xff, 0xc8, 0x98, 0x38, 0xff, 0xc8, 0x98, 0x30, 0xff,
    0xc8, 0x94, 0x30, 0xff, 0xc8, 0x98, 0x30, 0xff, 0xc8, 0x98, 0x30, 0xff,
    0xc8, 0x98, 0x30, 0xff, 0xc8, 0x98, 0x38, 0xff, 0xc8, 0x98, 0x30, 0xff,
    0xc8, 0x94, 0x30, 0xff, 0xc8, 0x98, 0x38, 0xff, 0xc8, 0x98, 0x30, 0xff,
    0xc8, 0x98, 0x30, 0xff, 0xc8, 0x94, 0x38, 0xff, 0xc8, 0x94, 0x30, 0xff,
    0xc8, 0x98, 0x38, 0xff, 0xc8, 0x94, 0x30, 0xff, 0xc8, 0x98, 0x30, 0xff,
    0xc8, 0x94, 0x38, 0xff, 0xc8, 0x98, 0x30, 0xff, 0xc8, 0x98, 0x30, 0xff,
    0xc8, 0x98, 0x30, 0xff, 0xc8, 0x98, 0x30, 0xff, 0xc8, 0x94, 0x38, 0xff,
    0xc8, 0x98, 0x30, 0xff, 0xc8, 0x98, 0x38, 0xff, 0xc8, 0x94, 0x30, 0xff,
    0xc8, 0x98, 0x30, 0xff, 0xc8, 0x98, 0x38, 0xff, 0xc8, 0x98, 0x30, 0xff,
    0xc8, 0x98, 0x30, 0xff, 0xc8, 0x98, 0x38, 0xff, 0xc8, 0x94, 0x30, 0xff,
    0xc8, 0x98, 0x30, 0xff, 0xc8, 0x98, 0x30, 0xff, 0xc8, 0x94, 0x38, 0xff,
    0xc8, 0x98, 0x30, 0xff, 0xc8, 0x98, 0x30, 0xdf, 0xc8, 0x98, 0x30, 0xff,
    0xc8, 0x98, 0x30, 0xff, 0xc8, 0x94, 0x30, 0xff, 0xc8, 0x98, 0x30, 0xff,
    0xc8, 0x98, 0x30, 0xff, 0xc8, 0x98, 0x30, 0xff, 0xc8, 0x98, 0x38, 0xff,
    0xc8, 0x98, 0x30, 0xff, 0xc8, 0x98, 0x30, 0xff, 0xc8, 0x98, 0x30, 0xff,
    0xc8, 0x94, 0x30, 0xff, 0xc8, 0x98, 0x38, 0xff, 0xc8, 0x98, 0x30, 0xff,
    0xc8, 0x98, 0x30, 0xff, 0xc8, 0x94, 0x38, 0xff, 0xc8, 0x98, 0x30, 0xff,
    0xc8, 0x98, 0x30, 0xff, 0xc8, 0x98, 0x30, 0xff, 0xc8, 0x94, 0x30, 0xff,
    0xc8, 0x98, 0x30, 0xff, 0xc8, 0x98, 0x30, 0xff, 0xc8, 0x98, 0x38, 0xff,
    0xc8, 0x98, 0x30, 0xff, 0xc8, 0x98, 0x30, 0xff, 0xc8, 0x94, 0x38, 0xff,
    0xc8, 0x98, 0x30, 0xff, 0xc8, 0x98, 0x30, 0xff, 0xc8, 0x94, 0x30, 0xff,
    0xc8, 0x98, 0x30, 0xff, 0xc8, 0x94, 0x38, 0xff, 0xc8, 0x98, 0x30, 0xff,
    0xc8, 0x98, 0x30, 0xff, 0xc8, 0x94, 0x30, 0xff, 0xc8, 0x98, 0x38, 0xff,
    0xc8, 0x98, 0x30, 0xff, 0xc8, 0x98, 0x30, 0xff, 0xc8, 0x98, 0x38, 0xff,
    0xc8, 0x98, 0x38, 0xff, 0xc8, 0x98, 0x30, 0xff, 0xc8, 0x94, 0x30, 0xff,
    0xc8, 0x98, 0x30, 0xff, 0xc8, 0x98, 0x30, 0xff, 0xc8, 0x94, 0x30, 0xff,
    0xc8, 0x98, 0x30, 0xff, 0xc8, 0x98, 0x30, 0xff, 0xc8, 0x98, 0x38, 0xff,
    0xc8, 0x94, 0x30, 0xff, 0xc8, 0x98, 0x30, 0xff, 0xc8, 0x98, 0x30, 0xff,
    0xc8, 0x94, 0x30, 0xff, 0xc8, 0x98, 0x38, 0xff, 0xc8, 0x98, 0x30, 0xff,
    0xc8, 0x98, 0x30, 0xff, 0xc8, 0x94, 0x30, 0xff, 0xc8, 0x98, 0x30, 0xff,
    0xc8, 0x98, 0x38, 0xff, 0xc8, 0x98, 0x30, 0xff, 0xc8, 0x94, 0x30, 0xff,
    0xc8, 0x98, 0x30, 0xff, 0xc8, 0x98, 0x38, 0xff, 0xc8, 0x94, 0x30, 0xff,
    0xc8, 0x98, 0x30, 0xff, 0xc8, 0x94, 0x30, 0xff, 0xc8, 0x94, 0x30, 0xff,
    0xc8, 0x98, 0x30, 0xff, 0xc8, 0x94, 0x30, 0xff, 0xc8, 0x98, 0x30, 0xff,
    0xc8, 0x94, 0x30, 0xff, 0xc8, 0x98, 0x30, 0xff, 0xc8, 0x94, 0x38, 0xff,
    0xc8, 0x98, 0x30, 0xff, 0xc8, 0x98, 0x30, 0xff, 0xc8, 0x98, 0x30, 0xff,
    0xc8, 0x98, 0x38, 0xff, 0xc8, 0x94, 0x30, 0xff, 0xc8, 0x98, 0x30, 0xff,
    0xc8, 0x98, 0x30, 0xff, 0xc8, 0x98, 0x30, 0xff, 0xc8, 0x94, 0x30, 0xff,
    0xc8, 0x98, 0x38, 0xff, 0xc8, 0x98, 0x30, 0xff, 0xc8, 0x94, 0x38, 0xff,
    0xc8, 0x98, 0x30, 0xff, 0xc8, 0x94, 0x30, 0xff, 0xc8, 0x98, 0x30, 0xff,
    0xc8, 0x98, 0x30, 0xff, 0xc8, 0x98, 0x30, 0xff, 0xc8, 0x98, 0x30, 0xff,
    0xc8, 0x94, 0x38, 0xff, 0xc8, 0x98, 0x30, 0xff, 0xc8, 0x98, 0x38, 0xff,
    0xc8, 0x94, 0x30, 0xff, 0xc8, 0x98, 0x30, 0xff, 0xc8, 0x94, 0x38, 0xff,
    0xc8, 0x98, 0x30, 0xff, 0xc8, 0x98, 0x30, 0xff, 0xc8, 0x94, 0x30, 0xff,
    0xc8, 0x98, 0x30, 0xff, 0xc8, 0x98, 0x30, 0xff, 0xc8, 0x98, 0x30, 0xff,
    0xc8, 0x98, 0x30, 0xff, 0xc8, 0x98, 0x30, 0xff, 0xc8, 0x98, 0x30, 0xff,
    0xc8, 0x98, 0x30, 0xff, 0xc8, 0x98, 0x30, 0xff, 0xc8, 0x94, 0x30, 0xff,
    0xc8, 0x98, 0x38, 0xff, 0xc8, 0x94, 0x30, 0xff, 0xc8, 0x98, 0x30, 0xff,
    0xc8, 0x98, 0x30, 0xff, 0xc8, 0x98, 0x30, 0xff, 0xc8, 0x94, 0x38, 0xff,
    0xc8, 0x98, 0x30, 0xff, 0xc8, 0x98, 0x30, 0xff, 0xc8, 0x94, 0x30, 0xff,
    0xc8, 0x98, 0x30, 0xff, 0xc8, 0x98, 0x30, 0xff, 0xc8, 0x98, 0x30, 0xff,
    0xc8, 0x94, 0x30, 0xff, 0xc8, 0x98, 0x38, 0xff, 0xc8, 0x98, 0x30, 0xff,
    0xc8, 0x98, 0x30, 0xff, 0xc8, 0x98, 0x30, 0xff, 0xc8, 0x98, 0x30, 0xff,
    0xc8, 0x94, 0x30, 0xff, 0xc8, 0x98, 0x30, 0xff, 0xc8, 0x98, 0x30, 0xff,
    0xc8, 0x98, 0x38, 0xff, 0xc8, 0x98, 0x30, 0xff, 0xc8, 0x94, 0x30, 0xff,
    0xc8, 0x98, 0x30, 0xff, 0xc8, 0x94, 0x30, 0xff, 0xc8, 0x98, 0x30, 0xff,
    0xc8, 0x98, 0x38, 0xff, 0xc8, 0x98, 0x30, 0xff, 0xc8, 0x94, 0x30, 0xff,
    0xc8, 0x98, 0x30, 0xff, 0xc8, 0x98, 0x30, 0xff, 0xc8, 0x94, 0x30, 0xff,
    0xc8, 0x98, 0x30, 0xff, 0xc8, 0x98, 0x38, 0xff, 0xc8, 0x94, 0x30, 0xff,
    0xc8, 0x98, 0x30, 0xff, 0xc8, 0x98, 0x30, 0xff, 0xc8, 0x94, 0x30, 0xff,
    0xc8, 0x98, 0x30, 0xff, 0xc8, 0x98, 0x30, 0xff, 0xc8, 0x98, 0x30, 0xff,
    0xc8, 0x98, 0x38, 0xff, 0xc8, 0x98, 0x30, 0xff, 0xc8, 0x98, 0x30, 0xff,
    0xc8, 0x98, 0x38, 0xff, 0xc8, 0x98, 0x30, 0xff, 0xc8, 0x98, 0x30, 0xff,
    0xc8, 0x94, 0x38, 0xff, 0xc8, 0x98, 0x30, 0xff, 0xc8, 0x94, 0x30, 0xff,
    0xc8, 0x98, 0x38, 0xff, 0xc8, 0x94, 0x30, 0xff, 0xc8, 0x98, 0x30, 0xff,
    0xc8, 0x98, 0x30, 0xff, 0xc8, 0x98, 0x30, 0xff, 0xc8, 0x98, 0x38, 0xff,
    0xc8, 0x98, 0x30, 0xff, 0xc8, 0x98, 0x30, 0xff, 0xc8, 0x98, 0x38, 0xff,
    0xc8, 0x94, 0x30, 0xff, 0xc8, 0x98, 0x30, 0xff, 0xc8, 0x98, 0x30, 0xff,
    0xc8, 0x98, 0x30, 0xff, 0xc8, 0x94, 0x30, 0xff, 0xc8, 0x98, 0x30, 0xff,
    0xc8, 0x98, 0x38, 0xff, 0xc8, 0x94, 0x30, 0xff, 0xc8, 0x94, 0x30, 0xef,
    0xc8, 0x98, 0x30, 0xff, 0xc8, 0x98, 0x30, 0xff, 0xc8, 0x98, 0x38, 0xff,
    0xc8, 0x98, 0x30, 0xff, 0xc8, 0x94, 0x30, 0xff, 0xc8, 0x98, 0x30, 0xff,
    0xc8, 0x94, 0x38, 0xff, 0xc8, 0x98, 0x30, 0xff, 0xc8, 0x98, 0x38, 0xff,
    0xc8, 0x94, 0x30, 0xff, 0xc8, 0x98, 0x30, 0xff, 0xc8, 0x98, 0x38, 0xff,
    0xc8, 0x98, 0x30, 0xff, 0xc8, 0x98, 0x30, 0xff, 0xc8, 0x98, 0x30, 0xff,
    0xc8, 0x94, 0x30, 0xff, 0xc8, 0x98, 0x38, 0xff, 0xc8, 0x98, 0x30, 0xff,
    0xc8, 0x98, 0x38, 0xff, 0xc8, 0x94, 0x30, 0xff, 0xc8, 0x98, 0x30, 0xff,
    0xc8, 0x94, 0x30, 0xff, 0xc8, 0x98, 0x30, 0xff, 0xc8, 0x98, 0x38, 0xff,
    0xc8, 0x98, 0x30, 0xff, 0xc8, 0x98, 0x30, 0xff, 0xc8, 0x98, 0x38, 0xff,
    0xc8, 0x98, 0x30, 0xff, 0xc8, 0x98, 0x30, 0xff, 0xc8, 0x94, 0x30, 0xff,
    0xc8, 0x98, 0x38, 0xff, 0xc8, 0x98, 0x30, 0xff, 0xc8, 0x94, 0x30, 0xff,
    0xc8, 0x98, 0x30, 0xff, 0xc8, 0x98, 0x38, 0xff, 0xc8, 0x94, 0x30, 0xff,
    0xc8, 0x98, 0x30, 0xff, 0xc8, 0x98, 0x30, 0xff, 0xc8, 0x98, 0x38, 0xff,
    0xc8, 0x98, 0x30, 0xff, 0xc8, 0x98, 0x30, 0xff, 0xc8, 0x98, 0x38, 0xff,
    0xc8, 0x98, 0x38, 0xff, 0xc8, 0x98, 0x30, 0xff, 0xc8, 0x98, 0x30, 0xff,
    0xc8, 0x94, 0x30, 0xff, 0xc8, 0x98, 0x30, 0xff, 0xc8, 0x98, 0x38, 0xff,
    0xc8, 0x98, 0x30, 0xff, 0xc8, 0x98, 0x30, 0xff, 0xc8, 0x98, 0x30, 0xff,
    0xc8, 0x98, 0x30, 0xff, 0xc8, 0x98, 0x30, 0xff, 0xc8, 0x94, 0x30, 0xff,
    0xc8, 0x98, 0x38, 0xff, 0xc8, 0x98, 0x30, 0xff, 0xc8, 0x94, 0x30, 0xff,
    0xc8, 0x98, 0x30, 0xff, 0xc8, 0x98, 0x38, 0xff, 0xc8, 0x98, 0x30, 0xff,
    0xc8, 0x98, 0x30, 0xff, 0xc8, 0x98, 0x38, 0xff, 0xc8, 0x98, 0x30, 0xff,
    0xc8, 0x98, 0x30, 0xff, 0xc8, 0x98, 0x38, 0xff, 0xc8, 0x98, 0x30, 0xff,
    0xc8, 0x94, 0x38, 0xff, 0xc8, 0x98, 0x30, 0xff, 0xc8, 0x98, 0x30, 0xff,
    0xc8, 0x98, 0x30, 0xff, 0xc8, 0x94, 0x30, 0xff, 0xc8, 0x98, 0x30, 0xff,
    0xc8, 0x98, 0x30, 0xff, 0xc8, 0x94, 0x30, 0xff, 0xc8, 0x98, 0x38, 0xff,
    0xc8, 0x94, 0x30, 0xff, 0xc8, 0x98, 0x30, 0xff, 0xc8, 0x98, 0x38, 0xff,
    0xc8, 0x98, 0x30, 0xff, 0xc8, 0x94, 0x30, 0xff, 0xc8, 0x98, 0x30, 0xff,
    0xc8, 0x98, 0x30, 0xff, 0xc8, 0x98, 0x38, 0xff, 0xc8, 0x94, 0x38, 0xff,
    0xc8, 0x98, 0x30, 0xff, 0xc8, 0x98, 0x38, 0xff, 0xc8, 0x94, 0x30, 0xff,
    0xc8, 0x98, 0x30, 0xff, 0xc8, 0x98, 0x30, 0xff, 0xc8, 0x94, 0x30, 0xff,
    0xc8, 0x98, 0x30, 0xff, 0xc8, 0x98, 0x38, 0xff, 0xc8, 0x94, 0x30, 0xff,
    0xc8, 0x98, 0x30, 0xff, 0xc8, 0x98, 0x30, 0xff, 0xc8, 0x94, 0x38, 0xff,
    0xc8, 0x98, 0x30, 0xff, 0xc8, 0x98, 0x30, 0xff, 0xc8, 0x94, 0x30, 0xff,
    0xc8, 0x98, 0x38, 0xff, 0xc8, 0x98, 0x30, 0xff, 0xc8, 0x94, 0x30, 0xff,
    0xc8, 0x98, 0x38, 0xff, 0xc8, 0x98, 0x30, 0xff, 0xc8, 0x94, 0x30, 0xff,
    0xc8, 0x98, 0x30, 0xff, 0xc8, 0x98, 0x30, 0xff, 0xc8, 0x98, 0x38, 0xff,
    0xc8, 0x94, 0x30, 0xff, 0xc8, 0x98, 0x30, 0xff, 0xc8, 0x98, 0x38, 0xff,
    0xc8, 0x98, 0x30, 0xff, 0xc8, 0x94, 0x30, 0xff, 0xc8, 0x98, 0x38, 0xff,
    0xc8, 0x98, 0x30, 0xff, 0xc8, 0x94, 0x38, 0xff, 0xc8, 0x98, 0x30, 0xff,
    0xc8, 0x98, 0x30, 0xff, 0xc8, 0x98, 0x30, 0xff, 0xc8, 0x94, 0x30, 0xff,
    0xc8, 0x98, 0x30, 0xff, 0xc8, 0x98, 0x38, 0xff, 0xc8, 0x94, 0x30, 0xff,
    0xc8, 0x98, 0x30, 0xff, 0xc8, 0x98, 0x38, 0xff, 0xc8, 0x98, 0x30, 0xff,
    0xc8, 0x94, 0x30, 0xff, 0xc8, 0x98, 0x30, 0xff, 0xc8, 0x98, 0x30, 0xff,
    0xc8, 0x98, 0x30, 0xff, 0xc8, 0x98, 0x38, 0xff, 0xc8, 0x94, 0x30, 0xff,
    0xc8, 0x98, 0x30, 0xff, 0xc8, 0x98, 0x30, 0xff, 0xc8, 0x98, 0x30, 0xff,
    0xc8, 0x98, 0x38, 0xff, 0xc8, 0x94, 0x38, 0xff, 0xc8, 0x98, 0x30, 0xff,
    0xc8, 0x98, 0x30, 0xff, 0xc8, 0x98, 0x38, 0xff, 0xc8, 0x98, 0x30, 0xff,
    0xc8, 0x98, 0x30, 0xff, 0xc8, 0x94, 0x38, 0xff, 0xc8, 0x98, 0x38, 0xff,
    0xc8, 0x98, 0x30, 0xff, 0xc8, 0x94, 0x38, 0xff, 0xc8, 0x98, 0x30, 0xff,
    0xc8, 0x94, 0x30, 0xff, 0xc8, 0x94, 0x30, 0xff, 0xc8, 0x98, 0x30, 0xff,
    0xc8, 0x98, 0x30, 0xff, 0xc8, 0x94, 0x30, 0xff, 0xc8, 0x98, 0x30, 0xff,
    0xc8, 0x98, 0x30, 0xff, 0xc8, 0x98, 0x30, 0xff, 0xc8, 0x98, 0x30, 0xff,
    0xc8, 0x98, 0x30, 0xff, 0xc8, 0x98, 0x30, 0xff, 0xc8, 0x98, 0x38, 0xff,
    0xc8, 0x94, 0x30, 0xff, 0xc8, 0x98, 0x30, 0xff, 0xc8, 0x94, 0x30, 0xff,
    0xc8, 0x98, 0x30, 0xff, 0xc8, 0x94, 0x30, 0xff, 0xc8, 0x98, 0x30, 0xff,
    0xc8, 0x98, 0x30, 0xff, 0xc8, 0x94, 0x30, 0xff, 0xc8, 0x98, 0x38, 0xff,
    0xc8, 0x98, 0x30, 0xff, 0xc8, 0x98, 0x38, 0xff, 0xc8, 0x98, 0x30, 0xff,
    0xc8, 0x98, 0x30, 0xff, 0xc8, 0x98, 0x30, 0xff, 0xc8, 0x98, 0x38, 0xff,
    0xc8, 0x98, 0x30, 0xff, 0xc8, 0x94, 0x30, 0xff, 0xc8, 0x98, 0x30, 0xff,
    0xc8, 0x98, 0x38, 0xff, 0xc8, 0x94, 0x30, 0xff, 0xc8, 0x98, 0x30, 0xff,
    0xc8, 0x98, 0x38, 0xff, 0xc8, 0x98, 0x30, 0xff, 0xc8, 0x94, 0x30, 0xff,
    0xc8, 0x98, 0x30, 0xff, 0xc8, 0x98, 0x38, 0xff, 0xc8, 0x98, 0x30, 0xff,
    0xc8, 0x94, 0x30, 0xff, 0xc8, 0x98, 0x30, 0xff, 0xc8, 0x98, 0x38, 0xff,
    0xc8, 0x94, 0x30, 0xff, 0xc8, 0x98, 0x30, 0xff, 0xc8, 0x98, 0x30, 0xff,
    0xc8, 0x98, 0x38, 0xff, 0xc8, 0x94, 0x30, 0xff, 0xc8, 0x98, 0x30, 0xff,
    0xc8, 0x98, 0x38, 0xff, 0xc8, 0x98, 0x30, 0xff, 0xc8, 0x94, 0x30, 0xff,
    0xc8, 0x98, 0x30, 0xff, 0xc8, 0x94, 0x30, 0xff, 0xc8, 0x98, 0x30, 0xff,
    0xc8, 0x94, 0x38, 0xff, 0xc8, 0x98, 0x30, 0xff, 0xc8, 0x98, 0x30, 0xff,
    0xc8, 0x98, 0x38, 0xff, 0xc8, 0x98, 0x30, 0xff, 0xc8, 0x98, 0x30, 0xff,
    0xc8, 0x98, 0x30, 0xff, 0xc8, 0x98, 0x30, 0xff, 0xc8, 0x94, 0x30, 0xff,
    0xc8, 0x98, 0x38, 0xff, 0xc8, 0x94, 0x30, 0xff, 0xc8, 0x98, 0x30, 0xff,
    0xc8, 0x94, 0x30, 0xff, 0xc8, 0x98, 0x38, 0xff, 0xc8, 0x94, 0x30, 0xff,
    0xc8, 0x98, 0x30, 0xff, 0xc8, 0x94, 0x30, 0xff, 0xc8, 0x98, 0x38, 0xff,
    0xc8, 0x98, 0x30, 0xff, 0xc8, 0x98, 0x30, 0xff, 0xc8, 0x98, 0x38, 0xff,
    0xc8, 0x94, 0x30, 0xff, 0xc8, 0x98, 0x30, 0xff, 0xc8, 0x98, 0x38, 0xff,
    0xc8, 0x94, 0x30, 0xff, 0xc8, 0x98, 0x38, 0xff, 0xc8, 0x98, 0x30, 0xff,
    0xc8, 0x98, 0x30, 0xff, 0xc8, 0x94, 0x38, 0xff, 0xc8, 0x98, 0x30, 0xff,
    0xc8, 0x98, 0x30, 0xff, 0xc8, 0x98, 0x38, 0xff, 0xc8, 0x94, 0x30, 0xff,
    0xc8, 0x98, 0x30, 0xff, 0xc8, 0x98, 0x30, 0xff, 0xc8, 0x94, 0x30, 0xff,
    0xc8, 0x98, 0x38, 0xff, 0xc8, 0x98, 0x30, 0xff, 0xc8, 0x98, 0x30, 0xff,
    0xc8, 0x98, 0x30, 0xff, 0xc8, 0x98, 0x38, 0xff, 0xc8, 0x98, 0x30, 0xff,
    0xc8, 0x98, 0x30, 0xff, 0xc8, 0x98, 0x38, 0xff, 0xc8, 0x94, 0x38, 0xff,
    0xc8, 0x98, 0x30, 0xff, 0xc8, 0x98, 0x30, 0xff, 0xc8, 0x98, 0x38, 0xff,
    0xc8, 0x98, 0x30, 0xff, 0xc8, 0x98, 0x30, 0xff, 0xc8, 0x94, 0x38, 0xff,
    0xc8, 0x98, 0x30, 0xff, 0xc8, 0x98, 0x30, 0xff, 0xc8, 0x98, 0x30, 0xff,
    0xc8, 0x94, 0x38, 0xff, 0xc8, 0x98, 0x30, 0xff, 0xc8, 0x98, 0x30, 0xff,
    0xc8, 0x98, 0x30, 0xff, 0xc8, 0x98, 0x30, 0xff, 0xc8, 0x94, 0x30, 0xff,
    0xc8, 0x98, 0x38, 0xff, 0xc8, 0x98, 0x30, 0xff, 0xc8, 0x98, 0x30, 0xff,
    0xc8, 0x98, 0x38, 0xff, 0xc8, 0x98, 0x30, 0xff, 0xc8, 0x98, 0x30, 0xff,
    0xc8, 0x98, 0x38, 0xff, 0xc8, 0x98, 0x30, 0xff, 0xc8, 0x98, 0x30, 0xff,
    0xc8, 0x98, 0x38, 0xff, 0xc8, 0x98, 0x30, 0xff, 0xc8, 0x98, 0x30, 0xff,
    0xc8, 0x94, 0x38, 0xff, 0xc8, 0x98, 0x30, 0xff, 0xc8, 0x98, 0x30, 0xff,
    0xc8, 0x94, 0x38, 0xff, 0xc8, 0x98, 0x30, 0xff, 0xc8, 0x98, 0x30, 0xff,
    0xc8, 0x98, 0x38, 0xff, 0xc8, 0x98, 0x30, 0xff, 0xc8, 0x98, 0x30, 0xff,
    0xc8, 0x98, 0x30, 0xff, 0xc8, 0x98, 0x38, 0xff, 0xc8, 0x94, 0x30, 0xff,
    0xc8, 0x98, 0x30, 0xff, 0xc8, 0x98, 0x30, 0xff, 0xc8, 0x98, 0x30, 0xff,
    0xc8, 0x98, 0x30, 0xff, 0xc8, 0x98, 0x30, 0xff, 0xc8, 0x94, 0x30, 0xff,
    0xc8, 0x98, 0x38, 0xff, 0xc8, 0x98, 0x30, 0xff, 0xc8, 0x98, 0x38, 0xff,
    0xc8, 0x94, 0x30, 0xff, 0xc8, 0x98, 0x30, 0xff, 0xc8, 0x98, 0x38, 0xff,
    0xc8, 0x94, 0x30, 0xff, 0xc8, 0x98, 0x30, 0xff, 0xc8, 0x98, 0x38, 0xff,
    0xc8, 0x98, 0x30, 0xff, 0xc8, 0x94, 0x30, 0xff, 0xc8, 0x98, 0x38, 0xff,
    0xc8, 0x98, 0x30, 0xff, 0xc8, 0x94, 0x30, 0xff, 0xc8, 0x98, 0x38, 0xff,
    0xc8, 0x98, 0x30, 0xff, 0xc8, 0x94, 0x30, 0xff, 0xc8, 0x98, 0x38, 0xff,
    0xc8, 0x98, 0x30, 0xff, 0xc8, 0x94, 0x30, 0xff, 0xc8, 0x98, 0x30, 0xff,
    0xc8, 0x98, 0x30, 0xff, 0xc8, 0x94, 0x38, 0xff, 0xc8, 0x98, 0x30, 0xff,
    0xc8, 0x98, 0x30, 0xff, 0xc8, 0x94, 0x30, 0xff, 0xc8, 0x98, 0x30, 0xff,
    0xc8, 0x98, 0x30, 0xff, 0xc8, 0x98, 0x30, 0xff, 0xc8, 0x98, 0x30, 0xff,
    0xc8, 0x98, 0x38, 0xff, 0xc8, 0x98, 0x30, 0xff, 0xc8, 0x98, 0x38, 0xff,
    0xc8, 0x98, 0x30, 0xff, 0xc8, 0x94, 0x38, 0xff, 0xc8, 0x98, 0x30, 0xff,
    0xc8, 0x98, 0x38, 0xff, 0xc8, 0x94, 0x30, 0xff, 0xc8, 0x98, 0x30, 0xff,
    0xc8, 0x98, 0x38, 0xff, 0xc8, 0x94, 0x30, 0xff, 0xc8, 0x98, 0x30, 0xff,
    0xc8, 0x98, 0x30, 0xff, 0xc8, 0x98, 0x38, 0xff, 0xc8, 0x98, 0x38, 0xff,
    0xc8, 0x98, 0x30, 0xff, 0xc8, 0x94, 0x38, 0xff, 0xc8, 0x98, 0x30, 0xff,
    0xc8, 0x98, 0x38, 0xff, 0xc8, 0x98, 0x30, 0xff, 0xc8, 0x98, 0x30, 0xff,
    0xc8, 0x94, 0x30, 0xff, 0xc8, 0x98, 0x30, 0xff, 0xc8, 0x94, 0x38, 0xff,
    0xc8, 0x98, 0x30, 0xff, 0xc8, 0x94, 0x30, 0xff, 0xc8, 0x98, 0x38, 0xff,
    0xc8, 0x98, 0x30, 0xff, 0xc8, 0x98, 0x30, 0xff, 0xc8, 0x94, 0x30, 0xef,
    0xc8, 0x98, 0x30, 0xff, 0xc8, 0x98, 0x30, 0xff, 0xc8, 0x98, 0x38, 0xff,
    0xc8, 0x98, 0x30, 0xff, 0xc8, 0x98, 0x30, 0xff, 0xc8, 0x98, 0x30, 0xff,
    0xc8, 0x98, 0x30, 0xff, 0xc8, 0x94, 0x30, 0xff, 0xc8, 0x98, 0x30, 0xff,
    0xc8, 0x98, 0x30, 0xff, 0xc8, 0x94, 0x30, 0xff, 0xc8, 0x98, 0x38, 0xff,
    0xc8, 0x98, 0x30, 0xff, 0xc8, 0x98, 0x30, 0xff, 0xc8, 0x98, 0x38, 0xff,
    0xc8, 0x94, 0x30, 0xff, 0xc8, 0x98, 0x30, 0xff, 0xc8, 0x98, 0x30, 0xff,
    0xc8, 0x98, 0x30, 0xff, 0xc8, 0x98, 0x38, 0xff, 0xc8, 0x98, 0x30, 0xff,
    0xc8, 0x98, 0x30, 0xff, 0xc8, 0x94, 0x38, 0xff, 0xc8, 0x98, 0x30, 0xff,
    0xc8, 0x98, 0x30, 0xff, 0xc8, 0x98, 0x30, 0xff, 0xc8, 0x94, 0x30, 0xff,
    0xc8, 0x98, 0x38, 0xff, 0xc8, 0x94, 0x30, 0xff, 0xc8, 0x98, 0x30, 0xff,
    0xc8, 0x94, 0x38, 0xff, 0xc8, 0x98, 0x38, 0xff, 0xc8, 0x98, 0x30, 0xff,
    0xc8, 0x98, 0x30, 0xff, 0xc8, 0x98, 0x30, 0xff, 0xc8, 0x98, 0x38, 0xff,
    0xc8, 0x98, 0x30, 0xff, 0xc8, 0x98, 0x30, 0xff, 0xc8, 0x94, 0x30, 0xff,
    0xc8, 0x98, 0x30, 0xff, 0xc8, 0x98, 0x30, 0xff, 0xc8, 0x98, 0x30, 0xff,
    0xc8, 0x94, 0x30, 0xff, 0xc8, 0x98, 0x38, 0xff, 0xc8, 0x98, 0x30, 0xff,
    0xc8, 0x94, 0x30, 0xff, 0xc8, 0x98, 0x30, 0xff, 0xc8, 0x98, 0x30, 0xff,
    0xc8, 0x94, 0x30, 0xff, 0xc8, 0x98, 0x38, 0xff, 0xc8, 0x94, 0x30, 0xff,
    0xc8, 0x98, 0x30, 0xff, 0xc8, 0x98, 0x30, 0xff, 0xc8, 0x98, 0x30, 0xff,
    0xc8, 0x94, 0x30, 0xff, 0xc8, 0x98, 0x30, 0xff, 0xc8, 0x98, 0x30, 0xff,
    0xc8, 0x94, 0x30, 0xff, 0xc8, 0x98, 0x38, 0xff, 0xc8, 0x98, 0x30, 0xff,
    0xc8, 0x94, 0x30, 0xff, 0xc8, 0x98, 0x30, 0xff, 0xc8, 0x94, 0x38, 0xff,
    0xc8, 0x94, 0x30, 0xff, 0xc8, 0x98, 0x30, 0xff, 0xc8, 0x98, 0x30, 0xff,
    0xc8, 0x94, 0x30, 0xff, 0xc8, 0x98, 0x30, 0xff, 0xc8, 0x98, 0x30, 0xff,
    0xc8, 0x98, 0x30, 0xff, 0xc8, 0x94, 0x38, 0xff, 0xc8, 0x98, 0x30, 0xff,
    0xc8, 0x98, 0x30, 0xff, 0xc8, 0x94, 0x30, 0xff, 0xc8, 0x98, 0x30, 0xff,
    0xc8, 0x98, 0x30, 0xff, 0xc8, 0x94, 0x30, 0xff, 0xc8, 0x98, 0x38, 0xff,
    0xc8, 0x98, 0x30, 0xff, 0xc8, 0x98, 0x30, 0xff, 0xc8, 0x94, 0x30, 0xff,
    0xc8, 0x98, 0x30, 0xff, 0xc8, 0x98, 0x38, 0xff, 0xc8, 0x94, 0x30, 0xff,
    0xc8, 0x98, 0x30, 0xff, 0xc8, 0x98, 0x30, 0xff, 0xc8, 0x94, 0x38, 0xff,
    0xc8, 0x98, 0x30, 0xff, 0xc8, 0x94, 0x30, 0xff, 0xc8, 0x98, 0x30, 0xff,
    0xc8, 0x94, 0x30, 0xff, 0xc8, 0x98, 0x30, 0xff, 0xc8, 0x94, 0x30, 0xff,
    0xc8, 0x98, 0x30, 0xff, 0xc8, 0x94, 0x30, 0xff, 0xc8, 0x98, 0x30, 0xff,
    0xc8, 0x98, 0x38, 0xff, 0xc8, 0x98, 0x30, 0xff, 0xc8, 0x98, 0x30, 0xff,
    0xc8, 0x98, 0x30, 0xff, 0xc8, 0x98, 0x30, 0xff, 0xc8, 0x94, 0x30, 0xff,
    0xc8, 0x98, 0x30, 0xff, 0xc8, 0x94, 0x38, 0xff, 0xc8, 0x98, 0x30, 0xff,
    0xc8, 0x94, 0x30, 0xff, 0xc8, 0x98, 0x38, 0xff, 0xc8, 0x98, 0x30, 0xff,
    0xc8, 0x94, 0x30, 0xff, 0xc8, 0x98, 0x30, 0xff, 0xc8, 0x98, 0x38, 0xff,
    0xc8, 0x94, 0x30, 0xff, 0xc8, 0x98, 0x30, 0xff, 0xc8, 0x98, 0x38, 0xff,
    0xc8, 0x98, 0x30, 0xff, 0xc8, 0x94, 0x30, 0xff, 0xc8, 0x98, 0x30, 0xff,
    0xc8, 0x98, 0x38, 0xff, 0xc8, 0x98, 0x30, 0xff, 0xc8, 0x98, 0x30, 0xff,
    0xc8, 0x98, 0x30, 0xff, 0xc8, 0x98, 0x30, 0xff, 0xc8, 0x94, 0x30, 0xff,
    0xc8, 0x98, 0x30, 0xff, 0xc8, 0x98, 0x30, 0xff, 0xc8, 0x98, 0x38, 0xff,
    0xc8, 0x98, 0x30, 0xff, 0xc8, 0x94, 0x30, 0xff, 0xc8, 0x98, 0x30, 0xff,
    0xc8, 0x98, 0x30, 0xff, 0xc8, 0x98, 0x30, 0xff, 0xc8, 0x98, 0x38, 0xff,
    0xc8, 0x94, 0x30, 0xff, 0xc8, 0x98, 0x30, 0xff, 0xc8, 0x98, 0x30, 0xff,
    0xc8, 0x98, 0x30, 0xff, 0xc8, 0x98, 0x38, 0xff, 0xc8, 0x94, 0x30, 0xff,
    0xc8, 0x98, 0x30, 0xff, 0xc8, 0x98, 0x38, 0xff, 0xc8, 0x98, 0x30, 0xff,
    0xc8, 0x98, 0x30, 0xff, 0xc8, 0x94, 0x38, 0xff, 0xc8, 0x98, 0x30, 0xff,
    0xc8, 0x98, 0x30, 0xff, 0xc8, 0x94, 0x30, 0xff, 0xc8, 0x98, 0x30, 0xff,
    0xc8, 0x98, 0x30, 0xff, 0xc8, 0x98, 0x38, 0xff, 0xc8, 0x98, 0x30, 0xff,
    0xc8, 0x98, 0x30, 0xff, 0xc8, 0x98, 0x30, 0xff, 0xc8, 0x94, 0x38, 0xff,
    0xc8, 0x98, 0x30, 0xff, 0xc8, 0x98, 0x30, 0xff, 0xc8, 0x94, 0x38, 0xff,
    0xc8, 0x98, 0x30, 0xff, 0xc8, 0x98, 0x30, 0xff, 0xc8, 0x94, 0x30, 0xff,
    0xc8, 0x98, 0x30, 0xff, 0xc8, 0x98, 0x30, 0xff, 0xc8, 0x98, 0x30, 0xff,
    0xc8, 0x98, 0x38, 0xff, 0xc8, 0x94, 0x30, 0xff, 0xc8, 0x98, 0x30, 0xff,
    0xc8, 0x98, 0x38, 0xff, 0xc8, 0x98, 0x30, 0xff, 0xc8, 0x98, 0x30, 0xff,
    0xc8, 0x98, 0x30, 0xff, 0xc8, 0x94, 0x30, 0xff, 0xc8, 0x98, 0x38, 0xff,
    0xc8, 0x98, 0x30, 0xff, 0xc8, 0x94, 0x30, 0xff, 0xc8, 0x98, 0x30, 0xff,
    0xc8, 0x98, 0x30, 0xdf, 0xc8, 0x98, 0x30, 0xff, 0xc8, 0x94, 0x30, 0xff,
    0xc8, 0x98, 0x30, 0xff, 0xc8, 0x94, 0x38, 0xff, 0xc8, 0x94, 0x30, 0xff,
    0xc8, 0x98, 0x38, 0xff, 0xc8, 0x98, 0x30, 0xff, 0xc8, 0x98, 0x38, 0xff,
    0xc8, 0x98, 0x30, 0xff, 0xc8, 0x98, 0x30, 0xff, 0xc8, 0x98, 0x38, 0xff,
    0xc8, 0x94, 0x30, 0xff, 0xc8, 0x98, 0x30, 0xff, 0xc8, 0x98, 0x30, 0xff,
    0xc8, 0x94, 0x38, 0xff, 0xc8, 0x98, 0x30, 0xff, 0xc8, 0x98, 0x30, 0xff,
    0xc8, 0x94, 0x38, 0xff, 0xc8, 0x98, 0x30, 0xff, 0xc8, 0x94, 0x30, 0xff,
    0xc8, 0x98, 0x30, 0xff, 0xc8, 0x98, 0x38, 0xff, 0xc8, 0x98, 0x30, 0xff,
    0xc8, 0x98, 0x38, 0xff, 0xc8, 0x98, 0x30, 0xff, 0xc8, 0x98, 0x30, 0xff,
    0xc8, 0x98, 0x38, 0xff, 0xc8, 0x98, 0x30, 0xff, 0xc8, 0x98, 0x30, 0xff,
    0xc8, 0x94, 0x30, 0xff, 0xc8, 0x98, 0x30, 0xff, 0xc8, 0x98, 0x30, 0xff,
    0xc8, 0x94, 0x38, 0xff, 0xc8, 0x98, 0x30, 0xff, 0xc8, 0x98, 0x30, 0xff,
    0xc8, 0x94, 0x30, 0xff, 0xc8, 0x98, 0x38, 0xff, 0xc8, 0x98, 0x30, 0xff,
    0xc8, 0x98, 0x30, 0xff, 0xc8, 0x98, 0x38, 0xff, 0xc8, 0x98, 0x38, 0xff,
    0xc8, 0x98, 0x30, 0xff, 0xc8, 0x94, 0x30, 0xff, 0xc8, 0x98, 0x30, 0xff,
    0xc8, 0x98, 0x30, 0xff, 0xc8, 0x94, 0x38, 0xff, 0xc8, 0x98, 0x30, 0xff,
    0xc8, 0x98, 0x30, 0xff, 0xc8, 0x98, 0x30, 0xff, 0xc8, 0x98, 0x30, 0xff,
    0xc8, 0x98, 0x30, 0xff, 0xc8, 0x94, 0x38, 0xff, 0xc8, 0x98, 0x38, 0xff,
    0xc8, 0x98, 0x30, 0xff, 0xc8, 0x98, 0x38, 0xff, 0xc8, 0x98, 0x30, 0xff,
    0xc8, 0x98, 0x30, 0xff, 0xc8, 0x98, 0x38, 0xff, 0xc8, 0x98, 0x30, 0xff,
    0xc8, 0x98, 0x30, 0xff, 0xc8, 0x98, 0x38, 0xff, 0xc8, 0x98, 0x30, 0xff,
    0xc8, 0x98, 0x30, 0xff, 0xc8, 0x98, 0x38, 0xff, 0xc8, 0x98, 0x30, 0xff,
    0xc8, 0x94, 0x30, 0xff, 0xc8, 0x98, 0x38, 0xff, 0xc8, 0x94, 0x38, 0xff,
    0xc8, 0x98, 0x30, 0xff, 0xc8, 0x98, 0x30, 0xff, 0xc8, 0x98, 0x30, 0xff,
    0xc8, 0x94, 0x30, 0xff, 0xc8, 0x98, 0x38, 0xff, 0xc8, 0x98, 0x30, 0xff,
    0xc8, 0x98, 0x38, 0xff, 0xc8, 0x98, 0x30, 0xff, 0xc8, 0x98, 0x30, 0xff,
    0xc8, 0x94, 0x38, 0xff, 0xc8, 0x98, 0x30, 0xff, 0xc8, 0x98, 0x30, 0xff,
    0xc8, 0x98, 0x38, 0xff, 0xc8, 0x98, 0x30, 0xff, 0xc8, 0x94, 0x30, 0xff,
    0xc8, 0x98, 0x38, 0xff, 0xc8, 0x98, 0x30, 0xff, 0xc8, 0x98, 0x30, 0xff,
    0xc8, 0x98, 0x30, 0xff, 0xc8, 0x94, 0x38, 0xff, 0xc8, 0x98, 0x30, 0xff,
    0xc8, 0x98, 0x30, 0xff, 0xc8, 0x98, 0x38, 0xff, 0xc8, 0x94, 0x30, 0xff,
    0xc8, 0x98, 0x38, 0xff, 0xc8, 0x98, 0x30, 0xff, 0xc8, 0x98, 0x30, 0xff,
    0xc8, 0x94, 0x38, 0xff, 0xc8, 0x98, 0x30, 0xff, 0xc8, 0x94, 0x30, 0xff,
    0xc8, 0x98, 0x38, 0xff, 0xc8, 0x98, 0x30, 0xff, 0xc8, 0x94, 0x38, 0xff,
    0xc8, 0x98, 0x30, 0xff, 0xc8, 0x98, 0x30, 0xff, 0xc8, 0x98, 0x30, 0xff,
    0xc8, 0x94, 0x38, 0xff, 0xc8, 0x98, 0x30, 0xff, 0xc8, 0x98, 0x30, 0xff,
    0xc8, 0x98, 0x30, 0xff, 0xc8, 0x98, 0x30, 0xff, 0xc8, 0x98, 0x38, 0xff,
    0xc8, 0x94, 0x30, 0xff, 0xc8, 0x98, 0x30, 0xff, 0xc8, 0x98, 0x38, 0xff,
    0xc8, 0x94, 0x30, 0xff, 0xc8, 0x98, 0x30, 0xff, 0xc8, 0x98, 0x30, 0xff,
    0xc8, 0x94, 0x30, 0xff, 0xc8, 0x98, 0x30, 0xff, 0xc8, 0x98, 0x38, 0xff,
    0xc8, 0x94, 0x30, 0xff, 0xc8, 0x98, 0x30, 0xff, 0xc8, 0x98, 0x38, 0xff,
    0xc8, 0x98, 0x30, 0xff, 0xc8, 0x94, 0x30, 0xff, 0xc8, 0x98, 0x38, 0xff,
    0xc8, 0x98, 0x30, 0xff, 0xc8, 0x94, 0x30, 0xff, 0xc8, 0x98, 0x38, 0xff,
    0xc8, 0x98, 0x30, 0xff, 0xc8, 0x98, 0x30, 0xff, 0xc8, 0x94, 0x38, 0xff,
    0xc8, 0x98, 0x30, 0xff, 0xc8, 0x98, 0x30, 0xff, 0xc8, 0x98, 0x38, 0xff,
    0xc8, 0x94, 0x30, 0xff, 0xc8, 0x98, 0x30, 0xff, 0xc8, 0x98, 0x30, 0xff,
    0xc8, 0x98, 0x30, 0xff, 0xc8, 0x94, 0x30, 0xff, 0xc8, 0x98, 0x38, 0xff,
    0xc8, 0x98, 0x30, 0xff, 0xc8, 0x94, 0x30, 0xff, 0xc8, 0x98, 0x38, 0xff,
    0xc8, 0x98, 0x30, 0xff, 0xc8, 0x94, 0x30, 0xff, 0xc8, 0x98, 0x38, 0xff,
    0xc8, 0x98, 0x30, 0xff, 0xc8, 0x94, 0x30, 0xff, 0xc8, 0x94, 0x30, 0xff,
    0xc8, 0x98, 0x30, 0xff, 0xc8, 0x98, 0x30, 0xff, 0xc8, 0x94, 0x30, 0xff,
    0xc8, 0x98, 0x30, 0xff, 0xc8, 0x98, 0x30, 0xff, 0xc8, 0x98, 0x30, 0xff,
    0xc8, 0x98, 0x38, 0xff, 0xc8, 0x98, 0x30, 0xff, 0xc8, 0x94, 0x30, 0xff,
    0xc8, 0x98, 0x38, 0xff, 0xc8, 0x98, 0x30, 0xff, 0xc8, 0x94, 0x30, 0xff,
    0xc8, 0x98, 0x30, 0xff, 0xc8, 0x98, 0x30, 0xff, 0xc8, 0x94, 0x30, 0xff,
    0xc8, 0x98, 0x30, 0xff, 0xc8, 0x98, 0x38, 0xff, 0xc8, 0x94, 0x30, 0xff,
    0xc8, 0x98, 0x30, 0xff, 0xc8, 0x98, 0x38, 0xff, 0xc8, 0x98, 0x30, 0xff,
    0xc8, 0x98, 0x30, 0xff, 0xc8, 0x98, 0x30, 0xff, 0xc8, 0x94, 0x30, 0xff,
    0xc8, 0x98, 0x30, 0xdf, 0xc8, 0x98, 0x30, 0xcf, 0xc8, 0x98, 0x38, 0xff,
    0xc8, 0x98, 0x30, 0xff, 0xc8, 0x98, 0x30, 0xff, 0xc8, 0x98, 0x30, 0xff,
    0xc8, 0x98, 0x30, 0xff, 0xc8, 0x94, 0x30, 0xff, 0xc8, 0x98, 0x38, 0xff,
    0xc8, 0x98, 0x30, 0xff, 0xc8, 0x94, 0x30, 0xff, 0xc8, 0x98, 0x38, 0xff,
    0xc8, 0x98, 0x30, 0xff, 0xc8, 0x98, 0x30, 0xff, 0xc8, 0x94, 0x30, 0xff,
    0xc8, 0x98, 0x38, 0xff, 0xc8, 0x98, 0x30, 0xff, 0xc8, 0x98, 0x30, 0xff,
    0xc8, 0x98, 0x30, 0xff, 0xc8, 0x98, 0x38, 0xff, 0xc8, 0x94, 0x30, 0xff,
    0xc8, 0x98, 0x30, 0xff, 0xc8, 0x98, 0x30, 0xff, 0xc8, 0x94, 0x30, 0xff,
    0xc8, 0x98, 0x30, 0xff, 0xc8, 0x94, 0x30, 0xff, 0xc8, 0x94, 0x38, 0xff,
    0xc8, 0x98, 0x30, 0xff, 0xc8, 0x98, 0x30, 0xff, 0xc8, 0x94, 0x30, 0xff,
    0xc8, 0x98, 0x30, 0xff, 0xc8, 0x98, 0x38, 0xff, 0xc8, 0x98, 0x30, 0xff,
    0xc8, 0x98, 0x30, 0xff, 0xc8, 0x94, 0x30, 0xff, 0xc8, 0x98, 0x38, 0xff,
    0xc8, 0x98, 0x30, 0xff, 0xc8, 0x94, 0x30, 0xff, 0xc8, 0x98, 0x30, 0xff,
    0xc8, 0x98, 0x38, 0xff, 0xc8, 0x94, 0x30, 0xff, 0xc8, 0x98, 0x30, 0xff,
    0xc8, 0x94, 0x30, 0xff, 0xc8, 0x98, 0x30, 0xff, 0xc8, 0x98, 0x38, 0xff,
    0xc8, 0x98, 0x30, 0xff, 0xc8, 0x98, 0x30, 0xff, 0xc8, 0x98, 0x38, 0xff,
    0xc8, 0x98, 0x30, 0xff, 0xc8, 0x94, 0x38, 0xff, 0xc8, 0x98, 0x38, 0xff,
    0xc8, 0x98, 0x30, 0xff, 0xc8, 0x98, 0x30, 0xff, 0xc8, 0x98, 0x30, 0xff,
    0xc8, 0x94, 0x30, 0xff, 0xc8, 0x98, 0x30, 0xff, 0xc8, 0x98, 0x30, 0xff,
    0xc8, 0x94, 0x38, 0xff, 0xc8, 0x98, 0x30, 0xff, 0xc8, 0x94, 0x30, 0xff,
    0xc8, 0x98, 0x30, 0xff, 0xc8, 0x94, 0x30, 0xff, 0xc8, 0x98, 0x30, 0xff,
    0xc8, 0x98, 0x30, 0xff, 0xc8, 0x98, 0x30, 0xff, 0xc8, 0x98, 0x30, 0xff,
    0xc8, 0x94, 0x38, 0xff, 0xc8, 0x98, 0x30, 0xff, 0xc8, 0x98, 0x30, 0xff,
    0xc8, 0x98, 0x30, 0xff, 0xc8, 0x94, 0x30, 0xff, 0xc8, 0x98, 0x38, 0xff,
    0xc8, 0x98, 0x30, 0xff, 0xc8, 0x98, 0x30, 0xff, 0xc8, 0x94, 0x30, 0xff,
    0xc8, 0x98, 0x30, 0xff, 0xc8, 0x98, 0x38, 0xff, 0xc8, 0x94, 0x30, 0xff,
    0xc8, 0x98, 0x30, 0xff, 0xc8, 0x98, 0x30, 0xff, 0xc8, 0x94, 0x30, 0xff,
    0xc8, 0x98, 0x38, 0xff, 0xc8, 0x98, 0x30, 0xff, 0xc8, 0x94, 0x30, 0xff,
    0xc8, 0x98, 0x30, 0xff, 0xc8, 0x98, 0x30, 0xff, 0xc8, 0x98, 0x38, 0xff,
    0xc8, 0x94, 0x30, 0xff, 0xc8, 0x98, 0x30, 0xff, 0xc8, 0x98, 0x30, 0xff,
    0xc8, 0x98, 0x38, 0xff, 0xc8, 0x98, 0x30, 0xff, 0xc8, 0x98, 0x30, 0xff,
    0xc8, 0x98, 0x38, 0xff, 0xc8, 0x98, 0x30, 0xff, 0xc8, 0x98, 0x30, 0xff,
    0xc8, 0x98, 0x38, 0xff, 0xc8, 0x98, 0x30, 0xff, 0xc8, 0x98, 0x30, 0xff,
    0xc8, 0x94, 0x30, 0xff, 0xc8, 0x98, 0x30, 0xff, 0xc8, 0x98, 0x38, 0xff,
    0xc8, 0x94, 0x30, 0xff, 0xc8, 0x98, 0x30, 0xff, 0xc8, 0x98, 0x38, 0xff,
    0xc8, 0x98, 0x30, 0xff, 0xc8, 0x98, 0x30, 0xff, 0xc8, 0x98, 0x30, 0xff,
    0xc8, 0x94, 0x38, 0xff, 0xc8, 0x98, 0x30, 0xff, 0xc8, 0x98, 0x30, 0xff,
    0xc8, 0x94, 0x38, 0xff, 0xc8, 0x98, 0x30, 0xff, 0xc8, 0x98, 0x30, 0xff,
    0xc8, 0x98, 0x30, 0xff, 0xc8, 0x94, 0x30, 0xff, 0xc8, 0x98, 0x38, 0xff,
    0xc8, 0x98, 0x38, 0xff, 0xc8, 0x98, 0x30, 0xff, 0xc8, 0x94, 0x30, 0xff,
    0xc8, 0x98, 0x30, 0xff, 0xc8, 0x98, 0x38, 0xff, 0xc8, 0x94, 0x30, 0xff,
    0xc8, 0x98, 0x30, 0xff, 0xc8, 0x98, 0x38, 0xff, 0xc8, 0x98, 0x30, 0xff,
    0xc8, 0x94, 0x30, 0xff, 0xc8, 0x98, 0x30, 0xff, 0xc8, 0x98, 0x30, 0xff,
    0xc8, 0x98, 0x38, 0xff, 0xc8, 0x98, 0x30, 0xff, 0xc8, 0x94, 0x30, 0xff,
    0xc8, 0x98, 0x30, 0xff, 0xc8, 0x98, 0x30, 0xff, 0xc8, 0x98, 0x30, 0xff,
    0xc8, 0x94, 0x38, 0xff, 0xc8, 0x98, 0x30, 0xff, 0xc8, 0x98, 0x38, 0xff,
    0xc8, 0x94, 0x30, 0xff, 0xc8, 0x98, 0x30, 0xff, 0xc8, 0x98, 0x38, 0xff,
    0xc8, 0x94, 0x30, 0xff, 0xc8, 0x98, 0x30, 0xff, 0xc8, 0x98, 0x30, 0xff,
    0xc8, 0x98, 0x30, 0xff, 0xc8, 0x98, 0x30, 0xff, 0xc8, 0x98, 0x38, 0xff,
    0xc8, 0x98, 0x30, 0xff, 0xc8, 0x98, 0x30, 0xff, 0xc8, 0x98, 0x38, 0xff,
    0xc8, 0x98, 0x30, 0xff, 0xc8, 0x98, 0x38, 0xff, 0xc8, 0x94, 0x38, 0xff,
    0xc8, 0x98, 0x30, 0xff, 0xc8, 0x98, 0x38, 0xff, 0xc8, 0x98, 0x30, 0xff,
    0xc8, 0x94, 0x30, 0xff, 0xc8, 0x98, 0x30, 0xff, 0xc8, 0x98, 0x30, 0xff,
    0xc8, 0x98, 0x38, 0xff, 0xc8, 0x98, 0x30, 0xff, 0xc8, 0x98, 0x30, 0xff,
    0xc8, 0x94, 0x38, 0xff, 0xc8, 0x98, 0x30, 0xff, 0xc8, 0x98, 0x38, 0xff,
    0xc8, 0x98, 0x30, 0xff, 0xc8, 0x98, 0x30, 0xff, 0xc8, 0x94, 0x30, 0xff,
    0xc8, 0x98, 0x30, 0xff, 0xc8, 0x98, 0x38, 0xff, 0xc8, 0x94, 0x30, 0xff,
    0xc8, 0x98, 0x30, 0xff, 0xc8, 0x98, 0x38, 0xff, 0xc8, 0x94, 0x30, 0xff,
    0xc8, 0x98, 0x38, 0xff, 0xc8, 0x98, 0x30, 0xbe, 0xc8, 0x98, 0x30, 0x8e,
    0xc8, 0x94, 0x30, 0xff, 0xc8, 0x98, 0x38, 0xff, 0xc8, 0x98, 0x30, 0xff,
    0xc8, 0x98, 0x30, 0xff, 0xc8, 0x98, 0x38, 0xff, 0xc8, 0x98, 0x30, 0xff,
    0xc8, 0x94, 0x30, 0xff, 0xc8, 0x98, 0x30, 0xff, 0xc8, 0x98, 0x30, 0xff,
    0xc8, 0x94, 0x30, 0xff, 0xc8, 0x98, 0x30, 0xff, 0xc8, 0x98, 0x38, 0xff,
    0xc8, 0x98, 0x30, 0xff, 0xc8, 0x94, 0x30, 0xff, 0xc8, 0x98, 0x30, 0xff,
    0xc8, 0x98, 0x30, 0xff, 0xc8, 0x94, 0x30, 0xff, 0xc8, 0x98, 0x30, 0xff,
    0xc8, 0x98, 0x38, 0xff, 0xc8, 0x98, 0x30, 0xff, 0xc8, 0x98, 0x38, 0xff,
    0xc8, 0x98, 0x30, 0xff, 0xc8, 0x98, 0x30, 0xff, 0xc8, 0x98, 0x30, 0xff,
    0xc8, 0x98, 0x30, 0xff, 0xc8, 0x98, 0x38, 0xff, 0xc8, 0x94, 0x30, 0xff,
    0xc8, 0x98, 0x30, 0xff, 0xc8, 0x98, 0x38, 0xff, 0xc8, 0x94, 0x30, 0xff,
    0xc8, 0x98, 0x30, 0xff, 0xc8, 0x98, 0x30, 0xff, 0xc8, 0x98, 0x30, 0xff,
    0xc8, 0x98, 0x30, 0xff, 0xc8, 0x98, 0x38, 0xff, 0xc8, 0x98, 0x30, 0xff,
    0xc8, 0x94, 0x30, 0xff, 0xc8, 0x98, 0x30, 0xff, 0xc8, 0x98, 0x30, 0xff,
    0xc8, 0x94, 0x30, 0xff, 0xc8, 0x98, 0x30, 0xff, 0xc8, 0x98, 0x38, 0xff,
    0xc8, 0x94, 0x30, 0xff, 0xc8, 0x98, 0x30, 0xff, 0xc8, 0x94, 0x30, 0xff,
    0xc8, 0x98, 0x30, 0xff, 0xc8, 0x98, 0x30, 0xff, 0xc8, 0x94, 0x30, 0xff,
    0xc8, 0x98, 0x30, 0xff, 0xc8, 0x94, 0x38, 0xff, 0xc8, 0x98, 0x30, 0xff,
    0xc8, 0x98, 0x30, 0xff, 0xc8, 0x94, 0x38, 0xff, 0xc8, 0x98, 0x30, 0xff,
    0xc8, 0x98, 0x30, 0xff, 0xc8, 0x94, 0x30, 0xff, 0xc8, 0x98, 0x38, 0xff,
    0xc8, 0x98, 0x30, 0xff, 0xc8, 0x98, 0x30, 0xff, 0xc8, 0x98, 0x38, 0xff,
    0xc8, 0x94, 0x30, 0xff, 0xc8, 0x94, 0x38, 0xff, 0xc8, 0x98, 0x30, 0xff,
    0xc8, 0x98, 0x30, 0xff, 0xc8, 0x98, 0x30, 0xff, 0xc8, 0x98, 0x30, 0xff,
    0xc8, 0x98, 0x30, 0xff, 0xc8, 0x98, 0x30, 0xff, 0xc8, 0x98, 0x38, 0xff,
    0xc8, 0x94, 0x30, 0xff, 0xc8, 0x98, 0x30, 0xff, 0xc8, 0x98, 0x38, 0xff,
    0xc8, 0x98, 0x30, 0xff, 0xc8, 0x94, 0x30, 0xff, 0xc8, 0x98, 0x30, 0xff,
    0xc8, 0x98, 0x30, 0xff, 0xc8, 0x98, 0x38, 0xff, 0xc8, 0x98, 0x30, 0xff,
    0xc8, 0x98, 0x30, 0xff, 0xc8, 0x98, 0x30, 0xff, 0xc8, 0x94, 0x30, 0xff,
    0xc8, 0x98, 0x38, 0xff, 0xc8, 0x98, 0x30, 0xff, 0xc8, 0x98, 0x30, 0xff,
    0xc8, 0x94, 0x30, 0xff, 0xc8, 0x98, 0x38, 0xff, 0xc8, 0x98, 0x30, 0xff,
    0xc8, 0x98, 0x30, 0xff, 0xc8, 0x94, 0x30, 0xff, 0xc8, 0x94, 0x30, 0xff,
    0xc8, 0x98, 0x30, 0xff, 0xc8, 0x98, 0x30, 0xff, 0xc8, 0x94, 0x30, 0xff,
    0xc8, 0x94, 0x30, 0xff, 0xc8, 0x98, 0x30, 0xff, 0xc8, 0x98, 0x30, 0xff,
    0xc8, 0x98, 0x38, 0xff, 0xc8, 0x98, 0x30, 0xff, 0xc8, 0x98, 0x30, 0xff,
    0xc8, 0x98, 0x30, 0xff, 0xc8, 0x98, 0x30, 0xff, 0xc8, 0x98, 0x30, 0xff,
    0xc8, 0x94, 0x38, 0xff, 0xc8, 0x98, 0x30, 0xff, 0xc8, 0x98, 0x30, 0xff,
    0xc8, 0x94, 0x38, 0xff, 0xc8, 0x98, 0x30, 0xff, 0xc8, 0x98, 0x30, 0xff,
    0xc8, 0x94, 0x30, 0xff, 0xc8, 0x98, 0x30, 0xff, 0xc8, 0x98, 0x38, 0xff,
    0xc8, 0x98, 0x30, 0xff, 0xc8, 0x94, 0x30, 0xff, 0xc8, 0x98, 0x30, 0xff,
    0xc8, 0x98, 0x30, 0xff, 0xc8, 0x98, 0x30, 0xff, 0xc8, 0x98, 0x38, 0xff,
    0xc8, 0x98, 0x30, 0xff, 0xc8, 0x98, 0x30, 0xff, 0xc8, 0x98, 0x30, 0xff,
    0xc8, 0x94, 0x30, 0xff, 0xc8, 0x98, 0x30, 0xff, 0xc8, 0x98, 0x38, 0xff,
    0xc8, 0x98, 0x30, 0xff, 0xc8, 0x98, 0x30, 0xff, 0xc8, 0x94, 0x38, 0xff,
    0xc8, 0x98, 0x30, 0xff, 0xc8, 0x98, 0x30, 0xff, 0xc8, 0x94, 0x38, 0xff,
    0xc8, 0x98, 0x30, 0xff, 0xc8, 0x98, 0x38, 0xff, 0xc8, 0x98, 0x30, 0xff,
    0xc8, 0x94, 0x30, 0xff, 0xc8, 0x98, 0x30, 0xff, 0xc8, 0x98, 0x30, 0xff,
    0xc8, 0x98, 0x30, 0xff, 0xc8, 0x98, 0x38, 0xff, 0xc8, 0x98, 0x30, 0xff,
    0xc8, 0x98, 0x30, 0xff, 0xc8, 0x98, 0x30, 0xff, 0xc8, 0x94, 0x38, 0xff,
    0xc8, 0x98, 0x30, 0xff, 0xc8, 0x94, 0x30, 0xff, 0xc8, 0x98, 0x38, 0xff,
    0xc8, 0x94, 0x30, 0xff, 0xc8, 0x98, 0x30, 0xff, 0xc8, 0x94, 0x30, 0xff,
    0xc8, 0x98, 0x30, 0xff, 0xc8, 0x98, 0x30, 0xff, 0xc8, 0x98, 0x30, 0xff,
    0xc8, 0x98, 0x30, 0xff, 0xc8, 0x98, 0x30, 0xff, 0xc8, 0x98, 0x38, 0xff,
    0xc8, 0x94, 0x30, 0xff, 0xc8, 0x98, 0x30, 0xff, 0xc8, 0x98, 0x38, 0xff,
    0xc8, 0x94, 0x30, 0xff, 0xc8, 0x98, 0x30, 0xff, 0xc8, 0x98, 0x30, 0xff,
    0xc8, 0x94, 0x30, 0xff, 0xc8, 0x98, 0x30, 0xff, 0xc8, 0x98, 0x38, 0xff,
    0xc8, 0x94, 0x30, 0xff, 0xc8, 0x98, 0x30, 0xff, 0xc8, 0x98, 0x38, 0xff,
    0xc8, 0x98, 0x30, 0xff, 0xc8, 0x98, 0x30, 0xff, 0xc8, 0x98, 0x30, 0xff,
    0xc8, 0x94, 0x30, 0xff, 0xc8, 0x98, 0x30, 0xff, 0xc8, 0x98, 0x30, 0xff,
    0xc8, 0x98, 0x30, 0xff, 0xc8, 0x98, 0x30, 0xff, 0xc8, 0x98, 0x30, 0x8e,
    0xc8, 0x94, 0x30, 0x61, 0xc8, 0x98, 0x30, 0xff, 0xc8, 0x94, 0x30, 0xff,
    0xc8, 0x94, 0x38, 0xff, 0xc8, 0x98, 0x30, 0xff, 0xc8, 0x94, 0x30, 0xff,
    0xc8, 0x98, 0x38, 0xff, 0xc8, 0x98, 0x30, 0xff, 0xc8, 0x98, 0x30, 0xff,
    0xc8, 0x98, 0x38, 0xff, 0xc8, 0x94, 0x30, 0xff, 0xc8, 0x98, 0x30, 0xff,
    0xc8, 0x98, 0x38, 0xff, 0xc8, 0x98, 0x30, 0xff, 0xc8, 0x98, 0x30, 0xff,
    0xc8, 0x94, 0x38, 0xff, 0xc8, 0x98, 0x38, 0xff, 0xc8, 0x98, 0x30, 0xff,
    0xc8, 0x94, 0x30, 0xff, 0xc8, 0x98, 0x30, 0xff, 0xc8, 0x98, 0x30, 0xff,
    0xc8, 0x94, 0x30, 0xff, 0xc8, 0x98, 0x38, 0xff, 0xc8, 0x98, 0x38, 0xff,
    0xc8, 0x94, 0x30, 0xff, 0xc8, 0x98, 0x30, 0xff, 0xc8, 0x98, 0x30, 0xff,
    0xc8, 0x98, 0x38, 0xff, 0xc8, 0x98, 0x30, 0xff, 0xc8, 0x98, 0x30, 0xff,
    0xc8, 0x94, 0x30, 0xff, 0xc8, 0x98, 0x38, 0xff, 0xc8, 0x98, 0x38, 0xff,
    0xc8, 0x94, 0x30, 0xff, 0xc8, 0x94, 0x30, 0xff, 0xc8, 0x98, 0x30, 0xff,
    0xc8, 0x98, 0x38, 0xff, 0xc8, 0x98, 0x30, 0xff, 0xc8, 0x98, 0x30, 0xff,
    0xc8, 0x98, 0x38, 0xff, 0xc8, 0x98, 0x38, 0xff, 0xc8, 0x98, 0x30, 0xff,
    0xc8, 0x98, 0x30, 0xff, 0xc8, 0x98, 0x30, 0xff, 0xc8, 0x94, 0x38, 0xff,
    0xc8, 0x98, 0x30, 0xff, 0xc8, 0x98, 0x30, 0xff, 0xc8, 0x98, 0x38, 0xff,
    0xc8, 0x98, 0x30, 0xff, 0xc8, 0x98, 0x30, 0xff, 0xc8, 0x98, 0x30, 0xff,
    0xc8, 0x94, 0x30, 0xff, 0xc8, 0x98, 0x38, 0xff, 0xc8, 0x98, 0x30, 0xff,
    0xc8, 0x98, 0x30, 0xff, 0xc8, 0x98, 0x38, 0xff, 0xc8, 0x98, 0x30, 0xff,
    0xc8, 0x98, 0x30, 0xff, 0xc8, 0x94, 0x30, 0xff, 0xc8, 0x98, 0x38, 0xff,
    0xc8, 0x98, 0x30, 0xff, 0xc8, 0x98, 0x30, 0xff, 0xc8, 0x98, 0x30, 0xff,
    0xc8, 0x94, 0x38, 0xff, 0xc8, 0x98, 0x30, 0xff, 0xc8, 0x94, 0x30, 0xff,
    0xc8, 0x98, 0x38, 0xff, 0xc8, 0x94, 0x38, 0xff, 0xc8, 0x98, 0x30, 0xff,
    0xc8, 0x98, 0x30, 0xff, 0xc8, 0x98, 0x30, 0xff, 0xc8, 0x94, 0x30, 0xff,
    0xc8, 0x98, 0x38, 0xff, 0xc8, 0x98, 0x30, 0xff, 0xc8, 0x98, 0x30, 0xff,
    0xc8, 0x94, 0x38, 0xff, 0xc8, 0x98, 0x30, 0xff, 0xc8, 0x98, 0x30, 0xff,
    0xc8, 0x94, 0x38, 0xff, 0xc8, 0x98, 0x30, 0xff, 0xc8, 0x98, 0x30, 0xff,
    0xc8, 0x98, 0x38, 0xff, 0xc8, 0x98, 0x30, 0xff, 0xc8, 0x98, 0x30, 0xff,
    0xc8, 0x94, 0x38, 0xff, 0xc8, 0x98, 0x30, 0xff, 0xc8, 0x98, 0x30, 0xff,
    0xc8, 0x98, 0x38, 0xff, 0xc8, 0x94, 0x30, 0xff, 0xc8, 0x98, 0x30, 0xff,
    0xc8, 0x98, 0x38, 0xff, 0xc8, 0x98, 0x30, 0xff, 0xc8, 0x98, 0x38, 0xff,
    0xc8, 0x98, 0x30, 0xff, 0xc8, 0x98, 0x38, 0xff, 0xc8, 0x94, 0x30, 0xff,
    0xc8, 0x94, 0x30, 0xff, 0xc8, 0x98, 0x38, 0xff, 0xc8, 0x94, 0x30, 0xff,
    0xc8, 0x98, 0x30, 0xff, 0xc8, 0x94, 0x38, 0xff, 0xc8, 0x98, 0x30, 0xff,
    0xc8, 0x98, 0x30, 0xff, 0xc8, 0x94, 0x30, 0xff, 0xc8, 0x98, 0x30, 0xff,
    0xc8, 0x98, 0x30, 0xff, 0xc8, 0x94, 0x30, 0xff, 0xc8, 0x98, 0x30, 0xff,
    0xc8, 0x98, 0x38, 0xff, 0xc8, 0x98, 0x30, 0xff, 0xc8, 0x98, 0x30, 0xff,
    0xc8, 0x94, 0x30, 0xff, 0xc8, 0x98, 0x38, 0xff, 0xc8, 0x98, 0x30, 0xff,
    0xc8, 0x98, 0x38, 0xff, 0xc8, 0x94, 0x30, 0xff, 0xc8, 0x98, 0x30, 0xff,
    0xc8, 0x94, 0x30, 0xff, 0xc8, 0x98, 0x38, 0xff, 0xc8, 0x98, 0x30, 0xff,
    0xc8, 0x94, 0x30, 0xff, 0xc8, 0x98, 0x38, 0xff, 0xc8, 0x98, 0x30, 0xff,
    0xc8, 0x94, 0x30, 0xff, 0xc8, 0x98, 0x30, 0xff, 0xc8, 0x98, 0x30, 0xff,
    0xc8, 0x98, 0x38, 0xff, 0xc8, 0x94, 0x30, 0xff, 0xc8, 0x98, 0x30, 0xff,
    0xc8, 0x98, 0x30, 0xff, 0xc8, 0x98, 0x30, 0xff, 0xc8, 0x94, 0x30, 0xff,
    0xc8, 0x98, 0x38, 0xff, 0xc8, 0x98, 0x30, 0xff, 0xc8, 0x98, 0x30, 0xff,
    0xc8, 0x94, 0x38, 0xff, 0xc8, 0x98, 0x30, 0xff, 0xc8, 0x94, 0x30, 0xff,
    0xc8, 0x98, 0x30, 0xff, 0xc8, 0x98, 0x30, 0xff, 0xc8, 0x94, 0x38, 0xff,
    0xc8, 0x98, 0x30, 0xff, 0xc8, 0x98, 0x30, 0xff, 0xc8, 0x98, 0x38, 0xff,
    0xc8, 0x98, 0x30, 0xff, 0xc8, 0x98, 0x30, 0xff, 0xc8, 0x94, 0x38, 0xff,
    0xc8, 0x98, 0x30, 0xff, 0xc8, 0x98, 0x30, 0xff, 0xc8, 0x94, 0x38, 0xff,
    0xc8, 0x94, 0x30, 0xff, 0xc8, 0x98, 0x30, 0xff, 0xc8, 0x98, 0x30, 0xff,
    0xc8, 0x94, 0x30, 0xff, 0xc8, 0x98, 0x30, 0xff, 0xc8, 0x98, 0x38, 0xff,
    0xc8, 0x98, 0x30, 0xff, 0xc8, 0x94, 0x30, 0xff, 0xc8, 0x98, 0x38, 0xff,
    0xc8, 0x98, 0x30, 0xff, 0xc8, 0x98, 0x30, 0xff, 0xc8, 0x98, 0x38, 0xff,
    0xc8, 0x98, 0x30, 0xff, 0xc8, 0x94, 0x30, 0xff, 0xc8, 0x98, 0x30, 0xff,
    0xc8, 0x98, 0x38, 0xff, 0xc8, 0x94, 0x30, 0xff, 0xc8, 0x98, 0x30, 0xff,
    0xc8, 0x98, 0x38, 0xff, 0xc8, 0x98, 0x38, 0xff, 0xc8, 0x94, 0x30, 0xff,
    0xc8, 0x98, 0x30, 0xff, 0xc8, 0x98, 0x38, 0xff, 0xc8, 0x94, 0x30, 0xff,
    0xc8, 0x94, 0x30, 0x61, 0xc8, 0x98, 0x30, 0x20, 0xc8, 0x98, 0x30, 0xff,
    0xc8, 0x98, 0x30, 0xff, 0xc8, 0x98, 0x30, 0xff, 0xc8, 0x98, 0x30, 0xff,
    0xc8, 0x98, 0x30, 0xff, 0xc8, 0x94, 0x30, 0xff, 0xc8, 0x98, 0x30, 0xff,
    0xc8, 0x98, 0x38, 0xff, 0xc8, 0x94, 0x30, 0xff, 0xc8, 0x98, 0x30, 0xff,
    0xc8, 0x98, 0x30, 0xff, 0xc8, 0x94, 0x30, 0xff, 0xc8, 0x98, 0x30, 0xff,
    0xc8, 0x98, 0x30, 0xff, 0xc8, 0x98, 0x30, 0xff, 0xc8, 0x98, 0x30, 0xff,
    0xc8, 0x98, 0x38, 0xff, 0xc8, 0x98, 0x30, 0xff, 0xc8, 0x94, 0x30, 0xff,
    0xc8, 0x98, 0x38, 0xff, 0xc8, 0x98, 0x30, 0xff, 0xc8, 0x94, 0x30, 0xff,
    0xc8, 0x98, 0x30, 0xff, 0xc8, 0x98, 0x30, 0xff, 0xc8, 0x94, 0x38, 0xff,
    0xc8, 0x98, 0x30, 0xff, 0xc8, 0x94, 0x30, 0xff, 0xc8, 0x98, 0x30, 0xff,
    0xc8, 0x98, 0x30, 0xff, 0xc8, 0x98, 0x30, 0xff, 0xc8, 0x98, 0x30, 0xff,
    0xc8, 0x98, 0x30, 0xff, 0xc8, 0x98, 0x38, 0xff, 0xc8, 0x98, 0x30, 0xff,
    0xc8, 0x94, 0x30, 0xff, 0xc8, 0x98, 0x30, 0xff, 0xc8, 0x98, 0x38, 0xff,
    0xc8, 0x94, 0x30, 0xff, 0xc8, 0x98, 0x30, 0xff, 0xc8, 0x94, 0x30, 0xff,
    0xc8, 0x98, 0x30, 0xff, 0xc8, 0x98, 0x30, 0xff, 0xc8, 0x98, 0x38, 0xff,
    0xc8, 0x98, 0x30, 0xff, 0xc8, 0x98, 0x30, 0xff, 0xc8, 0x94, 0x38, 0xff,
    0xc8, 0x98, 0x30, 0xff, 0xc8, 0x98, 0x30, 0xff, 0xc8, 0x94, 0x38, 0xff,
    0xc8, 0x98, 0x30, 0xff, 0xc8, 0x98, 0x30, 0xff, 0xc8, 0x98, 0x30, 0xff,
    0xc8, 0x94, 0x30, 0xff, 0xc8, 0x98, 0x30, 0xff, 0xc8, 0x94, 0x30, 0xff,
    0xc8, 0x98, 0x38, 0xff, 0xc8, 0x98, 0x30, 0xff, 0xc8, 0x94, 0x30, 0xff,
    0xc8, 0x98, 0x30, 0xff, 0xc8, 0x98, 0x30, 0xff, 0xc8, 0x98, 0x30, 0xff,
    0xc8, 0x98, 0x38, 0xff, 0xc8, 0x98, 0x30, 0xff, 0xc8, 0x98, 0x30, 0xff,
    0xc8, 0x98, 0x30, 0xff, 0xc8, 0x94, 0x30, 0xff, 0xc8, 0x98, 0x30, 0xff,
    0xc8, 0x98, 0x30, 0xff, 0xc8, 0x94, 0x38, 0xff, 0xc8, 0x98, 0x30, 0xff,
    0xc8, 0x98, 0x30, 0xff, 0xc8, 0x94, 0x30, 0xff, 0xc8, 0x98, 0x30, 0xff,
    0xc8, 0x98, 0x38, 0xff, 0xc8, 0x98, 0x30, 0xff, 0xc8, 0x94, 0x30, 0xff,
    0xc8, 0x98, 0x30, 0xff, 0xc8, 0x98, 0x30, 0xff, 0xc8, 0x94, 0x38, 0xff,
    0xc8, 0x98, 0x30, 0xff, 0xc8, 0x94, 0x30, 0xff, 0xc8, 0x98, 0x30, 0xff,
    0xc8, 0x98, 0x30, 0xff, 0xc8, 0x98, 0x38, 0xff, 0xc8, 0x98, 0x30, 0xff,
    0xc8, 0x94, 0x30, 0xff, 0xc8, 0x98, 0x30, 0xff, 0xc8, 0x98, 0x38, 0xff,
    0xc8, 0x98, 0x30, 0xff, 0xc8, 0x98, 0x30, 0xff, 0xc8, 0x94, 0x38, 0xff,
    0xc8, 0x98, 0x30, 0xff, 0xc8, 0x98, 0x30, 0xff, 0xc8, 0x98, 0x30, 0xff,
    0xc8, 0x98, 0x38, 0xff, 0xc8, 0x98, 0x30, 0xff, 0xc8, 0x98, 0x30, 0xff,
    0xc8, 0x98, 0x30, 0xff, 0xc8, 0x94, 0x38, 0xff, 0xc8, 0x98, 0x30, 0xff,
    0xc8, 0x98, 0x30, 0xff, 0xc8, 0x98, 0x38, 0xff, 0xc8, 0x98, 0x30, 0xff,
    0xc8, 0x98, 0x38, 0xff, 0xc8, 0x98, 0x30, 0xff, 0xc8, 0x98, 0x30, 0xff,
    0xc8, 0x98, 0x38, 0xff, 0xc8, 0x94, 0x30, 0xff, 0xc8, 0x98, 0x30, 0xff,
    0xc8, 0x98, 0x38, 0xff, 0xc8, 0x98, 0x30, 0xff, 0xc8, 0x94, 0x30, 0xff,
    0xc8, 0x98, 0x30, 0xff, 0xc8, 0x98, 0x30, 0xff, 0xc8, 0x98, 0x38, 0xff,
    0xc8, 0x94, 0x30, 0xff, 0xc8, 0x98, 0x30, 0xff, 0xc8, 0x98, 0x30, 0xff,
    0xc8, 0x94, 0x38, 0xff, 0xc8, 0x98, 0x30, 0xff, 0xc8, 0x98, 0x30, 0xff,
    0xc8, 0x98, 0x38, 0xff, 0xc8, 0x94, 0x30, 0xff, 0xc8, 0x98, 0x30, 0xff,
    0xc8, 0x98, 0x38, 0xff, 0xc8, 0x94, 0x30, 0xff, 0xc8, 0x98, 0x30, 0xff,
    0xc8, 0x98, 0x30, 0xff, 0xc8, 0x98, 0x38, 0xff, 0xc8, 0x94, 0x30, 0xff,
    0xc8, 0x98, 0x30, 0xff, 0xc8, 0x98, 0x30, 0xff, 0xc8, 0x98, 0x38, 0xff,
    0xc8, 0x94, 0x30, 0xff, 0xc8, 0x98, 0x30, 0xff, 0xc8, 0x98, 0x38, 0xff,
    0xc8, 0x98, 0x30, 0xff, 0xc8, 0x94, 0x30, 0xff, 0xc8, 0x98, 0x38, 0xff,
    0xc8, 0x98, 0x30, 0xff, 0xc8, 0x98, 0x30, 0xff, 0xc8, 0x98, 0x30, 0xff,
    0xc8, 0x94, 0x30, 0xff, 0xc8, 0x98, 0x30, 0xff, 0xc8, 0x98, 0x30, 0xff,
    0xc8, 0x98, 0x38, 0xff, 0xc8, 0x98, 0x30, 0xff, 0xc8, 0x98, 0x30, 0xff,
    0xc8, 0x98, 0x38, 0xff, 0xc8, 0x98, 0x30, 0xff, 0xc8, 0x94, 0x38, 0xff,
    0xc8, 0x98, 0x30, 0xff, 0xc8, 0x98, 0x30, 0xff, 0xc8, 0x98, 0x38, 0xff,
    0xc8, 0x94, 0x30, 0xff, 0xc8, 0x98, 0x30, 0xff, 0xc8, 0x98, 0x30, 0xff,
    0xc8, 0x94, 0x38, 0xff, 0xc8, 0x98, 0x30, 0xff, 0xc8, 0x94, 0x30, 0xff,
    0xc8, 0x98, 0x30, 0xff, 0xc8, 0x98, 0x30, 0xff, 0xc8, 0x98, 0x30, 0xff,
    0xc8, 0x98, 0x38, 0xff, 0xc8, 0x94, 0x30, 0xff, 0xc8, 0x98, 0x30, 0xff,
    0xc8, 0x94, 0x30, 0xff, 0xc8, 0x98, 0x30, 0xff, 0xc8, 0x98, 0x30, 0xff,
    0xc8, 0x98, 0x38, 0xff, 0xc8, 0x94, 0x30, 0xff, 0xc8, 0x98, 0x30, 0xff,
    0xc8, 0x98, 0x38, 0xff, 0xc8, 0x98, 0x30, 0x20, 0x00, 0x00, 0x00, 0x00,
    0xc8, 0x98, 0x30, 0xdf, 0xc8, 0x98, 0x38, 0xff, 0xc8, 0x98, 0x30, 0xff,
    0xc8, 0x98, 0x38, 0xff, 0xc8, 0x98, 0x30, 0xff, 0xc8, 0x94, 0x30, 0xff,
    0xc8, 0x98, 0x38, 0xff, 0xc8, 0x98, 0x30, 0xff, 0xc8, 0x98, 0x30, 0xff,
    0xc8, 0x98, 0x38, 0xff, 0xc8, 0x98, 0x30, 0xff, 0xc8, 0x94, 0x38, 0xff,
    0xc8, 0x98, 0x30, 0xff, 0xc8, 0x94, 0x38, 0xff, 0xc8, 0x98, 0x30, 0xff,
    0xc8, 0x94, 0x30, 0xff, 0xc8, 0x98, 0x30, 0xff, 0xc8, 0x98, 0x38, 0xff,
    0xc8, 0x98, 0x30, 0xff, 0xc8, 0x98, 0x30, 0xff, 0xc8, 0x98, 0x30, 0xff,
    0xc8, 0x94, 0x30, 0xff, 0xc8, 0x98, 0x30, 0xff, 0xc8, 0x98, 0x38, 0xff,
    0xc8, 0x98, 0x30, 0xff, 0xc8, 0x98, 0x30, 0xff, 0xc8, 0x94, 0x38, 0xff,
    0xc8, 0x98, 0x30, 0xff, 0xc8, 0x98, 0x38, 0xff, 0xc8, 0x94, 0x38, 0xff,
    0xc8, 0x94, 0x30, 0xff, 0xc8, 0x98, 0x30, 0xff, 0xc8, 0x98, 0x30, 0xff,
    0xc8, 0x98, 0x38, 0xff, 0xc8, 0x98, 0x30, 0xff, 0xc8, 0x94, 0x30, 0xff,
    0xc8, 0x98, 0x30, 0xff, 0xc8, 0x98, 0x30, 0xff, 0xc8, 0x94, 0x30, 0xff,
    0xc8, 0x98, 0x38, 0xff, 0xc8, 0x98, 0x30, 0xff, 0xc8, 0x94, 0x30, 0xff,
    0xc8, 0x94, 0x38, 0xff, 0xc8, 0x98, 0x30, 0xff, 0xc8, 0x98, 0x30, 0xff,
    0xc8, 0x94, 0x30, 0xff, 0xc8, 0x98, 0x30, 0xff, 0xc8, 0x98, 0x30, 0xff,
    0xc8, 0x94, 0x38, 0xff, 0xc8, 0x98, 0x30, 0xff, 0xc8, 0x98, 0x30, 0xff,
    0xc8, 0x98, 0x38, 0xff, 0xc8, 0x98, 0x30, 0xff, 0xc8, 0x94, 0x30, 0xff,
    0xc8, 0x98, 0x38, 0xff, 0xc8, 0x98, 0x30, 0xff, 0xc8, 0x98, 0x30, 0xff,
    0xc8, 0x98, 0x38, 0xff, 0xc8, 0x94, 0x30, 0xff, 0xc8, 0x98, 0x30, 0xff,
    0xc8, 0x94, 0x38, 0xff, 0xc8, 0x94, 0x30, 0xff, 0xc8, 0x98, 0x30, 0xff,
    0xc8, 0x98, 0x38, 0xff, 0xc8, 0x98, 0x30, 0xff, 0xc8, 0x98, 0x30, 0xff,
    0xc8, 0x98, 0x38, 0xff, 0xc8, 0x98, 0x30, 0xff, 0xc8, 0x94, 0x30, 0xff,
    0xc8, 0x98, 0x38, 0xff, 0xc8, 0x98, 0x30, 0xff, 0xc8, 0x98, 0x30, 0xff,
    0xc8, 0x94, 0x38, 0xff, 0xc8, 0x98, 0x30, 0xff, 0xc8, 0x98, 0x30, 0xff,
    0xc8, 0x98, 0x38, 0xff, 0xc8, 0x98, 0x30, 0xff, 0xc8, 0x98, 0x30, 0xff,
    0xc8, 0x98, 0x30, 0xff, 0xc8, 0x94, 0x38, 0xff, 0xc8, 0x98, 0x30, 0xff,
    0xc8, 0x98, 0x30, 0xff, 0xc8, 0x94, 0x38, 0xff, 0xc8, 0x98, 0x30, 0xff,
    0xc8, 0x98, 0x30, 0xff, 0xc8, 0x94, 0x30, 0xff, 0xc8, 0x98, 0x30, 0xff,
    0xc8, 0x98, 0x30, 0xff, 0xc8, 0x94, 0x30, 0xff, 0xc8, 0x98, 0x30, 0xff,
    0xc8, 0x98, 0x30, 0xff, 0xc8, 0x94, 0x30, 0xff, 0xc8, 0x94, 0x30, 0xff,
    0xc8, 0x98, 0x30, 0xff, 0xc8, 0x98, 0x30, 0xff, 0xc8, 0x98, 0x38, 0xff,
    0xc8, 0x98, 0x30, 0xff, 0xc8, 0x98, 0x30, 0xff, 0xc8, 0x98, 0x30, 0xff,
    0xc8, 0x98, 0x30, 0xff, 0xc8, 0x94, 0x30, 0xff, 0xc8, 0x98, 0x30, 0xff,
    0xc8, 0x94, 0x38, 0xff, 0xc8, 0x98, 0x30, 0xff, 0xc8, 0x94, 0x30, 0xff,
    0xc8, 0x98, 0x38, 0xff, 0xc8, 0x98, 0x30, 0xff, 0xc8, 0x94, 0x30, 0xff,
    0xc8, 0x98, 0x30, 0xff, 0xc8, 0x98, 0x38, 0xff, 0xc8, 0x98, 0x30, 0xff,
    0xc8, 0x98, 0x30, 0xff, 0xc8, 0x94, 0x38, 0xff, 0xc8, 0x98, 0x30, 0xff,
    0xc8, 0x98, 0x30, 0xff, 0xc8, 0x98, 0x38, 0xff, 0xc8, 0x98, 0x30, 0xff,
    0xc8, 0x98, 0x30, 0xff, 0xc8, 0x98, 0x30, 0xff, 0xc8, 0x98, 0x30, 0xff,
    0xc8, 0x98, 0x30, 0xff, 0xc8, 0x94, 0x30, 0xff, 0xc8, 0x98, 0x38, 0xff,
    0xc8, 0x98, 0x30, 0xff, 0xc8, 0x98, 0x30, 0xff, 0xc8, 0x98, 0x30, 0xff,
    0xc8, 0x98, 0x30, 0xff, 0xc8, 0x94, 0x38, 0xff, 0xc8, 0x98, 0x30, 0xff,
    0xc8, 0x98, 0x30, 0xff, 0xc8, 0x98, 0x38, 0xff, 0xc8, 0x94, 0x30, 0xff,
    0xc8, 0x98, 0x30, 0xff, 0xc8, 0x98, 0x30, 0xff, 0xc8, 0x98, 0x30, 0xff,
    0xc8, 0x98, 0x30, 0xff, 0xc8, 0x98, 0x38, 0xff, 0xc8, 0x98, 0x30, 0xff,
    0xc8, 0x94, 0x30, 0xff, 0xc8, 0x98, 0x30, 0xff, 0xc8, 0x98, 0x38, 0xff,
    0xc8, 0x94, 0x30, 0xff, 0xc8, 0x98, 0x30, 0xff, 0xc8, 0x98, 0x38, 0xff,
    0xc8, 0x94, 0x30, 0xff, 0xc8, 0x98, 0x30, 0xff, 0xc8, 0x94, 0x30, 0xff,
    0xc8, 0x98, 0x30, 0xff, 0xc8, 0x98, 0x30, 0xff, 0xc8, 0x98, 0x30, 0xff,
    0xc8, 0x98, 0x30, 0xff, 0xc8, 0x94, 0x38, 0xff, 0xc8, 0x98, 0x30, 0xff,
    0xc8, 0x98, 0x30, 0xff, 0xc8, 0x98, 0x30, 0xff, 0xc8, 0x98, 0x30, 0xff,
    0xc8, 0x98, 0x38, 0xff, 0xc8, 0x98, 0x30, 0xff, 0xc8, 0x98, 0x30, 0xff,
    0xc8, 0x94, 0x38, 0xff, 0xc8, 0x98, 0x30, 0xff, 0xc8, 0x98, 0x30, 0xff,
    0xc8, 0x94, 0x38, 0xff, 0xc8, 0x98, 0x30, 0xff, 0xc8, 0x98, 0x30, 0xff,
    0xc8, 0x98, 0x38, 0xff, 0xc8, 0x98, 0x30, 0xff, 0xc8, 0x94, 0x30, 0xff,
    0xc8, 0x98, 0x30, 0xff, 0xc8, 0x98, 0x30, 0xff, 0xc8, 0x98, 0x30, 0xff,
    0xc8, 0x98, 0x30, 0xff, 0xc8, 0x98, 0x30, 0xdf, 0x00, 0x00, 0x00, 0x00,
    0x00, 0x00, 0x00, 0x00, 0xc8, 0x98, 0x30, 0x7d, 0xc8, 0x94, 0x30, 0xff,
    0xc8, 0x94, 0x38, 0xff, 0xc8, 0x98, 0x30, 0xff, 0xc8, 0x98, 0x30, 0xff,
    0xc8, 0x98, 0x38, 0xff, 0xc8, 0x94, 0x30, 0xff, 0xc8, 0x98, 0x30, 0xff,
    0xc8, 0x98, 0x30, 0xff, 0xc8, 0x94, 0x30, 0xff, 0xc8, 0x98, 0x38, 0xff,
    0xc8, 0x98, 0x30, 0xff, 0xc8, 0x98, 0x30, 0xff, 0xc8, 0x98, 0x30, 0xff,
    0xc8, 0x94, 0x38, 0xff, 0xc8, 0x98, 0x30, 0xff, 0xc8, 0x98, 0x30, 0xff,
    0xc8, 0x94, 0x30, 0xff, 0xc8, 0x98, 0x38, 0xff, 0xc8, 0x98, 0x30, 0xff,
    0xc8, 0x94, 0x38, 0xff, 0xc8, 0x98, 0x30, 0xff, 0xc8, 0x98, 0x30, 0xff,
    0xc8, 0x94, 0x30, 0xff, 0xc8, 0x98, 0x30, 0xff, 0xc8, 0x98, 0x30, 0xff,
    0xc8, 0x98, 0x30, 0xff, 0xc8, 0x98, 0x30, 0xff, 0xc8, 0x98, 0x30, 0xff,
    0xc8, 0x98, 0x30, 0xff, 0xc8, 0x98, 0x30, 0xff, 0xc8, 0x94, 0x30, 0xff,
    0xc8, 0x98, 0x30, 0xff, 0xc8, 0x98, 0x30, 0xff, 0xc8, 0x94, 0x38, 0xff,
    0xc8, 0x98, 0x30, 0xff, 0xc8, 0x98, 0x30, 0xff, 0xc8, 0x98, 0x38, 0xff,
    0xc8, 0x98, 0x30, 0xff, 0xc8, 0x98, 0x30, 0xff, 0xc8, 0x98, 0x38, 0xff,
    0xc8, 0x98, 0x30, 0xff, 0xc8, 0x98, 0x30, 0xff, 0xc8, 0x98, 0x30, 0xff,
    0xc8, 0x98, 0x38, 0xff, 0xc8, 0x98, 0x30, 0xff, 0xc8, 0x98, 0x30, 0xff,
    0xc8, 0x98, 0x38, 0xff, 0xc8, 0x98, 0x30, 0xff, 0xc8, 0x94, 0x30, 0xff,
    0xc8, 0x98, 0x38, 0xff, 0xc8, 0x98, 0x30, 0xff, 0xc8, 0x98, 0x30, 0xff,
    0xc8, 0x98, 0x38, 0xff, 0xc8, 0x98, 0x30, 0xff, 0xc8, 0x94, 0x30, 0xff,
    0xc8, 0x98, 0x30, 0xff, 0xc8, 0x98, 0x38, 0xff, 0xc8, 0x98, 0x30, 0xff,
    0xc8, 0x98, 0x30, 0xff, 0xc8, 0x98, 0x38, 0xff, 0xc8, 0x98, 0x30, 0xff,
    0xc8, 0x94, 0x30, 0xff, 0xc8, 0x98, 0x38, 0xff, 0xc8, 0x94, 0x30, 0xff,
    0xc8, 0x98, 0x30, 0xff, 0xc8, 0x98, 0x38, 0xff, 0xc8, 0x94, 0x30, 0xff,
    0xc8, 0x98, 0x30, 0xff, 0xc8, 0x98, 0x30, 0xff, 0xc8, 0x98, 0x38, 0xff,
    0xc8, 0x98, 0x30, 0xff, 0xc8, 0x98, 0x30, 0xff, 0xc8, 0x94, 0x30, 0xff,
    0xc8, 0x98, 0x30, 0xff, 0xc8, 0x98, 0x38, 0xff, 0xc8, 0x94, 0x30, 0xff,
    0xc8, 0x98, 0x30, 0xff, 0xc8, 0x98, 0x30, 0xff, 0xc8, 0x98, 0x30, 0xff,
    0xc8, 0x98, 0x38, 0xff, 0xc8, 0x98, 0x30, 0xff, 0xc8, 0x94, 0x30, 0xff,
    0xc8, 0x98, 0x30, 0xff, 0xc8, 0x98, 0x38, 0xff, 0xc8, 0x98, 0x30, 0xff,
    0xc8, 0x98, 0x38, 0xff, 0xc8, 0x98, 0x30, 0xff, 0xc8, 0x94, 0x38, 0xff,
    0xc8, 0x98, 0x30, 0xff, 0xc8, 0x98, 0x38, 0xff, 0xc8, 0x98, 0x30, 0xff,
    0xc8, 0x98, 0x38, 0xff, 0xc8, 0x94, 0x30, 0xff, 0xc8, 0x98, 0x30, 0xff,
    0xc8, 0x94, 0x30, 0xff, 0xc8, 0x94, 0x38, 0xff, 0xc8, 0x98, 0x30, 0xff,
    0xc8, 0x98, 0x30, 0xff, 0xc8, 0x94, 0x38, 0xff, 0xc8, 0x98, 0x30, 0xff,
    0xc8, 0x98, 0x30, 0xff, 0xc8, 0x98, 0x30, 0xff, 0xc8, 0x94, 0x30, 0xff,
    0xc8, 0x98, 0x30, 0xff, 0xc8, 0x98, 0x30, 0xff, 0xc8, 0x98, 0x30, 0xff,
    0xc8, 0x98, 0x30, 0xff, 0xc8, 0x94, 0x38, 0xff, 0xc8, 0x98, 0x30, 0xff,
    0xc8, 0x98, 0x30, 0xff, 0xc8, 0x94, 0x30, 0xff, 0xc8, 0x98, 0x38, 0xff,
    0xc8, 0x98, 0x30, 0xff, 0xc8, 0x94, 0x30, 0xff, 0xc8, 0x98, 0x30, 0xff,
    0xc8, 0x94, 0x38, 0xff, 0xc8, 0x98, 0x30, 0xff, 0xc8, 0x94, 0x30, 0xff,
    0xc8, 0x98, 0x38, 0xff, 0xc8, 0x98, 0x30, 0xff, 0xc8, 0x98, 0x30, 0xff,
    0xc8, 0x98, 0x30, 0xff, 0xc8, 0x94, 0x30, 0xff, 0xc8, 0x98, 0x38, 0xff,
    0xc8, 0x98, 0x30, 0xff, 0xc8, 0x94, 0x30, 0xff, 0xc8, 0x98, 0x30, 0xff,
    0xc8, 0x98, 0x30, 0xff, 0xc8, 0x98, 0x30, 0xff, 0xc8, 0x94, 0x38, 0xff,
    0xc8, 0x98, 0x30, 0xff, 0xc8, 0x98, 0x30, 0xff, 0xc8, 0x94, 0x38, 0xff,
    0xc8, 0x98, 0x30, 0xff, 0xc8, 0x94, 0x30, 0xff, 0xc8, 0x98, 0x30, 0xff,
    0xc8, 0x98, 0x38, 0xff, 0xc8, 0x98, 0x30, 0xff, 0xc8, 0x94, 0x30, 0xff,
    0xc8, 0x98, 0x38, 0xff, 0xc8, 0x98, 0x30, 0xff, 0xc8, 0x98, 0x30, 0xff,
    0xc8, 0x98, 0x38, 0xff, 0xc8, 0x98, 0x30, 0xff, 0xc8, 0x94, 0x30, 0xff,
    0xc8, 0x98, 0x38, 0xff, 0xc8, 0x98, 0x30, 0xff, 0xc8, 0x94, 0x38, 0xff,
    0xc8, 0x98, 0x30, 0xff, 0xc8, 0x98, 0x30, 0xff, 0xc8, 0x98, 0x30, 0xff,
    0xc8, 0x94, 0x38, 0xff, 0xc8, 0x98, 0x30, 0xff, 0xc8, 0x94, 0x30, 0xff,
    0xc8, 0x98, 0x38, 0xff, 0xc8, 0x94, 0x30, 0xff, 0xc8, 0x98, 0x30, 0xff,
    0xc8, 0x98, 0x30, 0xff, 0xc8, 0x98, 0x38, 0xff, 0xc8, 0x98, 0x30, 0xff,
    0xc8, 0x94, 0x30, 0xff, 0xc8, 0x98, 0x30, 0xff, 0xc8, 0x98, 0x30, 0xff,
    0xc8, 0x98, 0x30, 0xff, 0xc8, 0x94, 0x38, 0xff, 0xc8, 0x98, 0x30, 0xff,
    0xc8, 0x98, 0x38, 0xff, 0xc8, 0x94, 0x38, 0xff, 0xc8, 0x98, 0x30, 0xff,
    0xc8, 0x98, 0x38, 0xff, 0xc8, 0x94, 0x30, 0xff, 0xc8, 0x98, 0x30, 0x8e,
    0x00, 0x00, 0x00, 0x00, 0x00, 0x00, 0x00, 0x00, 0xd0, 0xa0, 0x30, 0x10,
    0xc8, 0x98, 0x30, 0xff, 0xc8, 0x98, 0x30, 0xff, 0xc8, 0x94, 0x30, 0xff,
    0xc8, 0x98, 0x30, 0xff, 0xc8, 0x98, 0x30, 0xff, 0xc8, 0x98, 0x30, 0xff,
    0xc8, 0x94, 0x38, 0xff, 0xc8, 0x98, 0x30, 0xff, 0xc8, 0x98, 0x30, 0xff,
    0xc8, 0x94, 0x30, 0xff, 0xc8, 0x98, 0x30, 0xff, 0xc8, 0x98, 0x30, 0xff,
    0xc8, 0x98, 0x30, 0xff, 0xc8, 0x98, 0x30, 0xff, 0xc8, 0x98, 0x38, 0xff,
    0xc8, 0x98, 0x30, 0xff, 0xc8, 0x94, 0x30, 0xff, 0xc8, 0x98, 0x30, 0xff,
    0xc8, 0x98, 0x30, 0xff, 0xc8, 0x98, 0x30, 0xff, 0xc8, 0x98, 0x38, 0xff,
    0xc8, 0x98, 0x30, 0xff, 0xc8, 0x94, 0x38, 0xff, 0xc8, 0x98, 0x30, 0xff,
    0xc8, 0x98, 0x38, 0xff, 0xc8, 0x94, 0x30, 0xff, 0xc8, 0x94, 0x30, 0xff,
    0xc8, 0x98, 0x38, 0xff, 0xc8, 0x98, 0x30, 0xff, 0xc8, 0x98, 0x38, 0xff,
    0xc8, 0x98, 0x38, 0xff, 0xc8, 0x94, 0x30, 0xff, 0xc8, 0x98, 0x30, 0xff,
    0xc8, 0x98, 0x30, 0xff, 0xc8, 0x98, 0x38, 0xff, 0xc8, 0x94, 0x30, 0xff,
    0xc8, 0x98, 0x30, 0xff, 0xc8, 0x98, 0x38, 0xff, 0xc8, 0x94, 0x30, 0xff,
    0xc8, 0x98, 0x30, 0xff, 0xc8, 0x98, 0x30, 0xff, 0xc8, 0x94, 0x30, 0xff,
    0xc8, 0x98, 0x38, 0xff, 0xc8, 0x94, 0x30, 0xff, 0xc8, 0x98, 0x30, 0xff,
    0xc8, 0x94, 0x38, 0xff, 0xc8, 0x98, 0x30, 0xff, 0xc8, 0x98, 0x30, 0xff,
    0xc8, 0x98, 0x30, 0xff, 0xc8, 0x94, 0x30, 0xff, 0xc8, 0x94, 0x30, 0xff,
    0xc8, 0x98, 0x30, 0xff, 0xc8, 0x98, 0x30, 0xff, 0xc8, 0x94, 0x30, 0xff,
    0xc8, 0x98, 0x30, 0xff, 0xc8, 0x98, 0x38, 0xff, 0xc8, 0x94, 0x30, 0xff,
    0xc8, 0x98, 0x30, 0xff, 0xc8, 0x98, 0x30, 0xff, 0xc8, 0x98, 0x30, 0xff,
    0xc8, 0x98, 0x30, 0xff, 0xc8, 0x98, 0x30, 0xff, 0xc8, 0x98, 0x30, 0xff,
    0xc8, 0x94, 0x30, 0xff, 0xc8, 0x98, 0x30, 0xff, 0xc8, 0x98, 0x30, 0xff,
    0xc8, 0x98, 0x38, 0xff, 0xc8, 0x98, 0x30, 0xff, 0xc8, 0x94, 0x30, 0xff,
    0xc8, 0x98, 0x30, 0xff, 0xc8, 0x98, 0x38, 0xff, 0xc8, 0x94, 0x30, 0xff,
    0xc8, 0x98, 0x30, 0xff, 0xc8, 0x98, 0x30, 0xff, 0xc8, 0x94, 0x30, 0xff,
    0xc8, 0x98, 0x38, 0xff, 0xc8, 0x94, 0x30, 0xff, 0xc8, 0x98, 0x30, 0xff,
    0xc8, 0x98, 0x38, 0xff, 0xc8, 0x94, 0x30, 0xff, 0xc8, 0x98, 0x30, 0xff,
    0xc8, 0x98, 0x30, 0xff, 0xc8, 0x94, 0x38, 0xff, 0xc8, 0x98, 0x30, 0xff,
    0xc8, 0x98, 0x30, 0xff, 0xc8, 0x94, 0x30, 0xff, 0xc8, 0x98, 0x38, 0xff,
    0xc8, 0x98, 0x30, 0xff, 0xc8, 0x98, 0x30, 0xff, 0xc8, 0x94, 0x30, 0xff,
    0xc8, 0x98, 0x38, 0xff, 0xc8, 0x98, 0x30, 0xff, 0xc8, 0x98, 0x30, 0xff,
    0xc8, 0x98, 0x38, 0xff, 0xc8, 0x98, 0x30, 0xff, 0xc8, 0x98, 0x30, 0xff,
    0xc8, 0x94, 0x30, 0xff, 0xc8, 0x98, 0x38, 0xff, 0xc8, 0x98, 0x30, 0xff,
    0xc8, 0x98, 0x38, 0xff, 0xc8, 0x98, 0x30, 0xff, 0xc8, 0x98, 0x38, 0xff,
    0xc8, 0x98, 0x30, 0xff, 0xc8, 0x98, 0x38, 0xff, 0xc8, 0x94, 0x30, 0xff,
    0xc8, 0x98, 0x30, 0xff, 0xc8, 0x98, 0x38, 0xff, 0xc8, 0x94, 0x30, 0xff,
    0xc8, 0x98, 0x30, 0xff, 0xc8, 0x98, 0x30, 0xff, 0xc8, 0x98, 0x30, 0xff,
    0xc8, 0x98, 0x30, 0xff, 0xc8, 0x98, 0x30, 0xff, 0xc8, 0x98, 0x30, 0xff,
    0xc8, 0x98, 0x30, 0xff, 0xc8, 0x98, 0x30, 0xff, 0xc8, 0x94, 0x38, 0xff,
    0xc8, 0x98, 0x30, 0xff, 0xc8, 0x98, 0x30, 0xff, 0xc8, 0x94, 0x38, 0xff,
    0xc8, 0x98, 0x30, 0xff, 0xc8, 0x98, 0x30, 0xff, 0xc8, 0x94, 0x38, 0xff,
    0xc8, 0x98, 0x30, 0xff, 0xc8, 0x98, 0x30, 0xff, 0xc8, 0x94, 0x38, 0xff,
    0xc8, 0x98, 0x30, 0xff, 0xc8, 0x98, 0x30, 0xff, 0xc8, 0x94, 0x38, 0xff,
    0xc8, 0x98, 0x30, 0xff, 0xc8, 0x98, 0x30, 0xff, 0xc8, 0x98, 0x30, 0xff,
    0xc8, 0x98, 0x38, 0xff, 0xc8, 0x94, 0x30, 0xff, 0xc8, 0x98, 0x30, 0xff,
    0xc8, 0x98, 0x30, 0xff, 0xc8, 0x94, 0x30, 0xff, 0xc8, 0x98, 0x30, 0xff,
    0xc8, 0x98, 0x30, 0xff, 0xc8, 0x98, 0x30, 0xff, 0xc8, 0x94, 0x30, 0xff,
    0xc8, 0x98, 0x30, 0xff, 0xc8, 0x98, 0x30, 0xff, 0xc8, 0x98, 0x30, 0xff,
    0xc8, 0x98, 0x38, 0xff, 0xc8, 0x98, 0x30, 0xff, 0xc8, 0x98, 0x30, 0xff,
    0xc8, 0x94, 0x30, 0xff, 0xc8, 0x98, 0x38, 0xff, 0xc8, 0x98, 0x30, 0xff,
    0xc8, 0x98, 0x30, 0xff, 0xc8, 0x98, 0x30, 0xff, 0xc8, 0x98, 0x38, 0xff,
    0xc8, 0x98, 0x30, 0xff, 0xc8, 0x94, 0x30, 0xff, 0xc8, 0x98, 0x30, 0xff,
    0xc8, 0x98, 0x30, 0xff, 0xc8, 0x94, 0x30, 0xff, 0xc8, 0x98, 0x30, 0xff,
    0xc8, 0x98, 0x38, 0xff, 0xc8, 0x98, 0x30, 0xff, 0xc8, 0x98, 0x38, 0xff,
    0xc8, 0x94, 0x30, 0xff, 0xc8, 0x98, 0x30, 0xff, 0xc8, 0x98, 0x30, 0xff,
    0xc8, 0x98, 0x30, 0xff, 0xc8, 0x98, 0x30, 0xff, 0xc8, 0x98, 0x30, 0xff,
    0xc8, 0x94, 0x30, 0xff, 0xc8, 0x98, 0x30, 0xff, 0xc8, 0x98, 0x38, 0xff,
    0xc8, 0x94, 0x30, 0x20, 0x00, 0x00, 0x00, 0x00, 0x00, 0x00, 0x00, 0x00,
    0x00, 0x00, 0x00, 0x00, 0xc8, 0x98, 0x30, 0xbe, 0xc8, 0x98, 0x38, 0xff,
    0xc8, 0x98, 0x30, 0xff, 0xc8, 0x94, 0x38, 0xff, 0xc8, 0x98, 0x30, 0xff,
    0xc8, 0x98, 0x30, 0xff, 0xc8, 0x98, 0x38, 0xff, 0xc8, 0x98, 0x30, 0xff,
    0xc8, 0x98, 0x30, 0xff, 0xc8, 0x98, 0x38, 0xff, 0xc8, 0x94, 0x30, 0xff,
    0xc8, 0x98, 0x38, 0xff, 0xc8, 0x94, 0x30, 0xff, 0xc8, 0x98, 0x30, 0xff,
    0xc8, 0x98, 0x30, 0xff, 0xc8, 0x94, 0x38, 0xff, 0xc8, 0x98, 0x30, 0xff,
    0xc8, 0x98, 0x30, 0xff, 0xc8, 0x94, 0x38, 0xff, 0xc8, 0x98, 0x30, 0xff,
    0xc8, 0x98, 0x30, 0xff, 0xc8, 0x94, 0x30, 0xff, 0xc8, 0x98, 0x30, 0xff,
    0xc8, 0x98, 0x38, 0xff, 0xc8, 0x98, 0x30, 0xff, 0xc8, 0x98, 0x30, 0xff,
    0xc8, 0x98, 0x38, 0xff, 0xc8, 0x94, 0x30, 0xff, 0xc8, 0x98, 0x30, 0xff,
    0xc8, 0x98, 0x30, 0xff, 0xc8, 0x94, 0x30, 0xff, 0xc8, 0x98, 0x38, 0xff,
    0xc8, 0x98, 0x30, 0xff, 0xc8, 0x98, 0x30, 0xff, 0xc8, 0x94, 0x30, 0xff,
    0xc8, 0x98, 0x30, 0xff, 0xc8, 0x98, 0x30, 0xff, 0xc8, 0x94, 0x30, 0xff,
    0xc8, 0x98, 0x38, 0xff, 0xc8, 0x98, 0x30, 0xff, 0xc8, 0x94, 0x30, 0xff,
    0xc8, 0x98, 0x38, 0xff, 0xc8, 0x98, 0x30, 0xff, 0xc8, 0x98, 0x30, 0xff,
    0xc8, 0x94, 0x30, 0xff, 0xc8, 0x98, 0x30, 0xff, 0xc8, 0x98, 0x30, 0xff,
    0xc8, 0x94, 0x38, 0xff, 0xc8, 0x98, 0x30, 0xff, 0xc8, 0x98, 0x30, 0xff,
    0xc8, 0x98, 0x38, 0xff, 0xc8, 0x98, 0x38, 0xff, 0xc8, 0x94, 0x30, 0xff,
    0xc8, 0x98, 0x30, 0xff, 0xc8, 0x98, 0x38, 0xff, 0xc8, 0x98, 0x30, 0xff,
    0xc8, 0x94, 0x30, 0xff, 0xc8, 0x98, 0x38, 0xff, 0xc8, 0x94, 0x30, 0xff,
    0xc8, 0x94, 0x30, 0xff, 0xc8, 0x98, 0x38, 0xff, 0xc8, 0x98, 0x30, 0xff,
    0xc8, 0x98, 0x38, 0xff, 0xc8, 0x98, 0x30, 0xff, 0xc8, 0x94, 0x30, 0xff,
    0xc8, 0x98, 0x38, 0xff, 0xc8, 0x98, 0x30, 0xff, 0xc8, 0x94, 0x30, 0xff,
    0xc8, 0x98, 0x30, 0xff, 0xc8, 0x98, 0x30, 0xff, 0xc8, 0x94, 0x30, 0xff,
    0xc8, 0x98, 0x38, 0xff, 0xc8, 0x98, 0x30, 0xff, 0xc8, 0x98, 0x30, 0xff,
    0xc8, 0x98, 0x38, 0xff, 0xc8, 0x98, 0x30, 0xff, 0xc8, 0x98, 0x30, 0xff,
    0xc8, 0x94, 0x38, 0xff, 0xc8, 0x98, 0x30, 0xff, 0xc8, 0x98, 0x30, 0xff,
    0xc8, 0x98, 0x30, 0xff, 0xc8, 0x98, 0x38, 0xff, 0xc8, 0x98, 0x30, 0xff,
    0xc8, 0x94, 0x30, 0xff, 0xc8, 0x98, 0x30, 0xff, 0xc8, 0x98, 0x30, 0xff,
    0xc8, 0x94, 0x30, 0xff, 0xc8, 0x98, 0x30, 0xff, 0xc8, 0x98, 0x30, 0xff,
    0xc8, 0x98, 0x30, 0xff, 0xc8, 0x94, 0x30, 0xff, 0xc8, 0x98, 0x30, 0xff,
    0xc8, 0x98, 0x30, 0xff, 0xc8, 0x94, 0x38, 0xff, 0xc8, 0x98, 0x30, 0xff,
    0xc8, 0x98, 0x30, 0xff, 0xc8, 0x98, 0x38, 0xff, 0xc8, 0x98, 0x30, 0xff,
    0xc8, 0x94, 0x30, 0xff, 0xc8, 0x98, 0x30, 0xff, 0xc8, 0x94, 0x30, 0xff,
    0xc8, 0x94, 0x30, 0xff, 0xc8, 0x98, 0x38, 0xff, 0xc8, 0x98, 0x30, 0xff,
    0xc8, 0x94, 0x30, 0xff, 0xc8, 0x98, 0x38, 0xff, 0xc8, 0x98, 0x30, 0xff,
    0xc8, 0x98, 0x30, 0xff, 0xc8, 0x94, 0x38, 0xff, 0xc8, 0x98, 0x30, 0xff,
    0xc8, 0x98, 0x38, 0xff, 0xc8, 0x94, 0x30, 0xff, 0xc8, 0x94, 0x38, 0xff,
    0xc8, 0x98, 0x38, 0xff, 0xc8, 0x98, 0x30, 0xff, 0xc8, 0x98, 0x30, 0xff,
    0xc8, 0x98, 0x30, 0xff, 0xc8, 0x98, 0x30, 0xff, 0xc8, 0x98, 0x30, 0xff,
    0xc8, 0x94, 0x38, 0xff, 0xc8, 0x98, 0x30, 0xff, 0xc8, 0x98, 0x30, 0xff,
    0xc8, 0x98, 0x38, 0xff, 0xc8, 0x98, 0x30, 0xff, 0xc8, 0x98, 0x30, 0xff,
    0xc8, 0x98, 0x38, 0xff, 0xc8, 0x98, 0x30, 0xff, 0xc8, 0x98, 0x30, 0xff,
    0xc8, 0x98, 0x30, 0xff, 0xc8, 0x98, 0x30, 0xff, 0xc8, 0x94, 0x30, 0xff,
    0xc8, 0x98, 0x38, 0xff, 0xc8, 0x98, 0x30, 0xff, 0xc8, 0x98, 0x30, 0xff,
    0xc8, 0x98, 0x38, 0xff, 0xc8, 0x98, 0x38, 0xff, 0xc8, 0x94, 0x30, 0xff,
    0xc8, 0x98, 0x38, 0xff, 0xc8, 0x98, 0x30, 0xff, 0xc8, 0x94, 0x38, 0xff,
    0xc8, 0x98, 0x30, 0xff, 0xc8, 0x94, 0x38, 0xff, 0xc8, 0x98, 0x30, 0xff,
    0xc8, 0x94, 0x30, 0xff, 0xc8, 0x98, 0x30, 0xff, 0xc8, 0x98, 0x30, 0xff,
    0xc8, 0x94, 0x30, 0xff, 0xc8, 0x98, 0x30, 0xff, 0xc8, 0x98, 0x38, 0xff,
    0xc8, 0x94, 0x30, 0xff, 0xc8, 0x94, 0x30, 0xff, 0xc8, 0x98, 0x30, 0xff,
    0xc8, 0x98, 0x30, 0xff, 0xc8, 0x98, 0x38, 0xff, 0xc8, 0x98, 0x30, 0xff,
    0xc8, 0x98, 0x38, 0xff, 0xc8, 0x98, 0x30, 0xff, 0xc8, 0x94, 0x30, 0xff,
    0xc8, 0x98, 0x38, 0xff, 0xc8, 0x98, 0x30, 0xff, 0xc8, 0x94, 0x30, 0xff,
    0xc8, 0x98, 0x30, 0xff, 0xc8, 0x98, 0x38, 0xff, 0xc8, 0x94, 0x30, 0xff,
    0xc8, 0x98, 0x30, 0xff, 0xc8, 0x98, 0x38, 0xff, 0xc8, 0x94, 0x30, 0xff,
    0xc8, 0x98, 0x30, 0xff, 0xc8, 0x98, 0x30, 0xff, 0xc8, 0x98, 0x30, 0xff,
    0xc8, 0x98, 0x30, 0x9e, 0x00, 0x00, 0x00, 0x00, 0x00, 0x00, 0x00, 0x00,
    0x00, 0x00, 0x00, 0x00, 0x00, 0x00, 0x00, 0x00, 0xc8, 0x94, 0x30, 0x41,
    0xc8, 0x98, 0x30, 0xff, 0xc8, 0x98, 0x30, 0xff, 0xc8, 0x98, 0x30, 0xff,
    0xc8, 0x94, 0x38, 0xff, 0xc8, 0x98, 0x30, 0xff, 0xc8, 0x98, 0x30, 0xff,
    0xc8, 0x94, 0x30, 0xff, 0xc8, 0x98, 0x38, 0xff, 0xc8, 0x98, 0x30, 0xff,
    0xc8, 0x98, 0x30, 0xff, 0xc8, 0x98, 0x38, 0xff, 0xc8, 0x94, 0x30, 0xff,
    0xc8, 0x98, 0x30, 0xff, 0xc8, 0x98, 0x38, 0xff, 0xc8, 0x98, 0x30, 0xff,
    0xc8, 0x98, 0x30, 0xff, 0xc8, 0x98, 0x38, 0xff, 0xc8, 0x94, 0x30, 0xff,
    0xc8, 0x98, 0x30, 0xff, 0xc8, 0x98, 0x38, 0xff, 0xc8, 0x98, 0x30, 0xff,
    0xc8, 0x98, 0x30, 0xff, 0xc8, 0x94, 0x30, 0xff, 0xc8, 0x98, 0x30, 0xff,
    0xc8, 0x98, 0x30, 0xff, 0xc8, 0x98, 0x30, 0xff, 0xc8, 0x98, 0x30, 0xff,
    0xc8, 0x94, 0x30, 0xff, 0xc8, 0x98, 0x30, 0xff, 0xc8, 0x98, 0x30, 0xff,
    0xc8, 0x98, 0x30, 0xff, 0xc8, 0x94, 0x38, 0xff, 0xc8, 0x98, 0x30, 0xff,
    0xc8, 0x98, 0x38, 0xff, 0xc8, 0x98, 0x30, 0xff, 0xc8, 0x98, 0x30, 0xff,
    0xc8, 0x94, 0x38, 0xff, 0xc8, 0x98, 0x30, 0xff, 0xc8, 0x98, 0x30, 0xff,
    0xc8, 0x98, 0x30, 0xff, 0xc8, 0x98, 0x30, 0xff, 0xc8, 0x98, 0x30, 0xff,
    0xc8, 0x98, 0x38, 0xff, 0xc8, 0x98, 0x30, 0xff, 0xc8, 0x98, 0x30, 0xff,
    0xc8, 0x98, 0x38, 0xff, 0xc8, 0x94, 0x30, 0xff, 0xc8, 0x98, 0x30, 0xff,
    0xc8, 0x98, 0x30, 0xff, 0xc8, 0x98, 0x30, 0xff, 0xc8, 0x98, 0x30, 0xff,
    0xc8, 0x98, 0x38, 0xff, 0xc8, 0x98, 0x30, 0xff, 0xc8, 0x98, 0x30, 0xff,
    0xc8, 0x94, 0x30, 0xff, 0xc8, 0x98, 0x30, 0xff, 0xc8, 0x98, 0x30, 0xff,
    0xc8, 0x98, 0x38, 0xff, 0xc8, 0x98, 0x30, 0xff, 0xc8, 0x94, 0x30, 0xff,
    0xc8, 0x98, 0x38, 0xff, 0xc8, 0x98, 0x30, 0xff, 0xc8, 0x94, 0x30, 0xff,
    0xc8, 0x98, 0x38, 0xff, 0xc8, 0x98, 0x30, 0xff, 0xc8, 0x94, 0x30, 0xff,
    0xc8, 0x98, 0x38, 0xff, 0xc8, 0x98, 0x38, 0xff, 0xc8, 0x98, 0x30, 0xff,
    0xc8, 0x98, 0x30, 0xff, 0xc8, 0x98, 0x38, 0xff, 0xc8, 0x94, 0x30, 0xff,
    0xc8, 0x98, 0x30, 0xff, 0xc8, 0x98, 0x38, 0xff, 0xc8, 0x94, 0x30, 0xff,
    0xc8, 0x98, 0x30, 0xff, 0xc8, 0x98, 0x30, 0xff, 0xc8, 0x94, 0x30, 0xff,
    0xc8, 0x98, 0x30, 0xff, 0xc8, 0x94, 0x38, 0xff, 0xc8, 0x98, 0x30, 0xff,
    0xc8, 0x98, 0x30, 0xff, 0xc8, 0x98, 0x38, 0xff, 0xc8, 0x98, 0x30, 0xff,
    0xc8, 0x98, 0x38, 0xff, 0xc8, 0x98, 0x30, 0xff, 0xc8, 0x94, 0x38, 0xff,
    0xc8, 0x98, 0x38, 0xff, 0xc8, 0x98, 0x30, 0xff, 0xc8, 0x98, 0x30, 0xff,
    0xc8, 0x98, 0x38, 0xff, 0xc8, 0x94, 0x30, 0xff, 0xc8, 0x98, 0x30, 0xff,
    0xc8, 0x98, 0x30, 0xff, 0xc8, 0x94, 0x30, 0xff, 0xc8, 0x98, 0x30, 0xff,
    0xc8, 0x98, 0x30, 0xff, 0xc8, 0x98, 0x30, 0xff, 0xc8, 0x98, 0x38, 0xff,
    0xc8, 0x98, 0x30, 0xff, 0xc8, 0x98, 0x30, 0xff, 0xc8, 0x98, 0x30, 0xff,
    0xc8, 0x98, 0x30, 0xff, 0xc8, 0x98, 0x30, 0xff, 0xc8, 0x94, 0x30, 0xff,
    0xc8, 0x98, 0x30, 0xff, 0xc8, 0x98, 0x30, 0xff, 0xc8, 0x98, 0x30, 0xff,
    0xc8, 0x94, 0x38, 0xff, 0xc8, 0x98, 0x30, 0xff, 0xc8, 0x98, 0x30, 0xff,
    0xc8, 0x98, 0x30, 0xff, 0xc8, 0x94, 0x30, 0xff, 0xc8, 0x98, 0x38, 0xff,
    0xc8, 0x94, 0x30, 0xff, 0xc8, 0x98, 0x38, 0xff, 0xc8, 0x98, 0x30, 0xff,
    0xc8, 0x94, 0x30, 0xff, 0xc8, 0x98, 0x30, 0xff, 0xc8, 0x98, 0x30, 0xff,
    0xc8, 0x94, 0x30, 0xff, 0xc8, 0x98, 0x30, 0xff, 0xc8, 0x94, 0x30, 0xff,
    0xc8, 0x98, 0x30, 0xff, 0xc8, 0x94, 0x30, 0xff, 0xc8, 0x98, 0x38, 0xff,
    0xc8, 0x94, 0x30, 0xff, 0xc8, 0x98, 0x38, 0xff, 0xc8, 0x98, 0x30, 0xff,
    0xc8, 0x94, 0x30, 0xff, 0xc8, 0x98, 0x30, 0xff, 0xc8, 0x98, 0x30, 0xff,
    0xc8, 0x94, 0x30, 0xff, 0xc8, 0x98, 0x30, 0xff, 0xc8, 0x98, 0x30, 0xff,
    0xc8, 0x98, 0x30, 0xff, 0xc8, 0x98, 0x30, 0xff, 0xc8, 0x98, 0x38, 0xff,
    0xc8, 0x98, 0x30, 0xff, 0xc8, 0x98, 0x30, 0xff, 0xc8, 0x98, 0x30, 0xff,
    0xc8, 0x98, 0x38, 0xff, 0xc8, 0x94, 0x30, 0xff, 0xc8, 0x98, 0x38, 0xff,
    0xc8, 0x98, 0x38, 0xff, 0xc8, 0x94, 0x30, 0xff, 0xc8, 0x98, 0x30, 0xff,
    0xc8, 0x98, 0x30, 0xff, 0xc8, 0x98, 0x38, 0xff, 0xc8, 0x98, 0x30, 0xff,
    0xc8, 0x94, 0x30, 0xff, 0xc8, 0x98, 0x38, 0xff, 0xc8, 0x94, 0x30, 0xff,
    0xc8, 0x98, 0x30, 0xff, 0xc8, 0x98, 0x30, 0xff, 0xc8, 0x94, 0x38, 0xff,
    0xc8, 0x98, 0x30, 0xff, 0xc8, 0x98, 0x30, 0xff, 0xc8, 0x94, 0x30, 0xff,
    0xc8, 0x98, 0x30, 0xff, 0xc8, 0x98, 0x30, 0xff, 0xc8, 0x98, 0x30, 0xff,
    0xc8, 0x98, 0x38, 0xff, 0xc8, 0x94, 0x30, 0xff, 0xc8, 0x98, 0x30, 0xff,
    0xc8, 0x98, 0x38, 0xff, 0xc8, 0x94, 0x30, 0xff, 0xc8, 0x98, 0x38, 0xff,
    0xc8, 0x98, 0x30, 0xff, 0xc8, 0x94, 0x30, 0x20, 0x00, 0x00, 0x00, 0x00,
    0x00, 0x00, 0x00, 0x00, 0x00, 0x00, 0x00, 0x00, 0x00, 0x00, 0x00, 0x00,
    0x00, 0x00, 0x00, 0x00, 0xc8, 0x94, 0x30, 0xae, 0xc8, 0x98, 0x30, 0xff,
    0xc8, 0x98, 0x30, 0xff, 0xc8, 0x98, 0x30, 0xff, 0xc8, 0x94, 0x38, 0xff,
    0xc8, 0x98, 0x30, 0xff, 0xc8, 0x98, 0x30, 0xff, 0xc8, 0x94, 0x30, 0xff,
    0xc8, 0x98, 0x30, 0xff, 0xc8, 0x98, 0x30, 0xff, 0xc8, 0x98, 0x30, 0xff,
    0xc8, 0x98, 0x30, 0xff, 0xc8, 0x94, 0x38, 0xff, 0xc8, 0x98, 0x30, 0xff,
    0xc8, 0x98, 0x30, 0xff, 0xc8, 0x94, 0x30, 0xff, 0xc8, 0x98, 0x30, 0xff,
    0xc8, 0x98, 0x30, 0xff, 0xc8, 0x94, 0x30, 0xff, 0xc8, 0x98, 0x38, 0xff,
    0xc8, 0x98, 0x30, 0xff, 0xc8, 0x94, 0x30, 0xff, 0xc8, 0x98, 0x38, 0xff,
    0xc8, 0x98, 0x30, 0xff, 0xc8, 0x94, 0x38, 0xff, 0xc8, 0x98, 0x30, 0xff,
    0xc8, 0x98, 0x38, 0xff, 0xc8, 0x98, 0x38, 0xff, 0xc8, 0x94, 0x30, 0xff,
    0xc8, 0x98, 0x30, 0xff, 0xc8, 0x98, 0x30, 0xff, 0xc8, 0x98, 0x30, 0xff,
    0xc8, 0x94, 0x30, 0xff, 0xc8, 0x98, 0x38, 0xff, 0xc8, 0x98, 0x30, 0xff,
    0xc8, 0x94, 0x30, 0xff, 0xc8, 0x98, 0x30, 0xff, 0xc8, 0x98, 0x30, 0xff,
    0xc8, 0x94, 0x38, 0xff, 0xc8, 0x98, 0x30, 0xff, 0xc8, 0x94, 0x30, 0xff,
    0xc8, 0x94, 0x38, 0xff, 0xc8, 0x98, 0x30, 0xff, 0xc8, 0x94, 0x30, 0xff,
    0xc8, 0x98, 0x38, 0xff, 0xc8, 0x98, 0x30, 0xff, 0xc8, 0x98, 0x30, 0xff,
    0xc8, 0x98, 0x38, 0xff, 0xc8, 0x94, 0x30, 0xff, 0xc8, 0x94, 0x30, 0xff,
    0xc8, 0x98, 0x30, 0xff, 0xc8, 0x94, 0x30, 0xff, 0xc8, 0x98, 0x38, 0xff,
    0xc8, 0x98, 0x30, 0xff, 0xc8, 0x98, 0x30, 0xff, 0xc8, 0x98, 0x38, 0xff,
    0xc8, 0x98, 0x30, 0xff, 0xc8, 0x98, 0x30, 0xff, 0xc8, 0x98, 0x30, 0xff,
    0xc8, 0x98, 0x30, 0xff, 0xc8, 0x94, 0x30, 0xff, 0xc8, 0x98, 0x30, 0xff,
    0xc8, 0x98, 0x30, 0xff, 0xc8, 0x98, 0x30, 0xff, 0xc8, 0x98, 0x30, 0xff,
    0xc8, 0x98, 0x30, 0xff, 0xc8, 0x98, 0x30, 0xff, 0xc8, 0x94, 0x30, 0xff,
    0xc8, 0x98, 0x30, 0xff, 0xc8, 0x98, 0x30, 0xff, 0xc8, 0x94, 0x30, 0xff,
    0xc8, 0x98, 0x30, 0xff, 0xc8, 0x98, 0x30, 0xff, 0xc8, 0x94, 0x30, 0xff,
    0xc8, 0x98, 0x30, 0xff, 0xc8, 0x98, 0x38, 0xff, 0xc8, 0x98, 0x30, 0xff,
    0xc8, 0x98, 0x30, 0xff, 0xc8, 0x98, 0x38, 0xff, 0xc8, 0x98, 0x30, 0xff,
    0xc8, 0x94, 0x30, 0xff, 0xc8, 0x98, 0x30, 0xff, 0xc8, 0x94, 0x30, 0xff,
    0xc8, 0x98, 0x30, 0xff, 0xc8, 0x98, 0x30, 0xff, 0xc8, 0x94, 0x30, 0xff,
    0xc8, 0x98, 0x30, 0xff, 0xc8, 0x98, 0x30, 0xff, 0xc8, 0x94, 0x30, 0xff,
    0xc8, 0x98, 0x38, 0xff, 0xc8, 0x98, 0x30, 0xff, 0xc8, 0x98, 0x30, 0xff,
    0xc8, 0x98, 0x38, 0xff, 0xc8, 0x98, 0x30, 0xff, 0xc8, 0x94, 0x38, 0xff,
    0xc8, 0x98, 0x30, 0xff, 0xc8, 0x98, 0x30, 0xff, 0xc8, 0x94, 0x38, 0xff,
    0xc8, 0x98, 0x30, 0xff, 0xc8, 0x98, 0x30, 0xff, 0xc8, 0x94, 0x38, 0xff,
    0xc8, 0x98, 0x30, 0xff, 0xc8, 0x98, 0x38, 0xff, 0xc8, 0x98, 0x30, 0xff,
    0xc8, 0x98, 0x38, 0xff, 0xc8, 0x94, 0x30, 0xff, 0xc8, 0x98, 0x30, 0xff,
    0xc8, 0x98, 0x30, 0xff, 0xc8, 0x98, 0x30, 0xff, 0xc8, 0x98, 0x30, 0xff,
    0xc8, 0x98, 0x30, 0xff, 0xc8, 0x98, 0x30, 0xff, 0xc8, 0x98, 0x30, 0xff,
    0xc8, 0x98, 0x30, 0xff, 0xc8, 0x94, 0x30, 0xff, 0xc8, 0x98, 0x30, 0xff,
    0xc8, 0x98, 0x38, 0xff, 0xc8, 0x98, 0x30, 0xff, 0xc8, 0x98, 0x38, 0xff,
    0xc8, 0x98, 0x30, 0xff, 0xc8, 0x98, 0x38, 0xff, 0xc8, 0x94, 0x30, 0xff,
    0xc8, 0x98, 0x38, 0xff, 0xc8, 0x98, 0x30, 0xff, 0xc8, 0x98, 0x30, 0xff,
    0xc8, 0x94, 0x30, 0xff, 0xc8, 0x98, 0x30, 0xff, 0xc8, 0x98, 0x38, 0xff,
    0xc8, 0x98, 0x30, 0xff, 0xc8, 0x98, 0x30, 0xff, 0xc8, 0x98, 0x38, 0xff,
    0xc8, 0x94, 0x30, 0xff, 0xc8, 0x98, 0x38, 0xff, 0xc8, 0x98, 0x30, 0xff,
    0xc8, 0x94, 0x30, 0xff, 0xc8, 0x98, 0x30, 0xff, 0xc8, 0x94, 0x30, 0xff,
    0xc8, 0x98, 0x30, 0xff, 0xc8, 0x98, 0x30, 0xff, 0xc8, 0x94, 0x30, 0xff,
    0xc8, 0x98, 0x30, 0xff, 0xc8, 0x98, 0x30, 0xff, 0xc8, 0x98, 0x30, 0xff,
    0xc8, 0x98, 0x30, 0xff, 0xc8, 0x98, 0x30, 0xff, 0xc8, 0x98, 0x38, 0xff,
    0xc8, 0x98, 0x30, 0xff, 0xc8, 0x94, 0x30, 0xff, 0xc8, 0x98, 0x30, 0xff,
    0xc8, 0x98, 0x38, 0xff, 0xc8, 0x98, 0x30, 0xff, 0xc8, 0x98, 0x30, 0xff,
    0xc8, 0x94, 0x30, 0xff, 0xc8, 0x98, 0x30, 0xff, 0xc8, 0x98, 0x30, 0xff,
    0xc8, 0x98, 0x30, 0xff, 0xc8, 0x98, 0x38, 0xff, 0xc8, 0x98, 0x30, 0xff,
    0xc8, 0x98, 0x38, 0xff, 0xc8, 0x98, 0x38, 0xff, 0xc8, 0x94, 0x30, 0xff,
    0xc8, 0x98, 0x30, 0xff, 0xc8, 0x98, 0x30, 0xff, 0xc8, 0x98, 0x30, 0xff,
    0xc8, 0x98, 0x30, 0xff, 0xc8, 0x98, 0x30, 0xff, 0xc8, 0x98, 0x30, 0xff,
    0xc8, 0x94, 0x38, 0xff, 0xc8, 0x98, 0x30, 0x9e, 0x00, 0x00, 0x00, 0x00,
    0x00, 0x00, 0x00, 0x00, 0x00, 0x00, 0x00, 0x00, 0x00, 0x00, 0x00, 0x00,
    0x00, 0x00, 0x00, 0x00, 0x00, 0x00, 0x00, 0x00, 0xc8, 0x98, 0x30, 0x20,
    0xc8, 0x94, 0x38, 0xef, 0xc8, 0x98, 0x30, 0xff, 0xc8, 0x98, 0x30, 0xff,
    0xc8, 0x98, 0x30, 0xff, 0xc8, 0x98, 0x38, 0xff, 0xc8, 0x98, 0x30, 0xff,
    0xc8, 0x94, 0x30, 0xff, 0xc8, 0x98, 0x38, 0xff, 0xc8, 0x94, 0x30, 0xff,
    0xc8, 0x98, 0x30, 0xff, 0xc8, 0x98, 0x38, 0xff, 0xc8, 0x98, 0x30, 0xff,
    0xc8, 0x94, 0x30, 0xff, 0xc8, 0x98, 0x30, 0xff, 0xc8, 0x98, 0x38, 0xff,
    0xc8, 0x98, 0x30, 0xff, 0xc8, 0x98, 0x30, 0xff, 0xc8, 0x98, 0x38, 0xff,
    0xc8, 0x94, 0x30, 0xff, 0xc8, 0x98, 0x30, 0xff, 0xc8, 0x98, 0x30, 0xff,
    0xc8, 0x98, 0x38, 0xff, 0xc8, 0x98, 0x30, 0xff, 0xc8, 0x94, 0x30, 0xff,
    0xc8, 0x98, 0x30, 0xff, 0xc8, 0x98, 0x30, 0xff, 0xc8, 0x94, 0x30, 0xff,
    0xc8, 0x98, 0x38, 0xff, 0xc8, 0x98, 0x30, 0xff, 0xc8, 0x94, 0x38, 0xff,
    0xc8, 0x98, 0x30, 0xff, 0xc8, 0x98, 0x30, 0xff, 0xc8, 0x98, 0x30, 0xff,
    0xc8, 0x94, 0x38, 0xff, 0xc8, 0x98, 0x30, 0xff, 0xc8, 0x98, 0x30, 0xff,
    0xc8, 0x98, 0x38, 0xff, 0xc8, 0x98, 0x30, 0xff, 0xc8, 0x98, 0x30, 0xff,
    0xc8, 0x98, 0x38, 0xff, 0xc8, 0x98, 0x30, 0xff, 0xc8, 0x98, 0x30, 0xff,
    0xc8, 0x98, 0x30, 0xff, 0xc8, 0x94, 0x30, 0xff, 0xc8, 0x98, 0x30, 0xff,
    0xc8, 0x98, 0x30, 0xff, 0xc8, 0x98, 0x38, 0xff, 0xc8, 0x98, 0x30, 0xff,
    0xc8, 0x98, 0x38, 0xff, 0xc8, 0x98, 0x30, 0xff, 0xc8, 0x94, 0x30, 0xff,
    0xc8, 0x98, 0x30, 0xff, 0xc8, 0x98, 0x38, 0xff, 0xc8, 0x94, 0x30, 0xff,
    0xc8, 0x98, 0x30, 0xff, 0xc8, 0x94, 0x38, 0xff, 0xc8, 0x94, 0x30, 0xff,
    0xc8, 0x98, 0x30, 0xff, 0xc8, 0x98, 0x38, 0xff, 0xc8, 0x98, 0x30, 0xff,
    0xc8, 0x94, 0x38, 0xff, 0xc8, 0x98, 0x30, 0xff, 0xc8, 0x98, 0x30, 0xff,
    0xc8, 0x94, 0x38, 0xff, 0xc8, 0x98, 0x30, 0xff, 0xc8, 0x98, 0x30, 0xff,
    0xc8, 0x94, 0x38, 0xff, 0xc8, 0x98, 0x30, 0xff, 0xc8, 0x98, 0x38, 0xff,
    0xc8, 0x98, 0x30, 0xff, 0xc8, 0x98, 0x38, 0xff, 0xc8, 0x98, 0x30, 0xff,
    0xc8, 0x98, 0x30, 0xff, 0xc8, 0x98, 0x38, 0xff, 0xc8, 0x94, 0x30, 0xff,
    0xc8, 0x98, 0x30, 0xff, 0xc8, 0x98, 0x38, 0xff, 0xc8, 0x94, 0x30, 0xff,
    0xc8, 0x98, 0x30, 0xff, 0xc8, 0x98, 0x30, 0xff, 0xc8, 0x98, 0x38, 0xff,
    0xc8, 0x94, 0x30, 0xff, 0xc8, 0x98, 0x30, 0xff, 0xc8, 0x98, 0x38, 0xff,
    0xc8, 0x98, 0x30, 0xff, 0xc8, 0x98, 0x30, 0xff, 0xc8, 0x98, 0x30, 0xff,
    0xc8, 0x94, 0x38, 0xff, 0xc8, 0x98, 0x30, 0xff, 0xc8, 0x98, 0x30, 0xff,
    0xc8, 0x94, 0x30, 0xff, 0xc8, 0x98, 0x30, 0xff, 0xc8, 0x98, 0x30, 0xff,
    0xc8, 0x98, 0x38, 0xff, 0xc8, 0x98, 0x30, 0xff, 0xc8, 0x94, 0x30, 0xff,
    0xc8, 0x98, 0x38, 0xff, 0xc8, 0x98, 0x30, 0xff, 0xc8, 0x94, 0x30, 0xff,
    0xc8, 0x98, 0x30, 0xff, 0xc8, 0x94, 0x30, 0xff, 0xc8, 0x98, 0x30, 0xff,
    0xc8, 0x94, 0x38, 0xff, 0xc8, 0x98, 0x30, 0xff, 0xc8, 0x98, 0x38, 0xff,
    0xc8, 0x94, 0x30, 0xff, 0xc8, 0x98, 0x38, 0xff, 0xc8, 0x98, 0x30, 0xff,
    0xc8, 0x94, 0x38, 0xff, 0xc8, 0x94, 0x38, 0xff, 0xc8, 0x98, 0x30, 0xff,
    0xc8, 0x98, 0x38, 0xff, 0xc8, 0x98, 0x30, 0xff, 0xc8, 0x98, 0x30, 0xff,
    0xc8, 0x94, 0x30, 0xff, 0xc8, 0x98, 0x30, 0xff, 0xc8, 0x94, 0x38, 0xff,
    0xc8, 0x98, 0x30, 0xff, 0xc8, 0x98, 0x30, 0xff, 0xc8, 0x98, 0x30, 0xff,
    0xc8, 0x98, 0x38, 0xff, 0xc8, 0x98, 0x30, 0xff, 0xc8, 0x98, 0x30, 0xff,
    0xc8, 0x98, 0x38, 0xff, 0xc8, 0x98, 0x30, 0xff, 0xc8, 0x98, 0x30, 0xff,
    0xc8, 0x94, 0x30, 0xff, 0xc8, 0x98, 0x30, 0xff, 0xc8, 0x98, 0x38, 0xff,
    0xc8, 0x94, 0x30, 0xff, 0xc8, 0x98, 0x30, 0xff, 0xc8, 0x98, 0x38, 0xff,
    0xc8, 0x98, 0x30, 0xff, 0xc8, 0x98, 0x38, 0xff, 0xc8, 0x94, 0x38, 0xff,
    0xc8, 0x98, 0x30, 0xff, 0xc8, 0x98, 0x30, 0xff, 0xc8, 0x94, 0x38, 0xff,
    0xc8, 0x98, 0x38, 0xff, 0xc8, 0x98, 0x30, 0xff, 0xc8, 0x94, 0x30, 0xff,
    0xc8, 0x98, 0x38, 0xff, 0xc8, 0x94, 0x30, 0xff, 0xc8, 0x98, 0x30, 0xff,
    0xc8, 0x98, 0x30, 0xff, 0xc8, 0x94, 0x38, 0xff, 0xc8, 0x98, 0x30, 0xff,
    0xc8, 0x98, 0x30, 0xff, 0xc8, 0x94, 0x30, 0xff, 0xc8, 0x98, 0x38, 0xff,
    0xc8, 0x98, 0x30, 0xff, 0xc8, 0x98, 0x30, 0xff, 0xc8, 0x94, 0x38, 0xff,
    0xc8, 0x98, 0x30, 0xff, 0xc8, 0x98, 0x30, 0xff, 0xc8, 0x94, 0x30, 0xff,
    0xc8, 0x98, 0x30, 0xff, 0xc8, 0x98, 0x30, 0xff, 0xc8, 0x94, 0x30, 0xff,
    0xc8, 0x98, 0x30, 0xff, 0xc8, 0x98, 0x38, 0xff, 0xc8, 0x94, 0x30, 0xff,
    0xc8, 0x98, 0x38, 0xff, 0xc8, 0x94, 0x30, 0xff, 0xc8, 0x98, 0x30, 0xff,
    0xc8, 0x98, 0x38, 0xff, 0xc8, 0x98, 0x30, 0xdf, 0xc8, 0x98, 0x30, 0x20,
    0x00, 0x00, 0x00, 0x00, 0x00, 0x00, 0x00, 0x00, 0x00, 0x00, 0x00, 0x00,
    0x00, 0x00, 0x00, 0x00, 0x00, 0x00, 0x00, 0x00, 0x00, 0x00, 0x00, 0x00,
    0x00, 0x00, 0x00, 0x00, 0xc8, 0x94, 0x30, 0x71, 0xc8, 0x98, 0x38, 0xff,
    0xc8, 0x98, 0x30, 0xff, 0xc8, 0x94, 0x30, 0xff, 0xc8, 0x98, 0x30, 0xff,
    0xc8, 0x98, 0x38, 0xff, 0xc8, 0x98, 0x30, 0xff, 0xc8, 0x98, 0x30, 0xff,
    0xc8, 0x98, 0x38, 0xff, 0xc8, 0x94, 0x30, 0xff, 0xc8, 0x98, 0x30, 0xff,
    0xc8, 0x98, 0x30, 0xff, 0xc8, 0x98, 0x30, 0xff, 0xc8, 0x94, 0x38, 0xff,
    0xc8, 0x98, 0x30, 0xff, 0xc8, 0x94, 0x30, 0xff, 0xc8, 0x98, 0x38, 0xff,
    0xc8, 0x98, 0x30, 0xff, 0xc8, 0x98, 0x30, 0xff, 0xc8, 0x94, 0x30, 0xff,
    0xc8, 0x98, 0x38, 0xff, 0xc8, 0x98, 0x30, 0xff, 0xc8, 0x94, 0x30, 0xff,
    0xc8, 0x98, 0x30, 0xff, 0xc8, 0x98, 0x38, 0xff, 0xc8, 0x98, 0x30, 0xff,
    0xc8, 0x98, 0x30, 0xff, 0xc8, 0x98, 0x30, 0xff, 0xc8, 0x98, 0x30, 0xff,
    0xc8, 0x98, 0x38, 0xff, 0xc8, 0x94, 0x30, 0xff, 0xc8, 0x98, 0x30, 0xff,
    0xc8, 0x98, 0x30, 0xff, 0xc8, 0x98, 0x30, 0xff, 0xc8, 0x98, 0x38, 0xff,
    0xc8, 0x94, 0x30, 0xff, 0xc8, 0x98, 0x30, 0xff, 0xc8, 0x98, 0x30, 0xff,
    0xc8, 0x94, 0x30, 0xff, 0xc8, 0x98, 0x30, 0xff, 0xc8, 0x98, 0x30, 0xff,
    0xc8, 0x98, 0x38, 0xff, 0xc8, 0x98, 0x30, 0xff, 0xc8, 0x94, 0x30, 0xff,
    0xc8, 0x98, 0x38, 0xff, 0xc8, 0x94, 0x30, 0xff, 0xc8, 0x98, 0x30, 0xff,
    0xc8, 0x98, 0x30, 0xff, 0xc8, 0x98, 0x30, 0xff, 0xc8, 0x98, 0x38, 0xff,
    0xc8, 0x98, 0x30, 0xff, 0xc8, 0x98, 0x30, 0xff, 0xc8, 0x94, 0x30, 0xff,
    0xc8, 0x98, 0x30, 0xff, 0xc8, 0x98, 0x30, 0xff, 0xc8, 0x98, 0x30, 0xff,
    0xc8, 0x98, 0x38, 0xff, 0xc8, 0x94, 0x30, 0xff, 0xc8, 0x98, 0x30, 0xff,
    0xc8, 0x98, 0x38, 0xff, 0xc8, 0x98, 0x30, 0xff, 0xc8, 0x94, 0x30, 0xff,
    0xc8, 0x98, 0x38, 0xff, 0xc8, 0x98, 0x30, 0xff, 0xc8, 0x94, 0x30, 0xff,
    0xc8, 0x98, 0x38, 0xff, 0xc8, 0x98, 0x30, 0xff, 0xc8, 0x98, 0x30, 0xff,
    0xc8, 0x94, 0x30, 0xff, 0xc8, 0x98, 0x38, 0xff, 0xc8, 0x94, 0x30, 0xff,
    0xc8, 0x98, 0x30, 0xff, 0xc8, 0x98, 0x38, 0xff, 0xc8, 0x94, 0x30, 0xff,
    0xc8, 0x98, 0x30, 0xff, 0xc8, 0x98, 0x30, 0xff, 0xc8, 0x94, 0x30, 0xff,
    0xc8, 0x98, 0x30, 0xff, 0xc8, 0x98, 0x38, 0xff, 0xc8, 0x98, 0x30, 0xff,
    0xc8, 0x98, 0x30, 0xff, 0xc8, 0x98, 0x38, 0xff, 0xc8, 0x94, 0x30, 0xff,
    0xc8, 0x98, 0x30, 0xff, 0xc8, 0x98, 0x38, 0xff, 0xc8, 0x94, 0x30, 0xff,
    0xc8, 0x98, 0x30, 0xff, 0xc8, 0x98, 0x30, 0xff, 0xc8, 0x98, 0x30, 0xff,
    0xc8, 0x94, 0x38, 0xff, 0xc8, 0x98, 0x30, 0xff, 0xc8, 0x94, 0x30, 0xff,
    0xc8, 0x98, 0x30, 0xff, 0xc8, 0x98, 0x30, 0xff, 0xc8, 0x94, 0x30, 0xff,
    0xc8, 0x98, 0x30, 0xff, 0xc8, 0x98, 0x30, 0xff, 0xc8, 0x98, 0x30, 0xff,
    0xc8, 0x98, 0x38, 0xff, 0xc8, 0x98, 0x30, 0xff, 0xc8, 0x98, 0x30, 0xff,
    0xc8, 0x98, 0x30, 0xff, 0xc8, 0x98, 0x30, 0xff, 0xc8, 0x98, 0x30, 0xff,
    0xc8, 0x98, 0x30, 0xff, 0xc8, 0x98, 0x30, 0xff, 0xc8, 0x94, 0x30, 0xff,
    0xc8, 0x98, 0x30, 0xff, 0xc8, 0x98, 0x30, 0xff, 0xc8, 0x98, 0x30, 0xff,
    0xc8, 0x94, 0x30, 0xff, 0xc8, 0x98, 0x30, 0xff, 0xc8, 0x98, 0x38, 0xff,
    0xc8, 0x94, 0x38, 0xff, 0xc8, 0x98, 0x30, 0xff, 0xc8, 0x98, 0x30, 0xff,
    0xc8, 0x98, 0x30, 0xff, 0xc8, 0x94, 0x30, 0xff, 0xc8, 0x94, 0x30, 0xff,
    0xc8, 0x98, 0x30, 0xff, 0xc8, 0x94, 0x30, 0xff, 0xc8, 0x98, 0x30, 0xff,
    0xc8, 0x94, 0x30, 0xff, 0xc8, 0x94, 0x38, 0xff, 0xc8, 0x98, 0x30, 0xff,
    0xc8, 0x98, 0x30, 0xff, 0xc8, 0x94, 0x38, 0xff, 0xc8, 0x98, 0x30, 0xff,
    0xc8, 0x98, 0x30, 0xff, 0xc8, 0x98, 0x30, 0xff, 0xc8, 0x98, 0x30, 0xff,
    0xc8, 0x94, 0x30, 0xff, 0xc8, 0x98, 0x30, 0xff, 0xc8, 0x98, 0x30, 0xff,
    0xc8, 0x98, 0x30, 0xff, 0xc8, 0x98, 0x30, 0xff, 0xc8, 0x98, 0x38, 0xff,
    0xc8, 0x98, 0x30, 0xff, 0xc8, 0x98, 0x30, 0xff, 0xc8, 0x98, 0x30, 0xff,
    0xc8, 0x98, 0x38, 0xff, 0xc8, 0x94, 0x30, 0xff, 0xc8, 0x98, 0x30, 0xff,
    0xc8, 0x98, 0x30, 0xff, 0xc8, 0x94, 0x30, 0xff, 0xc8, 0x98, 0x30, 0xff,
    0xc8, 0x98, 0x38, 0xff, 0xc8, 0x98, 0x30, 0xff, 0xc8, 0x98, 0x30, 0xff,
    0xc8, 0x94, 0x30, 0xff, 0xc8, 0x98, 0x38, 0xff, 0xc8, 0x98, 0x30, 0xff,
    0xc8, 0x98, 0x30, 0xff, 0xc8, 0x94, 0x38, 0xff, 0xc8, 0x98, 0x30, 0xff,
    0xc8, 0x98, 0x30, 0xff, 0xc8, 0x94, 0x38, 0xff, 0xc8, 0x98, 0x30, 0xff,
    0xc8, 0x98, 0x30, 0xff, 0xc8, 0x98, 0x30, 0xff, 0xc8, 0x98, 0x30, 0xff,
    0xc8, 0x98, 0x38, 0xff, 0xc8, 0x94, 0x30, 0xff, 0xc8, 0x98, 0x30, 0xff,
    0xc8, 0x98, 0x38, 0xff, 0xc8, 0x94, 0x30, 0xff, 0xc8, 0x94, 0x30, 0x61,
    0x00, 0x00, 0x00, 0x00, 0x00, 0x00, 0x00, 0x00, 0x00, 0x00, 0x00, 0x00,
    0x00, 0x00, 0x00, 0x00, 0x00, 0x00, 0x00, 0x00, 0x00, 0x00, 0x00, 0x00,
    0x00, 0x00, 0x00, 0x00, 0x00, 0x00, 0x00, 0x00, 0x00, 0x00, 0x00, 0x00,
    0xc8, 0x98, 0x30, 0x8e, 0xc8, 0x98, 0x30, 0xff, 0xc8, 0x94, 0x30, 0xff,
    0xc8, 0x98, 0x38, 0xff, 0xc8, 0x94, 0x30, 0xff, 0xc8, 0x98, 0x30, 0xff,
    0xc8, 0x98, 0x30, 0xff, 0xc8, 0x94, 0x30, 0xff, 0xc8, 0x98, 0x38, 0xff,
    0xc8, 0x98, 0x30, 0xff, 0xc8, 0x94, 0x30, 0xff, 0xc8, 0x98, 0x38, 0xff,
    0xc8, 0x98, 0x30, 0xff, 0xc8, 0x98, 0x30, 0xff, 0xc8, 0x98, 0x30, 0xff,
    0xc8, 0x94, 0x30, 0xff, 0xc8, 0x98, 0x30, 0xff, 0xc8, 0x98, 0x30, 0xff,
    0xc8, 0x98, 0x38, 0xff, 0xc8, 0x94, 0x30, 0xff, 0xc8, 0x98, 0x30, 0xff,
    0xc8, 0x98, 0x30, 0xff, 0xc8, 0x98, 0x38, 0xff, 0xc8, 0x94, 0x30, 0xff,
    0xc8, 0x98, 0x30, 0xff, 0xc8, 0x94, 0x38, 0xff, 0xc8, 0x98, 0x30, 0xff,
    0xc8, 0x98, 0x30, 0xff, 0xc8, 0x94, 0x30, 0xff, 0xc8, 0x98, 0x38, 0xff,
    0xc8, 0x98, 0x30, 0xff, 0xc8, 0x94, 0x30, 0xff, 0xc8, 0x98, 0x38, 0xff,
    0xc8, 0x98, 0x30, 0xff, 0xc8, 0x94, 0x30, 0xff, 0xc8, 0x98, 0x38, 0xff,
    0xc8, 0x98, 0x30, 0xff, 0xc8, 0x94, 0x38, 0xff, 0xc8, 0x98, 0x30, 0xff,
    0xc8, 0x94, 0x30, 0xff, 0xc8, 0x98, 0x38, 0xff, 0xc8, 0x98, 0x30, 0xff,
    0xc8, 0x98, 0x30, 0xff, 0xc8, 0x98, 0x38, 0xff, 0xc8, 0x98, 0x30, 0xff,
    0xc8, 0x94, 0x30, 0xff, 0xc8, 0x94, 0x38, 0xff, 0xc8, 0x98, 0x30, 0xff,
    0xc8, 0x94, 0x30, 0xff, 0xc8, 0x98, 0x38, 0xff, 0xc8, 0x98, 0x30, 0xff,
    0xc8, 0x98, 0x30, 0xff, 0xc8, 0x98, 0x38, 0xff, 0xc8, 0x94, 0x30, 0xff,
    0xc8, 0x98, 0x30, 0xff, 0xc8, 0x98, 0x30, 0xff, 0xc8, 0x98, 0x30, 0xff,
    0xc8, 0x94, 0x30, 0xff, 0xc8, 0x98, 0x30, 0xff, 0xc8, 0x98, 0x30, 0xff,
    0xc8, 0x98, 0x30, 0xff, 0xc8, 0x98, 0x30, 0xff, 0xc8, 0x98, 0x30, 0xff,
    0xc8, 0x98, 0x30, 0xff, 0xc8, 0x94, 0x30, 0xff, 0xc8, 0x98, 0x30, 0xff,
    0xc8, 0x98, 0x30, 0xff, 0xc8, 0x98, 0x30, 0xff, 0xc8, 0x94, 0x30, 0xff,
    0xc8, 0x98, 0x30, 0xff, 0xc8, 0x98, 0x30, 0xff, 0xc8, 0x94, 0x30, 0xff,
    0xc8, 0x98, 0x30, 0xff, 0xc8, 0x98, 0x38, 0xff, 0xc8, 0x98, 0x30, 0xff,
    0xc8, 0x98, 0x30, 0xff, 0xc8, 0x98, 0x38, 0xff, 0xc8, 0x94, 0x30, 0xff,
    0xc8, 0x94, 0x30, 0xff, 0xc8, 0x98, 0x30, 0xff, 0xc8, 0x98, 0x30, 0xff,
    0xc8, 0x98, 0x30, 0xff, 0xc8, 0x94, 0x30, 0xff, 0xc8, 0x98, 0x38, 0xff,
    0xc8, 0x98, 0x30, 0xff, 0xc8, 0x94, 0x38, 0xff, 0xc8, 0x98, 0x30, 0xff,
    0xc8, 0x98, 0x30, 0xff, 0xc8, 0x98, 0x38, 0xff, 0xc8, 0x98, 0x30, 0xff,
    0xc8, 0x98, 0x38, 0xff, 0xc8, 0x94, 0x38, 0xff, 0xc8, 0x98, 0x30, 0xff,
    0xc8, 0x98, 0x38, 0xff, 0xc8, 0x98, 0x30, 0xff, 0xc8, 0x94, 0x30, 0xff,
    0xc8, 0x98, 0x38, 0xff, 0xc8, 0x98, 0x30, 0xff, 0xc8, 0x94, 0x30, 0xff,
    0xc8, 0x98, 0x38, 0xff, 0xc8, 0x98, 0x38, 0xff, 0xc8, 0x94, 0x30, 0xff,
    0xc8, 0x98, 0x30, 0xff, 0xc8, 0x98, 0x38, 0xff, 0xc8, 0x94, 0x30, 0xff,
    0xc8, 0x98, 0x30, 0xff, 0xc8, 0x98, 0x38, 0xff, 0xc8, 0x98, 0x30, 0xff,
    0xc8, 0x98, 0x30, 0xff, 0xc8, 0x98, 0x30, 0xff, 0xc8, 0x94, 0x30, 0xff,
    0xc8, 0x98, 0x30, 0xff, 0xc8, 0x98, 0x30, 0xff, 0xc8, 0x98, 0x38, 0xff,
    0xc8, 0x98, 0x30, 0xff, 0xc8, 0x98, 0x30, 0xff, 0xc8, 0x98, 0x38, 0xff,
    0xc8, 0x98, 0x38, 0xff, 0xc8, 0x98, 0x30, 0xff, 0xc8, 0x98, 0x30, 0xff,
    0xc8, 0x98, 0x38, 0xff, 0xc8, 0x98, 0x30, 0xff, 0xc8, 0x98, 0x30, 0xff,
    0xc8, 0x98, 0x30, 0xff, 0xc8, 0x98, 0x38, 0xff, 0xc8, 0x98, 0x30, 0xff,
    0xc8, 0x94, 0x30, 0xff, 0xc8, 0x98, 0x38, 0xff, 0xc8, 0x98, 0x30, 0xff,
    0xc8, 0x94, 0x38, 0xff, 0xc8, 0x98, 0x30, 0xff, 0xc8, 0x98, 0x30, 0xff,
    0xc8, 0x94, 0x30, 0xff, 0xc8, 0x98, 0x30, 0xff, 0xc8, 0x94, 0x38, 0xff,
    0xc8, 0x98, 0x30, 0xff, 0xc8, 0x94, 0x30, 0xff, 0xc8, 0x94, 0x30, 0xff,
    0xc8, 0x98, 0x30, 0xff, 0xc8, 0x98, 0x30, 0xff, 0xc8, 0x98, 0x38, 0xff,
    0xc8, 0x98, 0x30, 0xff, 0xc8, 0x98, 0x38, 0xff, 0xc8, 0x98, 0x30, 0xff,
    0xc8, 0x98, 0x30, 0xff, 0xc8, 0x94, 0x30, 0xff, 0xc8, 0x98, 0x38, 0xff,
    0xc8, 0x98, 0x30, 0xff, 0xc8, 0x98, 0x30, 0xff, 0xc8, 0x94, 0x30, 0xff,
    0xc8, 0x98, 0x30, 0xff, 0xc8, 0x98, 0x30, 0xff, 0xc8, 0x98, 0x38, 0xff,
    0xc8, 0x98, 0x30, 0xff, 0xc8, 0x98, 0x30, 0xff, 0xc8, 0x94, 0x38, 0xff,
    0xc8, 0x98, 0x30, 0xff, 0xc8, 0x98, 0x38, 0xff, 0xc8, 0x94, 0x30, 0xff,
    0xc8, 0x98, 0x30, 0xff, 0xc8, 0x98, 0x30, 0xff, 0xc8, 0x98, 0x30, 0xff,
    0xc8, 0x98, 0x30, 0xff, 0xc8, 0x98, 0x30, 0xff, 0xc8, 0x98, 0x30, 0x8e,
    0x00, 0x00, 0x00, 0x00, 0x00, 0x00, 0x00, 0x00, 0x00, 0x00, 0x00, 0x00,
    0x00, 0x00, 0x00, 0x00, 0x00, 0x00, 0x00, 0x00, 0x00, 0x00, 0x00, 0x00,
    0x00, 0x00, 0x00, 0x00, 0x00, 0x00, 0x00, 0x00, 0x00, 0x00, 0x00, 0x00,
    0x00, 0x00, 0x00, 0x00, 0x00, 0x00, 0x00, 0x00, 0xc8, 0x98, 0x30, 0xcf,
    0xc8, 0x98, 0x30, 0xff, 0xc8, 0x98, 0x30, 0xff, 0xc8, 0x98, 0x30, 0xff,
    0xc8, 0x94, 0x38, 0xff, 0xc8, 0x98, 0x30, 0xff, 0xc8, 0x98, 0x30, 0xff,
    0xc8, 0x98, 0x30, 0xff, 0xc8, 0x98, 0x38, 0xff, 0xc8, 0x94, 0x30, 0xff,
    0xc8, 0x98, 0x30, 0xff, 0xc8, 0x98, 0x30, 0xff, 0xc8, 0x98, 0x38, 0xff,
    0xc8, 0x98, 0x30, 0xff, 0xc8, 0x94, 0x38, 0xff, 0xc8, 0x98, 0x30, 0xff,
    0xc8, 0x98, 0x30, 0xff, 0xc8, 0x98, 0x30, 0xff, 0xc8, 0x98, 0x30, 0xff,
    0xc8, 0x94, 0x30, 0xff, 0xc8, 0x98, 0x38, 0xff, 0xc8, 0x98, 0x30, 0xff,
    0xc8, 0x98, 0x30, 0xff, 0xc8, 0x94, 0x30, 0xff, 0xc8, 0x98, 0x30, 0xff,
    0xc8, 0x98, 0x38, 0xff, 0xc8, 0x94, 0x30, 0xff, 0xc8, 0x98, 0x30, 0xff,
    0xc8, 0x98, 0x30, 0xff, 0xc8, 0x98, 0x38, 0xff, 0xc8, 0x98, 0x30, 0xff,
    0xc8, 0x94, 0x30, 0xff, 0xc8, 0x98, 0x30, 0xff, 0xc8, 0x98, 0x30, 0xff,
    0xc8, 0x98, 0x30, 0xff, 0xc8, 0x98, 0x38, 0xff, 0xc8, 0x98, 0x30, 0xff,
    0xc8, 0x98, 0x30, 0xff, 0xc8, 0x98, 0x30, 0xff, 0xc8, 0x94, 0x30, 0xff,
    0xc8, 0x98, 0x30, 0xff, 0xc8, 0x94, 0x30, 0xff, 0xc8, 0x98, 0x30, 0xff,
    0xc8, 0x98, 0x30, 0xff, 0xc8, 0x98, 0x30, 0xff, 0xc8, 0x98, 0x38, 0xff,
    0xc8, 0x98, 0x30, 0xff, 0xc8, 0x94, 0x30, 0xff, 0xc8, 0x98, 0x30, 0xff,
    0xc8, 0x98, 0x38, 0xff, 0xc8, 0x94, 0x30, 0xff, 0xc8, 0x98, 0x30, 0xff,
    0xc8, 0x98, 0x38, 0xff, 0xc8, 0x94, 0x30, 0xff, 0xc8, 0x98, 0x38, 0xff,
    0xc8, 0x98, 0x30, 0xff, 0xc8, 0x98, 0x38, 0xff, 0xc8, 0x94, 0x30, 0xff,
    0xc8, 0x98, 0x38, 0xff, 0xc8, 0x98, 0x30, 0xff, 0xc8, 0x94, 0x38, 0xff,
    0xc8, 0x98, 0x38, 0xff, 0xc8, 0x98, 0x30, 0xff, 0xc8, 0x98, 0x38, 0xff,
    0xc8, 0x94, 0x30, 0xff, 0xc8, 0x98, 0x38, 0xff, 0xc8, 0x98, 0x38, 0xff,
    0xc8, 0x98, 0x30, 0xff, 0xc8, 0x98, 0x30, 0xff, 0xc8, 0x98, 0x38, 0xff,
    0xc8, 0x98, 0x30, 0xff, 0xc8, 0x98, 0x30, 0xff, 0xc8, 0x94, 0x38, 0xff,
    0xc8, 0x98, 0x30, 0xff, 0xc8, 0x98, 0x30, 0xff, 0xc8, 0x98, 0x30, 0xff,
    0xc8, 0x98, 0x30, 0xff, 0xc8, 0x98, 0x38, 0xff, 0xc8, 0x94, 0x30, 0xff,
    0xc8, 0x98, 0x38, 0xff, 0xc8, 0x98, 0x30, 0xff, 0xc8, 0x98, 0x30, 0xff,
    0xc8, 0x98, 0x30, 0xff, 0xc8, 0x98, 0x30, 0xff, 0xc8, 0x98, 0x30, 0xff,
    0xc8, 0x94, 0x38, 0xff, 0xc8, 0x98, 0x30, 0xff, 0xc8, 0x98, 0x30, 0xff,
    0xc8, 0x94, 0x30, 0xff, 0xc8, 0x98, 0x30, 0xff, 0xc8, 0x98, 0x30, 0xff,
    0xc8, 0x98, 0x30, 0xff, 0xc8, 0x98, 0x30, 0xff, 0xc8, 0x94, 0x38, 0xff,
    0xc8, 0x98, 0x30, 0xff, 0xc8, 0x98, 0x30, 0xff, 0xc8, 0x94, 0x30, 0xff,
    0xc8, 0x98, 0x30, 0xff, 0xc8, 0x98, 0x30, 0xff, 0xc8, 0x94, 0x30, 0xff,
    0xc8, 0x98, 0x30, 0xff, 0xc8, 0x98, 0x38, 0xff, 0xc8, 0x94, 0x30, 0xff,
    0xc8, 0x98, 0x30, 0xff, 0xc8, 0x98, 0x38, 0xff, 0xc8, 0x94, 0x30, 0xff,
    0xc8, 0x98, 0x38, 0xff, 0xc8, 0x98, 0x30, 0xff, 0xc8, 0x94, 0x38, 0xff,
    0xc8, 0x98, 0x38, 0xff, 0xc8, 0x98, 0x30, 0xff, 0xc8, 0x94, 0x30, 0xff,
    0xc8, 0x98, 0x30, 0xff, 0xc8, 0x94, 0x38, 0xff, 0xc8, 0x98, 0x30, 0xff,
    0xc8, 0x98, 0x30, 0xff, 0xc8, 0x94, 0x30, 0xff, 0xc8, 0x98, 0x30, 0xff,
    0xc8, 0x98, 0x38, 0xff, 0xc8, 0x94, 0x30, 0xff, 0xc8, 0x98, 0x30, 0xff,
    0xc8, 0x98, 0x30, 0xff, 0xc8, 0x94, 0x38, 0xff, 0xc8, 0x98, 0x30, 0xff,
    0xc8, 0x98, 0x30, 0xff, 0xc8, 0x98, 0x30, 0xff, 0xc8, 0x94, 0x30, 0xff,
    0xc8, 0x98, 0x30, 0xff, 0xc8, 0x98, 0x30, 0xff, 0xc8, 0x98, 0x38, 0xff,
    0xc8, 0x98, 0x38, 0xff, 0xc8, 0x94, 0x30, 0xff, 0xc8, 0x98, 0x30, 0xff,
    0xc8, 0x98, 0x30, 0xff, 0xc8, 0x98, 0x30, 0xff, 0xc8, 0x98, 0x38, 0xff,
    0xc8, 0x98, 0x30, 0xff, 0xc8, 0x94, 0x30, 0xff, 0xc8, 0x98, 0x38, 0xff,
    0xc8, 0x98, 0x30, 0xff, 0xc8, 0x94, 0x30, 0xff, 0xc8, 0x98, 0x30, 0xff,
    0xc8, 0x98, 0x38, 0xff, 0xc8, 0x94, 0x30, 0xff, 0xc8, 0x98, 0x30, 0xff,
    0xc8, 0x98, 0x30, 0xff, 0xc8, 0x94, 0x38, 0xff, 0xc8, 0x98, 0x30, 0xff,
    0xc8, 0x98, 0x30, 0xff, 0xc8, 0x94, 0x38, 0xff, 0xc8, 0x98, 0x30, 0xff,
    0xc8, 0x98, 0x30, 0xff, 0xc8, 0x94, 0x30, 0xff, 0xc8, 0x98, 0x30, 0xff,
    0xc8, 0x98, 0x30, 0xff, 0xc8, 0x98, 0x30, 0xff, 0xc8, 0x94, 0x30, 0xff,
    0xc8, 0x98, 0x38, 0xff, 0xc8, 0x98, 0x30, 0xff, 0xc8, 0x94, 0x38, 0xff,
    0xc8, 0x98, 0x30, 0xff, 0xc8, 0x94, 0x30, 0xff, 0xc8, 0x98, 0x30, 0xcf,
    0x00, 0x00, 0x00, 0x00, 0x00, 0x00, 0x00, 0x00, 0x00, 0x00, 0x00, 0x00,
    0x00, 0x00, 0x00, 0x00, 0x00, 0x00, 0x00, 0x00, 0x00, 0x00, 0x00, 0x00,
    0x00, 0x00, 0x00, 0x00, 0x00, 0x00, 0x00, 0x00, 0x00, 0x00, 0x00, 0x00,
    0x00, 0x00, 0x00, 0x00, 0x00, 0x00, 0x00, 0x00, 0x00, 0x00, 0x00, 0x00,
    0xd0, 0xa0, 0x30, 0x10, 0xc8, 0x94, 0x30, 0xcf, 0xc8, 0x98, 0x38, 0xff,
    0xc8, 0x98, 0x30, 0xff, 0xc8, 0x98, 0x30, 0xff, 0xc8, 0x94, 0x38, 0xff,
    0xc8, 0x98, 0x30, 0xff, 0xc8, 0x98, 0x30, 0xff, 0xc8, 0x94, 0x30, 0xff,
    0xc8, 0x98, 0x38, 0xff, 0xc8, 0x98, 0x30, 0xff, 0xc8, 0x94, 0x30, 0xff,
    0xc8, 0x98, 0x30, 0xff, 0xc8, 0x98, 0x38, 0xff, 0xc8, 0x98, 0x30, 0xff,
    0xc8, 0x94, 0x30, 0xff, 0xc8, 0x98, 0x38, 0xff, 0xc8, 0x98, 0x30, 0xff,
    0xc8, 0x94, 0x30, 0xff, 0xc8, 0x98, 0x38, 0xff, 0xc8, 0x98, 0x30, 0xff,
    0xc8, 0x98, 0x30, 0xff, 0xc8, 0x98, 0x38, 0xff, 0xc8, 0x98, 0x30, 0xff,
    0xc8, 0x98, 0x30, 0xff, 0xc8, 0x98, 0x30, 0xff, 0xc8, 0x98, 0x38, 0xff,
    0xc8, 0x98, 0x30, 0xff, 0xc8, 0x94, 0x30, 0xff, 0xc8, 0x98, 0x30, 0xff,
    0xc8, 0x98, 0x38, 0xff, 0xc8, 0x98, 0x30, 0xff, 0xc8, 0x98, 0x30, 0xff,
    0xc8, 0x94, 0x38, 0xff, 0xc8, 0x98, 0x30, 0xff, 0xc8, 0x94, 0x30, 0xff,
    0xc8, 0x98, 0x30, 0xff, 0xc8, 0x98, 0x38, 0xff, 0xc8, 0x94, 0x30, 0xff,
    0xc8, 0x98, 0x38, 0xff, 0xc8, 0x98, 0x38, 0xff, 0xc8, 0x98, 0x30, 0xff,
    0xc8, 0x94, 0x38, 0xff, 0xc8, 0x98, 0x30, 0xff, 0xc8, 0x98, 0x30, 0xff,
    0xc8, 0x98, 0x30, 0xff, 0xc8, 0x98, 0x30, 0xff, 0xc8, 0x98, 0x30, 0xff,
    0xc8, 0x98, 0x30, 0xff, 0xc8, 0x94, 0x30, 0xff, 0xc8, 0x98, 0x30, 0xff,
    0xc8, 0x98, 0x30, 0xff, 0xc8, 0x98, 0x30, 0xff, 0xc8, 0x98, 0x38, 0xff,
    0xc8, 0x94, 0x30, 0xff, 0xc8, 0x98, 0x30, 0xff, 0xc8, 0x98, 0x30, 0xff,
    0xc8, 0x98, 0x30, 0xff, 0xc8, 0x94, 0x30, 0xff, 0xc8, 0x98, 0x30, 0xff,
    0xc8, 0x98, 0x30, 0xff, 0xc8, 0x94, 0x30, 0xff, 0xc8, 0x98, 0x30, 0xff,
    0xc8, 0x98, 0x30, 0xff, 0xc8, 0x98, 0x30, 0xff, 0xc8, 0x94, 0x30, 0xff,
    0xc8, 0x98, 0x30, 0xff, 0xc8, 0x98, 0x30, 0xff, 0xc8, 0x94, 0x38, 0xff,
    0xc8, 0x94, 0x30, 0xff, 0xc8, 0x98, 0x30, 0xff, 0xc8, 0x98, 0x30, 0xff,
    0xc8, 0x94, 0x30, 0xff, 0xc8, 0x98, 0x38, 0xff, 0xc8, 0x94, 0x30, 0xff,
    0xc8, 0x94, 0x30, 0xff, 0xc8, 0x98, 0x38, 0xff, 0xc8, 0x98, 0x30, 0xff,
    0xc8, 0x98, 0x30, 0xff, 0xc8, 0x94, 0x38, 0xff, 0xc8, 0x98, 0x30, 0xff,
    0xc8, 0x98, 0x30, 0xff, 0xc8, 0x94, 0x38, 0xff, 0xc8, 0x98, 0x30, 0xff,
    0xc8, 0x98, 0x30, 0xff, 0xc8, 0x98, 0x30, 0xff, 0xc8, 0x94, 0x30, 0xff,
    0xc8, 0x98, 0x30, 0xff, 0xc8, 0x98, 0x38, 0xff, 0xc8, 0x94, 0x30, 0xff,
    0xc8, 0x98, 0x30, 0xff, 0xc8, 0x98, 0x30, 0xff, 0xc8, 0x94, 0x30, 0xff,
    0xc8, 0x98, 0x30, 0xff, 0xc8, 0x98, 0x38, 0xff, 0xc8, 0x98, 0x30, 0xff,
    0xc8, 0x98, 0x38, 0xff, 0xc8, 0x98, 0x30, 0xff, 0xc8, 0x98, 0x30, 0xff,
    0xc8, 0x94, 0x30, 0xff, 0xc8, 0x98, 0x38, 0xff, 0xc8, 0x98, 0x30, 0xff,
    0xc8, 0x98, 0x30, 0xff, 0xc8, 0x98, 0x30, 0xff, 0xc8, 0x98, 0x30, 0xff,
    0xc8, 0x94, 0x30, 0xff, 0xc8, 0x98, 0x30, 0xff, 0xc8, 0x98, 0x30, 0xff,
    0xc8, 0x98, 0x30, 0xff, 0xc8, 0x98, 0x30, 0xff, 0xc8, 0x98, 0x30, 0xff,
    0xc8, 0x98, 0x30, 0xff, 0xc8, 0x94, 0x30, 0xff, 0xc8, 0x98, 0x30, 0xff,
    0xc8, 0x98, 0x30, 0xff, 0xc8, 0x94, 0x30, 0xff, 0xc8, 0x98, 0x30, 0xff,
    0xc8, 0x98, 0x38, 0xff, 0xc8, 0x94, 0x30, 0xff, 0xc8, 0x98, 0x30, 0xff,
    0xc8, 0x98, 0x30, 0xff, 0xc8, 0x94, 0x38, 0xff, 0xc8, 0x98, 0x30, 0xff,
    0xc8, 0x98, 0x30, 0xff, 0xc8, 0x94, 0x38, 0xff, 0xc8, 0x98, 0x30, 0xff,
    0xc8, 0x98, 0x30, 0xff, 0xc8, 0x94, 0x38, 0xff, 0xc8, 0x98, 0x30, 0xff,
    0xc8, 0x98, 0x30, 0xff, 0xc8, 0x94, 0x30, 0xff, 0xc8, 0x98, 0x38, 0xff,
    0xc8, 0x98, 0x30, 0xff, 0xc8, 0x98, 0x30, 0xff, 0xc8, 0x94, 0x38, 0xff,
    0xc8, 0x98, 0x30, 0xff, 0xc8, 0x98, 0x30, 0xff, 0xc8, 0x98, 0x38, 0xff,
    0xc8, 0x98, 0x30, 0xff, 0xc8, 0x94, 0x30, 0xff, 0xc8, 0x98, 0x30, 0xff,
    0xc8, 0x98, 0x30, 0xff, 0xc8, 0x94, 0x38, 0xff, 0xc8, 0x98, 0x30, 0xff,
    0xc8, 0x98, 0x30, 0xff, 0xc8, 0x98, 0x30, 0xff, 0xc8, 0x98, 0x38, 0xff,
    0xc8, 0x98, 0x30, 0xff, 0xc8, 0x98, 0x30, 0xff, 0xc8, 0x98, 0x38, 0xff,
    0xc8, 0x94, 0x30, 0xff, 0xc8, 0x98, 0x30, 0xff, 0xc8, 0x98, 0x38, 0xff,
    0xc8, 0x94, 0x30, 0xff, 0xc8, 0x98, 0x30, 0xff, 0xc8, 0x98, 0x38, 0xff,
    0xc8, 0x98, 0x30, 0xff, 0xc8, 0x98, 0x30, 0xff, 0xc8, 0x94, 0x30, 0xff,
    0xc8, 0x98, 0x38, 0xff, 0xc8, 0x98, 0x30, 0xff, 0xc8, 0x98, 0x30, 0xcf,
    0xd0, 0x9c, 0x30, 0x10, 0x00, 0x00, 0x00, 0x00, 0x00, 0x00, 0x00, 0x00,
    0x00, 0x00, 0x00, 0x00, 0x00, 0x00, 0x00, 0x00, 0x00, 0x00, 0x00, 0x00,
    0x00, 0x00, 0x00, 0x00, 0x00, 0x00, 0x00, 0x00, 0x00, 0x00, 0x00, 0x00,
    0x00, 0x00, 0x00, 0x00, 0x00, 0x00, 0x00, 0x00, 0x00, 0x00, 0x00, 0x00,
    0x00, 0x00, 0x00, 0x00, 0x00, 0x00, 0x00, 0x00, 0xd0, 0xa0, 0x30, 0x10,
    0xc8, 0x94, 0x30, 0xcf, 0xc8, 0x98, 0x30, 0xff, 0xc8, 0x98, 0x30, 0xff,
    0xc8, 0x98, 0x30, 0xff, 0xc8, 0x94, 0x38, 0xff, 0xc8, 0x98, 0x30, 0xff,
    0xc8, 0x98, 0x30, 0xff, 0xc8, 0x98, 0x30, 0xff, 0xc8, 0x98, 0x38, 0xff,
    0xc8, 0x94, 0x30, 0xff, 0xc8, 0x98, 0x30, 0xff, 0xc8, 0x98, 0x30, 0xff,
    0xc8, 0x94, 0x30, 0xff, 0xc8, 0x98, 0x30, 0xff, 0xc8, 0x98, 0x38, 0xff,
    0xc8, 0x94, 0x30, 0xff, 0xc8, 0x98, 0x30, 0xff, 0xc8, 0x98, 0x38, 0xff,
    0xc8, 0x94, 0x30, 0xff, 0xc8, 0x94, 0x30, 0xff, 0xc8, 0x98, 0x30, 0xff,
    0xc8, 0x94, 0x38, 0xff, 0xc8, 0x98, 0x30, 0xff, 0xc8, 0x94, 0x30, 0xff,
    0xc8, 0x98, 0x30, 0xff, 0xc8, 0x98, 0x38, 0xff, 0xc8, 0x94, 0x30, 0xff,
    0xc8, 0x98, 0x30, 0xff, 0xc8, 0x98, 0x30, 0xff, 0xc8, 0x94, 0x38, 0xff,
    0xc8, 0x98, 0x30, 0xff, 0xc8, 0x98, 0x30, 0xff, 0xc8, 0x98, 0x38, 0xff,
    0xc8, 0x98, 0x30, 0xff, 0xc8, 0x94, 0x30, 0xff, 0xc8, 0x98, 0x30, 0xff,
    0xc8, 0x98, 0x30, 0xff, 0xc8, 0x98, 0x30, 0xff, 0xc8, 0x98, 0x30, 0xff,
    0xc8, 0x98, 0x30, 0xff, 0xc8, 0x94, 0x30, 0xff, 0xc8, 0x98, 0x38, 0xff,
    0xc8, 0x94, 0x30, 0xff, 0xc8, 0x94, 0x38, 0xff, 0xc8, 0x98, 0x30, 0xff,
    0xc8, 0x98, 0x38, 0xff, 0xc8, 0x94, 0x38, 0xff, 0xc8, 0x98, 0x30, 0xff,
    0xc8, 0x98, 0x38, 0xff, 0xc8, 0x94, 0x30, 0xff, 0xc8, 0x98, 0x30, 0xff,
    0xc8, 0x98, 0x30, 0xff, 0xc8, 0x98, 0x30, 0xff, 0xc8, 0x94, 0x38, 0xff,
    0xc8, 0x98, 0x30, 0xff, 0xc8, 0x98, 0x30, 0xff, 0xc8, 0x98, 0x38, 0xff,
    0xc8, 0x98, 0x30, 0xff, 0xc8, 0x98, 0x30, 0xff, 0xc8, 0x94, 0x38, 0xff,
    0xc8, 0x98, 0x30, 0xff, 0xc8, 0x98, 0x30, 0xff, 0xc8, 0x98, 0x38, 0xff,
    0xc8, 0x94, 0x30, 0xff, 0xc8, 0x98, 0x30, 0xff, 0xc8, 0x98, 0x30, 0xff,
    0xc8, 0x98, 0x38, 0xff, 0xc8, 0x98, 0x30, 0xff, 0xc8, 0x98, 0x30, 0xff,
    0xc8, 0x98, 0x38, 0xff, 0xc8, 0x98, 0x30, 0xff, 0xc8, 0x98, 0x30, 0xff,
    0xc8, 0x98, 0x38, 0xff, 0xc8, 0x98, 0x30, 0xff, 0xc8, 0x98, 0x30, 0xff,
    0xc8, 0x98, 0x30, 0xff, 0xc8, 0x98, 0x30, 0xff, 0xc8, 0x98, 0x30, 0xff,
    0xc8, 0x94, 0x30, 0xff, 0xc8, 0x98, 0x38, 0xff, 0xc8, 0x98, 0x30, 0xff,
    0xc8, 0x94, 0x30, 0xff, 0xc8, 0x98, 0x38, 0xff, 0xc8, 0x98, 0x30, 0xff,
    0xc8, 0x98, 0x30, 0xff, 0xc8, 0x98, 0x38, 0xff, 0xc8, 0x98, 0x30, 0xff,
    0xc8, 0x98, 0x30, 0xff, 0xc8, 0x94, 0x38, 0xff, 0xc8, 0x98, 0x38, 0xff,
    0xc8, 0x98, 0x30, 0xff, 0xc8, 0x98, 0x30, 0xff, 0xc8, 0x94, 0x30, 0xff,
    0xc8, 0x98, 0x30, 0xff, 0xc8, 0x94, 0x30, 0xff, 0xc8, 0x98, 0x38, 0xff,
    0xc8, 0x98, 0x30, 0xff, 0xc8, 0x98, 0x30, 0xff, 0xc8, 0x94, 0x30, 0xff,
    0xc8, 0x98, 0x30, 0xff, 0xc8, 0x98, 0x38, 0xff, 0xc8, 0x94, 0x30, 0xff,
    0xc8, 0x98, 0x30, 0xff, 0xc8, 0x98, 0x38, 0xff, 0xc8, 0x98, 0x30, 0xff,
    0xc8, 0x94, 0x30, 0xff, 0xc8, 0x98, 0x38, 0xff, 0xc8, 0x94, 0x30, 0xff,
    0xc8, 0x98, 0x30, 0xff, 0xc8, 0x98, 0x38, 0xff, 0xc8, 0x98, 0x38, 0xff,
    0xc8, 0x98, 0x30, 0xff, 0xc8, 0x98, 0x38, 0xff, 0xc8, 0x98, 0x30, 0xff,
    0xc8, 0x98, 0x30, 0xff, 0xc8, 0x98, 0x38, 0xff, 0xc8, 0x98, 0x30, 0xff,
    0xc8, 0x98, 0x30, 0xff, 0xc8, 0x98, 0x38, 0xff, 0xc8, 0x98, 0x30, 0xff,
    0xc8, 0x98, 0x30, 0xff, 0xc8, 0x98, 0x30, 0xff, 0xc8, 0x94, 0x30, 0xff,
    0xc8, 0x98, 0x38, 0xff, 0xc8, 0x98, 0x30, 0xff, 0xc8, 0x98, 0x30, 0xff,
    0xc8, 0x98, 0x38, 0xff, 0xc8, 0x94, 0x30, 0xff, 0xc8, 0x98, 0x30, 0xff,
    0xc8, 0x98, 0x30, 0xff, 0xc8, 0x98, 0x38, 0xff, 0xc8, 0x94, 0x30, 0xff,
    0xc8, 0x98, 0x30, 0xff, 0xc8, 0x98, 0x30, 0xff, 0xc8, 0x94, 0x30, 0xff,
    0xc8, 0x98, 0x30, 0xff, 0xc8, 0x98, 0x30, 0xff, 0xc8, 0x98, 0x38, 0xff,
    0xc8, 0x98, 0x30, 0xff, 0xc8, 0x98, 0x30, 0xff, 0xc8, 0x98, 0x30, 0xff,
    0xc8, 0x98, 0x38, 0xff, 0xc8, 0x94, 0x30, 0xff, 0xc8, 0x98, 0x30, 0xff,
    0xc8, 0x94, 0x30, 0xff, 0xc8, 0x98, 0x30, 0xff, 0xc8, 0x98, 0x30, 0xff,
    0xc8, 0x94, 0x30, 0xff, 0xc8, 0x98, 0x30, 0xff, 0xc8, 0x98, 0x38, 0xff,
    0xc8, 0x98, 0x30, 0xff, 0xc8, 0x98, 0x30, 0xff, 0xc8, 0x94, 0x38, 0xff,
    0xc8, 0x98, 0x30, 0xff, 0xc8, 0x98, 0x30, 0xff, 0xc8, 0x94, 0x30, 0xff,
    0xc8, 0x98, 0x30, 0xff, 0xc8, 0x98, 0x30, 0xff, 0xc8, 0x98, 0x30, 0xcf,
    0xd0, 0xa0, 0x30, 0x10, 0x00, 0x00, 0x00, 0x00, 0x00, 0x00, 0x00, 0x00,
    0x00, 0x00, 0x00, 0x00, 0x00, 0x00, 0x00, 0x00, 0x00, 0x00, 0x00, 0x00,
    0x00, 0x00, 0x00, 0x00, 0x00, 0x00, 0x00, 0x00, 0x00, 0x00, 0x00, 0x00,
    0x00, 0x00, 0x00, 0x00, 0x00, 0x00, 0x00, 0x00, 0x00, 0x00, 0x00, 0x00,
    0x00, 0x00, 0x00, 0x00, 0x00, 0x00, 0x00, 0x00, 0x00, 0x00, 0x00, 0x00,
    0x00, 0x00, 0x00, 0x00, 0x00, 0x00, 0x00, 0x00, 0xc8, 0x98, 0x38, 0x8e,
    0xc8, 0x98, 0x30, 0xff, 0xc8, 0x98, 0x30, 0xff, 0xc8, 0x98, 0x30, 0xff,
    0xc8, 0x98, 0x38, 0xff, 0xc8, 0x94, 0x30, 0xff, 0xc8, 0x98, 0x30, 0xff,
    0xc8, 0x98, 0x30, 0xff, 0xc8, 0x98, 0x38, 0xff, 0xc8, 0x98, 0x30, 0xff,
    0xc8, 0x94, 0x30, 0xff, 0xc8, 0x98, 0x38, 0xff, 0xc8, 0x98, 0x30, 0xff,
    0xc8, 0x98, 0x30, 0xff, 0xc8, 0x98, 0x30, 0xff, 0xc8, 0x98, 0x30, 0xff,
    0xc8, 0x98, 0x30, 0xff, 0xc8, 0x98, 0x30, 0xff, 0xc8, 0x98, 0x30, 0xff,
    0xc8, 0x98, 0x30, 0xff, 0xc8, 0x98, 0x30, 0xff, 0xc8, 0x94, 0x38, 0xff,
    0xc8, 0x98, 0x30, 0xff, 0xc8, 0x98, 0x30, 0xff, 0xc8, 0x98, 0x30, 0xff,
    0xc8, 0x98, 0x38, 0xff, 0xc8, 0x98, 0x30, 0xff, 0xc8, 0x94, 0x30, 0xff,
    0xc8, 0x98, 0x30, 0xff, 0xc8, 0x98, 0x30, 0xff, 0xc8, 0x94, 0x30, 0xff,
    0xc8, 0x98, 0x30, 0xff, 0xc8, 0x98, 0x38, 0xff, 0xc8, 0x98, 0x30, 0xff,
    0xc8, 0x94, 0x30, 0xff, 0xc8, 0x98, 0x38, 0xff, 0xc8, 0x94, 0x30, 0xff,
    0xc8, 0x98, 0x30, 0xff, 0xc8, 0x98, 0x30, 0xff, 0xc8, 0x98, 0x30, 0xff,
    0xc8, 0x98, 0x30, 0xff, 0xc8, 0x98, 0x30, 0xff, 0xc8, 0x98, 0x30, 0xff,
    0xc8, 0x98, 0x30, 0xff, 0xc8, 0x94, 0x30, 0xff, 0xc8, 0x98, 0x30, 0xff,
    0xc8, 0x98, 0x30, 0xff, 0xc8, 0x98, 0x38, 0xff, 0xc8, 0x94, 0x30, 0xff,
    0xc8, 0x98, 0x30, 0xff, 0xc8, 0x98, 0x38, 0xff, 0xc8, 0x98, 0x30, 0xff,
    0xc8, 0x98, 0x30, 0xff, 0xc8, 0x94, 0x38, 0xff, 0xc8, 0x98, 0x30, 0xff,
    0xc8, 0x98, 0x30, 0xff, 0xc8, 0x94, 0x38, 0xff, 0xc8, 0x98, 0x30, 0xff,
    0xc8, 0x98, 0x30, 0xff, 0xc8, 0x94, 0x38, 0xff, 0xc8, 0x98, 0x30, 0xff,
    0xc8, 0x98, 0x30, 0xff, 0xc8, 0x98, 0x38, 0xff, 0xc8, 0x94, 0x30, 0xff,
    0xc8, 0x98, 0x30, 0xff, 0xc8, 0x98, 0x30, 0xff, 0xc8, 0x94, 0x30, 0xff,
    0xc8, 0x98, 0x38, 0xff, 0xc8, 0x94, 0x30, 0xff, 0xc8, 0x98, 0x30, 0xff,
    0xc8, 0x98, 0x30, 0xff, 0xc8, 0x94, 0x30, 0xff, 0xc8, 0x98, 0x38, 0xff,
    0xc8, 0x98, 0x30, 0xff, 0xc8, 0x94, 0x30, 0xff, 0xc8, 0x98, 0x38, 0xff,
    0xc8, 0x98, 0x30, 0xff, 0xc8, 0x98, 0x30, 0xff, 0xc8, 0x98, 0x30, 0xff,
    0xc8, 0x98, 0x30, 0xff, 0xc8, 0x94, 0x38, 0xff, 0xc8, 0x98, 0x30, 0xff,
    0xc8, 0x98, 0x30, 0xff, 0xc8, 0x94, 0x38, 0xff, 0xc8, 0x98, 0x30, 0xff,
    0xc8, 0x98, 0x30, 0xff, 0xc8, 0x94, 0x30, 0xff, 0xc8, 0x98, 0x30, 0xff,
    0xc8, 0x98, 0x30, 0xff, 0xc8, 0x98, 0x38, 0xff, 0xc8, 0x94, 0x30, 0xff,
    0xc8, 0x98, 0x30, 0xff, 0xc8, 0x98, 0x38, 0xff, 0xc8, 0x98, 0x30, 0xff,
    0xc8, 0x94, 0x30, 0xff, 0xc8, 0x98, 0x38, 0xff, 0xc8, 0x98, 0x30, 0xff,
    0xc8, 0x98, 0x30, 0xff, 0xc8, 0x94, 0x38, 0xff, 0xc8, 0x98, 0x30, 0xff,
    0xc8, 0x98, 0x30, 0xff, 0xc8, 0x94, 0x38, 0xff, 0xc8, 0x98, 0x30, 0xff,
    0xc8, 0x98, 0x30, 0xff, 0xc8, 0x98, 0x38, 0xff, 0xc8, 0x94, 0x30, 0xff,
    0xc8, 0x98, 0x30, 0xff, 0xc8, 0x98, 0x30, 0xff, 0xc8, 0x94, 0x30, 0xff,
    0xc8, 0x98, 0x30, 0xff, 0xc8, 0x94, 0x30, 0xff, 0xc8, 0x98, 0x38, 0xff,
    0xc8, 0x94, 0x30, 0xff, 0xc8, 0x98, 0x30, 0xff, 0xc8, 0x94, 0x30, 0xff,
    0xc8, 0x98, 0x30, 0xff, 0xc8, 0x94, 0x30, 0xff, 0xc8, 0x94, 0x30, 0xff,
    0xc8, 0x98, 0x30, 0xff, 0xc8, 0x98, 0x38, 0xff, 0xc8, 0x94, 0x30, 0xff,
    0xc8, 0x98, 0x30, 0xff, 0xc8, 0x98, 0x30, 0xff, 0xc8, 0x98, 0x30, 0xff,
    0xc8, 0x94, 0x30, 0xff, 0xc8, 0x98, 0x30, 0xff, 0xc8, 0x98, 0x30, 0xff,
    0xc8, 0x98, 0x30, 0xff, 0xc8, 0x98, 0x30, 0xff, 0xc8, 0x94, 0x30, 0xff,
    0xc8, 0x98, 0x38, 0xff, 0xc8, 0x98, 0x30, 0xff, 0xc8, 0x98, 0x38, 0xff,
    0xc8, 0x98, 0x30, 0xff, 0xc8, 0x94, 0x30, 0xff, 0xc8, 0x98, 0x38, 0xff,
    0xc8, 0x94, 0x30, 0xff, 0xc8, 0x94, 0x30, 0xff, 0xc8, 0x98, 0x38, 0xff,
    0xc8, 0x98, 0x30, 0xff, 0xc8, 0x94, 0x30, 0xff, 0xc8, 0x98, 0x38, 0xff,
    0xc8, 0x98, 0x30, 0xff, 0xc8, 0x98, 0x38, 0xff, 0xc8, 0x94, 0x30, 0xff,
    0xc8, 0x98, 0x38, 0xff, 0xc8, 0x98, 0x30, 0xff, 0xc8, 0x98, 0x30, 0xff,
    0xc8, 0x94, 0x30, 0xff, 0xc8, 0x98, 0x30, 0xff, 0xc8, 0x98, 0x30, 0xff,
    0xc8, 0x98, 0x38, 0xff, 0xc8, 0x94, 0x30, 0xff, 0xc8, 0x98, 0x30, 0xff,
    0xc8, 0x98, 0x38, 0xff, 0xc8, 0x98, 0x38, 0xff, 0xc8, 0x98, 0x30, 0x8e,
    0x00, 0x00, 0x00, 0x00, 0x00, 0x00, 0x00, 0x00, 0x00, 0x00, 0x00, 0x00,
    0x00, 0x00, 0x00, 0x00, 0x00, 0x00, 0x00, 0x00, 0x00, 0x00, 0x00, 0x00,
    0x00, 0x00, 0x00, 0x00, 0x00, 0x00, 0x00, 0x00, 0x00, 0x00, 0x00, 0x00,
    0x00, 0x00, 0x00, 0x00, 0x00, 0x00, 0x00, 0x00, 0x00, 0x00, 0x00, 0x00,
    0x00, 0x00, 0x00, 0x00, 0x00, 0x00, 0x00, 0x00, 0x00, 0x00, 0x00, 0x00,
    0x00, 0x00, 0x00, 0x00, 0x00, 0x00, 0x00, 0x00, 0x00, 0x00, 0x00, 0x00,
    0x00, 0x00, 0x00, 0x00, 0xc8, 0x94, 0x30, 0x61, 0xc8, 0x94, 0x30, 0xdf,
    0xc8, 0x98, 0x30, 0xff, 0xc8, 0x98, 0x30, 0xff, 0xc8, 0x94, 0x38, 0xff,
    0xc8, 0x98, 0x30, 0xff, 0xc8, 0x98, 0x30, 0xff, 0xc8, 0x94, 0x30, 0xff,
    0xc8, 0x98, 0x38, 0xff, 0xc8, 0x98, 0x30, 0xff, 0xc8, 0x98, 0x30, 0xff,
    0xc8, 0x94, 0x38, 0xff, 0xc8, 0x98, 0x30, 0xff, 0xc8, 0x98, 0x38, 0xff,
    0xc8, 0x94, 0x30, 0xff, 0xc8, 0x98, 0x38, 0xff, 0xc8, 0x98, 0x30, 0xff,
    0xc8, 0x94, 0x38, 0xff, 0xc8, 0x98, 0x30, 0xff, 0xc8, 0x98, 0x30, 0xff,
    0xc8, 0x98, 0x30, 0xff, 0xc8, 0x98, 0x38, 0xff, 0xc8, 0x94, 0x30, 0xff,
    0xc8, 0x98, 0x30, 0xff, 0xc8, 0x98, 0x30, 0xff, 0xc8, 0x94, 0x38, 0xff,
    0xc8, 0x98, 0x30, 0xff, 0xc8, 0x98, 0x30, 0xff, 0xc8, 0x98, 0x38, 0xff,
    0xc8, 0x98, 0x30, 0xff, 0xc8, 0x94, 0x30, 0xff, 0xc8, 0x98, 0x30, 0xff,
    0xc8, 0x98, 0x38, 0xff, 0xc8, 0x98, 0x30, 0xff, 0xc8, 0x98, 0x30, 0xff,
    0xc8, 0x98, 0x38, 0xff, 0xc8, 0x94, 0x38, 0xff, 0xc8, 0x98, 0x30, 0xff,
    0xc8, 0x98, 0x38, 0xff, 0xc8, 0x94, 0x30, 0xff, 0xc8, 0x98, 0x38, 0xff,
    0xc8, 0x98, 0x30, 0xff, 0xc8, 0x98, 0x30, 0xff, 0xc8, 0x98, 0x38, 0xff,
    0xc8, 0x98, 0x30, 0xff, 0xc8, 0x98, 0x30, 0xff, 0xc8, 0x98, 0x30, 0xff,
    0xc8, 0x98, 0x30, 0xff, 0xc8, 0x94, 0x38, 0xff, 0xc8, 0x98, 0x30, 0xff,
    0xc8, 0x98, 0x30, 0xff, 0xc8, 0x94, 0x30, 0xff, 0xc8, 0x98, 0x30, 0xff,
    0xc8, 0x98, 0x30, 0xff, 0xc8, 0x94, 0x30, 0xff, 0xc8, 0x98, 0x30, 0xff,
    0xc8, 0x98, 0x30, 0xff, 0xc8, 0x98, 0x30, 0xff, 0xc8, 0x98, 0x30, 0xff,
    0xc8, 0x94, 0x30, 0xff, 0xc8, 0x98, 0x30, 0xff, 0xc8, 0x98, 0x38, 0xff,
    0xc8, 0x98, 0x30, 0xff, 0xc8, 0x94, 0x30, 0xff, 0xc8, 0x98, 0x38, 0xff,
    0xc8, 0x98, 0x30, 0xff, 0xc8, 0x98, 0x30, 0xff, 0xc8, 0x94, 0x30, 0xff,
    0xc8, 0x98, 0x38, 0xff, 0xc8, 0x98, 0x30, 0xff, 0xc8, 0x94, 0x30, 0xff,
    0xc8, 0x98, 0x30, 0xff, 0xc8, 0x98, 0x38, 0xff, 0xc8, 0x94, 0x30, 0xff,
    0xc8, 0x98, 0x30, 0xff, 0xc8, 0x94, 0x38, 0xff, 0xc8, 0x98, 0x30, 0xff,
    0xc8, 0x98, 0x30, 0xff, 0xc8, 0x94, 0x38, 0xff, 0xc8, 0x98, 0x30, 0xff,
    0xc8, 0x98, 0x30, 0xff, 0xc8, 0x94, 0x30, 0xff, 0xc8, 0x98, 0x30, 0xff,
    0xc8, 0x98, 0x38, 0xff, 0xc8, 0x94, 0x30, 0xff, 0xc8, 0x98, 0x30, 0xff,
    0xc8, 0x98, 0x30, 0xff, 0xc8, 0x98, 0x30, 0xff, 0xc8, 0x94, 0x30, 0xff,
    0xc8, 0x98, 0x38, 0xff, 0xc8, 0x98, 0x30, 0xff, 0xc8, 0x98, 0x30, 0xff,
    0xc8, 0x98, 0x30, 0xff, 0xc8, 0x94, 0x30, 0xff, 0xc8, 0x98, 0x38, 0xff,
    0xc8, 0x98, 0x30, 0xff, 0xc8, 0x98, 0x30, 0xff, 0xc8, 0x98, 0x38, 0xff,
    0xc8, 0x98, 0x30, 0xff, 0xc8, 0x98, 0x30, 0xff, 0xc8, 0x98, 0x30, 0xff,
    0xc8, 0x94, 0x30, 0xff, 0xc8, 0x98, 0x30, 0xff, 0xc8, 0x98, 0x30, 0xff,
    0xc8, 0x98, 0x38, 0xff, 0xc8, 0x98, 0x30, 0xff, 0xc8, 0x98, 0x38, 0xff,
    0xc8, 0x98, 0x30, 0xff, 0xc8, 0x94, 0x30, 0xff, 0xc8, 0x98, 0x30, 0xff,
    0xc8, 0x98, 0x30, 0xff, 0xc8, 0x98, 0x38, 0xff, 0xc8, 0x94, 0x30, 0xff,
    0xc8, 0x98, 0x30, 0xff, 0xc8, 0x98, 0x38, 0xff, 0xc8, 0x98, 0x38, 0xff,
    0xc8, 0x98, 0x30, 0xff, 0xc8, 0x98, 0x30, 0xff, 0xc8, 0x94, 0x38, 0xff,
    0xc8, 0x98, 0x30, 0xff, 0xc8, 0x98, 0x30, 0xff, 0xc8, 0x98, 0x38, 0xff,
    0xc8, 0x94, 0x30, 0xff, 0xc8, 0x98, 0x38, 0xff, 0xc8, 0x98, 0x30, 0xff,
    0xc8, 0x94, 0x38, 0xff, 0xc8, 0x98, 0x38, 0xff, 0xc8, 0x98, 0x30, 0xff,
    0xc8, 0x98, 0x30, 0xff, 0xc8, 0x98, 0x30, 0xff, 0xc8, 0x94, 0x30, 0xff,
    0xc8, 0x98, 0x30, 0xff, 0xc8, 0x98, 0x38, 0xff, 0xc8, 0x98, 0x30, 0xff,
    0xc8, 0x98, 0x30, 0xff, 0xc8, 0x98, 0x30, 0xff, 0xc8, 0x98, 0x30, 0xff,
    0xc8, 0x98, 0x38, 0xff, 0xc8, 0x94, 0x30, 0xff, 0xc8, 0x98, 0x30, 0xff,
    0xc8, 0x98, 0x30, 0xff, 0xc8, 0x98, 0x30, 0xff, 0xc8, 0x98, 0x30, 0xff,
    0xc8, 0x98, 0x38, 0xff, 0xc8, 0x94, 0x30, 0xff, 0xc8, 0x98, 0x30, 0xff,
    0xc8, 0x98, 0x38, 0xff, 0xc8, 0x98, 0x30, 0xff, 0xc8, 0x94, 0x30, 0xff,
    0xc8, 0x98, 0x38, 0xff, 0xc8, 0x98, 0x30, 0xff, 0xc8, 0x98, 0x30, 0xff,
    0xc8, 0x98, 0x30, 0xff, 0xc8, 0x94, 0x30, 0xef, 0xc8, 0x98, 0x30, 0x6d,
    0x00, 0x00, 0x00, 0x00, 0x00, 0x00, 0x00, 0x00, 0x00, 0x00, 0x00, 0x00,
    0x00, 0x00, 0x00, 0x00, 0x00, 0x00, 0x00, 0x00, 0x00, 0x00, 0x00, 0x00,
    0x00, 0x00, 0x00, 0x00, 0x00, 0x00, 0x00, 0x00, 0x00, 0x00, 0x00, 0x00,
    0x00, 0x00, 0x00, 0x00, 0x00, 0x00, 0x00, 0x00, 0x00, 0x00, 0x00, 0x00,
    0x00, 0x00, 0x00, 0x00, 0x00, 0x00, 0x00, 0x00, 0x00, 0x00, 0x00, 0x00,
    0x00, 0x00, 0x00, 0x00, 0x00, 0x00, 0x00, 0x00, 0x00, 0x00, 0x00, 0x00,
    0x00, 0x00, 0x00, 0x00, 0x00, 0x00, 0x00, 0x00, 0x00, 0x00, 0x00, 0x00,
    0xc8, 0x98, 0x30, 0x20, 0xc8, 0x98, 0x38, 0x9e, 0xc8, 0x98, 0x30, 0xff,
    0xc8, 0x98, 0x30, 0xff, 0xc8, 0x98, 0x38, 0xff, 0xc8, 0x94, 0x30, 0xff,
    0xc8, 0x98, 0x30, 0xff, 0xc8, 0x98, 0x30, 0xff, 0xc8, 0x98, 0x30, 0xff,
    0xc8, 0x94, 0x30, 0xff, 0xc8, 0x98, 0x30, 0xff, 0xc8, 0x98, 0x30, 0xff,
    0xc8, 0x94, 0x30, 0xff, 0xc8, 0x98, 0x38, 0xff, 0xc8, 0x98, 0x30, 0xff,
    0xc8, 0x94, 0x30, 0xff, 0xc8, 0x98, 0x38, 0xff, 0xc8, 0x98, 0x30, 0xff,
    0xc8, 0x94, 0x30, 0xff, 0xc8, 0x98, 0x38, 0xff, 0xc8, 0x98, 0x30, 0xff,
    0xc8, 0x94, 0x30, 0xff, 0xc8, 0x98, 0x38, 0xff, 0xc8, 0x98, 0x30, 0xff,
    0xc8, 0x98, 0x30, 0xff, 0xc8, 0x98, 0x38, 0xff, 0xc8, 0x94, 0x30, 0xff,
    0xc8, 0x98, 0x30, 0xff, 0xc8, 0x98, 0x38, 0xff, 0xc8, 0x98, 0x30, 0xff,
    0xc8, 0x94, 0x30, 0xff, 0xc8, 0x98, 0x30, 0xff, 0xc8, 0x98, 0x30, 0xff,
    0xc8, 0x94, 0x30, 0xff, 0xc8, 0x98, 0x30, 0xff, 0xc8, 0x98, 0x30, 0xff,
    0xc8, 0x94, 0x30, 0xff, 0xc8, 0x98, 0x30, 0xff, 0xc8, 0x98, 0x38, 0xff,
    0xc8, 0x94, 0x30, 0xff, 0xc8, 0x98, 0x30, 0xff, 0xc8, 0x94, 0x38, 0xff,
    0xc8, 0x98, 0x30, 0xff, 0xc8, 0x94, 0x30, 0xff, 0xc8, 0x94, 0x38, 0xff,
    0xc8, 0x98, 0x30, 0xff, 0xc8, 0x98, 0x30, 0xff, 0xc8, 0x98, 0x30, 0xff,
    0xc8, 0x94, 0x30, 0xff, 0xc8, 0x98, 0x38, 0xff, 0xc8, 0x98, 0x30, 0xff,
    0xc8, 0x98, 0x38, 0xff, 0xc8, 0x98, 0x30, 0xff, 0xc8, 0x98, 0x38, 0xff,
    0xc8, 0x98, 0x30, 0xff, 0xc8, 0x94, 0x38, 0xff, 0xc8, 0x98, 0x30, 0xff,
    0xc8, 0x98, 0x38, 0xff, 0xc8, 0x98, 0x30, 0xff, 0xc8, 0x94, 0x30, 0xff,
    0xc8, 0x98, 0x30, 0xff, 0xc8, 0x98, 0x30, 0xff, 0xc8, 0x98, 0x38, 0xff,
    0xc8, 0x94, 0x30, 0xff, 0xc8, 0x98, 0x30, 0xff, 0xc8, 0x98, 0x30, 0xff,
    0xc8, 0x98, 0x38, 0xff, 0xc8, 0x98, 0x30, 0xff, 0xc8, 0x98, 0x30, 0xff,
    0xc8, 0x98, 0x38, 0xff, 0xc8, 0x98, 0x30, 0xff, 0xc8, 0x98, 0x30, 0xff,
    0xc8, 0x98, 0x30, 0xff, 0xc8, 0x98, 0x30, 0xff, 0xc8, 0x94, 0x38, 0xff,
    0xc8, 0x98, 0x30, 0xff, 0xc8, 0x98, 0x30, 0xff, 0xc8, 0x94, 0x30, 0xff,
    0xc8, 0x98, 0x30, 0xff, 0xc8, 0x98, 0x38, 0xff, 0xc8, 0x98, 0x30, 0xff,
    0xc8, 0x98, 0x30, 0xff, 0xc8, 0x98, 0x30, 0xff, 0xc8, 0x98, 0x38, 0xff,
    0xc8, 0x98, 0x38, 0xff, 0xc8, 0x98, 0x30, 0xff, 0xc8, 0x94, 0x30, 0xff,
    0xc8, 0x98, 0x38, 0xff, 0xc8, 0x98, 0x30, 0xff, 0xc8, 0x94, 0x30, 0xff,
    0xc8, 0x98, 0x38, 0xff, 0xc8, 0x98, 0x30, 0xff, 0xc8, 0x98, 0x30, 0xff,
    0xc8, 0x94, 0x30, 0xff, 0xc8, 0x98, 0x30, 0xff, 0xc8, 0x94, 0x30, 0xff,
    0xc8, 0x98, 0x30, 0xff, 0xc8, 0x94, 0x30, 0xff, 0xc8, 0x98, 0x38, 0xff,
    0xc8, 0x98, 0x30, 0xff, 0xc8, 0x98, 0x38, 0xff, 0xc8, 0x94, 0x30, 0xff,
    0xc8, 0x98, 0x30, 0xff, 0xc8, 0x98, 0x30, 0xff, 0xc8, 0x94, 0x30, 0xff,
    0xc8, 0x98, 0x38, 0xff, 0xc8, 0x98, 0x30, 0xff, 0xc8, 0x98, 0x38, 0xff,
    0xc8, 0x98, 0x30, 0xff, 0xc8, 0x98, 0x30, 0xff, 0xc8, 0x98, 0x30, 0xff,
    0xc8, 0x98, 0x38, 0xff, 0xc8, 0x98, 0x30, 0xff, 0xc8, 0x98, 0x30, 0xff,
    0xc8, 0x94, 0x30, 0xff, 0xc8, 0x98, 0x30, 0xff, 0xc8, 0x98, 0x30, 0xff,
    0xc8, 0x98, 0x30, 0xff, 0xc8, 0x98, 0x30, 0xff, 0xc8, 0x98, 0x38, 0xff,
    0xc8, 0x94, 0x30, 0xff, 0xc8, 0x98, 0x30, 0xff, 0xc8, 0x98, 0x30, 0xff,
    0xc8, 0x98, 0x30, 0xff, 0xc8, 0x94, 0x30, 0xff, 0xc8, 0x98, 0x30, 0xff,
    0xc8, 0x98, 0x38, 0xff, 0xc8, 0x94, 0x30, 0xff, 0xc8, 0x98, 0x30, 0xff,
    0xc8, 0x98, 0x38, 0xff, 0xc8, 0x94, 0x30, 0xff, 0xc8, 0x98, 0x30, 0xff,
    0xc8, 0x98, 0x38, 0xff, 0xc8, 0x94, 0x30, 0xff, 0xc8, 0x98, 0x30, 0xff,
    0xc8, 0x98, 0x38, 0xff, 0xc8, 0x98, 0x30, 0xff, 0xc8, 0x98, 0x30, 0xff,
    0xc8, 0x98, 0x30, 0xff, 0xc8, 0x94, 0x38, 0xff, 0xc8, 0x94, 0x30, 0xff,
    0xc8, 0x98, 0x30, 0xff, 0xc8, 0x98, 0x30, 0xff, 0xc8, 0x98, 0x30, 0xff,
    0xc8, 0x94, 0x30, 0xff, 0xc8, 0x98, 0x38, 0xff, 0xc8, 0x98, 0x30, 0xff,
    0xc8, 0x98, 0x30, 0xff, 0xc8, 0x94, 0x38, 0xff, 0xc8, 0x98, 0x30, 0xff,
    0xc8, 0x98, 0x30, 0xff, 0xc8, 0x94, 0x30, 0xae, 0xc8, 0x98, 0x30, 0x20,
    0x00, 0x00, 0x00, 0x00, 0x00, 0x00, 0x00, 0x00, 0x00, 0x00, 0x00, 0x00,
    0x00, 0x00, 0x00, 0x00, 0x00, 0x00, 0x00, 0x00, 0x00, 0x00, 0x00, 0x00,
    0x00, 0x00, 0x00, 0x00, 0x00, 0x00, 0x00, 0x00, 0x00, 0x00, 0x00, 0x00,
    0x00, 0x00, 0x00, 0x00, 0x00, 0x00, 0x00, 0x00, 0x00, 0x00, 0x00, 0x00,
    0x00, 0x00, 0x00, 0x00, 0x00, 0x00, 0x00, 0x00, 0x00, 0x00, 0x00, 0x00,
    0x00, 0x00, 0x00, 0x00, 0x00, 0x00, 0x00, 0x00, 0x00, 0x00, 0x00, 0x00,
    0x00, 0x00, 0x00, 0x00, 0x00, 0x00, 0x00, 0x00, 0x00, 0x00, 0x00, 0x00,
    0x00, 0x00, 0x00, 0x00, 0x00, 0x00, 0x00, 0x00, 0x00, 0x00, 0x00, 0x00,
    0xc8, 0x94, 0x30, 0x20, 0xc8, 0x98, 0x30, 0x9e, 0xc8, 0x98, 0x30, 0xff,
    0xc8, 0x98, 0x38, 0xff, 0xc8, 0x98, 0x30, 0xff, 0xc8, 0x94, 0x30, 0xff,
    0xc8, 0x98, 0x38, 0xff, 0xc8, 0x98, 0x38, 0xff, 0xc8, 0x98, 0x30, 0xff,
    0xc8, 0x98, 0x30, 0xff, 0xc8, 0x98, 0x30, 0xff, 0xc8, 0x98, 0x30, 0xff,
    0xc8, 0x98, 0x30, 0xff, 0xc8, 0x98, 0x30, 0xff, 0xc8, 0x98, 0x30, 0xff,
    0xc8, 0x98, 0x30, 0xff, 0xc8, 0x94, 0x38, 0xff, 0xc8, 0x98, 0x30, 0xff,
    0xc8, 0x98, 0x30, 0xff, 0xc8, 0x98, 0x30, 0xff, 0xc8, 0x94, 0x30, 0xff,
    0xc8, 0x98, 0x30, 0xff, 0xc8, 0x98, 0x30, 0xff, 0xc8, 0x94, 0x30, 0xff,
    0xc8, 0x98, 0x30, 0xff, 0xc8, 0x98, 0x30, 0xff, 0xc8, 0x94, 0x38, 0xff,
    0xc8, 0x98, 0x30, 0xff, 0xc8, 0x98, 0x30, 0xff, 0xc8, 0x94, 0x38, 0xff,
    0xc8, 0x98, 0x30, 0xff, 0xc8, 0x98, 0x38, 0xff, 0xc8, 0x98, 0x30, 0xff,
    0xc8, 0x98, 0x30, 0xff, 0xc8, 0x98, 0x30, 0xff, 0xc8, 0x98, 0x30, 0xff,
    0xc8, 0x98, 0x30, 0xff, 0xc8, 0x98, 0x30, 0xff, 0xc8, 0x98, 0x30, 0xff,
    0xc8, 0x98, 0x30, 0xff, 0xc8, 0x98, 0x30, 0xff, 0xc8, 0x98, 0x30, 0xff,
    0xc8, 0x98, 0x38, 0xff, 0xc8, 0x94, 0x30, 0xff, 0xc8, 0x98, 0x30, 0xff,
    0xc8, 0x98, 0x38, 0xff, 0xc8, 0x98, 0x30, 0xff, 0xc8, 0x94, 0x30, 0xff,
    0xc8, 0x98, 0x30, 0xff, 0xc8, 0x98, 0x30, 0xff, 0xc8, 0x94, 0x38, 0xff,
    0xc8, 0x98, 0x30, 0xff, 0xc8, 0x98, 0x30, 0xff, 0xc8, 0x94, 0x30, 0xff,
    0xc8, 0x98, 0x38, 0xff, 0xc8, 0x98, 0x30, 0xff, 0xc8, 0x98, 0x30, 0xff,
    0xc8, 0x98, 0x38, 0xff, 0xc8, 0x94, 0x30, 0xff, 0xc8, 0x98, 0x30, 0xff,
    0xc8, 0x98, 0x30, 0xff, 0xc8, 0x98, 0x38, 0xff, 0xc8, 0x94, 0x30, 0xff,
    0xc8, 0x98, 0x30, 0xff, 0xc8, 0x98, 0x30, 0xff, 0xc8, 0x94, 0x30, 0xff,
    0xc8, 0x98, 0x30, 0xff, 0xc8, 0x94, 0x38, 0xff, 0xc8, 0x98, 0x30, 0xff,
    0xc8, 0x94, 0x30, 0xff, 0xc8, 0x98, 0x38, 0xff, 0xc8, 0x98, 0x30, 0xff,
    0xc8, 0x98, 0x30, 0xff, 0xc8, 0x98, 0x38, 0xff, 0xc8, 0x98, 0x30, 0xff,
    0xc8, 0x98, 0x30, 0xff, 0xc8, 0x98, 0x38, 0xff, 0xc8, 0x94, 0x30, 0xff,
    0xc8, 0x98, 0x30, 0xff, 0xc8, 0x94, 0x38, 0xff, 0xc8, 0x98, 0x30, 0xff,
    0xc8, 0x94, 0x30, 0xff, 0xc8, 0x98, 0x30, 0xff, 0xc8, 0x98, 0x30, 0xff,
    0xc8, 0x98, 0x38, 0xff, 0xc8, 0x98, 0x30, 0xff, 0xc8, 0x98, 0x30, 0xff,
    0xc8, 0x94, 0x30, 0xff, 0xc8, 0x98, 0x38, 0xff, 0xc8, 0x98, 0x30, 0xff,
    0xc8, 0x94, 0x30, 0xff, 0xc8, 0x98, 0x38, 0xff, 0xc8, 0x98, 0x38, 0xff,
    0xc8, 0x98, 0x30, 0xff, 0xc8, 0x94, 0x30, 0xff, 0xc8, 0x98, 0x38, 0xff,
    0xc8, 0x98, 0x30, 0xff, 0xc8, 0x94, 0x30, 0xff, 0xc8, 0x98, 0x30, 0xff,
    0xc8, 0x98, 0x38, 0xff, 0xc8, 0x98, 0x30, 0xff, 0xc8, 0x94, 0x30, 0xff,
    0xc8, 0x98, 0x30, 0xff, 0xc8, 0x98, 0x30, 0xff, 0xc8, 0x94, 0x30, 0xff,
    0xc8, 0x98, 0x30, 0xff, 0xc8, 0x94, 0x38, 0xff, 0xc8, 0x94, 0x30, 0xff,
    0xc8, 0x98, 0x30, 0xff, 0xc8, 0x98, 0x30, 0xff, 0xc8, 0x94, 0x30, 0xff,
    0xc8, 0x98, 0x30, 0xff, 0xc8, 0x98, 0x38, 0xff, 0xc8, 0x94, 0x30, 0xff,
    0xc8, 0x98, 0x38, 0xff, 0xc8, 0x98, 0x30, 0xff, 0xc8, 0x94, 0x30, 0xff,
    0xc8, 0x98, 0x30, 0xff, 0xc8, 0x98, 0x30, 0xff, 0xc8, 0x98, 0x38, 0xff,
    0xc8, 0x98, 0x30, 0xff, 0xc8, 0x94, 0x30, 0xff, 0xc8, 0x98, 0x30, 0xff,
    0xc8, 0x98, 0x30, 0xff, 0xc8, 0x94, 0x30, 0xff, 0xc8, 0x98, 0x38, 0xff,
    0xc8, 0x98, 0x30, 0xff, 0xc8, 0x98, 0x30, 0xff, 0xc8, 0x98, 0x30, 0xff,
    0xc8, 0x94, 0x30, 0xff, 0xc8, 0x98, 0x30, 0xff, 0xc8, 0x98, 0x38, 0xff,
    0xc8, 0x94, 0x30, 0xff, 0xc8, 0x98, 0x30, 0xff, 0xc8, 0x94, 0x30, 0xff,
    0xc8, 0x98, 0x30, 0xff, 0xc8, 0x98, 0x38, 0xff, 0xc8, 0x98, 0x30, 0xff,
    0xc8, 0x98, 0x30, 0xff, 0xc8, 0x94, 0x38, 0xff, 0xc8, 0x98, 0x30, 0xff,
    0xc8, 0x98, 0x30, 0xff, 0xc8, 0x98, 0x38, 0xff, 0xc8, 0x94, 0x30, 0xff,
    0xc8, 0x98, 0x30, 0xff, 0xc8, 0x98, 0x30, 0xff, 0xc8, 0x98, 0x30, 0xff,
    0xc8, 0x94, 0x30, 0xbe, 0xc8, 0x94, 0x30, 0x41, 0x00, 0x00, 0x00, 0x00,
    0x00, 0x00, 0x00, 0x00, 0x00, 0x00, 0x00, 0x00, 0x00, 0x00, 0x00, 0x00,
    0x00, 0x00, 0x00, 0x00, 0x00, 0x00, 0x00, 0x00, 0x00, 0x00, 0x00, 0x00,
    0x00, 0x00, 0x00, 0x00, 0x00, 0x00, 0x00, 0x00, 0x00, 0x00, 0x00, 0x00,
    0x00, 0x00, 0x00, 0x00, 0x00, 0x00, 0x00, 0x00, 0x00, 0x00, 0x00, 0x00,
    0x00, 0x00, 0x00, 0x00, 0x00, 0x00, 0x00, 0x00, 0x00, 0x00, 0x00, 0x00,
    0x00, 0x00, 0x00, 0x00, 0x00, 0x00, 0x00, 0x00, 0x00, 0x00, 0x00, 0x00,
    0x00, 0x00, 0x00, 0x00, 0x00, 0x00, 0x00, 0x00, 0x00, 0x00, 0x00, 0x00,
    0x00, 0x00, 0x00, 0x00, 0x00, 0x00, 0x00, 0x00, 0x00, 0x00, 0x00, 0x00,
    0x00, 0x00, 0x00, 0x00, 0x00, 0x00, 0x00, 0x00, 0x00, 0x00, 0x00, 0x00,
    0xc8, 0x94, 0x30, 0x20, 0xc8, 0x98, 0x30, 0x8e, 0xc8, 0x98, 0x30, 0xdf,
    0xc8, 0x98, 0x30, 0xff, 0xc8, 0x94, 0x30, 0xff, 0xc8, 0x98, 0x30, 0xff,
    0xc8, 0x94, 0x38, 0xff, 0xc8, 0x98, 0x30, 0xff, 0xc8, 0x94, 0x38, 0xff,
    0xc8, 0x98, 0x30, 0xff, 0xc8, 0x94, 0x30, 0xff, 0xc8, 0x98, 0x38, 0xff,
    0xc8, 0x98, 0x30, 0xff, 0xc8, 0x94, 0x30, 0xff, 0xc8, 0x98, 0x30, 0xff,
    0xc8, 0x98, 0x30, 0xff, 0xc8, 0x98, 0x38, 0xff, 0xc8, 0x98, 0x30, 0xff,
    0xc8, 0x98, 0x30, 0xff, 0xc8, 0x94, 0x38, 0xff, 0xc8, 0x98, 0x30, 0xff,
    0xc8, 0x98, 0x38, 0xff, 0xc8, 0x98, 0x30, 0xff, 0xc8, 0x98, 0x30, 0xff,
    0xc8, 0x94, 0x30, 0xff, 0xc8, 0x98, 0x30, 0xff, 0xc8, 0x98, 0x38, 0xff,
    0xc8, 0x98, 0x30, 0xff, 0xc8, 0x98, 0x30, 0xff, 0xc8, 0x94, 0x30, 0xff,
    0xc8, 0x98, 0x38, 0xff, 0xc8, 0x94, 0x38, 0xff, 0xc8, 0x98, 0x30, 0xff,
    0xc8, 0x94, 0x38, 0xff, 0xc8, 0x98, 0x30, 0xff, 0xc8, 0x94, 0x38, 0xff,
    0xc8, 0x98, 0x30, 0xff, 0xc8, 0x98, 0x38, 0xff, 0xc8, 0x94, 0x30, 0xff,
    0xc8, 0x98, 0x30, 0xff, 0xc8, 0x98, 0x30, 0xff, 0xc8, 0x98, 0x30, 0xff,
    0xc8, 0x94, 0x38, 0xff, 0xc8, 0x98, 0x30, 0xff, 0xc8, 0x98, 0x30, 0xff,
    0xc8, 0x98, 0x38, 0xff, 0xc8, 0x94, 0x30, 0xff, 0xc8, 0x98, 0x30, 0xff,
    0xc8, 0x98, 0x30, 0xff, 0xc8, 0x94, 0x30, 0xff, 0xc8, 0x98, 0x30, 0xff,
    0xc8, 0x98, 0x30, 0xff, 0xc8, 0x94, 0x30, 0xff, 0xc8, 0x98, 0x30, 0xff,
    0xc8, 0x94, 0x30, 0xff, 0xc8, 0x98, 0x38, 0xff, 0xc8, 0x98, 0x30, 0xff,
    0xc8, 0x94, 0x30, 0xff, 0xc8, 0x98, 0x38, 0xff, 0xc8, 0x98, 0x30, 0xff,
    0xc8, 0x98, 0x30, 0xff, 0xc8, 0x94, 0x38, 0xff, 0xc8, 0x98, 0x30, 0xff,
    0xc8, 0x98, 0x30, 0xff, 0xc8, 0x94, 0x38, 0xff, 0xc8, 0x98, 0x30, 0xff,
    0xc8, 0x98, 0x30, 0xff, 0xc8, 0x98, 0x30, 0xff, 0xc8, 0x94, 0x38, 0xff,
    0xc8, 0x98, 0x30, 0xff, 0xc8, 0x94, 0x30, 0xff, 0xc8, 0x98, 0x30, 0xff,
    0xc8, 0x94, 0x30, 0xff, 0xc8, 0x98, 0x38, 0xff, 0xc8, 0x98, 0x30, 0xff,
    0xc8, 0x98, 0x30, 0xff, 0xc8, 0x94, 0x30, 0xff, 0xc8, 0x98, 0x30, 0xff,
    0xc8, 0x98, 0x30, 0xff, 0xc8, 0x94, 0x30, 0xff, 0xc8, 0x98, 0x30, 0xff,
    0xc8, 0x94, 0x38, 0xff, 0xc8, 0x98, 0x30, 0xff, 0xc8, 0x98, 0x30, 0xff,
    0xc8, 0x94, 0x30, 0xff, 0xc8, 0x98, 0x30, 0xff, 0xc8, 0x98, 0x30, 0xff,
    0xc8, 0x98, 0x30, 0xff, 0xc8, 0x98, 0x30, 0xff, 0xc8, 0x98, 0x30, 0xff,
    0xc8, 0x98, 0x30, 0xff, 0xc8, 0x98, 0x30, 0xff, 0xc8, 0x98, 0x38, 0xff,
    0xc8, 0x98, 0x30, 0xff, 0xc8, 0x98, 0x30, 0xff, 0xc8, 0x94, 0x30, 0xff,
    0xc8, 0x98, 0x30, 0xff, 0xc8, 0x98, 0x38, 0xff, 0xc8, 0x94, 0x30, 0xff,
    0xc8, 0x98, 0x38, 0xff, 0xc8, 0x98, 0x38, 0xff, 0xc8, 0x98, 0x30, 0xff,
    0xc8, 0x98, 0x30, 0xff, 0xc8, 0x98, 0x30, 0xff, 0xc8, 0x98, 0x30, 0xff,
    0xc8, 0x98, 0x38, 0xff, 0xc8, 0x98, 0x30, 0xff, 0xc8, 0x94, 0x38, 0xff,
    0xc8, 0x98, 0x30, 0xff, 0xc8, 0x98, 0x30, 0xff, 0xc8, 0x98, 0x38, 0xff,
    0xc8, 0x98, 0x30, 0xff, 0xc8, 0x94, 0x30, 0xff, 0xc8, 0x98, 0x38, 0xff,
    0xc8, 0x98, 0x30, 0xff, 0xc8, 0x94, 0x30, 0xff, 0xc8, 0x98, 0x38, 0xff,
    0xc8, 0x98, 0x30, 0xff, 0xc8, 0x94, 0x38, 0xff, 0xc8, 0x98, 0x30, 0xff,
    0xc8, 0x98, 0x38, 0xff, 0xc8, 0x98, 0x30, 0xff, 0xc8, 0x98, 0x30, 0xff,
    0xc8, 0x98, 0x30, 0xff, 0xc8, 0x94, 0x38, 0xff, 0xc8, 0x98, 0x30, 0xff,
    0xc8, 0x98, 0x30, 0xff, 0xc8, 0x98, 0x38, 0xff, 0xc8, 0x98, 0x30, 0xff,
    0xc8, 0x98, 0x30, 0xff, 0xc8, 0x98, 0x30, 0xff, 0xc8, 0x94, 0x38, 0xff,
    0xc8, 0x98, 0x30, 0xff, 0xc8, 0x98, 0x30, 0xff, 0xc8, 0x94, 0x38, 0xff,
    0xc8, 0x98, 0x30, 0xff, 0xc8, 0x98, 0x30, 0xff, 0xc8, 0x98, 0x38, 0xff,
    0xc8, 0x94, 0x30, 0xff, 0xc8, 0x98, 0x30, 0xff, 0xc8, 0x98, 0x30, 0xff,
    0xc8, 0x98, 0x30, 0xff, 0xc8, 0x94, 0x30, 0xdf, 0xc8, 0x98, 0x30, 0x7d,
    0xd0, 0xa0, 0x30, 0x10, 0x00, 0x00, 0x00, 0x00, 0x00, 0x00, 0x00, 0x00,
    0x00, 0x00, 0x00, 0x00, 0x00, 0x00, 0x00, 0x00, 0x00, 0x00, 0x00, 0x00,
    0x00, 0x00, 0x00, 0x00, 0x00, 0x00, 0x00, 0x00, 0x00, 0x00, 0x00, 0x00,
    0x00, 0x00, 0x00, 0x00, 0x00, 0x00, 0x00, 0x00, 0x00, 0x00, 0x00, 0x00,
    0x00, 0x00, 0x00, 0x00, 0x00, 0x00, 0x00, 0x00, 0x00, 0x00, 0x00, 0x00,
    0x00, 0x00, 0x00, 0x00, 0x00, 0x00, 0x00, 0x00, 0x00, 0x00, 0x00, 0x00,
    0x00, 0x00, 0x00, 0x00, 0x00, 0x00, 0x00, 0x00, 0x00, 0x00, 0x00, 0x00,
    0x00, 0x00, 0x00, 0x00, 0x00, 0x00, 0x00, 0x00, 0x00, 0x00, 0x00, 0x00,
    0x00, 0x00, 0x00, 0x00, 0x00, 0x00, 0x00, 0x00, 0x00, 0x00, 0x00, 0x00,
    0x00, 0x00, 0x00, 0x00, 0x00, 0x00, 0x00, 0x00, 0x00, 0x00, 0x00, 0x00,
    0x00, 0x00, 0x00, 0x00, 0x00, 0x00, 0x00, 0x00, 0x00, 0x00, 0x00, 0x00,
    0x00, 0x00, 0x00, 0x00, 0xc8, 0x98, 0x30, 0x20, 0xc8, 0x94, 0x30, 0x61,
    0xc8, 0x98, 0x30, 0x8e, 0xc8, 0x98, 0x30, 0xbe, 0xc8, 0x98, 0x30, 0xdf,
    0xc8, 0x98, 0x30, 0xff, 0xc8, 0x94, 0x38, 0xff, 0xc8, 0x98, 0x30, 0xff,
    0xc8, 0x98, 0x30, 0xff, 0xc8, 0x94, 0x38, 0xff, 0xc8, 0x98, 0x30, 0xff,
    0xc8, 0x98, 0x30, 0xff, 0xc8, 0x94, 0x38, 0xff, 0xc8, 0x98, 0x30, 0xff,
    0xc8, 0x98, 0x30, 0xff, 0xc8, 0x94, 0x38, 0xff, 0xc8, 0x98, 0x30, 0xff,
    0xc8, 0x98, 0x30, 0xff, 0xc8, 0x94, 0x38, 0xff, 0xc8, 0x98, 0x30, 0xff,
    0xc8, 0x98, 0x30, 0xff, 0xc8, 0x98, 0x38, 0xff, 0xc8, 0x98, 0x30, 0xff,
    0xc8, 0x94, 0x30, 0xff, 0xc8, 0x98, 0x30, 0xff, 0xc8, 0x98, 0x30, 0xff,
    0xc8, 0x98, 0x30, 0xff, 0xc8, 0x94, 0x30, 0xff, 0xc8, 0x98, 0x30, 0xff,
    0xc8, 0x98, 0x30, 0xff, 0xc8, 0x98, 0x30, 0xff, 0xc8, 0x94, 0x38, 0xff,
    0xc8, 0x98, 0x30, 0xff, 0xc8, 0x98, 0x30, 0xff, 0xc8, 0x94, 0x30, 0xff,
    0xc8, 0x98, 0x38, 0xff, 0xc8, 0x98, 0x30, 0xff, 0xc8, 0x94, 0x30, 0xff,
    0xc8, 0x98, 0x38, 0xff, 0xc8, 0x98, 0x30, 0xff, 0xc8, 0x94, 0x30, 0xff,
    0xc8, 0x98, 0x30, 0xff, 0xc8, 0x98, 0x38, 0xff, 0xc8, 0x98, 0x30, 0xff,
    0xc8, 0x98, 0x30, 0xff, 0xc8, 0x98, 0x38, 0xff, 0xc8, 0x98, 0x30, 0xff,
    0xc8, 0x98, 0x38, 0xff, 0xc8, 0x98, 0x38, 0xff, 0xc8, 0x98, 0x30, 0xff,
    0xc8, 0x98, 0x30, 0xff, 0xc8, 0x98, 0x38, 0xff, 0xc8, 0x98, 0x30, 0xff,
    0xc8, 0x98, 0x30, 0xff, 0xc8, 0x98, 0x30, 0xff, 0xc8, 0x94, 0x30, 0xff,
    0xc8, 0x98, 0x30, 0xff, 0xc8, 0x98, 0x30, 0xff, 0xc8, 0x98, 0x38, 0xff,
    0xc8, 0x98, 0x30, 0xff, 0xc8, 0x98, 0x30, 0xff, 0xc8, 0x98, 0x30, 0xff,
    0xc8, 0x98, 0x30, 0xff, 0xc8, 0x98, 0x30, 0xff, 0xc8, 0x98, 0x30, 0xff,
    0xc8, 0x98, 0x30, 0xff, 0xc8, 0x98, 0x30, 0xff, 0xc8, 0x98, 0x38, 0xff,
    0xc8, 0x94, 0x30, 0xff, 0xc8, 0x98, 0x30, 0xff, 0xc8, 0x98, 0x30, 0xff,
    0xc8, 0x94, 0x30, 0xff, 0xc8, 0x98, 0x38, 0xff, 0xc8, 0x98, 0x30, 0xff,
    0xc8, 0x98, 0x38, 0xff, 0xc8, 0x98, 0x30, 0xff, 0xc8, 0x98, 0x38, 0xff,
    0xc8, 0x98, 0x30, 0xff, 0xc8, 0x98, 0x30, 0xff, 0xc8, 0x94, 0x30, 0xff,
    0xc8, 0x98, 0x38, 0xff, 0xc8, 0x98, 0x38, 0xff, 0xc8, 0x98, 0x30, 0xff,
    0xc8, 0x94, 0x38, 0xff, 0xc8, 0x98, 0x38, 0xff, 0xc8, 0x94, 0x30, 0xff,
    0xc8, 0x98, 0x30, 0xff, 0xc8, 0x94, 0x38, 0xff, 0xc8, 0x94, 0x30, 0xff,
    0xc8, 0x98, 0x30, 0xff, 0xc8, 0x98, 0x30, 0xff, 0xc8, 0x94, 0x38, 0xff,
    0xc8, 0x98, 0x30, 0xff, 0xc8, 0x98, 0x30, 0xff, 0xc8, 0x98, 0x30, 0xff,
    0xc8, 0x98, 0x30, 0xff, 0xc8, 0x98, 0x30, 0xff, 0xc8, 0x94, 0x30, 0xff,
    0xc8, 0x98, 0x38, 0xff, 0xc8, 0x94, 0x30, 0xff, 0xc8, 0x98, 0x30, 0xff,
    0xc8, 0x98, 0x38, 0xff, 0xc8, 0x98, 0x30, 0xff, 0xc8, 0x94, 0x30, 0xff,
    0xc8, 0x98, 0x30, 0xff, 0xc8, 0x98, 0x38, 0xff, 0xc8, 0x94, 0x30, 0xff,
    0xc8, 0x98, 0x30, 0xff, 0xc8, 0x98, 0x30, 0xff, 0xc8, 0x98, 0x30, 0xff,
    0xc8, 0x98, 0x30, 0xff, 0xc8, 0x98, 0x38, 0xff, 0xc8, 0x94, 0x30, 0xff,
    0xc8, 0x98, 0x30, 0xff, 0xc8, 0x98, 0x30, 0xff, 0xc8, 0x98, 0x30, 0xff,
    0xc8, 0x98, 0x30, 0xff, 0xc8, 0x94, 0x38, 0xff, 0xc8, 0x98, 0x30, 0xff,
    0xc8, 0x98, 0x30, 0xff, 0xc8, 0x94, 0x30, 0xff, 0xc8, 0x98, 0x30, 0xff,
    0xc8, 0x98, 0x38, 0xff, 0xc8, 0x94, 0x30, 0xff, 0xc8, 0x98, 0x30, 0xff,
    0xc8, 0x94, 0x38, 0xff, 0xc8, 0x98, 0x30, 0xff, 0xc8, 0x98, 0x30, 0xff,
    0xc8, 0x98, 0x38, 0xff, 0xc8, 0x98, 0x30, 0xff, 0xc8, 0x98, 0x30, 0xff,
    0xc8, 0x94, 0x30, 0xff, 0xc8, 0x98, 0x30, 0xff, 0xc8, 0x94, 0x30, 0xef,
    0xc8, 0x98, 0x30, 0xdf, 0xc8, 0x98, 0x30, 0xcf, 0xc8, 0x98, 0x38, 0x8e,
    0xc8, 0x94, 0x30, 0x5d, 0xd0, 0x9c, 0x30, 0x20, 0x00, 0x00, 0x00, 0x00,
    0x00, 0x00, 0x00, 0x00, 0x00, 0x00, 0x00, 0x00, 0x00, 0x00, 0x00, 0x00,
    0x00, 0x00, 0x00, 0x00, 0x00, 0x00, 0x00, 0x00, 0x00, 0x00, 0x00, 0x00,
    0x00, 0x00, 0x00, 0x00, 0x00, 0x00, 0x00, 0x00, 0x00, 0x00, 0x00, 0x00,
    0x00, 0x00, 0x00, 0x00, 0x00, 0x00, 0x00, 0x00, 0x00, 0x00, 0x00, 0x00,
    0x00, 0x00, 0x00, 0x00, 0x00, 0x00, 0x00, 0x00, 0x00, 0x00, 0x00, 0x00,
    0x00, 0x00, 0x00, 0x00, 0x00, 0x00, 0x00, 0x00
};
