// 4.25.0 0x42d8a34a D2 AY R0 FARGB8888 U565 N0 SExtFlashSection
// Generated by imageconverter. Please, do not edit!

#include <touchgfx/hal/Config.hpp>

LOCATION_PRAGMA("ExtFlashSection")
KEEP extern const unsigned char image_dark_theme_images_widgets_togglebutton_medium_round_text_on_action[] LOCATION_ATTRIBUTE("ExtFlashSection") = { // 138x50 ARGB8888 pixels.
    0x00, 0x00, 0x00, 0x00, 0x00, 0x00, 0x00, 0x00, 0x00, 0x00, 0x00, 0x00,
    0x00, 0x00, 0x00, 0x00, 0x00, 0x00, 0x00, 0x00, 0x00, 0x00, 0x00, 0x00,
    0x00, 0x00, 0x00, 0x00, 0x00, 0x00, 0x00, 0x00, 0x00, 0x00, 0x00, 0x00,
    0x00, 0x00, 0x00, 0x00, 0x00, 0x00, 0x00, 0x00, 0x00, 0x00, 0x00, 0x00,
    0x00, 0x00, 0x00, 0x00, 0x00, 0x00, 0x00, 0x00, 0x00, 0x00, 0x00, 0x00,
    0x00, 0x00, 0x00, 0x00, 0x00, 0x00, 0x00, 0x00, 0x00, 0x00, 0x00, 0x00,
    0x80, 0x00, 0xe8, 0x20, 0x80, 0x00, 0xe8, 0x61, 0x80, 0x00, 0xe8, 0x8e,
    0x80, 0x00, 0xe8, 0xcf, 0x80, 0x00, 0xe8, 0xdf, 0x80, 0x00, 0xe8, 0xef,
    0x80, 0x00, 0xe8, 0xff, 0x80, 0x00, 0xe8, 0xff, 0x80, 0x00, 0xe8, 0xff,
    0x80, 0x00, 0xe8, 0xff, 0x80, 0x00, 0xe8, 0xff, 0x80, 0x00, 0xe8, 0xff,
    0x80, 0x00, 0xe8, 0xff, 0x80, 0x00, 0xe8, 0xff, 0x80, 0x00, 0xe8, 0xff,
    0x80, 0x00, 0xe8, 0xff, 0x80, 0x00, 0xe8, 0xff, 0x80, 0x00, 0xe8, 0xff,
    0x80, 0x00, 0xe8, 0xff, 0x80, 0x00, 0xe8, 0xff, 0x80, 0x00, 0xe8, 0xff,
    0x80, 0x00, 0xe8, 0xff, 0x80, 0x00, 0xe8, 0xff, 0x80, 0x00, 0xe8, 0xff,
    0x80, 0x00, 0xe8, 0xff, 0x80, 0x00, 0xe8, 0xff, 0x80, 0x00, 0xe8, 0xff,
    0x80, 0x00, 0xe8, 0xff, 0x80, 0x00, 0xe8, 0xff, 0x80, 0x00, 0xe8, 0xff,
    0x80, 0x00, 0xe8, 0xff, 0x80, 0x00, 0xe8, 0xff, 0x80, 0x00, 0xe8, 0xff,
    0x80, 0x00, 0xe8, 0xff, 0x80, 0x00, 0xe8, 0xff, 0x80, 0x00, 0xe8, 0xff,
    0x80, 0x00, 0xe8, 0xff, 0x80, 0x00, 0xe8, 0xff, 0x80, 0x00, 0xe8, 0xff,
    0x80, 0x00, 0xe8, 0xff, 0x80, 0x00, 0xe8, 0xff, 0x80, 0x00, 0xe8, 0xff,
    0x80, 0x00, 0xe8, 0xff, 0x80, 0x00, 0xe8, 0xff, 0x80, 0x00, 0xe8, 0xff,
    0x80, 0x00, 0xe8, 0xff, 0x80, 0x00, 0xe8, 0xff, 0x80, 0x00, 0xe8, 0xff,
    0x80, 0x00, 0xe8, 0xff, 0x80, 0x00, 0xe8, 0xff, 0x80, 0x00, 0xe8, 0xff,
    0x80, 0x00, 0xe8, 0xff, 0x80, 0x00, 0xe8, 0xff, 0x80, 0x00, 0xe8, 0xff,
    0x80, 0x00, 0xe8, 0xff, 0x80, 0x00, 0xe8, 0xff, 0x80, 0x00, 0xe8, 0xff,
    0x80, 0x00, 0xe8, 0xff, 0x80, 0x00, 0xe8, 0xff, 0x80, 0x00, 0xe8, 0xff,
    0x80, 0x00, 0xe8, 0xff, 0x80, 0x00, 0xe8, 0xff, 0x80, 0x00, 0xe8, 0xff,
    0x80, 0x00, 0xe8, 0xff, 0x80, 0x00, 0xe8, 0xff, 0x80, 0x00, 0xe8, 0xff,
    0x80, 0x00, 0xe8, 0xff, 0x80, 0x00, 0xe8, 0xff, 0x80, 0x00, 0xe8, 0xff,
    0x80, 0x00, 0xe8, 0xff, 0x80, 0x00, 0xe8, 0xff, 0x80, 0x00, 0xe8, 0xff,
    0x80, 0x00, 0xe8, 0xff, 0x80, 0x00, 0xe8, 0xff, 0x80, 0x00, 0xe8, 0xff,
    0x80, 0x00, 0xe8, 0xff, 0x80, 0x00, 0xe8, 0xff, 0x80, 0x00, 0xe8, 0xff,
    0x80, 0x00, 0xe8, 0xff, 0x80, 0x00, 0xe8, 0xff, 0x80, 0x00, 0xe8, 0xff,
    0x80, 0x00, 0xe8, 0xff, 0x80, 0x00, 0xe8, 0xff, 0x80, 0x00, 0xe8, 0xff,
    0x80, 0x00, 0xe8, 0xff, 0x80, 0x00, 0xe8, 0xff, 0x80, 0x00, 0xe8, 0xff,
    0x80, 0x00, 0xe8, 0xff, 0x80, 0x00, 0xe8, 0xff, 0x80, 0x00, 0xe8, 0xff,
    0x80, 0x00, 0xe8, 0xff, 0x80, 0x00, 0xe8, 0xff, 0x80, 0x00, 0xe8, 0xff,
    0x80, 0x00, 0xe8, 0xff, 0x80, 0x00, 0xe8, 0xff, 0x80, 0x00, 0xe8, 0xff,
    0x80, 0x00, 0xe8, 0xff, 0x80, 0x00, 0xe8, 0xdf, 0x78, 0x00, 0xe8, 0xbe,
    0x80, 0x00, 0xe8, 0x8e, 0x80, 0x00, 0xe8, 0x5d, 0x80, 0x00, 0xe0, 0x20,
    0x00, 0x00, 0x00, 0x00, 0x00, 0x00, 0x00, 0x00, 0x00, 0x00, 0x00, 0x00,
    0x00, 0x00, 0x00, 0x00, 0x00, 0x00, 0x00, 0x00, 0x00, 0x00, 0x00, 0x00,
    0x00, 0x00, 0x00, 0x00, 0x00, 0x00, 0x00, 0x00, 0x00, 0x00, 0x00, 0x00,
    0x00, 0x00, 0x00, 0x00, 0x00, 0x00, 0x00, 0x00, 0x00, 0x00, 0x00, 0x00,
    0x00, 0x00, 0x00, 0x00, 0x00, 0x00, 0x00, 0x00, 0x00, 0x00, 0x00, 0x00,
    0x00, 0x00, 0x00, 0x00, 0x00, 0x00, 0x00, 0x00, 0x00, 0x00, 0x00, 0x00,
    0x00, 0x00, 0x00, 0x00, 0x00, 0x00, 0x00, 0x00, 0x00, 0x00, 0x00, 0x00,
    0x00, 0x00, 0x00, 0x00, 0x00, 0x00, 0x00, 0x00, 0x00, 0x00, 0x00, 0x00,
    0x00, 0x00, 0x00, 0x00, 0x00, 0x00, 0x00, 0x00, 0x00, 0x00, 0x00, 0x00,
    0x00, 0x00, 0x00, 0x00, 0x00, 0x00, 0x00, 0x00, 0x00, 0x00, 0x00, 0x00,
    0x00, 0x00, 0x00, 0x00, 0x00, 0x00, 0x00, 0x00, 0x00, 0x00, 0x00, 0x00,
    0x80, 0x00, 0xe0, 0x10, 0x80, 0x00, 0xe8, 0x82, 0x80, 0x00, 0xe8, 0xdf,
    0x80, 0x00, 0xe8, 0xff, 0x78, 0x00, 0xe8, 0xff, 0x80, 0x00, 0xe0, 0xff,
    0x80, 0x00, 0xe8, 0xff, 0x78, 0x00, 0xe8, 0xff, 0x80, 0x00, 0xe0, 0xff,
    0x80, 0x00, 0xe8, 0xff, 0x78, 0x00, 0xe8, 0xff, 0x80, 0x00, 0xe0, 0xff,
    0x80, 0x00, 0xe8, 0xff, 0x78, 0x00, 0xe8, 0xff, 0x80, 0x00, 0xe0, 0xff,
    0x80, 0x00, 0xe8, 0xff, 0x78, 0x00, 0xe8, 0xff, 0x80, 0x00, 0xe0, 0xff,
    0x80, 0x00, 0xe8, 0xff, 0x78, 0x00, 0xe8, 0xff, 0x80, 0x00, 0xe0, 0xff,
    0x80, 0x00, 0xe8, 0xff, 0x78, 0x00, 0xe8, 0xff, 0x80, 0x00, 0xe0, 0xff,
    0x80, 0x00, 0xe8, 0xff, 0x78, 0x00, 0xe8, 0xff, 0x80, 0x00, 0xe0, 0xff,
    0x80, 0x00, 0xe8, 0xff, 0x78, 0x00, 0xe8, 0xff, 0x80, 0x00, 0xe0, 0xff,
    0x80, 0x00, 0xe8, 0xff, 0x78, 0x00, 0xe8, 0xff, 0x80, 0x00, 0xe0, 0xff,
    0x80, 0x00, 0xe8, 0xff, 0x78, 0x00, 0xe8, 0xff, 0x80, 0x00, 0xe0, 0xff,
    0x80, 0x00, 0xe8, 0xff, 0x78, 0x00, 0xe8, 0xff, 0x80, 0x00, 0xe0, 0xff,
    0x80, 0x00, 0xe8, 0xff, 0x78, 0x00, 0xe8, 0xff, 0x80, 0x00, 0xe0, 0xff,
    0x80, 0x00, 0xe8, 0xff, 0x78, 0x00, 0xe8, 0xff, 0x80, 0x00, 0xe0, 0xff,
    0x80, 0x00, 0xe8, 0xff, 0x78, 0x00, 0xe8, 0xff, 0x80, 0x00, 0xe0, 0xff,
    0x80, 0x00, 0xe8, 0xff, 0x78, 0x00, 0xe8, 0xff, 0x80, 0x00, 0xe0, 0xff,
    0x80, 0x00, 0xe8, 0xff, 0x78, 0x00, 0xe8, 0xff, 0x80, 0x00, 0xe0, 0xff,
    0x80, 0x00, 0xe8, 0xff, 0x78, 0x00, 0xe8, 0xff, 0x80, 0x00, 0xe0, 0xff,
    0x80, 0x00, 0xe8, 0xff, 0x78, 0x00, 0xe8, 0xff, 0x80, 0x00, 0xe0, 0xff,
    0x80, 0x00, 0xe8, 0xff, 0x78, 0x00, 0xe8, 0xff, 0x80, 0x00, 0xe0, 0xff,
    0x80, 0x00, 0xe8, 0xff, 0x78, 0x00, 0xe8, 0xff, 0x80, 0x00, 0xe0, 0xff,
    0x80, 0x00, 0xe8, 0xff, 0x78, 0x00, 0xe8, 0xff, 0x80, 0x00, 0xe0, 0xff,
    0x80, 0x00, 0xe8, 0xff, 0x78, 0x00, 0xe8, 0xff, 0x80, 0x00, 0xe0, 0xff,
    0x80, 0x00, 0xe8, 0xff, 0x78, 0x00, 0xe8, 0xff, 0x80, 0x00, 0xe0, 0xff,
    0x80, 0x00, 0xe8, 0xff, 0x78, 0x00, 0xe8, 0xff, 0x80, 0x00, 0xe0, 0xff,
    0x80, 0x00, 0xe8, 0xff, 0x78, 0x00, 0xe8, 0xff, 0x80, 0x00, 0xe0, 0xff,
    0x80, 0x00, 0xe8, 0xff, 0x78, 0x00, 0xe8, 0xff, 0x80, 0x00, 0xe0, 0xff,
    0x80, 0x00, 0xe8, 0xff, 0x78, 0x00, 0xe8, 0xff, 0x80, 0x00, 0xe0, 0xff,
    0x80, 0x00, 0xe8, 0xff, 0x78, 0x00, 0xe8, 0xff, 0x80, 0x00, 0xe0, 0xff,
    0x80, 0x00, 0xe8, 0xff, 0x78, 0x00, 0xe8, 0xff, 0x80, 0x00, 0xe0, 0xff,
    0x80, 0x00, 0xe8, 0xff, 0x78, 0x00, 0xe8, 0xff, 0x80, 0x00, 0xe0, 0xff,
    0x80, 0x00, 0xe8, 0xff, 0x78, 0x00, 0xe8, 0xff, 0x80, 0x00, 0xe0, 0xff,
    0x80, 0x00, 0xe8, 0xff, 0x80, 0x00, 0xe8, 0xff, 0x80, 0x00, 0xe0, 0xff,
    0x80, 0x00, 0xe8, 0xff, 0x80, 0x00, 0xe8, 0xff, 0x80, 0x00, 0xe8, 0xff,
    0x80, 0x00, 0xe8, 0xdf, 0x80, 0x00, 0xe8, 0x8e, 0x80, 0x00, 0xe0, 0x20,
    0x00, 0x00, 0x00, 0x00, 0x00, 0x00, 0x00, 0x00, 0x00, 0x00, 0x00, 0x00,
    0x00, 0x00, 0x00, 0x00, 0x00, 0x00, 0x00, 0x00, 0x00, 0x00, 0x00, 0x00,
    0x00, 0x00, 0x00, 0x00, 0x00, 0x00, 0x00, 0x00, 0x00, 0x00, 0x00, 0x00,
    0x00, 0x00, 0x00, 0x00, 0x00, 0x00, 0x00, 0x00, 0x00, 0x00, 0x00, 0x00,
    0x00, 0x00, 0x00, 0x00, 0x00, 0x00, 0x00, 0x00, 0x00, 0x00, 0x00, 0x00,
    0x00, 0x00, 0x00, 0x00, 0x00, 0x00, 0x00, 0x00, 0x00, 0x00, 0x00, 0x00,
    0x00, 0x00, 0x00, 0x00, 0x00, 0x00, 0x00, 0x00, 0x00, 0x00, 0x00, 0x00,
    0x00, 0x00, 0x00, 0x00, 0x00, 0x00, 0x00, 0x00, 0x00, 0x00, 0x00, 0x00,
    0x00, 0x00, 0x00, 0x00, 0x00, 0x00, 0x00, 0x00, 0x00, 0x00, 0x00, 0x00,
    0x00, 0x00, 0x00, 0x00, 0x80, 0x00, 0xe8, 0x41, 0x80, 0x00, 0xe8, 0xbe,
    0x80, 0x00, 0xe8, 0xff, 0x78, 0x00, 0xe0, 0xff, 0x80, 0x00, 0xe8, 0xff,
    0x80, 0x00, 0xe8, 0xff, 0x78, 0x00, 0xe0, 0xff, 0x80, 0x00, 0xe8, 0xff,
    0x80, 0x00, 0xe8, 0xff, 0x78, 0x00, 0xe8, 0xff, 0x80, 0x00, 0xe0, 0xff,
    0x80, 0x00, 0xe8, 0xff, 0x78, 0x00, 0xe8, 0xff, 0x80, 0x00, 0xe0, 0xff,
    0x80, 0x00, 0xe8, 0xff, 0x78, 0x00, 0xe8, 0xff, 0x80, 0x00, 0xe0, 0xff,
    0x80, 0x00, 0xe8, 0xff, 0x78, 0x00, 0xe8, 0xff, 0x80, 0x00, 0xe0, 0xff,
    0x80, 0x00, 0xe8, 0xff, 0x78, 0x00, 0xe8, 0xff, 0x80, 0x00, 0xe0, 0xff,
    0x80, 0x00, 0xe8, 0xff, 0x78, 0x00, 0xe8, 0xff, 0x80, 0x00, 0xe0, 0xff,
    0x80, 0x00, 0xe8, 0xff, 0x78, 0x00, 0xe8, 0xff, 0x80, 0x00, 0xe0, 0xff,
    0x80, 0x00, 0xe8, 0xff, 0x78, 0x00, 0xe8, 0xff, 0x80, 0x00, 0xe0, 0xff,
    0x80, 0x00, 0xe8, 0xff, 0x78, 0x00, 0xe8, 0xff, 0x80, 0x00, 0xe0, 0xff,
    0x80, 0x00, 0xe8, 0xff, 0x78, 0x00, 0xe8, 0xff, 0x80, 0x00, 0xe0, 0xff,
    0x80, 0x00, 0xe8, 0xff, 0x78, 0x00, 0xe8, 0xff, 0x80, 0x00, 0xe0, 0xff,
    0x80, 0x00, 0xe8, 0xff, 0x78, 0x00, 0xe8, 0xff, 0x80, 0x00, 0xe0, 0xff,
    0x80, 0x00, 0xe8, 0xff, 0x78, 0x00, 0xe8, 0xff, 0x80, 0x00, 0xe0, 0xff,
    0x80, 0x00, 0xe8, 0xff, 0x78, 0x00, 0xe8, 0xff, 0x80, 0x00, 0xe0, 0xff,
    0x80, 0x00, 0xe8, 0xff, 0x78, 0x00, 0xe8, 0xff, 0x80, 0x00, 0xe0, 0xff,
    0x80, 0x00, 0xe8, 0xff, 0x78, 0x00, 0xe8, 0xff, 0x80, 0x00, 0xe0, 0xff,
    0x80, 0x00, 0xe8, 0xff, 0x78, 0x00, 0xe8, 0xff, 0x80, 0x00, 0xe0, 0xff,
    0x80, 0x00, 0xe8, 0xff, 0x78, 0x00, 0xe8, 0xff, 0x80, 0x00, 0xe0, 0xff,
    0x80, 0x00, 0xe8, 0xff, 0x78, 0x00, 0xe8, 0xff, 0x80, 0x00, 0xe0, 0xff,
    0x80, 0x00, 0xe8, 0xff, 0x78, 0x00, 0xe8, 0xff, 0x80, 0x00, 0xe0, 0xff,
    0x80, 0x00, 0xe8, 0xff, 0x78, 0x00, 0xe8, 0xff, 0x80, 0x00, 0xe0, 0xff,
    0x80, 0x00, 0xe8, 0xff, 0x78, 0x00, 0xe8, 0xff, 0x80, 0x00, 0xe0, 0xff,
    0x80, 0x00, 0xe8, 0xff, 0x78, 0x00, 0xe8, 0xff, 0x80, 0x00, 0xe0, 0xff,
    0x80, 0x00, 0xe8, 0xff, 0x78, 0x00, 0xe8, 0xff, 0x80, 0x00, 0xe0, 0xff,
    0x80, 0x00, 0xe8, 0xff, 0x78, 0x00, 0xe8, 0xff, 0x80, 0x00, 0xe0, 0xff,
    0x80, 0x00, 0xe8, 0xff, 0x78, 0x00, 0xe8, 0xff, 0x80, 0x00, 0xe0, 0xff,
    0x80, 0x00, 0xe8, 0xff, 0x78, 0x00, 0xe8, 0xff, 0x80, 0x00, 0xe0, 0xff,
    0x80, 0x00, 0xe8, 0xff, 0x78, 0x00, 0xe8, 0xff, 0x80, 0x00, 0xe0, 0xff,
    0x80, 0x00, 0xe8, 0xff, 0x78, 0x00, 0xe8, 0xff, 0x80, 0x00, 0xe0, 0xff,
    0x80, 0x00, 0xe8, 0xff, 0x78, 0x00, 0xe8, 0xff, 0x80, 0x00, 0xe0, 0xff,
    0x80, 0x00, 0xe8, 0xff, 0x78, 0x00, 0xe8, 0xff, 0x80, 0x00, 0xe0, 0xff,
    0x78, 0x00, 0xe8, 0xff, 0x80, 0x00, 0xe8, 0xff, 0x80, 0x00, 0xe8, 0xff,
    0x78, 0x00, 0xe0, 0xff, 0x80, 0x00, 0xe8, 0xff, 0x80, 0x00, 0xe0, 0xff,
    0x78, 0x00, 0xe8, 0xff, 0x80, 0x00, 0xe8, 0xff, 0x80, 0x00, 0xe0, 0xff,
    0x80, 0x00, 0xe8, 0x9e, 0x80, 0x00, 0xe0, 0x20, 0x00, 0x00, 0x00, 0x00,
    0x00, 0x00, 0x00, 0x00, 0x00, 0x00, 0x00, 0x00, 0x00, 0x00, 0x00, 0x00,
    0x00, 0x00, 0x00, 0x00, 0x00, 0x00, 0x00, 0x00, 0x00, 0x00, 0x00, 0x00,
    0x00, 0x00, 0x00, 0x00, 0x00, 0x00, 0x00, 0x00, 0x00, 0x00, 0x00, 0x00,
    0x00, 0x00, 0x00, 0x00, 0x00, 0x00, 0x00, 0x00, 0x00, 0x00, 0x00, 0x00,
    0x00, 0x00, 0x00, 0x00, 0x00, 0x00, 0x00, 0x00, 0x00, 0x00, 0x00, 0x00,
    0x00, 0x00, 0x00, 0x00, 0x00, 0x00, 0x00, 0x00, 0x00, 0x00, 0x00, 0x00,
    0x00, 0x00, 0x00, 0x00, 0x00, 0x00, 0x00, 0x00, 0x00, 0x00, 0x00, 0x00,
    0x00, 0x00, 0x00, 0x00, 0x00, 0x00, 0x00, 0x00, 0x80, 0x00, 0xe8, 0x20,
    0x80, 0x00, 0xe8, 0xae, 0x80, 0x00, 0xe8, 0xff, 0x80, 0x00, 0xe8, 0xff,
    0x80, 0x00, 0xe8, 0xff, 0x78, 0x00, 0xe0, 0xff, 0x80, 0x00, 0xe8, 0xff,
    0x80, 0x00, 0xe8, 0xff, 0x80, 0x00, 0xe8, 0xff, 0x80, 0x00, 0xe8, 0xff,
    0x80, 0x00, 0xe0, 0xff, 0x80, 0x00, 0xe8, 0xff, 0x80, 0x00, 0xe8, 0xff,
    0x80, 0x00, 0xe8, 0xff, 0x80, 0x00, 0xe8, 0xff, 0x80, 0x00, 0xe8, 0xff,
    0x80, 0x00, 0xe8, 0xff, 0x80, 0x00, 0xe8, 0xff, 0x80, 0x00, 0xe8, 0xff,
    0x80, 0x00, 0xe8, 0xff, 0x80, 0x00, 0xe8, 0xff, 0x80, 0x00, 0xe8, 0xff,
    0x80, 0x00, 0xe8, 0xff, 0x80, 0x00, 0xe8, 0xff, 0x80, 0x00, 0xe8, 0xff,
    0x80, 0x00, 0xe8, 0xff, 0x80, 0x00, 0xe8, 0xff, 0x80, 0x00, 0xe8, 0xff,
    0x80, 0x00, 0xe8, 0xff, 0x80, 0x00, 0xe8, 0xff, 0x80, 0x00, 0xe8, 0xff,
    0x80, 0x00, 0xe8, 0xff, 0x80, 0x00, 0xe8, 0xff, 0x80, 0x00, 0xe8, 0xff,
    0x80, 0x00, 0xe8, 0xff, 0x80, 0x00, 0xe8, 0xff, 0x80, 0x00, 0xe8, 0xff,
    0x80, 0x00, 0xe8, 0xff, 0x80, 0x00, 0xe8, 0xff, 0x80, 0x00, 0xe8, 0xff,
    0x80, 0x00, 0xe8, 0xff, 0x80, 0x00, 0xe8, 0xff, 0x80, 0x00, 0xe8, 0xff,
    0x80, 0x00, 0xe8, 0xff, 0x80, 0x00, 0xe8, 0xff, 0x80, 0x00, 0xe8, 0xff,
    0x80, 0x00, 0xe8, 0xff, 0x80, 0x00, 0xe8, 0xff, 0x80, 0x00, 0xe8, 0xff,
    0x80, 0x00, 0xe8, 0xff, 0x80, 0x00, 0xe8, 0xff, 0x80, 0x00, 0xe8, 0xff,
    0x80, 0x00, 0xe8, 0xff, 0x80, 0x00, 0xe8, 0xff, 0x80, 0x00, 0xe8, 0xff,
    0x80, 0x00, 0xe8, 0xff, 0x80, 0x00, 0xe8, 0xff, 0x80, 0x00, 0xe8, 0xff,
    0x80, 0x00, 0xe8, 0xff, 0x80, 0x00, 0xe8, 0xff, 0x80, 0x00, 0xe8, 0xff,
    0x80, 0x00, 0xe8, 0xff, 0x80, 0x00, 0xe8, 0xff, 0x80, 0x00, 0xe8, 0xff,
    0x80, 0x00, 0xe8, 0xff, 0x80, 0x00, 0xe8, 0xff, 0x80, 0x00, 0xe8, 0xff,
    0x80, 0x00, 0xe8, 0xff, 0x80, 0x00, 0xe8, 0xff, 0x80, 0x00, 0xe8, 0xff,
    0x80, 0x00, 0xe8, 0xff, 0x80, 0x00, 0xe8, 0xff, 0x80, 0x00, 0xe8, 0xff,
    0x80, 0x00, 0xe8, 0xff, 0x80, 0x00, 0xe8, 0xff, 0x80, 0x00, 0xe8, 0xff,
    0x80, 0x00, 0xe8, 0xff, 0x80, 0x00, 0xe8, 0xff, 0x80, 0x00, 0xe8, 0xff,
    0x80, 0x00, 0xe8, 0xff, 0x80, 0x00, 0xe8, 0xff, 0x80, 0x00, 0xe8, 0xff,
    0x80, 0x00, 0xe8, 0xff, 0x80, 0x00, 0xe8, 0xff, 0x80, 0x00, 0xe8, 0xff,
    0x80, 0x00, 0xe8, 0xff, 0x80, 0x00, 0xe8, 0xff, 0x80, 0x00, 0xe8, 0xff,
    0x80, 0x00, 0xe8, 0xff, 0x80, 0x00, 0xe8, 0xff, 0x80, 0x00, 0xe8, 0xff,
    0x80, 0x00, 0xe8, 0xff, 0x80, 0x00, 0xe8, 0xff, 0x80, 0x00, 0xe8, 0xff,
    0x80, 0x00, 0xe8, 0xff, 0x80, 0x00, 0xe8, 0xff, 0x80, 0x00, 0xe8, 0xff,
    0x80, 0x00, 0xe8, 0xff, 0x80, 0x00, 0xe8, 0xff, 0x80, 0x00, 0xe8, 0xff,
    0x80, 0x00, 0xe8, 0xff, 0x80, 0x00, 0xe8, 0xff, 0x80, 0x00, 0xe8, 0xff,
    0x80, 0x00, 0xe0, 0xff, 0x78, 0x00, 0xe8, 0xff, 0x80, 0x00, 0xe8, 0xff,
    0x80, 0x00, 0xe8, 0xff, 0x78, 0x00, 0xe8, 0xff, 0x80, 0x00, 0xe0, 0xff,
    0x80, 0x00, 0xe8, 0xff, 0x78, 0x00, 0xe8, 0xff, 0x80, 0x00, 0xe0, 0xff,
    0x80, 0x00, 0xe8, 0xff, 0x78, 0x00, 0xe8, 0xff, 0x80, 0x00, 0xe0, 0x9e,
    0x80, 0x00, 0xe0, 0x20, 0x00, 0x00, 0x00, 0x00, 0x00, 0x00, 0x00, 0x00,
    0x00, 0x00, 0x00, 0x00, 0x00, 0x00, 0x00, 0x00, 0x00, 0x00, 0x00, 0x00,
    0x00, 0x00, 0x00, 0x00, 0x00, 0x00, 0x00, 0x00, 0x00, 0x00, 0x00, 0x00,
    0x00, 0x00, 0x00, 0x00, 0x00, 0x00, 0x00, 0x00, 0x00, 0x00, 0x00, 0x00,
    0x00, 0x00, 0x00, 0x00, 0x00, 0x00, 0x00, 0x00, 0x00, 0x00, 0x00, 0x00,
    0x00, 0x00, 0x00, 0x00, 0x00, 0x00, 0x00, 0x00, 0x00, 0x00, 0x00, 0x00,
    0x00, 0x00, 0x00, 0x00, 0x00, 0x00, 0x00, 0x00, 0x00, 0x00, 0x00, 0x00,
    0x00, 0x00, 0x00, 0x00, 0x80, 0x00, 0xe8, 0x71, 0x80, 0x00, 0xe8, 0xef,
    0x80, 0x00, 0xe0, 0xff, 0x78, 0x00, 0xe8, 0xff, 0x80, 0x00, 0xe8, 0xff,
    0x80, 0x00, 0xe0, 0xff, 0x80, 0x00, 0xe8, 0xff, 0x78, 0x00, 0xe8, 0xff,
    0x80, 0x00, 0xe0, 0xef, 0x78, 0x00, 0xe8, 0xbe, 0x80, 0x00, 0xe8, 0x6d,
    0x78, 0x00, 0xe8, 0x4d, 0x80, 0x00, 0xe8, 0x20, 0x80, 0x00, 0xe0, 0x10,
    0x00, 0x00, 0x00, 0x00, 0x00, 0x00, 0x00, 0x00, 0x00, 0x00, 0x00, 0x00,
    0x00, 0x00, 0x00, 0x00, 0x00, 0x00, 0x00, 0x00, 0x00, 0x00, 0x00, 0x00,
    0x00, 0x00, 0x00, 0x00, 0x00, 0x00, 0x00, 0x00, 0x00, 0x00, 0x00, 0x00,
    0x00, 0x00, 0x00, 0x00, 0x00, 0x00, 0x00, 0x00, 0x00, 0x00, 0x00, 0x00,
    0x00, 0x00, 0x00, 0x00, 0x00, 0x00, 0x00, 0x00, 0x00, 0x00, 0x00, 0x00,
    0x00, 0x00, 0x00, 0x00, 0x00, 0x00, 0x00, 0x00, 0x00, 0x00, 0x00, 0x00,
    0x00, 0x00, 0x00, 0x00, 0x00, 0x00, 0x00, 0x00, 0x00, 0x00, 0x00, 0x00,
    0x00, 0x00, 0x00, 0x00, 0x00, 0x00, 0x00, 0x00, 0x00, 0x00, 0x00, 0x00,
    0x00, 0x00, 0x00, 0x00, 0x00, 0x00, 0x00, 0x00, 0x00, 0x00, 0x00, 0x00,
    0x00, 0x00, 0x00, 0x00, 0x00, 0x00, 0x00, 0x00, 0x00, 0x00, 0x00, 0x00,
    0x00, 0x00, 0x00, 0x00, 0x00, 0x00, 0x00, 0x00, 0x00, 0x00, 0x00, 0x00,
    0x00, 0x00, 0x00, 0x00, 0x00, 0x00, 0x00, 0x00, 0x00, 0x00, 0x00, 0x00,
    0x00, 0x00, 0x00, 0x00, 0x00, 0x00, 0x00, 0x00, 0x00, 0x00, 0x00, 0x00,
    0x00, 0x00, 0x00, 0x00, 0x00, 0x00, 0x00, 0x00, 0x00, 0x00, 0x00, 0x00,
    0x00, 0x00, 0x00, 0x00, 0x00, 0x00, 0x00, 0x00, 0x00, 0x00, 0x00, 0x00,
    0x00, 0x00, 0x00, 0x00, 0x00, 0x00, 0x00, 0x00, 0x00, 0x00, 0x00, 0x00,
    0x00, 0x00, 0x00, 0x00, 0x00, 0x00, 0x00, 0x00, 0x00, 0x00, 0x00, 0x00,
    0x00, 0x00, 0x00, 0x00, 0x00, 0x00, 0x00, 0x00, 0x00, 0x00, 0x00, 0x00,
    0x00, 0x00, 0x00, 0x00, 0x00, 0x00, 0x00, 0x00, 0x00, 0x00, 0x00, 0x00,
    0x00, 0x00, 0x00, 0x00, 0x00, 0x00, 0x00, 0x00, 0x00, 0x00, 0x00, 0x00,
    0x00, 0x00, 0x00, 0x00, 0x00, 0x00, 0x00, 0x00, 0x00, 0x00, 0x00, 0x00,
    0x00, 0x00, 0x00, 0x00, 0x00, 0x00, 0x00, 0x00, 0x00, 0x00, 0x00, 0x00,
    0x00, 0x00, 0x00, 0x00, 0x00, 0x00, 0x00, 0x00, 0x00, 0x00, 0x00, 0x00,
    0x00, 0x00, 0x00, 0x00, 0x00, 0x00, 0x00, 0x00, 0x00, 0x00, 0x00, 0x00,
    0x00, 0x00, 0x00, 0x00, 0x00, 0x00, 0x00, 0x00, 0x00, 0x00, 0x00, 0x00,
    0x00, 0x00, 0x00, 0x00, 0x00, 0x00, 0x00, 0x00, 0x00, 0x00, 0x00, 0x00,
    0x00, 0x00, 0x00, 0x00, 0x00, 0x00, 0x00, 0x00, 0x00, 0x00, 0x00, 0x00,
    0x00, 0x00, 0x00, 0x00, 0x00, 0x00, 0x00, 0x00, 0x00, 0x00, 0x00, 0x00,
    0x00, 0x00, 0x00, 0x00, 0x00, 0x00, 0x00, 0x00, 0x00, 0x00, 0x00, 0x00,
    0x00, 0x00, 0x00, 0x00, 0x00, 0x00, 0x00, 0x00, 0x00, 0x00, 0x00, 0x00,
    0x80, 0x00, 0xe0, 0x10, 0x80, 0x00, 0xe0, 0x30, 0x80, 0x00, 0xe8, 0x41,
    0x80, 0x00, 0xe8, 0x7d, 0x80, 0x00, 0xe8, 0xbe, 0x80, 0x00, 0xe8, 0xff,
    0x80, 0x00, 0xe8, 0xff, 0x80, 0x00, 0xe8, 0xff, 0x80, 0x00, 0xe8, 0xff,
    0x80, 0x00, 0xe8, 0xff, 0x80, 0x00, 0xe8, 0xff, 0x80, 0x00, 0xe8, 0xff,
    0x80, 0x00, 0xe8, 0xdf, 0x80, 0x00, 0xe8, 0x5d, 0x00, 0x00, 0x00, 0x00,
    0x00, 0x00, 0x00, 0x00, 0x00, 0x00, 0x00, 0x00, 0x00, 0x00, 0x00, 0x00,
    0x00, 0x00, 0x00, 0x00, 0x00, 0x00, 0x00, 0x00, 0x00, 0x00, 0x00, 0x00,
    0x00, 0x00, 0x00, 0x00, 0x00, 0x00, 0x00, 0x00, 0x00, 0x00, 0x00, 0x00,
    0x00, 0x00, 0x00, 0x00, 0x00, 0x00, 0x00, 0x00, 0x00, 0x00, 0x00, 0x00,
    0x00, 0x00, 0x00, 0x00, 0x00, 0x00, 0x00, 0x00, 0x00, 0x00, 0x00, 0x00,
    0x00, 0x00, 0x00, 0x00, 0x00, 0x00, 0x00, 0x00, 0x00, 0x00, 0x00, 0x00,
    0x80, 0x00, 0xe0, 0x8e, 0x80, 0x00, 0xe8, 0xff, 0x78, 0x00, 0xe8, 0xff,
    0x80, 0x00, 0xe0, 0xff, 0x80, 0x00, 0xe8, 0xff, 0x78, 0x00, 0xe8, 0xff,
    0x80, 0x00, 0xe8, 0xff, 0x78, 0x00, 0xe8, 0xbe, 0x80, 0x00, 0xe8, 0x6d,
    0x80, 0x00, 0xe0, 0x10, 0x00, 0x00, 0x00, 0x00, 0x00, 0x00, 0x00, 0x00,
    0x00, 0x00, 0x00, 0x00, 0x00, 0x00, 0x00, 0x00, 0x00, 0x00, 0x00, 0x00,
    0x00, 0x00, 0x00, 0x00, 0x00, 0x00, 0x00, 0x00, 0x00, 0x00, 0x00, 0x00,
    0x00, 0x00, 0x00, 0x00, 0x00, 0x00, 0x00, 0x00, 0x00, 0x00, 0x00, 0x00,
    0x00, 0x00, 0x00, 0x00, 0x00, 0x00, 0x00, 0x00, 0x00, 0x00, 0x00, 0x00,
    0x00, 0x00, 0x00, 0x00, 0x00, 0x00, 0x00, 0x00, 0x00, 0x00, 0x00, 0x00,
    0x00, 0x00, 0x00, 0x00, 0x00, 0x00, 0x00, 0x00, 0x00, 0x00, 0x00, 0x00,
    0x00, 0x00, 0x00, 0x00, 0x00, 0x00, 0x00, 0x00, 0x00, 0x00, 0x00, 0x00,
    0x00, 0x00, 0x00, 0x00, 0x00, 0x00, 0x00, 0x00, 0x00, 0x00, 0x00, 0x00,
    0x00, 0x00, 0x00, 0x00, 0x00, 0x00, 0x00, 0x00, 0x00, 0x00, 0x00, 0x00,
    0x00, 0x00, 0x00, 0x00, 0x00, 0x00, 0x00, 0x00, 0x00, 0x00, 0x00, 0x00,
    0x00, 0x00, 0x00, 0x00, 0x00, 0x00, 0x00, 0x00, 0x00, 0x00, 0x00, 0x00,
    0x00, 0x00, 0x00, 0x00, 0x00, 0x00, 0x00, 0x00, 0x00, 0x00, 0x00, 0x00,
    0x00, 0x00, 0x00, 0x00, 0x00, 0x00, 0x00, 0x00, 0x00, 0x00, 0x00, 0x00,
    0x00, 0x00, 0x00, 0x00, 0x00, 0x00, 0x00, 0x00, 0x00, 0x00, 0x00, 0x00,
    0x00, 0x00, 0x00, 0x00, 0x00, 0x00, 0x00, 0x00, 0x00, 0x00, 0x00, 0x00,
    0x00, 0x00, 0x00, 0x00, 0x00, 0x00, 0x00, 0x00, 0x00, 0x00, 0x00, 0x00,
    0x00, 0x00, 0x00, 0x00, 0x00, 0x00, 0x00, 0x00, 0x00, 0x00, 0x00, 0x00,
    0x00, 0x00, 0x00, 0x00, 0x00, 0x00, 0x00, 0x00, 0x00, 0x00, 0x00, 0x00,
    0x00, 0x00, 0x00, 0x00, 0x00, 0x00, 0x00, 0x00, 0x00, 0x00, 0x00, 0x00,
    0x00, 0x00, 0x00, 0x00, 0x00, 0x00, 0x00, 0x00, 0x00, 0x00, 0x00, 0x00,
    0x00, 0x00, 0x00, 0x00, 0x00, 0x00, 0x00, 0x00, 0x00, 0x00, 0x00, 0x00,
    0x00, 0x00, 0x00, 0x00, 0x00, 0x00, 0x00, 0x00, 0x00, 0x00, 0x00, 0x00,
    0x00, 0x00, 0x00, 0x00, 0x00, 0x00, 0x00, 0x00, 0x00, 0x00, 0x00, 0x00,
    0x00, 0x00, 0x00, 0x00, 0x00, 0x00, 0x00, 0x00, 0x00, 0x00, 0x00, 0x00,
    0x00, 0x00, 0x00, 0x00, 0x00, 0x00, 0x00, 0x00, 0x00, 0x00, 0x00, 0x00,
    0x00, 0x00, 0x00, 0x00, 0x00, 0x00, 0x00, 0x00, 0x00, 0x00, 0x00, 0x00,
    0x00, 0x00, 0x00, 0x00, 0x00, 0x00, 0x00, 0x00, 0x00, 0x00, 0x00, 0x00,
    0x00, 0x00, 0x00, 0x00, 0x00, 0x00, 0x00, 0x00, 0x00, 0x00, 0x00, 0x00,
    0x00, 0x00, 0x00, 0x00, 0x00, 0x00, 0x00, 0x00, 0x00, 0x00, 0x00, 0x00,
    0x00, 0x00, 0x00, 0x00, 0x00, 0x00, 0x00, 0x00, 0x00, 0x00, 0x00, 0x00,
    0x00, 0x00, 0x00, 0x00, 0x00, 0x00, 0x00, 0x00, 0x00, 0x00, 0x00, 0x00,
    0x00, 0x00, 0x00, 0x00, 0x00, 0x00, 0x00, 0x00, 0x00, 0x00, 0x00, 0x00,
    0x00, 0x00, 0x00, 0x00, 0x00, 0x00, 0x00, 0x00, 0x80, 0x00, 0xe0, 0x10,
    0x78, 0x00, 0xe0, 0x61, 0x80, 0x00, 0xe0, 0xcf, 0x78, 0x00, 0xe8, 0xff,
    0x78, 0x00, 0xe8, 0xff, 0x80, 0x00, 0xe0, 0xff, 0x80, 0x00, 0xe8, 0xff,
    0x78, 0x00, 0xe8, 0xff, 0x80, 0x00, 0xe8, 0xff, 0x80, 0x00, 0xe8, 0x8e,
    0x00, 0x00, 0x00, 0x00, 0x00, 0x00, 0x00, 0x00, 0x00, 0x00, 0x00, 0x00,
    0x00, 0x00, 0x00, 0x00, 0x00, 0x00, 0x00, 0x00, 0x00, 0x00, 0x00, 0x00,
    0x00, 0x00, 0x00, 0x00, 0x00, 0x00, 0x00, 0x00, 0x00, 0x00, 0x00, 0x00,
    0x00, 0x00, 0x00, 0x00, 0x00, 0x00, 0x00, 0x00, 0x00, 0x00, 0x00, 0x00,
    0x00, 0x00, 0x00, 0x00, 0x00, 0x00, 0x00, 0x00, 0x00, 0x00, 0x00, 0x00,
    0x00, 0x00, 0x00, 0x00, 0x80, 0x00, 0xe0, 0x10, 0x80, 0x00, 0xe8, 0xcf,
    0x80, 0x00, 0xe8, 0xff, 0x78, 0x00, 0xe8, 0xff, 0x80, 0x00, 0xe8, 0xff,
    0x80, 0x00, 0xe8, 0xff, 0x80, 0x00, 0xe0, 0xff, 0x78, 0x00, 0xe8, 0xbe,
    0x80, 0x00, 0xe8, 0x41, 0x00, 0x00, 0x00, 0x00, 0x00, 0x00, 0x00, 0x00,
    0x00, 0x00, 0x00, 0x00, 0x00, 0x00, 0x00, 0x00, 0x00, 0x00, 0x00, 0x00,
    0x00, 0x00, 0x00, 0x00, 0x00, 0x00, 0x00, 0x00, 0x00, 0x00, 0x00, 0x00,
    0x00, 0x00, 0x00, 0x00, 0x00, 0x00, 0x00, 0x00, 0x00, 0x00, 0x00, 0x00,
    0x00, 0x00, 0x00, 0x00, 0x00, 0x00, 0x00, 0x00, 0x00, 0x00, 0x00, 0x00,
    0x00, 0x00, 0x00, 0x00, 0x00, 0x00, 0x00, 0x00, 0x00, 0x00, 0x00, 0x00,
    0x00, 0x00, 0x00, 0x00, 0x00, 0x00, 0x00, 0x00, 0x00, 0x00, 0x00, 0x00,
    0x00, 0x00, 0x00, 0x00, 0x00, 0x00, 0x00, 0x00, 0x00, 0x00, 0x00, 0x00,
    0x00, 0x00, 0x00, 0x00, 0x00, 0x00, 0x00, 0x00, 0x00, 0x00, 0x00, 0x00,
    0x00, 0x00, 0x00, 0x00, 0x00, 0x00, 0x00, 0x00, 0x00, 0x00, 0x00, 0x00,
    0x00, 0x00, 0x00, 0x00, 0x00, 0x00, 0x00, 0x00, 0x00, 0x00, 0x00, 0x00,
    0x00, 0x00, 0x00, 0x00, 0x00, 0x00, 0x00, 0x00, 0x00, 0x00, 0x00, 0x00,
    0x00, 0x00, 0x00, 0x00, 0x00, 0x00, 0x00, 0x00, 0x00, 0x00, 0x00, 0x00,
    0x00, 0x00, 0x00, 0x00, 0x00, 0x00, 0x00, 0x00, 0x00, 0x00, 0x00, 0x00,
    0x00, 0x00, 0x00, 0x00, 0x00, 0x00, 0x00, 0x00, 0x00, 0x00, 0x00, 0x00,
    0x00, 0x00, 0x00, 0x00, 0x00, 0x00, 0x00, 0x00, 0x00, 0x00, 0x00, 0x00,
    0x00, 0x00, 0x00, 0x00, 0x00, 0x00, 0x00, 0x00, 0x00, 0x00, 0x00, 0x00,
    0x00, 0x00, 0x00, 0x00, 0x00, 0x00, 0x00, 0x00, 0x00, 0x00, 0x00, 0x00,
    0x00, 0x00, 0x00, 0x00, 0x00, 0x00, 0x00, 0x00, 0x00, 0x00, 0x00, 0x00,
    0x00, 0x00, 0x00, 0x00, 0x00, 0x00, 0x00, 0x00, 0x00, 0x00, 0x00, 0x00,
    0x00, 0x00, 0x00, 0x00, 0x00, 0x00, 0x00, 0x00, 0x00, 0x00, 0x00, 0x00,
    0x00, 0x00, 0x00, 0x00, 0x00, 0x00, 0x00, 0x00, 0x00, 0x00, 0x00, 0x00,
    0x00, 0x00, 0x00, 0x00, 0x00, 0x00, 0x00, 0x00, 0x00, 0x00, 0x00, 0x00,
    0x00, 0x00, 0x00, 0x00, 0x00, 0x00, 0x00, 0x00, 0x00, 0x00, 0x00, 0x00,
    0x00, 0x00, 0x00, 0x00, 0x00, 0x00, 0x00, 0x00, 0x00, 0x00, 0x00, 0x00,
    0x00, 0x00, 0x00, 0x00, 0x00, 0x00, 0x00, 0x00, 0x00, 0x00, 0x00, 0x00,
    0x00, 0x00, 0x00, 0x00, 0x00, 0x00, 0x00, 0x00, 0x00, 0x00, 0x00, 0x00,
    0x00, 0x00, 0x00, 0x00, 0x00, 0x00, 0x00, 0x00, 0x00, 0x00, 0x00, 0x00,
    0x00, 0x00, 0x00, 0x00, 0x00, 0x00, 0x00, 0x00, 0x00, 0x00, 0x00, 0x00,
    0x00, 0x00, 0x00, 0x00, 0x00, 0x00, 0x00, 0x00, 0x00, 0x00, 0x00, 0x00,
    0x00, 0x00, 0x00, 0x00, 0x00, 0x00, 0x00, 0x00, 0x00, 0x00, 0x00, 0x00,
    0x00, 0x00, 0x00, 0x00, 0x00, 0x00, 0x00, 0x00, 0x00, 0x00, 0x00, 0x00,
    0x00, 0x00, 0x00, 0x00, 0x00, 0x00, 0x00, 0x00, 0x00, 0x00, 0x00, 0x00,
    0x00, 0x00, 0x00, 0x00, 0x00, 0x00, 0x00, 0x00, 0x00, 0x00, 0x00, 0x00,
    0x00, 0x00, 0x00, 0x00, 0x00, 0x00, 0x00, 0x00, 0x00, 0x00, 0x00, 0x00,
    0x00, 0x00, 0x00, 0x00, 0x00, 0x00, 0x00, 0x00, 0x80, 0x00, 0xe8, 0x41,
    0x80, 0x00, 0xe0, 0xdf, 0x80, 0x00, 0xe8, 0xff, 0x78, 0x00, 0xe8, 0xff,
    0x80, 0x00, 0xe0, 0xff, 0x80, 0x00, 0xe0, 0xff, 0x80, 0x00, 0xe8, 0xff,
    0x80, 0x00, 0xe0, 0xcf, 0x80, 0x00, 0xe0, 0x10, 0x00, 0x00, 0x00, 0x00,
    0x00, 0x00, 0x00, 0x00, 0x00, 0x00, 0x00, 0x00, 0x00, 0x00, 0x00, 0x00,
    0x00, 0x00, 0x00, 0x00, 0x00, 0x00, 0x00, 0x00, 0x00, 0x00, 0x00, 0x00,
    0x00, 0x00, 0x00, 0x00, 0x00, 0x00, 0x00, 0x00, 0x00, 0x00, 0x00, 0x00,
    0x00, 0x00, 0x00, 0x00, 0x00, 0x00, 0x00, 0x00, 0x00, 0x00, 0x00, 0x00,
    0x80, 0x00, 0xe0, 0x10, 0x80, 0x00, 0xe0, 0xcf, 0x80, 0x00, 0xe8, 0xff,
    0x78, 0x00, 0xe8, 0xff, 0x80, 0x00, 0xe0, 0xff, 0x80, 0x00, 0xe8, 0xff,
    0x80, 0x00, 0xe8, 0xef, 0x78, 0x00, 0xe8, 0x6d, 0x00, 0x00, 0x00, 0x00,
    0x00, 0x00, 0x00, 0x00, 0x00, 0x00, 0x00, 0x00, 0x00, 0x00, 0x00, 0x00,
    0x00, 0x00, 0x00, 0x00, 0x00, 0x00, 0x00, 0x00, 0x00, 0x00, 0x00, 0x00,
    0x00, 0x00, 0x00, 0x00, 0x00, 0x00, 0x00, 0x00, 0x00, 0x00, 0x00, 0x00,
    0x00, 0x00, 0x00, 0x00, 0x00, 0x00, 0x00, 0x00, 0x00, 0x00, 0x00, 0x00,
    0x00, 0x00, 0x00, 0x00, 0x00, 0x00, 0x00, 0x00, 0x00, 0x00, 0x00, 0x00,
    0x00, 0x00, 0x00, 0x00, 0x00, 0x00, 0x00, 0x00, 0x00, 0x00, 0x00, 0x00,
    0x00, 0x00, 0x00, 0x00, 0x00, 0x00, 0x00, 0x00, 0x00, 0x00, 0x00, 0x00,
    0x00, 0x00, 0x00, 0x00, 0x00, 0x00, 0x00, 0x00, 0x00, 0x00, 0x00, 0x00,
    0x00, 0x00, 0x00, 0x00, 0x00, 0x00, 0x00, 0x00, 0x00, 0x00, 0x00, 0x00,
    0x00, 0x00, 0x00, 0x00, 0x00, 0x00, 0x00, 0x00, 0x00, 0x00, 0x00, 0x00,
    0x00, 0x00, 0x00, 0x00, 0x00, 0x00, 0x00, 0x00, 0x00, 0x00, 0x00, 0x00,
    0x00, 0x00, 0x00, 0x00, 0x00, 0x00, 0x00, 0x00, 0x00, 0x00, 0x00, 0x00,
    0x00, 0x00, 0x00, 0x00, 0x00, 0x00, 0x00, 0x00, 0x00, 0x00, 0x00, 0x00,
    0x00, 0x00, 0x00, 0x00, 0x00, 0x00, 0x00, 0x00, 0x00, 0x00, 0x00, 0x00,
    0x00, 0x00, 0x00, 0x00, 0x00, 0x00, 0x00, 0x00, 0x00, 0x00, 0x00, 0x00,
    0x00, 0x00, 0x00, 0x00, 0x00, 0x00, 0x00, 0x00, 0x00, 0x00, 0x00, 0x00,
    0x00, 0x00, 0x00, 0x00, 0x00, 0x00, 0x00, 0x00, 0x00, 0x00, 0x00, 0x00,
    0x00, 0x00, 0x00, 0x00, 0x00, 0x00, 0x00, 0x00, 0x00, 0x00, 0x00, 0x00,
    0x00, 0x00, 0x00, 0x00, 0x00, 0x00, 0x00, 0x00, 0x00, 0x00, 0x00, 0x00,
    0x00, 0x00, 0x00, 0x00, 0x00, 0x00, 0x00, 0x00, 0x00, 0x00, 0x00, 0x00,
    0x00, 0x00, 0x00, 0x00, 0x00, 0x00, 0x00, 0x00, 0x00, 0x00, 0x00, 0x00,
    0x00, 0x00, 0x00, 0x00, 0x00, 0x00, 0x00, 0x00, 0x00, 0x00, 0x00, 0x00,
    0x00, 0x00, 0x00, 0x00, 0x00, 0x00, 0x00, 0x00, 0x00, 0x00, 0x00, 0x00,
    0x00, 0x00, 0x00, 0x00, 0x00, 0x00, 0x00, 0x00, 0x00, 0x00, 0x00, 0x00,
    0x00, 0x00, 0x00, 0x00, 0x00, 0x00, 0x00, 0x00, 0x00, 0x00, 0x00, 0x00,
    0x00, 0x00, 0x00, 0x00, 0x00, 0x00, 0x00, 0x00, 0x00, 0x00, 0x00, 0x00,
    0x00, 0x00, 0x00, 0x00, 0x00, 0x00, 0x00, 0x00, 0x00, 0x00, 0x00, 0x00,
    0x00, 0x00, 0x00, 0x00, 0x00, 0x00, 0x00, 0x00, 0x00, 0x00, 0x00, 0x00,
    0x00, 0x00, 0x00, 0x00, 0x00, 0x00, 0x00, 0x00, 0x00, 0x00, 0x00, 0x00,
    0x00, 0x00, 0x00, 0x00, 0x00, 0x00, 0x00, 0x00, 0x00, 0x00, 0x00, 0x00,
    0x00, 0x00, 0x00, 0x00, 0x00, 0x00, 0x00, 0x00, 0x00, 0x00, 0x00, 0x00,
    0x00, 0x00, 0x00, 0x00, 0x00, 0x00, 0x00, 0x00, 0x00, 0x00, 0x00, 0x00,
    0x00, 0x00, 0x00, 0x00, 0x00, 0x00, 0x00, 0x00, 0x00, 0x00, 0x00, 0x00,
    0x00, 0x00, 0x00, 0x00, 0x00, 0x00, 0x00, 0x00, 0x00, 0x00, 0x00, 0x00,
    0x00, 0x00, 0x00, 0x00, 0x00, 0x00, 0x00, 0x00, 0x00, 0x00, 0x00, 0x00,
    0x00, 0x00, 0x00, 0x00, 0x00, 0x00, 0x00, 0x00, 0x00, 0x00, 0x00, 0x00,
    0x00, 0x00, 0x00, 0x00, 0x80, 0x00, 0xe0, 0x71, 0x80, 0x00, 0xe8, 0xef,
    0x80, 0x00, 0xe8, 0xff, 0x78, 0x00, 0xe8, 0xff, 0x80, 0x00, 0xe8, 0xff,
    0x80, 0x00, 0xe8, 0xff, 0x78, 0x00, 0xe0, 0xcf, 0x80, 0x00, 0xe0, 0x10,
    0x00, 0x00, 0x00, 0x00, 0x00, 0x00, 0x00, 0x00, 0x00, 0x00, 0x00, 0x00,
    0x00, 0x00, 0x00, 0x00, 0x00, 0x00, 0x00, 0x00, 0x00, 0x00, 0x00, 0x00,
    0x00, 0x00, 0x00, 0x00, 0x00, 0x00, 0x00, 0x00, 0x00, 0x00, 0x00, 0x00,
    0x00, 0x00, 0x00, 0x00, 0x00, 0x00, 0x00, 0x00, 0x00, 0x00, 0x00, 0x00,
    0x80, 0x00, 0xe8, 0xcf, 0x80, 0x00, 0xe8, 0xff, 0x78, 0x00, 0xe8, 0xff,
    0x80, 0x00, 0xe0, 0xff, 0x80, 0x00, 0xe8, 0xff, 0x80, 0x00, 0xe8, 0xdf,
    0x80, 0x00, 0xe0, 0x20, 0x00, 0x00, 0x00, 0x00, 0x00, 0x00, 0x00, 0x00,
    0x00, 0x00, 0x00, 0x00, 0x00, 0x00, 0x00, 0x00, 0x00, 0x00, 0x00, 0x00,
    0x00, 0x00, 0x00, 0x00, 0x00, 0x00, 0x00, 0x00, 0x00, 0x00, 0x00, 0x00,
    0x00, 0x00, 0x00, 0x00, 0x00, 0x00, 0x00, 0x00, 0x00, 0x00, 0x00, 0x00,
    0x00, 0x00, 0x00, 0x00, 0x00, 0x00, 0x00, 0x00, 0x00, 0x00, 0x00, 0x00,
    0x00, 0x00, 0x00, 0x00, 0x00, 0x00, 0x00, 0x00, 0x00, 0x00, 0x00, 0x00,
    0x00, 0x00, 0x00, 0x00, 0x00, 0x00, 0x00, 0x00, 0x00, 0x00, 0x00, 0x00,
    0x00, 0x00, 0x00, 0x00, 0x00, 0x00, 0x00, 0x00, 0x00, 0x00, 0x00, 0x00,
    0x00, 0x00, 0x00, 0x00, 0x00, 0x00, 0x00, 0x00, 0x00, 0x00, 0x00, 0x00,
    0x00, 0x00, 0x00, 0x00, 0x00, 0x00, 0x00, 0x00, 0x00, 0x00, 0x00, 0x00,
    0x00, 0x00, 0x00, 0x00, 0x00, 0x00, 0x00, 0x00, 0x00, 0x00, 0x00, 0x00,
    0x00, 0x00, 0x00, 0x00, 0x00, 0x00, 0x00, 0x00, 0x00, 0x00, 0x00, 0x00,
    0x00, 0x00, 0x00, 0x00, 0x00, 0x00, 0x00, 0x00, 0x00, 0x00, 0x00, 0x00,
    0x00, 0x00, 0x00, 0x00, 0x00, 0x00, 0x00, 0x00, 0x00, 0x00, 0x00, 0x00,
    0x00, 0x00, 0x00, 0x00, 0x00, 0x00, 0x00, 0x00, 0x00, 0x00, 0x00, 0x00,
    0x00, 0x00, 0x00, 0x00, 0x00, 0x00, 0x00, 0x00, 0x00, 0x00, 0x00, 0x00,
    0x00, 0x00, 0x00, 0x00, 0x00, 0x00, 0x00, 0x00, 0x00, 0x00, 0x00, 0x00,
    0x00, 0x00, 0x00, 0x00, 0x00, 0x00, 0x00, 0x00, 0x00, 0x00, 0x00, 0x00,
    0x00, 0x00, 0x00, 0x00, 0x00, 0x00, 0x00, 0x00, 0x00, 0x00, 0x00, 0x00,
    0x00, 0x00, 0x00, 0x00, 0x00, 0x00, 0x00, 0x00, 0x00, 0x00, 0x00, 0x00,
    0x00, 0x00, 0x00, 0x00, 0x00, 0x00, 0x00, 0x00, 0x00, 0x00, 0x00, 0x00,
    0x00, 0x00, 0x00, 0x00, 0x00, 0x00, 0x00, 0x00, 0x00, 0x00, 0x00, 0x00,
    0x00, 0x00, 0x00, 0x00, 0x00, 0x00, 0x00, 0x00, 0x78, 0x00, 0xd8, 0x10,
    0x80, 0x00, 0xe8, 0x6d, 0x80, 0x00, 0xe8, 0x9e, 0x78, 0x00, 0xe0, 0xcf,
    0x78, 0x00, 0xe0, 0xef, 0x80, 0x00, 0xe8, 0xff, 0x78, 0x00, 0xe0, 0xff,
    0x78, 0x00, 0xe0, 0xff, 0x80, 0x00, 0xe8, 0xff, 0x78, 0x00, 0xe0, 0xff,
    0x78, 0x00, 0xe0, 0xff, 0x80, 0x00, 0xe8, 0xff, 0x78, 0x00, 0xe0, 0xff,
    0x78, 0x00, 0xe0, 0xff, 0x80, 0x00, 0xe8, 0xff, 0x78, 0x00, 0xe0, 0xff,
    0x78, 0x00, 0xe0, 0xff, 0x80, 0x00, 0xe8, 0xff, 0x78, 0x00, 0xe0, 0xff,
    0x78, 0x00, 0xe0, 0xff, 0x80, 0x00, 0xe8, 0xff, 0x78, 0x00, 0xe0, 0xff,
    0x78, 0x00, 0xe0, 0xff, 0x80, 0x00, 0xe8, 0xff, 0x78, 0x00, 0xe0, 0xff,
    0x78, 0x00, 0xe0, 0xff, 0x80, 0x00, 0xe8, 0xff, 0x78, 0x00, 0xe0, 0xff,
    0x78, 0x00, 0xe0, 0xff, 0x80, 0x00, 0xe8, 0xff, 0x78, 0x00, 0xe0, 0xff,
    0x78, 0x00, 0xe8, 0xff, 0x80, 0x00, 0xe0, 0xff, 0x78, 0x00, 0xe8, 0xff,
    0x80, 0x00, 0xe8, 0xef, 0x80, 0x00, 0xe0, 0xcf, 0x80, 0x00, 0xe8, 0xae,
    0x80, 0x00, 0xe8, 0x5d, 0x80, 0x00, 0xe0, 0x20, 0x00, 0x00, 0x00, 0x00,
    0x00, 0x00, 0x00, 0x00, 0x00, 0x00, 0x00, 0x00, 0x00, 0x00, 0x00, 0x00,
    0x00, 0x00, 0x00, 0x00, 0x00, 0x00, 0x00, 0x00, 0x80, 0x00, 0xe8, 0x20,
    0x80, 0x00, 0xe8, 0xdf, 0x78, 0x00, 0xe8, 0xff, 0x80, 0x00, 0xe8, 0xff,
    0x80, 0x00, 0xe8, 0xff, 0x80, 0x00, 0xe8, 0xff, 0x80, 0x00, 0xe8, 0xcf,
    0x00, 0x00, 0x00, 0x00, 0x00, 0x00, 0x00, 0x00, 0x00, 0x00, 0x00, 0x00,
    0x00, 0x00, 0x00, 0x00, 0x00, 0x00, 0x00, 0x00, 0x00, 0x00, 0x00, 0x00,
    0x00, 0x00, 0x00, 0x00, 0x00, 0x00, 0x00, 0x00, 0x00, 0x00, 0x00, 0x00,
    0x00, 0x00, 0x00, 0x00, 0x00, 0x00, 0x00, 0x00, 0x80, 0x00, 0xe0, 0x8e,
    0x80, 0x00, 0xe8, 0xff, 0x78, 0x00, 0xe8, 0xff, 0x80, 0x00, 0xe8, 0xff,
    0x80, 0x00, 0xe8, 0xff, 0x78, 0x00, 0xe0, 0xcf, 0x80, 0x00, 0xe0, 0x10,
    0x00, 0x00, 0x00, 0x00, 0x00, 0x00, 0x00, 0x00, 0x00, 0x00, 0x00, 0x00,
    0x00, 0x00, 0x00, 0x00, 0x00, 0x00, 0x00, 0x00, 0x00, 0x00, 0x00, 0x00,
    0x00, 0x00, 0x00, 0x00, 0x00, 0x00, 0x00, 0x00, 0x00, 0x00, 0x00, 0x00,
    0x00, 0x00, 0x00, 0x00, 0x00, 0x00, 0x00, 0x00, 0x00, 0x00, 0x00, 0x00,
    0x00, 0x00, 0x00, 0x00, 0x00, 0x00, 0x00, 0x00, 0x00, 0x00, 0x00, 0x00,
    0x00, 0x00, 0x00, 0x00, 0x00, 0x00, 0x00, 0x00, 0x00, 0x00, 0x00, 0x00,
    0x00, 0x00, 0x00, 0x00, 0x00, 0x00, 0x00, 0x00, 0x00, 0x00, 0x00, 0x00,
    0x00, 0x00, 0x00, 0x00, 0x00, 0x00, 0x00, 0x00, 0x00, 0x00, 0x00, 0x00,
    0x00, 0x00, 0x00, 0x00, 0x00, 0x00, 0x00, 0x00, 0x00, 0x00, 0x00, 0x00,
    0x00, 0x00, 0x00, 0x00, 0x00, 0x00, 0x00, 0x00, 0x00, 0x00, 0x00, 0x00,
    0x00, 0x00, 0x00, 0x00, 0x00, 0x00, 0x00, 0x00, 0x00, 0x00, 0x00, 0x00,
    0x00, 0x00, 0x00, 0x00, 0x00, 0x00, 0x00, 0x00, 0x00, 0x00, 0x00, 0x00,
    0x00, 0x00, 0x00, 0x00, 0x00, 0x00, 0x00, 0x00, 0x00, 0x00, 0x00, 0x00,
    0x00, 0x00, 0x00, 0x00, 0x00, 0x00, 0x00, 0x00, 0x00, 0x00, 0x00, 0x00,
    0x00, 0x00, 0x00, 0x00, 0x00, 0x00, 0x00, 0x00, 0x00, 0x00, 0x00, 0x00,
    0x00, 0x00, 0x00, 0x00, 0x00, 0x00, 0x00, 0x00, 0x00, 0x00, 0x00, 0x00,
    0x00, 0x00, 0x00, 0x00, 0x00, 0x00, 0x00, 0x00, 0x00, 0x00, 0x00, 0x00,
    0x00, 0x00, 0x00, 0x00, 0x00, 0x00, 0x00, 0x00, 0x00, 0x00, 0x00, 0x00,
    0x00, 0x00, 0x00, 0x00, 0x00, 0x00, 0x00, 0x00, 0x00, 0x00, 0x00, 0x00,
    0x00, 0x00, 0x00, 0x00, 0x00, 0x00, 0x00, 0x00, 0x00, 0x00, 0x00, 0x00,
    0x00, 0x00, 0x00, 0x00, 0x00, 0x00, 0x00, 0x00, 0x00, 0x00, 0x00, 0x00,
    0x00, 0x00, 0x00, 0x00, 0x00, 0x00, 0x00, 0x00, 0x00, 0x00, 0x00, 0x00,
    0x80, 0x00, 0xe8, 0x41, 0x80, 0x00, 0xe8, 0xbe, 0x80, 0x00, 0xe0, 0xff,
    0x80, 0x00, 0xe8, 0xff, 0x80, 0x00, 0xe8, 0xff, 0x80, 0x00, 0xe8, 0xff,
    0x80, 0x00, 0xe8, 0xff, 0x80, 0x00, 0xe8, 0xff, 0x80, 0x00, 0xe8, 0xff,
    0x80, 0x00, 0xe8, 0xff, 0x80, 0x00, 0xe8, 0xff, 0x80, 0x00, 0xe8, 0xff,
    0x80, 0x00, 0xe8, 0xff, 0x80, 0x00, 0xe8, 0xff, 0x80, 0x00, 0xe8, 0xff,
    0x80, 0x00, 0xe8, 0xff, 0x80, 0x00, 0xe8, 0xff, 0x80, 0x00, 0xe8, 0xff,
    0x80, 0x00, 0xe8, 0xff, 0x80, 0x00, 0xe8, 0xff, 0x80, 0x00, 0xe8, 0xff,
    0x80, 0x00, 0xe8, 0xff, 0x80, 0x00, 0xe8, 0xff, 0x80, 0x00, 0xe8, 0xff,
    0x80, 0x00, 0xe8, 0xff, 0x80, 0x00, 0xe8, 0xff, 0x80, 0x00, 0xe8, 0xff,
    0x80, 0x00, 0xe8, 0xff, 0x80, 0x00, 0xe8, 0xff, 0x80, 0x00, 0xe8, 0xff,
    0x80, 0x00, 0xe8, 0xff, 0x80, 0x00, 0xe8, 0xff, 0x80, 0x00, 0xe8, 0xff,
    0x80, 0x00, 0xe8, 0xff, 0x80, 0x00, 0xe8, 0xff, 0x80, 0x00, 0xe0, 0xff,
    0x78, 0x00, 0xe8, 0xff, 0x80, 0x00, 0xe8, 0xff, 0x78, 0x00, 0xe0, 0xff,
    0x80, 0x00, 0xe8, 0xff, 0x80, 0x00, 0xe8, 0xff, 0x80, 0x00, 0xe0, 0xae,
    0x78, 0x00, 0xe8, 0x41, 0x00, 0x00, 0x00, 0x00, 0x00, 0x00, 0x00, 0x00,
    0x00, 0x00, 0x00, 0x00, 0x00, 0x00, 0x00, 0x00, 0x00, 0x00, 0x00, 0x00,
    0x80, 0x00, 0xe8, 0x20, 0x80, 0x00, 0xe0, 0xcf, 0x78, 0x00, 0xe0, 0xff,
    0x80, 0x00, 0xe8, 0xff, 0x80, 0x00, 0xe8, 0xff, 0x78, 0x00, 0xe0, 0xff,
    0x80, 0x00, 0xe8, 0x8e, 0x00, 0x00, 0x00, 0x00, 0x00, 0x00, 0x00, 0x00,
    0x00, 0x00, 0x00, 0x00, 0x00, 0x00, 0x00, 0x00, 0x00, 0x00, 0x00, 0x00,
    0x00, 0x00, 0x00, 0x00, 0x00, 0x00, 0x00, 0x00, 0x00, 0x00, 0x00, 0x00,
    0x00, 0x00, 0x00, 0x00, 0x80, 0x00, 0xe0, 0x61, 0x80, 0x00, 0xe8, 0xff,
    0x78, 0x00, 0xe8, 0xff, 0x80, 0x00, 0xe0, 0xff, 0x80, 0x00, 0xe8, 0xff,
    0x80, 0x00, 0xe0, 0xcf, 0x80, 0x00, 0xe0, 0x10, 0x00, 0x00, 0x00, 0x00,
    0x00, 0x00, 0x00, 0x00, 0x00, 0x00, 0x00, 0x00, 0x00, 0x00, 0x00, 0x00,
    0x00, 0x00, 0x00, 0x00, 0x00, 0x00, 0x00, 0x00, 0x00, 0x00, 0x00, 0x00,
    0x00, 0x00, 0x00, 0x00, 0x00, 0x00, 0x00, 0x00, 0x00, 0x00, 0x00, 0x00,
    0x00, 0x00, 0x00, 0x00, 0x00, 0x00, 0x00, 0x00, 0x00, 0x00, 0x00, 0x00,
    0x00, 0x00, 0x00, 0x00, 0x00, 0x00, 0x00, 0x00, 0x00, 0x00, 0x00, 0x00,
    0x00, 0x00, 0x00, 0x00, 0x00, 0x00, 0x00, 0x00, 0x00, 0x00, 0x00, 0x00,
    0x00, 0x00, 0x00, 0x00, 0x00, 0x00, 0x00, 0x00, 0x00, 0x00, 0x00, 0x00,
    0x00, 0x00, 0x00, 0x00, 0x00, 0x00, 0x00, 0x00, 0x00, 0x00, 0x00, 0x00,
    0x00, 0x00, 0x00, 0x00, 0x00, 0x00, 0x00, 0x00, 0x00, 0x00, 0x00, 0x00,
    0x00, 0x00, 0x00, 0x00, 0x00, 0x00, 0x00, 0x00, 0x00, 0x00, 0x00, 0x00,
    0x00, 0x00, 0x00, 0x00, 0x00, 0x00, 0x00, 0x00, 0x00, 0x00, 0x00, 0x00,
    0x00, 0x00, 0x00, 0x00, 0x00, 0x00, 0x00, 0x00, 0x00, 0x00, 0x00, 0x00,
    0x00, 0x00, 0x00, 0x00, 0x00, 0x00, 0x00, 0x00, 0x00, 0x00, 0x00, 0x00,
    0x00, 0x00, 0x00, 0x00, 0x00, 0x00, 0x00, 0x00, 0x00, 0x00, 0x00, 0x00,
    0x00, 0x00, 0x00, 0x00, 0x00, 0x00, 0x00, 0x00, 0x00, 0x00, 0x00, 0x00,
    0x00, 0x00, 0x00, 0x00, 0x00, 0x00, 0x00, 0x00, 0x00, 0x00, 0x00, 0x00,
    0x00, 0x00, 0x00, 0x00, 0x00, 0x00, 0x00, 0x00, 0x00, 0x00, 0x00, 0x00,
    0x00, 0x00, 0x00, 0x00, 0x00, 0x00, 0x00, 0x00, 0x00, 0x00, 0x00, 0x00,
    0x00, 0x00, 0x00, 0x00, 0x00, 0x00, 0x00, 0x00, 0x00, 0x00, 0x00, 0x00,
    0x00, 0x00, 0x00, 0x00, 0x00, 0x00, 0x00, 0x00, 0x00, 0x00, 0x00, 0x00,
    0x00, 0x00, 0x00, 0x00, 0x00, 0x00, 0x00, 0x00, 0x00, 0x00, 0x00, 0x00,
    0x00, 0x00, 0x00, 0x00, 0x78, 0x00, 0xe0, 0x20, 0x80, 0x00, 0xe8, 0xbe,
    0x78, 0x00, 0xe8, 0xff, 0x80, 0x00, 0xe0, 0xff, 0x80, 0x00, 0xe8, 0xff,
    0x78, 0x00, 0xe8, 0xff, 0x80, 0x00, 0xe8, 0xff, 0x80, 0x00, 0xe0, 0xff,
    0x78, 0x00, 0xe8, 0xff, 0x80, 0x00, 0xe8, 0xff, 0x80, 0x00, 0xe8, 0xff,
    0x80, 0x00, 0xe8, 0xff, 0x78, 0x00, 0xe0, 0xff, 0x80, 0x00, 0xe8, 0xff,
    0x80, 0x00, 0xe8, 0xff, 0x80, 0x00, 0xe8, 0xff, 0x80, 0x00, 0xe8, 0xff,
    0x80, 0x00, 0xe8, 0xff, 0x78, 0x00, 0xe0, 0xff, 0x80, 0x00, 0xe8, 0xff,
    0x80, 0x00, 0xe8, 0xff, 0x80, 0x00, 0xe8, 0xff, 0x80, 0x00, 0xe8, 0xff,
    0x80, 0x00, 0xe8, 0xff, 0x78, 0x00, 0xe0, 0xff, 0x80, 0x00, 0xe8, 0xff,
    0x80, 0x00, 0xe8, 0xff, 0x80, 0x00, 0xe8, 0xff, 0x80, 0x00, 0xe8, 0xff,
    0x80, 0x00, 0xe8, 0xff, 0x78, 0x00, 0xe0, 0xff, 0x80, 0x00, 0xe8, 0xff,
    0x80, 0x00, 0xe8, 0xff, 0x80, 0x00, 0xe0, 0xff, 0x80, 0x00, 0xe8, 0xff,
    0x80, 0x00, 0xe8, 0xff, 0x80, 0x00, 0xe8, 0xff, 0x80, 0x00, 0xe8, 0xff,
    0x80, 0x00, 0xe8, 0xff, 0x80, 0x00, 0xe8, 0xff, 0x78, 0x00, 0xe8, 0xff,
    0x80, 0x00, 0xe8, 0xff, 0x80, 0x00, 0xe0, 0xff, 0x78, 0x00, 0xe8, 0xff,
    0x80, 0x00, 0xe8, 0xff, 0x80, 0x00, 0xe8, 0xae, 0x80, 0x00, 0xe0, 0x20,
    0x00, 0x00, 0x00, 0x00, 0x00, 0x00, 0x00, 0x00, 0x00, 0x00, 0x00, 0x00,
    0x00, 0x00, 0x00, 0x00, 0x80, 0x00, 0xe0, 0x10, 0x80, 0x00, 0xe8, 0xcf,
    0x78, 0x00, 0xe8, 0xff, 0x80, 0x00, 0xe0, 0xff, 0x80, 0x00, 0xe8, 0xff,
    0x80, 0x00, 0xe8, 0xff, 0x78, 0x00, 0xe0, 0x71, 0x00, 0x00, 0x00, 0x00,
    0x00, 0x00, 0x00, 0x00, 0x00, 0x00, 0x00, 0x00, 0x00, 0x00, 0x00, 0x00,
    0x00, 0x00, 0x00, 0x00, 0x00, 0x00, 0x00, 0x00, 0x00, 0x00, 0x00, 0x00,
    0x80, 0x00, 0xe8, 0x20, 0x80, 0x00, 0xe8, 0xdf, 0x80, 0x00, 0xe8, 0xff,
    0x80, 0x00, 0xe8, 0xff, 0x80, 0x00, 0xe8, 0xff, 0x78, 0x00, 0xe8, 0xdf,
    0x80, 0x00, 0xe0, 0x20, 0x00, 0x00, 0x00, 0x00, 0x00, 0x00, 0x00, 0x00,
    0x00, 0x00, 0x00, 0x00, 0x00, 0x00, 0x00, 0x00, 0x00, 0x00, 0x00, 0x00,
    0x00, 0x00, 0x00, 0x00, 0x00, 0x00, 0x00, 0x00, 0x00, 0x00, 0x00, 0x00,
    0x00, 0x00, 0x00, 0x00, 0x00, 0x00, 0x00, 0x00, 0x00, 0x00, 0x00, 0x00,
    0x00, 0x00, 0x00, 0x00, 0x00, 0x00, 0x00, 0x00, 0x00, 0x00, 0x00, 0x00,
    0x00, 0x00, 0x00, 0x00, 0x00, 0x00, 0x00, 0x00, 0x00, 0x00, 0x00, 0x00,
    0x00, 0x00, 0x00, 0x00, 0x00, 0x00, 0x00, 0x00, 0x00, 0x00, 0x00, 0x00,
    0x00, 0x00, 0x00, 0x00, 0x00, 0x00, 0x00, 0x00, 0x00, 0x00, 0x00, 0x00,
    0x00, 0x00, 0x00, 0x00, 0x00, 0x00, 0x00, 0x00, 0x00, 0x00, 0x00, 0x00,
    0x00, 0x00, 0x00, 0x00, 0x00, 0x00, 0x00, 0x00, 0x00, 0x00, 0x00, 0x00,
    0x00, 0x00, 0x00, 0x00, 0x00, 0x00, 0x00, 0x00, 0x00, 0x00, 0x00, 0x00,
    0x00, 0x00, 0x00, 0x00, 0x00, 0x00, 0x00, 0x00, 0x00, 0x00, 0x00, 0x00,
    0x00, 0x00, 0x00, 0x00, 0x00, 0x00, 0x00, 0x00, 0x00, 0x00, 0x00, 0x00,
    0x00, 0x00, 0x00, 0x00, 0x00, 0x00, 0x00, 0x00, 0x00, 0x00, 0x00, 0x00,
    0x00, 0x00, 0x00, 0x00, 0x00, 0x00, 0x00, 0x00, 0x00, 0x00, 0x00, 0x00,
    0x00, 0x00, 0x00, 0x00, 0x00, 0x00, 0x00, 0x00, 0x00, 0x00, 0x00, 0x00,
    0x00, 0x00, 0x00, 0x00, 0x00, 0x00, 0x00, 0x00, 0x00, 0x00, 0x00, 0x00,
    0x00, 0x00, 0x00, 0x00, 0x00, 0x00, 0x00, 0x00, 0x00, 0x00, 0x00, 0x00,
    0x00, 0x00, 0x00, 0x00, 0x00, 0x00, 0x00, 0x00, 0x00, 0x00, 0x00, 0x00,
    0x00, 0x00, 0x00, 0x00, 0x00, 0x00, 0x00, 0x00, 0x00, 0x00, 0x00, 0x00,
    0x00, 0x00, 0x00, 0x00, 0x00, 0x00, 0x00, 0x00, 0x00, 0x00, 0x00, 0x00,
    0x00, 0x00, 0x00, 0x00, 0x00, 0x00, 0x00, 0x00, 0x00, 0x00, 0x00, 0x00,
    0x80, 0x00, 0xe0, 0x71, 0x80, 0x00, 0xe8, 0xef, 0x80, 0x00, 0xe8, 0xff,
    0x78, 0x00, 0xe0, 0xff, 0x80, 0x00, 0xe8, 0xff, 0x80, 0x00, 0xe8, 0xff,
    0x78, 0x00, 0xe8, 0xff, 0x80, 0x00, 0xe0, 0xff, 0x80, 0x00, 0xe8, 0xff,
    0x78, 0x00, 0xe8, 0xff, 0x80, 0x00, 0xe0, 0xff, 0x80, 0x00, 0xe8, 0xff,
    0x78, 0x00, 0xe0, 0xff, 0x80, 0x00, 0xe8, 0xff, 0x80, 0x00, 0xe8, 0xff,
    0x78, 0x00, 0xe0, 0xff, 0x78, 0x00, 0xe0, 0xff, 0x80, 0x00, 0xe8, 0xff,
    0x80, 0x00, 0xe8, 0xff, 0x78, 0x00, 0xe0, 0xff, 0x80, 0x00, 0xe8, 0xff,
    0x78, 0x00, 0xe0, 0xff, 0x78, 0x00, 0xe0, 0xff, 0x80, 0x00, 0xe8, 0xff,
    0x80, 0x00, 0xe8, 0xff, 0x78, 0x00, 0xe0, 0xff, 0x80, 0x00, 0xe8, 0xff,
    0x78, 0x00, 0xe0, 0xff, 0x78, 0x00, 0xe0, 0xff, 0x80, 0x00, 0xe8, 0xff,
    0x80, 0x00, 0xe8, 0xff, 0x78, 0x00, 0xe0, 0xff, 0x80, 0x00, 0xe8, 0xff,
    0x78, 0x00, 0xe8, 0xff, 0x78, 0x00, 0xe0, 0xff, 0x80, 0x00, 0xe8, 0xff,
    0x78, 0x00, 0xe0, 0xff, 0x78, 0x00, 0xe0, 0xff, 0x80, 0x00, 0xe8, 0xff,
    0x80, 0x00, 0xe0, 0xff, 0x80, 0x00, 0xe8, 0xff, 0x80, 0x00, 0xe8, 0xff,
    0x80, 0x00, 0xe0, 0xff, 0x78, 0x00, 0xe8, 0xff, 0x80, 0x00, 0xe8, 0xff,
    0x80, 0x00, 0xe8, 0xff, 0x80, 0x00, 0xe0, 0xff, 0x78, 0x00, 0xe0, 0xef,
    0x78, 0x00, 0xe0, 0x71, 0x00, 0x00, 0x00, 0x00, 0x00, 0x00, 0x00, 0x00,
    0x00, 0x00, 0x00, 0x00, 0x00, 0x00, 0x00, 0x00, 0x80, 0x00, 0xe0, 0x10,
    0x80, 0x00, 0xe8, 0xdf, 0x80, 0x00, 0xe8, 0xff, 0x80, 0x00, 0xe8, 0xff,
    0x80, 0x00, 0xe8, 0xff, 0x80, 0x00, 0xe0, 0xef, 0x80, 0x00, 0xe0, 0x20,
    0x00, 0x00, 0x00, 0x00, 0x00, 0x00, 0x00, 0x00, 0x00, 0x00, 0x00, 0x00,
    0x00, 0x00, 0x00, 0x00, 0x00, 0x00, 0x00, 0x00, 0x00, 0x00, 0x00, 0x00,
    0x80, 0x00, 0xe8, 0x9e, 0x78, 0x00, 0xe8, 0xff, 0x80, 0x00, 0xe8, 0xff,
    0x80, 0x00, 0xe0, 0xff, 0x78, 0x00, 0xe8, 0xef, 0x80, 0x00, 0xe0, 0x20,
    0x00, 0x00, 0x00, 0x00, 0x00, 0x00, 0x00, 0x00, 0x00, 0x00, 0x00, 0x00,
    0x00, 0x00, 0x00, 0x00, 0x00, 0x00, 0x00, 0x00, 0x00, 0x00, 0x00, 0x00,
    0x00, 0x00, 0x00, 0x00, 0x00, 0x00, 0x00, 0x00, 0x00, 0x00, 0x00, 0x00,
    0x00, 0x00, 0x00, 0x00, 0x00, 0x00, 0x00, 0x00, 0x00, 0x00, 0x00, 0x00,
    0x00, 0x00, 0x00, 0x00, 0x00, 0x00, 0x00, 0x00, 0x00, 0x00, 0x00, 0x00,
    0x00, 0x00, 0x00, 0x00, 0x00, 0x00, 0x00, 0x00, 0x00, 0x00, 0x00, 0x00,
    0x00, 0x00, 0x00, 0x00, 0x00, 0x00, 0x00, 0x00, 0x00, 0x00, 0x00, 0x00,
    0x00, 0x00, 0x00, 0x00, 0x00, 0x00, 0x00, 0x00, 0x00, 0x00, 0x00, 0x00,
    0x00, 0x00, 0x00, 0x00, 0x00, 0x00, 0x00, 0x00, 0x00, 0x00, 0x00, 0x00,
    0x00, 0x00, 0x00, 0x00, 0x00, 0x00, 0x00, 0x00, 0x00, 0x00, 0x00, 0x00,
    0x00, 0x00, 0x00, 0x00, 0x00, 0x00, 0x00, 0x00, 0x00, 0x00, 0x00, 0x00,
    0x00, 0x00, 0x00, 0x00, 0x00, 0x00, 0x00, 0x00, 0x00, 0x00, 0x00, 0x00,
    0x00, 0x00, 0x00, 0x00, 0x00, 0x00, 0x00, 0x00, 0x00, 0x00, 0x00, 0x00,
    0x00, 0x00, 0x00, 0x00, 0x00, 0x00, 0x00, 0x00, 0x00, 0x00, 0x00, 0x00,
    0x00, 0x00, 0x00, 0x00, 0x00, 0x00, 0x00, 0x00, 0x00, 0x00, 0x00, 0x00,
    0x00, 0x00, 0x00, 0x00, 0x00, 0x00, 0x00, 0x00, 0x00, 0x00, 0x00, 0x00,
    0x00, 0x00, 0x00, 0x00, 0x00, 0x00, 0x00, 0x00, 0x00, 0x00, 0x00, 0x00,
    0x00, 0x00, 0x00, 0x00, 0x00, 0x00, 0x00, 0x00, 0x00, 0x00, 0x00, 0x00,
    0x00, 0x00, 0x00, 0x00, 0x00, 0x00, 0x00, 0x00, 0x00, 0x00, 0x00, 0x00,
    0x00, 0x00, 0x00, 0x00, 0x00, 0x00, 0x00, 0x00, 0x00, 0x00, 0x00, 0x00,
    0x00, 0x00, 0x00, 0x00, 0x00, 0x00, 0x00, 0x00, 0x00, 0x00, 0x00, 0x00,
    0x00, 0x00, 0x00, 0x00, 0x00, 0x00, 0x00, 0x00, 0x78, 0x00, 0xe0, 0x82,
    0x78, 0x00, 0xe8, 0xff, 0x80, 0x00, 0xe8, 0xff, 0x80, 0x00, 0xe8, 0xff,
    0x80, 0x00, 0xe8, 0xff, 0x80, 0x00, 0xe8, 0xff, 0x80, 0x00, 0xe8, 0xff,
    0x80, 0x00, 0xe0, 0xff, 0x80, 0x00, 0xe8, 0xff, 0x80, 0x00, 0xe8, 0xff,
    0x80, 0x00, 0xe8, 0xff, 0x80, 0x00, 0xe8, 0xff, 0x78, 0x00, 0xe0, 0xff,
    0x80, 0x00, 0xe8, 0xff, 0x80, 0x00, 0xe8, 0xff, 0x80, 0x00, 0xe8, 0xff,
    0x80, 0x00, 0xe8, 0xff, 0x80, 0x00, 0xe8, 0xff, 0x80, 0x00, 0xe8, 0xff,
    0x78, 0x00, 0xe0, 0xff, 0x80, 0x00, 0xe8, 0xff, 0x80, 0x00, 0xe8, 0xff,
    0x80, 0x00, 0xe8, 0xff, 0x80, 0x00, 0xe8, 0xff, 0x80, 0x00, 0xe8, 0xff,
    0x80, 0x00, 0xe8, 0xff, 0x80, 0x00, 0xe8, 0xff, 0x80, 0x00, 0xe8, 0xff,
    0x80, 0x00, 0xe8, 0xff, 0x80, 0x00, 0xe8, 0xff, 0x80, 0x00, 0xe8, 0xff,
    0x80, 0x00, 0xe8, 0xff, 0x80, 0x00, 0xe8, 0xff, 0x80, 0x00, 0xe8, 0xff,
    0x80, 0x00, 0xe8, 0xff, 0x80, 0x00, 0xe8, 0xff, 0x80, 0x00, 0xe8, 0xff,
    0x80, 0x00, 0xe8, 0xff, 0x80, 0x00, 0xe8, 0xff, 0x78, 0x00, 0xe8, 0xff,
    0x78, 0x00, 0xe8, 0xff, 0x80, 0x00, 0xe0, 0xff, 0x80, 0x00, 0xe8, 0xff,
    0x78, 0x00, 0xe8, 0xff, 0x80, 0x00, 0xe8, 0xff, 0x80, 0x00, 0xe8, 0xff,
    0x80, 0x00, 0xe0, 0xff, 0x80, 0x00, 0xe8, 0xff, 0x80, 0x00, 0xe8, 0xff,
    0x80, 0x00, 0xe8, 0xff, 0x78, 0x00, 0xe8, 0x82, 0x00, 0x00, 0x00, 0x00,
    0x00, 0x00, 0x00, 0x00, 0x00, 0x00, 0x00, 0x00, 0x00, 0x00, 0x00, 0x00,
    0x80, 0x00, 0xe8, 0x20, 0x78, 0x00, 0xe0, 0xef, 0x78, 0x00, 0xe8, 0xff,
    0x80, 0x00, 0xe8, 0xff, 0x80, 0x00, 0xe8, 0xff, 0x78, 0x00, 0xe8, 0xae,
    0x00, 0x00, 0x00, 0x00, 0x00, 0x00, 0x00, 0x00, 0x00, 0x00, 0x00, 0x00,
    0x00, 0x00, 0x00, 0x00, 0x00, 0x00, 0x00, 0x00, 0x80, 0x00, 0xe8, 0x20,
    0x80, 0x00, 0xe8, 0xff, 0x80, 0x00, 0xe0, 0xff, 0x78, 0x00, 0xe8, 0xff,
    0x80, 0x00, 0xe8, 0xff, 0x80, 0x00, 0xe0, 0x6d, 0x00, 0x00, 0x00, 0x00,
    0x00, 0x00, 0x00, 0x00, 0x00, 0x00, 0x00, 0x00, 0x00, 0x00, 0x00, 0x00,
    0x00, 0x00, 0x00, 0x00, 0x00, 0x00, 0x00, 0x00, 0x00, 0x00, 0x00, 0x00,
    0x00, 0x00, 0x00, 0x00, 0x00, 0x00, 0x00, 0x00, 0x00, 0x00, 0x00, 0x00,
    0x00, 0x00, 0x00, 0x00, 0x00, 0x00, 0x00, 0x00, 0x00, 0x00, 0x00, 0x00,
    0x00, 0x00, 0x00, 0x00, 0x00, 0x00, 0x00, 0x00, 0x00, 0x00, 0x00, 0x00,
    0x00, 0x00, 0x00, 0x00, 0x00, 0x00, 0x00, 0x00, 0x00, 0x00, 0x00, 0x00,
    0x00, 0x00, 0x00, 0x00, 0x00, 0x00, 0x00, 0x00, 0x00, 0x00, 0x00, 0x00,
    0x00, 0x00, 0x00, 0x00, 0x00, 0x00, 0x00, 0x00, 0x00, 0x00, 0x00, 0x00,
    0x00, 0x00, 0x00, 0x00, 0x00, 0x00, 0x00, 0x00, 0x00, 0x00, 0x00, 0x00,
    0x00, 0x00, 0x00, 0x00, 0x00, 0x00, 0x00, 0x00, 0x00, 0x00, 0x00, 0x00,
    0x00, 0x00, 0x00, 0x00, 0x00, 0x00, 0x00, 0x00, 0x00, 0x00, 0x00, 0x00,
    0x00, 0x00, 0x00, 0x00, 0x00, 0x00, 0x00, 0x00, 0x00, 0x00, 0x00, 0x00,
    0x00, 0x00, 0x00, 0x00, 0x00, 0x00, 0x00, 0x00, 0x00, 0x00, 0x00, 0x00,
    0x00, 0x00, 0x00, 0x00, 0x00, 0x00, 0x00, 0x00, 0x00, 0x00, 0x00, 0x00,
    0x00, 0x00, 0x00, 0x00, 0x00, 0x00, 0x00, 0x00, 0x00, 0x00, 0x00, 0x00,
    0x00, 0x00, 0x00, 0x00, 0x00, 0x00, 0x00, 0x00, 0x00, 0x00, 0x00, 0x00,
    0x00, 0x00, 0x00, 0x00, 0x00, 0x00, 0x00, 0x00, 0x00, 0x00, 0x00, 0x00,
    0x00, 0x00, 0x00, 0x00, 0x00, 0x00, 0x00, 0x00, 0x00, 0x00, 0x00, 0x00,
    0x00, 0x00, 0x00, 0x00, 0x00, 0x00, 0x00, 0x00, 0x00, 0x00, 0x00, 0x00,
    0x00, 0x00, 0x00, 0x00, 0x00, 0x00, 0x00, 0x00, 0x00, 0x00, 0x00, 0x00,
    0x00, 0x00, 0x00, 0x00, 0x00, 0x00, 0x00, 0x00, 0x00, 0x00, 0x00, 0x00,
    0x00, 0x00, 0x00, 0x00, 0x78, 0x00, 0xe0, 0x82, 0x80, 0x00, 0xe8, 0xff,
    0x80, 0x00, 0xe8, 0xff, 0x80, 0x00, 0xe0, 0xff, 0x78, 0x00, 0xe8, 0xff,
    0x80, 0x00, 0xe8, 0xff, 0x78, 0x00, 0xe0, 0xff, 0x78, 0x00, 0xe8, 0xff,
    0x80, 0x00, 0xe8, 0xff, 0x78, 0x00, 0xe8, 0xff, 0x78, 0x00, 0xe0, 0xff,
    0x80, 0x00, 0xe8, 0xff, 0x80, 0x00, 0xe8, 0xff, 0x80, 0x00, 0xe8, 0xff,
    0x80, 0x00, 0xe8, 0xff, 0x78, 0x00, 0xe0, 0xff, 0x80, 0x00, 0xe8, 0xff,
    0x80, 0x00, 0xe8, 0xff, 0x80, 0x00, 0xe8, 0xff, 0x78, 0x00, 0xe0, 0xff,
    0x80, 0x00, 0xe8, 0xff, 0x80, 0x00, 0xe8, 0xff, 0x80, 0x00, 0xe8, 0xff,
    0x80, 0x00, 0xe8, 0xff, 0x78, 0x00, 0xe0, 0xff, 0x80, 0x00, 0xe8, 0xff,
    0x78, 0x00, 0xe0, 0xff, 0x80, 0x00, 0xe8, 0xff, 0x80, 0x00, 0xe8, 0xff,
    0x80, 0x00, 0xe8, 0xff, 0x78, 0x00, 0xe0, 0xff, 0x80, 0x00, 0xe8, 0xff,
    0x78, 0x00, 0xe0, 0xff, 0x80, 0x00, 0xe8, 0xff, 0x80, 0x00, 0xe0, 0xff,
    0x80, 0x00, 0xe8, 0xff, 0x78, 0x00, 0xe8, 0xff, 0x80, 0x00, 0xe0, 0xff,
    0x80, 0x00, 0xe8, 0xff, 0x80, 0x00, 0xe8, 0xff, 0x80, 0x00, 0xe8, 0xff,
    0x80, 0x00, 0xe8, 0xff, 0x80, 0x00, 0xe8, 0xff, 0x78, 0x00, 0xe0, 0xff,
    0x80, 0x00, 0xe8, 0xff, 0x80, 0x00, 0xe8, 0xff, 0x78, 0x00, 0xe0, 0xff,
    0x78, 0x00, 0xe8, 0xff, 0x80, 0x00, 0xe8, 0xff, 0x80, 0x00, 0xe8, 0xff,
    0x80, 0x00, 0xe8, 0xff, 0x80, 0x00, 0xe8, 0xff, 0x78, 0x00, 0xe0, 0x82,
    0x00, 0x00, 0x00, 0x00, 0x00, 0x00, 0x00, 0x00, 0x00, 0x00, 0x00, 0x00,
    0x00, 0x00, 0x00, 0x00, 0x78, 0x00, 0xe0, 0x71, 0x80, 0x00, 0xe8, 0xff,
    0x80, 0x00, 0xe8, 0xff, 0x80, 0x00, 0xe0, 0xff, 0x80, 0x00, 0xe8, 0xff,
    0x78, 0x00, 0xe0, 0x41, 0x00, 0x00, 0x00, 0x00, 0x00, 0x00, 0x00, 0x00,
    0x00, 0x00, 0x00, 0x00, 0x00, 0x00, 0x00, 0x00, 0x80, 0x00, 0xe8, 0x9e,
    0x80, 0x00, 0xe8, 0xff, 0x80, 0x00, 0xe8, 0xff, 0x80, 0x00, 0xe8, 0xff,
    0x80, 0x00, 0xe8, 0xdf, 0x00, 0x00, 0x00, 0x00, 0x00, 0x00, 0x00, 0x00,
    0x00, 0x00, 0x00, 0x00, 0x00, 0x00, 0x00, 0x00, 0x00, 0x00, 0x00, 0x00,
    0x00, 0x00, 0x00, 0x00, 0x00, 0x00, 0x00, 0x00, 0x00, 0x00, 0x00, 0x00,
    0x00, 0x00, 0x00, 0x00, 0x00, 0x00, 0x00, 0x00, 0x00, 0x00, 0x00, 0x00,
    0x00, 0x00, 0x00, 0x00, 0x00, 0x00, 0x00, 0x00, 0x00, 0x00, 0x00, 0x00,
    0x00, 0x00, 0x00, 0x00, 0x00, 0x00, 0x00, 0x00, 0x00, 0x00, 0x00, 0x00,
    0x00, 0x00, 0x00, 0x00, 0x00, 0x00, 0x00, 0x00, 0x00, 0x00, 0x00, 0x00,
    0x00, 0x00, 0x00, 0x00, 0x00, 0x00, 0x00, 0x00, 0x00, 0x00, 0x00, 0x00,
    0x00, 0x00, 0x00, 0x00, 0x00, 0x00, 0x00, 0x00, 0x00, 0x00, 0x00, 0x00,
    0x00, 0x00, 0x00, 0x00, 0x00, 0x00, 0x00, 0x00, 0x00, 0x00, 0x00, 0x00,
    0x00, 0x00, 0x00, 0x00, 0x00, 0x00, 0x00, 0x00, 0x00, 0x00, 0x00, 0x00,
    0x00, 0x00, 0x00, 0x00, 0x00, 0x00, 0x00, 0x00, 0x00, 0x00, 0x00, 0x00,
    0x00, 0x00, 0x00, 0x00, 0x00, 0x00, 0x00, 0x00, 0x00, 0x00, 0x00, 0x00,
    0x00, 0x00, 0x00, 0x00, 0x00, 0x00, 0x00, 0x00, 0x00, 0x00, 0x00, 0x00,
    0x00, 0x00, 0x00, 0x00, 0x00, 0x00, 0x00, 0x00, 0x00, 0x00, 0x00, 0x00,
    0x00, 0x00, 0x00, 0x00, 0x00, 0x00, 0x00, 0x00, 0x00, 0x00, 0x00, 0x00,
    0x00, 0x00, 0x00, 0x00, 0x00, 0x00, 0x00, 0x00, 0x00, 0x00, 0x00, 0x00,
    0x00, 0x00, 0x00, 0x00, 0x00, 0x00, 0x00, 0x00, 0x00, 0x00, 0x00, 0x00,
    0x00, 0x00, 0x00, 0x00, 0x00, 0x00, 0x00, 0x00, 0x00, 0x00, 0x00, 0x00,
    0x00, 0x00, 0x00, 0x00, 0x00, 0x00, 0x00, 0x00, 0x00, 0x00, 0x00, 0x00,
    0x00, 0x00, 0x00, 0x00, 0x00, 0x00, 0x00, 0x00, 0x00, 0x00, 0x00, 0x00,
    0x00, 0x00, 0x00, 0x00, 0x00, 0x00, 0x00, 0x00, 0x00, 0x00, 0x00, 0x00,
    0x80, 0x00, 0xe0, 0x71, 0x80, 0x00, 0xe8, 0xff, 0x80, 0x00, 0xe8, 0xff,
    0x80, 0x00, 0xe8, 0xff, 0x80, 0x00, 0xe8, 0xff, 0x80, 0x00, 0xe0, 0xff,
    0x80, 0x00, 0xe8, 0xff, 0x80, 0x00, 0xe8, 0xff, 0x80, 0x00, 0xe0, 0xff,
    0x80, 0x00, 0xe8, 0xff, 0x80, 0x00, 0xe8, 0xff, 0x80, 0x00, 0xe0, 0xff,
    0x78, 0x00, 0xe8, 0xff, 0x80, 0x00, 0xe8, 0xff, 0x80, 0x00, 0xe0, 0xff,
    0x78, 0x00, 0xe8, 0xff, 0x80, 0x00, 0xe8, 0xff, 0x80, 0x00, 0xe0, 0xff,
    0x78, 0x00, 0xe8, 0xff, 0x80, 0x00, 0xe8, 0xff, 0x80, 0x00, 0xe8, 0xff,
    0x80, 0x00, 0xe8, 0xff, 0x78, 0x00, 0xe0, 0xff, 0x80, 0x00, 0xe8, 0xff,
    0x80, 0x00, 0xe8, 0xff, 0x80, 0x00, 0xe8, 0xff, 0x78, 0x00, 0xe0, 0xff,
    0x80, 0x00, 0xe8, 0xff, 0x80, 0x00, 0xe8, 0xff, 0x78, 0x00, 0xe0, 0xff,
    0x80, 0x00, 0xe8, 0xff, 0x80, 0x00, 0xe8, 0xff, 0x78, 0x00, 0xe0, 0xff,
    0x80, 0x00, 0xe8, 0xff, 0x80, 0x00, 0xe8, 0xff, 0x78, 0x00, 0xe8, 0xff,
    0x80, 0x00, 0xe0, 0xff, 0x80, 0x00, 0xe8, 0xff, 0x78, 0x00, 0xe8, 0xff,
    0x80, 0x00, 0xe0, 0xff, 0x78, 0x00, 0xe8, 0xff, 0x80, 0x00, 0xe0, 0xff,
    0x80, 0x00, 0xe8, 0xff, 0x80, 0x00, 0xe8, 0xff, 0x80, 0x00, 0xe8, 0xff,
    0x80, 0x00, 0xe0, 0xff, 0x80, 0x00, 0xe8, 0xff, 0x80, 0x00, 0xe8, 0xff,
    0x80, 0x00, 0xe8, 0xff, 0x78, 0x00, 0xe8, 0xff, 0x80, 0x00, 0xe0, 0xff,
    0x80, 0x00, 0xe8, 0xff, 0x80, 0x00, 0xe8, 0xff, 0x80, 0x00, 0xe8, 0xff,
    0x80, 0x00, 0xe0, 0x71, 0x00, 0x00, 0x00, 0x00, 0x00, 0x00, 0x00, 0x00,
    0x00, 0x00, 0x00, 0x00, 0x00, 0x00, 0x00, 0x00, 0x80, 0x00, 0xe8, 0xbe,
    0x80, 0x00, 0xe8, 0xff, 0x78, 0x00, 0xe8, 0xff, 0x80, 0x00, 0xe8, 0xff,
    0x80, 0x00, 0xe8, 0xbe, 0x00, 0x00, 0x00, 0x00, 0x00, 0x00, 0x00, 0x00,
    0x00, 0x00, 0x00, 0x00, 0x80, 0x00, 0xe8, 0x20, 0x80, 0x00, 0xe8, 0xff,
    0x78, 0x00, 0xe0, 0xff, 0x78, 0x00, 0xe8, 0xff, 0x80, 0x00, 0xe0, 0xff,
    0x78, 0x00, 0xe8, 0x41, 0x00, 0x00, 0x00, 0x00, 0x00, 0x00, 0x00, 0x00,
    0x00, 0x00, 0x00, 0x00, 0x00, 0x00, 0x00, 0x00, 0x00, 0x00, 0x00, 0x00,
    0x00, 0x00, 0x00, 0x00, 0x00, 0x00, 0x00, 0x00, 0x00, 0x00, 0x00, 0x00,
    0x00, 0x00, 0x00, 0x00, 0x00, 0x00, 0x00, 0x00, 0x00, 0x00, 0x00, 0x00,
    0x00, 0x00, 0x00, 0x00, 0x00, 0x00, 0x00, 0x00, 0x00, 0x00, 0x00, 0x00,
    0x00, 0x00, 0x00, 0x00, 0x00, 0x00, 0x00, 0x00, 0x00, 0x00, 0x00, 0x00,
    0x00, 0x00, 0x00, 0x00, 0x00, 0x00, 0x00, 0x00, 0x00, 0x00, 0x00, 0x00,
    0x00, 0x00, 0x00, 0x00, 0x00, 0x00, 0x00, 0x00, 0x00, 0x00, 0x00, 0x00,
    0x00, 0x00, 0x00, 0x00, 0x00, 0x00, 0x00, 0x00, 0x00, 0x00, 0x00, 0x00,
    0x00, 0x00, 0x00, 0x00, 0x00, 0x00, 0x00, 0x00, 0x00, 0x00, 0x00, 0x00,
    0x00, 0x00, 0x00, 0x00, 0x00, 0x00, 0x00, 0x00, 0x00, 0x00, 0x00, 0x00,
    0x00, 0x00, 0x00, 0x00, 0x00, 0x00, 0x00, 0x00, 0x00, 0x00, 0x00, 0x00,
    0x00, 0x00, 0x00, 0x00, 0x00, 0x00, 0x00, 0x00, 0x00, 0x00, 0x00, 0x00,
    0x00, 0x00, 0x00, 0x00, 0x00, 0x00, 0x00, 0x00, 0x00, 0x00, 0x00, 0x00,
    0x00, 0x00, 0x00, 0x00, 0x00, 0x00, 0x00, 0x00, 0x00, 0x00, 0x00, 0x00,
    0x00, 0x00, 0x00, 0x00, 0x00, 0x00, 0x00, 0x00, 0x00, 0x00, 0x00, 0x00,
    0x00, 0x00, 0x00, 0x00, 0x00, 0x00, 0x00, 0x00, 0x00, 0x00, 0x00, 0x00,
    0x00, 0x00, 0x00, 0x00, 0x00, 0x00, 0x00, 0x00, 0x00, 0x00, 0x00, 0x00,
    0x00, 0x00, 0x00, 0x00, 0x00, 0x00, 0x00, 0x00, 0x00, 0x00, 0x00, 0x00,
    0x00, 0x00, 0x00, 0x00, 0x00, 0x00, 0x00, 0x00, 0x00, 0x00, 0x00, 0x00,
    0x00, 0x00, 0x00, 0x00, 0x00, 0x00, 0x00, 0x00, 0x00, 0x00, 0x00, 0x00,
    0x00, 0x00, 0x00, 0x00, 0x00, 0x00, 0x00, 0x00, 0x80, 0x00, 0xe8, 0x20,
    0x78, 0x00, 0xe8, 0xef, 0x80, 0x00, 0xe8, 0xff, 0x78, 0x00, 0xe0, 0xff,
    0x78, 0x00, 0xe8, 0xff, 0x80, 0x00, 0xe8, 0xff, 0x80, 0x00, 0xe8, 0xff,
    0x78, 0x00, 0xe8, 0xff, 0x80, 0x00, 0xe8, 0xff, 0x80, 0x00, 0xe8, 0xff,
    0x78, 0x00, 0xe8, 0xff, 0x80, 0x00, 0xe8, 0xff, 0x80, 0x00, 0xe8, 0xff,
    0x80, 0x00, 0xe8, 0xff, 0x80, 0x00, 0xe0, 0xff, 0x78, 0x00, 0xe8, 0xff,
    0x80, 0x00, 0xe8, 0xff, 0x80, 0x00, 0xe8, 0xff, 0x80, 0x00, 0xe8, 0xff,
    0x78, 0x00, 0xe0, 0xff, 0x80, 0x00, 0xe8, 0xff, 0x80, 0x00, 0xe8, 0xff,
    0x78, 0x00, 0xe0, 0xff, 0x80, 0x00, 0xe8, 0xff, 0x80, 0x00, 0xe8, 0xff,
    0x78, 0x00, 0xe0, 0xff, 0x80, 0x00, 0xe8, 0xff, 0x80, 0x00, 0xe8, 0xff,
    0x80, 0x00, 0xe8, 0xff, 0x80, 0x00, 0xe8, 0xff, 0x78, 0x00, 0xe0, 0xff,
    0x80, 0x00, 0xe8, 0xff, 0x80, 0x00, 0xe8, 0xff, 0x80, 0x00, 0xe8, 0xff,
    0x80, 0x00, 0xe8, 0xff, 0x80, 0x00, 0xe8, 0xff, 0x78, 0x00, 0xe8, 0xff,
    0x80, 0x00, 0xe8, 0xff, 0x80, 0x00, 0xe8, 0xff, 0x80, 0x00, 0xe8, 0xff,
    0x80, 0x00, 0xe8, 0xff, 0x80, 0x00, 0xe8, 0xff, 0x78, 0x00, 0xe0, 0xff,
    0x80, 0x00, 0xe8, 0xff, 0x78, 0x00, 0xe8, 0xff, 0x80, 0x00, 0xe0, 0xff,
    0x78, 0x00, 0xe8, 0xff, 0x80, 0x00, 0xe8, 0xff, 0x80, 0x00, 0xe8, 0xff,
    0x80, 0x00, 0xe0, 0xff, 0x80, 0x00, 0xe8, 0xff, 0x78, 0x00, 0xe8, 0xff,
    0x80, 0x00, 0xe0, 0xff, 0x78, 0x00, 0xe8, 0xff, 0x80, 0x00, 0xe8, 0xff,
    0x80, 0x00, 0xe0, 0xef, 0x80, 0x00, 0xe0, 0x20, 0x00, 0x00, 0x00, 0x00,
    0x00, 0x00, 0x00, 0x00, 0x00, 0x00, 0x00, 0x00, 0x80, 0x00, 0xe0, 0x41,
    0x80, 0x00, 0xe8, 0xff, 0x80, 0x00, 0xe0, 0xff, 0x78, 0x00, 0xe8, 0xff,
    0x80, 0x00, 0xe8, 0xff, 0x80, 0x00, 0xe0, 0x10, 0x00, 0x00, 0x00, 0x00,
    0x00, 0x00, 0x00, 0x00, 0x80, 0x00, 0xe8, 0x8e, 0x80, 0x00, 0xe8, 0xff,
    0x80, 0x00, 0xe8, 0xff, 0x80, 0x00, 0xe0, 0xff, 0x80, 0x00, 0xe8, 0xcf,
    0x00, 0x00, 0x00, 0x00, 0x00, 0x00, 0x00, 0x00, 0x00, 0x00, 0x00, 0x00,
    0x00, 0x00, 0x00, 0x00, 0x00, 0x00, 0x00, 0x00, 0x00, 0x00, 0x00, 0x00,
    0x00, 0x00, 0x00, 0x00, 0x00, 0x00, 0x00, 0x00, 0x00, 0x00, 0x00, 0x00,
    0x00, 0x00, 0x00, 0x00, 0x00, 0x00, 0x00, 0x00, 0x00, 0x00, 0x00, 0x00,
    0x00, 0x00, 0x00, 0x00, 0x00, 0x00, 0x00, 0x00, 0x00, 0x00, 0x00, 0x00,
    0x00, 0x00, 0x00, 0x00, 0x00, 0x00, 0x00, 0x00, 0x00, 0x00, 0x00, 0x00,
    0x00, 0x00, 0x00, 0x00, 0x00, 0x00, 0x00, 0x00, 0x00, 0x00, 0x00, 0x00,
    0x00, 0x00, 0x00, 0x00, 0x00, 0x00, 0x00, 0x00, 0x00, 0x00, 0x00, 0x00,
    0x00, 0x00, 0x00, 0x00, 0x00, 0x00, 0x00, 0x00, 0x00, 0x00, 0x00, 0x00,
    0x00, 0x00, 0x00, 0x00, 0x00, 0x00, 0x00, 0x00, 0x00, 0x00, 0x00, 0x00,
    0x00, 0x00, 0x00, 0x00, 0x00, 0x00, 0x00, 0x00, 0x00, 0x00, 0x00, 0x00,
    0x00, 0x00, 0x00, 0x00, 0x00, 0x00, 0x00, 0x00, 0x00, 0x00, 0x00, 0x00,
    0x00, 0x00, 0x00, 0x00, 0x00, 0x00, 0x00, 0x00, 0x00, 0x00, 0x00, 0x00,
    0x00, 0x00, 0x00, 0x00, 0x00, 0x00, 0x00, 0x00, 0x00, 0x00, 0x00, 0x00,
    0x00, 0x00, 0x00, 0x00, 0x00, 0x00, 0x00, 0x00, 0x00, 0x00, 0x00, 0x00,
    0x00, 0x00, 0x00, 0x00, 0x00, 0x00, 0x00, 0x00, 0x00, 0x00, 0x00, 0x00,
    0x00, 0x00, 0x00, 0x00, 0x00, 0x00, 0x00, 0x00, 0x00, 0x00, 0x00, 0x00,
    0x00, 0x00, 0x00, 0x00, 0x00, 0x00, 0x00, 0x00, 0x00, 0x00, 0x00, 0x00,
    0x00, 0x00, 0x00, 0x00, 0x00, 0x00, 0x00, 0x00, 0x00, 0x00, 0x00, 0x00,
    0x00, 0x00, 0x00, 0x00, 0x00, 0x00, 0x00, 0x00, 0x00, 0x00, 0x00, 0x00,
    0x00, 0x00, 0x00, 0x00, 0x00, 0x00, 0x00, 0x00, 0x00, 0x00, 0x00, 0x00,
    0x00, 0x00, 0x00, 0x00, 0x00, 0x00, 0x00, 0x00, 0x80, 0x00, 0xe8, 0xae,
    0x80, 0x00, 0xe8, 0xff, 0x80, 0x00, 0xe0, 0xff, 0x80, 0x00, 0xe8, 0xff,
    0x80, 0x00, 0xe8, 0xff, 0x80, 0x00, 0xe0, 0xff, 0x78, 0x00, 0xe8, 0xff,
    0x80, 0x00, 0xe0, 0xff, 0x80, 0x00, 0xe8, 0xff, 0x78, 0x00, 0xe0, 0xff,
    0x80, 0x00, 0xe8, 0xff, 0x80, 0x00, 0xe0, 0xff, 0x78, 0x00, 0xe8, 0xff,
    0x80, 0x00, 0xe8, 0xff, 0x80, 0x00, 0xe8, 0xff, 0x80, 0x00, 0xe8, 0xff,
    0x80, 0x00, 0xe0, 0xff, 0x80, 0x00, 0xe8, 0xff, 0x78, 0x00, 0xe8, 0xff,
    0x80, 0x00, 0xe0, 0xff, 0x80, 0x00, 0xe8, 0xff, 0x80, 0x00, 0xe8, 0xff,
    0x80, 0x00, 0xe0, 0xff, 0x80, 0x00, 0xe8, 0xff, 0x80, 0x00, 0xe8, 0xff,
    0x78, 0x00, 0xe8, 0xff, 0x80, 0x00, 0xe0, 0xff, 0x80, 0x00, 0xe8, 0xff,
    0x78, 0x00, 0xe8, 0xff, 0x80, 0x00, 0xe0, 0xff, 0x80, 0x00, 0xe8, 0xff,
    0x80, 0x00, 0xe8, 0xff, 0x78, 0x00, 0xe0, 0xff, 0x80, 0x00, 0xe8, 0xff,
    0x80, 0x00, 0xe0, 0xff, 0x78, 0x00, 0xe0, 0xff, 0x80, 0x00, 0xe8, 0xff,
    0x80, 0x00, 0xe0, 0xff, 0x78, 0x00, 0xe8, 0xff, 0x80, 0x00, 0xe0, 0xff,
    0x80, 0x00, 0xe8, 0xff, 0x80, 0x00, 0xe8, 0xff, 0x80, 0x00, 0xe8, 0xff,
    0x80, 0x00, 0xe8, 0xff, 0x80, 0x00, 0xe0, 0xff, 0x78, 0x00, 0xe8, 0xff,
    0x80, 0x00, 0xe8, 0xff, 0x80, 0x00, 0xe8, 0xff, 0x78, 0x00, 0xe0, 0xff,
    0x80, 0x00, 0xe8, 0xff, 0x80, 0x00, 0xe8, 0xff, 0x80, 0x00, 0xe8, 0xff,
    0x80, 0x00, 0xe8, 0xff, 0x80, 0x00, 0xe8, 0xff, 0x78, 0x00, 0xe8, 0xff,
    0x80, 0x00, 0xe8, 0xff, 0x78, 0x00, 0xe8, 0xbe, 0x00, 0x00, 0x00, 0x00,
    0x00, 0x00, 0x00, 0x00, 0x00, 0x00, 0x00, 0x00, 0x00, 0x00, 0x00, 0x00,
    0x80, 0x00, 0xe8, 0xbe, 0x80, 0x00, 0xe8, 0xff, 0x80, 0x00, 0xe0, 0xff,
    0x80, 0x00, 0xe8, 0xff, 0x80, 0x00, 0xe8, 0x7d, 0x00, 0x00, 0x00, 0x00,
    0x00, 0x00, 0x00, 0x00, 0x80, 0x00, 0xe8, 0xdf, 0x78, 0x00, 0xe0, 0xff,
    0x80, 0x00, 0xe8, 0xff, 0x80, 0x00, 0xe8, 0xff, 0x80, 0x00, 0xe8, 0x5d,
    0x00, 0x00, 0x00, 0x00, 0x00, 0x00, 0x00, 0x00, 0x00, 0x00, 0x00, 0x00,
    0x00, 0x00, 0x00, 0x00, 0x00, 0x00, 0x00, 0x00, 0x00, 0x00, 0x00, 0x00,
    0x00, 0x00, 0x00, 0x00, 0x00, 0x00, 0x00, 0x00, 0x00, 0x00, 0x00, 0x00,
    0x00, 0x00, 0x00, 0x00, 0x00, 0x00, 0x00, 0x00, 0x00, 0x00, 0x00, 0x00,
    0x00, 0x00, 0x00, 0x00, 0x00, 0x00, 0x00, 0x00, 0x00, 0x00, 0x00, 0x00,
    0x00, 0x00, 0x00, 0x00, 0x00, 0x00, 0x00, 0x00, 0x00, 0x00, 0x00, 0x00,
    0x00, 0x00, 0x00, 0x00, 0x00, 0x00, 0x00, 0x00, 0x00, 0x00, 0x00, 0x00,
    0x00, 0x00, 0x00, 0x00, 0x00, 0x00, 0x00, 0x00, 0x00, 0x00, 0x00, 0x00,
    0x00, 0x00, 0x00, 0x00, 0x00, 0x00, 0x00, 0x00, 0x00, 0x00, 0x00, 0x00,
    0x00, 0x00, 0x00, 0x00, 0x00, 0x00, 0x00, 0x00, 0x00, 0x00, 0x00, 0x00,
    0x00, 0x00, 0x00, 0x00, 0x00, 0x00, 0x00, 0x00, 0x00, 0x00, 0x00, 0x00,
    0x00, 0x00, 0x00, 0x00, 0x00, 0x00, 0x00, 0x00, 0x00, 0x00, 0x00, 0x00,
    0x00, 0x00, 0x00, 0x00, 0x00, 0x00, 0x00, 0x00, 0x00, 0x00, 0x00, 0x00,
    0x00, 0x00, 0x00, 0x00, 0x00, 0x00, 0x00, 0x00, 0x00, 0x00, 0x00, 0x00,
    0x00, 0x00, 0x00, 0x00, 0x00, 0x00, 0x00, 0x00, 0x00, 0x00, 0x00, 0x00,
    0x00, 0x00, 0x00, 0x00, 0x00, 0x00, 0x00, 0x00, 0x00, 0x00, 0x00, 0x00,
    0x00, 0x00, 0x00, 0x00, 0x00, 0x00, 0x00, 0x00, 0x00, 0x00, 0x00, 0x00,
    0x00, 0x00, 0x00, 0x00, 0x00, 0x00, 0x00, 0x00, 0x00, 0x00, 0x00, 0x00,
    0x00, 0x00, 0x00, 0x00, 0x00, 0x00, 0x00, 0x00, 0x00, 0x00, 0x00, 0x00,
    0x00, 0x00, 0x00, 0x00, 0x00, 0x00, 0x00, 0x00, 0x00, 0x00, 0x00, 0x00,
    0x00, 0x00, 0x00, 0x00, 0x00, 0x00, 0x00, 0x00, 0x00, 0x00, 0x00, 0x00,
    0x00, 0x00, 0x00, 0x00, 0x78, 0x00, 0xe8, 0x41, 0x80, 0x00, 0xe0, 0xff,
    0x78, 0x00, 0xe8, 0xff, 0x80, 0x00, 0xe8, 0xff, 0x80, 0x00, 0xe8, 0xff,
    0x80, 0x00, 0xe8, 0xff, 0x78, 0x00, 0xe8, 0xff, 0x80, 0x00, 0xe0, 0xff,
    0x80, 0x00, 0xe8, 0xff, 0x80, 0x00, 0xe8, 0xff, 0x80, 0x00, 0xe8, 0xff,
    0x80, 0x00, 0xe0, 0xff, 0x80, 0x00, 0xe8, 0xff, 0x80, 0x00, 0xe8, 0xff,
    0x78, 0x00, 0xe0, 0xff, 0x80, 0x00, 0xe8, 0xff, 0x78, 0x00, 0xe8, 0xff,
    0x80, 0x00, 0xe0, 0xff, 0x80, 0x00, 0xe8, 0xff, 0x80, 0x00, 0xe8, 0xff,
    0x80, 0x00, 0xe8, 0xff, 0x78, 0x00, 0xe8, 0xff, 0x80, 0x00, 0xe8, 0xff,
    0x80, 0x00, 0xe8, 0xff, 0x78, 0x00, 0xe8, 0xff, 0x80, 0x00, 0xe8, 0xff,
    0x80, 0x00, 0xe8, 0xff, 0x80, 0x00, 0xe8, 0xff, 0x80, 0x00, 0xe0, 0xff,
    0x78, 0x00, 0xe8, 0xff, 0x80, 0x00, 0xe8, 0xff, 0x80, 0x00, 0xe8, 0xff,
    0x80, 0x00, 0xe8, 0xff, 0x78, 0x00, 0xe8, 0xff, 0x80, 0x00, 0xe8, 0xff,
    0x80, 0x00, 0xe8, 0xff, 0x80, 0x00, 0xe8, 0xff, 0x80, 0x00, 0xe8, 0xff,
    0x80, 0x00, 0xe8, 0xff, 0x78, 0x00, 0xe0, 0xff, 0x80, 0x00, 0xe8, 0xff,
    0x78, 0x00, 0xe8, 0xff, 0x78, 0x00, 0xe0, 0xff, 0x80, 0x00, 0xe8, 0xff,
    0x80, 0x00, 0xe8, 0xff, 0x80, 0x00, 0xe8, 0xff, 0x80, 0x00, 0xe8, 0xff,
    0x80, 0x00, 0xe8, 0xff, 0x80, 0x00, 0xe0, 0xff, 0x78, 0x00, 0xe8, 0xff,
    0x80, 0x00, 0xe8, 0xff, 0x80, 0x00, 0xe0, 0xff, 0x78, 0x00, 0xe8, 0xff,
    0x80, 0x00, 0xe0, 0xff, 0x80, 0x00, 0xe8, 0xff, 0x80, 0x00, 0xe0, 0xff,
    0x80, 0x00, 0xe8, 0xff, 0x80, 0x00, 0xe8, 0xff, 0x78, 0x00, 0xe0, 0x41,
    0x00, 0x00, 0x00, 0x00, 0x00, 0x00, 0x00, 0x00, 0x00, 0x00, 0x00, 0x00,
    0x80, 0x00, 0xe8, 0x6d, 0x78, 0x00, 0xe8, 0xff, 0x80, 0x00, 0xe8, 0xff,
    0x78, 0x00, 0xe0, 0xff, 0x80, 0x00, 0xe8, 0xdf, 0x00, 0x00, 0x00, 0x00,
    0x80, 0x00, 0xe8, 0x20, 0x80, 0x00, 0xe8, 0xff, 0x80, 0x00, 0xe8, 0xff,
    0x78, 0x00, 0xe0, 0xff, 0x80, 0x00, 0xe8, 0xff, 0x80, 0x00, 0xe0, 0x10,
    0x00, 0x00, 0x00, 0x00, 0x00, 0x00, 0x00, 0x00, 0x00, 0x00, 0x00, 0x00,
    0x00, 0x00, 0x00, 0x00, 0x00, 0x00, 0x00, 0x00, 0x00, 0x00, 0x00, 0x00,
    0x00, 0x00, 0x00, 0x00, 0x00, 0x00, 0x00, 0x00, 0x00, 0x00, 0x00, 0x00,
    0x00, 0x00, 0x00, 0x00, 0x00, 0x00, 0x00, 0x00, 0x00, 0x00, 0x00, 0x00,
    0x00, 0x00, 0x00, 0x00, 0x00, 0x00, 0x00, 0x00, 0x00, 0x00, 0x00, 0x00,
    0x00, 0x00, 0x00, 0x00, 0x80, 0x00, 0xe8, 0x6d, 0x80, 0x00, 0xe0, 0xae,
    0x80, 0x00, 0xe8, 0xdf, 0x80, 0x00, 0xe8, 0xdf, 0x78, 0x00, 0xe8, 0xdf,
    0x80, 0x00, 0xe8, 0xdf, 0x80, 0x00, 0xe0, 0xcf, 0x80, 0x00, 0xe0, 0x9e,
    0x78, 0x00, 0xe0, 0x51, 0x00, 0x00, 0x00, 0x00, 0x00, 0x00, 0x00, 0x00,
    0x00, 0x00, 0x00, 0x00, 0x00, 0x00, 0x00, 0x00, 0x80, 0x00, 0xe0, 0x41,
    0x78, 0x00, 0xe8, 0xbe, 0x78, 0x00, 0xe8, 0xbe, 0x78, 0x00, 0xe0, 0xbe,
    0x78, 0x00, 0xe8, 0xbe, 0x78, 0x00, 0xe8, 0xbe, 0x78, 0x00, 0xe0, 0xbe,
    0x78, 0x00, 0xe8, 0xbe, 0x78, 0x00, 0xe8, 0xbe, 0x80, 0x00, 0xe0, 0x8e,
    0x00, 0x00, 0x00, 0x00, 0x00, 0x00, 0x00, 0x00, 0x78, 0x00, 0xe8, 0x30,
    0x78, 0x00, 0xe8, 0xbe, 0x78, 0x00, 0xe8, 0xbe, 0x78, 0x00, 0xe0, 0xbe,
    0x78, 0x00, 0xe8, 0xbe, 0x78, 0x00, 0xe8, 0xbe, 0x78, 0x00, 0xe0, 0xbe,
    0x78, 0x00, 0xe8, 0xbe, 0x78, 0x00, 0xe8, 0xbe, 0x78, 0x00, 0xe0, 0xbe,
    0x00, 0x00, 0x00, 0x00, 0x00, 0x00, 0x00, 0x00, 0x00, 0x00, 0x00, 0x00,
    0x00, 0x00, 0x00, 0x00, 0x00, 0x00, 0x00, 0x00, 0x00, 0x00, 0x00, 0x00,
    0x00, 0x00, 0x00, 0x00, 0x00, 0x00, 0x00, 0x00, 0x00, 0x00, 0x00, 0x00,
    0x00, 0x00, 0x00, 0x00, 0x00, 0x00, 0x00, 0x00, 0x00, 0x00, 0x00, 0x00,
    0x00, 0x00, 0x00, 0x00, 0x80, 0x00, 0xe0, 0xae, 0x80, 0x00, 0xe8, 0xff,
    0x80, 0x00, 0xe8, 0xff, 0x78, 0x00, 0xe0, 0xff, 0x80, 0x00, 0xe8, 0xff,
    0x80, 0x00, 0xe8, 0xff, 0x78, 0x00, 0xe8, 0xff, 0x80, 0x00, 0xe8, 0xff,
    0x80, 0x00, 0xe8, 0xff, 0x78, 0x00, 0xe8, 0xff, 0x80, 0x00, 0xe8, 0xff,
    0x78, 0x00, 0xe8, 0xff, 0x80, 0x00, 0xe8, 0xff, 0x80, 0x00, 0xe8, 0xff,
    0x80, 0x00, 0xe0, 0xff, 0x80, 0x00, 0xe8, 0xff, 0x78, 0x00, 0xe8, 0xff,
    0x88, 0x1c, 0xe8, 0xff, 0xc0, 0x84, 0xe8, 0xff, 0xd8, 0xc4, 0xe8, 0xff,
    0xe0, 0xd0, 0xe8, 0xff, 0xe0, 0xd0, 0xe8, 0xff, 0xe0, 0xd0, 0xe8, 0xff,
    0xe0, 0xd0, 0xe8, 0xff, 0xd0, 0xb4, 0xe8, 0xff, 0xc0, 0x84, 0xe8, 0xff,
    0x88, 0x1c, 0xe8, 0xff, 0x80, 0x00, 0xe8, 0xff, 0x80, 0x00, 0xe8, 0xff,
    0x80, 0x00, 0xe8, 0xff, 0x78, 0x00, 0xe0, 0xff, 0xc0, 0x94, 0xe8, 0xff,
    0xd0, 0xb4, 0xe8, 0xff, 0xd0, 0xb4, 0xe8, 0xff, 0xd0, 0xb4, 0xe8, 0xff,
    0x88, 0x10, 0xe8, 0xff, 0x78, 0x00, 0xe8, 0xff, 0x80, 0x00, 0xe8, 0xff,
    0x80, 0x00, 0xe8, 0xff, 0xb0, 0x68, 0xe8, 0xff, 0xd0, 0xb4, 0xe8, 0xff,
    0xd0, 0xb4, 0xe8, 0xff, 0xb8, 0x78, 0xe8, 0xff, 0x80, 0x00, 0xe0, 0xff,
    0x78, 0x00, 0xe8, 0xff, 0x78, 0x00, 0xe8, 0xff, 0x80, 0x00, 0xe0, 0xff,
    0x80, 0x00, 0xe8, 0xff, 0x78, 0x00, 0xe8, 0xff, 0x80, 0x00, 0xe8, 0xff,
    0x80, 0x00, 0xe8, 0xff, 0x78, 0x00, 0xe8, 0xff, 0x80, 0x00, 0xe0, 0xff,
    0x80, 0x00, 0xe8, 0xff, 0x78, 0x00, 0xe8, 0xff, 0x80, 0x00, 0xe8, 0xff,
    0x80, 0x00, 0xe0, 0xff, 0x80, 0x00, 0xe8, 0xff, 0x78, 0x00, 0xe8, 0xbe,
    0x00, 0x00, 0x00, 0x00, 0x00, 0x00, 0x00, 0x00, 0x00, 0x00, 0x00, 0x00,
    0x80, 0x00, 0xe0, 0x10, 0x80, 0x00, 0xe0, 0xef, 0x80, 0x00, 0xe8, 0xff,
    0x80, 0x00, 0xe8, 0xff, 0x78, 0x00, 0xe8, 0xff, 0x80, 0x00, 0xe8, 0x20,
    0x80, 0x00, 0xe0, 0x61, 0x80, 0x00, 0xe8, 0xff, 0x80, 0x00, 0xe8, 0xff,
    0x78, 0x00, 0xe8, 0xff, 0x78, 0x00, 0xe8, 0xbe, 0x00, 0x00, 0x00, 0x00,
    0x00, 0x00, 0x00, 0x00, 0x00, 0x00, 0x00, 0x00, 0x00, 0x00, 0x00, 0x00,
    0x00, 0x00, 0x00, 0x00, 0x00, 0x00, 0x00, 0x00, 0x00, 0x00, 0x00, 0x00,
    0x00, 0x00, 0x00, 0x00, 0x00, 0x00, 0x00, 0x00, 0x00, 0x00, 0x00, 0x00,
    0x00, 0x00, 0x00, 0x00, 0x00, 0x00, 0x00, 0x00, 0x00, 0x00, 0x00, 0x00,
    0x00, 0x00, 0x00, 0x00, 0x00, 0x00, 0x00, 0x00, 0x00, 0x00, 0x00, 0x00,
    0x80, 0x00, 0xe8, 0xbe, 0x80, 0x00, 0xe8, 0xff, 0x80, 0x00, 0xe8, 0xff,
    0x78, 0x00, 0xe0, 0xff, 0x80, 0x00, 0xe8, 0xff, 0x80, 0x00, 0xe8, 0xff,
    0x78, 0x00, 0xe0, 0xff, 0x80, 0x00, 0xe8, 0xff, 0x80, 0x00, 0xe8, 0xff,
    0x78, 0x00, 0xe8, 0xff, 0x78, 0x00, 0xe0, 0x71, 0x00, 0x00, 0x00, 0x00,
    0x00, 0x00, 0x00, 0x00, 0x00, 0x00, 0x00, 0x00, 0x78, 0x00, 0xe8, 0x61,
    0x80, 0x00, 0xe0, 0xff, 0x80, 0x00, 0xe8, 0xff, 0x80, 0x00, 0xe8, 0xff,
    0x80, 0x00, 0xe0, 0xff, 0x80, 0x00, 0xe8, 0xff, 0x80, 0x00, 0xe8, 0xff,
    0x80, 0x00, 0xe0, 0xff, 0x80, 0x00, 0xe8, 0xff, 0x78, 0x00, 0xe8, 0xbe,
    0x00, 0x00, 0x00, 0x00, 0x00, 0x00, 0x00, 0x00, 0x80, 0x00, 0xe8, 0x41,
    0x80, 0x00, 0xe0, 0xff, 0x80, 0x00, 0xe8, 0xff, 0x80, 0x00, 0xe8, 0xff,
    0x80, 0x00, 0xe0, 0xff, 0x80, 0x00, 0xe8, 0xff, 0x80, 0x00, 0xe8, 0xff,
    0x80, 0x00, 0xe0, 0xff, 0x80, 0x00, 0xe8, 0xff, 0x80, 0x00, 0xe8, 0xff,
    0x00, 0x00, 0x00, 0x00, 0x00, 0x00, 0x00, 0x00, 0x00, 0x00, 0x00, 0x00,
    0x00, 0x00, 0x00, 0x00, 0x00, 0x00, 0x00, 0x00, 0x00, 0x00, 0x00, 0x00,
    0x00, 0x00, 0x00, 0x00, 0x00, 0x00, 0x00, 0x00, 0x00, 0x00, 0x00, 0x00,
    0x00, 0x00, 0x00, 0x00, 0x00, 0x00, 0x00, 0x00, 0x00, 0x00, 0x00, 0x00,
    0x80, 0x00, 0xe8, 0x20, 0x78, 0x00, 0xe8, 0xff, 0x80, 0x00, 0xe8, 0xff,
    0x80, 0x00, 0xe8, 0xff, 0x78, 0x00, 0xe0, 0xff, 0x80, 0x00, 0xe8, 0xff,
    0x80, 0x00, 0xe0, 0xff, 0x80, 0x00, 0xe0, 0xff, 0x80, 0x00, 0xe8, 0xff,
    0x80, 0x00, 0xe0, 0xff, 0x78, 0x00, 0xe0, 0xff, 0x80, 0x00, 0xe8, 0xff,
    0x80, 0x00, 0xe8, 0xff, 0x78, 0x00, 0xe0, 0xff, 0x80, 0x00, 0xe8, 0xff,
    0x80, 0x00, 0xe8, 0xff, 0x80, 0x00, 0xe8, 0xff, 0x88, 0x1c, 0xe8, 0xff,
    0xe8, 0xe0, 0xe8, 0xff, 0xf0, 0xf0, 0xe8, 0xff, 0xf0, 0xec, 0xe8, 0xff,
    0xf0, 0xec, 0xe8, 0xff, 0xf0, 0xf0, 0xe8, 0xff, 0xf0, 0xf0, 0xe8, 0xff,
    0xf0, 0xec, 0xe8, 0xff, 0xf0, 0xf0, 0xe8, 0xff, 0xf0, 0xf0, 0xe8, 0xff,
    0xe0, 0xd0, 0xe8, 0xff, 0x88, 0x1c, 0xe8, 0xff, 0x80, 0x00, 0xe8, 0xff,
    0x80, 0x00, 0xe0, 0xff, 0x80, 0x00, 0xe8, 0xff, 0xe0, 0xd0, 0xe8, 0xff,
    0xf0, 0xec, 0xe8, 0xff, 0xf0, 0xec, 0xe8, 0xff, 0xf0, 0xec, 0xe8, 0xff,
    0xb8, 0x78, 0xe8, 0xff, 0x80, 0x00, 0xe0, 0xff, 0x78, 0x00, 0xe0, 0xff,
    0x80, 0x00, 0xe8, 0xff, 0xc8, 0x94, 0xe8, 0xff, 0xf0, 0xec, 0xe8, 0xff,
    0xf0, 0xec, 0xe8, 0xff, 0xc8, 0x94, 0xe8, 0xff, 0x80, 0x00, 0xe8, 0xff,
    0x80, 0x00, 0xe8, 0xff, 0x80, 0x00, 0xe0, 0xff, 0x80, 0x00, 0xe8, 0xff,
    0x78, 0x00, 0xe8, 0xff, 0x80, 0x00, 0xe0, 0xff, 0x80, 0x00, 0xe8, 0xff,
    0x80, 0x00, 0xe8, 0xff, 0x80, 0x00, 0xe8, 0xff, 0x80, 0x00, 0xe8, 0xff,
    0x80, 0x00, 0xe8, 0xff, 0x78, 0x00, 0xe8, 0xff, 0x80, 0x00, 0xe8, 0xff,
    0x80, 0x00, 0xe8, 0xff, 0x78, 0x00, 0xe0, 0xff, 0x80, 0x00, 0xe8, 0xff,
    0x80, 0x00, 0xe0, 0x10, 0x00, 0x00, 0x00, 0x00, 0x00, 0x00, 0x00, 0x00,
    0x00, 0x00, 0x00, 0x00, 0x80, 0x00, 0xe8, 0xbe, 0x80, 0x00, 0xe8, 0xff,
    0x80, 0x00, 0xe0, 0xff, 0x80, 0x00, 0xe8, 0xff, 0x80, 0x00, 0xe8, 0x5d,
    0x80, 0x00, 0xe8, 0x8e, 0x78, 0x00, 0xe8, 0xff, 0x80, 0x00, 0xe0, 0xff,
    0x80, 0x00, 0xe8, 0xff, 0x80, 0x00, 0xe8, 0x82, 0x00, 0x00, 0x00, 0x00,
    0x00, 0x00, 0x00, 0x00, 0x00, 0x00, 0x00, 0x00, 0x00, 0x00, 0x00, 0x00,
    0x00, 0x00, 0x00, 0x00, 0x00, 0x00, 0x00, 0x00, 0x00, 0x00, 0x00, 0x00,
    0x00, 0x00, 0x00, 0x00, 0x00, 0x00, 0x00, 0x00, 0x00, 0x00, 0x00, 0x00,
    0x00, 0x00, 0x00, 0x00, 0x00, 0x00, 0x00, 0x00, 0x00, 0x00, 0x00, 0x00,
    0x00, 0x00, 0x00, 0x00, 0x00, 0x00, 0x00, 0x00, 0x80, 0x00, 0xe8, 0x41,
    0x80, 0x00, 0xe0, 0xff, 0x80, 0x00, 0xe8, 0xff, 0x78, 0x00, 0xe8, 0xff,
    0x80, 0x00, 0xe8, 0xef, 0x80, 0x00, 0xe0, 0xcf, 0x80, 0x00, 0xe8, 0xbe,
    0x80, 0x00, 0xe8, 0xcf, 0x80, 0x00, 0xe8, 0xff, 0x80, 0x00, 0xe8, 0xff,
    0x80, 0x00, 0xe8, 0xff, 0x80, 0x00, 0xe8, 0xef, 0x00, 0x00, 0x00, 0x00,
    0x00, 0x00, 0x00, 0x00, 0x00, 0x00, 0x00, 0x00, 0x78, 0x00, 0xe8, 0x61,
    0x80, 0x00, 0xe8, 0xff, 0x80, 0x00, 0xe8, 0xff, 0x80, 0x00, 0xe8, 0xff,
    0x80, 0x00, 0xe8, 0xdf, 0x80, 0x00, 0xe8, 0xdf, 0x80, 0x00, 0xe8, 0xdf,
    0x80, 0x00, 0xe8, 0xdf, 0x80, 0x00, 0xe8, 0xdf, 0x80, 0x00, 0xe0, 0xae,
    0x00, 0x00, 0x00, 0x00, 0x00, 0x00, 0x00, 0x00, 0x80, 0x00, 0xe8, 0x41,
    0x80, 0x00, 0xe8, 0xff, 0x80, 0x00, 0xe8, 0xff, 0x80, 0x00, 0xe8, 0xff,
    0x80, 0x00, 0xe8, 0xdf, 0x80, 0x00, 0xe8, 0xdf, 0x80, 0x00, 0xe8, 0xdf,
    0x80, 0x00, 0xe8, 0xdf, 0x80, 0x00, 0xe8, 0xdf, 0x80, 0x00, 0xe8, 0xdf,
    0x00, 0x00, 0x00, 0x00, 0x00, 0x00, 0x00, 0x00, 0x00, 0x00, 0x00, 0x00,
    0x00, 0x00, 0x00, 0x00, 0x00, 0x00, 0x00, 0x00, 0x00, 0x00, 0x00, 0x00,
    0x00, 0x00, 0x00, 0x00, 0x00, 0x00, 0x00, 0x00, 0x00, 0x00, 0x00, 0x00,
    0x00, 0x00, 0x00, 0x00, 0x00, 0x00, 0x00, 0x00, 0x00, 0x00, 0x00, 0x00,
    0x80, 0x00, 0xe0, 0x61, 0x78, 0x00, 0xe8, 0xff, 0x80, 0x00, 0xe0, 0xff,
    0x80, 0x00, 0xe8, 0xff, 0x80, 0x00, 0xe8, 0xff, 0x78, 0x00, 0xe8, 0xff,
    0x80, 0x00, 0xe8, 0xff, 0x80, 0x00, 0xe8, 0xff, 0x78, 0x00, 0xe8, 0xff,
    0x80, 0x00, 0xe8, 0xff, 0x80, 0x00, 0xe8, 0xff, 0x80, 0x00, 0xe8, 0xff,
    0x80, 0x00, 0xe0, 0xff, 0x80, 0x00, 0xe8, 0xff, 0x78, 0x00, 0xe8, 0xff,
    0x80, 0x00, 0xe0, 0xff, 0x80, 0x00, 0xe8, 0xff, 0xc8, 0x94, 0xe8, 0xff,
    0xf0, 0xf0, 0xe8, 0xff, 0xf0, 0xf0, 0xe8, 0xff, 0xf0, 0xec, 0xf0, 0xff,
    0xe0, 0xd0, 0xe8, 0xff, 0xd8, 0xb4, 0xe8, 0xff, 0xd0, 0xb0, 0xf0, 0xff,
    0xe8, 0xe0, 0xe8, 0xff, 0xf0, 0xec, 0xe8, 0xff, 0xf0, 0xf0, 0xe8, 0xff,
    0xf0, 0xec, 0xe8, 0xff, 0xb8, 0x78, 0xe8, 0xff, 0x80, 0x00, 0xe8, 0xff,
    0x80, 0x00, 0xe8, 0xff, 0x80, 0x00, 0xe8, 0xff, 0xe0, 0xd0, 0xe8, 0xff,
    0xf0, 0xf0, 0xe8, 0xff, 0xf0, 0xec, 0xf0, 0xff, 0xf0, 0xec, 0xe8, 0xff,
    0xe8, 0xe0, 0xe8, 0xff, 0x88, 0x1c, 0xe8, 0xff, 0x80, 0x00, 0xe8, 0xff,
    0x80, 0x00, 0xe8, 0xff, 0xc0, 0x94, 0xe8, 0xff, 0xf0, 0xf0, 0xe8, 0xff,
    0xf0, 0xec, 0xf0, 0xff, 0xc8, 0x94, 0xe8, 0xff, 0x80, 0x00, 0xe8, 0xff,
    0x78, 0x00, 0xe8, 0xff, 0x80, 0x00, 0xe8, 0xff, 0x80, 0x00, 0xe8, 0xff,
    0x80, 0x00, 0xe8, 0xff, 0x80, 0x00, 0xe0, 0xff, 0x78, 0x00, 0xe8, 0xff,
    0x80, 0x00, 0xe0, 0xff, 0x80, 0x00, 0xe0, 0xff, 0x78, 0x00, 0xe8, 0xff,
    0x80, 0x00, 0xe0, 0xff, 0x80, 0x00, 0xe0, 0xff, 0x78, 0x00, 0xe8, 0xff,
    0x80, 0x00, 0xe8, 0xff, 0x80, 0x00, 0xe8, 0xff, 0x80, 0x00, 0xe8, 0xff,
    0x80, 0x00, 0xe0, 0x6d, 0x00, 0x00, 0x00, 0x00, 0x00, 0x00, 0x00, 0x00,
    0x00, 0x00, 0x00, 0x00, 0x80, 0x00, 0xe8, 0x71, 0x78, 0x00, 0xe8, 0xff,
    0x80, 0x00, 0xe8, 0xff, 0x80, 0x00, 0xe0, 0xff, 0x78, 0x00, 0xe8, 0x8e,
    0x80, 0x00, 0xe8, 0xbe, 0x80, 0x00, 0xe8, 0xff, 0x80, 0x00, 0xe0, 0xff,
    0x80, 0x00, 0xe8, 0xff, 0x78, 0x00, 0xe8, 0x41, 0x00, 0x00, 0x00, 0x00,
    0x00, 0x00, 0x00, 0x00, 0x00, 0x00, 0x00, 0x00, 0x00, 0x00, 0x00, 0x00,
    0x00, 0x00, 0x00, 0x00, 0x00, 0x00, 0x00, 0x00, 0x00, 0x00, 0x00, 0x00,
    0x00, 0x00, 0x00, 0x00, 0x00, 0x00, 0x00, 0x00, 0x00, 0x00, 0x00, 0x00,
    0x00, 0x00, 0x00, 0x00, 0x00, 0x00, 0x00, 0x00, 0x00, 0x00, 0x00, 0x00,
    0x00, 0x00, 0x00, 0x00, 0x00, 0x00, 0x00, 0x00, 0x80, 0x00, 0xe8, 0x71,
    0x80, 0x00, 0xe8, 0xff, 0x78, 0x00, 0xe0, 0xff, 0x80, 0x00, 0xe8, 0xff,
    0x80, 0x00, 0xe0, 0x30, 0x00, 0x00, 0x00, 0x00, 0x00, 0x00, 0x00, 0x00,
    0x00, 0x00, 0x00, 0x00, 0x78, 0x00, 0xe8, 0x82, 0x80, 0x00, 0xe0, 0xff,
    0x80, 0x00, 0xe8, 0xff, 0x80, 0x00, 0xe8, 0xff, 0x80, 0x00, 0xe0, 0x20,
    0x00, 0x00, 0x00, 0x00, 0x00, 0x00, 0x00, 0x00, 0x80, 0x00, 0xe8, 0x61,
    0x80, 0x00, 0xe0, 0xff, 0x80, 0x00, 0xe8, 0xff, 0x78, 0x00, 0xe0, 0xff,
    0x00, 0x00, 0x00, 0x00, 0x00, 0x00, 0x00, 0x00, 0x00, 0x00, 0x00, 0x00,
    0x00, 0x00, 0x00, 0x00, 0x00, 0x00, 0x00, 0x00, 0x00, 0x00, 0x00, 0x00,
    0x00, 0x00, 0x00, 0x00, 0x00, 0x00, 0x00, 0x00, 0x80, 0x00, 0xe8, 0x41,
    0x80, 0x00, 0xe0, 0xff, 0x78, 0x00, 0xe8, 0xff, 0x80, 0x00, 0xe0, 0xff,
    0x80, 0x00, 0xe8, 0x20, 0x00, 0x00, 0x00, 0x00, 0x00, 0x00, 0x00, 0x00,
    0x00, 0x00, 0x00, 0x00, 0x00, 0x00, 0x00, 0x00, 0x00, 0x00, 0x00, 0x00,
    0x00, 0x00, 0x00, 0x00, 0x00, 0x00, 0x00, 0x00, 0x00, 0x00, 0x00, 0x00,
    0x00, 0x00, 0x00, 0x00, 0x00, 0x00, 0x00, 0x00, 0x00, 0x00, 0x00, 0x00,
    0x00, 0x00, 0x00, 0x00, 0x00, 0x00, 0x00, 0x00, 0x00, 0x00, 0x00, 0x00,
    0x00, 0x00, 0x00, 0x00, 0x00, 0x00, 0x00, 0x00, 0x00, 0x00, 0x00, 0x00,
    0x80, 0x00, 0xe0, 0xae, 0x80, 0x00, 0xe8, 0xff, 0x80, 0x00, 0xe8, 0xff,
    0x80, 0x00, 0xe0, 0xff, 0x80, 0x00, 0xe8, 0xff, 0x80, 0x00, 0xe8, 0xff,
    0x78, 0x00, 0xe8, 0xff, 0x80, 0x00, 0xe8, 0xff, 0x80, 0x00, 0xe0, 0xff,
    0x78, 0x00, 0xe8, 0xff, 0x80, 0x00, 0xe8, 0xff, 0x80, 0x00, 0xe8, 0xff,
    0x78, 0x00, 0xe8, 0xff, 0x80, 0x00, 0xe8, 0xff, 0x80, 0x00, 0xe8, 0xff,
    0x78, 0x00, 0xe0, 0xff, 0x80, 0x00, 0xe8, 0xff, 0xd8, 0xc0, 0xe8, 0xff,
    0xf0, 0xec, 0xe8, 0xff, 0xf0, 0xf0, 0xf0, 0xff, 0xd8, 0xc0, 0xe8, 0xff,
    0x80, 0x00, 0xe8, 0xff, 0x80, 0x00, 0xe8, 0xff, 0x80, 0x00, 0xe8, 0xff,
    0x80, 0x00, 0xe8, 0xff, 0xe8, 0xe0, 0xf0, 0xff, 0xf0, 0xec, 0xf0, 0xff,
    0xf0, 0xf0, 0xe8, 0xff, 0xc8, 0xa4, 0xe8, 0xff, 0x80, 0x00, 0xe8, 0xff,
    0x80, 0x00, 0xe8, 0xff, 0x78, 0x00, 0xe8, 0xff, 0xe0, 0xd0, 0xe8, 0xff,
    0xf0, 0xf0, 0xe8, 0xff, 0xf0, 0xf0, 0xf0, 0xff, 0xf0, 0xf0, 0xe8, 0xff,
    0xf0, 0xec, 0xe8, 0xff, 0xd0, 0xb4, 0xe8, 0xff, 0x80, 0x00, 0xe8, 0xff,
    0x80, 0x00, 0xe8, 0xff, 0xc8, 0x94, 0xe8, 0xff, 0xf0, 0xf0, 0xe8, 0xff,
    0xf0, 0xf0, 0xe8, 0xff, 0xc0, 0x94, 0xe8, 0xff, 0x80, 0x00, 0xe8, 0xff,
    0x80, 0x00, 0xe8, 0xff, 0x78, 0x00, 0xe0, 0xff, 0x80, 0x00, 0xe8, 0xff,
    0x80, 0x00, 0xe8, 0xff, 0x78, 0x00, 0xe8, 0xff, 0x80, 0x00, 0xe8, 0xff,
    0x80, 0x00, 0xe8, 0xff, 0x78, 0x00, 0xe8, 0xff, 0x80, 0x00, 0xe8, 0xff,
    0x80, 0x00, 0xe8, 0xff, 0x80, 0x00, 0xe8, 0xff, 0x80, 0x00, 0xe8, 0xff,
    0x78, 0x00, 0xe0, 0xff, 0x80, 0x00, 0xe8, 0xff, 0x80, 0x00, 0xe8, 0xff,
    0x80, 0x00, 0xe0, 0x9e, 0x00, 0x00, 0x00, 0x00, 0x00, 0x00, 0x00, 0x00,
    0x00, 0x00, 0x00, 0x00, 0x80, 0x00, 0xe0, 0x51, 0x80, 0x00, 0xe8, 0xff,
    0x80, 0x00, 0xe8, 0xff, 0x80, 0x00, 0xe8, 0xff, 0x80, 0x00, 0xe8, 0xcf,
    0x80, 0x00, 0xe8, 0xdf, 0x80, 0x00, 0xe8, 0xff, 0x78, 0x00, 0xe8, 0xff,
    0x80, 0x00, 0xe0, 0xff, 0x80, 0x00, 0xe0, 0x30, 0x00, 0x00, 0x00, 0x00,
    0x00, 0x00, 0x00, 0x00, 0x00, 0x00, 0x00, 0x00, 0x00, 0x00, 0x00, 0x00,
    0x00, 0x00, 0x00, 0x00, 0x00, 0x00, 0x00, 0x00, 0x00, 0x00, 0x00, 0x00,
    0x00, 0x00, 0x00, 0x00, 0x00, 0x00, 0x00, 0x00, 0x00, 0x00, 0x00, 0x00,
    0x00, 0x00, 0x00, 0x00, 0x00, 0x00, 0x00, 0x00, 0x00, 0x00, 0x00, 0x00,
    0x00, 0x00, 0x00, 0x00, 0x00, 0x00, 0x00, 0x00, 0x80, 0x00, 0xe8, 0x7d,
    0x80, 0x00, 0xe8, 0xff, 0x80, 0x00, 0xe8, 0xff, 0x80, 0x00, 0xe8, 0xff,
    0x00, 0x00, 0x00, 0x00, 0x00, 0x00, 0x00, 0x00, 0x00, 0x00, 0x00, 0x00,
    0x00, 0x00, 0x00, 0x00, 0x80, 0x00, 0xe0, 0x51, 0x78, 0x00, 0xe8, 0xff,
    0x80, 0x00, 0xe8, 0xff, 0x80, 0x00, 0xe8, 0xff, 0x78, 0x00, 0xe8, 0x41,
    0x00, 0x00, 0x00, 0x00, 0x00, 0x00, 0x00, 0x00, 0x80, 0x00, 0xe8, 0x5d,
    0x80, 0x00, 0xe8, 0xff, 0x78, 0x00, 0xe8, 0xff, 0x80, 0x00, 0xe8, 0xff,
    0x00, 0x00, 0x00, 0x00, 0x00, 0x00, 0x00, 0x00, 0x00, 0x00, 0x00, 0x00,
    0x00, 0x00, 0x00, 0x00, 0x00, 0x00, 0x00, 0x00, 0x00, 0x00, 0x00, 0x00,
    0x00, 0x00, 0x00, 0x00, 0x00, 0x00, 0x00, 0x00, 0x80, 0x00, 0xe8, 0x41,
    0x80, 0x00, 0xe8, 0xff, 0x80, 0x00, 0xe0, 0xff, 0x80, 0x00, 0xe8, 0xff,
    0x80, 0x00, 0xe8, 0x20, 0x00, 0x00, 0x00, 0x00, 0x00, 0x00, 0x00, 0x00,
    0x00, 0x00, 0x00, 0x00, 0x00, 0x00, 0x00, 0x00, 0x00, 0x00, 0x00, 0x00,
    0x00, 0x00, 0x00, 0x00, 0x00, 0x00, 0x00, 0x00, 0x00, 0x00, 0x00, 0x00,
    0x00, 0x00, 0x00, 0x00, 0x00, 0x00, 0x00, 0x00, 0x00, 0x00, 0x00, 0x00,
    0x00, 0x00, 0x00, 0x00, 0x00, 0x00, 0x00, 0x00, 0x00, 0x00, 0x00, 0x00,
    0x00, 0x00, 0x00, 0x00, 0x00, 0x00, 0x00, 0x00, 0x00, 0x00, 0x00, 0x00,
    0x78, 0x00, 0xe8, 0xcf, 0x80, 0x00, 0xe8, 0xff, 0x78, 0x00, 0xe8, 0xff,
    0x78, 0x00, 0xe8, 0xff, 0x80, 0x00, 0xe0, 0xff, 0x80, 0x00, 0xe8, 0xff,
    0x80, 0x00, 0xe0, 0xff, 0x80, 0x00, 0xe8, 0xff, 0x80, 0x00, 0xe8, 0xff,
    0x80, 0x00, 0xe0, 0xff, 0x78, 0x00, 0xe8, 0xff, 0x80, 0x00, 0xe0, 0xff,
    0x80, 0x00, 0xe8, 0xff, 0x80, 0x00, 0xe8, 0xff, 0x80, 0x00, 0xe0, 0xff,
    0x80, 0x00, 0xe8, 0xff, 0x80, 0x00, 0xe8, 0xff, 0xe8, 0xe0, 0xe8, 0xff,
    0xf0, 0xec, 0xe8, 0xff, 0xf0, 0xf0, 0xf0, 0xff, 0xc0, 0x84, 0xe8, 0xff,
    0x80, 0x00, 0xe8, 0xff, 0x80, 0x00, 0xe8, 0xff, 0x80, 0x00, 0xe8, 0xff,
    0x80, 0x00, 0xe8, 0xff, 0xc8, 0x94, 0xe8, 0xff, 0xf0, 0xec, 0xe8, 0xff,
    0xf0, 0xf0, 0xe8, 0xff, 0xe0, 0xd0, 0xe8, 0xff, 0x80, 0x00, 0xe8, 0xff,
    0x80, 0x00, 0xe8, 0xff, 0x80, 0x00, 0xe8, 0xff, 0xe0, 0xd0, 0xe8, 0xff,
    0xf0, 0xec, 0xe8, 0xff, 0xf0, 0xec, 0xf0, 0xff, 0xf0, 0xf0, 0xf0, 0xff,
    0xf0, 0xec, 0xe8, 0xff, 0xf0, 0xec, 0xe8, 0xff, 0xa0, 0x4c, 0xe8, 0xff,
    0x80, 0x00, 0xe8, 0xff, 0xc0, 0x94, 0xe8, 0xff, 0xf0, 0xec, 0xe8, 0xff,
    0xf0, 0xf0, 0xf0, 0xff, 0xc8, 0x94, 0xe8, 0xff, 0x80, 0x00, 0xe8, 0xff,
    0x80, 0x00, 0xe8, 0xff, 0x80, 0x00, 0xe0, 0xff, 0x78, 0x00, 0xe8, 0xff,
    0x80, 0x00, 0xe8, 0xff, 0x80, 0x00, 0xe0, 0xff, 0x80, 0x00, 0xe8, 0xff,
    0x80, 0x00, 0xe8, 0xff, 0x80, 0x00, 0xe8, 0xff, 0x78, 0x00, 0xe0, 0xff,
    0x80, 0x00, 0xe8, 0xff, 0x80, 0x00, 0xe8, 0xff, 0x80, 0x00, 0xe8, 0xff,
    0x80, 0x00, 0xe0, 0xff, 0x78, 0x00, 0xe8, 0xff, 0x80, 0x00, 0xe8, 0xff,
    0x78, 0x00, 0xe8, 0xcf, 0x00, 0x00, 0x00, 0x00, 0x00, 0x00, 0x00, 0x00,
    0x00, 0x00, 0x00, 0x00, 0x80, 0x00, 0xe8, 0x20, 0x78, 0x00, 0xe8, 0xff,
    0x80, 0x00, 0xe0, 0xff, 0x78, 0x00, 0xe8, 0xff, 0x80, 0x00, 0xe8, 0xdf,
    0x80, 0x00, 0xe8, 0xff, 0x78, 0x00, 0xe8, 0xff, 0x80, 0x00, 0xe8, 0xff,
    0x80, 0x00, 0xe8, 0xff, 0x80, 0x00, 0xe0, 0x10, 0x00, 0x00, 0x00, 0x00,
    0x00, 0x00, 0x00, 0x00, 0x00, 0x00, 0x00, 0x00, 0x00, 0x00, 0x00, 0x00,
    0x00, 0x00, 0x00, 0x00, 0x00, 0x00, 0x00, 0x00, 0x00, 0x00, 0x00, 0x00,
    0x00, 0x00, 0x00, 0x00, 0x00, 0x00, 0x00, 0x00, 0x00, 0x00, 0x00, 0x00,
    0x00, 0x00, 0x00, 0x00, 0x00, 0x00, 0x00, 0x00, 0x00, 0x00, 0x00, 0x00,
    0x00, 0x00, 0x00, 0x00, 0x00, 0x00, 0x00, 0x00, 0x78, 0x00, 0xe8, 0x7d,
    0x80, 0x00, 0xe0, 0xff, 0x80, 0x00, 0xe8, 0xff, 0x78, 0x00, 0xe8, 0xdf,
    0x00, 0x00, 0x00, 0x00, 0x00, 0x00, 0x00, 0x00, 0x00, 0x00, 0x00, 0x00,
    0x00, 0x00, 0x00, 0x00, 0x80, 0x00, 0xe8, 0x41, 0x80, 0x00, 0xe8, 0xff,
    0x80, 0x00, 0xe0, 0xff, 0x80, 0x00, 0xe8, 0xff, 0x78, 0x00, 0xe8, 0x3c,
    0x00, 0x00, 0x00, 0x00, 0x00, 0x00, 0x00, 0x00, 0x78, 0x00, 0xe8, 0x61,
    0x80, 0x00, 0xe0, 0xff, 0x80, 0x00, 0xe8, 0xff, 0x80, 0x00, 0xe8, 0xff,
    0x00, 0x00, 0x00, 0x00, 0x00, 0x00, 0x00, 0x00, 0x00, 0x00, 0x00, 0x00,
    0x00, 0x00, 0x00, 0x00, 0x00, 0x00, 0x00, 0x00, 0x00, 0x00, 0x00, 0x00,
    0x00, 0x00, 0x00, 0x00, 0x00, 0x00, 0x00, 0x00, 0x80, 0x00, 0xe8, 0x41,
    0x78, 0x00, 0xe8, 0xff, 0x80, 0x00, 0xe8, 0xff, 0x80, 0x00, 0xe8, 0xff,
    0x80, 0x00, 0xe0, 0x20, 0x00, 0x00, 0x00, 0x00, 0x00, 0x00, 0x00, 0x00,
    0x00, 0x00, 0x00, 0x00, 0x00, 0x00, 0x00, 0x00, 0x00, 0x00, 0x00, 0x00,
    0x00, 0x00, 0x00, 0x00, 0x00, 0x00, 0x00, 0x00, 0x00, 0x00, 0x00, 0x00,
    0x00, 0x00, 0x00, 0x00, 0x00, 0x00, 0x00, 0x00, 0x00, 0x00, 0x00, 0x00,
    0x00, 0x00, 0x00, 0x00, 0x00, 0x00, 0x00, 0x00, 0x00, 0x00, 0x00, 0x00,
    0x00, 0x00, 0x00, 0x00, 0x00, 0x00, 0x00, 0x00, 0x00, 0x00, 0x00, 0x00,
    0x80, 0x00, 0xe8, 0xef, 0x80, 0x00, 0xe0, 0xff, 0x80, 0x00, 0xe8, 0xff,
    0x80, 0x00, 0xe8, 0xff, 0x78, 0x00, 0xe8, 0xff, 0x80, 0x00, 0xe8, 0xff,
    0x80, 0x00, 0xe8, 0xff, 0x78, 0x00, 0xe0, 0xff, 0x80, 0x00, 0xe8, 0xff,
    0x80, 0x00, 0xe8, 0xff, 0x80, 0x00, 0xe8, 0xff, 0x78, 0x00, 0xe0, 0xff,
    0x80, 0x00, 0xe8, 0xff, 0x78, 0x00, 0xe8, 0xff, 0x80, 0x00, 0xe8, 0xff,
    0x80, 0x00, 0xe8, 0xff, 0x78, 0x00, 0xe8, 0xff, 0xf0, 0xf0, 0xe8, 0xff,
    0xf0, 0xec, 0xe8, 0xff, 0xf0, 0xf0, 0xe8, 0xff, 0xb8, 0x78, 0xe8, 0xff,
    0x80, 0x00, 0xe8, 0xff, 0x78, 0x00, 0xe8, 0xff, 0x78, 0x00, 0xe0, 0xff,
    0x80, 0x00, 0xe8, 0xff, 0xc0, 0x94, 0xe8, 0xff, 0xf0, 0xf0, 0xe8, 0xff,
    0xf0, 0xec, 0xf0, 0xff, 0xe0, 0xd0, 0xe8, 0xff, 0x80, 0x00, 0xe8, 0xff,
    0x80, 0x00, 0xe8, 0xff, 0x80, 0x00, 0xe0, 0xff, 0xe0, 0xd0, 0xe8, 0xff,
    0xf0, 0xec, 0xe8, 0xff, 0xf0, 0xf0, 0xe8, 0xff, 0xf0, 0xec, 0xf0, 0xff,
    0xf0, 0xf0, 0xe8, 0xff, 0xf0, 0xec, 0xf0, 0xff, 0xe0, 0xd0, 0xe8, 0xff,
    0x88, 0x10, 0xe8, 0xff, 0xc8, 0x94, 0xe8, 0xff, 0xf0, 0xf0, 0xe8, 0xff,
    0xf0, 0xec, 0xf0, 0xff, 0xc0, 0x94, 0xe8, 0xff, 0x80, 0x00, 0xe8, 0xff,
    0x80, 0x00, 0xe8, 0xff, 0x80, 0x00, 0xe8, 0xff, 0x80, 0x00, 0xe0, 0xff,
    0x78, 0x00, 0xe8, 0xff, 0x80, 0x00, 0xe8, 0xff, 0x80, 0x00, 0xe0, 0xff,
    0x78, 0x00, 0xe8, 0xff, 0x80, 0x00, 0xe8, 0xff, 0x80, 0x00, 0xe0, 0xff,
    0x78, 0x00, 0xe8, 0xff, 0x80, 0x00, 0xe8, 0xff, 0x78, 0x00, 0xe0, 0xff,
    0x80, 0x00, 0xe8, 0xff, 0x80, 0x00, 0xe8, 0xff, 0x80, 0x00, 0xe8, 0xff,
    0x80, 0x00, 0xe0, 0xef, 0x00, 0x00, 0x00, 0x00, 0x00, 0x00, 0x00, 0x00,
    0x00, 0x00, 0x00, 0x00, 0x80, 0x00, 0xe0, 0x10, 0x80, 0x00, 0xe8, 0xff,
    0x80, 0x00, 0xe0, 0xff, 0x80, 0x00, 0xe8, 0xff, 0x78, 0x00, 0xe0, 0xef,
    0x80, 0x00, 0xe8, 0xff, 0x80, 0x00, 0xe0, 0xff, 0x80, 0x00, 0xe8, 0xff,
    0x80, 0x00, 0xe8, 0xff, 0x00, 0x00, 0x00, 0x00, 0x00, 0x00, 0x00, 0x00,
    0x00, 0x00, 0x00, 0x00, 0x00, 0x00, 0x00, 0x00, 0x00, 0x00, 0x00, 0x00,
    0x00, 0x00, 0x00, 0x00, 0x00, 0x00, 0x00, 0x00, 0x00, 0x00, 0x00, 0x00,
    0x00, 0x00, 0x00, 0x00, 0x00, 0x00, 0x00, 0x00, 0x00, 0x00, 0x00, 0x00,
    0x00, 0x00, 0x00, 0x00, 0x00, 0x00, 0x00, 0x00, 0x00, 0x00, 0x00, 0x00,
    0x00, 0x00, 0x00, 0x00, 0x00, 0x00, 0x00, 0x00, 0x80, 0x00, 0xe8, 0x9e,
    0x80, 0x00, 0xe0, 0xff, 0x78, 0x00, 0xe8, 0xff, 0x80, 0x00, 0xe8, 0xdf,
    0x00, 0x00, 0x00, 0x00, 0x00, 0x00, 0x00, 0x00, 0x00, 0x00, 0x00, 0x00,
    0x00, 0x00, 0x00, 0x00, 0x80, 0x00, 0xe8, 0x41, 0x78, 0x00, 0xe8, 0xff,
    0x80, 0x00, 0xe8, 0xff, 0x80, 0x00, 0xe0, 0xff, 0x80, 0x00, 0xe8, 0x41,
    0x00, 0x00, 0x00, 0x00, 0x00, 0x00, 0x00, 0x00, 0x80, 0x00, 0xe8, 0x61,
    0x80, 0x00, 0xe8, 0xff, 0x80, 0x00, 0xe0, 0xff, 0x78, 0x00, 0xe8, 0xff,
    0x80, 0x00, 0xe8, 0xdf, 0x80, 0x00, 0xe8, 0xdf, 0x78, 0x00, 0xe8, 0xdf,
    0x80, 0x00, 0xe8, 0xdf, 0x80, 0x00, 0xe8, 0xdf, 0x80, 0x00, 0xe0, 0x20,
    0x00, 0x00, 0x00, 0x00, 0x00, 0x00, 0x00, 0x00, 0x80, 0x00, 0xe8, 0x41,
    0x80, 0x00, 0xe0, 0xff, 0x78, 0x00, 0xe8, 0xff, 0x80, 0x00, 0xe8, 0xff,
    0x80, 0x00, 0xe8, 0xdf, 0x80, 0x00, 0xe8, 0xdf, 0x80, 0x00, 0xe8, 0xdf,
    0x80, 0x00, 0xe8, 0xdf, 0x78, 0x00, 0xe0, 0xdf, 0x80, 0x00, 0xe0, 0x30,
    0x00, 0x00, 0x00, 0x00, 0x00, 0x00, 0x00, 0x00, 0x00, 0x00, 0x00, 0x00,
    0x00, 0x00, 0x00, 0x00, 0x00, 0x00, 0x00, 0x00, 0x00, 0x00, 0x00, 0x00,
    0x00, 0x00, 0x00, 0x00, 0x00, 0x00, 0x00, 0x00, 0x00, 0x00, 0x00, 0x00,
    0x00, 0x00, 0x00, 0x00, 0x00, 0x00, 0x00, 0x00, 0x00, 0x00, 0x00, 0x00,
    0x78, 0x00, 0xe0, 0xff, 0x80, 0x00, 0xe8, 0xff, 0x80, 0x00, 0xe8, 0xff,
    0x80, 0x00, 0xe0, 0xff, 0x80, 0x00, 0xe8, 0xff, 0x78, 0x00, 0xe8, 0xff,
    0x80, 0x00, 0xe8, 0xff, 0x80, 0x00, 0xe8, 0xff, 0x78, 0x00, 0xe0, 0xff,
    0x80, 0x00, 0xe8, 0xff, 0x80, 0x00, 0xe8, 0xff, 0x80, 0x00, 0xe8, 0xff,
    0x80, 0x00, 0xe0, 0xff, 0x80, 0x00, 0xe8, 0xff, 0x78, 0x00, 0xe8, 0xff,
    0x80, 0x00, 0xe0, 0xff, 0x80, 0x00, 0xe8, 0xff, 0xf0, 0xec, 0xe8, 0xff,
    0xf0, 0xf0, 0xf0, 0xff, 0xf0, 0xec, 0xe8, 0xff, 0xb8, 0x78, 0xe8, 0xff,
    0x80, 0x00, 0xe8, 0xff, 0x80, 0x00, 0xe8, 0xff, 0x80, 0x00, 0xe8, 0xff,
    0x80, 0x00, 0xe8, 0xff, 0xc0, 0x94, 0xe8, 0xff, 0xf0, 0xf0, 0xe8, 0xff,
    0xf0, 0xec, 0xf0, 0xff, 0xe0, 0xd0, 0xe8, 0xff, 0x80, 0x00, 0xe8, 0xff,
    0x80, 0x00, 0xe8, 0xff, 0x78, 0x00, 0xe8, 0xff, 0xe0, 0xd0, 0xe8, 0xff,
    0xf0, 0xf0, 0xf0, 0xff, 0xf0, 0xec, 0xe8, 0xff, 0xc8, 0x94, 0xe8, 0xff,
    0xe8, 0xe0, 0xe8, 0xff, 0xf0, 0xf0, 0xe8, 0xff, 0xf0, 0xec, 0xf0, 0xff,
    0xb8, 0x78, 0xe8, 0xff, 0xc0, 0x94, 0xe8, 0xff, 0xf0, 0xf0, 0xe8, 0xff,
    0xf0, 0xf0, 0xe8, 0xff, 0xc0, 0x94, 0xe8, 0xff, 0x80, 0x00, 0xe8, 0xff,
    0x78, 0x00, 0xe8, 0xff, 0x80, 0x00, 0xe0, 0xff, 0x80, 0x00, 0xe8, 0xff,
    0x80, 0x00, 0xe8, 0xff, 0x78, 0x00, 0xe8, 0xff, 0x80, 0x00, 0xe0, 0xff,
    0x80, 0x00, 0xe8, 0xff, 0x80, 0x00, 0xe8, 0xff, 0x80, 0x00, 0xe8, 0xff,
    0x80, 0x00, 0xe8, 0xff, 0x80, 0x00, 0xe8, 0xff, 0x80, 0x00, 0xe8, 0xff,
    0x78, 0x00, 0xe8, 0xff, 0x80, 0x00, 0xe0, 0xff, 0x80, 0x00, 0xe8, 0xff,
    0x78, 0x00, 0xe8, 0xff, 0x00, 0x00, 0x00, 0x00, 0x00, 0x00, 0x00, 0x00,
    0x00, 0x00, 0x00, 0x00, 0x00, 0x00, 0x00, 0x00, 0x80, 0x00, 0xe8, 0xff,
    0x78, 0x00, 0xe8, 0xff, 0x80, 0x00, 0xe8, 0xff, 0x80, 0x00, 0xe8, 0xff,
    0x80, 0x00, 0xe8, 0xff, 0x78, 0x00, 0xe8, 0xff, 0x80, 0x00, 0xe0, 0xff,
    0x78, 0x00, 0xe8, 0xff, 0x00, 0x00, 0x00, 0x00, 0x00, 0x00, 0x00, 0x00,
    0x00, 0x00, 0x00, 0x00, 0x00, 0x00, 0x00, 0x00, 0x00, 0x00, 0x00, 0x00,
    0x00, 0x00, 0x00, 0x00, 0x00, 0x00, 0x00, 0x00, 0x00, 0x00, 0x00, 0x00,
    0x00, 0x00, 0x00, 0x00, 0x00, 0x00, 0x00, 0x00, 0x00, 0x00, 0x00, 0x00,
    0x00, 0x00, 0x00, 0x00, 0x00, 0x00, 0x00, 0x00, 0x00, 0x00, 0x00, 0x00,
    0x00, 0x00, 0x00, 0x00, 0x00, 0x00, 0x00, 0x00, 0x80, 0x00, 0xe8, 0x9e,
    0x80, 0x00, 0xe8, 0xff, 0x80, 0x00, 0xe0, 0xff, 0x80, 0x00, 0xe8, 0xdf,
    0x00, 0x00, 0x00, 0x00, 0x00, 0x00, 0x00, 0x00, 0x00, 0x00, 0x00, 0x00,
    0x00, 0x00, 0x00, 0x00, 0x80, 0x00, 0xe8, 0x41, 0x80, 0x00, 0xe8, 0xff,
    0x78, 0x00, 0xe8, 0xff, 0x80, 0x00, 0xe8, 0xff, 0x78, 0x00, 0xe8, 0x41,
    0x00, 0x00, 0x00, 0x00, 0x00, 0x00, 0x00, 0x00, 0x78, 0x00, 0xe8, 0x5d,
    0x80, 0x00, 0xe8, 0xff, 0x80, 0x00, 0xe8, 0xff, 0x78, 0x00, 0xe0, 0xff,
    0x80, 0x00, 0xe8, 0xff, 0x80, 0x00, 0xe0, 0xff, 0x80, 0x00, 0xe0, 0xff,
    0x80, 0x00, 0xe8, 0xff, 0x80, 0x00, 0xe8, 0xff, 0x80, 0x00, 0xe8, 0x20,
    0x00, 0x00, 0x00, 0x00, 0x00, 0x00, 0x00, 0x00, 0x80, 0x00, 0xe8, 0x41,
    0x80, 0x00, 0xe8, 0xff, 0x80, 0x00, 0xe0, 0xff, 0x80, 0x00, 0xe8, 0xff,
    0x80, 0x00, 0xe8, 0xff, 0x78, 0x00, 0xe0, 0xff, 0x80, 0x00, 0xe8, 0xff,
    0x80, 0x00, 0xe8, 0xff, 0x80, 0x00, 0xe8, 0xff, 0x78, 0x00, 0xe8, 0x41,
    0x00, 0x00, 0x00, 0x00, 0x00, 0x00, 0x00, 0x00, 0x00, 0x00, 0x00, 0x00,
    0x00, 0x00, 0x00, 0x00, 0x00, 0x00, 0x00, 0x00, 0x00, 0x00, 0x00, 0x00,
    0x00, 0x00, 0x00, 0x00, 0x00, 0x00, 0x00, 0x00, 0x00, 0x00, 0x00, 0x00,
    0x00, 0x00, 0x00, 0x00, 0x00, 0x00, 0x00, 0x00, 0x00, 0x00, 0x00, 0x00,
    0x80, 0x00, 0xe8, 0xff, 0x78, 0x00, 0xe8, 0xff, 0x80, 0x00, 0xe8, 0xff,
    0x80, 0x00, 0xe0, 0xff, 0x80, 0x00, 0xe8, 0xff, 0x80, 0x00, 0xe0, 0xff,
    0x80, 0x00, 0xe8, 0xff, 0x80, 0x00, 0xe8, 0xff, 0x78, 0x00, 0xe8, 0xff,
    0x80, 0x00, 0xe0, 0xff, 0x80, 0x00, 0xe8, 0xff, 0x78, 0x00, 0xe8, 0xff,
    0x80, 0x00, 0xe8, 0xff, 0x80, 0x00, 0xe0, 0xff, 0x80, 0x00, 0xe8, 0xff,
    0x80, 0x00, 0xe8, 0xff, 0x80, 0x00, 0xe8, 0xff, 0xf0, 0xec, 0xe8, 0xff,
    0xf0, 0xf0, 0xf0, 0xff, 0xf0, 0xec, 0xe8, 0xff, 0xb8, 0x78, 0xe8, 0xff,
    0x78, 0x00, 0xe8, 0xff, 0x80, 0x00, 0xe8, 0xff, 0x80, 0x00, 0xe0, 0xff,
    0x80, 0x00, 0xe8, 0xff, 0xc8, 0x94, 0xe8, 0xff, 0xf0, 0xf0, 0xe8, 0xff,
    0xf0, 0xf0, 0xe8, 0xff, 0xe0, 0xd0, 0xe8, 0xff, 0x80, 0x00, 0xe8, 0xff,
    0x80, 0x00, 0xe8, 0xff, 0x80, 0x00, 0xe8, 0xff, 0xe0, 0xd0, 0xe8, 0xff,
    0xf0, 0xf0, 0xe8, 0xff, 0xf0, 0xec, 0xf0, 0xff, 0xb8, 0x78, 0xe8, 0xff,
    0xb8, 0x78, 0xe8, 0xff, 0xf0, 0xec, 0xe8, 0xff, 0xf0, 0xf0, 0xf0, 0xff,
    0xf0, 0xec, 0xe8, 0xff, 0xd0, 0xb4, 0xe8, 0xff, 0xf0, 0xec, 0xf0, 0xff,
    0xf0, 0xec, 0xe8, 0xff, 0xc8, 0x94, 0xe8, 0xff, 0x80, 0x00, 0xe8, 0xff,
    0x80, 0x00, 0xe8, 0xff, 0x78, 0x00, 0xe8, 0xff, 0x80, 0x00, 0xe8, 0xff,
    0x80, 0x00, 0xe8, 0xff, 0x80, 0x00, 0xe0, 0xff, 0x78, 0x00, 0xe8, 0xff,
    0x80, 0x00, 0xe8, 0xff, 0x78, 0x00, 0xe0, 0xff, 0x80, 0x00, 0xe8, 0xff,
    0x80, 0x00, 0xe0, 0xff, 0x78, 0x00, 0xe0, 0xff, 0x80, 0x00, 0xe8, 0xff,
    0x80, 0x00, 0xe8, 0xff, 0x80, 0x00, 0xe8, 0xff, 0x78, 0x00, 0xe0, 0xff,
    0x80, 0x00, 0xe8, 0xff, 0x00, 0x00, 0x00, 0x00, 0x00, 0x00, 0x00, 0x00,
    0x00, 0x00, 0x00, 0x00, 0x00, 0x00, 0x00, 0x00, 0x80, 0x00, 0xe8, 0xff,
    0x80, 0x00, 0xe0, 0xff, 0x80, 0x00, 0xe8, 0xff, 0x80, 0x00, 0xe8, 0xff,
    0x80, 0x00, 0xe8, 0xef, 0x80, 0x00, 0xe8, 0xff, 0x80, 0x00, 0xe0, 0xff,
    0x80, 0x00, 0xe8, 0xff, 0x80, 0x00, 0xe0, 0x10, 0x00, 0x00, 0x00, 0x00,
    0x00, 0x00, 0x00, 0x00, 0x00, 0x00, 0x00, 0x00, 0x00, 0x00, 0x00, 0x00,
    0x00, 0x00, 0x00, 0x00, 0x00, 0x00, 0x00, 0x00, 0x00, 0x00, 0x00, 0x00,
    0x00, 0x00, 0x00, 0x00, 0x00, 0x00, 0x00, 0x00, 0x00, 0x00, 0x00, 0x00,
    0x00, 0x00, 0x00, 0x00, 0x00, 0x00, 0x00, 0x00, 0x00, 0x00, 0x00, 0x00,
    0x00, 0x00, 0x00, 0x00, 0x00, 0x00, 0x00, 0x00, 0x80, 0x00, 0xe8, 0x82,
    0x78, 0x00, 0xe8, 0xff, 0x80, 0x00, 0xe8, 0xff, 0x80, 0x00, 0xe0, 0xdf,
    0x00, 0x00, 0x00, 0x00, 0x00, 0x00, 0x00, 0x00, 0x00, 0x00, 0x00, 0x00,
    0x00, 0x00, 0x00, 0x00, 0x80, 0x00, 0xe8, 0x41, 0x80, 0x00, 0xe0, 0xff,
    0x80, 0x00, 0xe8, 0xff, 0x80, 0x00, 0xe8, 0xff, 0x78, 0x00, 0xe8, 0x3c,
    0x00, 0x00, 0x00, 0x00, 0x00, 0x00, 0x00, 0x00, 0x80, 0x00, 0xe8, 0x61,
    0x80, 0x00, 0xe0, 0xff, 0x80, 0x00, 0xe8, 0xff, 0x80, 0x00, 0xe8, 0xff,
    0x78, 0x00, 0xe8, 0xdf, 0x80, 0x00, 0xe8, 0xdf, 0x80, 0x00, 0xe8, 0xdf,
    0x78, 0x00, 0xe0, 0xdf, 0x80, 0x00, 0xe8, 0xdf, 0x80, 0x00, 0xe8, 0x20,
    0x00, 0x00, 0x00, 0x00, 0x00, 0x00, 0x00, 0x00, 0x80, 0x00, 0xe8, 0x41,
    0x78, 0x00, 0xe8, 0xff, 0x80, 0x00, 0xe8, 0xff, 0x80, 0x00, 0xe0, 0xff,
    0x78, 0x00, 0xe8, 0xdf, 0x80, 0x00, 0xe8, 0xdf, 0x80, 0x00, 0xe0, 0xdf,
    0x78, 0x00, 0xe8, 0xdf, 0x80, 0x00, 0xe8, 0xdf, 0x80, 0x00, 0xe8, 0x41,
    0x00, 0x00, 0x00, 0x00, 0x00, 0x00, 0x00, 0x00, 0x00, 0x00, 0x00, 0x00,
    0x00, 0x00, 0x00, 0x00, 0x00, 0x00, 0x00, 0x00, 0x00, 0x00, 0x00, 0x00,
    0x00, 0x00, 0x00, 0x00, 0x00, 0x00, 0x00, 0x00, 0x00, 0x00, 0x00, 0x00,
    0x00, 0x00, 0x00, 0x00, 0x00, 0x00, 0x00, 0x00, 0x00, 0x00, 0x00, 0x00,
    0x80, 0x00, 0xe0, 0xef, 0x80, 0x00, 0xe8, 0xff, 0x78, 0x00, 0xe8, 0xff,
    0x80, 0x00, 0xe8, 0xff, 0x78, 0x00, 0xe8, 0xff, 0x80, 0x00, 0xe8, 0xff,
    0x80, 0x00, 0xe0, 0xff, 0x78, 0x00, 0xe8, 0xff, 0x80, 0x00, 0xe8, 0xff,
    0x80, 0x00, 0xe8, 0xff, 0x78, 0x00, 0xe0, 0xff, 0x80, 0x00, 0xe8, 0xff,
    0x80, 0x00, 0xe8, 0xff, 0x78, 0x00, 0xe8, 0xff, 0x80, 0x00, 0xe8, 0xff,
    0x78, 0x00, 0xe8, 0xff, 0x80, 0x00, 0xe8, 0xff, 0xf0, 0xf0, 0xe8, 0xff,
    0xf0, 0xec, 0xe8, 0xff, 0xf0, 0xf0, 0xf0, 0xff, 0xb8, 0x78, 0xe8, 0xff,
    0x80, 0x00, 0xe8, 0xff, 0x78, 0x00, 0xe8, 0xff, 0x80, 0x00, 0xe8, 0xff,
    0x80, 0x00, 0xe8, 0xff, 0xc0, 0x94, 0xe8, 0xff, 0xf0, 0xec, 0xe8, 0xff,
    0xf0, 0xf0, 0xf0, 0xff, 0xe0, 0xd0, 0xe8, 0xff, 0x80, 0x00, 0xe8, 0xff,
    0x80, 0x00, 0xe8, 0xff, 0x80, 0x00, 0xe0, 0xff, 0xe0, 0xd0, 0xe8, 0xff,
    0xf0, 0xec, 0xe8, 0xff, 0xf0, 0xf0, 0xf0, 0xff, 0xb8, 0x78, 0xe8, 0xff,
    0x88, 0x10, 0xe8, 0xff, 0xe0, 0xd0, 0xe8, 0xff, 0xf0, 0xec, 0xe8, 0xff,
    0xf0, 0xf0, 0xf0, 0xff, 0xf0, 0xf0, 0xe8, 0xff, 0xf0, 0xec, 0xf0, 0xff,
    0xf0, 0xf0, 0xe8, 0xff, 0xc8, 0x94, 0xe8, 0xff, 0x80, 0x00, 0xe8, 0xff,
    0x80, 0x00, 0xe0, 0xff, 0x80, 0x00, 0xe8, 0xff, 0x78, 0x00, 0xe8, 0xff,
    0x80, 0x00, 0xe0, 0xff, 0x80, 0x00, 0xe8, 0xff, 0x80, 0x00, 0xe8, 0xff,
    0x80, 0x00, 0xe8, 0xff, 0x78, 0x00, 0xe8, 0xff, 0x80, 0x00, 0xe8, 0xff,
    0x80, 0x00, 0xe8, 0xff, 0x78, 0x00, 0xe8, 0xff, 0x80, 0x00, 0xe0, 0xff,
    0x80, 0x00, 0xe8, 0xff, 0x80, 0x00, 0xe8, 0xff, 0x80, 0x00, 0xe8, 0xff,
    0x80, 0x00, 0xe0, 0xef, 0x00, 0x00, 0x00, 0x00, 0x00, 0x00, 0x00, 0x00,
    0x00, 0x00, 0x00, 0x00, 0x80, 0x00, 0xe0, 0x10, 0x78, 0x00, 0xe8, 0xff,
    0x80, 0x00, 0xe8, 0xff, 0x78, 0x00, 0xe0, 0xff, 0x80, 0x00, 0xe8, 0xff,
    0x80, 0x00, 0xe8, 0xdf, 0x80, 0x00, 0xe8, 0xff, 0x78, 0x00, 0xe8, 0xff,
    0x80, 0x00, 0xe8, 0xff, 0x80, 0x00, 0xe0, 0x20, 0x00, 0x00, 0x00, 0x00,
    0x00, 0x00, 0x00, 0x00, 0x00, 0x00, 0x00, 0x00, 0x00, 0x00, 0x00, 0x00,
    0x00, 0x00, 0x00, 0x00, 0x00, 0x00, 0x00, 0x00, 0x00, 0x00, 0x00, 0x00,
    0x00, 0x00, 0x00, 0x00, 0x00, 0x00, 0x00, 0x00, 0x00, 0x00, 0x00, 0x00,
    0x00, 0x00, 0x00, 0x00, 0x00, 0x00, 0x00, 0x00, 0x00, 0x00, 0x00, 0x00,
    0x00, 0x00, 0x00, 0x00, 0x00, 0x00, 0x00, 0x00, 0x80, 0x00, 0xe8, 0x82,
    0x78, 0x00, 0xe0, 0xff, 0x80, 0x00, 0xe8, 0xff, 0x80, 0x00, 0xe8, 0xef,
    0x00, 0x00, 0x00, 0x00, 0x00, 0x00, 0x00, 0x00, 0x00, 0x00, 0x00, 0x00,
    0x00, 0x00, 0x00, 0x00, 0x80, 0x00, 0xe8, 0x41, 0x78, 0x00, 0xe0, 0xff,
    0x80, 0x00, 0xe8, 0xff, 0x80, 0x00, 0xe0, 0xff, 0x80, 0x00, 0xe8, 0x41,
    0x00, 0x00, 0x00, 0x00, 0x00, 0x00, 0x00, 0x00, 0x78, 0x00, 0xe8, 0x61,
    0x80, 0x00, 0xe8, 0xff, 0x80, 0x00, 0xe0, 0xff, 0x80, 0x00, 0xe8, 0xff,
    0x00, 0x00, 0x00, 0x00, 0x00, 0x00, 0x00, 0x00, 0x00, 0x00, 0x00, 0x00,
    0x00, 0x00, 0x00, 0x00, 0x00, 0x00, 0x00, 0x00, 0x00, 0x00, 0x00, 0x00,
    0x00, 0x00, 0x00, 0x00, 0x00, 0x00, 0x00, 0x00, 0x80, 0x00, 0xe8, 0x41,
    0x80, 0x00, 0xe0, 0xff, 0x78, 0x00, 0xe8, 0xff, 0x80, 0x00, 0xe8, 0xff,
    0x80, 0x00, 0xe8, 0x20, 0x00, 0x00, 0x00, 0x00, 0x00, 0x00, 0x00, 0x00,
    0x00, 0x00, 0x00, 0x00, 0x00, 0x00, 0x00, 0x00, 0x00, 0x00, 0x00, 0x00,
    0x00, 0x00, 0x00, 0x00, 0x00, 0x00, 0x00, 0x00, 0x00, 0x00, 0x00, 0x00,
    0x00, 0x00, 0x00, 0x00, 0x00, 0x00, 0x00, 0x00, 0x00, 0x00, 0x00, 0x00,
    0x00, 0x00, 0x00, 0x00, 0x00, 0x00, 0x00, 0x00, 0x00, 0x00, 0x00, 0x00,
    0x00, 0x00, 0x00, 0x00, 0x00, 0x00, 0x00, 0x00, 0x00, 0x00, 0x00, 0x00,
    0x80, 0x00, 0xe8, 0xcf, 0x80, 0x00, 0xe0, 0xff, 0x80, 0x00, 0xe8, 0xff,
    0x78, 0x00, 0xe8, 0xff, 0x80, 0x00, 0xe0, 0xff, 0x80, 0x00, 0xe8, 0xff,
    0x78, 0x00, 0xe8, 0xff, 0x80, 0x00, 0xe0, 0xff, 0x80, 0x00, 0xe8, 0xff,
    0x80, 0x00, 0xe8, 0xff, 0x80, 0x00, 0xe8, 0xff, 0x80, 0x00, 0xe0, 0xff,
    0x80, 0x00, 0xe8, 0xff, 0x80, 0x00, 0xe8, 0xff, 0x78, 0x00, 0xe0, 0xff,
    0x80, 0x00, 0xe8, 0xff, 0x80, 0x00, 0xe8, 0xff, 0xe8, 0xe0, 0xe8, 0xff,
    0xf0, 0xec, 0xe8, 0xff, 0xf0, 0xec, 0xe8, 0xff, 0xc0, 0x84, 0xe8, 0xff,
    0x80, 0x00, 0xe8, 0xff, 0x80, 0x00, 0xe0, 0xff, 0x78, 0x00, 0xe8, 0xff,
    0x80, 0x00, 0xe8, 0xff, 0xc8, 0xa4, 0xe8, 0xff, 0xf0, 0xec, 0xe8, 0xff,
    0xf0, 0xec, 0xf0, 0xff, 0xd8, 0xc0, 0xe8, 0xff, 0x80, 0x00, 0xe8, 0xff,
    0x80, 0x00, 0xe8, 0xff, 0x78, 0x00, 0xe8, 0xff, 0xe0, 0xd0, 0xe8, 0xff,
    0xf0, 0xec, 0xe8, 0xff, 0xf0, 0xec, 0xe8, 0xff, 0xb8, 0x78, 0xe8, 0xff,
    0x80, 0x00, 0xe8, 0xff, 0x98, 0x3c, 0xe8, 0xff, 0xf0, 0xec, 0xe8, 0xff,
    0xf0, 0xf0, 0xe8, 0xff, 0xf0, 0xec, 0xf0, 0xff, 0xf0, 0xf0, 0xe8, 0xff,
    0xf0, 0xf0, 0xe8, 0xff, 0xc0, 0x94, 0xe8, 0xff, 0x80, 0x00, 0xe8, 0xff,
    0x80, 0x00, 0xe8, 0xff, 0x78, 0x00, 0xe0, 0xff, 0x80, 0x00, 0xe8, 0xff,
    0x80, 0x00, 0xe8, 0xff, 0x78, 0x00, 0xe8, 0xff, 0x80, 0x00, 0xe0, 0xff,
    0x80, 0x00, 0xe8, 0xff, 0x80, 0x00, 0xe8, 0xff, 0x80, 0x00, 0xe0, 0xff,
    0x80, 0x00, 0xe8, 0xff, 0x80, 0x00, 0xe8, 0xff, 0x78, 0x00, 0xe8, 0xff,
    0x80, 0x00, 0xe0, 0xff, 0x78, 0x00, 0xe8, 0xff, 0x80, 0x00, 0xe8, 0xff,
    0x80, 0x00, 0xe8, 0xcf, 0x00, 0x00, 0x00, 0x00, 0x00, 0x00, 0x00, 0x00,
    0x00, 0x00, 0x00, 0x00, 0x80, 0x00, 0xe0, 0x30, 0x80, 0x00, 0xe8, 0xff,
    0x80, 0x00, 0xe8, 0xff, 0x80, 0x00, 0xe8, 0xff, 0x78, 0x00, 0xe8, 0xdf,
    0x80, 0x00, 0xe8, 0xcf, 0x78, 0x00, 0xe0, 0xff, 0x80, 0x00, 0xe8, 0xff,
    0x80, 0x00, 0xe8, 0xff, 0x80, 0x00, 0xe8, 0x4d, 0x00, 0x00, 0x00, 0x00,
    0x00, 0x00, 0x00, 0x00, 0x00, 0x00, 0x00, 0x00, 0x00, 0x00, 0x00, 0x00,
    0x00, 0x00, 0x00, 0x00, 0x00, 0x00, 0x00, 0x00, 0x00, 0x00, 0x00, 0x00,
    0x00, 0x00, 0x00, 0x00, 0x00, 0x00, 0x00, 0x00, 0x00, 0x00, 0x00, 0x00,
    0x00, 0x00, 0x00, 0x00, 0x00, 0x00, 0x00, 0x00, 0x00, 0x00, 0x00, 0x00,
    0x00, 0x00, 0x00, 0x00, 0x00, 0x00, 0x00, 0x00, 0x80, 0x00, 0xe8, 0x6d,
    0x80, 0x00, 0xe8, 0xff, 0x80, 0x00, 0xe8, 0xff, 0x78, 0x00, 0xe8, 0xff,
    0x80, 0x00, 0xe0, 0x10, 0x00, 0x00, 0x00, 0x00, 0x00, 0x00, 0x00, 0x00,
    0x00, 0x00, 0x00, 0x00, 0x80, 0x00, 0xe0, 0x61, 0x80, 0x00, 0xe8, 0xff,
    0x78, 0x00, 0xe8, 0xff, 0x80, 0x00, 0xe8, 0xff, 0x80, 0x00, 0xe0, 0x30,
    0x00, 0x00, 0x00, 0x00, 0x00, 0x00, 0x00, 0x00, 0x80, 0x00, 0xe8, 0x5d,
    0x78, 0x00, 0xe8, 0xff, 0x80, 0x00, 0xe8, 0xff, 0x78, 0x00, 0xe0, 0xff,
    0x00, 0x00, 0x00, 0x00, 0x00, 0x00, 0x00, 0x00, 0x00, 0x00, 0x00, 0x00,
    0x00, 0x00, 0x00, 0x00, 0x00, 0x00, 0x00, 0x00, 0x00, 0x00, 0x00, 0x00,
    0x00, 0x00, 0x00, 0x00, 0x00, 0x00, 0x00, 0x00, 0x80, 0x00, 0xe8, 0x41,
    0x80, 0x00, 0xe8, 0xff, 0x80, 0x00, 0xe0, 0xff, 0x80, 0x00, 0xe8, 0xff,
    0x80, 0x00, 0xe8, 0x20, 0x00, 0x00, 0x00, 0x00, 0x00, 0x00, 0x00, 0x00,
    0x00, 0x00, 0x00, 0x00, 0x00, 0x00, 0x00, 0x00, 0x00, 0x00, 0x00, 0x00,
    0x00, 0x00, 0x00, 0x00, 0x00, 0x00, 0x00, 0x00, 0x00, 0x00, 0x00, 0x00,
    0x00, 0x00, 0x00, 0x00, 0x00, 0x00, 0x00, 0x00, 0x00, 0x00, 0x00, 0x00,
    0x00, 0x00, 0x00, 0x00, 0x00, 0x00, 0x00, 0x00, 0x00, 0x00, 0x00, 0x00,
    0x00, 0x00, 0x00, 0x00, 0x00, 0x00, 0x00, 0x00, 0x00, 0x00, 0x00, 0x00,
    0x80, 0x00, 0xe8, 0x9e, 0x78, 0x00, 0xe8, 0xff, 0x80, 0x00, 0xe8, 0xff,
    0x80, 0x00, 0xe0, 0xff, 0x80, 0x00, 0xe8, 0xff, 0x80, 0x00, 0xe8, 0xff,
    0x80, 0x00, 0xe8, 0xff, 0x80, 0x00, 0xe8, 0xff, 0x78, 0x00, 0xe0, 0xff,
    0x80, 0x00, 0xe8, 0xff, 0x80, 0x00, 0xe8, 0xff, 0x78, 0x00, 0xe8, 0xff,
    0x80, 0x00, 0xe0, 0xff, 0x80, 0x00, 0xe8, 0xff, 0x80, 0x00, 0xe8, 0xff,
    0x80, 0x00, 0xe0, 0xff, 0x78, 0x00, 0xe8, 0xff, 0xe0, 0xd0, 0xe8, 0xff,
    0xf0, 0xf0, 0xe8, 0xff, 0xf0, 0xf0, 0xf0, 0xff, 0xd0, 0xb0, 0xe8, 0xff,
    0x80, 0x00, 0xe8, 0xff, 0x80, 0x00, 0xe8, 0xff, 0x80, 0x00, 0xe0, 0xff,
    0x80, 0x00, 0xe8, 0xff, 0xd0, 0xb4, 0xe8, 0xff, 0xf0, 0xf0, 0xe8, 0xff,
    0xf0, 0xf0, 0xe8, 0xff, 0xd0, 0xb0, 0xe8, 0xff, 0x80, 0x00, 0xe8, 0xff,
    0x80, 0x00, 0xe8, 0xff, 0x80, 0x00, 0xe8, 0xff, 0xe0, 0xd0, 0xe8, 0xff,
    0xf0, 0xf0, 0xf0, 0xff, 0xf0, 0xec, 0xe8, 0xff, 0xb8, 0x78, 0xe8, 0xff,
    0x80, 0x00, 0xe8, 0xff, 0x80, 0x00, 0xe8, 0xff, 0xd0, 0xb0, 0xe8, 0xff,
    0xf0, 0xec, 0xf0, 0xff, 0xf0, 0xf0, 0xe8, 0xff, 0xf0, 0xec, 0xe8, 0xff,
    0xf0, 0xec, 0xf0, 0xff, 0xc8, 0x94, 0xe8, 0xff, 0x80, 0x00, 0xe8, 0xff,
    0x78, 0x00, 0xe8, 0xff, 0x80, 0x00, 0xe8, 0xff, 0x80, 0x00, 0xe8, 0xff,
    0x80, 0x00, 0xe8, 0xff, 0x78, 0x00, 0xe0, 0xff, 0x80, 0x00, 0xe8, 0xff,
    0x80, 0x00, 0xe8, 0xff, 0x78, 0x00, 0xe0, 0xff, 0x80, 0x00, 0xe8, 0xff,
    0x80, 0x00, 0xe8, 0xff, 0x78, 0x00, 0xe8, 0xff, 0x80, 0x00, 0xe8, 0xff,
    0x80, 0x00, 0xe8, 0xff, 0x80, 0x00, 0xe0, 0xff, 0x78, 0x00, 0xe8, 0xff,
    0x78, 0x00, 0xe8, 0xae, 0x00, 0x00, 0x00, 0x00, 0x00, 0x00, 0x00, 0x00,
    0x00, 0x00, 0x00, 0x00, 0x80, 0x00, 0xe8, 0x41, 0x78, 0x00, 0xe0, 0xff,
    0x80, 0x00, 0xe8, 0xff, 0x80, 0x00, 0xe8, 0xff, 0x78, 0x00, 0xe0, 0xbe,
    0x80, 0x00, 0xe8, 0x8e, 0x80, 0x00, 0xe8, 0xff, 0x80, 0x00, 0xe0, 0xff,
    0x78, 0x00, 0xe8, 0xff, 0x80, 0x00, 0xe8, 0x6d, 0x00, 0x00, 0x00, 0x00,
    0x00, 0x00, 0x00, 0x00, 0x00, 0x00, 0x00, 0x00, 0x00, 0x00, 0x00, 0x00,
    0x00, 0x00, 0x00, 0x00, 0x00, 0x00, 0x00, 0x00, 0x00, 0x00, 0x00, 0x00,
    0x00, 0x00, 0x00, 0x00, 0x00, 0x00, 0x00, 0x00, 0x00, 0x00, 0x00, 0x00,
    0x00, 0x00, 0x00, 0x00, 0x00, 0x00, 0x00, 0x00, 0x00, 0x00, 0x00, 0x00,
    0x00, 0x00, 0x00, 0x00, 0x00, 0x00, 0x00, 0x00, 0x80, 0x00, 0xe0, 0x41,
    0x80, 0x00, 0xe8, 0xff, 0x78, 0x00, 0xe0, 0xff, 0x80, 0x00, 0xe0, 0xff,
    0x80, 0x00, 0xe8, 0xdf, 0x78, 0x00, 0xe8, 0x82, 0x80, 0x00, 0xe8, 0x7d,
    0x80, 0x00, 0xe8, 0x8e, 0x78, 0x00, 0xe8, 0xef, 0x80, 0x00, 0xe8, 0xff,
    0x80, 0x00, 0xe8, 0xff, 0x80, 0x00, 0xe8, 0xff, 0x00, 0x00, 0x00, 0x00,
    0x00, 0x00, 0x00, 0x00, 0x00, 0x00, 0x00, 0x00, 0x80, 0x00, 0xe8, 0x61,
    0x80, 0x00, 0xe0, 0xff, 0x80, 0x00, 0xe8, 0xff, 0x80, 0x00, 0xe8, 0xff,
    0x00, 0x00, 0x00, 0x00, 0x00, 0x00, 0x00, 0x00, 0x00, 0x00, 0x00, 0x00,
    0x00, 0x00, 0x00, 0x00, 0x00, 0x00, 0x00, 0x00, 0x00, 0x00, 0x00, 0x00,
    0x00, 0x00, 0x00, 0x00, 0x00, 0x00, 0x00, 0x00, 0x80, 0x00, 0xe8, 0x41,
    0x78, 0x00, 0xe8, 0xff, 0x80, 0x00, 0xe8, 0xff, 0x80, 0x00, 0xe0, 0xff,
    0x80, 0x00, 0xe8, 0x1c, 0x00, 0x00, 0x00, 0x00, 0x00, 0x00, 0x00, 0x00,
    0x00, 0x00, 0x00, 0x00, 0x00, 0x00, 0x00, 0x00, 0x00, 0x00, 0x00, 0x00,
    0x00, 0x00, 0x00, 0x00, 0x00, 0x00, 0x00, 0x00, 0x00, 0x00, 0x00, 0x00,
    0x00, 0x00, 0x00, 0x00, 0x00, 0x00, 0x00, 0x00, 0x00, 0x00, 0x00, 0x00,
    0x00, 0x00, 0x00, 0x00, 0x00, 0x00, 0x00, 0x00, 0x00, 0x00, 0x00, 0x00,
    0x00, 0x00, 0x00, 0x00, 0x00, 0x00, 0x00, 0x00, 0x00, 0x00, 0x00, 0x00,
    0x80, 0x00, 0xe8, 0x6d, 0x80, 0x00, 0xe8, 0xff, 0x78, 0x00, 0xe0, 0xff,
    0x80, 0x00, 0xe8, 0xff, 0x80, 0x00, 0xe8, 0xff, 0x78, 0x00, 0xe0, 0xff,
    0x80, 0x00, 0xe8, 0xff, 0x80, 0x00, 0xe8, 0xff, 0x78, 0x00, 0xe8, 0xff,
    0x80, 0x00, 0xe0, 0xff, 0x80, 0x00, 0xe8, 0xff, 0x78, 0x00, 0xe8, 0xff,
    0x80, 0x00, 0xe8, 0xff, 0x78, 0x00, 0xe8, 0xff, 0x80, 0x00, 0xe8, 0xff,
    0x80, 0x00, 0xe8, 0xff, 0x80, 0x00, 0xe8, 0xff, 0xc8, 0xa4, 0xe8, 0xff,
    0xf0, 0xec, 0xe8, 0xff, 0xf0, 0xf0, 0xf0, 0xff, 0xf0, 0xf0, 0xe8, 0xff,
    0xc0, 0x94, 0xe8, 0xff, 0xb8, 0x78, 0xe8, 0xff, 0xb8, 0x78, 0xe8, 0xff,
    0xc8, 0xa4, 0xe8, 0xff, 0xf0, 0xec, 0xe8, 0xff, 0xf0, 0xf0, 0xf0, 0xff,
    0xf0, 0xf0, 0xe8, 0xff, 0xc0, 0x84, 0xe8, 0xff, 0x80, 0x00, 0xe8, 0xff,
    0x80, 0x00, 0xe0, 0xff, 0x80, 0x00, 0xe8, 0xff, 0xe0, 0xd0, 0xe8, 0xff,
    0xf0, 0xf0, 0xe8, 0xff, 0xf0, 0xf0, 0xf0, 0xff, 0xb8, 0x78, 0xe8, 0xff,
    0x80, 0x00, 0xe8, 0xff, 0x80, 0x00, 0xe8, 0xff, 0x88, 0x1c, 0xe8, 0xff,
    0xe8, 0xe0, 0xe8, 0xff, 0xf0, 0xf0, 0xe8, 0xff, 0xf0, 0xec, 0xf0, 0xff,
    0xf0, 0xf0, 0xe8, 0xff, 0xc8, 0x94, 0xe8, 0xff, 0x80, 0x00, 0xe8, 0xff,
    0x80, 0x00, 0xe8, 0xff, 0x80, 0x00, 0xe0, 0xff, 0x80, 0x00, 0xe8, 0xff,
    0x78, 0x00, 0xe8, 0xff, 0x80, 0x00, 0xe8, 0xff, 0x80, 0x00, 0xe8, 0xff,
    0x80, 0x00, 0xe8, 0xff, 0x78, 0x00, 0xe8, 0xff, 0x80, 0x00, 0xe0, 0xff,
    0x80, 0x00, 0xe8, 0xff, 0x80, 0x00, 0xe0, 0xff, 0x80, 0x00, 0xe8, 0xff,
    0x80, 0x00, 0xe8, 0xff, 0x80, 0x00, 0xe8, 0xff, 0x80, 0x00, 0xe0, 0xff,
    0x80, 0x00, 0xe8, 0x61, 0x00, 0x00, 0x00, 0x00, 0x00, 0x00, 0x00, 0x00,
    0x00, 0x00, 0x00, 0x00, 0x80, 0x00, 0xe8, 0x7d, 0x80, 0x00, 0xe8, 0xff,
    0x78, 0x00, 0xe8, 0xff, 0x80, 0x00, 0xe0, 0xff, 0x80, 0x00, 0xe8, 0x8e,
    0x78, 0x00, 0xe8, 0x61, 0x80, 0x00, 0xe8, 0xff, 0x80, 0x00, 0xe8, 0xff,
    0x80, 0x00, 0xe0, 0xff, 0x78, 0x00, 0xe8, 0xbe, 0x00, 0x00, 0x00, 0x00,
    0x00, 0x00, 0x00, 0x00, 0x00, 0x00, 0x00, 0x00, 0x00, 0x00, 0x00, 0x00,
    0x00, 0x00, 0x00, 0x00, 0x00, 0x00, 0x00, 0x00, 0x00, 0x00, 0x00, 0x00,
    0x00, 0x00, 0x00, 0x00, 0x00, 0x00, 0x00, 0x00, 0x00, 0x00, 0x00, 0x00,
    0x00, 0x00, 0x00, 0x00, 0x00, 0x00, 0x00, 0x00, 0x00, 0x00, 0x00, 0x00,
    0x00, 0x00, 0x00, 0x00, 0x00, 0x00, 0x00, 0x00, 0x80, 0x00, 0xe0, 0x10,
    0x80, 0x00, 0xe8, 0xdf, 0x80, 0x00, 0xe8, 0xff, 0x80, 0x00, 0xe8, 0xff,
    0x80, 0x00, 0xe8, 0xff, 0x78, 0x00, 0xe0, 0xff, 0x80, 0x00, 0xe8, 0xff,
    0x80, 0x00, 0xe8, 0xff, 0x80, 0x00, 0xe0, 0xff, 0x78, 0x00, 0xe8, 0xff,
    0x80, 0x00, 0xe0, 0xff, 0x78, 0x00, 0xe0, 0x8e, 0x00, 0x00, 0x00, 0x00,
    0x00, 0x00, 0x00, 0x00, 0x00, 0x00, 0x00, 0x00, 0x78, 0x00, 0xe8, 0x61,
    0x80, 0x00, 0xe8, 0xff, 0x80, 0x00, 0xe8, 0xff, 0x78, 0x00, 0xe8, 0xff,
    0x00, 0x00, 0x00, 0x00, 0x00, 0x00, 0x00, 0x00, 0x00, 0x00, 0x00, 0x00,
    0x00, 0x00, 0x00, 0x00, 0x00, 0x00, 0x00, 0x00, 0x00, 0x00, 0x00, 0x00,
    0x00, 0x00, 0x00, 0x00, 0x00, 0x00, 0x00, 0x00, 0x80, 0x00, 0xe8, 0x41,
    0x80, 0x00, 0xe0, 0xff, 0x80, 0x00, 0xe8, 0xff, 0x80, 0x00, 0xe8, 0xff,
    0x80, 0x00, 0xe0, 0x20, 0x00, 0x00, 0x00, 0x00, 0x00, 0x00, 0x00, 0x00,
    0x00, 0x00, 0x00, 0x00, 0x00, 0x00, 0x00, 0x00, 0x00, 0x00, 0x00, 0x00,
    0x00, 0x00, 0x00, 0x00, 0x00, 0x00, 0x00, 0x00, 0x00, 0x00, 0x00, 0x00,
    0x00, 0x00, 0x00, 0x00, 0x00, 0x00, 0x00, 0x00, 0x00, 0x00, 0x00, 0x00,
    0x00, 0x00, 0x00, 0x00, 0x00, 0x00, 0x00, 0x00, 0x00, 0x00, 0x00, 0x00,
    0x00, 0x00, 0x00, 0x00, 0x00, 0x00, 0x00, 0x00, 0x00, 0x00, 0x00, 0x00,
    0x80, 0x00, 0xe0, 0x10, 0x80, 0x00, 0xe0, 0xff, 0x80, 0x00, 0xe8, 0xff,
    0x78, 0x00, 0xe8, 0xff, 0x80, 0x00, 0xe8, 0xff, 0x80, 0x00, 0xe8, 0xff,
    0x78, 0x00, 0xe0, 0xff, 0x80, 0x00, 0xe8, 0xff, 0x80, 0x00, 0xe8, 0xff,
    0x80, 0x00, 0xe8, 0xff, 0x80, 0x00, 0xe0, 0xff, 0x80, 0x00, 0xe8, 0xff,
    0x80, 0x00, 0xe8, 0xff, 0x80, 0x00, 0xe0, 0xff, 0x78, 0x00, 0xe0, 0xff,
    0x80, 0x00, 0xe8, 0xff, 0x80, 0x00, 0xe8, 0xff, 0x98, 0x3c, 0xe8, 0xff,
    0xf0, 0xec, 0xe8, 0xff, 0xf0, 0xec, 0xe8, 0xff, 0xf0, 0xf0, 0xe8, 0xff,
    0xf0, 0xec, 0xe8, 0xff, 0xf0, 0xec, 0xe8, 0xff, 0xf0, 0xf0, 0xf0, 0xff,
    0xf0, 0xec, 0xe8, 0xff, 0xf0, 0xec, 0xe8, 0xff, 0xf0, 0xf0, 0xf0, 0xff,
    0xf0, 0xec, 0xe8, 0xff, 0x88, 0x1c, 0xe8, 0xff, 0x80, 0x00, 0xe8, 0xff,
    0x80, 0x00, 0xe8, 0xff, 0x78, 0x00, 0xe8, 0xff, 0xe0, 0xd0, 0xe8, 0xff,
    0xf0, 0xec, 0xe8, 0xff, 0xf0, 0xec, 0xe8, 0xff, 0xb8, 0x78, 0xe8, 0xff,
    0x80, 0x00, 0xe8, 0xff, 0x80, 0x00, 0xe8, 0xff, 0x80, 0x00, 0xe8, 0xff,
    0xb8, 0x78, 0xe8, 0xff, 0xf0, 0xec, 0xe8, 0xff, 0xf0, 0xf0, 0xf0, 0xff,
    0xf0, 0xf0, 0xe8, 0xff, 0xc0, 0x94, 0xe8, 0xff, 0x80, 0x00, 0xe8, 0xff,
    0x78, 0x00, 0xe8, 0xff, 0x80, 0x00, 0xe0, 0xff, 0x80, 0x00, 0xe8, 0xff,
    0x80, 0x00, 0xe8, 0xff, 0x80, 0x00, 0xe0, 0xff, 0x80, 0x00, 0xe0, 0xff,
    0x78, 0x00, 0xe8, 0xff, 0x80, 0x00, 0xe8, 0xff, 0x80, 0x00, 0xe8, 0xff,
    0x78, 0x00, 0xe8, 0xff, 0x80, 0x00, 0xe0, 0xff, 0x78, 0x00, 0xe8, 0xff,
    0x78, 0x00, 0xe8, 0xff, 0x80, 0x00, 0xe8, 0xff, 0x80, 0x00, 0xe8, 0xff,
    0x80, 0x00, 0xe0, 0x20, 0x00, 0x00, 0x00, 0x00, 0x00, 0x00, 0x00, 0x00,
    0x00, 0x00, 0x00, 0x00, 0x80, 0x00, 0xe8, 0xbe, 0x80, 0x00, 0xe8, 0xff,
    0x80, 0x00, 0xe8, 0xff, 0x80, 0x00, 0xe8, 0xff, 0x80, 0x00, 0xe8, 0x61,
    0x80, 0x00, 0xe8, 0x20, 0x80, 0x00, 0xe8, 0xff, 0x80, 0x00, 0xe8, 0xff,
    0x80, 0x00, 0xe8, 0xff, 0x80, 0x00, 0xe0, 0xef, 0x80, 0x00, 0xe0, 0x10,
    0x00, 0x00, 0x00, 0x00, 0x00, 0x00, 0x00, 0x00, 0x00, 0x00, 0x00, 0x00,
    0x00, 0x00, 0x00, 0x00, 0x00, 0x00, 0x00, 0x00, 0x00, 0x00, 0x00, 0x00,
    0x00, 0x00, 0x00, 0x00, 0x00, 0x00, 0x00, 0x00, 0x00, 0x00, 0x00, 0x00,
    0x00, 0x00, 0x00, 0x00, 0x00, 0x00, 0x00, 0x00, 0x00, 0x00, 0x00, 0x00,
    0x00, 0x00, 0x00, 0x00, 0x00, 0x00, 0x00, 0x00, 0x00, 0x00, 0x00, 0x00,
    0x80, 0x00, 0xe8, 0x20, 0x78, 0x00, 0xe8, 0x9e, 0x80, 0x00, 0xe8, 0xef,
    0x80, 0x00, 0xe0, 0xff, 0x80, 0x00, 0xe8, 0xff, 0x80, 0x00, 0xe8, 0xff,
    0x80, 0x00, 0xe0, 0xff, 0x80, 0x00, 0xe8, 0xff, 0x80, 0x00, 0xe8, 0xdf,
    0x80, 0x00, 0xe0, 0x7d, 0x00, 0x00, 0x00, 0x00, 0x00, 0x00, 0x00, 0x00,
    0x00, 0x00, 0x00, 0x00, 0x00, 0x00, 0x00, 0x00, 0x78, 0x00, 0xe8, 0x61,
    0x80, 0x00, 0xe0, 0xff, 0x80, 0x00, 0xe8, 0xff, 0x80, 0x00, 0xe0, 0xff,
    0x00, 0x00, 0x00, 0x00, 0x00, 0x00, 0x00, 0x00, 0x00, 0x00, 0x00, 0x00,
    0x00, 0x00, 0x00, 0x00, 0x00, 0x00, 0x00, 0x00, 0x00, 0x00, 0x00, 0x00,
    0x00, 0x00, 0x00, 0x00, 0x00, 0x00, 0x00, 0x00, 0x80, 0x00, 0xe8, 0x41,
    0x80, 0x00, 0xe8, 0xff, 0x78, 0x00, 0xe8, 0xff, 0x80, 0x00, 0xe8, 0xff,
    0x88, 0x00, 0xe8, 0x20, 0x00, 0x00, 0x00, 0x00, 0x00, 0x00, 0x00, 0x00,
    0x00, 0x00, 0x00, 0x00, 0x00, 0x00, 0x00, 0x00, 0x00, 0x00, 0x00, 0x00,
    0x00, 0x00, 0x00, 0x00, 0x00, 0x00, 0x00, 0x00, 0x00, 0x00, 0x00, 0x00,
    0x00, 0x00, 0x00, 0x00, 0x00, 0x00, 0x00, 0x00, 0x00, 0x00, 0x00, 0x00,
    0x00, 0x00, 0x00, 0x00, 0x00, 0x00, 0x00, 0x00, 0x00, 0x00, 0x00, 0x00,
    0x00, 0x00, 0x00, 0x00, 0x00, 0x00, 0x00, 0x00, 0x00, 0x00, 0x00, 0x00,
    0x00, 0x00, 0x00, 0x00, 0x80, 0x00, 0xe8, 0xbe, 0x80, 0x00, 0xe8, 0xff,
    0x80, 0x00, 0xe0, 0xff, 0x80, 0x00, 0xe8, 0xff, 0x80, 0x00, 0xe8, 0xff,
    0x80, 0x00, 0xe8, 0xff, 0x78, 0x00, 0xe0, 0xff, 0x80, 0x00, 0xe8, 0xff,
    0x78, 0x00, 0xe8, 0xff, 0x80, 0x00, 0xe8, 0xff, 0x78, 0x00, 0xe0, 0xff,
    0x80, 0x00, 0xe8, 0xff, 0x80, 0x00, 0xe8, 0xff, 0x80, 0x00, 0xe8, 0xff,
    0x78, 0x00, 0xe8, 0xff, 0x80, 0x00, 0xe8, 0xff, 0x80, 0x00, 0xe8, 0xff,
    0xa8, 0x58, 0xe8, 0xff, 0xd8, 0xc0, 0xe8, 0xff, 0xf0, 0xf0, 0xf0, 0xff,
    0xf0, 0xf0, 0xf0, 0xff, 0xf0, 0xec, 0xe8, 0xff, 0xf0, 0xf0, 0xe8, 0xff,
    0xf0, 0xf0, 0xf0, 0xff, 0xf0, 0xec, 0xe8, 0xff, 0xd0, 0xb4, 0xe8, 0xff,
    0x98, 0x3c, 0xe8, 0xff, 0x80, 0x00, 0xe8, 0xff, 0x80, 0x00, 0xe8, 0xff,
    0x80, 0x00, 0xe8, 0xff, 0x80, 0x00, 0xe8, 0xff, 0xe0, 0xd0, 0xe8, 0xff,
    0xf0, 0xf0, 0xe8, 0xff, 0xf0, 0xec, 0xf0, 0xff, 0xb8, 0x78, 0xe8, 0xff,
    0x78, 0x00, 0xe8, 0xff, 0x80, 0x00, 0xe8, 0xff, 0x80, 0x00, 0xe8, 0xff,
    0x88, 0x10, 0xe8, 0xff, 0xe0, 0xd0, 0xe8, 0xff, 0xf0, 0xec, 0xe8, 0xff,
    0xf0, 0xf0, 0xf0, 0xff, 0xc8, 0x94, 0xe8, 0xff, 0x80, 0x00, 0xe8, 0xff,
    0x78, 0x00, 0xe8, 0xff, 0x80, 0x00, 0xe8, 0xff, 0x80, 0x00, 0xe8, 0xff,
    0x78, 0x00, 0xe8, 0xff, 0x80, 0x00, 0xe8, 0xff, 0x80, 0x00, 0xe8, 0xff,
    0x78, 0x00, 0xe0, 0xff, 0x80, 0x00, 0xe8, 0xff, 0x80, 0x00, 0xe8, 0xff,
    0x80, 0x00, 0xe8, 0xff, 0x80, 0x00, 0xe8, 0xff, 0x80, 0x00, 0xe0, 0xff,
    0x80, 0x00, 0xe8, 0xff, 0x78, 0x00, 0xe0, 0xff, 0x78, 0x00, 0xe8, 0xae,
    0x00, 0x00, 0x00, 0x00, 0x00, 0x00, 0x00, 0x00, 0x00, 0x00, 0x00, 0x00,
    0x80, 0x00, 0xe0, 0x10, 0x78, 0x00, 0xe0, 0xff, 0x80, 0x00, 0xe8, 0xff,
    0x80, 0x00, 0xe0, 0xff, 0x78, 0x00, 0xe8, 0xff, 0x80, 0x00, 0xe0, 0x20,
    0x00, 0x00, 0x00, 0x00, 0x80, 0x00, 0xe8, 0xdf, 0x78, 0x00, 0xe0, 0xff,
    0x78, 0x00, 0xe8, 0xff, 0x80, 0x00, 0xe8, 0xff, 0x80, 0x00, 0xe8, 0x71,
    0x00, 0x00, 0x00, 0x00, 0x00, 0x00, 0x00, 0x00, 0x00, 0x00, 0x00, 0x00,
    0x00, 0x00, 0x00, 0x00, 0x00, 0x00, 0x00, 0x00, 0x00, 0x00, 0x00, 0x00,
    0x00, 0x00, 0x00, 0x00, 0x00, 0x00, 0x00, 0x00, 0x00, 0x00, 0x00, 0x00,
    0x00, 0x00, 0x00, 0x00, 0x00, 0x00, 0x00, 0x00, 0x00, 0x00, 0x00, 0x00,
    0x00, 0x00, 0x00, 0x00, 0x00, 0x00, 0x00, 0x00, 0x00, 0x00, 0x00, 0x00,
    0x00, 0x00, 0x00, 0x00, 0x00, 0x00, 0x00, 0x00, 0x00, 0x00, 0x00, 0x00,
    0x80, 0x00, 0xe0, 0x10, 0x80, 0x00, 0xe8, 0x20, 0x80, 0x00, 0xe8, 0x20,
    0x80, 0x00, 0xe8, 0x20, 0x80, 0x00, 0xe0, 0x10, 0x00, 0x00, 0x00, 0x00,
    0x00, 0x00, 0x00, 0x00, 0x00, 0x00, 0x00, 0x00, 0x00, 0x00, 0x00, 0x00,
    0x00, 0x00, 0x00, 0x00, 0x00, 0x00, 0x00, 0x00, 0x00, 0x00, 0x00, 0x00,
    0x00, 0x00, 0x00, 0x00, 0x00, 0x00, 0x00, 0x00, 0x00, 0x00, 0x00, 0x00,
    0x00, 0x00, 0x00, 0x00, 0x00, 0x00, 0x00, 0x00, 0x00, 0x00, 0x00, 0x00,
    0x00, 0x00, 0x00, 0x00, 0x00, 0x00, 0x00, 0x00, 0x00, 0x00, 0x00, 0x00,
    0x00, 0x00, 0x00, 0x00, 0x00, 0x00, 0x00, 0x00, 0x00, 0x00, 0x00, 0x00,
    0x00, 0x00, 0x00, 0x00, 0x00, 0x00, 0x00, 0x00, 0x00, 0x00, 0x00, 0x00,
    0x00, 0x00, 0x00, 0x00, 0x00, 0x00, 0x00, 0x00, 0x00, 0x00, 0x00, 0x00,
    0x00, 0x00, 0x00, 0x00, 0x00, 0x00, 0x00, 0x00, 0x00, 0x00, 0x00, 0x00,
    0x00, 0x00, 0x00, 0x00, 0x00, 0x00, 0x00, 0x00, 0x00, 0x00, 0x00, 0x00,
    0x00, 0x00, 0x00, 0x00, 0x00, 0x00, 0x00, 0x00, 0x00, 0x00, 0x00, 0x00,
    0x00, 0x00, 0x00, 0x00, 0x00, 0x00, 0x00, 0x00, 0x00, 0x00, 0x00, 0x00,
    0x00, 0x00, 0x00, 0x00, 0x00, 0x00, 0x00, 0x00, 0x00, 0x00, 0x00, 0x00,
    0x00, 0x00, 0x00, 0x00, 0x80, 0x00, 0xe0, 0x41, 0x78, 0x00, 0xe8, 0xff,
    0x80, 0x00, 0xe8, 0xff, 0x78, 0x00, 0xe0, 0xff, 0x80, 0x00, 0xe8, 0xff,
    0x80, 0x00, 0xe8, 0xff, 0x80, 0x00, 0xe8, 0xff, 0x80, 0x00, 0xe0, 0xff,
    0x80, 0x00, 0xe8, 0xff, 0x78, 0x00, 0xe8, 0xff, 0x80, 0x00, 0xe8, 0xff,
    0x80, 0x00, 0xe8, 0xff, 0x78, 0x00, 0xe8, 0xff, 0x80, 0x00, 0xe0, 0xff,
    0x80, 0x00, 0xe8, 0xff, 0x80, 0x00, 0xe0, 0xff, 0x80, 0x00, 0xe8, 0xff,
    0x80, 0x00, 0xe8, 0xff, 0x80, 0x00, 0xe8, 0xff, 0x80, 0x00, 0xe8, 0xff,
    0x88, 0x1c, 0xe8, 0xff, 0x88, 0x1c, 0xe8, 0xff, 0x90, 0x1c, 0xe8, 0xff,
    0x88, 0x1c, 0xe8, 0xff, 0x80, 0x00, 0xe8, 0xff, 0x80, 0x00, 0xe8, 0xff,
    0x80, 0x00, 0xe8, 0xff, 0x80, 0x00, 0xe8, 0xff, 0x80, 0x00, 0xe0, 0xff,
    0x78, 0x00, 0xe8, 0xff, 0x80, 0x00, 0xe8, 0xff, 0x80, 0x00, 0xe8, 0xff,
    0x80, 0x00, 0xe8, 0xff, 0x80, 0x00, 0xe8, 0xff, 0x80, 0x00, 0xe8, 0xff,
    0x80, 0x00, 0xe0, 0xff, 0x78, 0x00, 0xe8, 0xff, 0x80, 0x00, 0xe8, 0xff,
    0x80, 0x00, 0xe8, 0xff, 0x80, 0x00, 0xe8, 0xff, 0x80, 0x00, 0xe8, 0xff,
    0x80, 0x00, 0xe8, 0xff, 0x80, 0x00, 0xe8, 0xff, 0x80, 0x00, 0xe8, 0xff,
    0x80, 0x00, 0xe0, 0xff, 0x80, 0x00, 0xe8, 0xff, 0x78, 0x00, 0xe0, 0xff,
    0x80, 0x00, 0xe8, 0xff, 0x80, 0x00, 0xe8, 0xff, 0x80, 0x00, 0xe8, 0xff,
    0x80, 0x00, 0xe8, 0xff, 0x80, 0x00, 0xe0, 0xff, 0x78, 0x00, 0xe8, 0xff,
    0x80, 0x00, 0xe8, 0xff, 0x80, 0x00, 0xe0, 0xff, 0x80, 0x00, 0xe8, 0xff,
    0x80, 0x00, 0xe8, 0xff, 0x80, 0x00, 0xe8, 0xff, 0x80, 0x00, 0xe8, 0x41,
    0x00, 0x00, 0x00, 0x00, 0x00, 0x00, 0x00, 0x00, 0x00, 0x00, 0x00, 0x00,
    0x80, 0x00, 0xe0, 0x61, 0x80, 0x00, 0xe8, 0xff, 0x78, 0x00, 0xe8, 0xff,
    0x80, 0x00, 0xe8, 0xff, 0x80, 0x00, 0xe0, 0xdf, 0x00, 0x00, 0x00, 0x00,
    0x00, 0x00, 0x00, 0x00, 0x80, 0x00, 0xe8, 0x7d, 0x80, 0x00, 0xe8, 0xff,
    0x80, 0x00, 0xe0, 0xff, 0x78, 0x00, 0xe8, 0xff, 0x78, 0x00, 0xe8, 0xbe,
    0x00, 0x00, 0x00, 0x00, 0x00, 0x00, 0x00, 0x00, 0x00, 0x00, 0x00, 0x00,
    0x00, 0x00, 0x00, 0x00, 0x00, 0x00, 0x00, 0x00, 0x00, 0x00, 0x00, 0x00,
    0x00, 0x00, 0x00, 0x00, 0x00, 0x00, 0x00, 0x00, 0x00, 0x00, 0x00, 0x00,
    0x00, 0x00, 0x00, 0x00, 0x00, 0x00, 0x00, 0x00, 0x00, 0x00, 0x00, 0x00,
    0x00, 0x00, 0x00, 0x00, 0x00, 0x00, 0x00, 0x00, 0x00, 0x00, 0x00, 0x00,
    0x00, 0x00, 0x00, 0x00, 0x00, 0x00, 0x00, 0x00, 0x00, 0x00, 0x00, 0x00,
    0x00, 0x00, 0x00, 0x00, 0x00, 0x00, 0x00, 0x00, 0x00, 0x00, 0x00, 0x00,
    0x00, 0x00, 0x00, 0x00, 0x00, 0x00, 0x00, 0x00, 0x00, 0x00, 0x00, 0x00,
    0x00, 0x00, 0x00, 0x00, 0x00, 0x00, 0x00, 0x00, 0x00, 0x00, 0x00, 0x00,
    0x00, 0x00, 0x00, 0x00, 0x00, 0x00, 0x00, 0x00, 0x00, 0x00, 0x00, 0x00,
    0x00, 0x00, 0x00, 0x00, 0x00, 0x00, 0x00, 0x00, 0x00, 0x00, 0x00, 0x00,
    0x00, 0x00, 0x00, 0x00, 0x00, 0x00, 0x00, 0x00, 0x00, 0x00, 0x00, 0x00,
    0x00, 0x00, 0x00, 0x00, 0x00, 0x00, 0x00, 0x00, 0x00, 0x00, 0x00, 0x00,
    0x00, 0x00, 0x00, 0x00, 0x00, 0x00, 0x00, 0x00, 0x00, 0x00, 0x00, 0x00,
    0x00, 0x00, 0x00, 0x00, 0x00, 0x00, 0x00, 0x00, 0x00, 0x00, 0x00, 0x00,
    0x00, 0x00, 0x00, 0x00, 0x00, 0x00, 0x00, 0x00, 0x00, 0x00, 0x00, 0x00,
    0x00, 0x00, 0x00, 0x00, 0x00, 0x00, 0x00, 0x00, 0x00, 0x00, 0x00, 0x00,
    0x00, 0x00, 0x00, 0x00, 0x00, 0x00, 0x00, 0x00, 0x00, 0x00, 0x00, 0x00,
    0x00, 0x00, 0x00, 0x00, 0x00, 0x00, 0x00, 0x00, 0x00, 0x00, 0x00, 0x00,
    0x00, 0x00, 0x00, 0x00, 0x00, 0x00, 0x00, 0x00, 0x00, 0x00, 0x00, 0x00,
    0x00, 0x00, 0x00, 0x00, 0x00, 0x00, 0x00, 0x00, 0x00, 0x00, 0x00, 0x00,
    0x00, 0x00, 0x00, 0x00, 0x00, 0x00, 0x00, 0x00, 0x80, 0x00, 0xe8, 0xbe,
    0x78, 0x00, 0xe8, 0xff, 0x80, 0x00, 0xe8, 0xff, 0x80, 0x00, 0xe0, 0xff,
    0x78, 0x00, 0xe8, 0xff, 0x80, 0x00, 0xe8, 0xff, 0x80, 0x00, 0xe8, 0xff,
    0x80, 0x00, 0xe0, 0xff, 0x80, 0x00, 0xe8, 0xff, 0x80, 0x00, 0xe0, 0xff,
    0x80, 0x00, 0xe8, 0xff, 0x80, 0x00, 0xe8, 0xff, 0x78, 0x00, 0xe0, 0xff,
    0x80, 0x00, 0xe8, 0xff, 0x80, 0x00, 0xe8, 0xff, 0x78, 0x00, 0xe0, 0xff,
    0x80, 0x00, 0xe8, 0xff, 0x80, 0x00, 0xe8, 0xff, 0x80, 0x00, 0xe8, 0xff,
    0x80, 0x00, 0xe8, 0xff, 0x80, 0x00, 0xe8, 0xff, 0x80, 0x00, 0xe8, 0xff,
    0x80, 0x00, 0xe8, 0xff, 0x80, 0x00, 0xe8, 0xff, 0x80, 0x00, 0xe8, 0xff,
    0x80, 0x00, 0xe8, 0xff, 0x80, 0x00, 0xe0, 0xff, 0x78, 0x00, 0xe8, 0xff,
    0x80, 0x00, 0xe8, 0xff, 0x80, 0x00, 0xe0, 0xff, 0x80, 0x00, 0xe8, 0xff,
    0x80, 0x00, 0xe8, 0xff, 0x78, 0x00, 0xe8, 0xff, 0x80, 0x00, 0xe8, 0xff,
    0x80, 0x00, 0xe0, 0xff, 0x80, 0x00, 0xe8, 0xff, 0x78, 0x00, 0xe0, 0xff,
    0x80, 0x00, 0xe8, 0xff, 0x80, 0x00, 0xe8, 0xff, 0x78, 0x00, 0xe8, 0xff,
    0x80, 0x00, 0xe0, 0xff, 0x78, 0x00, 0xe8, 0xff, 0x80, 0x00, 0xe8, 0xff,
    0x80, 0x00, 0xe8, 0xff, 0x78, 0x00, 0xe0, 0xff, 0x80, 0x00, 0xe8, 0xff,
    0x80, 0x00, 0xe0, 0xff, 0x78, 0x00, 0xe8, 0xff, 0x80, 0x00, 0xe0, 0xff,
    0x80, 0x00, 0xe8, 0xff, 0x78, 0x00, 0xe8, 0xff, 0x80, 0x00, 0xe0, 0xff,
    0x80, 0x00, 0xe8, 0xff, 0x78, 0x00, 0xe8, 0xff, 0x78, 0x00, 0xe8, 0xff,
    0x80, 0x00, 0xe0, 0xff, 0x78, 0x00, 0xe8, 0xae, 0x00, 0x00, 0x00, 0x00,
    0x00, 0x00, 0x00, 0x00, 0x00, 0x00, 0x00, 0x00, 0x00, 0x00, 0x00, 0x00,
    0x80, 0x00, 0xe8, 0xcf, 0x80, 0x00, 0xe8, 0xff, 0x80, 0x00, 0xe8, 0xff,
    0x78, 0x00, 0xe8, 0xff, 0x80, 0x00, 0xe8, 0x8e, 0x00, 0x00, 0x00, 0x00,
    0x00, 0x00, 0x00, 0x00, 0x80, 0x00, 0xe0, 0x10, 0x80, 0x00, 0xe8, 0xff,
    0x80, 0x00, 0xe8, 0xff, 0x80, 0x00, 0xe0, 0xff, 0x80, 0x00, 0xe8, 0xff,
    0x78, 0x00, 0xe0, 0x41, 0x00, 0x00, 0x00, 0x00, 0x00, 0x00, 0x00, 0x00,
    0x00, 0x00, 0x00, 0x00, 0x00, 0x00, 0x00, 0x00, 0x00, 0x00, 0x00, 0x00,
    0x00, 0x00, 0x00, 0x00, 0x00, 0x00, 0x00, 0x00, 0x00, 0x00, 0x00, 0x00,
    0x00, 0x00, 0x00, 0x00, 0x00, 0x00, 0x00, 0x00, 0x00, 0x00, 0x00, 0x00,
    0x00, 0x00, 0x00, 0x00, 0x00, 0x00, 0x00, 0x00, 0x00, 0x00, 0x00, 0x00,
    0x00, 0x00, 0x00, 0x00, 0x00, 0x00, 0x00, 0x00, 0x00, 0x00, 0x00, 0x00,
    0x00, 0x00, 0x00, 0x00, 0x00, 0x00, 0x00, 0x00, 0x00, 0x00, 0x00, 0x00,
    0x00, 0x00, 0x00, 0x00, 0x00, 0x00, 0x00, 0x00, 0x00, 0x00, 0x00, 0x00,
    0x00, 0x00, 0x00, 0x00, 0x00, 0x00, 0x00, 0x00, 0x00, 0x00, 0x00, 0x00,
    0x00, 0x00, 0x00, 0x00, 0x00, 0x00, 0x00, 0x00, 0x00, 0x00, 0x00, 0x00,
    0x00, 0x00, 0x00, 0x00, 0x00, 0x00, 0x00, 0x00, 0x00, 0x00, 0x00, 0x00,
    0x00, 0x00, 0x00, 0x00, 0x00, 0x00, 0x00, 0x00, 0x00, 0x00, 0x00, 0x00,
    0x00, 0x00, 0x00, 0x00, 0x00, 0x00, 0x00, 0x00, 0x00, 0x00, 0x00, 0x00,
    0x00, 0x00, 0x00, 0x00, 0x00, 0x00, 0x00, 0x00, 0x00, 0x00, 0x00, 0x00,
    0x00, 0x00, 0x00, 0x00, 0x00, 0x00, 0x00, 0x00, 0x00, 0x00, 0x00, 0x00,
    0x00, 0x00, 0x00, 0x00, 0x00, 0x00, 0x00, 0x00, 0x00, 0x00, 0x00, 0x00,
    0x00, 0x00, 0x00, 0x00, 0x00, 0x00, 0x00, 0x00, 0x00, 0x00, 0x00, 0x00,
    0x00, 0x00, 0x00, 0x00, 0x00, 0x00, 0x00, 0x00, 0x00, 0x00, 0x00, 0x00,
    0x00, 0x00, 0x00, 0x00, 0x00, 0x00, 0x00, 0x00, 0x00, 0x00, 0x00, 0x00,
    0x00, 0x00, 0x00, 0x00, 0x00, 0x00, 0x00, 0x00, 0x00, 0x00, 0x00, 0x00,
    0x00, 0x00, 0x00, 0x00, 0x00, 0x00, 0x00, 0x00, 0x00, 0x00, 0x00, 0x00,
    0x00, 0x00, 0x00, 0x00, 0x00, 0x00, 0x00, 0x00, 0x80, 0x00, 0xe8, 0x20,
    0x80, 0x00, 0xe0, 0xef, 0x80, 0x00, 0xe8, 0xff, 0x80, 0x00, 0xe8, 0xff,
    0x78, 0x00, 0xe0, 0xff, 0x80, 0x00, 0xe8, 0xff, 0x78, 0x00, 0xe8, 0xff,
    0x78, 0x00, 0xe8, 0xff, 0x80, 0x00, 0xe8, 0xff, 0x80, 0x00, 0xe0, 0xff,
    0x78, 0x00, 0xe8, 0xff, 0x80, 0x00, 0xe8, 0xff, 0x80, 0x00, 0xe8, 0xff,
    0x80, 0x00, 0xe8, 0xff, 0x78, 0x00, 0xe8, 0xff, 0x80, 0x00, 0xe8, 0xff,
    0x80, 0x00, 0xe0, 0xff, 0x78, 0x00, 0xe8, 0xff, 0x80, 0x00, 0xe0, 0xff,
    0x80, 0x00, 0xe8, 0xff, 0x80, 0x00, 0xe8, 0xff, 0x78, 0x00, 0xe0, 0xff,
    0x80, 0x00, 0xe8, 0xff, 0x80, 0x00, 0xe8, 0xff, 0x78, 0x00, 0xe0, 0xff,
    0x80, 0x00, 0xe8, 0xff, 0x80, 0x00, 0xe8, 0xff, 0x80, 0x00, 0xe8, 0xff,
    0x80, 0x00, 0xe8, 0xff, 0x78, 0x00, 0xe0, 0xff, 0x80, 0x00, 0xe8, 0xff,
    0x80, 0x00, 0xe8, 0xff, 0x78, 0x00, 0xe0, 0xff, 0x80, 0x00, 0xe8, 0xff,
    0x80, 0x00, 0xe8, 0xff, 0x80, 0x00, 0xe8, 0xff, 0x78, 0x00, 0xe8, 0xff,
    0x80, 0x00, 0xe0, 0xff, 0x80, 0x00, 0xe8, 0xff, 0x78, 0x00, 0xe8, 0xff,
    0x80, 0x00, 0xe0, 0xff, 0x80, 0x00, 0xe8, 0xff, 0x78, 0x00, 0xe8, 0xff,
    0x80, 0x00, 0xe8, 0xff, 0x80, 0x00, 0xe8, 0xff, 0x80, 0x00, 0xe8, 0xff,
    0x80, 0x00, 0xe8, 0xff, 0x78, 0x00, 0xe8, 0xff, 0x80, 0x00, 0xe8, 0xff,
    0x80, 0x00, 0xe8, 0xff, 0x78, 0x00, 0xe8, 0xff, 0x80, 0x00, 0xe8, 0xff,
    0x80, 0x00, 0xe0, 0xff, 0x80, 0x00, 0xe8, 0xff, 0x80, 0x00, 0xe8, 0xff,
    0x80, 0x00, 0xe8, 0xef, 0x80, 0x00, 0xe0, 0x20, 0x00, 0x00, 0x00, 0x00,
    0x00, 0x00, 0x00, 0x00, 0x00, 0x00, 0x00, 0x00, 0x80, 0x00, 0xe8, 0x41,
    0x78, 0x00, 0xe0, 0xff, 0x80, 0x00, 0xe8, 0xff, 0x80, 0x00, 0xe0, 0xff,
    0x80, 0x00, 0xe8, 0xff, 0x80, 0x00, 0xe0, 0x20, 0x00, 0x00, 0x00, 0x00,
    0x00, 0x00, 0x00, 0x00, 0x00, 0x00, 0x00, 0x00, 0x80, 0x00, 0xe8, 0xbe,
    0x78, 0x00, 0xe8, 0xff, 0x80, 0x00, 0xe8, 0xff, 0x80, 0x00, 0xe0, 0xff,
    0x80, 0x00, 0xe8, 0xbe, 0x00, 0x00, 0x00, 0x00, 0x00, 0x00, 0x00, 0x00,
    0x00, 0x00, 0x00, 0x00, 0x00, 0x00, 0x00, 0x00, 0x00, 0x00, 0x00, 0x00,
    0x00, 0x00, 0x00, 0x00, 0x00, 0x00, 0x00, 0x00, 0x00, 0x00, 0x00, 0x00,
    0x00, 0x00, 0x00, 0x00, 0x00, 0x00, 0x00, 0x00, 0x00, 0x00, 0x00, 0x00,
    0x00, 0x00, 0x00, 0x00, 0x00, 0x00, 0x00, 0x00, 0x00, 0x00, 0x00, 0x00,
    0x00, 0x00, 0x00, 0x00, 0x00, 0x00, 0x00, 0x00, 0x00, 0x00, 0x00, 0x00,
    0x00, 0x00, 0x00, 0x00, 0x00, 0x00, 0x00, 0x00, 0x00, 0x00, 0x00, 0x00,
    0x00, 0x00, 0x00, 0x00, 0x00, 0x00, 0x00, 0x00, 0x00, 0x00, 0x00, 0x00,
    0x00, 0x00, 0x00, 0x00, 0x00, 0x00, 0x00, 0x00, 0x00, 0x00, 0x00, 0x00,
    0x00, 0x00, 0x00, 0x00, 0x00, 0x00, 0x00, 0x00, 0x00, 0x00, 0x00, 0x00,
    0x00, 0x00, 0x00, 0x00, 0x00, 0x00, 0x00, 0x00, 0x00, 0x00, 0x00, 0x00,
    0x00, 0x00, 0x00, 0x00, 0x00, 0x00, 0x00, 0x00, 0x00, 0x00, 0x00, 0x00,
    0x00, 0x00, 0x00, 0x00, 0x00, 0x00, 0x00, 0x00, 0x00, 0x00, 0x00, 0x00,
    0x00, 0x00, 0x00, 0x00, 0x00, 0x00, 0x00, 0x00, 0x00, 0x00, 0x00, 0x00,
    0x00, 0x00, 0x00, 0x00, 0x00, 0x00, 0x00, 0x00, 0x00, 0x00, 0x00, 0x00,
    0x00, 0x00, 0x00, 0x00, 0x00, 0x00, 0x00, 0x00, 0x00, 0x00, 0x00, 0x00,
    0x00, 0x00, 0x00, 0x00, 0x00, 0x00, 0x00, 0x00, 0x00, 0x00, 0x00, 0x00,
    0x00, 0x00, 0x00, 0x00, 0x00, 0x00, 0x00, 0x00, 0x00, 0x00, 0x00, 0x00,
    0x00, 0x00, 0x00, 0x00, 0x00, 0x00, 0x00, 0x00, 0x00, 0x00, 0x00, 0x00,
    0x00, 0x00, 0x00, 0x00, 0x00, 0x00, 0x00, 0x00, 0x00, 0x00, 0x00, 0x00,
    0x00, 0x00, 0x00, 0x00, 0x00, 0x00, 0x00, 0x00, 0x00, 0x00, 0x00, 0x00,
    0x00, 0x00, 0x00, 0x00, 0x00, 0x00, 0x00, 0x00, 0x00, 0x00, 0x00, 0x00,
    0x78, 0x00, 0xe0, 0x71, 0x80, 0x00, 0xe8, 0xff, 0x80, 0x00, 0xe8, 0xff,
    0x80, 0x00, 0xe8, 0xff, 0x80, 0x00, 0xe0, 0xff, 0x80, 0x00, 0xe8, 0xff,
    0x80, 0x00, 0xe8, 0xff, 0x80, 0x00, 0xe8, 0xff, 0x78, 0x00, 0xe8, 0xff,
    0x80, 0x00, 0xe0, 0xff, 0x80, 0x00, 0xe8, 0xff, 0x80, 0x00, 0xe8, 0xff,
    0x78, 0x00, 0xe0, 0xff, 0x80, 0x00, 0xe8, 0xff, 0x80, 0x00, 0xe8, 0xff,
    0x80, 0x00, 0xe8, 0xff, 0x78, 0x00, 0xe8, 0xff, 0x80, 0x00, 0xe0, 0xff,
    0x80, 0x00, 0xe8, 0xff, 0x78, 0x00, 0xe8, 0xff, 0x80, 0x00, 0xe0, 0xff,
    0x80, 0x00, 0xe8, 0xff, 0x80, 0x00, 0xe8, 0xff, 0x78, 0x00, 0xe0, 0xff,
    0x80, 0x00, 0xe8, 0xff, 0x80, 0x00, 0xe8, 0xff, 0x78, 0x00, 0xe0, 0xff,
    0x80, 0x00, 0xe8, 0xff, 0x80, 0x00, 0xe8, 0xff, 0x78, 0x00, 0xe8, 0xff,
    0x80, 0x00, 0xe0, 0xff, 0x80, 0x00, 0xe8, 0xff, 0x78, 0x00, 0xe8, 0xff,
    0x80, 0x00, 0xe0, 0xff, 0x80, 0x00, 0xe8, 0xff, 0x80, 0x00, 0xe8, 0xff,
    0x80, 0x00, 0xe0, 0xff, 0x80, 0x00, 0xe8, 0xff, 0x80, 0x00, 0xe8, 0xff,
    0x80, 0x00, 0xe8, 0xff, 0x80, 0x00, 0xe0, 0xff, 0x80, 0x00, 0xe8, 0xff,
    0x78, 0x00, 0xe0, 0xff, 0x80, 0x00, 0xe8, 0xff, 0x80, 0x00, 0xe8, 0xff,
    0x78, 0x00, 0xe0, 0xff, 0x80, 0x00, 0xe8, 0xff, 0x80, 0x00, 0xe8, 0xff,
    0x80, 0x00, 0xe0, 0xff, 0x80, 0x00, 0xe8, 0xff, 0x80, 0x00, 0xe8, 0xff,
    0x78, 0x00, 0xe8, 0xff, 0x80, 0x00, 0xe0, 0xff, 0x80, 0x00, 0xe8, 0xff,
    0x80, 0x00, 0xe8, 0x6d, 0x00, 0x00, 0x00, 0x00, 0x00, 0x00, 0x00, 0x00,
    0x00, 0x00, 0x00, 0x00, 0x00, 0x00, 0x00, 0x00, 0x80, 0x00, 0xe8, 0xdf,
    0x80, 0x00, 0xe8, 0xff, 0x78, 0x00, 0xe0, 0xff, 0x80, 0x00, 0xe8, 0xff,
    0x78, 0x00, 0xe0, 0x9e, 0x00, 0x00, 0x00, 0x00, 0x00, 0x00, 0x00, 0x00,
    0x00, 0x00, 0x00, 0x00, 0x00, 0x00, 0x00, 0x00, 0x80, 0x00, 0xe0, 0x41,
    0x80, 0x00, 0xe8, 0xff, 0x78, 0x00, 0xe8, 0xff, 0x80, 0x00, 0xe8, 0xff,
    0x80, 0x00, 0xe8, 0xff, 0x78, 0x00, 0xe0, 0x71, 0x00, 0x00, 0x00, 0x00,
    0x00, 0x00, 0x00, 0x00, 0x00, 0x00, 0x00, 0x00, 0x00, 0x00, 0x00, 0x00,
    0x00, 0x00, 0x00, 0x00, 0x00, 0x00, 0x00, 0x00, 0x00, 0x00, 0x00, 0x00,
    0x00, 0x00, 0x00, 0x00, 0x00, 0x00, 0x00, 0x00, 0x00, 0x00, 0x00, 0x00,
    0x00, 0x00, 0x00, 0x00, 0x00, 0x00, 0x00, 0x00, 0x00, 0x00, 0x00, 0x00,
    0x00, 0x00, 0x00, 0x00, 0x00, 0x00, 0x00, 0x00, 0x00, 0x00, 0x00, 0x00,
    0x00, 0x00, 0x00, 0x00, 0x00, 0x00, 0x00, 0x00, 0x00, 0x00, 0x00, 0x00,
    0x00, 0x00, 0x00, 0x00, 0x00, 0x00, 0x00, 0x00, 0x00, 0x00, 0x00, 0x00,
    0x00, 0x00, 0x00, 0x00, 0x00, 0x00, 0x00, 0x00, 0x00, 0x00, 0x00, 0x00,
    0x00, 0x00, 0x00, 0x00, 0x00, 0x00, 0x00, 0x00, 0x00, 0x00, 0x00, 0x00,
    0x00, 0x00, 0x00, 0x00, 0x00, 0x00, 0x00, 0x00, 0x00, 0x00, 0x00, 0x00,
    0x00, 0x00, 0x00, 0x00, 0x00, 0x00, 0x00, 0x00, 0x00, 0x00, 0x00, 0x00,
    0x00, 0x00, 0x00, 0x00, 0x00, 0x00, 0x00, 0x00, 0x00, 0x00, 0x00, 0x00,
    0x00, 0x00, 0x00, 0x00, 0x00, 0x00, 0x00, 0x00, 0x00, 0x00, 0x00, 0x00,
    0x00, 0x00, 0x00, 0x00, 0x00, 0x00, 0x00, 0x00, 0x00, 0x00, 0x00, 0x00,
    0x00, 0x00, 0x00, 0x00, 0x00, 0x00, 0x00, 0x00, 0x00, 0x00, 0x00, 0x00,
    0x00, 0x00, 0x00, 0x00, 0x00, 0x00, 0x00, 0x00, 0x00, 0x00, 0x00, 0x00,
    0x00, 0x00, 0x00, 0x00, 0x00, 0x00, 0x00, 0x00, 0x00, 0x00, 0x00, 0x00,
    0x00, 0x00, 0x00, 0x00, 0x00, 0x00, 0x00, 0x00, 0x00, 0x00, 0x00, 0x00,
    0x00, 0x00, 0x00, 0x00, 0x00, 0x00, 0x00, 0x00, 0x00, 0x00, 0x00, 0x00,
    0x00, 0x00, 0x00, 0x00, 0x00, 0x00, 0x00, 0x00, 0x00, 0x00, 0x00, 0x00,
    0x00, 0x00, 0x00, 0x00, 0x00, 0x00, 0x00, 0x00, 0x00, 0x00, 0x00, 0x00,
    0x00, 0x00, 0x00, 0x00, 0x78, 0x00, 0xe0, 0x7d, 0x80, 0x00, 0xe8, 0xff,
    0x80, 0x00, 0xe8, 0xff, 0x78, 0x00, 0xe8, 0xff, 0x80, 0x00, 0xe0, 0xff,
    0x80, 0x00, 0xe8, 0xff, 0x80, 0x00, 0xe8, 0xff, 0x80, 0x00, 0xe0, 0xff,
    0x78, 0x00, 0xe8, 0xff, 0x80, 0x00, 0xe8, 0xff, 0x80, 0x00, 0xe0, 0xff,
    0x80, 0x00, 0xe8, 0xff, 0x80, 0x00, 0xe8, 0xff, 0x80, 0x00, 0xe0, 0xff,
    0x78, 0x00, 0xe8, 0xff, 0x80, 0x00, 0xe8, 0xff, 0x80, 0x00, 0xe8, 0xff,
    0x78, 0x00, 0xe8, 0xff, 0x80, 0x00, 0xe8, 0xff, 0x80, 0x00, 0xe8, 0xff,
    0x80, 0x00, 0xe8, 0xff, 0x78, 0x00, 0xe8, 0xff, 0x80, 0x00, 0xe8, 0xff,
    0x80, 0x00, 0xe8, 0xff, 0x80, 0x00, 0xe0, 0xff, 0x78, 0x00, 0xe8, 0xff,
    0x80, 0x00, 0xe8, 0xff, 0x80, 0x00, 0xe8, 0xff, 0x80, 0x00, 0xe0, 0xff,
    0x80, 0x00, 0xe8, 0xff, 0x80, 0x00, 0xe8, 0xff, 0x80, 0x00, 0xe8, 0xff,
    0x78, 0x00, 0xe0, 0xff, 0x80, 0x00, 0xe8, 0xff, 0x80, 0x00, 0xe8, 0xff,
    0x78, 0x00, 0xe8, 0xff, 0x78, 0x00, 0xe0, 0xff, 0x80, 0x00, 0xe8, 0xff,
    0x80, 0x00, 0xe8, 0xff, 0x78, 0x00, 0xe8, 0xff, 0x80, 0x00, 0xe8, 0xff,
    0x80, 0x00, 0xe0, 0xff, 0x80, 0x00, 0xe8, 0xff, 0x78, 0x00, 0xe8, 0xff,
    0x80, 0x00, 0xe0, 0xff, 0x80, 0x00, 0xe8, 0xff, 0x78, 0x00, 0xe8, 0xff,
    0x80, 0x00, 0xe0, 0xff, 0x80, 0x00, 0xe8, 0xff, 0x78, 0x00, 0xe8, 0xff,
    0x80, 0x00, 0xe0, 0xff, 0x80, 0x00, 0xe8, 0xff, 0x78, 0x00, 0xe0, 0x82,
    0x00, 0x00, 0x00, 0x00, 0x00, 0x00, 0x00, 0x00, 0x00, 0x00, 0x00, 0x00,
    0x00, 0x00, 0x00, 0x00, 0x80, 0x00, 0xe0, 0x71, 0x80, 0x00, 0xe8, 0xff,
    0x80, 0x00, 0xe8, 0xff, 0x80, 0x00, 0xe8, 0xff, 0x80, 0x00, 0xe8, 0xff,
    0x80, 0x00, 0xe0, 0x20, 0x00, 0x00, 0x00, 0x00, 0x00, 0x00, 0x00, 0x00,
    0x00, 0x00, 0x00, 0x00, 0x00, 0x00, 0x00, 0x00, 0x00, 0x00, 0x00, 0x00,
    0x80, 0x00, 0xe0, 0xae, 0x80, 0x00, 0xe8, 0xff, 0x80, 0x00, 0xe8, 0xff,
    0x80, 0x00, 0xe0, 0xff, 0x80, 0x00, 0xe8, 0xef, 0x80, 0x00, 0xe0, 0x20,
    0x00, 0x00, 0x00, 0x00, 0x00, 0x00, 0x00, 0x00, 0x00, 0x00, 0x00, 0x00,
    0x00, 0x00, 0x00, 0x00, 0x00, 0x00, 0x00, 0x00, 0x00, 0x00, 0x00, 0x00,
    0x00, 0x00, 0x00, 0x00, 0x00, 0x00, 0x00, 0x00, 0x00, 0x00, 0x00, 0x00,
    0x00, 0x00, 0x00, 0x00, 0x00, 0x00, 0x00, 0x00, 0x00, 0x00, 0x00, 0x00,
    0x00, 0x00, 0x00, 0x00, 0x00, 0x00, 0x00, 0x00, 0x00, 0x00, 0x00, 0x00,
    0x00, 0x00, 0x00, 0x00, 0x00, 0x00, 0x00, 0x00, 0x00, 0x00, 0x00, 0x00,
    0x00, 0x00, 0x00, 0x00, 0x00, 0x00, 0x00, 0x00, 0x00, 0x00, 0x00, 0x00,
    0x00, 0x00, 0x00, 0x00, 0x00, 0x00, 0x00, 0x00, 0x00, 0x00, 0x00, 0x00,
    0x00, 0x00, 0x00, 0x00, 0x00, 0x00, 0x00, 0x00, 0x00, 0x00, 0x00, 0x00,
    0x00, 0x00, 0x00, 0x00, 0x00, 0x00, 0x00, 0x00, 0x00, 0x00, 0x00, 0x00,
    0x00, 0x00, 0x00, 0x00, 0x00, 0x00, 0x00, 0x00, 0x00, 0x00, 0x00, 0x00,
    0x00, 0x00, 0x00, 0x00, 0x00, 0x00, 0x00, 0x00, 0x00, 0x00, 0x00, 0x00,
    0x00, 0x00, 0x00, 0x00, 0x00, 0x00, 0x00, 0x00, 0x00, 0x00, 0x00, 0x00,
    0x00, 0x00, 0x00, 0x00, 0x00, 0x00, 0x00, 0x00, 0x00, 0x00, 0x00, 0x00,
    0x00, 0x00, 0x00, 0x00, 0x00, 0x00, 0x00, 0x00, 0x00, 0x00, 0x00, 0x00,
    0x00, 0x00, 0x00, 0x00, 0x00, 0x00, 0x00, 0x00, 0x00, 0x00, 0x00, 0x00,
    0x00, 0x00, 0x00, 0x00, 0x00, 0x00, 0x00, 0x00, 0x00, 0x00, 0x00, 0x00,
    0x00, 0x00, 0x00, 0x00, 0x00, 0x00, 0x00, 0x00, 0x00, 0x00, 0x00, 0x00,
    0x00, 0x00, 0x00, 0x00, 0x00, 0x00, 0x00, 0x00, 0x00, 0x00, 0x00, 0x00,
    0x00, 0x00, 0x00, 0x00, 0x00, 0x00, 0x00, 0x00, 0x00, 0x00, 0x00, 0x00,
    0x00, 0x00, 0x00, 0x00, 0x00, 0x00, 0x00, 0x00, 0x00, 0x00, 0x00, 0x00,
    0x00, 0x00, 0x00, 0x00, 0x00, 0x00, 0x00, 0x00, 0x80, 0x00, 0xe0, 0x82,
    0x80, 0x00, 0xe8, 0xff, 0x78, 0x00, 0xe8, 0xff, 0x80, 0x00, 0xe8, 0xff,
    0x78, 0x00, 0xe0, 0xff, 0x80, 0x00, 0xe8, 0xff, 0x80, 0x00, 0xe8, 0xff,
    0x80, 0x00, 0xe8, 0xff, 0x78, 0x00, 0xe8, 0xff, 0x80, 0x00, 0xe8, 0xff,
    0x78, 0x00, 0xe8, 0xff, 0x80, 0x00, 0xe8, 0xff, 0x80, 0x00, 0xe0, 0xff,
    0x78, 0x00, 0xe8, 0xff, 0x80, 0x00, 0xe8, 0xff, 0x80, 0x00, 0xe0, 0xff,
    0x80, 0x00, 0xe8, 0xff, 0x80, 0x00, 0xe0, 0xff, 0x78, 0x00, 0xe8, 0xff,
    0x80, 0x00, 0xe0, 0xff, 0x80, 0x00, 0xe0, 0xff, 0x80, 0x00, 0xe8, 0xff,
    0x80, 0x00, 0xe8, 0xff, 0x78, 0x00, 0xe8, 0xff, 0x80, 0x00, 0xe8, 0xff,
    0x80, 0x00, 0xe0, 0xff, 0x78, 0x00, 0xe8, 0xff, 0x80, 0x00, 0xe8, 0xff,
    0x80, 0x00, 0xe8, 0xff, 0x78, 0x00, 0xe8, 0xff, 0x80, 0x00, 0xe8, 0xff,
    0x80, 0x00, 0xe8, 0xff, 0x78, 0x00, 0xe8, 0xff, 0x80, 0x00, 0xe8, 0xff,
    0x80, 0x00, 0xe8, 0xff, 0x80, 0x00, 0xe8, 0xff, 0x80, 0x00, 0xe0, 0xff,
    0x78, 0x00, 0xe8, 0xff, 0x80, 0x00, 0xe8, 0xff, 0x80, 0x00, 0xe8, 0xff,
    0x80, 0x00, 0xe8, 0xff, 0x78, 0x00, 0xe8, 0xff, 0x80, 0x00, 0xe8, 0xff,
    0x80, 0x00, 0xe8, 0xff, 0x80, 0x00, 0xe8, 0xff, 0x80, 0x00, 0xe8, 0xff,
    0x78, 0x00, 0xe0, 0xff, 0x80, 0x00, 0xe8, 0xff, 0x80, 0x00, 0xe8, 0xff,
    0x80, 0x00, 0xe8, 0xff, 0x80, 0x00, 0xe0, 0x7d, 0x00, 0x00, 0x00, 0x00,
    0x00, 0x00, 0x00, 0x00, 0x00, 0x00, 0x00, 0x00, 0x00, 0x00, 0x00, 0x00,
    0x80, 0x00, 0xe8, 0x20, 0x78, 0x00, 0xe8, 0xef, 0x80, 0x00, 0xe0, 0xff,
    0x78, 0x00, 0xe8, 0xff, 0x80, 0x00, 0xe8, 0xff, 0x78, 0x00, 0xe0, 0x9e,
    0x00, 0x00, 0x00, 0x00, 0x00, 0x00, 0x00, 0x00, 0x00, 0x00, 0x00, 0x00,
    0x00, 0x00, 0x00, 0x00, 0x00, 0x00, 0x00, 0x00, 0x00, 0x00, 0x00, 0x00,
    0x80, 0x00, 0xe8, 0x20, 0x78, 0x00, 0xe8, 0xef, 0x80, 0x00, 0xe0, 0xff,
    0x78, 0x00, 0xe8, 0xff, 0x80, 0x00, 0xe8, 0xff, 0x80, 0x00, 0xe8, 0xdf,
    0x80, 0x00, 0xe0, 0x10, 0x00, 0x00, 0x00, 0x00, 0x00, 0x00, 0x00, 0x00,
    0x00, 0x00, 0x00, 0x00, 0x00, 0x00, 0x00, 0x00, 0x00, 0x00, 0x00, 0x00,
    0x00, 0x00, 0x00, 0x00, 0x00, 0x00, 0x00, 0x00, 0x00, 0x00, 0x00, 0x00,
    0x00, 0x00, 0x00, 0x00, 0x00, 0x00, 0x00, 0x00, 0x00, 0x00, 0x00, 0x00,
    0x00, 0x00, 0x00, 0x00, 0x00, 0x00, 0x00, 0x00, 0x00, 0x00, 0x00, 0x00,
    0x00, 0x00, 0x00, 0x00, 0x00, 0x00, 0x00, 0x00, 0x00, 0x00, 0x00, 0x00,
    0x00, 0x00, 0x00, 0x00, 0x00, 0x00, 0x00, 0x00, 0x00, 0x00, 0x00, 0x00,
    0x00, 0x00, 0x00, 0x00, 0x00, 0x00, 0x00, 0x00, 0x00, 0x00, 0x00, 0x00,
    0x00, 0x00, 0x00, 0x00, 0x00, 0x00, 0x00, 0x00, 0x00, 0x00, 0x00, 0x00,
    0x00, 0x00, 0x00, 0x00, 0x00, 0x00, 0x00, 0x00, 0x00, 0x00, 0x00, 0x00,
    0x00, 0x00, 0x00, 0x00, 0x00, 0x00, 0x00, 0x00, 0x00, 0x00, 0x00, 0x00,
    0x00, 0x00, 0x00, 0x00, 0x00, 0x00, 0x00, 0x00, 0x00, 0x00, 0x00, 0x00,
    0x00, 0x00, 0x00, 0x00, 0x00, 0x00, 0x00, 0x00, 0x00, 0x00, 0x00, 0x00,
    0x00, 0x00, 0x00, 0x00, 0x00, 0x00, 0x00, 0x00, 0x00, 0x00, 0x00, 0x00,
    0x00, 0x00, 0x00, 0x00, 0x00, 0x00, 0x00, 0x00, 0x00, 0x00, 0x00, 0x00,
    0x00, 0x00, 0x00, 0x00, 0x00, 0x00, 0x00, 0x00, 0x00, 0x00, 0x00, 0x00,
    0x00, 0x00, 0x00, 0x00, 0x00, 0x00, 0x00, 0x00, 0x00, 0x00, 0x00, 0x00,
    0x00, 0x00, 0x00, 0x00, 0x00, 0x00, 0x00, 0x00, 0x00, 0x00, 0x00, 0x00,
    0x00, 0x00, 0x00, 0x00, 0x00, 0x00, 0x00, 0x00, 0x00, 0x00, 0x00, 0x00,
    0x00, 0x00, 0x00, 0x00, 0x00, 0x00, 0x00, 0x00, 0x00, 0x00, 0x00, 0x00,
    0x00, 0x00, 0x00, 0x00, 0x00, 0x00, 0x00, 0x00, 0x00, 0x00, 0x00, 0x00,
    0x00, 0x00, 0x00, 0x00, 0x00, 0x00, 0x00, 0x00, 0x00, 0x00, 0x00, 0x00,
    0x78, 0x00, 0xe0, 0x71, 0x80, 0x00, 0xe8, 0xef, 0x80, 0x00, 0xe8, 0xff,
    0x80, 0x00, 0xe8, 0xff, 0x78, 0x00, 0xe0, 0xff, 0x80, 0x00, 0xe8, 0xff,
    0x80, 0x00, 0xe8, 0xff, 0x80, 0x00, 0xe0, 0xff, 0x80, 0x00, 0xe8, 0xff,
    0x78, 0x00, 0xe8, 0xff, 0x80, 0x00, 0xe0, 0xff, 0x80, 0x00, 0xe8, 0xff,
    0x80, 0x00, 0xe8, 0xff, 0x80, 0x00, 0xe8, 0xff, 0x78, 0x00, 0xe0, 0xff,
    0x80, 0x00, 0xe8, 0xff, 0x80, 0x00, 0xe8, 0xff, 0x80, 0x00, 0xe8, 0xff,
    0x78, 0x00, 0xe8, 0xff, 0x80, 0x00, 0xe8, 0xff, 0x80, 0x00, 0xe0, 0xff,
    0x78, 0x00, 0xe8, 0xff, 0x80, 0x00, 0xe8, 0xff, 0x80, 0x00, 0xe0, 0xff,
    0x80, 0x00, 0xe8, 0xff, 0x80, 0x00, 0xe8, 0xff, 0x78, 0x00, 0xe0, 0xff,
    0x80, 0x00, 0xe8, 0xff, 0x80, 0x00, 0xe0, 0xff, 0x80, 0x00, 0xe0, 0xff,
    0x80, 0x00, 0xe8, 0xff, 0x80, 0x00, 0xe0, 0xff, 0x80, 0x00, 0xe0, 0xff,
    0x80, 0x00, 0xe8, 0xff, 0x80, 0x00, 0xe8, 0xff, 0x78, 0x00, 0xe8, 0xff,
    0x80, 0x00, 0xe0, 0xff, 0x80, 0x00, 0xe8, 0xff, 0x80, 0x00, 0xe0, 0xff,
    0x78, 0x00, 0xe8, 0xff, 0x80, 0x00, 0xe0, 0xff, 0x80, 0x00, 0xe8, 0xff,
    0x80, 0x00, 0xe0, 0xff, 0x78, 0x00, 0xe8, 0xff, 0x80, 0x00, 0xe8, 0xff,
    0x80, 0x00, 0xe8, 0xff, 0x80, 0x00, 0xe0, 0xff, 0x78, 0x00, 0xe8, 0xef,
    0x80, 0x00, 0xe8, 0x6d, 0x00, 0x00, 0x00, 0x00, 0x00, 0x00, 0x00, 0x00,
    0x00, 0x00, 0x00, 0x00, 0x00, 0x00, 0x00, 0x00, 0x80, 0x00, 0xe8, 0x20,
    0x80, 0x00, 0xe8, 0xdf, 0x80, 0x00, 0xe8, 0xff, 0x78, 0x00, 0xe8, 0xff,
    0x80, 0x00, 0xe0, 0xff, 0x80, 0x00, 0xe8, 0xdf, 0x80, 0x00, 0xe0, 0x20,
    0x00, 0x00, 0x00, 0x00, 0x00, 0x00, 0x00, 0x00, 0x00, 0x00, 0x00, 0x00,
    0x00, 0x00, 0x00, 0x00, 0x00, 0x00, 0x00, 0x00, 0x00, 0x00, 0x00, 0x00,
    0x00, 0x00, 0x00, 0x00, 0x78, 0x00, 0xe0, 0x71, 0x80, 0x00, 0xe8, 0xff,
    0x80, 0x00, 0xe8, 0xff, 0x78, 0x00, 0xe0, 0xff, 0x80, 0x00, 0xe8, 0xff,
    0x80, 0x00, 0xe0, 0xcf, 0x80, 0x00, 0xe0, 0x10, 0x00, 0x00, 0x00, 0x00,
    0x00, 0x00, 0x00, 0x00, 0x00, 0x00, 0x00, 0x00, 0x00, 0x00, 0x00, 0x00,
    0x00, 0x00, 0x00, 0x00, 0x00, 0x00, 0x00, 0x00, 0x00, 0x00, 0x00, 0x00,
    0x00, 0x00, 0x00, 0x00, 0x00, 0x00, 0x00, 0x00, 0x00, 0x00, 0x00, 0x00,
    0x00, 0x00, 0x00, 0x00, 0x00, 0x00, 0x00, 0x00, 0x00, 0x00, 0x00, 0x00,
    0x00, 0x00, 0x00, 0x00, 0x00, 0x00, 0x00, 0x00, 0x00, 0x00, 0x00, 0x00,
    0x00, 0x00, 0x00, 0x00, 0x00, 0x00, 0x00, 0x00, 0x00, 0x00, 0x00, 0x00,
    0x00, 0x00, 0x00, 0x00, 0x00, 0x00, 0x00, 0x00, 0x00, 0x00, 0x00, 0x00,
    0x00, 0x00, 0x00, 0x00, 0x00, 0x00, 0x00, 0x00, 0x00, 0x00, 0x00, 0x00,
    0x00, 0x00, 0x00, 0x00, 0x00, 0x00, 0x00, 0x00, 0x00, 0x00, 0x00, 0x00,
    0x00, 0x00, 0x00, 0x00, 0x00, 0x00, 0x00, 0x00, 0x00, 0x00, 0x00, 0x00,
    0x00, 0x00, 0x00, 0x00, 0x00, 0x00, 0x00, 0x00, 0x00, 0x00, 0x00, 0x00,
    0x00, 0x00, 0x00, 0x00, 0x00, 0x00, 0x00, 0x00, 0x00, 0x00, 0x00, 0x00,
    0x00, 0x00, 0x00, 0x00, 0x00, 0x00, 0x00, 0x00, 0x00, 0x00, 0x00, 0x00,
    0x00, 0x00, 0x00, 0x00, 0x00, 0x00, 0x00, 0x00, 0x00, 0x00, 0x00, 0x00,
    0x00, 0x00, 0x00, 0x00, 0x00, 0x00, 0x00, 0x00, 0x00, 0x00, 0x00, 0x00,
    0x00, 0x00, 0x00, 0x00, 0x00, 0x00, 0x00, 0x00, 0x00, 0x00, 0x00, 0x00,
    0x00, 0x00, 0x00, 0x00, 0x00, 0x00, 0x00, 0x00, 0x00, 0x00, 0x00, 0x00,
    0x00, 0x00, 0x00, 0x00, 0x00, 0x00, 0x00, 0x00, 0x00, 0x00, 0x00, 0x00,
    0x00, 0x00, 0x00, 0x00, 0x00, 0x00, 0x00, 0x00, 0x00, 0x00, 0x00, 0x00,
    0x00, 0x00, 0x00, 0x00, 0x00, 0x00, 0x00, 0x00, 0x00, 0x00, 0x00, 0x00,
    0x00, 0x00, 0x00, 0x00, 0x00, 0x00, 0x00, 0x00, 0x00, 0x00, 0x00, 0x00,
    0x00, 0x00, 0x00, 0x00, 0x80, 0x00, 0xe8, 0x20, 0x80, 0x00, 0xe8, 0xae,
    0x80, 0x00, 0xe8, 0xff, 0x80, 0x00, 0xe8, 0xff, 0x78, 0x00, 0xe0, 0xff,
    0x80, 0x00, 0xe8, 0xff, 0x80, 0x00, 0xe8, 0xff, 0x80, 0x00, 0xe0, 0xff,
    0x80, 0x00, 0xe8, 0xff, 0x78, 0x00, 0xe8, 0xff, 0x80, 0x00, 0xe8, 0xff,
    0x80, 0x00, 0xe8, 0xff, 0x78, 0x00, 0xe0, 0xff, 0x80, 0x00, 0xe8, 0xff,
    0x80, 0x00, 0xe8, 0xff, 0x78, 0x00, 0xe8, 0xff, 0x80, 0x00, 0xe0, 0xff,
    0x80, 0x00, 0xe8, 0xff, 0x80, 0x00, 0xe8, 0xff, 0x78, 0x00, 0xe8, 0xff,
    0x80, 0x00, 0xe8, 0xff, 0x80, 0x00, 0xe0, 0xff, 0x80, 0x00, 0xe8, 0xff,
    0x78, 0x00, 0xe8, 0xff, 0x80, 0x00, 0xe8, 0xff, 0x80, 0x00, 0xe8, 0xff,
    0x80, 0x00, 0xe8, 0xff, 0x78, 0x00, 0xe8, 0xff, 0x80, 0x00, 0xe8, 0xff,
    0x78, 0x00, 0xe8, 0xff, 0x80, 0x00, 0xe8, 0xff, 0x78, 0x00, 0xe8, 0xff,
    0x80, 0x00, 0xe0, 0xff, 0x80, 0x00, 0xe8, 0xff, 0x78, 0x00, 0xe8, 0xff,
    0x80, 0x00, 0xe8, 0xff, 0x80, 0x00, 0xe8, 0xff, 0x78, 0x00, 0xe8, 0xff,
    0x80, 0x00, 0xe0, 0xff, 0x80, 0x00, 0xe8, 0xff, 0x80, 0x00, 0xe8, 0xff,
    0x78, 0x00, 0xe0, 0xff, 0x80, 0x00, 0xe8, 0xff, 0x80, 0x00, 0xe8, 0xff,
    0x80, 0x00, 0xe8, 0xff, 0x78, 0x00, 0xe8, 0xbe, 0x80, 0x00, 0xe0, 0x20,
    0x00, 0x00, 0x00, 0x00, 0x00, 0x00, 0x00, 0x00, 0x00, 0x00, 0x00, 0x00,
    0x00, 0x00, 0x00, 0x00, 0x80, 0x00, 0xe0, 0x10, 0x78, 0x00, 0xe0, 0xcf,
    0x80, 0x00, 0xe0, 0xff, 0x80, 0x00, 0xe8, 0xff, 0x80, 0x00, 0xe8, 0xff,
    0x80, 0x00, 0xe8, 0xff, 0x80, 0x00, 0xe8, 0x5d, 0x00, 0x00, 0x00, 0x00,
    0x00, 0x00, 0x00, 0x00, 0x00, 0x00, 0x00, 0x00, 0x00, 0x00, 0x00, 0x00,
    0x00, 0x00, 0x00, 0x00, 0x00, 0x00, 0x00, 0x00, 0x00, 0x00, 0x00, 0x00,
    0x00, 0x00, 0x00, 0x00, 0x00, 0x00, 0x00, 0x00, 0x80, 0x00, 0xe8, 0x8e,
    0x80, 0x00, 0xe8, 0xff, 0x80, 0x00, 0xe8, 0xff, 0x78, 0x00, 0xe8, 0xff,
    0x80, 0x00, 0xe8, 0xff, 0x78, 0x00, 0xe0, 0xcf, 0x80, 0x00, 0xe0, 0x20,
    0x00, 0x00, 0x00, 0x00, 0x00, 0x00, 0x00, 0x00, 0x00, 0x00, 0x00, 0x00,
    0x00, 0x00, 0x00, 0x00, 0x00, 0x00, 0x00, 0x00, 0x00, 0x00, 0x00, 0x00,
    0x00, 0x00, 0x00, 0x00, 0x00, 0x00, 0x00, 0x00, 0x00, 0x00, 0x00, 0x00,
    0x00, 0x00, 0x00, 0x00, 0x00, 0x00, 0x00, 0x00, 0x00, 0x00, 0x00, 0x00,
    0x00, 0x00, 0x00, 0x00, 0x00, 0x00, 0x00, 0x00, 0x00, 0x00, 0x00, 0x00,
    0x00, 0x00, 0x00, 0x00, 0x00, 0x00, 0x00, 0x00, 0x00, 0x00, 0x00, 0x00,
    0x00, 0x00, 0x00, 0x00, 0x00, 0x00, 0x00, 0x00, 0x00, 0x00, 0x00, 0x00,
    0x00, 0x00, 0x00, 0x00, 0x00, 0x00, 0x00, 0x00, 0x00, 0x00, 0x00, 0x00,
    0x00, 0x00, 0x00, 0x00, 0x00, 0x00, 0x00, 0x00, 0x00, 0x00, 0x00, 0x00,
    0x00, 0x00, 0x00, 0x00, 0x00, 0x00, 0x00, 0x00, 0x00, 0x00, 0x00, 0x00,
    0x00, 0x00, 0x00, 0x00, 0x00, 0x00, 0x00, 0x00, 0x00, 0x00, 0x00, 0x00,
    0x00, 0x00, 0x00, 0x00, 0x00, 0x00, 0x00, 0x00, 0x00, 0x00, 0x00, 0x00,
    0x00, 0x00, 0x00, 0x00, 0x00, 0x00, 0x00, 0x00, 0x00, 0x00, 0x00, 0x00,
    0x00, 0x00, 0x00, 0x00, 0x00, 0x00, 0x00, 0x00, 0x00, 0x00, 0x00, 0x00,
    0x00, 0x00, 0x00, 0x00, 0x00, 0x00, 0x00, 0x00, 0x00, 0x00, 0x00, 0x00,
    0x00, 0x00, 0x00, 0x00, 0x00, 0x00, 0x00, 0x00, 0x00, 0x00, 0x00, 0x00,
    0x00, 0x00, 0x00, 0x00, 0x00, 0x00, 0x00, 0x00, 0x00, 0x00, 0x00, 0x00,
    0x00, 0x00, 0x00, 0x00, 0x00, 0x00, 0x00, 0x00, 0x00, 0x00, 0x00, 0x00,
    0x00, 0x00, 0x00, 0x00, 0x00, 0x00, 0x00, 0x00, 0x00, 0x00, 0x00, 0x00,
    0x00, 0x00, 0x00, 0x00, 0x00, 0x00, 0x00, 0x00, 0x00, 0x00, 0x00, 0x00,
    0x00, 0x00, 0x00, 0x00, 0x00, 0x00, 0x00, 0x00, 0x00, 0x00, 0x00, 0x00,
    0x00, 0x00, 0x00, 0x00, 0x00, 0x00, 0x00, 0x00, 0x00, 0x00, 0x00, 0x00,
    0x80, 0x00, 0xe8, 0x41, 0x80, 0x00, 0xe8, 0xae, 0x80, 0x00, 0xe8, 0xff,
    0x78, 0x00, 0xe8, 0xff, 0x80, 0x00, 0xe8, 0xff, 0x78, 0x00, 0xe0, 0xff,
    0x80, 0x00, 0xe8, 0xff, 0x80, 0x00, 0xe8, 0xff, 0x80, 0x00, 0xe0, 0xff,
    0x80, 0x00, 0xe8, 0xff, 0x80, 0x00, 0xe8, 0xff, 0x80, 0x00, 0xe8, 0xff,
    0x80, 0x00, 0xe8, 0xff, 0x80, 0x00, 0xe0, 0xff, 0x78, 0x00, 0xe8, 0xff,
    0x80, 0x00, 0xe8, 0xff, 0x80, 0x00, 0xe0, 0xff, 0x80, 0x00, 0xe8, 0xff,
    0x80, 0x00, 0xe8, 0xff, 0x80, 0x00, 0xe8, 0xff, 0x78, 0x00, 0xe8, 0xff,
    0x80, 0x00, 0xe0, 0xff, 0x80, 0x00, 0xe8, 0xff, 0x80, 0x00, 0xe8, 0xff,
    0x78, 0x00, 0xe0, 0xff, 0x80, 0x00, 0xe8, 0xff, 0x80, 0x00, 0xe8, 0xff,
    0x80, 0x00, 0xe8, 0xff, 0x78, 0x00, 0xe8, 0xff, 0x80, 0x00, 0xe8, 0xff,
    0x80, 0x00, 0xe8, 0xff, 0x80, 0x00, 0xe0, 0xff, 0x80, 0x00, 0xe8, 0xff,
    0x80, 0x00, 0xe8, 0xff, 0x80, 0x00, 0xe0, 0xff, 0x80, 0x00, 0xe8, 0xff,
    0x80, 0x00, 0xe8, 0xff, 0x80, 0x00, 0xe8, 0xff, 0x78, 0x00, 0xe8, 0xff,
    0x80, 0x00, 0xe8, 0xff, 0x80, 0x00, 0xe0, 0xff, 0x78, 0x00, 0xe8, 0xbe,
    0x78, 0x00, 0xe8, 0x41, 0x00, 0x00, 0x00, 0x00, 0x00, 0x00, 0x00, 0x00,
    0x00, 0x00, 0x00, 0x00, 0x00, 0x00, 0x00, 0x00, 0x00, 0x00, 0x00, 0x00,
    0x80, 0x00, 0xe0, 0x10, 0x80, 0x00, 0xe8, 0xcf, 0x78, 0x00, 0xe8, 0xff,
    0x80, 0x00, 0xe8, 0xff, 0x80, 0x00, 0xe0, 0xff, 0x78, 0x00, 0xe8, 0xff,
    0x78, 0x00, 0xe0, 0x8e, 0x00, 0x00, 0x00, 0x00, 0x00, 0x00, 0x00, 0x00,
    0x00, 0x00, 0x00, 0x00, 0x00, 0x00, 0x00, 0x00, 0x00, 0x00, 0x00, 0x00,
    0x00, 0x00, 0x00, 0x00, 0x00, 0x00, 0x00, 0x00, 0x00, 0x00, 0x00, 0x00,
    0x00, 0x00, 0x00, 0x00, 0x00, 0x00, 0x00, 0x00, 0x00, 0x00, 0x00, 0x00,
    0x80, 0x00, 0xe8, 0xcf, 0x80, 0x00, 0xe0, 0xff, 0x80, 0x00, 0xe8, 0xff,
    0x80, 0x00, 0xe8, 0xff, 0x80, 0x00, 0xe8, 0xff, 0x78, 0x00, 0xe8, 0xdf,
    0x80, 0x00, 0xe0, 0x20, 0x00, 0x00, 0x00, 0x00, 0x00, 0x00, 0x00, 0x00,
    0x00, 0x00, 0x00, 0x00, 0x00, 0x00, 0x00, 0x00, 0x00, 0x00, 0x00, 0x00,
    0x00, 0x00, 0x00, 0x00, 0x00, 0x00, 0x00, 0x00, 0x00, 0x00, 0x00, 0x00,
    0x00, 0x00, 0x00, 0x00, 0x00, 0x00, 0x00, 0x00, 0x00, 0x00, 0x00, 0x00,
    0x00, 0x00, 0x00, 0x00, 0x00, 0x00, 0x00, 0x00, 0x00, 0x00, 0x00, 0x00,
    0x00, 0x00, 0x00, 0x00, 0x00, 0x00, 0x00, 0x00, 0x00, 0x00, 0x00, 0x00,
    0x00, 0x00, 0x00, 0x00, 0x00, 0x00, 0x00, 0x00, 0x00, 0x00, 0x00, 0x00,
    0x00, 0x00, 0x00, 0x00, 0x00, 0x00, 0x00, 0x00, 0x00, 0x00, 0x00, 0x00,
    0x00, 0x00, 0x00, 0x00, 0x00, 0x00, 0x00, 0x00, 0x00, 0x00, 0x00, 0x00,
    0x00, 0x00, 0x00, 0x00, 0x00, 0x00, 0x00, 0x00, 0x00, 0x00, 0x00, 0x00,
    0x00, 0x00, 0x00, 0x00, 0x00, 0x00, 0x00, 0x00, 0x00, 0x00, 0x00, 0x00,
    0x00, 0x00, 0x00, 0x00, 0x00, 0x00, 0x00, 0x00, 0x00, 0x00, 0x00, 0x00,
    0x00, 0x00, 0x00, 0x00, 0x00, 0x00, 0x00, 0x00, 0x00, 0x00, 0x00, 0x00,
    0x00, 0x00, 0x00, 0x00, 0x00, 0x00, 0x00, 0x00, 0x00, 0x00, 0x00, 0x00,
    0x00, 0x00, 0x00, 0x00, 0x00, 0x00, 0x00, 0x00, 0x00, 0x00, 0x00, 0x00,
    0x00, 0x00, 0x00, 0x00, 0x00, 0x00, 0x00, 0x00, 0x00, 0x00, 0x00, 0x00,
    0x00, 0x00, 0x00, 0x00, 0x00, 0x00, 0x00, 0x00, 0x00, 0x00, 0x00, 0x00,
    0x00, 0x00, 0x00, 0x00, 0x00, 0x00, 0x00, 0x00, 0x00, 0x00, 0x00, 0x00,
    0x00, 0x00, 0x00, 0x00, 0x00, 0x00, 0x00, 0x00, 0x00, 0x00, 0x00, 0x00,
    0x00, 0x00, 0x00, 0x00, 0x00, 0x00, 0x00, 0x00, 0x00, 0x00, 0x00, 0x00,
    0x00, 0x00, 0x00, 0x00, 0x00, 0x00, 0x00, 0x00, 0x00, 0x00, 0x00, 0x00,
    0x00, 0x00, 0x00, 0x00, 0x00, 0x00, 0x00, 0x00, 0x00, 0x00, 0x00, 0x00,
    0x00, 0x00, 0x00, 0x00, 0x00, 0x00, 0x00, 0x00, 0x80, 0x00, 0xe8, 0x20,
    0x78, 0x00, 0xe0, 0x61, 0x80, 0x00, 0xe8, 0xae, 0x80, 0x00, 0xe8, 0xcf,
    0x80, 0x00, 0xe8, 0xef, 0x78, 0x00, 0xe0, 0xff, 0x80, 0x00, 0xe8, 0xff,
    0x78, 0x00, 0xe8, 0xff, 0x80, 0x00, 0xe0, 0xff, 0x78, 0x00, 0xe8, 0xff,
    0x80, 0x00, 0xe8, 0xff, 0x80, 0x00, 0xe0, 0xff, 0x80, 0x00, 0xe8, 0xff,
    0x78, 0x00, 0xe8, 0xff, 0x80, 0x00, 0xe8, 0xff, 0x80, 0x00, 0xe0, 0xff,
    0x78, 0x00, 0xe8, 0xff, 0x80, 0x00, 0xe8, 0xff, 0x80, 0x00, 0xe0, 0xff,
    0x80, 0x00, 0xe8, 0xff, 0x78, 0x00, 0xe8, 0xff, 0x80, 0x00, 0xe0, 0xff,
    0x80, 0x00, 0xe8, 0xff, 0x80, 0x00, 0xe8, 0xff, 0x80, 0x00, 0xe0, 0xff,
    0x80, 0x00, 0xe0, 0xff, 0x80, 0x00, 0xe8, 0xff, 0x80, 0x00, 0xe8, 0xff,
    0x78, 0x00, 0xe0, 0xff, 0x78, 0x00, 0xe8, 0xff, 0x80, 0x00, 0xe8, 0xff,
    0x78, 0x00, 0xe0, 0xff, 0x80, 0x00, 0xe8, 0xff, 0x78, 0x00, 0xe8, 0xff,
    0x80, 0x00, 0xe8, 0xef, 0x80, 0x00, 0xe0, 0xcf, 0x80, 0x00, 0xe0, 0x9e,
    0x80, 0x00, 0xe8, 0x6d, 0x80, 0x00, 0xe0, 0x10, 0x00, 0x00, 0x00, 0x00,
    0x00, 0x00, 0x00, 0x00, 0x00, 0x00, 0x00, 0x00, 0x00, 0x00, 0x00, 0x00,
    0x00, 0x00, 0x00, 0x00, 0x00, 0x00, 0x00, 0x00, 0x80, 0x00, 0xe8, 0x20,
    0x80, 0x00, 0xe8, 0xdf, 0x78, 0x00, 0xe0, 0xff, 0x80, 0x00, 0xe8, 0xff,
    0x80, 0x00, 0xe8, 0xff, 0x80, 0x00, 0xe8, 0xff, 0x80, 0x00, 0xe0, 0xcf,
    0x00, 0x00, 0x00, 0x00, 0x00, 0x00, 0x00, 0x00, 0x00, 0x00, 0x00, 0x00,
    0x00, 0x00, 0x00, 0x00, 0x00, 0x00, 0x00, 0x00, 0x00, 0x00, 0x00, 0x00,
    0x00, 0x00, 0x00, 0x00, 0x00, 0x00, 0x00, 0x00, 0x00, 0x00, 0x00, 0x00,
    0x00, 0x00, 0x00, 0x00, 0x00, 0x00, 0x00, 0x00, 0x00, 0x00, 0x00, 0x00,
    0x80, 0x00, 0xe0, 0x10, 0x78, 0x00, 0xe0, 0xcf, 0x80, 0x00, 0xe8, 0xff,
    0x80, 0x00, 0xe8, 0xff, 0x80, 0x00, 0xe0, 0xff, 0x80, 0x00, 0xe8, 0xff,
    0x80, 0x00, 0xe0, 0xef, 0x78, 0x00, 0xe0, 0x71, 0x00, 0x00, 0x00, 0x00,
    0x00, 0x00, 0x00, 0x00, 0x00, 0x00, 0x00, 0x00, 0x00, 0x00, 0x00, 0x00,
    0x00, 0x00, 0x00, 0x00, 0x00, 0x00, 0x00, 0x00, 0x00, 0x00, 0x00, 0x00,
    0x00, 0x00, 0x00, 0x00, 0x00, 0x00, 0x00, 0x00, 0x00, 0x00, 0x00, 0x00,
    0x00, 0x00, 0x00, 0x00, 0x00, 0x00, 0x00, 0x00, 0x00, 0x00, 0x00, 0x00,
    0x00, 0x00, 0x00, 0x00, 0x00, 0x00, 0x00, 0x00, 0x00, 0x00, 0x00, 0x00,
    0x00, 0x00, 0x00, 0x00, 0x00, 0x00, 0x00, 0x00, 0x00, 0x00, 0x00, 0x00,
    0x00, 0x00, 0x00, 0x00, 0x00, 0x00, 0x00, 0x00, 0x00, 0x00, 0x00, 0x00,
    0x00, 0x00, 0x00, 0x00, 0x00, 0x00, 0x00, 0x00, 0x00, 0x00, 0x00, 0x00,
    0x00, 0x00, 0x00, 0x00, 0x00, 0x00, 0x00, 0x00, 0x00, 0x00, 0x00, 0x00,
    0x00, 0x00, 0x00, 0x00, 0x00, 0x00, 0x00, 0x00, 0x00, 0x00, 0x00, 0x00,
    0x00, 0x00, 0x00, 0x00, 0x00, 0x00, 0x00, 0x00, 0x00, 0x00, 0x00, 0x00,
    0x00, 0x00, 0x00, 0x00, 0x00, 0x00, 0x00, 0x00, 0x00, 0x00, 0x00, 0x00,
    0x00, 0x00, 0x00, 0x00, 0x00, 0x00, 0x00, 0x00, 0x00, 0x00, 0x00, 0x00,
    0x00, 0x00, 0x00, 0x00, 0x00, 0x00, 0x00, 0x00, 0x00, 0x00, 0x00, 0x00,
    0x00, 0x00, 0x00, 0x00, 0x00, 0x00, 0x00, 0x00, 0x00, 0x00, 0x00, 0x00,
    0x00, 0x00, 0x00, 0x00, 0x00, 0x00, 0x00, 0x00, 0x00, 0x00, 0x00, 0x00,
    0x00, 0x00, 0x00, 0x00, 0x00, 0x00, 0x00, 0x00, 0x00, 0x00, 0x00, 0x00,
    0x00, 0x00, 0x00, 0x00, 0x00, 0x00, 0x00, 0x00, 0x00, 0x00, 0x00, 0x00,
    0x00, 0x00, 0x00, 0x00, 0x00, 0x00, 0x00, 0x00, 0x00, 0x00, 0x00, 0x00,
    0x00, 0x00, 0x00, 0x00, 0x00, 0x00, 0x00, 0x00, 0x00, 0x00, 0x00, 0x00,
    0x00, 0x00, 0x00, 0x00, 0x00, 0x00, 0x00, 0x00, 0x00, 0x00, 0x00, 0x00,
    0x00, 0x00, 0x00, 0x00, 0x00, 0x00, 0x00, 0x00, 0x00, 0x00, 0x00, 0x00,
    0x00, 0x00, 0x00, 0x00, 0x00, 0x00, 0x00, 0x00, 0x00, 0x00, 0x00, 0x00,
    0x00, 0x00, 0x00, 0x00, 0x00, 0x00, 0x00, 0x00, 0x00, 0x00, 0x00, 0x00,
    0x00, 0x00, 0x00, 0x00, 0x00, 0x00, 0x00, 0x00, 0x00, 0x00, 0x00, 0x00,
    0x00, 0x00, 0x00, 0x00, 0x00, 0x00, 0x00, 0x00, 0x00, 0x00, 0x00, 0x00,
    0x00, 0x00, 0x00, 0x00, 0x00, 0x00, 0x00, 0x00, 0x00, 0x00, 0x00, 0x00,
    0x00, 0x00, 0x00, 0x00, 0x00, 0x00, 0x00, 0x00, 0x00, 0x00, 0x00, 0x00,
    0x00, 0x00, 0x00, 0x00, 0x00, 0x00, 0x00, 0x00, 0x00, 0x00, 0x00, 0x00,
    0x00, 0x00, 0x00, 0x00, 0x00, 0x00, 0x00, 0x00, 0x00, 0x00, 0x00, 0x00,
    0x00, 0x00, 0x00, 0x00, 0x00, 0x00, 0x00, 0x00, 0x00, 0x00, 0x00, 0x00,
    0x00, 0x00, 0x00, 0x00, 0x00, 0x00, 0x00, 0x00, 0x00, 0x00, 0x00, 0x00,
    0x00, 0x00, 0x00, 0x00, 0x00, 0x00, 0x00, 0x00, 0x00, 0x00, 0x00, 0x00,
    0x00, 0x00, 0x00, 0x00, 0x00, 0x00, 0x00, 0x00, 0x00, 0x00, 0x00, 0x00,
    0x00, 0x00, 0x00, 0x00, 0x00, 0x00, 0x00, 0x00, 0x00, 0x00, 0x00, 0x00,
    0x00, 0x00, 0x00, 0x00, 0x00, 0x00, 0x00, 0x00, 0x00, 0x00, 0x00, 0x00,
    0x00, 0x00, 0x00, 0x00, 0x80, 0x00, 0xe0, 0x71, 0x80, 0x00, 0xe8, 0xef,
    0x78, 0x00, 0xe8, 0xff, 0x80, 0x00, 0xe0, 0xff, 0x80, 0x00, 0xe8, 0xff,
    0x78, 0x00, 0xe8, 0xff, 0x80, 0x00, 0xe0, 0xcf, 0x80, 0x00, 0xe0, 0x10,
    0x00, 0x00, 0x00, 0x00, 0x00, 0x00, 0x00, 0x00, 0x00, 0x00, 0x00, 0x00,
    0x00, 0x00, 0x00, 0x00, 0x00, 0x00, 0x00, 0x00, 0x00, 0x00, 0x00, 0x00,
    0x00, 0x00, 0x00, 0x00, 0x00, 0x00, 0x00, 0x00, 0x00, 0x00, 0x00, 0x00,
    0x00, 0x00, 0x00, 0x00, 0x00, 0x00, 0x00, 0x00, 0x00, 0x00, 0x00, 0x00,
    0x00, 0x00, 0x00, 0x00, 0x80, 0x00, 0xe0, 0x10, 0x78, 0x00, 0xe8, 0xcf,
    0x80, 0x00, 0xe0, 0xff, 0x78, 0x00, 0xe8, 0xff, 0x80, 0x00, 0xe8, 0xff,
    0x80, 0x00, 0xe8, 0xff, 0x80, 0x00, 0xe8, 0xff, 0x80, 0x00, 0xe8, 0xdf,
    0x78, 0x00, 0xe8, 0x41, 0x00, 0x00, 0x00, 0x00, 0x00, 0x00, 0x00, 0x00,
    0x00, 0x00, 0x00, 0x00, 0x00, 0x00, 0x00, 0x00, 0x00, 0x00, 0x00, 0x00,
    0x00, 0x00, 0x00, 0x00, 0x00, 0x00, 0x00, 0x00, 0x00, 0x00, 0x00, 0x00,
    0x00, 0x00, 0x00, 0x00, 0x00, 0x00, 0x00, 0x00, 0x00, 0x00, 0x00, 0x00,
    0x00, 0x00, 0x00, 0x00, 0x00, 0x00, 0x00, 0x00, 0x00, 0x00, 0x00, 0x00,
    0x00, 0x00, 0x00, 0x00, 0x00, 0x00, 0x00, 0x00, 0x00, 0x00, 0x00, 0x00,
    0x00, 0x00, 0x00, 0x00, 0x00, 0x00, 0x00, 0x00, 0x00, 0x00, 0x00, 0x00,
    0x00, 0x00, 0x00, 0x00, 0x00, 0x00, 0x00, 0x00, 0x00, 0x00, 0x00, 0x00,
    0x00, 0x00, 0x00, 0x00, 0x00, 0x00, 0x00, 0x00, 0x00, 0x00, 0x00, 0x00,
    0x00, 0x00, 0x00, 0x00, 0x00, 0x00, 0x00, 0x00, 0x00, 0x00, 0x00, 0x00,
    0x00, 0x00, 0x00, 0x00, 0x00, 0x00, 0x00, 0x00, 0x00, 0x00, 0x00, 0x00,
    0x00, 0x00, 0x00, 0x00, 0x00, 0x00, 0x00, 0x00, 0x00, 0x00, 0x00, 0x00,
    0x00, 0x00, 0x00, 0x00, 0x00, 0x00, 0x00, 0x00, 0x00, 0x00, 0x00, 0x00,
    0x00, 0x00, 0x00, 0x00, 0x00, 0x00, 0x00, 0x00, 0x00, 0x00, 0x00, 0x00,
    0x00, 0x00, 0x00, 0x00, 0x00, 0x00, 0x00, 0x00, 0x00, 0x00, 0x00, 0x00,
    0x00, 0x00, 0x00, 0x00, 0x00, 0x00, 0x00, 0x00, 0x00, 0x00, 0x00, 0x00,
    0x00, 0x00, 0x00, 0x00, 0x00, 0x00, 0x00, 0x00, 0x00, 0x00, 0x00, 0x00,
    0x00, 0x00, 0x00, 0x00, 0x00, 0x00, 0x00, 0x00, 0x00, 0x00, 0x00, 0x00,
    0x00, 0x00, 0x00, 0x00, 0x00, 0x00, 0x00, 0x00, 0x00, 0x00, 0x00, 0x00,
    0x00, 0x00, 0x00, 0x00, 0x00, 0x00, 0x00, 0x00, 0x00, 0x00, 0x00, 0x00,
    0x00, 0x00, 0x00, 0x00, 0x00, 0x00, 0x00, 0x00, 0x00, 0x00, 0x00, 0x00,
    0x00, 0x00, 0x00, 0x00, 0x00, 0x00, 0x00, 0x00, 0x00, 0x00, 0x00, 0x00,
    0x00, 0x00, 0x00, 0x00, 0x00, 0x00, 0x00, 0x00, 0x00, 0x00, 0x00, 0x00,
    0x00, 0x00, 0x00, 0x00, 0x00, 0x00, 0x00, 0x00, 0x00, 0x00, 0x00, 0x00,
    0x00, 0x00, 0x00, 0x00, 0x00, 0x00, 0x00, 0x00, 0x00, 0x00, 0x00, 0x00,
    0x00, 0x00, 0x00, 0x00, 0x00, 0x00, 0x00, 0x00, 0x00, 0x00, 0x00, 0x00,
    0x00, 0x00, 0x00, 0x00, 0x00, 0x00, 0x00, 0x00, 0x00, 0x00, 0x00, 0x00,
    0x00, 0x00, 0x00, 0x00, 0x00, 0x00, 0x00, 0x00, 0x00, 0x00, 0x00, 0x00,
    0x00, 0x00, 0x00, 0x00, 0x00, 0x00, 0x00, 0x00, 0x00, 0x00, 0x00, 0x00,
    0x00, 0x00, 0x00, 0x00, 0x00, 0x00, 0x00, 0x00, 0x00, 0x00, 0x00, 0x00,
    0x00, 0x00, 0x00, 0x00, 0x00, 0x00, 0x00, 0x00, 0x00, 0x00, 0x00, 0x00,
    0x00, 0x00, 0x00, 0x00, 0x00, 0x00, 0x00, 0x00, 0x00, 0x00, 0x00, 0x00,
    0x00, 0x00, 0x00, 0x00, 0x00, 0x00, 0x00, 0x00, 0x00, 0x00, 0x00, 0x00,
    0x00, 0x00, 0x00, 0x00, 0x00, 0x00, 0x00, 0x00, 0x00, 0x00, 0x00, 0x00,
    0x00, 0x00, 0x00, 0x00, 0x00, 0x00, 0x00, 0x00, 0x00, 0x00, 0x00, 0x00,
    0x00, 0x00, 0x00, 0x00, 0x00, 0x00, 0x00, 0x00, 0x80, 0x00, 0xe8, 0x41,
    0x80, 0x00, 0xe8, 0xbe, 0x80, 0x00, 0xe8, 0xff, 0x80, 0x00, 0xe8, 0xff,
    0x80, 0x00, 0xe8, 0xff, 0x80, 0x00, 0xe8, 0xff, 0x80, 0x00, 0xe8, 0xff,
    0x80, 0x00, 0xe0, 0xcf, 0x80, 0x00, 0xe0, 0x10, 0x00, 0x00, 0x00, 0x00,
    0x00, 0x00, 0x00, 0x00, 0x00, 0x00, 0x00, 0x00, 0x00, 0x00, 0x00, 0x00,
    0x00, 0x00, 0x00, 0x00, 0x00, 0x00, 0x00, 0x00, 0x00, 0x00, 0x00, 0x00,
    0x00, 0x00, 0x00, 0x00, 0x00, 0x00, 0x00, 0x00, 0x00, 0x00, 0x00, 0x00,
    0x00, 0x00, 0x00, 0x00, 0x00, 0x00, 0x00, 0x00, 0x00, 0x00, 0x00, 0x00,
    0x00, 0x00, 0x00, 0x00, 0x00, 0x00, 0x00, 0x00, 0x00, 0x00, 0x00, 0x00,
    0x80, 0x00, 0xe8, 0x8e, 0x80, 0x00, 0xe8, 0xff, 0x78, 0x00, 0xe8, 0xff,
    0x80, 0x00, 0xe0, 0xff, 0x80, 0x00, 0xe8, 0xff, 0x80, 0x00, 0xe8, 0xff,
    0x80, 0x00, 0xe0, 0xff, 0x80, 0x00, 0xe8, 0xcf, 0x80, 0x00, 0xe8, 0x5d,
    0x80, 0x00, 0xe0, 0x10, 0x00, 0x00, 0x00, 0x00, 0x00, 0x00, 0x00, 0x00,
    0x00, 0x00, 0x00, 0x00, 0x00, 0x00, 0x00, 0x00, 0x00, 0x00, 0x00, 0x00,
    0x00, 0x00, 0x00, 0x00, 0x00, 0x00, 0x00, 0x00, 0x00, 0x00, 0x00, 0x00,
    0x00, 0x00, 0x00, 0x00, 0x00, 0x00, 0x00, 0x00, 0x00, 0x00, 0x00, 0x00,
    0x00, 0x00, 0x00, 0x00, 0x00, 0x00, 0x00, 0x00, 0x00, 0x00, 0x00, 0x00,
    0x00, 0x00, 0x00, 0x00, 0x00, 0x00, 0x00, 0x00, 0x00, 0x00, 0x00, 0x00,
    0x00, 0x00, 0x00, 0x00, 0x00, 0x00, 0x00, 0x00, 0x00, 0x00, 0x00, 0x00,
    0x00, 0x00, 0x00, 0x00, 0x00, 0x00, 0x00, 0x00, 0x00, 0x00, 0x00, 0x00,
    0x00, 0x00, 0x00, 0x00, 0x00, 0x00, 0x00, 0x00, 0x00, 0x00, 0x00, 0x00,
    0x00, 0x00, 0x00, 0x00, 0x00, 0x00, 0x00, 0x00, 0x00, 0x00, 0x00, 0x00,
    0x00, 0x00, 0x00, 0x00, 0x00, 0x00, 0x00, 0x00, 0x00, 0x00, 0x00, 0x00,
    0x00, 0x00, 0x00, 0x00, 0x00, 0x00, 0x00, 0x00, 0x00, 0x00, 0x00, 0x00,
    0x00, 0x00, 0x00, 0x00, 0x00, 0x00, 0x00, 0x00, 0x00, 0x00, 0x00, 0x00,
    0x00, 0x00, 0x00, 0x00, 0x00, 0x00, 0x00, 0x00, 0x00, 0x00, 0x00, 0x00,
    0x00, 0x00, 0x00, 0x00, 0x00, 0x00, 0x00, 0x00, 0x00, 0x00, 0x00, 0x00,
    0x00, 0x00, 0x00, 0x00, 0x00, 0x00, 0x00, 0x00, 0x00, 0x00, 0x00, 0x00,
    0x00, 0x00, 0x00, 0x00, 0x00, 0x00, 0x00, 0x00, 0x00, 0x00, 0x00, 0x00,
    0x00, 0x00, 0x00, 0x00, 0x00, 0x00, 0x00, 0x00, 0x00, 0x00, 0x00, 0x00,
    0x00, 0x00, 0x00, 0x00, 0x00, 0x00, 0x00, 0x00, 0x00, 0x00, 0x00, 0x00,
    0x00, 0x00, 0x00, 0x00, 0x00, 0x00, 0x00, 0x00, 0x00, 0x00, 0x00, 0x00,
    0x00, 0x00, 0x00, 0x00, 0x00, 0x00, 0x00, 0x00, 0x00, 0x00, 0x00, 0x00,
    0x00, 0x00, 0x00, 0x00, 0x00, 0x00, 0x00, 0x00, 0x00, 0x00, 0x00, 0x00,
    0x00, 0x00, 0x00, 0x00, 0x00, 0x00, 0x00, 0x00, 0x00, 0x00, 0x00, 0x00,
    0x00, 0x00, 0x00, 0x00, 0x00, 0x00, 0x00, 0x00, 0x00, 0x00, 0x00, 0x00,
    0x00, 0x00, 0x00, 0x00, 0x00, 0x00, 0x00, 0x00, 0x00, 0x00, 0x00, 0x00,
    0x00, 0x00, 0x00, 0x00, 0x00, 0x00, 0x00, 0x00, 0x00, 0x00, 0x00, 0x00,
    0x00, 0x00, 0x00, 0x00, 0x00, 0x00, 0x00, 0x00, 0x00, 0x00, 0x00, 0x00,
    0x00, 0x00, 0x00, 0x00, 0x00, 0x00, 0x00, 0x00, 0x00, 0x00, 0x00, 0x00,
    0x00, 0x00, 0x00, 0x00, 0x00, 0x00, 0x00, 0x00, 0x00, 0x00, 0x00, 0x00,
    0x00, 0x00, 0x00, 0x00, 0x00, 0x00, 0x00, 0x00, 0x00, 0x00, 0x00, 0x00,
    0x00, 0x00, 0x00, 0x00, 0x00, 0x00, 0x00, 0x00, 0x00, 0x00, 0x00, 0x00,
    0x00, 0x00, 0x00, 0x00, 0x00, 0x00, 0x00, 0x00, 0x00, 0x00, 0x00, 0x00,
    0x00, 0x00, 0x00, 0x00, 0x00, 0x00, 0x00, 0x00, 0x00, 0x00, 0x00, 0x00,
    0x00, 0x00, 0x00, 0x00, 0x00, 0x00, 0x00, 0x00, 0x80, 0x00, 0xe0, 0x10,
    0x80, 0x00, 0xe8, 0x6d, 0x80, 0x00, 0xe8, 0xbe, 0x80, 0x00, 0xe0, 0xff,
    0x78, 0x00, 0xe8, 0xff, 0x80, 0x00, 0xe8, 0xff, 0x78, 0x00, 0xe0, 0xff,
    0x80, 0x00, 0xe0, 0xff, 0x78, 0x00, 0xe8, 0xff, 0x78, 0x00, 0xe0, 0x8e,
    0x00, 0x00, 0x00, 0x00, 0x00, 0x00, 0x00, 0x00, 0x00, 0x00, 0x00, 0x00,
    0x00, 0x00, 0x00, 0x00, 0x00, 0x00, 0x00, 0x00, 0x00, 0x00, 0x00, 0x00,
    0x00, 0x00, 0x00, 0x00, 0x00, 0x00, 0x00, 0x00, 0x00, 0x00, 0x00, 0x00,
    0x00, 0x00, 0x00, 0x00, 0x00, 0x00, 0x00, 0x00, 0x00, 0x00, 0x00, 0x00,
    0x00, 0x00, 0x00, 0x00, 0x00, 0x00, 0x00, 0x00, 0x00, 0x00, 0x00, 0x00,
    0x00, 0x00, 0x00, 0x00, 0x00, 0x00, 0x00, 0x00, 0x00, 0x00, 0x00, 0x00,
    0x00, 0x00, 0x00, 0x00, 0x80, 0x00, 0xe0, 0x61, 0x80, 0x00, 0xe8, 0xdf,
    0x78, 0x00, 0xe8, 0xff, 0x80, 0x00, 0xe0, 0xff, 0x78, 0x00, 0xe8, 0xff,
    0x80, 0x00, 0xe8, 0xff, 0x80, 0x00, 0xe0, 0xff, 0x78, 0x00, 0xe8, 0xff,
    0x80, 0x00, 0xe8, 0xff, 0x78, 0x00, 0xe8, 0xbe, 0x80, 0x00, 0xe8, 0x82,
    0x78, 0x00, 0xe8, 0x41, 0x80, 0x00, 0xe0, 0x30, 0x80, 0x00, 0xe0, 0x10,
    0x00, 0x00, 0x00, 0x00, 0x00, 0x00, 0x00, 0x00, 0x00, 0x00, 0x00, 0x00,
    0x00, 0x00, 0x00, 0x00, 0x00, 0x00, 0x00, 0x00, 0x00, 0x00, 0x00, 0x00,
    0x00, 0x00, 0x00, 0x00, 0x00, 0x00, 0x00, 0x00, 0x00, 0x00, 0x00, 0x00,
    0x00, 0x00, 0x00, 0x00, 0x00, 0x00, 0x00, 0x00, 0x00, 0x00, 0x00, 0x00,
    0x00, 0x00, 0x00, 0x00, 0x00, 0x00, 0x00, 0x00, 0x00, 0x00, 0x00, 0x00,
    0x00, 0x00, 0x00, 0x00, 0x00, 0x00, 0x00, 0x00, 0x00, 0x00, 0x00, 0x00,
    0x00, 0x00, 0x00, 0x00, 0x00, 0x00, 0x00, 0x00, 0x00, 0x00, 0x00, 0x00,
    0x00, 0x00, 0x00, 0x00, 0x00, 0x00, 0x00, 0x00, 0x00, 0x00, 0x00, 0x00,
    0x00, 0x00, 0x00, 0x00, 0x00, 0x00, 0x00, 0x00, 0x00, 0x00, 0x00, 0x00,
    0x00, 0x00, 0x00, 0x00, 0x00, 0x00, 0x00, 0x00, 0x00, 0x00, 0x00, 0x00,
    0x00, 0x00, 0x00, 0x00, 0x00, 0x00, 0x00, 0x00, 0x00, 0x00, 0x00, 0x00,
    0x00, 0x00, 0x00, 0x00, 0x00, 0x00, 0x00, 0x00, 0x00, 0x00, 0x00, 0x00,
    0x00, 0x00, 0x00, 0x00, 0x00, 0x00, 0x00, 0x00, 0x00, 0x00, 0x00, 0x00,
    0x00, 0x00, 0x00, 0x00, 0x00, 0x00, 0x00, 0x00, 0x00, 0x00, 0x00, 0x00,
    0x00, 0x00, 0x00, 0x00, 0x00, 0x00, 0x00, 0x00, 0x00, 0x00, 0x00, 0x00,
    0x00, 0x00, 0x00, 0x00, 0x00, 0x00, 0x00, 0x00, 0x00, 0x00, 0x00, 0x00,
    0x00, 0x00, 0x00, 0x00, 0x00, 0x00, 0x00, 0x00, 0x00, 0x00, 0x00, 0x00,
    0x00, 0x00, 0x00, 0x00, 0x00, 0x00, 0x00, 0x00, 0x00, 0x00, 0x00, 0x00,
    0x00, 0x00, 0x00, 0x00, 0x00, 0x00, 0x00, 0x00, 0x00, 0x00, 0x00, 0x00,
    0x00, 0x00, 0x00, 0x00, 0x00, 0x00, 0x00, 0x00, 0x00, 0x00, 0x00, 0x00,
    0x00, 0x00, 0x00, 0x00, 0x00, 0x00, 0x00, 0x00, 0x00, 0x00, 0x00, 0x00,
    0x00, 0x00, 0x00, 0x00, 0x00, 0x00, 0x00, 0x00, 0x00, 0x00, 0x00, 0x00,
    0x00, 0x00, 0x00, 0x00, 0x00, 0x00, 0x00, 0x00, 0x00, 0x00, 0x00, 0x00,
    0x00, 0x00, 0x00, 0x00, 0x00, 0x00, 0x00, 0x00, 0x00, 0x00, 0x00, 0x00,
    0x00, 0x00, 0x00, 0x00, 0x00, 0x00, 0x00, 0x00, 0x00, 0x00, 0x00, 0x00,
    0x00, 0x00, 0x00, 0x00, 0x00, 0x00, 0x00, 0x00, 0x00, 0x00, 0x00, 0x00,
    0x00, 0x00, 0x00, 0x00, 0x00, 0x00, 0x00, 0x00, 0x00, 0x00, 0x00, 0x00,
    0x00, 0x00, 0x00, 0x00, 0x00, 0x00, 0x00, 0x00, 0x00, 0x00, 0x00, 0x00,
    0x00, 0x00, 0x00, 0x00, 0x00, 0x00, 0x00, 0x00, 0x00, 0x00, 0x00, 0x00,
    0x00, 0x00, 0x00, 0x00, 0x00, 0x00, 0x00, 0x00, 0x00, 0x00, 0x00, 0x00,
    0x80, 0x00, 0xe0, 0x10, 0x80, 0x00, 0xe8, 0x20, 0x78, 0x00, 0xe8, 0x51,
    0x80, 0x00, 0xe8, 0x6d, 0x80, 0x00, 0xe8, 0xbe, 0x80, 0x00, 0xe8, 0xef,
    0x80, 0x00, 0xe8, 0xff, 0x80, 0x00, 0xe0, 0xff, 0x80, 0x00, 0xe8, 0xff,
    0x80, 0x00, 0xe8, 0xff, 0x78, 0x00, 0xe8, 0xff, 0x80, 0x00, 0xe8, 0xff,
    0x80, 0x00, 0xe8, 0xef, 0x80, 0x00, 0xe8, 0x71, 0x00, 0x00, 0x00, 0x00,
    0x00, 0x00, 0x00, 0x00, 0x00, 0x00, 0x00, 0x00, 0x00, 0x00, 0x00, 0x00,
    0x00, 0x00, 0x00, 0x00, 0x00, 0x00, 0x00, 0x00, 0x00, 0x00, 0x00, 0x00,
    0x00, 0x00, 0x00, 0x00, 0x00, 0x00, 0x00, 0x00, 0x00, 0x00, 0x00, 0x00,
    0x00, 0x00, 0x00, 0x00, 0x00, 0x00, 0x00, 0x00, 0x00, 0x00, 0x00, 0x00,
    0x00, 0x00, 0x00, 0x00, 0x00, 0x00, 0x00, 0x00, 0x00, 0x00, 0x00, 0x00,
    0x00, 0x00, 0x00, 0x00, 0x00, 0x00, 0x00, 0x00, 0x00, 0x00, 0x00, 0x00,
    0x00, 0x00, 0x00, 0x00, 0x00, 0x00, 0x00, 0x00, 0x80, 0x00, 0xe8, 0x20,
    0x78, 0x00, 0xe8, 0x9e, 0x80, 0x00, 0xe8, 0xff, 0x80, 0x00, 0xe8, 0xff,
    0x78, 0x00, 0xe8, 0xff, 0x80, 0x00, 0xe8, 0xff, 0x80, 0x00, 0xe0, 0xff,
    0x80, 0x00, 0xe8, 0xff, 0x80, 0x00, 0xe0, 0xff, 0x80, 0x00, 0xe8, 0xff,
    0x80, 0x00, 0xe8, 0xff, 0x78, 0x00, 0xe0, 0xff, 0x80, 0x00, 0xe8, 0xff,
    0x80, 0x00, 0xe8, 0xff, 0x78, 0x00, 0xe0, 0xff, 0x80, 0x00, 0xe8, 0xff,
    0x80, 0x00, 0xe8, 0xff, 0x80, 0x00, 0xe0, 0xff, 0x78, 0x00, 0xe8, 0xff,
    0x80, 0x00, 0xe8, 0xff, 0x80, 0x00, 0xe0, 0xff, 0x80, 0x00, 0xe8, 0xff,
    0x80, 0x00, 0xe8, 0xff, 0x78, 0x00, 0xe8, 0xff, 0x80, 0x00, 0xe8, 0xff,
    0x80, 0x00, 0xe8, 0xff, 0x80, 0x00, 0xe8, 0xff, 0x80, 0x00, 0xe8, 0xff,
    0x80, 0x00, 0xe8, 0xff, 0x78, 0x00, 0xe8, 0xff, 0x80, 0x00, 0xe8, 0xff,
    0x80, 0x00, 0xe8, 0xff, 0x80, 0x00, 0xe8, 0xff, 0x80, 0x00, 0xe8, 0xff,
    0x80, 0x00, 0xe8, 0xff, 0x78, 0x00, 0xe0, 0xff, 0x80, 0x00, 0xe8, 0xff,
    0x80, 0x00, 0xe8, 0xff, 0x80, 0x00, 0xe0, 0xff, 0x80, 0x00, 0xe8, 0xff,
    0x80, 0x00, 0xe8, 0xff, 0x80, 0x00, 0xe0, 0xff, 0x80, 0x00, 0xe8, 0xff,
    0x80, 0x00, 0xe8, 0xff, 0x80, 0x00, 0xe0, 0xff, 0x80, 0x00, 0xe8, 0xff,
    0x80, 0x00, 0xe8, 0xff, 0x80, 0x00, 0xe0, 0xff, 0x80, 0x00, 0xe8, 0xff,
    0x80, 0x00, 0xe8, 0xff, 0x78, 0x00, 0xe0, 0xff, 0x80, 0x00, 0xe8, 0xff,
    0x80, 0x00, 0xe8, 0xff, 0x78, 0x00, 0xe0, 0xff, 0x80, 0x00, 0xe8, 0xff,
    0x80, 0x00, 0xe8, 0xff, 0x78, 0x00, 0xe0, 0xff, 0x80, 0x00, 0xe8, 0xff,
    0x80, 0x00, 0xe8, 0xff, 0x78, 0x00, 0xe0, 0xff, 0x80, 0x00, 0xe8, 0xff,
    0x80, 0x00, 0xe8, 0xff, 0x78, 0x00, 0xe8, 0xff, 0x80, 0x00, 0xe8, 0xff,
    0x80, 0x00, 0xe0, 0xff, 0x78, 0x00, 0xe8, 0xff, 0x80, 0x00, 0xe8, 0xff,
    0x80, 0x00, 0xe0, 0xff, 0x80, 0x00, 0xe8, 0xff, 0x80, 0x00, 0xe8, 0xff,
    0x80, 0x00, 0xe0, 0xff, 0x80, 0x00, 0xe8, 0xff, 0x80, 0x00, 0xe8, 0xff,
    0x80, 0x00, 0xe0, 0xff, 0x80, 0x00, 0xe8, 0xff, 0x80, 0x00, 0xe8, 0xff,
    0x80, 0x00, 0xe8, 0xff, 0x80, 0x00, 0xe8, 0xff, 0x80, 0x00, 0xe8, 0xff,
    0x78, 0x00, 0xe8, 0xff, 0x80, 0x00, 0xe8, 0xff, 0x80, 0x00, 0xe8, 0xff,
    0x80, 0x00, 0xe8, 0xff, 0x78, 0x00, 0xe0, 0xff, 0x80, 0x00, 0xe8, 0xff,
    0x80, 0x00, 0xe8, 0xff, 0x78, 0x00, 0xe8, 0xff, 0x80, 0x00, 0xe8, 0xff,
    0x80, 0x00, 0xe8, 0xff, 0x78, 0x00, 0xe8, 0xff, 0x80, 0x00, 0xe8, 0xff,
    0x80, 0x00, 0xe8, 0xff, 0x78, 0x00, 0xe8, 0xff, 0x80, 0x00, 0xe8, 0xff,
    0x80, 0x00, 0xe8, 0xff, 0x78, 0x00, 0xe8, 0xff, 0x80, 0x00, 0xe8, 0xff,
    0x80, 0x00, 0xe8, 0xff, 0x80, 0x00, 0xe8, 0xff, 0x80, 0x00, 0xe8, 0xff,
    0x80, 0x00, 0xe8, 0xff, 0x80, 0x00, 0xe8, 0xff, 0x78, 0x00, 0xe0, 0xff,
    0x80, 0x00, 0xe8, 0xff, 0x80, 0x00, 0xe8, 0xff, 0x80, 0x00, 0xe0, 0xff,
    0x80, 0x00, 0xe8, 0xff, 0x78, 0x00, 0xe8, 0xff, 0x80, 0x00, 0xe0, 0xff,
    0x78, 0x00, 0xe8, 0xff, 0x80, 0x00, 0xe8, 0xff, 0x80, 0x00, 0xe8, 0xff,
    0x80, 0x00, 0xe0, 0xff, 0x80, 0x00, 0xe8, 0xff, 0x78, 0x00, 0xe8, 0xae,
    0x80, 0x00, 0xe0, 0x20, 0x00, 0x00, 0x00, 0x00, 0x00, 0x00, 0x00, 0x00,
    0x00, 0x00, 0x00, 0x00, 0x00, 0x00, 0x00, 0x00, 0x00, 0x00, 0x00, 0x00,
    0x00, 0x00, 0x00, 0x00, 0x00, 0x00, 0x00, 0x00, 0x00, 0x00, 0x00, 0x00,
    0x00, 0x00, 0x00, 0x00, 0x00, 0x00, 0x00, 0x00, 0x00, 0x00, 0x00, 0x00,
    0x00, 0x00, 0x00, 0x00, 0x00, 0x00, 0x00, 0x00, 0x00, 0x00, 0x00, 0x00,
    0x00, 0x00, 0x00, 0x00, 0x00, 0x00, 0x00, 0x00, 0x00, 0x00, 0x00, 0x00,
    0x00, 0x00, 0x00, 0x00, 0x00, 0x00, 0x00, 0x00, 0x00, 0x00, 0x00, 0x00,
    0x00, 0x00, 0x00, 0x00, 0x00, 0x00, 0x00, 0x00, 0x00, 0x00, 0x00, 0x00,
    0x00, 0x00, 0x00, 0x00, 0x80, 0x00, 0xe8, 0x20, 0x80, 0x00, 0xe8, 0x9e,
    0x80, 0x00, 0xe0, 0xff, 0x78, 0x00, 0xe8, 0xff, 0x80, 0x00, 0xe8, 0xff,
    0x80, 0x00, 0xe8, 0xff, 0x78, 0x00, 0xe0, 0xff, 0x80, 0x00, 0xe8, 0xff,
    0x80, 0x00, 0xe8, 0xff, 0x80, 0x00, 0xe8, 0xff, 0x80, 0x00, 0xe8, 0xff,
    0x80, 0x00, 0xe8, 0xff, 0x80, 0x00, 0xe0, 0xff, 0x78, 0x00, 0xe8, 0xff,
    0x80, 0x00, 0xe8, 0xff, 0x80, 0x00, 0xe8, 0xff, 0x80, 0x00, 0xe8, 0xff,
    0x78, 0x00, 0xe8, 0xff, 0x80, 0x00, 0xe8, 0xff, 0x80, 0x00, 0xe0, 0xff,
    0x78, 0x00, 0xe8, 0xff, 0x80, 0x00, 0xe0, 0xff, 0x80, 0x00, 0xe8, 0xff,
    0x78, 0x00, 0xe0, 0xff, 0x80, 0x00, 0xe8, 0xff, 0x80, 0x00, 0xe0, 0xff,
    0x78, 0x00, 0xe8, 0xff, 0x80, 0x00, 0xe0, 0xff, 0x80, 0x00, 0xe8, 0xff,
    0x78, 0x00, 0xe0, 0xff, 0x80, 0x00, 0xe0, 0xff, 0x80, 0x00, 0xe8, 0xff,
    0x78, 0x00, 0xe8, 0xff, 0x80, 0x00, 0xe8, 0xff, 0x80, 0x00, 0xe8, 0xff,
    0x78, 0x00, 0xe8, 0xff, 0x80, 0x00, 0xe8, 0xff, 0x78, 0x00, 0xe8, 0xff,
    0x78, 0x00, 0xe8, 0xff, 0x80, 0x00, 0xe0, 0xff, 0x78, 0x00, 0xe8, 0xff,
    0x78, 0x00, 0xe8, 0xff, 0x80, 0x00, 0xe8, 0xff, 0x78, 0x00, 0xe0, 0xff,
    0x80, 0x00, 0xe8, 0xff, 0x78, 0x00, 0xe8, 0xff, 0x80, 0x00, 0xe8, 0xff,
    0x80, 0x00, 0xe0, 0xff, 0x80, 0x00, 0xe8, 0xff, 0x80, 0x00, 0xe8, 0xff,
    0x80, 0x00, 0xe0, 0xff, 0x80, 0x00, 0xe8, 0xff, 0x80, 0x00, 0xe8, 0xff,
    0x80, 0x00, 0xe0, 0xff, 0x78, 0x00, 0xe8, 0xff, 0x80, 0x00, 0xe8, 0xff,
    0x80, 0x00, 0xe8, 0xff, 0x80, 0x00, 0xe0, 0xff, 0x80, 0x00, 0xe8, 0xff,
    0x80, 0x00, 0xe8, 0xff, 0x80, 0x00, 0xe0, 0xff, 0x80, 0x00, 0xe8, 0xff,
    0x80, 0x00, 0xe8, 0xff, 0x80, 0x00, 0xe8, 0xff, 0x78, 0x00, 0xe8, 0xff,
    0x80, 0x00, 0xe0, 0xff, 0x78, 0x00, 0xe8, 0xff, 0x78, 0x00, 0xe8, 0xff,
    0x80, 0x00, 0xe0, 0xff, 0x78, 0x00, 0xe8, 0xff, 0x80, 0x00, 0xe8, 0xff,
    0x78, 0x00, 0xe8, 0xff, 0x78, 0x00, 0xe0, 0xff, 0x80, 0x00, 0xe8, 0xff,
    0x78, 0x00, 0xe0, 0xff, 0x80, 0x00, 0xe0, 0xff, 0x80, 0x00, 0xe8, 0xff,
    0x80, 0x00, 0xe0, 0xff, 0x78, 0x00, 0xe0, 0xff, 0x80, 0x00, 0xe8, 0xff,
    0x80, 0x00, 0xe8, 0xff, 0x80, 0x00, 0xe8, 0xff, 0x80, 0x00, 0xe0, 0xff,
    0x80, 0x00, 0xe8, 0xff, 0x80, 0x00, 0xe0, 0xff, 0x80, 0x00, 0xe8, 0xff,
    0x80, 0x00, 0xe0, 0xff, 0x80, 0x00, 0xe0, 0xff, 0x80, 0x00, 0xe8, 0xff,
    0x78, 0x00, 0xe0, 0xff, 0x80, 0x00, 0xe8, 0xff, 0x80, 0x00, 0xe0, 0xff,
    0x78, 0x00, 0xe8, 0xff, 0x80, 0x00, 0xe0, 0xff, 0x80, 0x00, 0xe8, 0xff,
    0x78, 0x00, 0xe0, 0xff, 0x80, 0x00, 0xe0, 0xff, 0x78, 0x00, 0xe8, 0xff,
    0x80, 0x00, 0xe8, 0xff, 0x80, 0x00, 0xe0, 0xff, 0x80, 0x00, 0xe8, 0xff,
    0x78, 0x00, 0xe8, 0xff, 0x80, 0x00, 0xe8, 0xff, 0x80, 0x00, 0xe0, 0xff,
    0x78, 0x00, 0xe8, 0xff, 0x80, 0x00, 0xe8, 0xff, 0x80, 0x00, 0xe0, 0xff,
    0x80, 0x00, 0xe8, 0xff, 0x78, 0x00, 0xe8, 0xff, 0x78, 0x00, 0xe0, 0xff,
    0x80, 0x00, 0xe8, 0xbe, 0x78, 0x00, 0xe8, 0x41, 0x00, 0x00, 0x00, 0x00,
    0x00, 0x00, 0x00, 0x00, 0x00, 0x00, 0x00, 0x00, 0x00, 0x00, 0x00, 0x00,
    0x00, 0x00, 0x00, 0x00, 0x00, 0x00, 0x00, 0x00, 0x00, 0x00, 0x00, 0x00,
    0x00, 0x00, 0x00, 0x00, 0x00, 0x00, 0x00, 0x00, 0x00, 0x00, 0x00, 0x00,
    0x00, 0x00, 0x00, 0x00, 0x00, 0x00, 0x00, 0x00, 0x00, 0x00, 0x00, 0x00,
    0x00, 0x00, 0x00, 0x00, 0x00, 0x00, 0x00, 0x00, 0x00, 0x00, 0x00, 0x00,
    0x00, 0x00, 0x00, 0x00, 0x00, 0x00, 0x00, 0x00, 0x00, 0x00, 0x00, 0x00,
    0x00, 0x00, 0x00, 0x00, 0x00, 0x00, 0x00, 0x00, 0x00, 0x00, 0x00, 0x00,
    0x00, 0x00, 0x00, 0x00, 0x00, 0x00, 0x00, 0x00, 0x00, 0x00, 0x00, 0x00,
    0x00, 0x00, 0x00, 0x00, 0x00, 0x00, 0x00, 0x00, 0x00, 0x00, 0x00, 0x00,
    0x80, 0x00, 0xe8, 0x20, 0x78, 0x00, 0xe8, 0x8e, 0x80, 0x00, 0xe8, 0xdf,
    0x80, 0x00, 0xe8, 0xff, 0x78, 0x00, 0xe8, 0xff, 0x80, 0x00, 0xe0, 0xff,
    0x80, 0x00, 0xe8, 0xff, 0x78, 0x00, 0xe0, 0xff, 0x80, 0x00, 0xe8, 0xff,
    0x80, 0x00, 0xe8, 0xff, 0x78, 0x00, 0xe8, 0xff, 0x80, 0x00, 0xe0, 0xff,
    0x80, 0x00, 0xe8, 0xff, 0x78, 0x00, 0xe0, 0xff, 0x80, 0x00, 0xe8, 0xff,
    0x80, 0x00, 0xe8, 0xff, 0x80, 0x00, 0xe0, 0xff, 0x78, 0x00, 0xe8, 0xff,
    0x80, 0x00, 0xe8, 0xff, 0x80, 0x00, 0xe8, 0xff, 0x80, 0x00, 0xe0, 0xff,
    0x78, 0x00, 0xe8, 0xff, 0x80, 0x00, 0xe8, 0xff, 0x80, 0x00, 0xe8, 0xff,
    0x80, 0x00, 0xe0, 0xff, 0x80, 0x00, 0xe8, 0xff, 0x80, 0x00, 0xe8, 0xff,
    0x78, 0x00, 0xe8, 0xff, 0x80, 0x00, 0xe8, 0xff, 0x80, 0x00, 0xe0, 0xff,
    0x78, 0x00, 0xe8, 0xff, 0x80, 0x00, 0xe8, 0xff, 0x80, 0x00, 0xe0, 0xff,
    0x80, 0x00, 0xe0, 0xff, 0x80, 0x00, 0xe8, 0xff, 0x80, 0x00, 0xe8, 0xff,
    0x80, 0x00, 0xe0, 0xff, 0x80, 0x00, 0xe8, 0xff, 0x80, 0x00, 0xe8, 0xff,
    0x80, 0x00, 0xe8, 0xff, 0x80, 0x00, 0xe8, 0xff, 0x80, 0x00, 0xe8, 0xff,
    0x78, 0x00, 0xe0, 0xff, 0x80, 0x00, 0xe8, 0xff, 0x80, 0x00, 0xe8, 0xff,
    0x78, 0x00, 0xe8, 0xff, 0x80, 0x00, 0xe8, 0xff, 0x78, 0x00, 0xe8, 0xff,
    0x80, 0x00, 0xe8, 0xff, 0x78, 0x00, 0xe8, 0xff, 0x80, 0x00, 0xe8, 0xff,
    0x80, 0x00, 0xe8, 0xff, 0x80, 0x00, 0xe0, 0xff, 0x78, 0x00, 0xe8, 0xff,
    0x80, 0x00, 0xe8, 0xff, 0x80, 0x00, 0xe8, 0xff, 0x78, 0x00, 0xe8, 0xff,
    0x78, 0x00, 0xe0, 0xff, 0x80, 0x00, 0xe8, 0xff, 0x78, 0x00, 0xe8, 0xff,
    0x80, 0x00, 0xe0, 0xff, 0x80, 0x00, 0xe8, 0xff, 0x80, 0x00, 0xe8, 0xff,
    0x80, 0x00, 0xe8, 0xff, 0x80, 0x00, 0xe8, 0xff, 0x80, 0x00, 0xe8, 0xff,
    0x80, 0x00, 0xe8, 0xff, 0x80, 0x00, 0xe0, 0xff, 0x80, 0x00, 0xe8, 0xff,
    0x80, 0x00, 0xe8, 0xff, 0x80, 0x00, 0xe8, 0xff, 0x80, 0x00, 0xe8, 0xff,
    0x80, 0x00, 0xe8, 0xff, 0x78, 0x00, 0xe8, 0xff, 0x80, 0x00, 0xe8, 0xff,
    0x80, 0x00, 0xe8, 0xff, 0x80, 0x00, 0xe8, 0xff, 0x78, 0x00, 0xe0, 0xff,
    0x80, 0x00, 0xe8, 0xff, 0x78, 0x00, 0xe8, 0xff, 0x80, 0x00, 0xe8, 0xff,
    0x78, 0x00, 0xe8, 0xff, 0x80, 0x00, 0xe8, 0xff, 0x78, 0x00, 0xe8, 0xff,
    0x78, 0x00, 0xe8, 0xff, 0x80, 0x00, 0xe8, 0xff, 0x80, 0x00, 0xe8, 0xff,
    0x80, 0x00, 0xe8, 0xff, 0x80, 0x00, 0xe0, 0xff, 0x80, 0x00, 0xe8, 0xff,
    0x80, 0x00, 0xe8, 0xff, 0x80, 0x00, 0xe8, 0xff, 0x80, 0x00, 0xe8, 0xff,
    0x80, 0x00, 0xe8, 0xff, 0x78, 0x00, 0xe8, 0xff, 0x80, 0x00, 0xe8, 0xff,
    0x80, 0x00, 0xe0, 0xff, 0x78, 0x00, 0xe8, 0xff, 0x80, 0x00, 0xe8, 0xff,
    0x80, 0x00, 0xe8, 0xff, 0x80, 0x00, 0xe8, 0xff, 0x78, 0x00, 0xe8, 0xff,
    0x80, 0x00, 0xe8, 0xff, 0x80, 0x00, 0xe8, 0xff, 0x80, 0x00, 0xe8, 0xff,
    0x80, 0x00, 0xe8, 0xdf, 0x80, 0x00, 0xe0, 0x82, 0x80, 0x00, 0xe0, 0x10,
    0x00, 0x00, 0x00, 0x00, 0x00, 0x00, 0x00, 0x00, 0x00, 0x00, 0x00, 0x00,
    0x00, 0x00, 0x00, 0x00, 0x00, 0x00, 0x00, 0x00, 0x00, 0x00, 0x00, 0x00,
    0x00, 0x00, 0x00, 0x00, 0x00, 0x00, 0x00, 0x00, 0x00, 0x00, 0x00, 0x00,
    0x00, 0x00, 0x00, 0x00, 0x00, 0x00, 0x00, 0x00, 0x00, 0x00, 0x00, 0x00,
    0x00, 0x00, 0x00, 0x00, 0x00, 0x00, 0x00, 0x00, 0x00, 0x00, 0x00, 0x00,
    0x00, 0x00, 0x00, 0x00, 0x00, 0x00, 0x00, 0x00, 0x00, 0x00, 0x00, 0x00,
    0x00, 0x00, 0x00, 0x00, 0x00, 0x00, 0x00, 0x00, 0x00, 0x00, 0x00, 0x00,
    0x00, 0x00, 0x00, 0x00, 0x00, 0x00, 0x00, 0x00, 0x00, 0x00, 0x00, 0x00,
    0x00, 0x00, 0x00, 0x00, 0x00, 0x00, 0x00, 0x00, 0x00, 0x00, 0x00, 0x00,
    0x00, 0x00, 0x00, 0x00, 0x00, 0x00, 0x00, 0x00, 0x00, 0x00, 0x00, 0x00,
    0x00, 0x00, 0x00, 0x00, 0x00, 0x00, 0x00, 0x00, 0x00, 0x00, 0x00, 0x00,
    0x80, 0x00, 0xe8, 0x20, 0x78, 0x00, 0xe0, 0x61, 0x80, 0x00, 0xe8, 0x8e,
    0x80, 0x00, 0xe8, 0xbe, 0x78, 0x00, 0xe8, 0xdf, 0x80, 0x00, 0xe0, 0xff,
    0x80, 0x00, 0xe8, 0xff, 0x78, 0x00, 0xe8, 0xff, 0x80, 0x00, 0xe8, 0xff,
    0x80, 0x00, 0xe8, 0xff, 0x80, 0x00, 0xe0, 0xff, 0x78, 0x00, 0xe8, 0xff,
    0x80, 0x00, 0xe8, 0xff, 0x80, 0x00, 0xe8, 0xff, 0x80, 0x00, 0xe8, 0xff,
    0x80, 0x00, 0xe8, 0xff, 0x80, 0x00, 0xe8, 0xff, 0x80, 0x00, 0xe8, 0xff,
    0x80, 0x00, 0xe8, 0xff, 0x78, 0x00, 0xe8, 0xff, 0x80, 0x00, 0xe8, 0xff,
    0x78, 0x00, 0xe8, 0xff, 0x80, 0x00, 0xe8, 0xff, 0x80, 0x00, 0xe8, 0xff,
    0x80, 0x00, 0xe8, 0xff, 0x80, 0x00, 0xe8, 0xff, 0x80, 0x00, 0xe8, 0xff,
    0x80, 0x00, 0xe0, 0xff, 0x80, 0x00, 0xe8, 0xff, 0x78, 0x00, 0xe8, 0xff,
    0x80, 0x00, 0xe8, 0xff, 0x80, 0x00, 0xe8, 0xff, 0x78, 0x00, 0xe0, 0xff,
    0x80, 0x00, 0xe8, 0xff, 0x80, 0x00, 0xe8, 0xff, 0x80, 0x00, 0xe0, 0xff,
    0x78, 0x00, 0xe0, 0xff, 0x80, 0x00, 0xe8, 0xff, 0x80, 0x00, 0xe8, 0xff,
    0x80, 0x00, 0xe8, 0xff, 0x80, 0x00, 0xe0, 0xff, 0x80, 0x00, 0xe8, 0xff,
    0x78, 0x00, 0xe8, 0xff, 0x80, 0x00, 0xe0, 0xff, 0x80, 0x00, 0xe0, 0xff,
    0x80, 0x00, 0xe8, 0xff, 0x78, 0x00, 0xe0, 0xff, 0x80, 0x00, 0xe8, 0xff,
    0x80, 0x00, 0xe8, 0xff, 0x80, 0x00, 0xe8, 0xff, 0x80, 0x00, 0xe0, 0xff,
    0x78, 0x00, 0xe8, 0xff, 0x80, 0x00, 0xe8, 0xff, 0x80, 0x00, 0xe0, 0xff,
    0x80, 0x00, 0xe8, 0xff, 0x80, 0x00, 0xe8, 0xff, 0x80, 0x00, 0xe8, 0xff,
    0x78, 0x00, 0xe0, 0xff, 0x80, 0x00, 0xe8, 0xff, 0x80, 0x00, 0xe8, 0xff,
    0x78, 0x00, 0xe0, 0xff, 0x80, 0x00, 0xe8, 0xff, 0x80, 0x00, 0xe8, 0xff,
    0x78, 0x00, 0xe8, 0xff, 0x80, 0x00, 0xe8, 0xff, 0x80, 0x00, 0xe0, 0xff,
    0x78, 0x00, 0xe8, 0xff, 0x80, 0x00, 0xe8, 0xff, 0x80, 0x00, 0xe0, 0xff,
    0x80, 0x00, 0xe8, 0xff, 0x78, 0x00, 0xe8, 0xff, 0x80, 0x00, 0xe8, 0xff,
    0x80, 0x00, 0xe8, 0xff, 0x80, 0x00, 0xe8, 0xff, 0x80, 0x00, 0xe8, 0xff,
    0x80, 0x00, 0xe0, 0xff, 0x80, 0x00, 0xe8, 0xff, 0x78, 0x00, 0xe8, 0xff,
    0x80, 0x00, 0xe0, 0xff, 0x80, 0x00, 0xe8, 0xff, 0x80, 0x00, 0xe8, 0xff,
    0x80, 0x00, 0xe0, 0xff, 0x78, 0x00, 0xe8, 0xff, 0x80, 0x00, 0xe8, 0xff,
    0x80, 0x00, 0xe8, 0xff, 0x78, 0x00, 0xe8, 0xff, 0x80, 0x00, 0xe8, 0xff,
    0x78, 0x00, 0xe0, 0xff, 0x80, 0x00, 0xe8, 0xff, 0x80, 0x00, 0xe8, 0xff,
    0x78, 0x00, 0xe0, 0xff, 0x80, 0x00, 0xe8, 0xff, 0x80, 0x00, 0xe8, 0xff,
    0x80, 0x00, 0xe8, 0xff, 0x80, 0x00, 0xe8, 0xff, 0x78, 0x00, 0xe0, 0xff,
    0x80, 0x00, 0xe0, 0xef, 0x80, 0x00, 0xe8, 0xdf, 0x80, 0x00, 0xe0, 0xcf,
    0x78, 0x00, 0xe8, 0x8e, 0x80, 0x00, 0xe8, 0x61, 0x80, 0x00, 0xe0, 0x20,
    0x00, 0x00, 0x00, 0x00, 0x00, 0x00, 0x00, 0x00, 0x00, 0x00, 0x00, 0x00,
    0x00, 0x00, 0x00, 0x00, 0x00, 0x00, 0x00, 0x00, 0x00, 0x00, 0x00, 0x00,
    0x00, 0x00, 0x00, 0x00, 0x00, 0x00, 0x00, 0x00, 0x00, 0x00, 0x00, 0x00,
    0x00, 0x00, 0x00, 0x00, 0x00, 0x00, 0x00, 0x00, 0x00, 0x00, 0x00, 0x00,
    0x00, 0x00, 0x00, 0x00, 0x00, 0x00, 0x00, 0x00, 0x00, 0x00, 0x00, 0x00,
    0x00, 0x00, 0x00, 0x00, 0x00, 0x00, 0x00, 0x00, 0x00, 0x00, 0x00, 0x00
};
