// 4.25.0 0xc8a3887f D2 AY R0 FARGB8888 U565 N0 SExtFlashSection
// Generated by imageconverter. Please, do not edit!

#include <touchgfx/hal/Config.hpp>

LOCATION_PRAGMA("ExtFlashSection")
KEEP extern const unsigned char image_dark_theme_images_widgets_button_regular_height_50_small_round_action[] LOCATION_ATTRIBUTE("ExtFlashSection") = { // 175x50 ARGB8888 pixels.
    0x00, 0x00, 0x00, 0x00, 0x00, 0x00, 0x00, 0x00, 0x00, 0x00, 0x00, 0x00,
    0x00, 0x00, 0x00, 0x00, 0x00, 0x00, 0x00, 0x00, 0x00, 0x00, 0x00, 0x00,
    0x00, 0x00, 0x00, 0x00, 0x00, 0x00, 0x00, 0x00, 0x00, 0x00, 0x00, 0x00,
    0x00, 0x00, 0x00, 0x00, 0x00, 0x00, 0x00, 0x00, 0x00, 0x00, 0x00, 0x00,
    0x00, 0x00, 0x00, 0x00, 0x00, 0x00, 0x00, 0x00, 0x00, 0x00, 0x00, 0x00,
    0x00, 0x00, 0x00, 0x00, 0x00, 0x00, 0x00, 0x00, 0x00, 0x00, 0x00, 0x00,
    0x80, 0x00, 0xe8, 0x20, 0x80, 0x00, 0xe8, 0x61, 0x80, 0x00, 0xe8, 0x8e,
    0x80, 0x00, 0xe8, 0xcf, 0x80, 0x00, 0xe8, 0xdf, 0x80, 0x00, 0xe8, 0xef,
    0x80, 0x00, 0xe8, 0xff, 0x80, 0x00, 0xe8, 0xff, 0x80, 0x00, 0xe8, 0xff,
    0x80, 0x00, 0xe8, 0xff, 0x80, 0x00, 0xe8, 0xff, 0x80, 0x00, 0xe8, 0xff,
    0x80, 0x00, 0xe8, 0xff, 0x80, 0x00, 0xe8, 0xff, 0x80, 0x00, 0xe8, 0xff,
    0x80, 0x00, 0xe8, 0xff, 0x80, 0x00, 0xe8, 0xff, 0x80, 0x00, 0xe8, 0xff,
    0x80, 0x00, 0xe8, 0xff, 0x80, 0x00, 0xe8, 0xff, 0x80, 0x00, 0xe8, 0xff,
    0x80, 0x00, 0xe8, 0xff, 0x80, 0x00, 0xe8, 0xff, 0x80, 0x00, 0xe8, 0xff,
    0x80, 0x00, 0xe8, 0xff, 0x80, 0x00, 0xe8, 0xff, 0x80, 0x00, 0xe8, 0xff,
    0x80, 0x00, 0xe8, 0xff, 0x80, 0x00, 0xe8, 0xff, 0x80, 0x00, 0xe8, 0xff,
    0x80, 0x00, 0xe8, 0xff, 0x80, 0x00, 0xe8, 0xff, 0x80, 0x00, 0xe8, 0xff,
    0x80, 0x00, 0xe8, 0xff, 0x80, 0x00, 0xe8, 0xff, 0x80, 0x00, 0xe8, 0xff,
    0x80, 0x00, 0xe8, 0xff, 0x80, 0x00, 0xe8, 0xff, 0x80, 0x00, 0xe8, 0xff,
    0x80, 0x00, 0xe8, 0xff, 0x80, 0x00, 0xe8, 0xff, 0x80, 0x00, 0xe8, 0xff,
    0x80, 0x00, 0xe8, 0xff, 0x80, 0x00, 0xe8, 0xff, 0x80, 0x00, 0xe8, 0xff,
    0x80, 0x00, 0xe8, 0xff, 0x80, 0x00, 0xe8, 0xff, 0x80, 0x00, 0xe8, 0xff,
    0x80, 0x00, 0xe8, 0xff, 0x80, 0x00, 0xe8, 0xff, 0x80, 0x00, 0xe8, 0xff,
    0x80, 0x00, 0xe8, 0xff, 0x80, 0x00, 0xe8, 0xff, 0x80, 0x00, 0xe8, 0xff,
    0x80, 0x00, 0xe8, 0xff, 0x80, 0x00, 0xe8, 0xff, 0x80, 0x00, 0xe8, 0xff,
    0x80, 0x00, 0xe8, 0xff, 0x80, 0x00, 0xe8, 0xff, 0x80, 0x00, 0xe8, 0xff,
    0x80, 0x00, 0xe8, 0xff, 0x80, 0x00, 0xe8, 0xff, 0x80, 0x00, 0xe8, 0xff,
    0x80, 0x00, 0xe8, 0xff, 0x80, 0x00, 0xe8, 0xff, 0x80, 0x00, 0xe8, 0xff,
    0x80, 0x00, 0xe8, 0xff, 0x80, 0x00, 0xe8, 0xff, 0x80, 0x00, 0xe8, 0xff,
    0x80, 0x00, 0xe8, 0xff, 0x80, 0x00, 0xe8, 0xff, 0x80, 0x00, 0xe8, 0xff,
    0x80, 0x00, 0xe8, 0xff, 0x80, 0x00, 0xe8, 0xff, 0x80, 0x00, 0xe8, 0xff,
    0x80, 0x00, 0xe8, 0xff, 0x80, 0x00, 0xe8, 0xff, 0x80, 0x00, 0xe8, 0xff,
    0x80, 0x00, 0xe8, 0xff, 0x80, 0x00, 0xe8, 0xff, 0x80, 0x00, 0xe8, 0xff,
    0x80, 0x00, 0xe8, 0xff, 0x80, 0x00, 0xe8, 0xff, 0x80, 0x00, 0xe8, 0xff,
    0x80, 0x00, 0xe8, 0xff, 0x80, 0x00, 0xe8, 0xff, 0x80, 0x00, 0xe8, 0xff,
    0x80, 0x00, 0xe8, 0xff, 0x80, 0x00, 0xe8, 0xff, 0x80, 0x00, 0xe8, 0xff,
    0x80, 0x00, 0xe8, 0xff, 0x80, 0x00, 0xe8, 0xff, 0x80, 0x00, 0xe8, 0xff,
    0x80, 0x00, 0xe8, 0xff, 0x80, 0x00, 0xe8, 0xff, 0x80, 0x00, 0xe8, 0xff,
    0x80, 0x00, 0xe8, 0xff, 0x80, 0x00, 0xe8, 0xff, 0x80, 0x00, 0xe8, 0xff,
    0x80, 0x00, 0xe8, 0xff, 0x80, 0x00, 0xe8, 0xff, 0x80, 0x00, 0xe8, 0xff,
    0x80, 0x00, 0xe8, 0xff, 0x80, 0x00, 0xe8, 0xff, 0x80, 0x00, 0xe8, 0xff,
    0x80, 0x00, 0xe8, 0xff, 0x80, 0x00, 0xe8, 0xff, 0x80, 0x00, 0xe8, 0xff,
    0x80, 0x00, 0xe8, 0xff, 0x80, 0x00, 0xe8, 0xff, 0x80, 0x00, 0xe8, 0xff,
    0x80, 0x00, 0xe8, 0xff, 0x80, 0x00, 0xe8, 0xff, 0x80, 0x00, 0xe8, 0xff,
    0x80, 0x00, 0xe8, 0xff, 0x80, 0x00, 0xe8, 0xff, 0x80, 0x00, 0xe8, 0xff,
    0x80, 0x00, 0xe8, 0xff, 0x80, 0x00, 0xe8, 0xff, 0x80, 0x00, 0xe8, 0xff,
    0x80, 0x00, 0xe8, 0xff, 0x80, 0x00, 0xe8, 0xff, 0x80, 0x00, 0xe8, 0xff,
    0x80, 0x00, 0xe8, 0xff, 0x80, 0x00, 0xe8, 0xff, 0x80, 0x00, 0xe8, 0xff,
    0x80, 0x00, 0xe8, 0xff, 0x80, 0x00, 0xe8, 0xff, 0x80, 0x00, 0xe8, 0xff,
    0x80, 0x00, 0xe8, 0xff, 0x80, 0x00, 0xe8, 0xff, 0x80, 0x00, 0xe8, 0xff,
    0x80, 0x00, 0xe8, 0xff, 0x80, 0x00, 0xe8, 0xff, 0x80, 0x00, 0xe8, 0xdf,
    0x78, 0x00, 0xe8, 0xbe, 0x80, 0x00, 0xe8, 0x8e, 0x80, 0x00, 0xe8, 0x5d,
    0x80, 0x00, 0xe0, 0x20, 0x00, 0x00, 0x00, 0x00, 0x00, 0x00, 0x00, 0x00,
    0x00, 0x00, 0x00, 0x00, 0x00, 0x00, 0x00, 0x00, 0x00, 0x00, 0x00, 0x00,
    0x00, 0x00, 0x00, 0x00, 0x00, 0x00, 0x00, 0x00, 0x00, 0x00, 0x00, 0x00,
    0x00, 0x00, 0x00, 0x00, 0x00, 0x00, 0x00, 0x00, 0x00, 0x00, 0x00, 0x00,
    0x00, 0x00, 0x00, 0x00, 0x00, 0x00, 0x00, 0x00, 0x00, 0x00, 0x00, 0x00,
    0x00, 0x00, 0x00, 0x00, 0x00, 0x00, 0x00, 0x00, 0x00, 0x00, 0x00, 0x00,
    0x00, 0x00, 0x00, 0x00, 0x00, 0x00, 0x00, 0x00, 0x00, 0x00, 0x00, 0x00,
    0x00, 0x00, 0x00, 0x00, 0x00, 0x00, 0x00, 0x00, 0x00, 0x00, 0x00, 0x00,
    0x00, 0x00, 0x00, 0x00, 0x00, 0x00, 0x00, 0x00, 0x00, 0x00, 0x00, 0x00,
    0x00, 0x00, 0x00, 0x00, 0x00, 0x00, 0x00, 0x00, 0x00, 0x00, 0x00, 0x00,
    0x00, 0x00, 0x00, 0x00, 0x00, 0x00, 0x00, 0x00, 0x00, 0x00, 0x00, 0x00,
    0x00, 0x00, 0x00, 0x00, 0x80, 0x00, 0xe0, 0x10, 0x80, 0x00, 0xe8, 0x82,
    0x80, 0x00, 0xe8, 0xdf, 0x80, 0x00, 0xe8, 0xff, 0x78, 0x00, 0xe8, 0xff,
    0x80, 0x00, 0xe0, 0xff, 0x80, 0x00, 0xe8, 0xff, 0x78, 0x00, 0xe8, 0xff,
    0x80, 0x00, 0xe0, 0xff, 0x80, 0x00, 0xe8, 0xff, 0x78, 0x00, 0xe8, 0xff,
    0x80, 0x00, 0xe0, 0xff, 0x80, 0x00, 0xe8, 0xff, 0x78, 0x00, 0xe8, 0xff,
    0x80, 0x00, 0xe0, 0xff, 0x80, 0x00, 0xe8, 0xff, 0x78, 0x00, 0xe8, 0xff,
    0x80, 0x00, 0xe0, 0xff, 0x80, 0x00, 0xe8, 0xff, 0x78, 0x00, 0xe8, 0xff,
    0x80, 0x00, 0xe0, 0xff, 0x80, 0x00, 0xe8, 0xff, 0x78, 0x00, 0xe8, 0xff,
    0x80, 0x00, 0xe0, 0xff, 0x80, 0x00, 0xe8, 0xff, 0x78, 0x00, 0xe8, 0xff,
    0x80, 0x00, 0xe0, 0xff, 0x80, 0x00, 0xe8, 0xff, 0x78, 0x00, 0xe8, 0xff,
    0x80, 0x00, 0xe0, 0xff, 0x80, 0x00, 0xe8, 0xff, 0x78, 0x00, 0xe8, 0xff,
    0x80, 0x00, 0xe0, 0xff, 0x80, 0x00, 0xe8, 0xff, 0x78, 0x00, 0xe8, 0xff,
    0x80, 0x00, 0xe0, 0xff, 0x80, 0x00, 0xe8, 0xff, 0x78, 0x00, 0xe8, 0xff,
    0x80, 0x00, 0xe0, 0xff, 0x80, 0x00, 0xe8, 0xff, 0x78, 0x00, 0xe8, 0xff,
    0x80, 0x00, 0xe0, 0xff, 0x80, 0x00, 0xe8, 0xff, 0x78, 0x00, 0xe8, 0xff,
    0x80, 0x00, 0xe0, 0xff, 0x80, 0x00, 0xe8, 0xff, 0x78, 0x00, 0xe8, 0xff,
    0x80, 0x00, 0xe0, 0xff, 0x80, 0x00, 0xe8, 0xff, 0x78, 0x00, 0xe8, 0xff,
    0x80, 0x00, 0xe0, 0xff, 0x80, 0x00, 0xe8, 0xff, 0x78, 0x00, 0xe8, 0xff,
    0x80, 0x00, 0xe0, 0xff, 0x80, 0x00, 0xe8, 0xff, 0x78, 0x00, 0xe8, 0xff,
    0x80, 0x00, 0xe0, 0xff, 0x80, 0x00, 0xe8, 0xff, 0x78, 0x00, 0xe8, 0xff,
    0x80, 0x00, 0xe0, 0xff, 0x80, 0x00, 0xe8, 0xff, 0x78, 0x00, 0xe8, 0xff,
    0x80, 0x00, 0xe0, 0xff, 0x80, 0x00, 0xe8, 0xff, 0x78, 0x00, 0xe8, 0xff,
    0x80, 0x00, 0xe0, 0xff, 0x80, 0x00, 0xe8, 0xff, 0x78, 0x00, 0xe8, 0xff,
    0x80, 0x00, 0xe0, 0xff, 0x80, 0x00, 0xe8, 0xff, 0x78, 0x00, 0xe8, 0xff,
    0x80, 0x00, 0xe0, 0xff, 0x80, 0x00, 0xe8, 0xff, 0x78, 0x00, 0xe8, 0xff,
    0x80, 0x00, 0xe0, 0xff, 0x80, 0x00, 0xe8, 0xff, 0x78, 0x00, 0xe8, 0xff,
    0x80, 0x00, 0xe0, 0xff, 0x80, 0x00, 0xe8, 0xff, 0x78, 0x00, 0xe8, 0xff,
    0x80, 0x00, 0xe0, 0xff, 0x80, 0x00, 0xe8, 0xff, 0x78, 0x00, 0xe8, 0xff,
    0x80, 0x00, 0xe0, 0xff, 0x80, 0x00, 0xe8, 0xff, 0x78, 0x00, 0xe8, 0xff,
    0x80, 0x00, 0xe0, 0xff, 0x80, 0x00, 0xe8, 0xff, 0x78, 0x00, 0xe8, 0xff,
    0x80, 0x00, 0xe0, 0xff, 0x80, 0x00, 0xe8, 0xff, 0x78, 0x00, 0xe8, 0xff,
    0x80, 0x00, 0xe0, 0xff, 0x80, 0x00, 0xe8, 0xff, 0x78, 0x00, 0xe8, 0xff,
    0x80, 0x00, 0xe0, 0xff, 0x80, 0x00, 0xe8, 0xff, 0x78, 0x00, 0xe8, 0xff,
    0x80, 0x00, 0xe0, 0xff, 0x80, 0x00, 0xe8, 0xff, 0x78, 0x00, 0xe8, 0xff,
    0x80, 0x00, 0xe0, 0xff, 0x80, 0x00, 0xe8, 0xff, 0x78, 0x00, 0xe8, 0xff,
    0x80, 0x00, 0xe0, 0xff, 0x80, 0x00, 0xe8, 0xff, 0x78, 0x00, 0xe8, 0xff,
    0x80, 0x00, 0xe0, 0xff, 0x80, 0x00, 0xe8, 0xff, 0x78, 0x00, 0xe8, 0xff,
    0x80, 0x00, 0xe0, 0xff, 0x80, 0x00, 0xe8, 0xff, 0x78, 0x00, 0xe8, 0xff,
    0x80, 0x00, 0xe0, 0xff, 0x80, 0x00, 0xe8, 0xff, 0x78, 0x00, 0xe8, 0xff,
    0x80, 0x00, 0xe0, 0xff, 0x80, 0x00, 0xe8, 0xff, 0x78, 0x00, 0xe8, 0xff,
    0x80, 0x00, 0xe0, 0xff, 0x80, 0x00, 0xe8, 0xff, 0x78, 0x00, 0xe8, 0xff,
    0x80, 0x00, 0xe0, 0xff, 0x80, 0x00, 0xe8, 0xff, 0x78, 0x00, 0xe8, 0xff,
    0x80, 0x00, 0xe0, 0xff, 0x80, 0x00, 0xe8, 0xff, 0x78, 0x00, 0xe8, 0xff,
    0x80, 0x00, 0xe0, 0xff, 0x80, 0x00, 0xe8, 0xff, 0x78, 0x00, 0xe8, 0xff,
    0x80, 0x00, 0xe0, 0xff, 0x80, 0x00, 0xe8, 0xff, 0x78, 0x00, 0xe8, 0xff,
    0x80, 0x00, 0xe0, 0xff, 0x80, 0x00, 0xe8, 0xff, 0x78, 0x00, 0xe8, 0xff,
    0x80, 0x00, 0xe0, 0xff, 0x80, 0x00, 0xe8, 0xff, 0x80, 0x00, 0xe8, 0xff,
    0x80, 0x00, 0xe8, 0xff, 0x80, 0x00, 0xe8, 0xff, 0x80, 0x00, 0xe8, 0xdf,
    0x80, 0x00, 0xe8, 0x8e, 0x80, 0x00, 0xe0, 0x20, 0x00, 0x00, 0x00, 0x00,
    0x00, 0x00, 0x00, 0x00, 0x00, 0x00, 0x00, 0x00, 0x00, 0x00, 0x00, 0x00,
    0x00, 0x00, 0x00, 0x00, 0x00, 0x00, 0x00, 0x00, 0x00, 0x00, 0x00, 0x00,
    0x00, 0x00, 0x00, 0x00, 0x00, 0x00, 0x00, 0x00, 0x00, 0x00, 0x00, 0x00,
    0x00, 0x00, 0x00, 0x00, 0x00, 0x00, 0x00, 0x00, 0x00, 0x00, 0x00, 0x00,
    0x00, 0x00, 0x00, 0x00, 0x00, 0x00, 0x00, 0x00, 0x00, 0x00, 0x00, 0x00,
    0x00, 0x00, 0x00, 0x00, 0x00, 0x00, 0x00, 0x00, 0x00, 0x00, 0x00, 0x00,
    0x00, 0x00, 0x00, 0x00, 0x00, 0x00, 0x00, 0x00, 0x00, 0x00, 0x00, 0x00,
    0x00, 0x00, 0x00, 0x00, 0x00, 0x00, 0x00, 0x00, 0x00, 0x00, 0x00, 0x00,
    0x00, 0x00, 0x00, 0x00, 0x00, 0x00, 0x00, 0x00, 0x00, 0x00, 0x00, 0x00,
    0x80, 0x00, 0xe8, 0x41, 0x80, 0x00, 0xe8, 0xbe, 0x80, 0x00, 0xe8, 0xff,
    0x78, 0x00, 0xe0, 0xff, 0x80, 0x00, 0xe8, 0xff, 0x80, 0x00, 0xe8, 0xff,
    0x78, 0x00, 0xe0, 0xff, 0x80, 0x00, 0xe8, 0xff, 0x80, 0x00, 0xe8, 0xff,
    0x78, 0x00, 0xe8, 0xff, 0x80, 0x00, 0xe0, 0xff, 0x80, 0x00, 0xe8, 0xff,
    0x78, 0x00, 0xe8, 0xff, 0x80, 0x00, 0xe0, 0xff, 0x80, 0x00, 0xe8, 0xff,
    0x78, 0x00, 0xe8, 0xff, 0x80, 0x00, 0xe0, 0xff, 0x80, 0x00, 0xe8, 0xff,
    0x78, 0x00, 0xe8, 0xff, 0x80, 0x00, 0xe0, 0xff, 0x80, 0x00, 0xe8, 0xff,
    0x78, 0x00, 0xe8, 0xff, 0x80, 0x00, 0xe0, 0xff, 0x80, 0x00, 0xe8, 0xff,
    0x78, 0x00, 0xe8, 0xff, 0x80, 0x00, 0xe0, 0xff, 0x80, 0x00, 0xe8, 0xff,
    0x78, 0x00, 0xe8, 0xff, 0x80, 0x00, 0xe0, 0xff, 0x80, 0x00, 0xe8, 0xff,
    0x78, 0x00, 0xe8, 0xff, 0x80, 0x00, 0xe0, 0xff, 0x80, 0x00, 0xe8, 0xff,
    0x78, 0x00, 0xe8, 0xff, 0x80, 0x00, 0xe0, 0xff, 0x80, 0x00, 0xe8, 0xff,
    0x78, 0x00, 0xe8, 0xff, 0x80, 0x00, 0xe0, 0xff, 0x80, 0x00, 0xe8, 0xff,
    0x78, 0x00, 0xe8, 0xff, 0x80, 0x00, 0xe0, 0xff, 0x80, 0x00, 0xe8, 0xff,
    0x78, 0x00, 0xe8, 0xff, 0x80, 0x00, 0xe0, 0xff, 0x80, 0x00, 0xe8, 0xff,
    0x78, 0x00, 0xe8, 0xff, 0x80, 0x00, 0xe0, 0xff, 0x80, 0x00, 0xe8, 0xff,
    0x78, 0x00, 0xe8, 0xff, 0x80, 0x00, 0xe0, 0xff, 0x80, 0x00, 0xe8, 0xff,
    0x78, 0x00, 0xe8, 0xff, 0x80, 0x00, 0xe0, 0xff, 0x80, 0x00, 0xe8, 0xff,
    0x78, 0x00, 0xe8, 0xff, 0x80, 0x00, 0xe0, 0xff, 0x80, 0x00, 0xe8, 0xff,
    0x78, 0x00, 0xe8, 0xff, 0x80, 0x00, 0xe0, 0xff, 0x80, 0x00, 0xe8, 0xff,
    0x78, 0x00, 0xe8, 0xff, 0x80, 0x00, 0xe0, 0xff, 0x80, 0x00, 0xe8, 0xff,
    0x78, 0x00, 0xe8, 0xff, 0x80, 0x00, 0xe0, 0xff, 0x80, 0x00, 0xe8, 0xff,
    0x78, 0x00, 0xe8, 0xff, 0x80, 0x00, 0xe0, 0xff, 0x80, 0x00, 0xe8, 0xff,
    0x78, 0x00, 0xe8, 0xff, 0x80, 0x00, 0xe0, 0xff, 0x80, 0x00, 0xe8, 0xff,
    0x78, 0x00, 0xe8, 0xff, 0x80, 0x00, 0xe0, 0xff, 0x80, 0x00, 0xe8, 0xff,
    0x78, 0x00, 0xe8, 0xff, 0x80, 0x00, 0xe0, 0xff, 0x80, 0x00, 0xe8, 0xff,
    0x78, 0x00, 0xe8, 0xff, 0x80, 0x00, 0xe0, 0xff, 0x80, 0x00, 0xe8, 0xff,
    0x78, 0x00, 0xe8, 0xff, 0x80, 0x00, 0xe0, 0xff, 0x80, 0x00, 0xe8, 0xff,
    0x78, 0x00, 0xe8, 0xff, 0x80, 0x00, 0xe0, 0xff, 0x80, 0x00, 0xe8, 0xff,
    0x78, 0x00, 0xe8, 0xff, 0x80, 0x00, 0xe0, 0xff, 0x80, 0x00, 0xe8, 0xff,
    0x78, 0x00, 0xe8, 0xff, 0x80, 0x00, 0xe0, 0xff, 0x80, 0x00, 0xe8, 0xff,
    0x78, 0x00, 0xe8, 0xff, 0x80, 0x00, 0xe0, 0xff, 0x80, 0x00, 0xe8, 0xff,
    0x78, 0x00, 0xe8, 0xff, 0x80, 0x00, 0xe0, 0xff, 0x80, 0x00, 0xe8, 0xff,
    0x78, 0x00, 0xe8, 0xff, 0x80, 0x00, 0xe0, 0xff, 0x80, 0x00, 0xe8, 0xff,
    0x78, 0x00, 0xe8, 0xff, 0x80, 0x00, 0xe0, 0xff, 0x80, 0x00, 0xe8, 0xff,
    0x78, 0x00, 0xe8, 0xff, 0x80, 0x00, 0xe0, 0xff, 0x80, 0x00, 0xe8, 0xff,
    0x78, 0x00, 0xe8, 0xff, 0x80, 0x00, 0xe0, 0xff, 0x80, 0x00, 0xe8, 0xff,
    0x78, 0x00, 0xe8, 0xff, 0x80, 0x00, 0xe0, 0xff, 0x80, 0x00, 0xe8, 0xff,
    0x78, 0x00, 0xe8, 0xff, 0x80, 0x00, 0xe0, 0xff, 0x80, 0x00, 0xe8, 0xff,
    0x78, 0x00, 0xe8, 0xff, 0x80, 0x00, 0xe0, 0xff, 0x80, 0x00, 0xe8, 0xff,
    0x78, 0x00, 0xe8, 0xff, 0x80, 0x00, 0xe0, 0xff, 0x80, 0x00, 0xe8, 0xff,
    0x78, 0x00, 0xe8, 0xff, 0x80, 0x00, 0xe0, 0xff, 0x80, 0x00, 0xe8, 0xff,
    0x78, 0x00, 0xe8, 0xff, 0x80, 0x00, 0xe0, 0xff, 0x80, 0x00, 0xe8, 0xff,
    0x78, 0x00, 0xe8, 0xff, 0x80, 0x00, 0xe0, 0xff, 0x80, 0x00, 0xe8, 0xff,
    0x78, 0x00, 0xe8, 0xff, 0x80, 0x00, 0xe0, 0xff, 0x80, 0x00, 0xe8, 0xff,
    0x78, 0x00, 0xe8, 0xff, 0x80, 0x00, 0xe0, 0xff, 0x80, 0x00, 0xe8, 0xff,
    0x78, 0x00, 0xe8, 0xff, 0x80, 0x00, 0xe0, 0xff, 0x80, 0x00, 0xe8, 0xff,
    0x80, 0x00, 0xe8, 0xff, 0x78, 0x00, 0xe0, 0xff, 0x80, 0x00, 0xe0, 0xff,
    0x80, 0x00, 0xe8, 0xff, 0x78, 0x00, 0xe8, 0xff, 0x80, 0x00, 0xe0, 0xff,
    0x80, 0x00, 0xe8, 0x9e, 0x80, 0x00, 0xe0, 0x20, 0x00, 0x00, 0x00, 0x00,
    0x00, 0x00, 0x00, 0x00, 0x00, 0x00, 0x00, 0x00, 0x00, 0x00, 0x00, 0x00,
    0x00, 0x00, 0x00, 0x00, 0x00, 0x00, 0x00, 0x00, 0x00, 0x00, 0x00, 0x00,
    0x00, 0x00, 0x00, 0x00, 0x00, 0x00, 0x00, 0x00, 0x00, 0x00, 0x00, 0x00,
    0x00, 0x00, 0x00, 0x00, 0x00, 0x00, 0x00, 0x00, 0x00, 0x00, 0x00, 0x00,
    0x00, 0x00, 0x00, 0x00, 0x00, 0x00, 0x00, 0x00, 0x00, 0x00, 0x00, 0x00,
    0x00, 0x00, 0x00, 0x00, 0x00, 0x00, 0x00, 0x00, 0x00, 0x00, 0x00, 0x00,
    0x00, 0x00, 0x00, 0x00, 0x00, 0x00, 0x00, 0x00, 0x00, 0x00, 0x00, 0x00,
    0x00, 0x00, 0x00, 0x00, 0x00, 0x00, 0x00, 0x00, 0x80, 0x00, 0xe8, 0x20,
    0x80, 0x00, 0xe8, 0xae, 0x80, 0x00, 0xe8, 0xff, 0x80, 0x00, 0xe8, 0xff,
    0x80, 0x00, 0xe8, 0xff, 0x78, 0x00, 0xe0, 0xff, 0x80, 0x00, 0xe8, 0xff,
    0x80, 0x00, 0xe8, 0xff, 0x80, 0x00, 0xe8, 0xff, 0x80, 0x00, 0xe8, 0xff,
    0x80, 0x00, 0xe0, 0xff, 0x80, 0x00, 0xe8, 0xff, 0x80, 0x00, 0xe8, 0xff,
    0x80, 0x00, 0xe8, 0xff, 0x80, 0x00, 0xe8, 0xff, 0x80, 0x00, 0xe8, 0xff,
    0x80, 0x00, 0xe8, 0xff, 0x80, 0x00, 0xe8, 0xff, 0x80, 0x00, 0xe8, 0xff,
    0x80, 0x00, 0xe8, 0xff, 0x80, 0x00, 0xe8, 0xff, 0x80, 0x00, 0xe8, 0xff,
    0x80, 0x00, 0xe8, 0xff, 0x80, 0x00, 0xe8, 0xff, 0x80, 0x00, 0xe8, 0xff,
    0x80, 0x00, 0xe8, 0xff, 0x80, 0x00, 0xe8, 0xff, 0x80, 0x00, 0xe8, 0xff,
    0x80, 0x00, 0xe8, 0xff, 0x80, 0x00, 0xe8, 0xff, 0x80, 0x00, 0xe8, 0xff,
    0x80, 0x00, 0xe8, 0xff, 0x80, 0x00, 0xe8, 0xff, 0x80, 0x00, 0xe8, 0xff,
    0x80, 0x00, 0xe8, 0xff, 0x80, 0x00, 0xe8, 0xff, 0x80, 0x00, 0xe8, 0xff,
    0x80, 0x00, 0xe8, 0xff, 0x80, 0x00, 0xe8, 0xff, 0x80, 0x00, 0xe8, 0xff,
    0x80, 0x00, 0xe8, 0xff, 0x80, 0x00, 0xe8, 0xff, 0x80, 0x00, 0xe8, 0xff,
    0x80, 0x00, 0xe8, 0xff, 0x80, 0x00, 0xe8, 0xff, 0x80, 0x00, 0xe8, 0xff,
    0x80, 0x00, 0xe8, 0xff, 0x80, 0x00, 0xe8, 0xff, 0x80, 0x00, 0xe8, 0xff,
    0x80, 0x00, 0xe8, 0xff, 0x80, 0x00, 0xe8, 0xff, 0x80, 0x00, 0xe8, 0xff,
    0x80, 0x00, 0xe8, 0xff, 0x80, 0x00, 0xe8, 0xff, 0x80, 0x00, 0xe8, 0xff,
    0x80, 0x00, 0xe8, 0xff, 0x80, 0x00, 0xe8, 0xff, 0x80, 0x00, 0xe8, 0xff,
    0x80, 0x00, 0xe8, 0xff, 0x80, 0x00, 0xe8, 0xff, 0x80, 0x00, 0xe8, 0xff,
    0x80, 0x00, 0xe8, 0xff, 0x80, 0x00, 0xe8, 0xff, 0x80, 0x00, 0xe8, 0xff,
    0x80, 0x00, 0xe8, 0xff, 0x80, 0x00, 0xe8, 0xff, 0x80, 0x00, 0xe8, 0xff,
    0x80, 0x00, 0xe8, 0xff, 0x80, 0x00, 0xe8, 0xff, 0x80, 0x00, 0xe8, 0xff,
    0x80, 0x00, 0xe8, 0xff, 0x80, 0x00, 0xe8, 0xff, 0x80, 0x00, 0xe8, 0xff,
    0x80, 0x00, 0xe8, 0xff, 0x80, 0x00, 0xe8, 0xff, 0x80, 0x00, 0xe8, 0xff,
    0x80, 0x00, 0xe8, 0xff, 0x80, 0x00, 0xe8, 0xff, 0x80, 0x00, 0xe8, 0xff,
    0x80, 0x00, 0xe8, 0xff, 0x80, 0x00, 0xe8, 0xff, 0x80, 0x00, 0xe8, 0xff,
    0x80, 0x00, 0xe8, 0xff, 0x80, 0x00, 0xe8, 0xff, 0x80, 0x00, 0xe8, 0xff,
    0x80, 0x00, 0xe8, 0xff, 0x80, 0x00, 0xe8, 0xff, 0x80, 0x00, 0xe8, 0xff,
    0x80, 0x00, 0xe8, 0xff, 0x80, 0x00, 0xe8, 0xff, 0x80, 0x00, 0xe8, 0xff,
    0x80, 0x00, 0xe8, 0xff, 0x80, 0x00, 0xe8, 0xff, 0x80, 0x00, 0xe8, 0xff,
    0x80, 0x00, 0xe8, 0xff, 0x80, 0x00, 0xe8, 0xff, 0x80, 0x00, 0xe8, 0xff,
    0x80, 0x00, 0xe8, 0xff, 0x80, 0x00, 0xe8, 0xff, 0x80, 0x00, 0xe8, 0xff,
    0x80, 0x00, 0xe8, 0xff, 0x80, 0x00, 0xe8, 0xff, 0x80, 0x00, 0xe8, 0xff,
    0x80, 0x00, 0xe8, 0xff, 0x80, 0x00, 0xe8, 0xff, 0x80, 0x00, 0xe8, 0xff,
    0x80, 0x00, 0xe8, 0xff, 0x80, 0x00, 0xe8, 0xff, 0x80, 0x00, 0xe8, 0xff,
    0x80, 0x00, 0xe8, 0xff, 0x80, 0x00, 0xe8, 0xff, 0x80, 0x00, 0xe8, 0xff,
    0x80, 0x00, 0xe8, 0xff, 0x80, 0x00, 0xe8, 0xff, 0x80, 0x00, 0xe8, 0xff,
    0x80, 0x00, 0xe8, 0xff, 0x80, 0x00, 0xe8, 0xff, 0x80, 0x00, 0xe8, 0xff,
    0x80, 0x00, 0xe8, 0xff, 0x80, 0x00, 0xe8, 0xff, 0x80, 0x00, 0xe8, 0xff,
    0x80, 0x00, 0xe8, 0xff, 0x80, 0x00, 0xe8, 0xff, 0x80, 0x00, 0xe8, 0xff,
    0x80, 0x00, 0xe8, 0xff, 0x80, 0x00, 0xe8, 0xff, 0x80, 0x00, 0xe8, 0xff,
    0x80, 0x00, 0xe8, 0xff, 0x80, 0x00, 0xe8, 0xff, 0x80, 0x00, 0xe8, 0xff,
    0x80, 0x00, 0xe8, 0xff, 0x80, 0x00, 0xe8, 0xff, 0x80, 0x00, 0xe8, 0xff,
    0x80, 0x00, 0xe8, 0xff, 0x80, 0x00, 0xe8, 0xff, 0x80, 0x00, 0xe8, 0xff,
    0x80, 0x00, 0xe8, 0xff, 0x80, 0x00, 0xe8, 0xff, 0x80, 0x00, 0xe8, 0xff,
    0x80, 0x00, 0xe8, 0xff, 0x80, 0x00, 0xe8, 0xff, 0x80, 0x00, 0xe8, 0xff,
    0x78, 0x00, 0xe8, 0xff, 0x80, 0x00, 0xe8, 0xff, 0x80, 0x00, 0xe8, 0xff,
    0x78, 0x00, 0xe8, 0xff, 0x80, 0x00, 0xe0, 0xff, 0x80, 0x00, 0xe8, 0xff,
    0x80, 0x00, 0xe8, 0xff, 0x80, 0x00, 0xe8, 0xff, 0x80, 0x00, 0xe8, 0xff,
    0x80, 0x00, 0xe0, 0x9e, 0x80, 0x00, 0xe0, 0x20, 0x00, 0x00, 0x00, 0x00,
    0x00, 0x00, 0x00, 0x00, 0x00, 0x00, 0x00, 0x00, 0x00, 0x00, 0x00, 0x00,
    0x00, 0x00, 0x00, 0x00, 0x00, 0x00, 0x00, 0x00, 0x00, 0x00, 0x00, 0x00,
    0x00, 0x00, 0x00, 0x00, 0x00, 0x00, 0x00, 0x00, 0x00, 0x00, 0x00, 0x00,
    0x00, 0x00, 0x00, 0x00, 0x00, 0x00, 0x00, 0x00, 0x00, 0x00, 0x00, 0x00,
    0x00, 0x00, 0x00, 0x00, 0x00, 0x00, 0x00, 0x00, 0x00, 0x00, 0x00, 0x00,
    0x00, 0x00, 0x00, 0x00, 0x00, 0x00, 0x00, 0x00, 0x00, 0x00, 0x00, 0x00,
    0x00, 0x00, 0x00, 0x00, 0x00, 0x00, 0x00, 0x00, 0x80, 0x00, 0xe8, 0x71,
    0x80, 0x00, 0xe8, 0xef, 0x80, 0x00, 0xe0, 0xff, 0x78, 0x00, 0xe8, 0xff,
    0x80, 0x00, 0xe8, 0xff, 0x80, 0x00, 0xe0, 0xff, 0x80, 0x00, 0xe8, 0xff,
    0x78, 0x00, 0xe8, 0xff, 0x80, 0x00, 0xe0, 0xff, 0x80, 0x00, 0xe8, 0xff,
    0x78, 0x00, 0xe8, 0xff, 0x80, 0x00, 0xe0, 0xff, 0x78, 0x00, 0xe8, 0xff,
    0x80, 0x00, 0xe8, 0xff, 0x78, 0x00, 0xe0, 0xff, 0x80, 0x00, 0xe8, 0xff,
    0x78, 0x00, 0xe0, 0xff, 0x78, 0x00, 0xe8, 0xff, 0x80, 0x00, 0xe0, 0xff,
    0x78, 0x00, 0xe8, 0xff, 0x80, 0x00, 0xe0, 0xff, 0x78, 0x00, 0xe0, 0xff,
    0x78, 0x00, 0xe8, 0xff, 0x80, 0x00, 0xe0, 0xff, 0x78, 0x00, 0xe8, 0xff,
    0x80, 0x00, 0xe0, 0xff, 0x78, 0x00, 0xe0, 0xff, 0x80, 0x00, 0xe8, 0xff,
    0x78, 0x00, 0xe0, 0xff, 0x78, 0x00, 0xe8, 0xff, 0x80, 0x00, 0xe0, 0xff,
    0x78, 0x00, 0xe8, 0xff, 0x80, 0x00, 0xe0, 0xff, 0x78, 0x00, 0xe0, 0xff,
    0x78, 0x00, 0xe8, 0xff, 0x80, 0x00, 0xe0, 0xff, 0x78, 0x00, 0xe8, 0xff,
    0x80, 0x00, 0xe0, 0xff, 0x78, 0x00, 0xe0, 0xff, 0x80, 0x00, 0xe8, 0xff,
    0x78, 0x00, 0xe0, 0xff, 0x78, 0x00, 0xe8, 0xff, 0x80, 0x00, 0xe0, 0xff,
    0x78, 0x00, 0xe8, 0xff, 0x80, 0x00, 0xe0, 0xff, 0x78, 0x00, 0xe0, 0xff,
    0x78, 0x00, 0xe8, 0xff, 0x80, 0x00, 0xe0, 0xff, 0x78, 0x00, 0xe8, 0xff,
    0x80, 0x00, 0xe0, 0xff, 0x78, 0x00, 0xe0, 0xff, 0x80, 0x00, 0xe8, 0xff,
    0x78, 0x00, 0xe0, 0xff, 0x78, 0x00, 0xe8, 0xff, 0x80, 0x00, 0xe0, 0xff,
    0x78, 0x00, 0xe8, 0xff, 0x80, 0x00, 0xe0, 0xff, 0x78, 0x00, 0xe0, 0xff,
    0x78, 0x00, 0xe8, 0xff, 0x80, 0x00, 0xe0, 0xff, 0x78, 0x00, 0xe8, 0xff,
    0x80, 0x00, 0xe0, 0xff, 0x78, 0x00, 0xe0, 0xff, 0x80, 0x00, 0xe8, 0xff,
    0x78, 0x00, 0xe0, 0xff, 0x78, 0x00, 0xe8, 0xff, 0x80, 0x00, 0xe0, 0xff,
    0x78, 0x00, 0xe8, 0xff, 0x80, 0x00, 0xe0, 0xff, 0x78, 0x00, 0xe0, 0xff,
    0x78, 0x00, 0xe8, 0xff, 0x80, 0x00, 0xe0, 0xff, 0x78, 0x00, 0xe8, 0xff,
    0x80, 0x00, 0xe0, 0xff, 0x78, 0x00, 0xe0, 0xff, 0x80, 0x00, 0xe8, 0xff,
    0x78, 0x00, 0xe0, 0xff, 0x78, 0x00, 0xe8, 0xff, 0x80, 0x00, 0xe0, 0xff,
    0x78, 0x00, 0xe8, 0xff, 0x80, 0x00, 0xe0, 0xff, 0x78, 0x00, 0xe0, 0xff,
    0x78, 0x00, 0xe8, 0xff, 0x80, 0x00, 0xe0, 0xff, 0x78, 0x00, 0xe8, 0xff,
    0x80, 0x00, 0xe0, 0xff, 0x78, 0x00, 0xe0, 0xff, 0x80, 0x00, 0xe8, 0xff,
    0x78, 0x00, 0xe0, 0xff, 0x78, 0x00, 0xe8, 0xff, 0x80, 0x00, 0xe0, 0xff,
    0x78, 0x00, 0xe8, 0xff, 0x80, 0x00, 0xe0, 0xff, 0x78, 0x00, 0xe0, 0xff,
    0x78, 0x00, 0xe8, 0xff, 0x80, 0x00, 0xe0, 0xff, 0x78, 0x00, 0xe8, 0xff,
    0x80, 0x00, 0xe0, 0xff, 0x78, 0x00, 0xe0, 0xff, 0x80, 0x00, 0xe8, 0xff,
    0x78, 0x00, 0xe0, 0xff, 0x78, 0x00, 0xe8, 0xff, 0x80, 0x00, 0xe0, 0xff,
    0x78, 0x00, 0xe8, 0xff, 0x80, 0x00, 0xe0, 0xff, 0x78, 0x00, 0xe0, 0xff,
    0x78, 0x00, 0xe8, 0xff, 0x80, 0x00, 0xe0, 0xff, 0x78, 0x00, 0xe8, 0xff,
    0x80, 0x00, 0xe0, 0xff, 0x78, 0x00, 0xe0, 0xff, 0x80, 0x00, 0xe8, 0xff,
    0x78, 0x00, 0xe0, 0xff, 0x78, 0x00, 0xe8, 0xff, 0x80, 0x00, 0xe0, 0xff,
    0x78, 0x00, 0xe8, 0xff, 0x80, 0x00, 0xe0, 0xff, 0x78, 0x00, 0xe0, 0xff,
    0x78, 0x00, 0xe8, 0xff, 0x80, 0x00, 0xe0, 0xff, 0x78, 0x00, 0xe8, 0xff,
    0x80, 0x00, 0xe0, 0xff, 0x78, 0x00, 0xe0, 0xff, 0x80, 0x00, 0xe8, 0xff,
    0x78, 0x00, 0xe0, 0xff, 0x78, 0x00, 0xe8, 0xff, 0x80, 0x00, 0xe0, 0xff,
    0x78, 0x00, 0xe8, 0xff, 0x80, 0x00, 0xe0, 0xff, 0x78, 0x00, 0xe0, 0xff,
    0x78, 0x00, 0xe8, 0xff, 0x80, 0x00, 0xe0, 0xff, 0x78, 0x00, 0xe8, 0xff,
    0x80, 0x00, 0xe0, 0xff, 0x78, 0x00, 0xe0, 0xff, 0x80, 0x00, 0xe8, 0xff,
    0x78, 0x00, 0xe0, 0xff, 0x78, 0x00, 0xe8, 0xff, 0x80, 0x00, 0xe0, 0xff,
    0x78, 0x00, 0xe8, 0xff, 0x80, 0x00, 0xe0, 0xff, 0x80, 0x00, 0xe8, 0xff,
    0x78, 0x00, 0xe0, 0xff, 0x80, 0x00, 0xe0, 0xff, 0x80, 0x00, 0xe8, 0xff,
    0x80, 0x00, 0xe8, 0xff, 0x80, 0x00, 0xe8, 0xff, 0x80, 0x00, 0xe8, 0xff,
    0x78, 0x00, 0xe0, 0xff, 0x80, 0x00, 0xe8, 0xff, 0x78, 0x00, 0xe8, 0xff,
    0x80, 0x00, 0xe0, 0xff, 0x80, 0x00, 0xe8, 0xff, 0x78, 0x00, 0xe8, 0xdf,
    0x80, 0x00, 0xe8, 0x5d, 0x00, 0x00, 0x00, 0x00, 0x00, 0x00, 0x00, 0x00,
    0x00, 0x00, 0x00, 0x00, 0x00, 0x00, 0x00, 0x00, 0x00, 0x00, 0x00, 0x00,
    0x00, 0x00, 0x00, 0x00, 0x00, 0x00, 0x00, 0x00, 0x00, 0x00, 0x00, 0x00,
    0x00, 0x00, 0x00, 0x00, 0x00, 0x00, 0x00, 0x00, 0x00, 0x00, 0x00, 0x00,
    0x00, 0x00, 0x00, 0x00, 0x00, 0x00, 0x00, 0x00, 0x00, 0x00, 0x00, 0x00,
    0x00, 0x00, 0x00, 0x00, 0x00, 0x00, 0x00, 0x00, 0x00, 0x00, 0x00, 0x00,
    0x00, 0x00, 0x00, 0x00, 0x00, 0x00, 0x00, 0x00, 0x80, 0x00, 0xe0, 0x8e,
    0x80, 0x00, 0xe8, 0xff, 0x78, 0x00, 0xe8, 0xff, 0x80, 0x00, 0xe0, 0xff,
    0x80, 0x00, 0xe8, 0xff, 0x78, 0x00, 0xe8, 0xff, 0x80, 0x00, 0xe8, 0xff,
    0x80, 0x00, 0xe8, 0xff, 0x80, 0x00, 0xe8, 0xff, 0x78, 0x00, 0xe0, 0xff,
    0x80, 0x00, 0xe8, 0xff, 0x80, 0x00, 0xe8, 0xff, 0x78, 0x00, 0xe8, 0xff,
    0x80, 0x00, 0xe8, 0xff, 0x80, 0x00, 0xe0, 0xff, 0x80, 0x00, 0xe8, 0xff,
    0x80, 0x00, 0xe8, 0xff, 0x80, 0x00, 0xe8, 0xff, 0x80, 0x00, 0xe0, 0xff,
    0x80, 0x00, 0xe8, 0xff, 0x80, 0x00, 0xe8, 0xff, 0x80, 0x00, 0xe8, 0xff,
    0x80, 0x00, 0xe8, 0xff, 0x80, 0x00, 0xe8, 0xff, 0x80, 0x00, 0xe8, 0xff,
    0x80, 0x00, 0xe8, 0xff, 0x78, 0x00, 0xe8, 0xff, 0x80, 0x00, 0xe8, 0xff,
    0x80, 0x00, 0xe8, 0xff, 0x80, 0x00, 0xe8, 0xff, 0x80, 0x00, 0xe0, 0xff,
    0x80, 0x00, 0xe8, 0xff, 0x80, 0x00, 0xe8, 0xff, 0x80, 0x00, 0xe8, 0xff,
    0x80, 0x00, 0xe8, 0xff, 0x80, 0x00, 0xe8, 0xff, 0x80, 0x00, 0xe8, 0xff,
    0x80, 0x00, 0xe8, 0xff, 0x78, 0x00, 0xe8, 0xff, 0x80, 0x00, 0xe8, 0xff,
    0x80, 0x00, 0xe8, 0xff, 0x80, 0x00, 0xe8, 0xff, 0x80, 0x00, 0xe0, 0xff,
    0x80, 0x00, 0xe8, 0xff, 0x80, 0x00, 0xe8, 0xff, 0x80, 0x00, 0xe8, 0xff,
    0x80, 0x00, 0xe8, 0xff, 0x80, 0x00, 0xe8, 0xff, 0x80, 0x00, 0xe8, 0xff,
    0x80, 0x00, 0xe8, 0xff, 0x78, 0x00, 0xe8, 0xff, 0x80, 0x00, 0xe8, 0xff,
    0x80, 0x00, 0xe8, 0xff, 0x80, 0x00, 0xe8, 0xff, 0x80, 0x00, 0xe0, 0xff,
    0x80, 0x00, 0xe8, 0xff, 0x80, 0x00, 0xe8, 0xff, 0x80, 0x00, 0xe8, 0xff,
    0x80, 0x00, 0xe8, 0xff, 0x80, 0x00, 0xe8, 0xff, 0x80, 0x00, 0xe8, 0xff,
    0x80, 0x00, 0xe8, 0xff, 0x78, 0x00, 0xe8, 0xff, 0x80, 0x00, 0xe8, 0xff,
    0x80, 0x00, 0xe8, 0xff, 0x80, 0x00, 0xe8, 0xff, 0x80, 0x00, 0xe0, 0xff,
    0x80, 0x00, 0xe8, 0xff, 0x80, 0x00, 0xe8, 0xff, 0x80, 0x00, 0xe8, 0xff,
    0x80, 0x00, 0xe8, 0xff, 0x80, 0x00, 0xe8, 0xff, 0x80, 0x00, 0xe8, 0xff,
    0x80, 0x00, 0xe8, 0xff, 0x78, 0x00, 0xe8, 0xff, 0x80, 0x00, 0xe8, 0xff,
    0x80, 0x00, 0xe8, 0xff, 0x80, 0x00, 0xe8, 0xff, 0x80, 0x00, 0xe0, 0xff,
    0x80, 0x00, 0xe8, 0xff, 0x80, 0x00, 0xe8, 0xff, 0x80, 0x00, 0xe8, 0xff,
    0x80, 0x00, 0xe8, 0xff, 0x80, 0x00, 0xe8, 0xff, 0x80, 0x00, 0xe8, 0xff,
    0x80, 0x00, 0xe8, 0xff, 0x78, 0x00, 0xe8, 0xff, 0x80, 0x00, 0xe8, 0xff,
    0x80, 0x00, 0xe8, 0xff, 0x80, 0x00, 0xe8, 0xff, 0x80, 0x00, 0xe0, 0xff,
    0x80, 0x00, 0xe8, 0xff, 0x80, 0x00, 0xe8, 0xff, 0x80, 0x00, 0xe8, 0xff,
    0x80, 0x00, 0xe8, 0xff, 0x80, 0x00, 0xe8, 0xff, 0x80, 0x00, 0xe8, 0xff,
    0x80, 0x00, 0xe8, 0xff, 0x78, 0x00, 0xe8, 0xff, 0x80, 0x00, 0xe8, 0xff,
    0x80, 0x00, 0xe8, 0xff, 0x80, 0x00, 0xe8, 0xff, 0x80, 0x00, 0xe0, 0xff,
    0x80, 0x00, 0xe8, 0xff, 0x80, 0x00, 0xe8, 0xff, 0x80, 0x00, 0xe8, 0xff,
    0x80, 0x00, 0xe8, 0xff, 0x80, 0x00, 0xe8, 0xff, 0x80, 0x00, 0xe8, 0xff,
    0x80, 0x00, 0xe8, 0xff, 0x78, 0x00, 0xe8, 0xff, 0x80, 0x00, 0xe8, 0xff,
    0x80, 0x00, 0xe8, 0xff, 0x80, 0x00, 0xe8, 0xff, 0x80, 0x00, 0xe0, 0xff,
    0x80, 0x00, 0xe8, 0xff, 0x80, 0x00, 0xe8, 0xff, 0x80, 0x00, 0xe8, 0xff,
    0x80, 0x00, 0xe8, 0xff, 0x80, 0x00, 0xe8, 0xff, 0x80, 0x00, 0xe8, 0xff,
    0x80, 0x00, 0xe8, 0xff, 0x78, 0x00, 0xe8, 0xff, 0x80, 0x00, 0xe8, 0xff,
    0x80, 0x00, 0xe8, 0xff, 0x80, 0x00, 0xe8, 0xff, 0x80, 0x00, 0xe0, 0xff,
    0x80, 0x00, 0xe8, 0xff, 0x80, 0x00, 0xe8, 0xff, 0x80, 0x00, 0xe8, 0xff,
    0x80, 0x00, 0xe8, 0xff, 0x80, 0x00, 0xe8, 0xff, 0x80, 0x00, 0xe8, 0xff,
    0x80, 0x00, 0xe8, 0xff, 0x78, 0x00, 0xe8, 0xff, 0x80, 0x00, 0xe8, 0xff,
    0x80, 0x00, 0xe8, 0xff, 0x80, 0x00, 0xe8, 0xff, 0x80, 0x00, 0xe0, 0xff,
    0x80, 0x00, 0xe8, 0xff, 0x80, 0x00, 0xe8, 0xff, 0x78, 0x00, 0xe8, 0xff,
    0x80, 0x00, 0xe8, 0xff, 0x80, 0x00, 0xe8, 0xff, 0x80, 0x00, 0xe8, 0xff,
    0x78, 0x00, 0xe0, 0xff, 0x80, 0x00, 0xe8, 0xff, 0x80, 0x00, 0xe8, 0xff,
    0x78, 0x00, 0xe0, 0xff, 0x80, 0x00, 0xe8, 0xff, 0x80, 0x00, 0xe8, 0xff,
    0x78, 0x00, 0xe8, 0xff, 0x80, 0x00, 0xe8, 0xff, 0x80, 0x00, 0xe8, 0xff,
    0x80, 0x00, 0xe8, 0xff, 0x80, 0x00, 0xe8, 0xff, 0x80, 0x00, 0xe8, 0x8e,
    0x00, 0x00, 0x00, 0x00, 0x00, 0x00, 0x00, 0x00, 0x00, 0x00, 0x00, 0x00,
    0x00, 0x00, 0x00, 0x00, 0x00, 0x00, 0x00, 0x00, 0x00, 0x00, 0x00, 0x00,
    0x00, 0x00, 0x00, 0x00, 0x00, 0x00, 0x00, 0x00, 0x00, 0x00, 0x00, 0x00,
    0x00, 0x00, 0x00, 0x00, 0x00, 0x00, 0x00, 0x00, 0x00, 0x00, 0x00, 0x00,
    0x00, 0x00, 0x00, 0x00, 0x00, 0x00, 0x00, 0x00, 0x00, 0x00, 0x00, 0x00,
    0x00, 0x00, 0x00, 0x00, 0x80, 0x00, 0xe0, 0x10, 0x80, 0x00, 0xe8, 0xcf,
    0x80, 0x00, 0xe8, 0xff, 0x78, 0x00, 0xe8, 0xff, 0x80, 0x00, 0xe8, 0xff,
    0x80, 0x00, 0xe8, 0xff, 0x80, 0x00, 0xe0, 0xff, 0x80, 0x00, 0xe8, 0xff,
    0x78, 0x00, 0xe8, 0xff, 0x80, 0x00, 0xe0, 0xff, 0x80, 0x00, 0xe8, 0xff,
    0x80, 0x00, 0xe8, 0xff, 0x80, 0x00, 0xe8, 0xff, 0x80, 0x00, 0xe0, 0xff,
    0x80, 0x00, 0xe8, 0xff, 0x80, 0x00, 0xe8, 0xff, 0x78, 0x00, 0xe8, 0xff,
    0x80, 0x00, 0xe8, 0xff, 0x80, 0x00, 0xe8, 0xff, 0x78, 0x00, 0xe8, 0xff,
    0x80, 0x00, 0xe8, 0xff, 0x80, 0x00, 0xe8, 0xff, 0x78, 0x00, 0xe8, 0xff,
    0x80, 0x00, 0xe0, 0xff, 0x80, 0x00, 0xe8, 0xff, 0x78, 0x00, 0xe8, 0xff,
    0x80, 0x00, 0xe0, 0xff, 0x80, 0x00, 0xe8, 0xff, 0x80, 0x00, 0xe8, 0xff,
    0x80, 0x00, 0xe0, 0xff, 0x80, 0x00, 0xe8, 0xff, 0x80, 0x00, 0xe8, 0xff,
    0x78, 0x00, 0xe8, 0xff, 0x80, 0x00, 0xe8, 0xff, 0x80, 0x00, 0xe8, 0xff,
    0x78, 0x00, 0xe8, 0xff, 0x80, 0x00, 0xe0, 0xff, 0x80, 0x00, 0xe8, 0xff,
    0x80, 0x00, 0xe8, 0xff, 0x80, 0x00, 0xe0, 0xff, 0x80, 0x00, 0xe8, 0xff,
    0x80, 0x00, 0xe8, 0xff, 0x80, 0x00, 0xe8, 0xff, 0x78, 0x00, 0xe8, 0xff,
    0x80, 0x00, 0xe8, 0xff, 0x80, 0x00, 0xe8, 0xff, 0x78, 0x00, 0xe8, 0xff,
    0x80, 0x00, 0xe0, 0xff, 0x80, 0x00, 0xe8, 0xff, 0x78, 0x00, 0xe8, 0xff,
    0x80, 0x00, 0xe0, 0xff, 0x80, 0x00, 0xe8, 0xff, 0x80, 0x00, 0xe8, 0xff,
    0x80, 0x00, 0xe0, 0xff, 0x80, 0x00, 0xe8, 0xff, 0x80, 0x00, 0xe8, 0xff,
    0x78, 0x00, 0xe8, 0xff, 0x80, 0x00, 0xe8, 0xff, 0x80, 0x00, 0xe8, 0xff,
    0x78, 0x00, 0xe8, 0xff, 0x80, 0x00, 0xe0, 0xff, 0x80, 0x00, 0xe8, 0xff,
    0x80, 0x00, 0xe8, 0xff, 0x80, 0x00, 0xe0, 0xff, 0x80, 0x00, 0xe8, 0xff,
    0x80, 0x00, 0xe8, 0xff, 0x80, 0x00, 0xe8, 0xff, 0x78, 0x00, 0xe8, 0xff,
    0x80, 0x00, 0xe8, 0xff, 0x80, 0x00, 0xe8, 0xff, 0x78, 0x00, 0xe8, 0xff,
    0x80, 0x00, 0xe0, 0xff, 0x80, 0x00, 0xe8, 0xff, 0x78, 0x00, 0xe8, 0xff,
    0x80, 0x00, 0xe0, 0xff, 0x80, 0x00, 0xe8, 0xff, 0x80, 0x00, 0xe8, 0xff,
    0x80, 0x00, 0xe0, 0xff, 0x80, 0x00, 0xe8, 0xff, 0x80, 0x00, 0xe8, 0xff,
    0x78, 0x00, 0xe8, 0xff, 0x80, 0x00, 0xe8, 0xff, 0x80, 0x00, 0xe8, 0xff,
    0x78, 0x00, 0xe8, 0xff, 0x80, 0x00, 0xe0, 0xff, 0x80, 0x00, 0xe8, 0xff,
    0x80, 0x00, 0xe8, 0xff, 0x80, 0x00, 0xe0, 0xff, 0x80, 0x00, 0xe8, 0xff,
    0x80, 0x00, 0xe8, 0xff, 0x80, 0x00, 0xe8, 0xff, 0x78, 0x00, 0xe8, 0xff,
    0x80, 0x00, 0xe8, 0xff, 0x80, 0x00, 0xe8, 0xff, 0x78, 0x00, 0xe8, 0xff,
    0x80, 0x00, 0xe0, 0xff, 0x80, 0x00, 0xe8, 0xff, 0x78, 0x00, 0xe8, 0xff,
    0x80, 0x00, 0xe0, 0xff, 0x80, 0x00, 0xe8, 0xff, 0x80, 0x00, 0xe8, 0xff,
    0x80, 0x00, 0xe0, 0xff, 0x80, 0x00, 0xe8, 0xff, 0x80, 0x00, 0xe8, 0xff,
    0x78, 0x00, 0xe8, 0xff, 0x80, 0x00, 0xe8, 0xff, 0x80, 0x00, 0xe8, 0xff,
    0x78, 0x00, 0xe8, 0xff, 0x80, 0x00, 0xe0, 0xff, 0x80, 0x00, 0xe8, 0xff,
    0x80, 0x00, 0xe8, 0xff, 0x80, 0x00, 0xe0, 0xff, 0x80, 0x00, 0xe8, 0xff,
    0x80, 0x00, 0xe8, 0xff, 0x80, 0x00, 0xe8, 0xff, 0x78, 0x00, 0xe8, 0xff,
    0x80, 0x00, 0xe8, 0xff, 0x80, 0x00, 0xe8, 0xff, 0x78, 0x00, 0xe8, 0xff,
    0x80, 0x00, 0xe0, 0xff, 0x80, 0x00, 0xe8, 0xff, 0x78, 0x00, 0xe8, 0xff,
    0x80, 0x00, 0xe0, 0xff, 0x80, 0x00, 0xe8, 0xff, 0x80, 0x00, 0xe8, 0xff,
    0x80, 0x00, 0xe0, 0xff, 0x80, 0x00, 0xe8, 0xff, 0x80, 0x00, 0xe8, 0xff,
    0x78, 0x00, 0xe8, 0xff, 0x80, 0x00, 0xe8, 0xff, 0x80, 0x00, 0xe8, 0xff,
    0x78, 0x00, 0xe8, 0xff, 0x80, 0x00, 0xe0, 0xff, 0x80, 0x00, 0xe8, 0xff,
    0x80, 0x00, 0xe8, 0xff, 0x80, 0x00, 0xe0, 0xff, 0x80, 0x00, 0xe8, 0xff,
    0x80, 0x00, 0xe8, 0xff, 0x80, 0x00, 0xe8, 0xff, 0x78, 0x00, 0xe8, 0xff,
    0x80, 0x00, 0xe8, 0xff, 0x80, 0x00, 0xe8, 0xff, 0x80, 0x00, 0xe0, 0xff,
    0x80, 0x00, 0xe8, 0xff, 0x78, 0x00, 0xe8, 0xff, 0x80, 0x00, 0xe8, 0xff,
    0x80, 0x00, 0xe8, 0xff, 0x78, 0x00, 0xe8, 0xff, 0x80, 0x00, 0xe0, 0xff,
    0x80, 0x00, 0xe8, 0xff, 0x80, 0x00, 0xe8, 0xff, 0x80, 0x00, 0xe8, 0xff,
    0x80, 0x00, 0xe0, 0xff, 0x80, 0x00, 0xe8, 0xff, 0x78, 0x00, 0xe0, 0xff,
    0x80, 0x00, 0xe8, 0xff, 0x80, 0x00, 0xe0, 0xff, 0x80, 0x00, 0xe0, 0xff,
    0x80, 0x00, 0xe8, 0xff, 0x80, 0x00, 0xe0, 0xcf, 0x80, 0x00, 0xe0, 0x10,
    0x00, 0x00, 0x00, 0x00, 0x00, 0x00, 0x00, 0x00, 0x00, 0x00, 0x00, 0x00,
    0x00, 0x00, 0x00, 0x00, 0x00, 0x00, 0x00, 0x00, 0x00, 0x00, 0x00, 0x00,
    0x00, 0x00, 0x00, 0x00, 0x00, 0x00, 0x00, 0x00, 0x00, 0x00, 0x00, 0x00,
    0x00, 0x00, 0x00, 0x00, 0x00, 0x00, 0x00, 0x00, 0x00, 0x00, 0x00, 0x00,
    0x00, 0x00, 0x00, 0x00, 0x80, 0x00, 0xe0, 0x10, 0x80, 0x00, 0xe0, 0xcf,
    0x80, 0x00, 0xe8, 0xff, 0x78, 0x00, 0xe8, 0xff, 0x80, 0x00, 0xe0, 0xff,
    0x80, 0x00, 0xe8, 0xff, 0x78, 0x00, 0xe8, 0xff, 0x80, 0x00, 0xe8, 0xff,
    0x80, 0x00, 0xe0, 0xff, 0x80, 0x00, 0xe8, 0xff, 0x78, 0x00, 0xe8, 0xff,
    0x80, 0x00, 0xe0, 0xff, 0x80, 0x00, 0xe8, 0xff, 0x78, 0x00, 0xe8, 0xff,
    0x80, 0x00, 0xe8, 0xff, 0x80, 0x00, 0xe0, 0xff, 0x78, 0x00, 0xe8, 0xff,
    0x80, 0x00, 0xe8, 0xff, 0x80, 0x00, 0xe0, 0xff, 0x78, 0x00, 0xe0, 0xff,
    0x80, 0x00, 0xe8, 0xff, 0x80, 0x00, 0xe8, 0xff, 0x78, 0x00, 0xe0, 0xff,
    0x80, 0x00, 0xe8, 0xff, 0x80, 0x00, 0xe8, 0xff, 0x78, 0x00, 0xe0, 0xff,
    0x80, 0x00, 0xe8, 0xff, 0x80, 0x00, 0xe8, 0xff, 0x78, 0x00, 0xe0, 0xff,
    0x80, 0x00, 0xe8, 0xff, 0x78, 0x00, 0xe8, 0xff, 0x80, 0x00, 0xe0, 0xff,
    0x80, 0x00, 0xe8, 0xff, 0x78, 0x00, 0xe8, 0xff, 0x80, 0x00, 0xe0, 0xff,
    0x80, 0x00, 0xe8, 0xff, 0x78, 0x00, 0xe0, 0xff, 0x80, 0x00, 0xe8, 0xff,
    0x78, 0x00, 0xe8, 0xff, 0x78, 0x00, 0xe0, 0xff, 0x80, 0x00, 0xe8, 0xff,
    0x80, 0x00, 0xe8, 0xff, 0x78, 0x00, 0xe0, 0xff, 0x80, 0x00, 0xe0, 0xff,
    0x80, 0x00, 0xe8, 0xff, 0x78, 0x00, 0xe8, 0xff, 0x80, 0x00, 0xe0, 0xff,
    0x80, 0x00, 0xe8, 0xff, 0x78, 0x00, 0xe8, 0xff, 0x80, 0x00, 0xe0, 0xff,
    0x80, 0x00, 0xe8, 0xff, 0x78, 0x00, 0xe8, 0xff, 0x80, 0x00, 0xe0, 0xff,
    0x80, 0x00, 0xe8, 0xff, 0x78, 0x00, 0xe8, 0xff, 0x80, 0x00, 0xe0, 0xff,
    0x78, 0x00, 0xe8, 0xff, 0x80, 0x00, 0xe8, 0xff, 0x80, 0x00, 0xe0, 0xff,
    0x78, 0x00, 0xe8, 0xff, 0x80, 0x00, 0xe0, 0xff, 0x80, 0x00, 0xe8, 0xff,
    0x78, 0x00, 0xe8, 0xff, 0x78, 0x00, 0xe0, 0xff, 0x80, 0x00, 0xe8, 0xff,
    0x80, 0x00, 0xe8, 0xff, 0x78, 0x00, 0xe0, 0xff, 0x80, 0x00, 0xe0, 0xff,
    0x80, 0x00, 0xe8, 0xff, 0x78, 0x00, 0xe8, 0xff, 0x80, 0x00, 0xe0, 0xff,
    0x80, 0x00, 0xe8, 0xff, 0x78, 0x00, 0xe8, 0xff, 0x80, 0x00, 0xe0, 0xff,
    0x80, 0x00, 0xe8, 0xff, 0x78, 0x00, 0xe8, 0xff, 0x80, 0x00, 0xe0, 0xff,
    0x80, 0x00, 0xe8, 0xff, 0x78, 0x00, 0xe8, 0xff, 0x80, 0x00, 0xe0, 0xff,
    0x78, 0x00, 0xe8, 0xff, 0x80, 0x00, 0xe8, 0xff, 0x80, 0x00, 0xe0, 0xff,
    0x78, 0x00, 0xe8, 0xff, 0x80, 0x00, 0xe0, 0xff, 0x80, 0x00, 0xe8, 0xff,
    0x78, 0x00, 0xe8, 0xff, 0x78, 0x00, 0xe0, 0xff, 0x80, 0x00, 0xe8, 0xff,
    0x80, 0x00, 0xe8, 0xff, 0x78, 0x00, 0xe0, 0xff, 0x80, 0x00, 0xe0, 0xff,
    0x80, 0x00, 0xe8, 0xff, 0x78, 0x00, 0xe8, 0xff, 0x80, 0x00, 0xe0, 0xff,
    0x80, 0x00, 0xe8, 0xff, 0x78, 0x00, 0xe8, 0xff, 0x80, 0x00, 0xe0, 0xff,
    0x80, 0x00, 0xe8, 0xff, 0x78, 0x00, 0xe8, 0xff, 0x80, 0x00, 0xe0, 0xff,
    0x80, 0x00, 0xe8, 0xff, 0x78, 0x00, 0xe8, 0xff, 0x80, 0x00, 0xe0, 0xff,
    0x78, 0x00, 0xe8, 0xff, 0x80, 0x00, 0xe8, 0xff, 0x80, 0x00, 0xe0, 0xff,
    0x78, 0x00, 0xe8, 0xff, 0x80, 0x00, 0xe0, 0xff, 0x80, 0x00, 0xe8, 0xff,
    0x78, 0x00, 0xe8, 0xff, 0x78, 0x00, 0xe0, 0xff, 0x80, 0x00, 0xe8, 0xff,
    0x80, 0x00, 0xe8, 0xff, 0x78, 0x00, 0xe0, 0xff, 0x80, 0x00, 0xe0, 0xff,
    0x80, 0x00, 0xe8, 0xff, 0x78, 0x00, 0xe8, 0xff, 0x80, 0x00, 0xe0, 0xff,
    0x80, 0x00, 0xe8, 0xff, 0x78, 0x00, 0xe8, 0xff, 0x80, 0x00, 0xe0, 0xff,
    0x80, 0x00, 0xe8, 0xff, 0x78, 0x00, 0xe8, 0xff, 0x80, 0x00, 0xe0, 0xff,
    0x80, 0x00, 0xe8, 0xff, 0x78, 0x00, 0xe8, 0xff, 0x80, 0x00, 0xe0, 0xff,
    0x78, 0x00, 0xe8, 0xff, 0x80, 0x00, 0xe8, 0xff, 0x80, 0x00, 0xe0, 0xff,
    0x78, 0x00, 0xe8, 0xff, 0x80, 0x00, 0xe0, 0xff, 0x80, 0x00, 0xe8, 0xff,
    0x78, 0x00, 0xe8, 0xff, 0x78, 0x00, 0xe0, 0xff, 0x80, 0x00, 0xe8, 0xff,
    0x80, 0x00, 0xe8, 0xff, 0x78, 0x00, 0xe0, 0xff, 0x80, 0x00, 0xe0, 0xff,
    0x80, 0x00, 0xe8, 0xff, 0x78, 0x00, 0xe8, 0xff, 0x80, 0x00, 0xe0, 0xff,
    0x80, 0x00, 0xe8, 0xff, 0x78, 0x00, 0xe8, 0xff, 0x80, 0x00, 0xe0, 0xff,
    0x80, 0x00, 0xe0, 0xff, 0x80, 0x00, 0xe8, 0xff, 0x80, 0x00, 0xe8, 0xff,
    0x78, 0x00, 0xe8, 0xff, 0x80, 0x00, 0xe0, 0xff, 0x80, 0x00, 0xe8, 0xff,
    0x78, 0x00, 0xe8, 0xff, 0x80, 0x00, 0xe8, 0xff, 0x80, 0x00, 0xe0, 0xff,
    0x80, 0x00, 0xe8, 0xff, 0x78, 0x00, 0xe8, 0xff, 0x78, 0x00, 0xe8, 0xff,
    0x80, 0x00, 0xe8, 0xff, 0x78, 0x00, 0xe8, 0xff, 0x80, 0x00, 0xe8, 0xff,
    0x80, 0x00, 0xe0, 0xcf, 0x80, 0x00, 0xe0, 0x10, 0x00, 0x00, 0x00, 0x00,
    0x00, 0x00, 0x00, 0x00, 0x00, 0x00, 0x00, 0x00, 0x00, 0x00, 0x00, 0x00,
    0x00, 0x00, 0x00, 0x00, 0x00, 0x00, 0x00, 0x00, 0x00, 0x00, 0x00, 0x00,
    0x00, 0x00, 0x00, 0x00, 0x00, 0x00, 0x00, 0x00, 0x00, 0x00, 0x00, 0x00,
    0x00, 0x00, 0x00, 0x00, 0x00, 0x00, 0x00, 0x00, 0x80, 0x00, 0xe8, 0xcf,
    0x80, 0x00, 0xe8, 0xff, 0x78, 0x00, 0xe8, 0xff, 0x80, 0x00, 0xe0, 0xff,
    0x80, 0x00, 0xe8, 0xff, 0x80, 0x00, 0xe8, 0xff, 0x80, 0x00, 0xe0, 0xff,
    0x78, 0x00, 0xe8, 0xff, 0x80, 0x00, 0xe8, 0xff, 0x80, 0x00, 0xe8, 0xff,
    0x80, 0x00, 0xe8, 0xff, 0x78, 0x00, 0xe8, 0xff, 0x80, 0x00, 0xe0, 0xff,
    0x80, 0x00, 0xe8, 0xff, 0x78, 0x00, 0xe8, 0xff, 0x80, 0x00, 0xe8, 0xff,
    0x80, 0x00, 0xe0, 0xff, 0x80, 0x00, 0xe8, 0xff, 0x80, 0x00, 0xe8, 0xff,
    0x80, 0x00, 0xe8, 0xff, 0x80, 0x00, 0xe8, 0xff, 0x80, 0x00, 0xe0, 0xff,
    0x80, 0x00, 0xe8, 0xff, 0x80, 0x00, 0xe8, 0xff, 0x80, 0x00, 0xe8, 0xff,
    0x80, 0x00, 0xe8, 0xff, 0x80, 0x00, 0xe8, 0xff, 0x80, 0x00, 0xe8, 0xff,
    0x80, 0x00, 0xe8, 0xff, 0x80, 0x00, 0xe8, 0xff, 0x78, 0x00, 0xe8, 0xff,
    0x80, 0x00, 0xe8, 0xff, 0x80, 0x00, 0xe0, 0xff, 0x80, 0x00, 0xe8, 0xff,
    0x80, 0x00, 0xe8, 0xff, 0x80, 0x00, 0xe8, 0xff, 0x80, 0x00, 0xe8, 0xff,
    0x80, 0x00, 0xe8, 0xff, 0x80, 0x00, 0xe8, 0xff, 0x80, 0x00, 0xe8, 0xff,
    0x80, 0x00, 0xe8, 0xff, 0x78, 0x00, 0xe8, 0xff, 0x80, 0x00, 0xe8, 0xff,
    0x80, 0x00, 0xe8, 0xff, 0x80, 0x00, 0xe0, 0xff, 0x80, 0x00, 0xe8, 0xff,
    0x80, 0x00, 0xe8, 0xff, 0x80, 0x00, 0xe8, 0xff, 0x80, 0x00, 0xe8, 0xff,
    0x80, 0x00, 0xe8, 0xff, 0x80, 0x00, 0xe8, 0xff, 0x80, 0x00, 0xe8, 0xff,
    0x78, 0x00, 0xe8, 0xff, 0x80, 0x00, 0xe8, 0xff, 0x80, 0x00, 0xe8, 0xff,
    0x80, 0x00, 0xe8, 0xff, 0x80, 0x00, 0xe0, 0xff, 0x80, 0x00, 0xe8, 0xff,
    0x80, 0x00, 0xe8, 0xff, 0x80, 0x00, 0xe8, 0xff, 0x80, 0x00, 0xe8, 0xff,
    0x80, 0x00, 0xe8, 0xff, 0x80, 0x00, 0xe8, 0xff, 0x80, 0x00, 0xe8, 0xff,
    0x78, 0x00, 0xe8, 0xff, 0x80, 0x00, 0xe8, 0xff, 0x80, 0x00, 0xe8, 0xff,
    0x80, 0x00, 0xe8, 0xff, 0x80, 0x00, 0xe0, 0xff, 0x80, 0x00, 0xe8, 0xff,
    0x80, 0x00, 0xe8, 0xff, 0x80, 0x00, 0xe8, 0xff, 0x80, 0x00, 0xe8, 0xff,
    0x80, 0x00, 0xe8, 0xff, 0x80, 0x00, 0xe8, 0xff, 0x80, 0x00, 0xe8, 0xff,
    0x78, 0x00, 0xe8, 0xff, 0x80, 0x00, 0xe8, 0xff, 0x80, 0x00, 0xe8, 0xff,
    0x80, 0x00, 0xe8, 0xff, 0x80, 0x00, 0xe0, 0xff, 0x80, 0x00, 0xe8, 0xff,
    0x80, 0x00, 0xe8, 0xff, 0x80, 0x00, 0xe8, 0xff, 0x80, 0x00, 0xe8, 0xff,
    0x80, 0x00, 0xe8, 0xff, 0x80, 0x00, 0xe8, 0xff, 0x80, 0x00, 0xe8, 0xff,
    0x78, 0x00, 0xe8, 0xff, 0x80, 0x00, 0xe8, 0xff, 0x80, 0x00, 0xe8, 0xff,
    0x80, 0x00, 0xe8, 0xff, 0x80, 0x00, 0xe0, 0xff, 0x80, 0x00, 0xe8, 0xff,
    0x80, 0x00, 0xe8, 0xff, 0x80, 0x00, 0xe8, 0xff, 0x80, 0x00, 0xe8, 0xff,
    0x80, 0x00, 0xe8, 0xff, 0x80, 0x00, 0xe8, 0xff, 0x80, 0x00, 0xe8, 0xff,
    0x78, 0x00, 0xe8, 0xff, 0x80, 0x00, 0xe8, 0xff, 0x80, 0x00, 0xe8, 0xff,
    0x80, 0x00, 0xe8, 0xff, 0x80, 0x00, 0xe0, 0xff, 0x80, 0x00, 0xe8, 0xff,
    0x80, 0x00, 0xe8, 0xff, 0x80, 0x00, 0xe8, 0xff, 0x80, 0x00, 0xe8, 0xff,
    0x80, 0x00, 0xe8, 0xff, 0x80, 0x00, 0xe8, 0xff, 0x80, 0x00, 0xe8, 0xff,
    0x78, 0x00, 0xe8, 0xff, 0x80, 0x00, 0xe8, 0xff, 0x80, 0x00, 0xe8, 0xff,
    0x80, 0x00, 0xe8, 0xff, 0x80, 0x00, 0xe0, 0xff, 0x80, 0x00, 0xe8, 0xff,
    0x80, 0x00, 0xe8, 0xff, 0x80, 0x00, 0xe8, 0xff, 0x80, 0x00, 0xe8, 0xff,
    0x80, 0x00, 0xe8, 0xff, 0x80, 0x00, 0xe8, 0xff, 0x80, 0x00, 0xe8, 0xff,
    0x78, 0x00, 0xe8, 0xff, 0x80, 0x00, 0xe8, 0xff, 0x80, 0x00, 0xe8, 0xff,
    0x80, 0x00, 0xe8, 0xff, 0x80, 0x00, 0xe0, 0xff, 0x80, 0x00, 0xe8, 0xff,
    0x80, 0x00, 0xe8, 0xff, 0x80, 0x00, 0xe8, 0xff, 0x80, 0x00, 0xe8, 0xff,
    0x80, 0x00, 0xe8, 0xff, 0x80, 0x00, 0xe8, 0xff, 0x80, 0x00, 0xe8, 0xff,
    0x78, 0x00, 0xe8, 0xff, 0x80, 0x00, 0xe8, 0xff, 0x80, 0x00, 0xe8, 0xff,
    0x80, 0x00, 0xe8, 0xff, 0x80, 0x00, 0xe0, 0xff, 0x78, 0x00, 0xe8, 0xff,
    0x80, 0x00, 0xe8, 0xff, 0x80, 0x00, 0xe8, 0xff, 0x80, 0x00, 0xe8, 0xff,
    0x80, 0x00, 0xe8, 0xff, 0x78, 0x00, 0xe8, 0xff, 0x80, 0x00, 0xe0, 0xff,
    0x80, 0x00, 0xe8, 0xff, 0x80, 0x00, 0xe8, 0xff, 0x78, 0x00, 0xe8, 0xff,
    0x80, 0x00, 0xe0, 0xff, 0x80, 0x00, 0xe8, 0xff, 0x78, 0x00, 0xe8, 0xff,
    0x80, 0x00, 0xe8, 0xff, 0x80, 0x00, 0xe8, 0xff, 0x80, 0x00, 0xe8, 0xff,
    0x80, 0x00, 0xe8, 0xff, 0x80, 0x00, 0xe8, 0xff, 0x78, 0x00, 0xe8, 0xff,
    0x80, 0x00, 0xe8, 0xff, 0x80, 0x00, 0xe8, 0xff, 0x78, 0x00, 0xe8, 0xcf,
    0x00, 0x00, 0x00, 0x00, 0x00, 0x00, 0x00, 0x00, 0x00, 0x00, 0x00, 0x00,
    0x00, 0x00, 0x00, 0x00, 0x00, 0x00, 0x00, 0x00, 0x00, 0x00, 0x00, 0x00,
    0x00, 0x00, 0x00, 0x00, 0x00, 0x00, 0x00, 0x00, 0x00, 0x00, 0x00, 0x00,
    0x00, 0x00, 0x00, 0x00, 0x00, 0x00, 0x00, 0x00, 0x80, 0x00, 0xe0, 0x8e,
    0x80, 0x00, 0xe8, 0xff, 0x78, 0x00, 0xe8, 0xff, 0x80, 0x00, 0xe8, 0xff,
    0x80, 0x00, 0xe8, 0xff, 0x80, 0x00, 0xe8, 0xff, 0x78, 0x00, 0xe8, 0xff,
    0x80, 0x00, 0xe0, 0xff, 0x80, 0x00, 0xe8, 0xff, 0x78, 0x00, 0xe8, 0xff,
    0x80, 0x00, 0xe0, 0xff, 0x80, 0x00, 0xe8, 0xff, 0x80, 0x00, 0xe8, 0xff,
    0x80, 0x00, 0xe8, 0xff, 0x80, 0x00, 0xe0, 0xff, 0x78, 0x00, 0xe8, 0xff,
    0x80, 0x00, 0xe8, 0xff, 0x80, 0x00, 0xe8, 0xff, 0x78, 0x00, 0xe0, 0xff,
    0x80, 0x00, 0xe8, 0xff, 0x78, 0x00, 0xe8, 0xff, 0x80, 0x00, 0xe0, 0xff,
    0x78, 0x00, 0xe8, 0xff, 0x80, 0x00, 0xe8, 0xff, 0x78, 0x00, 0xe0, 0xff,
    0x80, 0x00, 0xe8, 0xff, 0x78, 0x00, 0xe0, 0xff, 0x80, 0x00, 0xe8, 0xff,
    0x78, 0x00, 0xe0, 0xff, 0x80, 0x00, 0xe8, 0xff, 0x80, 0x00, 0xe0, 0xff,
    0x80, 0x00, 0xe8, 0xff, 0x78, 0x00, 0xe8, 0xff, 0x80, 0x00, 0xe8, 0xff,
    0x78, 0x00, 0xe0, 0xff, 0x80, 0x00, 0xe8, 0xff, 0x78, 0x00, 0xe8, 0xff,
    0x80, 0x00, 0xe0, 0xff, 0x80, 0x00, 0xe0, 0xff, 0x78, 0x00, 0xe8, 0xff,
    0x80, 0x00, 0xe0, 0xff, 0x80, 0x00, 0xe8, 0xff, 0x80, 0x00, 0xe0, 0xff,
    0x78, 0x00, 0xe8, 0xff, 0x80, 0x00, 0xe8, 0xff, 0x78, 0x00, 0xe8, 0xff,
    0x80, 0x00, 0xe0, 0xff, 0x78, 0x00, 0xe8, 0xff, 0x80, 0x00, 0xe0, 0xff,
    0x78, 0x00, 0xe8, 0xff, 0x80, 0x00, 0xe0, 0xff, 0x80, 0x00, 0xe8, 0xff,
    0x78, 0x00, 0xe0, 0xff, 0x80, 0x00, 0xe8, 0xff, 0x80, 0x00, 0xe0, 0xff,
    0x78, 0x00, 0xe8, 0xff, 0x80, 0x00, 0xe8, 0xff, 0x80, 0x00, 0xe8, 0xff,
    0x78, 0x00, 0xe0, 0xff, 0x78, 0x00, 0xe8, 0xff, 0x80, 0x00, 0xe8, 0xff,
    0x78, 0x00, 0xe0, 0xff, 0x80, 0x00, 0xe0, 0xff, 0x80, 0x00, 0xe8, 0xff,
    0x80, 0x00, 0xe0, 0xff, 0x80, 0x00, 0xe8, 0xff, 0x78, 0x00, 0xe0, 0xff,
    0x80, 0x00, 0xe8, 0xff, 0x78, 0x00, 0xe8, 0xff, 0x80, 0x00, 0xe8, 0xff,
    0x78, 0x00, 0xe0, 0xff, 0x80, 0x00, 0xe8, 0xff, 0x78, 0x00, 0xe0, 0xff,
    0x80, 0x00, 0xe8, 0xff, 0x78, 0x00, 0xe0, 0xff, 0x80, 0x00, 0xe8, 0xff,
    0x80, 0x00, 0xe0, 0xff, 0x80, 0x00, 0xe8, 0xff, 0x78, 0x00, 0xe0, 0xff,
    0x80, 0x00, 0xe8, 0xff, 0x80, 0x00, 0xe8, 0xff, 0x78, 0x00, 0xe8, 0xff,
    0x78, 0x00, 0xe0, 0xff, 0x80, 0x00, 0xe8, 0xff, 0x78, 0x00, 0xe8, 0xff,
    0x80, 0x00, 0xe0, 0xff, 0x78, 0x00, 0xe0, 0xff, 0x80, 0x00, 0xe8, 0xff,
    0x80, 0x00, 0xe0, 0xff, 0x80, 0x00, 0xe8, 0xff, 0x78, 0x00, 0xe0, 0xff,
    0x80, 0x00, 0xe8, 0xff, 0x78, 0x00, 0xe8, 0xff, 0x80, 0x00, 0xe8, 0xff,
    0x78, 0x00, 0xe0, 0xff, 0x80, 0x00, 0xe8, 0xff, 0x78, 0x00, 0xe0, 0xff,
    0x80, 0x00, 0xe8, 0xff, 0x78, 0x00, 0xe0, 0xff, 0x80, 0x00, 0xe8, 0xff,
    0x80, 0x00, 0xe0, 0xff, 0x80, 0x00, 0xe8, 0xff, 0x78, 0x00, 0xe0, 0xff,
    0x80, 0x00, 0xe8, 0xff, 0x80, 0x00, 0xe8, 0xff, 0x78, 0x00, 0xe8, 0xff,
    0x78, 0x00, 0xe0, 0xff, 0x80, 0x00, 0xe8, 0xff, 0x78, 0x00, 0xe8, 0xff,
    0x80, 0x00, 0xe0, 0xff, 0x78, 0x00, 0xe0, 0xff, 0x80, 0x00, 0xe8, 0xff,
    0x80, 0x00, 0xe0, 0xff, 0x80, 0x00, 0xe8, 0xff, 0x78, 0x00, 0xe0, 0xff,
    0x80, 0x00, 0xe8, 0xff, 0x78, 0x00, 0xe8, 0xff, 0x80, 0x00, 0xe8, 0xff,
    0x78, 0x00, 0xe0, 0xff, 0x80, 0x00, 0xe8, 0xff, 0x78, 0x00, 0xe0, 0xff,
    0x80, 0x00, 0xe8, 0xff, 0x78, 0x00, 0xe0, 0xff, 0x80, 0x00, 0xe8, 0xff,
    0x80, 0x00, 0xe0, 0xff, 0x80, 0x00, 0xe8, 0xff, 0x78, 0x00, 0xe0, 0xff,
    0x80, 0x00, 0xe8, 0xff, 0x80, 0x00, 0xe8, 0xff, 0x78, 0x00, 0xe8, 0xff,
    0x78, 0x00, 0xe0, 0xff, 0x80, 0x00, 0xe8, 0xff, 0x78, 0x00, 0xe8, 0xff,
    0x80, 0x00, 0xe0, 0xff, 0x78, 0x00, 0xe0, 0xff, 0x80, 0x00, 0xe8, 0xff,
    0x80, 0x00, 0xe0, 0xff, 0x80, 0x00, 0xe8, 0xff, 0x78, 0x00, 0xe0, 0xff,
    0x80, 0x00, 0xe8, 0xff, 0x80, 0x00, 0xe8, 0xff, 0x78, 0x00, 0xe8, 0xff,
    0x80, 0x00, 0xe8, 0xff, 0x80, 0x00, 0xe0, 0xff, 0x78, 0x00, 0xe8, 0xff,
    0x80, 0x00, 0xe0, 0xff, 0x80, 0x00, 0xe8, 0xff, 0x78, 0x00, 0xe8, 0xff,
    0x80, 0x00, 0xe8, 0xff, 0x80, 0x00, 0xe0, 0xff, 0x80, 0x00, 0xe8, 0xff,
    0x80, 0x00, 0xe8, 0xff, 0x80, 0x00, 0xe8, 0xff, 0x80, 0x00, 0xe0, 0xff,
    0x78, 0x00, 0xe8, 0xff, 0x80, 0x00, 0xe8, 0xff, 0x80, 0x00, 0xe0, 0xff,
    0x78, 0x00, 0xe0, 0xff, 0x80, 0x00, 0xe8, 0xff, 0x80, 0x00, 0xe0, 0xff,
    0x80, 0x00, 0xe0, 0xff, 0x80, 0x00, 0xe8, 0xff, 0x78, 0x00, 0xe8, 0xff,
    0x80, 0x00, 0xe0, 0xff, 0x80, 0x00, 0xe8, 0x8e, 0x00, 0x00, 0x00, 0x00,
    0x00, 0x00, 0x00, 0x00, 0x00, 0x00, 0x00, 0x00, 0x00, 0x00, 0x00, 0x00,
    0x00, 0x00, 0x00, 0x00, 0x00, 0x00, 0x00, 0x00, 0x00, 0x00, 0x00, 0x00,
    0x00, 0x00, 0x00, 0x00, 0x00, 0x00, 0x00, 0x00, 0x80, 0x00, 0xe0, 0x61,
    0x80, 0x00, 0xe8, 0xff, 0x78, 0x00, 0xe8, 0xff, 0x80, 0x00, 0xe0, 0xff,
    0x80, 0x00, 0xe0, 0xff, 0x80, 0x00, 0xe8, 0xff, 0x78, 0x00, 0xe8, 0xff,
    0x80, 0x00, 0xe0, 0xff, 0x80, 0x00, 0xe8, 0xff, 0x80, 0x00, 0xe8, 0xff,
    0x80, 0x00, 0xe8, 0xff, 0x78, 0x00, 0xe0, 0xff, 0x80, 0x00, 0xe8, 0xff,
    0x78, 0x00, 0xe8, 0xff, 0x80, 0x00, 0xe8, 0xff, 0x80, 0x00, 0xe8, 0xff,
    0x80, 0x00, 0xe0, 0xff, 0x80, 0x00, 0xe8, 0xff, 0x78, 0x00, 0xe8, 0xff,
    0x80, 0x00, 0xe8, 0xff, 0x80, 0x00, 0xe8, 0xff, 0x80, 0x00, 0xe0, 0xff,
    0x78, 0x00, 0xe8, 0xff, 0x80, 0x00, 0xe8, 0xff, 0x80, 0x00, 0xe8, 0xff,
    0x80, 0x00, 0xe8, 0xff, 0x78, 0x00, 0xe0, 0xff, 0x80, 0x00, 0xe8, 0xff,
    0x80, 0x00, 0xe8, 0xff, 0x80, 0x00, 0xe8, 0xff, 0x78, 0x00, 0xe0, 0xff,
    0x80, 0x00, 0xe8, 0xff, 0x80, 0x00, 0xe8, 0xff, 0x80, 0x00, 0xe0, 0xff,
    0x80, 0x00, 0xe8, 0xff, 0x80, 0x00, 0xe8, 0xff, 0x78, 0x00, 0xe0, 0xff,
    0x80, 0x00, 0xe8, 0xff, 0x80, 0x00, 0xe8, 0xff, 0x78, 0x00, 0xe8, 0xff,
    0x80, 0x00, 0xe8, 0xff, 0x80, 0x00, 0xe8, 0xff, 0x78, 0x00, 0xe0, 0xff,
    0x80, 0x00, 0xe8, 0xff, 0x80, 0x00, 0xe8, 0xff, 0x80, 0x00, 0xe0, 0xff,
    0x80, 0x00, 0xe8, 0xff, 0x78, 0x00, 0xe8, 0xff, 0x80, 0x00, 0xe8, 0xff,
    0x80, 0x00, 0xe8, 0xff, 0x80, 0x00, 0xe0, 0xff, 0x78, 0x00, 0xe8, 0xff,
    0x80, 0x00, 0xe8, 0xff, 0x80, 0x00, 0xe8, 0xff, 0x80, 0x00, 0xe0, 0xff,
    0x80, 0x00, 0xe8, 0xff, 0x78, 0x00, 0xe8, 0xff, 0x80, 0x00, 0xe0, 0xff,
    0x80, 0x00, 0xe8, 0xff, 0x80, 0x00, 0xe8, 0xff, 0x80, 0x00, 0xe0, 0xff,
    0x80, 0x00, 0xe8, 0xff, 0x78, 0x00, 0xe8, 0xff, 0x80, 0x00, 0xe8, 0xff,
    0x78, 0x00, 0xe8, 0xff, 0x80, 0x00, 0xe8, 0xff, 0x80, 0x00, 0xe0, 0xff,
    0x80, 0x00, 0xe8, 0xff, 0x80, 0x00, 0xe8, 0xff, 0x80, 0x00, 0xe0, 0xff,
    0x78, 0x00, 0xe8, 0xff, 0x80, 0x00, 0xe8, 0xff, 0x80, 0x00, 0xe8, 0xff,
    0x80, 0x00, 0xe8, 0xff, 0x78, 0x00, 0xe0, 0xff, 0x80, 0x00, 0xe8, 0xff,
    0x80, 0x00, 0xe8, 0xff, 0x78, 0x00, 0xe8, 0xff, 0x80, 0x00, 0xe0, 0xff,
    0x80, 0x00, 0xe8, 0xff, 0x78, 0x00, 0xe8, 0xff, 0x80, 0x00, 0xe0, 0xff,
    0x80, 0x00, 0xe8, 0xff, 0x80, 0x00, 0xe8, 0xff, 0x80, 0x00, 0xe0, 0xff,
    0x80, 0x00, 0xe8, 0xff, 0x78, 0x00, 0xe8, 0xff, 0x80, 0x00, 0xe8, 0xff,
    0x80, 0x00, 0xe8, 0xff, 0x78, 0x00, 0xe8, 0xff, 0x80, 0x00, 0xe0, 0xff,
    0x80, 0x00, 0xe8, 0xff, 0x80, 0x00, 0xe8, 0xff, 0x80, 0x00, 0xe0, 0xff,
    0x78, 0x00, 0xe8, 0xff, 0x80, 0x00, 0xe8, 0xff, 0x80, 0x00, 0xe8, 0xff,
    0x80, 0x00, 0xe8, 0xff, 0x78, 0x00, 0xe0, 0xff, 0x80, 0x00, 0xe8, 0xff,
    0x80, 0x00, 0xe8, 0xff, 0x78, 0x00, 0xe8, 0xff, 0x80, 0x00, 0xe0, 0xff,
    0x80, 0x00, 0xe8, 0xff, 0x78, 0x00, 0xe8, 0xff, 0x80, 0x00, 0xe0, 0xff,
    0x80, 0x00, 0xe8, 0xff, 0x80, 0x00, 0xe8, 0xff, 0x80, 0x00, 0xe0, 0xff,
    0x80, 0x00, 0xe8, 0xff, 0x78, 0x00, 0xe8, 0xff, 0x80, 0x00, 0xe8, 0xff,
    0x80, 0x00, 0xe8, 0xff, 0x78, 0x00, 0xe8, 0xff, 0x80, 0x00, 0xe0, 0xff,
    0x80, 0x00, 0xe8, 0xff, 0x80, 0x00, 0xe8, 0xff, 0x80, 0x00, 0xe0, 0xff,
    0x78, 0x00, 0xe8, 0xff, 0x80, 0x00, 0xe8, 0xff, 0x80, 0x00, 0xe8, 0xff,
    0x80, 0x00, 0xe8, 0xff, 0x78, 0x00, 0xe0, 0xff, 0x80, 0x00, 0xe8, 0xff,
    0x80, 0x00, 0xe8, 0xff, 0x78, 0x00, 0xe8, 0xff, 0x80, 0x00, 0xe0, 0xff,
    0x80, 0x00, 0xe8, 0xff, 0x78, 0x00, 0xe8, 0xff, 0x80, 0x00, 0xe0, 0xff,
    0x80, 0x00, 0xe8, 0xff, 0x80, 0x00, 0xe8, 0xff, 0x80, 0x00, 0xe0, 0xff,
    0x80, 0x00, 0xe8, 0xff, 0x78, 0x00, 0xe8, 0xff, 0x80, 0x00, 0xe8, 0xff,
    0x80, 0x00, 0xe8, 0xff, 0x78, 0x00, 0xe8, 0xff, 0x80, 0x00, 0xe0, 0xff,
    0x80, 0x00, 0xe8, 0xff, 0x78, 0x00, 0xe8, 0xff, 0x80, 0x00, 0xe0, 0xff,
    0x80, 0x00, 0xe8, 0xff, 0x80, 0x00, 0xe8, 0xff, 0x80, 0x00, 0xe8, 0xff,
    0x78, 0x00, 0xe0, 0xff, 0x80, 0x00, 0xe8, 0xff, 0x80, 0x00, 0xe8, 0xff,
    0x80, 0x00, 0xe0, 0xff, 0x78, 0x00, 0xe8, 0xff, 0x80, 0x00, 0xe8, 0xff,
    0x78, 0x00, 0xe0, 0xff, 0x80, 0x00, 0xe8, 0xff, 0x80, 0x00, 0xe8, 0xff,
    0x78, 0x00, 0xe8, 0xff, 0x80, 0x00, 0xe0, 0xff, 0x80, 0x00, 0xe8, 0xff,
    0x80, 0x00, 0xe8, 0xff, 0x78, 0x00, 0xe8, 0xff, 0x80, 0x00, 0xe8, 0xff,
    0x80, 0x00, 0xe8, 0xff, 0x78, 0x00, 0xe8, 0xff, 0x80, 0x00, 0xe8, 0xff,
    0x80, 0x00, 0xe0, 0xff, 0x80, 0x00, 0xe8, 0xff, 0x80, 0x00, 0xe8, 0xff,
    0x78, 0x00, 0xe0, 0x71, 0x00, 0x00, 0x00, 0x00, 0x00, 0x00, 0x00, 0x00,
    0x00, 0x00, 0x00, 0x00, 0x00, 0x00, 0x00, 0x00, 0x00, 0x00, 0x00, 0x00,
    0x00, 0x00, 0x00, 0x00, 0x00, 0x00, 0x00, 0x00, 0x80, 0x00, 0xe8, 0x20,
    0x80, 0x00, 0xe8, 0xdf, 0x80, 0x00, 0xe8, 0xff, 0x80, 0x00, 0xe8, 0xff,
    0x80, 0x00, 0xe8, 0xff, 0x78, 0x00, 0xe8, 0xff, 0x80, 0x00, 0xe8, 0xff,
    0x80, 0x00, 0xe0, 0xff, 0x80, 0x00, 0xe8, 0xff, 0x78, 0x00, 0xe8, 0xff,
    0x80, 0x00, 0xe8, 0xff, 0x80, 0x00, 0xe0, 0xff, 0x80, 0x00, 0xe8, 0xff,
    0x80, 0x00, 0xe8, 0xff, 0x78, 0x00, 0xe0, 0xff, 0x80, 0x00, 0xe8, 0xff,
    0x80, 0x00, 0xe8, 0xff, 0x78, 0x00, 0xe0, 0xff, 0x80, 0x00, 0xe8, 0xff,
    0x80, 0x00, 0xe8, 0xff, 0x80, 0x00, 0xe0, 0xff, 0x80, 0x00, 0xe8, 0xff,
    0x80, 0x00, 0xe8, 0xff, 0x80, 0x00, 0xe8, 0xff, 0x80, 0x00, 0xe0, 0xff,
    0x80, 0x00, 0xe8, 0xff, 0x80, 0x00, 0xe8, 0xff, 0x80, 0x00, 0xe8, 0xff,
    0x80, 0x00, 0xe8, 0xff, 0x80, 0x00, 0xe8, 0xff, 0x80, 0x00, 0xe8, 0xff,
    0x78, 0x00, 0xe8, 0xff, 0x80, 0x00, 0xe8, 0xff, 0x80, 0x00, 0xe8, 0xff,
    0x78, 0x00, 0xe0, 0xff, 0x80, 0x00, 0xe8, 0xff, 0x80, 0x00, 0xe8, 0xff,
    0x80, 0x00, 0xe8, 0xff, 0x80, 0x00, 0xe8, 0xff, 0x80, 0x00, 0xe8, 0xff,
    0x80, 0x00, 0xe0, 0xff, 0x80, 0x00, 0xe8, 0xff, 0x80, 0x00, 0xe8, 0xff,
    0x80, 0x00, 0xe8, 0xff, 0x78, 0x00, 0xe8, 0xff, 0x80, 0x00, 0xe8, 0xff,
    0x80, 0x00, 0xe8, 0xff, 0x80, 0x00, 0xe0, 0xff, 0x80, 0x00, 0xe8, 0xff,
    0x80, 0x00, 0xe8, 0xff, 0x80, 0x00, 0xe8, 0xff, 0x80, 0x00, 0xe8, 0xff,
    0x80, 0x00, 0xe8, 0xff, 0x78, 0x00, 0xe8, 0xff, 0x80, 0x00, 0xe8, 0xff,
    0x80, 0x00, 0xe8, 0xff, 0x80, 0x00, 0xe8, 0xff, 0x80, 0x00, 0xe8, 0xff,
    0x78, 0x00, 0xe0, 0xff, 0x80, 0x00, 0xe8, 0xff, 0x80, 0x00, 0xe8, 0xff,
    0x80, 0x00, 0xe8, 0xff, 0x80, 0x00, 0xe8, 0xff, 0x80, 0x00, 0xe8, 0xff,
    0x80, 0x00, 0xe0, 0xff, 0x80, 0x00, 0xe8, 0xff, 0x78, 0x00, 0xe8, 0xff,
    0x80, 0x00, 0xe8, 0xff, 0x80, 0x00, 0xe8, 0xff, 0x78, 0x00, 0xe8, 0xff,
    0x80, 0x00, 0xe8, 0xff, 0x80, 0x00, 0xe0, 0xff, 0x80, 0x00, 0xe8, 0xff,
    0x80, 0x00, 0xe8, 0xff, 0x80, 0x00, 0xe8, 0xff, 0x80, 0x00, 0xe8, 0xff,
    0x80, 0x00, 0xe8, 0xff, 0x80, 0x00, 0xe8, 0xff, 0x78, 0x00, 0xe8, 0xff,
    0x80, 0x00, 0xe8, 0xff, 0x80, 0x00, 0xe8, 0xff, 0x80, 0x00, 0xe8, 0xff,
    0x80, 0x00, 0xe0, 0xff, 0x80, 0x00, 0xe8, 0xff, 0x78, 0x00, 0xe8, 0xff,
    0x80, 0x00, 0xe8, 0xff, 0x80, 0x00, 0xe8, 0xff, 0x80, 0x00, 0xe8, 0xff,
    0x80, 0x00, 0xe0, 0xff, 0x80, 0x00, 0xe8, 0xff, 0x80, 0x00, 0xe8, 0xff,
    0x78, 0x00, 0xe8, 0xff, 0x80, 0x00, 0xe8, 0xff, 0x80, 0x00, 0xe8, 0xff,
    0x80, 0x00, 0xe8, 0xff, 0x80, 0x00, 0xe0, 0xff, 0x80, 0x00, 0xe8, 0xff,
    0x80, 0x00, 0xe8, 0xff, 0x80, 0x00, 0xe8, 0xff, 0x80, 0x00, 0xe8, 0xff,
    0x80, 0x00, 0xe8, 0xff, 0x80, 0x00, 0xe8, 0xff, 0x78, 0x00, 0xe8, 0xff,
    0x80, 0x00, 0xe8, 0xff, 0x80, 0x00, 0xe8, 0xff, 0x80, 0x00, 0xe8, 0xff,
    0x80, 0x00, 0xe0, 0xff, 0x80, 0x00, 0xe8, 0xff, 0x78, 0x00, 0xe8, 0xff,
    0x80, 0x00, 0xe8, 0xff, 0x80, 0x00, 0xe8, 0xff, 0x80, 0x00, 0xe8, 0xff,
    0x80, 0x00, 0xe0, 0xff, 0x80, 0x00, 0xe8, 0xff, 0x80, 0x00, 0xe8, 0xff,
    0x78, 0x00, 0xe8, 0xff, 0x80, 0x00, 0xe8, 0xff, 0x80, 0x00, 0xe8, 0xff,
    0x80, 0x00, 0xe8, 0xff, 0x80, 0x00, 0xe0, 0xff, 0x80, 0x00, 0xe8, 0xff,
    0x80, 0x00, 0xe8, 0xff, 0x80, 0x00, 0xe8, 0xff, 0x80, 0x00, 0xe8, 0xff,
    0x80, 0x00, 0xe8, 0xff, 0x80, 0x00, 0xe8, 0xff, 0x78, 0x00, 0xe8, 0xff,
    0x80, 0x00, 0xe8, 0xff, 0x80, 0x00, 0xe8, 0xff, 0x80, 0x00, 0xe8, 0xff,
    0x80, 0x00, 0xe0, 0xff, 0x80, 0x00, 0xe8, 0xff, 0x78, 0x00, 0xe8, 0xff,
    0x80, 0x00, 0xe8, 0xff, 0x80, 0x00, 0xe8, 0xff, 0x80, 0x00, 0xe8, 0xff,
    0x80, 0x00, 0xe0, 0xff, 0x80, 0x00, 0xe8, 0xff, 0x80, 0x00, 0xe8, 0xff,
    0x80, 0x00, 0xe8, 0xff, 0x80, 0x00, 0xe8, 0xff, 0x80, 0x00, 0xe8, 0xff,
    0x80, 0x00, 0xe0, 0xff, 0x78, 0x00, 0xe8, 0xff, 0x80, 0x00, 0xe8, 0xff,
    0x80, 0x00, 0xe8, 0xff, 0x80, 0x00, 0xe8, 0xff, 0x80, 0x00, 0xe8, 0xff,
    0x80, 0x00, 0xe8, 0xff, 0x78, 0x00, 0xe8, 0xff, 0x80, 0x00, 0xe8, 0xff,
    0x80, 0x00, 0xe8, 0xff, 0x80, 0x00, 0xe8, 0xff, 0x78, 0x00, 0xe0, 0xff,
    0x80, 0x00, 0xe8, 0xff, 0x80, 0x00, 0xe8, 0xff, 0x80, 0x00, 0xe8, 0xff,
    0x80, 0x00, 0xe8, 0xff, 0x78, 0x00, 0xe8, 0xff, 0x80, 0x00, 0xe0, 0xff,
    0x80, 0x00, 0xe8, 0xff, 0x80, 0x00, 0xe8, 0xff, 0x78, 0x00, 0xe8, 0xff,
    0x80, 0x00, 0xe0, 0xff, 0x80, 0x00, 0xe8, 0xff, 0x78, 0x00, 0xe8, 0xff,
    0x80, 0x00, 0xe8, 0xff, 0x80, 0x00, 0xe0, 0xef, 0x80, 0x00, 0xe0, 0x20,
    0x00, 0x00, 0x00, 0x00, 0x00, 0x00, 0x00, 0x00, 0x00, 0x00, 0x00, 0x00,
    0x00, 0x00, 0x00, 0x00, 0x00, 0x00, 0x00, 0x00, 0x00, 0x00, 0x00, 0x00,
    0x80, 0x00, 0xe8, 0x9e, 0x78, 0x00, 0xe8, 0xff, 0x80, 0x00, 0xe8, 0xff,
    0x80, 0x00, 0xe0, 0xff, 0x78, 0x00, 0xe8, 0xff, 0x80, 0x00, 0xe8, 0xff,
    0x80, 0x00, 0xe8, 0xff, 0x80, 0x00, 0xe8, 0xff, 0x78, 0x00, 0xe8, 0xff,
    0x80, 0x00, 0xe8, 0xff, 0x80, 0x00, 0xe0, 0xff, 0x78, 0x00, 0xe8, 0xff,
    0x80, 0x00, 0xe8, 0xff, 0x80, 0x00, 0xe8, 0xff, 0x80, 0x00, 0xe0, 0xff,
    0x80, 0x00, 0xe8, 0xff, 0x78, 0x00, 0xe8, 0xff, 0x80, 0x00, 0xe8, 0xff,
    0x80, 0x00, 0xe8, 0xff, 0x78, 0x00, 0xe0, 0xff, 0x80, 0x00, 0xe8, 0xff,
    0x78, 0x00, 0xe8, 0xff, 0x78, 0x00, 0xe8, 0xff, 0x80, 0x00, 0xe0, 0xff,
    0x78, 0x00, 0xe8, 0xff, 0x80, 0x00, 0xe8, 0xff, 0x78, 0x00, 0xe0, 0xff,
    0x80, 0x00, 0xe8, 0xff, 0x78, 0x00, 0xe0, 0xff, 0x80, 0x00, 0xe8, 0xff,
    0x80, 0x00, 0xe0, 0xff, 0x80, 0x00, 0xe8, 0xff, 0x80, 0x00, 0xe8, 0xff,
    0x78, 0x00, 0xe0, 0xff, 0x80, 0x00, 0xe8, 0xff, 0x80, 0x00, 0xe8, 0xff,
    0x78, 0x00, 0xe8, 0xff, 0x80, 0x00, 0xe0, 0xff, 0x78, 0x00, 0xe8, 0xff,
    0x80, 0x00, 0xe8, 0xff, 0x80, 0x00, 0xe0, 0xff, 0x78, 0x00, 0xe8, 0xff,
    0x80, 0x00, 0xe8, 0xff, 0x80, 0x00, 0xe0, 0xff, 0x80, 0x00, 0xe8, 0xff,
    0x78, 0x00, 0xe8, 0xff, 0x80, 0x00, 0xe8, 0xff, 0x78, 0x00, 0xe8, 0xff,
    0x80, 0x00, 0xe0, 0xff, 0x78, 0x00, 0xe8, 0xff, 0x78, 0x00, 0xe0, 0xff,
    0x80, 0x00, 0xe8, 0xff, 0x80, 0x00, 0xe0, 0xff, 0x80, 0x00, 0xe0, 0xff,
    0x78, 0x00, 0xe8, 0xff, 0x80, 0x00, 0xe8, 0xff, 0x80, 0x00, 0xe0, 0xff,
    0x78, 0x00, 0xe8, 0xff, 0x80, 0x00, 0xe8, 0xff, 0x80, 0x00, 0xe8, 0xff,
    0x78, 0x00, 0xe0, 0xff, 0x78, 0x00, 0xe8, 0xff, 0x80, 0x00, 0xe8, 0xff,
    0x80, 0x00, 0xe0, 0xff, 0x78, 0x00, 0xe8, 0xff, 0x80, 0x00, 0xe8, 0xff,
    0x80, 0x00, 0xe0, 0xff, 0x78, 0x00, 0xe8, 0xff, 0x80, 0x00, 0xe8, 0xff,
    0x80, 0x00, 0xe0, 0xff, 0x78, 0x00, 0xe8, 0xff, 0x80, 0x00, 0xe8, 0xff,
    0x80, 0x00, 0xe0, 0xff, 0x78, 0x00, 0xe8, 0xff, 0x78, 0x00, 0xe0, 0xff,
    0x80, 0x00, 0xe8, 0xff, 0x80, 0x00, 0xe0, 0xff, 0x80, 0x00, 0xe0, 0xff,
    0x80, 0x00, 0xe8, 0xff, 0x80, 0x00, 0xe8, 0xff, 0x78, 0x00, 0xe0, 0xff,
    0x80, 0x00, 0xe8, 0xff, 0x80, 0x00, 0xe8, 0xff, 0x78, 0x00, 0xe8, 0xff,
    0x80, 0x00, 0xe0, 0xff, 0x80, 0x00, 0xe8, 0xff, 0x78, 0x00, 0xe8, 0xff,
    0x80, 0x00, 0xe0, 0xff, 0x80, 0x00, 0xe8, 0xff, 0x78, 0x00, 0xe8, 0xff,
    0x80, 0x00, 0xe0, 0xff, 0x80, 0x00, 0xe8, 0xff, 0x78, 0x00, 0xe8, 0xff,
    0x80, 0x00, 0xe0, 0xff, 0x78, 0x00, 0xe8, 0xff, 0x80, 0x00, 0xe8, 0xff,
    0x78, 0x00, 0xe0, 0xff, 0x78, 0x00, 0xe8, 0xff, 0x80, 0x00, 0xe0, 0xff,
    0x80, 0x00, 0xe8, 0xff, 0x78, 0x00, 0xe0, 0xff, 0x80, 0x00, 0xe0, 0xff,
    0x80, 0x00, 0xe8, 0xff, 0x80, 0x00, 0xe8, 0xff, 0x78, 0x00, 0xe0, 0xff,
    0x80, 0x00, 0xe8, 0xff, 0x80, 0x00, 0xe8, 0xff, 0x78, 0x00, 0xe8, 0xff,
    0x80, 0x00, 0xe0, 0xff, 0x80, 0x00, 0xe8, 0xff, 0x78, 0x00, 0xe8, 0xff,
    0x80, 0x00, 0xe0, 0xff, 0x80, 0x00, 0xe8, 0xff, 0x78, 0x00, 0xe8, 0xff,
    0x80, 0x00, 0xe0, 0xff, 0x80, 0x00, 0xe8, 0xff, 0x78, 0x00, 0xe8, 0xff,
    0x80, 0x00, 0xe0, 0xff, 0x78, 0x00, 0xe8, 0xff, 0x80, 0x00, 0xe8, 0xff,
    0x78, 0x00, 0xe0, 0xff, 0x78, 0x00, 0xe8, 0xff, 0x80, 0x00, 0xe0, 0xff,
    0x80, 0x00, 0xe8, 0xff, 0x78, 0x00, 0xe0, 0xff, 0x80, 0x00, 0xe0, 0xff,
    0x80, 0x00, 0xe8, 0xff, 0x80, 0x00, 0xe8, 0xff, 0x78, 0x00, 0xe0, 0xff,
    0x80, 0x00, 0xe8, 0xff, 0x80, 0x00, 0xe8, 0xff, 0x78, 0x00, 0xe8, 0xff,
    0x80, 0x00, 0xe0, 0xff, 0x80, 0x00, 0xe8, 0xff, 0x78, 0x00, 0xe8, 0xff,
    0x80, 0x00, 0xe0, 0xff, 0x80, 0x00, 0xe8, 0xff, 0x78, 0x00, 0xe8, 0xff,
    0x80, 0x00, 0xe0, 0xff, 0x78, 0x00, 0xe8, 0xff, 0x80, 0x00, 0xe8, 0xff,
    0x80, 0x00, 0xe0, 0xff, 0x78, 0x00, 0xe8, 0xff, 0x80, 0x00, 0xe8, 0xff,
    0x80, 0x00, 0xe0, 0xff, 0x78, 0x00, 0xe0, 0xff, 0x80, 0x00, 0xe8, 0xff,
    0x80, 0x00, 0xe0, 0xff, 0x78, 0x00, 0xe8, 0xff, 0x80, 0x00, 0xe8, 0xff,
    0x80, 0x00, 0xe0, 0xff, 0x80, 0x00, 0xe8, 0xff, 0x80, 0x00, 0xe8, 0xff,
    0x80, 0x00, 0xe8, 0xff, 0x78, 0x00, 0xe0, 0xff, 0x80, 0x00, 0xe8, 0xff,
    0x80, 0x00, 0xe8, 0xff, 0x78, 0x00, 0xe0, 0xff, 0x80, 0x00, 0xe8, 0xff,
    0x80, 0x00, 0xe8, 0xff, 0x80, 0x00, 0xe0, 0xff, 0x80, 0x00, 0xe8, 0xff,
    0x80, 0x00, 0xe8, 0xff, 0x80, 0x00, 0xe8, 0xff, 0x80, 0x00, 0xe8, 0xff,
    0x78, 0x00, 0xe8, 0xff, 0x80, 0x00, 0xe8, 0xff, 0x80, 0x00, 0xe8, 0xff,
    0x78, 0x00, 0xe8, 0xae, 0x00, 0x00, 0x00, 0x00, 0x00, 0x00, 0x00, 0x00,
    0x00, 0x00, 0x00, 0x00, 0x00, 0x00, 0x00, 0x00, 0x00, 0x00, 0x00, 0x00,
    0x80, 0x00, 0xe8, 0x20, 0x80, 0x00, 0xe8, 0xff, 0x80, 0x00, 0xe0, 0xff,
    0x78, 0x00, 0xe8, 0xff, 0x80, 0x00, 0xe8, 0xff, 0x80, 0x00, 0xe0, 0xff,
    0x80, 0x00, 0xe8, 0xff, 0x78, 0x00, 0xe0, 0xff, 0x80, 0x00, 0xe8, 0xff,
    0x80, 0x00, 0xe8, 0xff, 0x80, 0x00, 0xe0, 0xff, 0x80, 0x00, 0xe8, 0xff,
    0x78, 0x00, 0xe8, 0xff, 0x80, 0x00, 0xe8, 0xff, 0x80, 0x00, 0xe8, 0xff,
    0x78, 0x00, 0xe8, 0xff, 0x80, 0x00, 0xe0, 0xff, 0x80, 0x00, 0xe8, 0xff,
    0x80, 0x00, 0xe8, 0xff, 0x80, 0x00, 0xe0, 0xff, 0x80, 0x00, 0xe8, 0xff,
    0x80, 0x00, 0xe8, 0xff, 0x80, 0x00, 0xe8, 0xff, 0x80, 0x00, 0xe0, 0xff,
    0x80, 0x00, 0xe8, 0xff, 0x80, 0x00, 0xe8, 0xff, 0x78, 0x00, 0xe8, 0xff,
    0x80, 0x00, 0xe8, 0xff, 0x80, 0x00, 0xe8, 0xff, 0x80, 0x00, 0xe8, 0xff,
    0x78, 0x00, 0xe0, 0xff, 0x80, 0x00, 0xe8, 0xff, 0x80, 0x00, 0xe8, 0xff,
    0x78, 0x00, 0xe0, 0xff, 0x80, 0x00, 0xe8, 0xff, 0x80, 0x00, 0xe8, 0xff,
    0x80, 0x00, 0xe8, 0xff, 0x80, 0x00, 0xe0, 0xff, 0x80, 0x00, 0xe8, 0xff,
    0x78, 0x00, 0xe8, 0xff, 0x80, 0x00, 0xe8, 0xff, 0x80, 0x00, 0xe8, 0xff,
    0x78, 0x00, 0xe8, 0xff, 0x80, 0x00, 0xe0, 0xff, 0x80, 0x00, 0xe8, 0xff,
    0x78, 0x00, 0xe8, 0xff, 0x80, 0x00, 0xe0, 0xff, 0x80, 0x00, 0xe8, 0xff,
    0x80, 0x00, 0xe8, 0xff, 0x80, 0x00, 0xe8, 0xff, 0x80, 0x00, 0xe8, 0xff,
    0x80, 0x00, 0xe8, 0xff, 0x78, 0x00, 0xe8, 0xff, 0x80, 0x00, 0xe8, 0xff,
    0x80, 0x00, 0xe8, 0xff, 0x78, 0x00, 0xe8, 0xff, 0x80, 0x00, 0xe0, 0xff,
    0x80, 0x00, 0xe8, 0xff, 0x78, 0x00, 0xe8, 0xff, 0x80, 0x00, 0xe8, 0xff,
    0x80, 0x00, 0xe8, 0xff, 0x80, 0x00, 0xe0, 0xff, 0x80, 0x00, 0xe8, 0xff,
    0x80, 0x00, 0xe8, 0xff, 0x78, 0x00, 0xe8, 0xff, 0x80, 0x00, 0xe8, 0xff,
    0x80, 0x00, 0xe8, 0xff, 0x80, 0x00, 0xe0, 0xff, 0x80, 0x00, 0xe8, 0xff,
    0x80, 0x00, 0xe8, 0xff, 0x80, 0x00, 0xe0, 0xff, 0x80, 0x00, 0xe8, 0xff,
    0x78, 0x00, 0xe8, 0xff, 0x80, 0x00, 0xe8, 0xff, 0x80, 0x00, 0xe8, 0xff,
    0x80, 0x00, 0xe8, 0xff, 0x78, 0x00, 0xe8, 0xff, 0x80, 0x00, 0xe8, 0xff,
    0x78, 0x00, 0xe8, 0xff, 0x80, 0x00, 0xe8, 0xff, 0x80, 0x00, 0xe0, 0xff,
    0x78, 0x00, 0xe8, 0xff, 0x80, 0x00, 0xe8, 0xff, 0x80, 0x00, 0xe8, 0xff,
    0x80, 0x00, 0xe8, 0xff, 0x80, 0x00, 0xe0, 0xff, 0x80, 0x00, 0xe8, 0xff,
    0x78, 0x00, 0xe8, 0xff, 0x80, 0x00, 0xe8, 0xff, 0x80, 0x00, 0xe8, 0xff,
    0x78, 0x00, 0xe8, 0xff, 0x80, 0x00, 0xe0, 0xff, 0x80, 0x00, 0xe8, 0xff,
    0x80, 0x00, 0xe8, 0xff, 0x80, 0x00, 0xe0, 0xff, 0x80, 0x00, 0xe8, 0xff,
    0x80, 0x00, 0xe8, 0xff, 0x80, 0x00, 0xe8, 0xff, 0x80, 0x00, 0xe8, 0xff,
    0x80, 0x00, 0xe8, 0xff, 0x78, 0x00, 0xe8, 0xff, 0x80, 0x00, 0xe8, 0xff,
    0x80, 0x00, 0xe8, 0xff, 0x80, 0x00, 0xe8, 0xff, 0x80, 0x00, 0xe0, 0xff,
    0x78, 0x00, 0xe8, 0xff, 0x80, 0x00, 0xe8, 0xff, 0x80, 0x00, 0xe8, 0xff,
    0x80, 0x00, 0xe8, 0xff, 0x80, 0x00, 0xe0, 0xff, 0x80, 0x00, 0xe8, 0xff,
    0x78, 0x00, 0xe8, 0xff, 0x80, 0x00, 0xe8, 0xff, 0x80, 0x00, 0xe8, 0xff,
    0x78, 0x00, 0xe8, 0xff, 0x80, 0x00, 0xe0, 0xff, 0x80, 0x00, 0xe8, 0xff,
    0x80, 0x00, 0xe8, 0xff, 0x80, 0x00, 0xe0, 0xff, 0x80, 0x00, 0xe8, 0xff,
    0x80, 0x00, 0xe8, 0xff, 0x80, 0x00, 0xe8, 0xff, 0x80, 0x00, 0xe8, 0xff,
    0x80, 0x00, 0xe8, 0xff, 0x78, 0x00, 0xe8, 0xff, 0x80, 0x00, 0xe8, 0xff,
    0x80, 0x00, 0xe8, 0xff, 0x80, 0x00, 0xe8, 0xff, 0x80, 0x00, 0xe0, 0xff,
    0x78, 0x00, 0xe8, 0xff, 0x80, 0x00, 0xe8, 0xff, 0x80, 0x00, 0xe8, 0xff,
    0x80, 0x00, 0xe8, 0xff, 0x80, 0x00, 0xe0, 0xff, 0x80, 0x00, 0xe8, 0xff,
    0x78, 0x00, 0xe8, 0xff, 0x80, 0x00, 0xe8, 0xff, 0x80, 0x00, 0xe8, 0xff,
    0x78, 0x00, 0xe8, 0xff, 0x80, 0x00, 0xe0, 0xff, 0x80, 0x00, 0xe8, 0xff,
    0x78, 0x00, 0xe8, 0xff, 0x80, 0x00, 0xe8, 0xff, 0x80, 0x00, 0xe8, 0xff,
    0x80, 0x00, 0xe8, 0xff, 0x80, 0x00, 0xe8, 0xff, 0x78, 0x00, 0xe8, 0xff,
    0x80, 0x00, 0xe8, 0xff, 0x80, 0x00, 0xe8, 0xff, 0x78, 0x00, 0xe0, 0xff,
    0x80, 0x00, 0xe8, 0xff, 0x80, 0x00, 0xe8, 0xff, 0x78, 0x00, 0xe0, 0xff,
    0x80, 0x00, 0xe8, 0xff, 0x80, 0x00, 0xe8, 0xff, 0x78, 0x00, 0xe8, 0xff,
    0x80, 0x00, 0xe0, 0xff, 0x80, 0x00, 0xe8, 0xff, 0x80, 0x00, 0xe8, 0xff,
    0x80, 0x00, 0xe0, 0xff, 0x78, 0x00, 0xe8, 0xff, 0x80, 0x00, 0xe8, 0xff,
    0x78, 0x00, 0xe0, 0xff, 0x80, 0x00, 0xe8, 0xff, 0x80, 0x00, 0xe0, 0xff,
    0x78, 0x00, 0xe8, 0xff, 0x80, 0x00, 0xe0, 0xff, 0x80, 0x00, 0xe8, 0xff,
    0x80, 0x00, 0xe8, 0xff, 0x80, 0x00, 0xe8, 0xff, 0x78, 0x00, 0xe0, 0x41,
    0x00, 0x00, 0x00, 0x00, 0x00, 0x00, 0x00, 0x00, 0x00, 0x00, 0x00, 0x00,
    0x00, 0x00, 0x00, 0x00, 0x80, 0x00, 0xe8, 0x9e, 0x80, 0x00, 0xe8, 0xff,
    0x80, 0x00, 0xe8, 0xff, 0x80, 0x00, 0xe8, 0xff, 0x78, 0x00, 0xe8, 0xff,
    0x80, 0x00, 0xe8, 0xff, 0x80, 0x00, 0xe8, 0xff, 0x80, 0x00, 0xe0, 0xff,
    0x78, 0x00, 0xe8, 0xff, 0x80, 0x00, 0xe8, 0xff, 0x80, 0x00, 0xe0, 0xff,
    0x78, 0x00, 0xe8, 0xff, 0x80, 0x00, 0xe8, 0xff, 0x80, 0x00, 0xe0, 0xff,
    0x80, 0x00, 0xe8, 0xff, 0x78, 0x00, 0xe8, 0xff, 0x80, 0x00, 0xe8, 0xff,
    0x80, 0x00, 0xe0, 0xff, 0x78, 0x00, 0xe8, 0xff, 0x80, 0x00, 0xe8, 0xff,
    0x78, 0x00, 0xe8, 0xff, 0x80, 0x00, 0xe8, 0xff, 0x80, 0x00, 0xe0, 0xff,
    0x78, 0x00, 0xe8, 0xff, 0x80, 0x00, 0xe8, 0xff, 0x80, 0x00, 0xe8, 0xff,
    0x80, 0x00, 0xe0, 0xff, 0x80, 0x00, 0xe8, 0xff, 0x80, 0x00, 0xe8, 0xff,
    0x80, 0x00, 0xe8, 0xff, 0x78, 0x00, 0xe8, 0xff, 0x80, 0x00, 0xe8, 0xff,
    0x80, 0x00, 0xe8, 0xff, 0x80, 0x00, 0xe8, 0xff, 0x80, 0x00, 0xe8, 0xff,
    0x78, 0x00, 0xe8, 0xff, 0x80, 0x00, 0xe0, 0xff, 0x80, 0x00, 0xe8, 0xff,
    0x80, 0x00, 0xe8, 0xff, 0x80, 0x00, 0xe0, 0xff, 0x80, 0x00, 0xe8, 0xff,
    0x80, 0x00, 0xe8, 0xff, 0x78, 0x00, 0xe0, 0xff, 0x80, 0x00, 0xe8, 0xff,
    0x80, 0x00, 0xe8, 0xff, 0x80, 0x00, 0xe8, 0xff, 0x80, 0x00, 0xe0, 0xff,
    0x80, 0x00, 0xe8, 0xff, 0x78, 0x00, 0xe0, 0xff, 0x80, 0x00, 0xe8, 0xff,
    0x80, 0x00, 0xe8, 0xff, 0x80, 0x00, 0xe0, 0xff, 0x80, 0x00, 0xe8, 0xff,
    0x80, 0x00, 0xe8, 0xff, 0x80, 0x00, 0xe8, 0xff, 0x80, 0x00, 0xe0, 0xff,
    0x80, 0x00, 0xe8, 0xff, 0x80, 0x00, 0xe8, 0xff, 0x80, 0x00, 0xe0, 0xff,
    0x80, 0x00, 0xe8, 0xff, 0x78, 0x00, 0xe8, 0xff, 0x80, 0x00, 0xe8, 0xff,
    0x80, 0x00, 0xe0, 0xff, 0x78, 0x00, 0xe8, 0xff, 0x80, 0x00, 0xe0, 0xff,
    0x80, 0x00, 0xe8, 0xff, 0x78, 0x00, 0xe8, 0xff, 0x80, 0x00, 0xe8, 0xff,
    0x78, 0x00, 0xe8, 0xff, 0x80, 0x00, 0xe8, 0xff, 0x80, 0x00, 0xe8, 0xff,
    0x78, 0x00, 0xe8, 0xff, 0x80, 0x00, 0xe0, 0xff, 0x80, 0x00, 0xe8, 0xff,
    0x80, 0x00, 0xe8, 0xff, 0x80, 0x00, 0xe0, 0xff, 0x80, 0x00, 0xe8, 0xff,
    0x80, 0x00, 0xe8, 0xff, 0x78, 0x00, 0xe8, 0xff, 0x80, 0x00, 0xe0, 0xff,
    0x80, 0x00, 0xe8, 0xff, 0x80, 0x00, 0xe8, 0xff, 0x78, 0x00, 0xe0, 0xff,
    0x80, 0x00, 0xe8, 0xff, 0x80, 0x00, 0xe8, 0xff, 0x78, 0x00, 0xe8, 0xff,
    0x80, 0x00, 0xe0, 0xff, 0x80, 0x00, 0xe8, 0xff, 0x80, 0x00, 0xe0, 0xff,
    0x80, 0x00, 0xe8, 0xff, 0x80, 0x00, 0xe8, 0xff, 0x80, 0x00, 0xe8, 0xff,
    0x78, 0x00, 0xe8, 0xff, 0x80, 0x00, 0xe8, 0xff, 0x80, 0x00, 0xe8, 0xff,
    0x78, 0x00, 0xe8, 0xff, 0x80, 0x00, 0xe0, 0xff, 0x80, 0x00, 0xe8, 0xff,
    0x80, 0x00, 0xe8, 0xff, 0x78, 0x00, 0xe0, 0xff, 0x80, 0x00, 0xe8, 0xff,
    0x80, 0x00, 0xe8, 0xff, 0x78, 0x00, 0xe8, 0xff, 0x80, 0x00, 0xe0, 0xff,
    0x80, 0x00, 0xe8, 0xff, 0x80, 0x00, 0xe8, 0xff, 0x78, 0x00, 0xe0, 0xff,
    0x80, 0x00, 0xe8, 0xff, 0x78, 0x00, 0xe8, 0xff, 0x80, 0x00, 0xe8, 0xff,
    0x80, 0x00, 0xe0, 0xff, 0x80, 0x00, 0xe8, 0xff, 0x80, 0x00, 0xe0, 0xff,
    0x80, 0x00, 0xe8, 0xff, 0x80, 0x00, 0xe8, 0xff, 0x80, 0x00, 0xe8, 0xff,
    0x78, 0x00, 0xe8, 0xff, 0x80, 0x00, 0xe8, 0xff, 0x80, 0x00, 0xe8, 0xff,
    0x78, 0x00, 0xe8, 0xff, 0x80, 0x00, 0xe0, 0xff, 0x80, 0x00, 0xe8, 0xff,
    0x80, 0x00, 0xe8, 0xff, 0x78, 0x00, 0xe0, 0xff, 0x80, 0x00, 0xe8, 0xff,
    0x80, 0x00, 0xe8, 0xff, 0x78, 0x00, 0xe8, 0xff, 0x80, 0x00, 0xe0, 0xff,
    0x80, 0x00, 0xe8, 0xff, 0x80, 0x00, 0xe8, 0xff, 0x78, 0x00, 0xe0, 0xff,
    0x80, 0x00, 0xe8, 0xff, 0x78, 0x00, 0xe8, 0xff, 0x80, 0x00, 0xe8, 0xff,
    0x80, 0x00, 0xe0, 0xff, 0x80, 0x00, 0xe8, 0xff, 0x80, 0x00, 0xe0, 0xff,
    0x80, 0x00, 0xe8, 0xff, 0x80, 0x00, 0xe8, 0xff, 0x80, 0x00, 0xe8, 0xff,
    0x80, 0x00, 0xe0, 0xff, 0x80, 0x00, 0xe8, 0xff, 0x78, 0x00, 0xe8, 0xff,
    0x80, 0x00, 0xe0, 0xff, 0x80, 0x00, 0xe8, 0xff, 0x78, 0x00, 0xe8, 0xff,
    0x80, 0x00, 0xe0, 0xff, 0x80, 0x00, 0xe8, 0xff, 0x80, 0x00, 0xe8, 0xff,
    0x80, 0x00, 0xe8, 0xff, 0x80, 0x00, 0xe8, 0xff, 0x78, 0x00, 0xe8, 0xff,
    0x80, 0x00, 0xe0, 0xff, 0x80, 0x00, 0xe8, 0xff, 0x80, 0x00, 0xe8, 0xff,
    0x80, 0x00, 0xe0, 0xff, 0x78, 0x00, 0xe8, 0xff, 0x80, 0x00, 0xe8, 0xff,
    0x80, 0x00, 0xe8, 0xff, 0x78, 0x00, 0xe8, 0xff, 0x80, 0x00, 0xe8, 0xff,
    0x80, 0x00, 0xe8, 0xff, 0x78, 0x00, 0xe8, 0xff, 0x80, 0x00, 0xe8, 0xff,
    0x80, 0x00, 0xe8, 0xff, 0x80, 0x00, 0xe0, 0xff, 0x80, 0x00, 0xe8, 0xff,
    0x78, 0x00, 0xe0, 0xff, 0x80, 0x00, 0xe8, 0xff, 0x80, 0x00, 0xe8, 0xff,
    0x80, 0x00, 0xe8, 0xbe, 0x00, 0x00, 0x00, 0x00, 0x00, 0x00, 0x00, 0x00,
    0x00, 0x00, 0x00, 0x00, 0x80, 0x00, 0xe8, 0x20, 0x80, 0x00, 0xe8, 0xff,
    0x78, 0x00, 0xe0, 0xff, 0x80, 0x00, 0xe8, 0xff, 0x80, 0x00, 0xe0, 0xff,
    0x80, 0x00, 0xe8, 0xff, 0x78, 0x00, 0xe8, 0xff, 0x80, 0x00, 0xe0, 0xff,
    0x80, 0x00, 0xe8, 0xff, 0x80, 0x00, 0xe8, 0xff, 0x78, 0x00, 0xe8, 0xff,
    0x80, 0x00, 0xe8, 0xff, 0x80, 0x00, 0xe8, 0xff, 0x80, 0x00, 0xe0, 0xff,
    0x80, 0x00, 0xe8, 0xff, 0x78, 0x00, 0xe8, 0xff, 0x80, 0x00, 0xe0, 0xff,
    0x80, 0x00, 0xe8, 0xff, 0x80, 0x00, 0xe8, 0xff, 0x78, 0x00, 0xe8, 0xff,
    0x80, 0x00, 0xe0, 0xff, 0x80, 0x00, 0xe8, 0xff, 0x78, 0x00, 0xe8, 0xff,
    0x80, 0x00, 0xe8, 0xff, 0x80, 0x00, 0xe8, 0xff, 0x78, 0x00, 0xe0, 0xff,
    0x80, 0x00, 0xe8, 0xff, 0x80, 0x00, 0xe8, 0xff, 0x78, 0x00, 0xe0, 0xff,
    0x80, 0x00, 0xe0, 0xff, 0x80, 0x00, 0xe8, 0xff, 0x80, 0x00, 0xe8, 0xff,
    0x78, 0x00, 0xe0, 0xff, 0x80, 0x00, 0xe8, 0xff, 0x80, 0x00, 0xe0, 0xff,
    0x78, 0x00, 0xe8, 0xff, 0x80, 0x00, 0xe8, 0xff, 0x78, 0x00, 0xe8, 0xff,
    0x80, 0x00, 0xe8, 0xff, 0x78, 0x00, 0xe8, 0xff, 0x80, 0x00, 0xe0, 0xff,
    0x80, 0x00, 0xe8, 0xff, 0x78, 0x00, 0xe8, 0xff, 0x80, 0x00, 0xe8, 0xff,
    0x80, 0x00, 0xe8, 0xff, 0x78, 0x00, 0xe0, 0xff, 0x80, 0x00, 0xe8, 0xff,
    0x80, 0x00, 0xe8, 0xff, 0x78, 0x00, 0xe8, 0xff, 0x80, 0x00, 0xe8, 0xff,
    0x80, 0x00, 0xe0, 0xff, 0x78, 0x00, 0xe8, 0xff, 0x80, 0x00, 0xe8, 0xff,
    0x78, 0x00, 0xe0, 0xff, 0x80, 0x00, 0xe8, 0xff, 0x78, 0x00, 0xe8, 0xff,
    0x80, 0x00, 0xe0, 0xff, 0x78, 0x00, 0xe8, 0xff, 0x80, 0x00, 0xe8, 0xff,
    0x80, 0x00, 0xe8, 0xff, 0x78, 0x00, 0xe0, 0xff, 0x80, 0x00, 0xe8, 0xff,
    0x80, 0x00, 0xe8, 0xff, 0x80, 0x00, 0xe8, 0xff, 0x80, 0x00, 0xe8, 0xff,
    0x80, 0x00, 0xe8, 0xff, 0x80, 0x00, 0xe0, 0xff, 0x80, 0x00, 0xe8, 0xff,
    0x78, 0x00, 0xe0, 0xff, 0x80, 0x00, 0xe8, 0xff, 0x80, 0x00, 0xe0, 0xff,
    0x78, 0x00, 0xe8, 0xff, 0x80, 0x00, 0xe8, 0xff, 0x80, 0x00, 0xe0, 0xff,
    0x78, 0x00, 0xe8, 0xff, 0x80, 0x00, 0xe8, 0xff, 0x78, 0x00, 0xe0, 0xff,
    0x80, 0x00, 0xe8, 0xff, 0x80, 0x00, 0xe8, 0xff, 0x80, 0x00, 0xe0, 0xff,
    0x80, 0x00, 0xe8, 0xff, 0x80, 0x00, 0xe8, 0xff, 0x80, 0x00, 0xe8, 0xff,
    0x80, 0x00, 0xe0, 0xff, 0x78, 0x00, 0xe8, 0xff, 0x80, 0x00, 0xe8, 0xff,
    0x80, 0x00, 0xe8, 0xff, 0x78, 0x00, 0xe8, 0xff, 0x80, 0x00, 0xe8, 0xff,
    0x78, 0x00, 0xe8, 0xff, 0x80, 0x00, 0xe0, 0xff, 0x80, 0x00, 0xe8, 0xff,
    0x78, 0x00, 0xe0, 0xff, 0x80, 0x00, 0xe8, 0xff, 0x80, 0x00, 0xe0, 0xff,
    0x78, 0x00, 0xe8, 0xff, 0x80, 0x00, 0xe8, 0xff, 0x80, 0x00, 0xe0, 0xff,
    0x78, 0x00, 0xe8, 0xff, 0x80, 0x00, 0xe8, 0xff, 0x80, 0x00, 0xe0, 0xff,
    0x80, 0x00, 0xe8, 0xff, 0x80, 0x00, 0xe8, 0xff, 0x78, 0x00, 0xe0, 0xff,
    0x80, 0x00, 0xe8, 0xff, 0x80, 0x00, 0xe8, 0xff, 0x80, 0x00, 0xe8, 0xff,
    0x80, 0x00, 0xe0, 0xff, 0x80, 0x00, 0xe8, 0xff, 0x80, 0x00, 0xe8, 0xff,
    0x78, 0x00, 0xe8, 0xff, 0x80, 0x00, 0xe8, 0xff, 0x78, 0x00, 0xe8, 0xff,
    0x80, 0x00, 0xe8, 0xff, 0x78, 0x00, 0xe0, 0xff, 0x80, 0x00, 0xe8, 0xff,
    0x80, 0x00, 0xe0, 0xff, 0x78, 0x00, 0xe8, 0xff, 0x80, 0x00, 0xe0, 0xff,
    0x80, 0x00, 0xe8, 0xff, 0x78, 0x00, 0xe8, 0xff, 0x80, 0x00, 0xe0, 0xff,
    0x80, 0x00, 0xe8, 0xff, 0x78, 0x00, 0xe8, 0xff, 0x80, 0x00, 0xe0, 0xff,
    0x80, 0x00, 0xe8, 0xff, 0x80, 0x00, 0xe8, 0xff, 0x78, 0x00, 0xe0, 0xff,
    0x80, 0x00, 0xe8, 0xff, 0x80, 0x00, 0xe8, 0xff, 0x80, 0x00, 0xe8, 0xff,
    0x80, 0x00, 0xe0, 0xff, 0x80, 0x00, 0xe8, 0xff, 0x80, 0x00, 0xe8, 0xff,
    0x78, 0x00, 0xe8, 0xff, 0x80, 0x00, 0xe8, 0xff, 0x78, 0x00, 0xe8, 0xff,
    0x80, 0x00, 0xe8, 0xff, 0x78, 0x00, 0xe0, 0xff, 0x80, 0x00, 0xe8, 0xff,
    0x78, 0x00, 0xe8, 0xff, 0x80, 0x00, 0xe8, 0xff, 0x80, 0x00, 0xe0, 0xff,
    0x80, 0x00, 0xe8, 0xff, 0x78, 0x00, 0xe8, 0xff, 0x80, 0x00, 0xe0, 0xff,
    0x80, 0x00, 0xe8, 0xff, 0x80, 0x00, 0xe8, 0xff, 0x78, 0x00, 0xe0, 0xff,
    0x80, 0x00, 0xe8, 0xff, 0x80, 0x00, 0xe0, 0xff, 0x78, 0x00, 0xe8, 0xff,
    0x80, 0x00, 0xe8, 0xff, 0x80, 0x00, 0xe8, 0xff, 0x78, 0x00, 0xe8, 0xff,
    0x80, 0x00, 0xe8, 0xff, 0x80, 0x00, 0xe8, 0xff, 0x80, 0x00, 0xe8, 0xff,
    0x78, 0x00, 0xe0, 0xff, 0x80, 0x00, 0xe8, 0xff, 0x80, 0x00, 0xe8, 0xff,
    0x80, 0x00, 0xe0, 0xff, 0x80, 0x00, 0xe8, 0xff, 0x80, 0x00, 0xe0, 0xff,
    0x78, 0x00, 0xe8, 0xff, 0x80, 0x00, 0xe8, 0xff, 0x80, 0x00, 0xe8, 0xff,
    0x78, 0x00, 0xe8, 0xff, 0x80, 0x00, 0xe8, 0xff, 0x80, 0x00, 0xe0, 0xff,
    0x78, 0x00, 0xe8, 0xff, 0x80, 0x00, 0xe8, 0xff, 0x80, 0x00, 0xe0, 0x10,
    0x00, 0x00, 0x00, 0x00, 0x00, 0x00, 0x00, 0x00, 0x80, 0x00, 0xe8, 0x8e,
    0x80, 0x00, 0xe8, 0xff, 0x78, 0x00, 0xe8, 0xff, 0x80, 0x00, 0xe0, 0xff,
    0x80, 0x00, 0xe8, 0xff, 0x78, 0x00, 0xe8, 0xff, 0x80, 0x00, 0xe0, 0xff,
    0x80, 0x00, 0xe8, 0xff, 0x78, 0x00, 0xe8, 0xff, 0x80, 0x00, 0xe0, 0xff,
    0x80, 0x00, 0xe8, 0xff, 0x80, 0x00, 0xe8, 0xff, 0x78, 0x00, 0xe0, 0xff,
    0x80, 0x00, 0xe8, 0xff, 0x80, 0x00, 0xe8, 0xff, 0x80, 0x00, 0xe8, 0xff,
    0x80, 0x00, 0xe0, 0xff, 0x80, 0x00, 0xe8, 0xff, 0x78, 0x00, 0xe8, 0xff,
    0x80, 0x00, 0xe0, 0xff, 0x80, 0x00, 0xe8, 0xff, 0x80, 0x00, 0xe8, 0xff,
    0x80, 0x00, 0xe0, 0xff, 0x80, 0x00, 0xe8, 0xff, 0x80, 0x00, 0xe8, 0xff,
    0x80, 0x00, 0xe0, 0xff, 0x80, 0x00, 0xe8, 0xff, 0x78, 0x00, 0xe8, 0xff,
    0x80, 0x00, 0xe8, 0xff, 0x78, 0x00, 0xe8, 0xff, 0x80, 0x00, 0xe8, 0xff,
    0x80, 0x00, 0xe0, 0xff, 0x80, 0x00, 0xe8, 0xff, 0x78, 0x00, 0xe8, 0xff,
    0x80, 0x00, 0xe0, 0xff, 0x80, 0x00, 0xe8, 0xff, 0x80, 0x00, 0xe8, 0xff,
    0x80, 0x00, 0xe0, 0xff, 0x80, 0x00, 0xe8, 0xff, 0x78, 0x00, 0xe8, 0xff,
    0x80, 0x00, 0xe8, 0xff, 0x80, 0x00, 0xe0, 0xff, 0x78, 0x00, 0xe8, 0xff,
    0x80, 0x00, 0xe8, 0xff, 0x80, 0x00, 0xe0, 0xff, 0x80, 0x00, 0xe8, 0xff,
    0x78, 0x00, 0xe8, 0xff, 0x80, 0x00, 0xe8, 0xff, 0x80, 0x00, 0xe0, 0xff,
    0x80, 0x00, 0xe8, 0xff, 0x80, 0x00, 0xe8, 0xff, 0x80, 0x00, 0xe8, 0xff,
    0x78, 0x00, 0xe8, 0xff, 0x80, 0x00, 0xe0, 0xff, 0x80, 0x00, 0xe8, 0xff,
    0x80, 0x00, 0xe8, 0xff, 0x78, 0x00, 0xe8, 0xff, 0x80, 0x00, 0xe8, 0xff,
    0x80, 0x00, 0xe8, 0xff, 0x78, 0x00, 0xe8, 0xff, 0x80, 0x00, 0xe0, 0xff,
    0x80, 0x00, 0xe8, 0xff, 0x78, 0x00, 0xe8, 0xff, 0x80, 0x00, 0xe0, 0xff,
    0x78, 0x00, 0xe8, 0xff, 0x80, 0x00, 0xe8, 0xff, 0x80, 0x00, 0xe8, 0xff,
    0x80, 0x00, 0xe8, 0xff, 0x80, 0x00, 0xe8, 0xff, 0x80, 0x00, 0xe0, 0xff,
    0x80, 0x00, 0xe8, 0xff, 0x80, 0x00, 0xe8, 0xff, 0x80, 0x00, 0xe8, 0xff,
    0x80, 0x00, 0xe8, 0xff, 0x80, 0x00, 0xe8, 0xff, 0x80, 0x00, 0xe8, 0xff,
    0x80, 0x00, 0xe8, 0xff, 0x78, 0x00, 0xe0, 0xff, 0x80, 0x00, 0xe8, 0xff,
    0x80, 0x00, 0xe8, 0xff, 0x78, 0x00, 0xe8, 0xff, 0x78, 0x00, 0xe8, 0xff,
    0x80, 0x00, 0xe8, 0xff, 0x80, 0x00, 0xe8, 0xff, 0x80, 0x00, 0xe0, 0xff,
    0x80, 0x00, 0xe8, 0xff, 0x80, 0x00, 0xe0, 0xff, 0x80, 0x00, 0xe8, 0xff,
    0x80, 0x00, 0xe8, 0xff, 0x80, 0x00, 0xe8, 0xff, 0x78, 0x00, 0xe8, 0xff,
    0x80, 0x00, 0xe0, 0xff, 0x80, 0x00, 0xe8, 0xff, 0x80, 0x00, 0xe8, 0xff,
    0x80, 0x00, 0xe8, 0xff, 0x80, 0x00, 0xe0, 0xff, 0x80, 0x00, 0xe8, 0xff,
    0x80, 0x00, 0xe8, 0xff, 0x78, 0x00, 0xe8, 0xff, 0x80, 0x00, 0xe8, 0xff,
    0x80, 0x00, 0xe8, 0xff, 0x78, 0x00, 0xe8, 0xff, 0x80, 0x00, 0xe0, 0xff,
    0x80, 0x00, 0xe8, 0xff, 0x78, 0x00, 0xe8, 0xff, 0x80, 0x00, 0xe8, 0xff,
    0x78, 0x00, 0xe8, 0xff, 0x80, 0x00, 0xe8, 0xff, 0x80, 0x00, 0xe0, 0xff,
    0x80, 0x00, 0xe8, 0xff, 0x80, 0x00, 0xe0, 0xff, 0x78, 0x00, 0xe8, 0xff,
    0x80, 0x00, 0xe8, 0xff, 0x80, 0x00, 0xe8, 0xff, 0x80, 0x00, 0xe8, 0xff,
    0x78, 0x00, 0xe0, 0xff, 0x80, 0x00, 0xe8, 0xff, 0x80, 0x00, 0xe8, 0xff,
    0x80, 0x00, 0xe8, 0xff, 0x80, 0x00, 0xe0, 0xff, 0x80, 0x00, 0xe8, 0xff,
    0x80, 0x00, 0xe8, 0xff, 0x78, 0x00, 0xe8, 0xff, 0x80, 0x00, 0xe8, 0xff,
    0x80, 0x00, 0xe8, 0xff, 0x80, 0x00, 0xe8, 0xff, 0x80, 0x00, 0xe0, 0xff,
    0x80, 0x00, 0xe8, 0xff, 0x78, 0x00, 0xe8, 0xff, 0x80, 0x00, 0xe8, 0xff,
    0x78, 0x00, 0xe8, 0xff, 0x80, 0x00, 0xe8, 0xff, 0x80, 0x00, 0xe0, 0xff,
    0x80, 0x00, 0xe8, 0xff, 0x80, 0x00, 0xe0, 0xff, 0x78, 0x00, 0xe8, 0xff,
    0x80, 0x00, 0xe8, 0xff, 0x80, 0x00, 0xe8, 0xff, 0x80, 0x00, 0xe0, 0xff,
    0x78, 0x00, 0xe8, 0xff, 0x80, 0x00, 0xe8, 0xff, 0x80, 0x00, 0xe8, 0xff,
    0x78, 0x00, 0xe8, 0xff, 0x80, 0x00, 0xe8, 0xff, 0x80, 0x00, 0xe8, 0xff,
    0x80, 0x00, 0xe8, 0xff, 0x80, 0x00, 0xe8, 0xff, 0x78, 0x00, 0xe8, 0xff,
    0x80, 0x00, 0xe8, 0xff, 0x80, 0x00, 0xe8, 0xff, 0x78, 0x00, 0xe0, 0xff,
    0x80, 0x00, 0xe8, 0xff, 0x80, 0x00, 0xe8, 0xff, 0x80, 0x00, 0xe0, 0xff,
    0x78, 0x00, 0xe0, 0xff, 0x80, 0x00, 0xe8, 0xff, 0x80, 0x00, 0xe8, 0xff,
    0x80, 0x00, 0xe0, 0xff, 0x80, 0x00, 0xe8, 0xff, 0x78, 0x00, 0xe8, 0xff,
    0x80, 0x00, 0xe0, 0xff, 0x80, 0x00, 0xe8, 0xff, 0x78, 0x00, 0xe8, 0xff,
    0x80, 0x00, 0xe8, 0xff, 0x80, 0x00, 0xe0, 0xff, 0x80, 0x00, 0xe8, 0xff,
    0x78, 0x00, 0xe8, 0xff, 0x80, 0x00, 0xe8, 0xff, 0x80, 0x00, 0xe8, 0xff,
    0x80, 0x00, 0xe0, 0xff, 0x80, 0x00, 0xe8, 0xff, 0x78, 0x00, 0xe0, 0xff,
    0x80, 0x00, 0xe8, 0x7d, 0x00, 0x00, 0x00, 0x00, 0x00, 0x00, 0x00, 0x00,
    0x80, 0x00, 0xe8, 0xdf, 0x80, 0x00, 0xe0, 0xff, 0x80, 0x00, 0xe8, 0xff,
    0x78, 0x00, 0xe8, 0xff, 0x80, 0x00, 0xe8, 0xff, 0x80, 0x00, 0xe8, 0xff,
    0x80, 0x00, 0xe8, 0xff, 0x80, 0x00, 0xe8, 0xff, 0x80, 0x00, 0xe8, 0xff,
    0x78, 0x00, 0xe0, 0xff, 0x80, 0x00, 0xe8, 0xff, 0x80, 0x00, 0xe8, 0xff,
    0x78, 0x00, 0xe8, 0xff, 0x80, 0x00, 0xe8, 0xff, 0x80, 0x00, 0xe8, 0xff,
    0x78, 0x00, 0xe0, 0xff, 0x80, 0x00, 0xe8, 0xff, 0x80, 0x00, 0xe8, 0xff,
    0x80, 0x00, 0xe8, 0xff, 0x80, 0x00, 0xe8, 0xff, 0x78, 0x00, 0xe8, 0xff,
    0x80, 0x00, 0xe8, 0xff, 0x80, 0x00, 0xe0, 0xff, 0x78, 0x00, 0xe8, 0xff,
    0x80, 0x00, 0xe8, 0xff, 0x80, 0x00, 0xe8, 0xff, 0x78, 0x00, 0xe8, 0xff,
    0x80, 0x00, 0xe0, 0xff, 0x80, 0x00, 0xe8, 0xff, 0x80, 0x00, 0xe8, 0xff,
    0x78, 0x00, 0xe8, 0xff, 0x80, 0x00, 0xe8, 0xff, 0x80, 0x00, 0xe8, 0xff,
    0x80, 0x00, 0xe8, 0xff, 0x78, 0x00, 0xe8, 0xff, 0x80, 0x00, 0xe8, 0xff,
    0x80, 0x00, 0xe0, 0xff, 0x80, 0x00, 0xe8, 0xff, 0x80, 0x00, 0xe0, 0xff,
    0x80, 0x00, 0xe8, 0xff, 0x80, 0x00, 0xe8, 0xff, 0x80, 0x00, 0xe8, 0xff,
    0x80, 0x00, 0xe0, 0xff, 0x80, 0x00, 0xe8, 0xff, 0x80, 0x00, 0xe8, 0xff,
    0x80, 0x00, 0xe8, 0xff, 0x80, 0x00, 0xe0, 0xff, 0x78, 0x00, 0xe8, 0xff,
    0x80, 0x00, 0xe8, 0xff, 0x78, 0x00, 0xe0, 0xff, 0x80, 0x00, 0xe8, 0xff,
    0x80, 0x00, 0xe8, 0xff, 0x80, 0x00, 0xe0, 0xff, 0x80, 0x00, 0xe8, 0xff,
    0x80, 0x00, 0xe8, 0xff, 0x80, 0x00, 0xe0, 0xff, 0x80, 0x00, 0xe8, 0xff,
    0x80, 0x00, 0xe0, 0xff, 0x80, 0x00, 0xe8, 0xff, 0x80, 0x00, 0xe8, 0xff,
    0x80, 0x00, 0xe8, 0xff, 0x80, 0x00, 0xe8, 0xff, 0x80, 0x00, 0xe0, 0xff,
    0x78, 0x00, 0xe8, 0xff, 0x80, 0x00, 0xe8, 0xff, 0x78, 0x00, 0xe0, 0xff,
    0x80, 0x00, 0xe8, 0xff, 0x78, 0x00, 0xe8, 0xff, 0x80, 0x00, 0xe8, 0xff,
    0x78, 0x00, 0xe8, 0xff, 0x80, 0x00, 0xe8, 0xff, 0x80, 0x00, 0xe0, 0xff,
    0x78, 0x00, 0xe8, 0xff, 0x80, 0x00, 0xe0, 0xff, 0x80, 0x00, 0xe8, 0xff,
    0x78, 0x00, 0xe8, 0xff, 0x80, 0x00, 0xe0, 0xff, 0x80, 0x00, 0xe8, 0xff,
    0x78, 0x00, 0xe8, 0xff, 0x80, 0x00, 0xe0, 0xff, 0x80, 0x00, 0xe8, 0xff,
    0x80, 0x00, 0xe0, 0xff, 0x78, 0x00, 0xe8, 0xff, 0x80, 0x00, 0xe8, 0xff,
    0x78, 0x00, 0xe8, 0xff, 0x80, 0x00, 0xe8, 0xff, 0x78, 0x00, 0xe0, 0xff,
    0x80, 0x00, 0xe8, 0xff, 0x80, 0x00, 0xe0, 0xff, 0x80, 0x00, 0xe8, 0xff,
    0x80, 0x00, 0xe8, 0xff, 0x78, 0x00, 0xe8, 0xff, 0x80, 0x00, 0xe8, 0xff,
    0x80, 0x00, 0xe8, 0xff, 0x78, 0x00, 0xe8, 0xff, 0x80, 0x00, 0xe8, 0xff,
    0x80, 0x00, 0xe8, 0xff, 0x78, 0x00, 0xe0, 0xff, 0x80, 0x00, 0xe8, 0xff,
    0x80, 0x00, 0xe0, 0xff, 0x80, 0x00, 0xe8, 0xff, 0x78, 0x00, 0xe8, 0xff,
    0x80, 0x00, 0xe8, 0xff, 0x80, 0x00, 0xe8, 0xff, 0x80, 0x00, 0xe0, 0xff,
    0x80, 0x00, 0xe0, 0xff, 0x78, 0x00, 0xe8, 0xff, 0x80, 0x00, 0xe8, 0xff,
    0x78, 0x00, 0xe8, 0xff, 0x80, 0x00, 0xe8, 0xff, 0x80, 0x00, 0xe0, 0xff,
    0x80, 0x00, 0xe8, 0xff, 0x80, 0x00, 0xe0, 0xff, 0x80, 0x00, 0xe8, 0xff,
    0x80, 0x00, 0xe8, 0xff, 0x80, 0x00, 0xe8, 0xff, 0x80, 0x00, 0xe8, 0xff,
    0x78, 0x00, 0xe8, 0xff, 0x80, 0x00, 0xe8, 0xff, 0x78, 0x00, 0xe8, 0xff,
    0x80, 0x00, 0xe8, 0xff, 0x80, 0x00, 0xe0, 0xff, 0x80, 0x00, 0xe8, 0xff,
    0x80, 0x00, 0xe0, 0xff, 0x78, 0x00, 0xe8, 0xff, 0x78, 0x00, 0xe8, 0xff,
    0x80, 0x00, 0xe8, 0xff, 0x80, 0x00, 0xe8, 0xff, 0x80, 0x00, 0xe0, 0xff,
    0x80, 0x00, 0xe0, 0xff, 0x78, 0x00, 0xe8, 0xff, 0x80, 0x00, 0xe8, 0xff,
    0x78, 0x00, 0xe8, 0xff, 0x80, 0x00, 0xe8, 0xff, 0x80, 0x00, 0xe0, 0xff,
    0x80, 0x00, 0xe8, 0xff, 0x80, 0x00, 0xe8, 0xff, 0x80, 0x00, 0xe0, 0xff,
    0x80, 0x00, 0xe8, 0xff, 0x80, 0x00, 0xe8, 0xff, 0x80, 0x00, 0xe0, 0xff,
    0x80, 0x00, 0xe0, 0xff, 0x80, 0x00, 0xe8, 0xff, 0x78, 0x00, 0xe0, 0xff,
    0x80, 0x00, 0xe8, 0xff, 0x80, 0x00, 0xe0, 0xff, 0x78, 0x00, 0xe8, 0xff,
    0x80, 0x00, 0xe0, 0xff, 0x80, 0x00, 0xe8, 0xff, 0x80, 0x00, 0xe8, 0xff,
    0x80, 0x00, 0xe8, 0xff, 0x80, 0x00, 0xe8, 0xff, 0x80, 0x00, 0xe8, 0xff,
    0x80, 0x00, 0xe8, 0xff, 0x80, 0x00, 0xe8, 0xff, 0x78, 0x00, 0xe0, 0xff,
    0x80, 0x00, 0xe8, 0xff, 0x78, 0x00, 0xe8, 0xff, 0x80, 0x00, 0xe8, 0xff,
    0x80, 0x00, 0xe8, 0xff, 0x80, 0x00, 0xe0, 0xff, 0x78, 0x00, 0xe8, 0xff,
    0x80, 0x00, 0xe8, 0xff, 0x80, 0x00, 0xe8, 0xff, 0x80, 0x00, 0xe0, 0xff,
    0x78, 0x00, 0xe8, 0xff, 0x80, 0x00, 0xe0, 0xff, 0x80, 0x00, 0xe8, 0xff,
    0x80, 0x00, 0xe8, 0xff, 0x78, 0x00, 0xe8, 0xff, 0x80, 0x00, 0xe8, 0xff,
    0x80, 0x00, 0xe8, 0xff, 0x80, 0x00, 0xe8, 0xdf, 0x00, 0x00, 0x00, 0x00,
    0x80, 0x00, 0xe8, 0x20, 0x78, 0x00, 0xe8, 0xff, 0x80, 0x00, 0xe8, 0xff,
    0x80, 0x00, 0xe0, 0xff, 0x80, 0x00, 0xe8, 0xff, 0x80, 0x00, 0xe8, 0xff,
    0x78, 0x00, 0xe0, 0xff, 0x80, 0x00, 0xe8, 0xff, 0x80, 0x00, 0xe8, 0xff,
    0x80, 0x00, 0xe0, 0xff, 0x80, 0x00, 0xe8, 0xff, 0x80, 0x00, 0xe8, 0xff,
    0x80, 0x00, 0xe0, 0xff, 0x80, 0x00, 0xe8, 0xff, 0x80, 0x00, 0xe8, 0xff,
    0x78, 0x00, 0xe0, 0xff, 0x80, 0x00, 0xe8, 0xff, 0x78, 0x00, 0xe8, 0xff,
    0x80, 0x00, 0xe0, 0xff, 0x80, 0x00, 0xe8, 0xff, 0x78, 0x00, 0xe8, 0xff,
    0x80, 0x00, 0xe0, 0xff, 0x80, 0x00, 0xe8, 0xff, 0x78, 0x00, 0xe8, 0xff,
    0x80, 0x00, 0xe0, 0xff, 0x80, 0x00, 0xe8, 0xff, 0x78, 0x00, 0xe8, 0xff,
    0x80, 0x00, 0xe0, 0xff, 0x80, 0x00, 0xe8, 0xff, 0x80, 0x00, 0xe8, 0xff,
    0x80, 0x00, 0xe0, 0xff, 0x80, 0x00, 0xe0, 0xff, 0x78, 0x00, 0xe8, 0xff,
    0x80, 0x00, 0xe0, 0xff, 0x80, 0x00, 0xe8, 0xff, 0x80, 0x00, 0xe8, 0xff,
    0x78, 0x00, 0xe0, 0xff, 0x80, 0x00, 0xe8, 0xff, 0x78, 0x00, 0xe8, 0xff,
    0x78, 0x00, 0xe8, 0xff, 0x80, 0x00, 0xe0, 0xff, 0x78, 0x00, 0xe8, 0xff,
    0x80, 0x00, 0xe8, 0xff, 0x78, 0x00, 0xe8, 0xff, 0x80, 0x00, 0xe0, 0xff,
    0x78, 0x00, 0xe8, 0xff, 0x80, 0x00, 0xe8, 0xff, 0x80, 0x00, 0xe8, 0xff,
    0x80, 0x00, 0xe8, 0xff, 0x80, 0x00, 0xe8, 0xff, 0x78, 0x00, 0xe8, 0xff,
    0x80, 0x00, 0xe0, 0xff, 0x80, 0x00, 0xe8, 0xff, 0x78, 0x00, 0xe8, 0xff,
    0x78, 0x00, 0xe8, 0xff, 0x80, 0x00, 0xe8, 0xff, 0x78, 0x00, 0xe8, 0xff,
    0x80, 0x00, 0xe0, 0xff, 0x78, 0x00, 0xe8, 0xff, 0x80, 0x00, 0xe8, 0xff,
    0x78, 0x00, 0xe0, 0xff, 0x80, 0x00, 0xe8, 0xff, 0x80, 0x00, 0xe8, 0xff,
    0x80, 0x00, 0xe8, 0xff, 0x80, 0x00, 0xe8, 0xff, 0x80, 0x00, 0xe0, 0xff,
    0x80, 0x00, 0xe8, 0xff, 0x80, 0x00, 0xe0, 0xff, 0x80, 0x00, 0xe8, 0xff,
    0x78, 0x00, 0xe0, 0xff, 0x80, 0x00, 0xe8, 0xff, 0x80, 0x00, 0xe8, 0xff,
    0x78, 0x00, 0xe8, 0xff, 0x80, 0x00, 0xe0, 0xff, 0x80, 0x00, 0xe8, 0xff,
    0x78, 0x00, 0xe8, 0xff, 0x80, 0x00, 0xe0, 0xff, 0x80, 0x00, 0xe8, 0xff,
    0x80, 0x00, 0xe8, 0xff, 0x80, 0x00, 0xe8, 0xff, 0x80, 0x00, 0xe8, 0xff,
    0x80, 0x00, 0xe0, 0xff, 0x80, 0x00, 0xe8, 0xff, 0x80, 0x00, 0xe8, 0xff,
    0x80, 0x00, 0xe0, 0xff, 0x80, 0x00, 0xe8, 0xff, 0x78, 0x00, 0xe8, 0xff,
    0x80, 0x00, 0xe8, 0xff, 0x78, 0x00, 0xe8, 0xff, 0x80, 0x00, 0xe8, 0xff,
    0x78, 0x00, 0xe0, 0xff, 0x80, 0x00, 0xe8, 0xff, 0x80, 0x00, 0xe8, 0xff,
    0x78, 0x00, 0xe0, 0xff, 0x80, 0x00, 0xe0, 0xff, 0x80, 0x00, 0xe8, 0xff,
    0x78, 0x00, 0xe8, 0xff, 0x80, 0x00, 0xe0, 0xff, 0x80, 0x00, 0xe8, 0xff,
    0x80, 0x00, 0xe8, 0xff, 0x80, 0x00, 0xe8, 0xff, 0x78, 0x00, 0xe0, 0xff,
    0x80, 0x00, 0xe8, 0xff, 0x80, 0x00, 0xe8, 0xff, 0x80, 0x00, 0xe8, 0xff,
    0x80, 0x00, 0xe8, 0xff, 0x80, 0x00, 0xe8, 0xff, 0x80, 0x00, 0xe0, 0xff,
    0x80, 0x00, 0xe8, 0xff, 0x80, 0x00, 0xe8, 0xff, 0x78, 0x00, 0xe8, 0xff,
    0x80, 0x00, 0xe8, 0xff, 0x80, 0x00, 0xe8, 0xff, 0x78, 0x00, 0xe8, 0xff,
    0x78, 0x00, 0xe0, 0xff, 0x80, 0x00, 0xe8, 0xff, 0x80, 0x00, 0xe8, 0xff,
    0x78, 0x00, 0xe0, 0xff, 0x80, 0x00, 0xe0, 0xff, 0x80, 0x00, 0xe8, 0xff,
    0x80, 0x00, 0xe8, 0xff, 0x78, 0x00, 0xe0, 0xff, 0x80, 0x00, 0xe8, 0xff,
    0x80, 0x00, 0xe8, 0xff, 0x80, 0x00, 0xe8, 0xff, 0x80, 0x00, 0xe0, 0xff,
    0x80, 0x00, 0xe8, 0xff, 0x78, 0x00, 0xe8, 0xff, 0x80, 0x00, 0xe8, 0xff,
    0x80, 0x00, 0xe8, 0xff, 0x80, 0x00, 0xe8, 0xff, 0x80, 0x00, 0xe0, 0xff,
    0x80, 0x00, 0xe8, 0xff, 0x80, 0x00, 0xe8, 0xff, 0x78, 0x00, 0xe8, 0xff,
    0x80, 0x00, 0xe8, 0xff, 0x78, 0x00, 0xe0, 0xff, 0x80, 0x00, 0xe8, 0xff,
    0x78, 0x00, 0xe8, 0xff, 0x80, 0x00, 0xe8, 0xff, 0x78, 0x00, 0xe8, 0xff,
    0x80, 0x00, 0xe8, 0xff, 0x80, 0x00, 0xe8, 0xff, 0x78, 0x00, 0xe8, 0xff,
    0x80, 0x00, 0xe8, 0xff, 0x80, 0x00, 0xe0, 0xff, 0x80, 0x00, 0xe8, 0xff,
    0x80, 0x00, 0xe8, 0xff, 0x80, 0x00, 0xe8, 0xff, 0x78, 0x00, 0xe0, 0xff,
    0x80, 0x00, 0xe8, 0xff, 0x80, 0x00, 0xe0, 0xff, 0x78, 0x00, 0xe8, 0xff,
    0x78, 0x00, 0xe0, 0xff, 0x80, 0x00, 0xe8, 0xff, 0x80, 0x00, 0xe8, 0xff,
    0x80, 0x00, 0xe8, 0xff, 0x80, 0x00, 0xe0, 0xff, 0x80, 0x00, 0xe8, 0xff,
    0x78, 0x00, 0xe8, 0xff, 0x80, 0x00, 0xe0, 0xff, 0x80, 0x00, 0xe8, 0xff,
    0x80, 0x00, 0xe8, 0xff, 0x80, 0x00, 0xe0, 0xff, 0x78, 0x00, 0xe8, 0xff,
    0x80, 0x00, 0xe8, 0xff, 0x80, 0x00, 0xe8, 0xff, 0x80, 0x00, 0xe8, 0xff,
    0x80, 0x00, 0xe0, 0xff, 0x78, 0x00, 0xe8, 0xff, 0x80, 0x00, 0xe8, 0xff,
    0x80, 0x00, 0xe0, 0xff, 0x80, 0x00, 0xe8, 0xff, 0x78, 0x00, 0xe8, 0xff,
    0x80, 0x00, 0xe0, 0x20, 0x80, 0x00, 0xe0, 0x61, 0x80, 0x00, 0xe8, 0xff,
    0x78, 0x00, 0xe8, 0xff, 0x80, 0x00, 0xe8, 0xff, 0x80, 0x00, 0xe0, 0xff,
    0x78, 0x00, 0xe8, 0xff, 0x80, 0x00, 0xe8, 0xff, 0x80, 0x00, 0xe0, 0xff,
    0x78, 0x00, 0xe8, 0xff, 0x78, 0x00, 0xe8, 0xff, 0x80, 0x00, 0xe8, 0xff,
    0x78, 0x00, 0xe8, 0xff, 0x80, 0x00, 0xe0, 0xff, 0x80, 0x00, 0xe8, 0xff,
    0x78, 0x00, 0xe8, 0xff, 0x80, 0x00, 0xe8, 0xff, 0x80, 0x00, 0xe8, 0xff,
    0x80, 0x00, 0xe8, 0xff, 0x78, 0x00, 0xe0, 0xff, 0x80, 0x00, 0xe8, 0xff,
    0x80, 0x00, 0xe8, 0xff, 0x80, 0x00, 0xe0, 0xff, 0x80, 0x00, 0xe8, 0xff,
    0x80, 0x00, 0xe8, 0xff, 0x80, 0x00, 0xe8, 0xff, 0x80, 0x00, 0xe8, 0xff,
    0x80, 0x00, 0xe0, 0xff, 0x80, 0x00, 0xe8, 0xff, 0x78, 0x00, 0xe8, 0xff,
    0x80, 0x00, 0xe8, 0xff, 0x80, 0x00, 0xe8, 0xff, 0x78, 0x00, 0xe8, 0xff,
    0x80, 0x00, 0xe8, 0xff, 0x80, 0x00, 0xe0, 0xff, 0x80, 0x00, 0xe8, 0xff,
    0x78, 0x00, 0xe8, 0xff, 0x80, 0x00, 0xe8, 0xff, 0x80, 0x00, 0xe8, 0xff,
    0x80, 0x00, 0xe8, 0xff, 0x80, 0x00, 0xe8, 0xff, 0x80, 0x00, 0xe8, 0xff,
    0x80, 0x00, 0xe0, 0xff, 0x78, 0x00, 0xe8, 0xff, 0x80, 0x00, 0xe8, 0xff,
    0x80, 0x00, 0xe8, 0xff, 0x78, 0x00, 0xe0, 0xff, 0x80, 0x00, 0xe8, 0xff,
    0x80, 0x00, 0xe0, 0xff, 0x78, 0x00, 0xe8, 0xff, 0x80, 0x00, 0xe8, 0xff,
    0x80, 0x00, 0xe0, 0xff, 0x80, 0x00, 0xe8, 0xff, 0x80, 0x00, 0xe8, 0xff,
    0x80, 0x00, 0xe8, 0xff, 0x80, 0x00, 0xe0, 0xff, 0x80, 0x00, 0xe8, 0xff,
    0x80, 0x00, 0xe8, 0xff, 0x78, 0x00, 0xe8, 0xff, 0x80, 0x00, 0xe8, 0xff,
    0x80, 0x00, 0xe8, 0xff, 0x80, 0x00, 0xe0, 0xff, 0x78, 0x00, 0xe8, 0xff,
    0x78, 0x00, 0xe0, 0xff, 0x80, 0x00, 0xe8, 0xff, 0x80, 0x00, 0xe8, 0xff,
    0x78, 0x00, 0xe8, 0xff, 0x80, 0x00, 0xe8, 0xff, 0x80, 0x00, 0xe8, 0xff,
    0x80, 0x00, 0xe8, 0xff, 0x80, 0x00, 0xe0, 0xff, 0x80, 0x00, 0xe8, 0xff,
    0x80, 0x00, 0xe8, 0xff, 0x78, 0x00, 0xe8, 0xff, 0x80, 0x00, 0xe8, 0xff,
    0x80, 0x00, 0xe8, 0xff, 0x80, 0x00, 0xe8, 0xff, 0x80, 0x00, 0xe8, 0xff,
    0x78, 0x00, 0xe8, 0xff, 0x80, 0x00, 0xe0, 0xff, 0x78, 0x00, 0xe8, 0xff,
    0x80, 0x00, 0xe8, 0xff, 0x78, 0x00, 0xe8, 0xff, 0x78, 0x00, 0xe8, 0xff,
    0x80, 0x00, 0xe8, 0xff, 0x80, 0x00, 0xe0, 0xff, 0x80, 0x00, 0xe8, 0xff,
    0x80, 0x00, 0xe8, 0xff, 0x80, 0x00, 0xe0, 0xff, 0x80, 0x00, 0xe8, 0xff,
    0x80, 0x00, 0xe8, 0xff, 0x80, 0x00, 0xe0, 0xff, 0x80, 0x00, 0xe8, 0xff,
    0x80, 0x00, 0xe8, 0xff, 0x80, 0x00, 0xe8, 0xff, 0x80, 0x00, 0xe8, 0xff,
    0x80, 0x00, 0xe0, 0xff, 0x78, 0x00, 0xe8, 0xff, 0x80, 0x00, 0xe8, 0xff,
    0x80, 0x00, 0xe8, 0xff, 0x78, 0x00, 0xe8, 0xff, 0x80, 0x00, 0xe8, 0xff,
    0x80, 0x00, 0xe0, 0xff, 0x80, 0x00, 0xe8, 0xff, 0x78, 0x00, 0xe0, 0xff,
    0x78, 0x00, 0xe0, 0xff, 0x80, 0x00, 0xe8, 0xff, 0x78, 0x00, 0xe8, 0xff,
    0x80, 0x00, 0xe8, 0xff, 0x80, 0x00, 0xe0, 0xff, 0x78, 0x00, 0xe8, 0xff,
    0x80, 0x00, 0xe0, 0xff, 0x80, 0x00, 0xe8, 0xff, 0x80, 0x00, 0xe8, 0xff,
    0x80, 0x00, 0xe0, 0xff, 0x80, 0x00, 0xe8, 0xff, 0x78, 0x00, 0xe8, 0xff,
    0x80, 0x00, 0xe0, 0xff, 0x80, 0x00, 0xe8, 0xff, 0x80, 0x00, 0xe8, 0xff,
    0x80, 0x00, 0xe8, 0xff, 0x80, 0x00, 0xe0, 0xff, 0x78, 0x00, 0xe8, 0xff,
    0x80, 0x00, 0xe8, 0xff, 0x78, 0x00, 0xe8, 0xff, 0x78, 0x00, 0xe8, 0xff,
    0x80, 0x00, 0xe0, 0xff, 0x80, 0x00, 0xe8, 0xff, 0x80, 0x00, 0xe0, 0xff,
    0x78, 0x00, 0xe0, 0xff, 0x80, 0x00, 0xe8, 0xff, 0x78, 0x00, 0xe8, 0xff,
    0x80, 0x00, 0xe8, 0xff, 0x80, 0x00, 0xe0, 0xff, 0x78, 0x00, 0xe8, 0xff,
    0x80, 0x00, 0xe0, 0xff, 0x80, 0x00, 0xe8, 0xff, 0x80, 0x00, 0xe8, 0xff,
    0x78, 0x00, 0xe8, 0xff, 0x80, 0x00, 0xe0, 0xff, 0x80, 0x00, 0xe8, 0xff,
    0x80, 0x00, 0xe8, 0xff, 0x78, 0x00, 0xe0, 0xff, 0x80, 0x00, 0xe8, 0xff,
    0x80, 0x00, 0xe8, 0xff, 0x80, 0x00, 0xe8, 0xff, 0x78, 0x00, 0xe8, 0xff,
    0x80, 0x00, 0xe8, 0xff, 0x80, 0x00, 0xe8, 0xff, 0x78, 0x00, 0xe8, 0xff,
    0x80, 0x00, 0xe8, 0xff, 0x80, 0x00, 0xe8, 0xff, 0x78, 0x00, 0xe8, 0xff,
    0x80, 0x00, 0xe0, 0xff, 0x80, 0x00, 0xe8, 0xff, 0x80, 0x00, 0xe8, 0xff,
    0x78, 0x00, 0xe0, 0xff, 0x80, 0x00, 0xe8, 0xff, 0x80, 0x00, 0xe8, 0xff,
    0x80, 0x00, 0xe8, 0xff, 0x80, 0x00, 0xe0, 0xff, 0x78, 0x00, 0xe8, 0xff,
    0x80, 0x00, 0xe8, 0xff, 0x80, 0x00, 0xe8, 0xff, 0x78, 0x00, 0xe8, 0xff,
    0x80, 0x00, 0xe0, 0xff, 0x80, 0x00, 0xe8, 0xff, 0x78, 0x00, 0xe8, 0xff,
    0x80, 0x00, 0xe8, 0xff, 0x80, 0x00, 0xe0, 0xff, 0x80, 0x00, 0xe8, 0xff,
    0x80, 0x00, 0xe8, 0xff, 0x78, 0x00, 0xe0, 0xff, 0x80, 0x00, 0xe8, 0xff,
    0x80, 0x00, 0xe8, 0xff, 0x80, 0x00, 0xe8, 0x5d, 0x80, 0x00, 0xe8, 0x8e,
    0x80, 0x00, 0xe8, 0xff, 0x80, 0x00, 0xe0, 0xff, 0x78, 0x00, 0xe8, 0xff,
    0x80, 0x00, 0xe8, 0xff, 0x80, 0x00, 0xe8, 0xff, 0x80, 0x00, 0xe8, 0xff,
    0x80, 0x00, 0xe8, 0xff, 0x80, 0x00, 0xe0, 0xff, 0x80, 0x00, 0xe8, 0xff,
    0x80, 0x00, 0xe8, 0xff, 0x78, 0x00, 0xe8, 0xff, 0x80, 0x00, 0xe8, 0xff,
    0x80, 0x00, 0xe0, 0xff, 0x80, 0x00, 0xe8, 0xff, 0x80, 0x00, 0xe8, 0xff,
    0x80, 0x00, 0xe0, 0xff, 0x80, 0x00, 0xe8, 0xff, 0x80, 0x00, 0xe8, 0xff,
    0x78, 0x00, 0xe8, 0xff, 0x80, 0x00, 0xe8, 0xff, 0x78, 0x00, 0xe8, 0xff,
    0x80, 0x00, 0xe8, 0xff, 0x78, 0x00, 0xe0, 0xff, 0x78, 0x00, 0xe8, 0xff,
    0x80, 0x00, 0xe8, 0xff, 0x80, 0x00, 0xe8, 0xff, 0x78, 0x00, 0xe8, 0xff,
    0x80, 0x00, 0xe0, 0xff, 0x80, 0x00, 0xe8, 0xff, 0x78, 0x00, 0xe8, 0xff,
    0x80, 0x00, 0xe8, 0xff, 0x80, 0x00, 0xe8, 0xff, 0x80, 0x00, 0xe8, 0xff,
    0x78, 0x00, 0xe0, 0xff, 0x80, 0x00, 0xe8, 0xff, 0x80, 0x00, 0xe8, 0xff,
    0x80, 0x00, 0xe0, 0xff, 0x80, 0x00, 0xe0, 0xff, 0x78, 0x00, 0xe8, 0xff,
    0x80, 0x00, 0xe8, 0xff, 0x80, 0x00, 0xe8, 0xff, 0x80, 0x00, 0xe0, 0xff,
    0x80, 0x00, 0xe8, 0xff, 0x80, 0x00, 0xe8, 0xff, 0x80, 0x00, 0xe8, 0xff,
    0x80, 0x00, 0xe8, 0xff, 0x78, 0x00, 0xe0, 0xff, 0x80, 0x00, 0xe8, 0xff,
    0x80, 0x00, 0xe8, 0xff, 0x78, 0x00, 0xe8, 0xff, 0x80, 0x00, 0xe8, 0xff,
    0x78, 0x00, 0xe0, 0xff, 0x80, 0x00, 0xe8, 0xff, 0x80, 0x00, 0xe8, 0xff,
    0x80, 0x00, 0xe0, 0xff, 0x80, 0x00, 0xe8, 0xff, 0x80, 0x00, 0xe8, 0xff,
    0x80, 0x00, 0xe0, 0xff, 0x80, 0x00, 0xe8, 0xff, 0x80, 0x00, 0xe8, 0xff,
    0x80, 0x00, 0xe8, 0xff, 0x80, 0x00, 0xe8, 0xff, 0x80, 0x00, 0xe0, 0xff,
    0x78, 0x00, 0xe8, 0xff, 0x80, 0x00, 0xe8, 0xff, 0x80, 0x00, 0xe0, 0xff,
    0x78, 0x00, 0xe8, 0xff, 0x78, 0x00, 0xe8, 0xff, 0x80, 0x00, 0xe8, 0xff,
    0x80, 0x00, 0xe0, 0xff, 0x78, 0x00, 0xe8, 0xff, 0x80, 0x00, 0xe0, 0xff,
    0x80, 0x00, 0xe8, 0xff, 0x78, 0x00, 0xe0, 0xff, 0x80, 0x00, 0xe8, 0xff,
    0x80, 0x00, 0xe8, 0xff, 0x80, 0x00, 0xe0, 0xff, 0x78, 0x00, 0xe8, 0xff,
    0x80, 0x00, 0xe8, 0xff, 0x80, 0x00, 0xe0, 0xff, 0x80, 0x00, 0xe8, 0xff,
    0x80, 0x00, 0xe8, 0xff, 0x78, 0x00, 0xe0, 0xff, 0x80, 0x00, 0xe8, 0xff,
    0x78, 0x00, 0xe8, 0xff, 0x80, 0x00, 0xe0, 0xff, 0x80, 0x00, 0xe8, 0xff,
    0x78, 0x00, 0xe8, 0xff, 0x80, 0x00, 0xe8, 0xff, 0x80, 0x00, 0xe8, 0xff,
    0x78, 0x00, 0xe0, 0xff, 0x80, 0x00, 0xe8, 0xff, 0x78, 0x00, 0xe8, 0xff,
    0x80, 0x00, 0xe8, 0xff, 0x80, 0x00, 0xe8, 0xff, 0x80, 0x00, 0xe0, 0xff,
    0x80, 0x00, 0xe8, 0xff, 0x78, 0x00, 0xe0, 0xff, 0x80, 0x00, 0xe8, 0xff,
    0x80, 0x00, 0xe8, 0xff, 0x80, 0x00, 0xe8, 0xff, 0x80, 0x00, 0xe8, 0xff,
    0x80, 0x00, 0xe8, 0xff, 0x80, 0x00, 0xe8, 0xff, 0x80, 0x00, 0xe8, 0xff,
    0x78, 0x00, 0xe8, 0xff, 0x80, 0x00, 0xe8, 0xff, 0x80, 0x00, 0xe8, 0xff,
    0x80, 0x00, 0xe0, 0xff, 0x78, 0x00, 0xe8, 0xff, 0x80, 0x00, 0xe8, 0xff,
    0x78, 0x00, 0xe0, 0xff, 0x80, 0x00, 0xe8, 0xff, 0x80, 0x00, 0xe8, 0xff,
    0x80, 0x00, 0xe8, 0xff, 0x80, 0x00, 0xe8, 0xff, 0x78, 0x00, 0xe8, 0xff,
    0x80, 0x00, 0xe8, 0xff, 0x78, 0x00, 0xe8, 0xff, 0x80, 0x00, 0xe8, 0xff,
    0x80, 0x00, 0xe8, 0xff, 0x80, 0x00, 0xe0, 0xff, 0x80, 0x00, 0xe8, 0xff,
    0x80, 0x00, 0xe8, 0xff, 0x80, 0x00, 0xe8, 0xff, 0x80, 0x00, 0xe8, 0xff,
    0x80, 0x00, 0xe8, 0xff, 0x80, 0x00, 0xe8, 0xff, 0x78, 0x00, 0xe8, 0xff,
    0x80, 0x00, 0xe8, 0xff, 0x80, 0x00, 0xe8, 0xff, 0x78, 0x00, 0xe8, 0xff,
    0x80, 0x00, 0xe8, 0xff, 0x80, 0x00, 0xe8, 0xff, 0x80, 0x00, 0xe0, 0xff,
    0x80, 0x00, 0xe8, 0xff, 0x80, 0x00, 0xe8, 0xff, 0x80, 0x00, 0xe0, 0xff,
    0x80, 0x00, 0xe8, 0xff, 0x80, 0x00, 0xe8, 0xff, 0x80, 0x00, 0xe0, 0xff,
    0x78, 0x00, 0xe8, 0xff, 0x80, 0x00, 0xe0, 0xff, 0x80, 0x00, 0xe8, 0xff,
    0x78, 0x00, 0xe8, 0xff, 0x80, 0x00, 0xe0, 0xff, 0x80, 0x00, 0xe0, 0xff,
    0x78, 0x00, 0xe8, 0xff, 0x80, 0x00, 0xe0, 0xff, 0x80, 0x00, 0xe8, 0xff,
    0x80, 0x00, 0xe8, 0xff, 0x80, 0x00, 0xe8, 0xff, 0x80, 0x00, 0xe8, 0xff,
    0x78, 0x00, 0xe8, 0xff, 0x80, 0x00, 0xe8, 0xff, 0x78, 0x00, 0xe0, 0xff,
    0x80, 0x00, 0xe8, 0xff, 0x78, 0x00, 0xe8, 0xff, 0x80, 0x00, 0xe8, 0xff,
    0x80, 0x00, 0xe8, 0xff, 0x78, 0x00, 0xe0, 0xff, 0x80, 0x00, 0xe8, 0xff,
    0x80, 0x00, 0xe8, 0xff, 0x80, 0x00, 0xe8, 0xff, 0x80, 0x00, 0xe0, 0xff,
    0x78, 0x00, 0xe8, 0xff, 0x80, 0x00, 0xe8, 0xff, 0x80, 0x00, 0xe8, 0xff,
    0x78, 0x00, 0xe8, 0xff, 0x80, 0x00, 0xe8, 0xff, 0x80, 0x00, 0xe8, 0xff,
    0x80, 0x00, 0xe0, 0xff, 0x80, 0x00, 0xe8, 0xff, 0x78, 0x00, 0xe8, 0x8e,
    0x80, 0x00, 0xe8, 0xbe, 0x80, 0x00, 0xe8, 0xff, 0x80, 0x00, 0xe8, 0xff,
    0x80, 0x00, 0xe0, 0xff, 0x78, 0x00, 0xe8, 0xff, 0x80, 0x00, 0xe8, 0xff,
    0x78, 0x00, 0xe0, 0xff, 0x80, 0x00, 0xe8, 0xff, 0x80, 0x00, 0xe8, 0xff,
    0x80, 0x00, 0xe0, 0xff, 0x80, 0x00, 0xe8, 0xff, 0x80, 0x00, 0xe8, 0xff,
    0x78, 0x00, 0xe0, 0xff, 0x80, 0x00, 0xe8, 0xff, 0x80, 0x00, 0xe8, 0xff,
    0x78, 0x00, 0xe0, 0xff, 0x78, 0x00, 0xe8, 0xff, 0x80, 0x00, 0xe8, 0xff,
    0x80, 0x00, 0xe0, 0xff, 0x80, 0x00, 0xe8, 0xff, 0x80, 0x00, 0xe0, 0xff,
    0x80, 0x00, 0xe8, 0xff, 0x80, 0x00, 0xe8, 0xff, 0x80, 0x00, 0xe0, 0xff,
    0x80, 0x00, 0xe8, 0xff, 0x80, 0x00, 0xe8, 0xff, 0x78, 0x00, 0xe0, 0xff,
    0x80, 0x00, 0xe8, 0xff, 0x80, 0x00, 0xe8, 0xff, 0x80, 0x00, 0xe0, 0xff,
    0x80, 0x00, 0xe8, 0xff, 0x80, 0x00, 0xe0, 0xff, 0x78, 0x00, 0xe8, 0xff,
    0x80, 0x00, 0xe8, 0xff, 0x80, 0x00, 0xe8, 0xff, 0x80, 0x00, 0xe0, 0xff,
    0x78, 0x00, 0xe8, 0xff, 0x80, 0x00, 0xe8, 0xff, 0x80, 0x00, 0xe8, 0xff,
    0x78, 0x00, 0xe0, 0xff, 0x80, 0x00, 0xe8, 0xff, 0x80, 0x00, 0xe8, 0xff,
    0x78, 0x00, 0xe8, 0xff, 0x80, 0x00, 0xe0, 0xff, 0x80, 0x00, 0xe8, 0xff,
    0x78, 0x00, 0xe8, 0xff, 0x80, 0x00, 0xe8, 0xff, 0x80, 0x00, 0xe8, 0xff,
    0x80, 0x00, 0xe0, 0xff, 0x80, 0x00, 0xe8, 0xff, 0x80, 0x00, 0xe8, 0xff,
    0x78, 0x00, 0xe0, 0xff, 0x80, 0x00, 0xe8, 0xff, 0x80, 0x00, 0xe8, 0xff,
    0x78, 0x00, 0xe8, 0xff, 0x78, 0x00, 0xe0, 0xff, 0x80, 0x00, 0xe8, 0xff,
    0x80, 0x00, 0xe8, 0xff, 0x78, 0x00, 0xe0, 0xff, 0x78, 0x00, 0xe8, 0xff,
    0x80, 0x00, 0xe8, 0xff, 0x80, 0x00, 0xe0, 0xff, 0x80, 0x00, 0xe8, 0xff,
    0x78, 0x00, 0xe8, 0xff, 0x80, 0x00, 0xe0, 0xff, 0x80, 0x00, 0xe8, 0xff,
    0x80, 0x00, 0xe8, 0xff, 0x80, 0x00, 0xe0, 0xff, 0x80, 0x00, 0xe8, 0xff,
    0x80, 0x00, 0xe8, 0xff, 0x78, 0x00, 0xe8, 0xff, 0x80, 0x00, 0xe8, 0xff,
    0x80, 0x00, 0xe8, 0xff, 0x80, 0x00, 0xe0, 0xff, 0x80, 0x00, 0xe8, 0xff,
    0x78, 0x00, 0xe8, 0xff, 0x80, 0x00, 0xe0, 0xff, 0x80, 0x00, 0xe8, 0xff,
    0x80, 0x00, 0xe8, 0xff, 0x80, 0x00, 0xe8, 0xff, 0x80, 0x00, 0xe0, 0xff,
    0x80, 0x00, 0xe8, 0xff, 0x80, 0x00, 0xe8, 0xff, 0x80, 0x00, 0xe8, 0xff,
    0x80, 0x00, 0xe8, 0xff, 0x80, 0x00, 0xe8, 0xff, 0x78, 0x00, 0xe8, 0xff,
    0x80, 0x00, 0xe0, 0xff, 0x80, 0x00, 0xe8, 0xff, 0x78, 0x00, 0xe8, 0xff,
    0x80, 0x00, 0xe0, 0xff, 0x80, 0x00, 0xe8, 0xff, 0x78, 0x00, 0xe8, 0xff,
    0x80, 0x00, 0xe0, 0xff, 0x80, 0x00, 0xe8, 0xff, 0x78, 0x00, 0xe8, 0xff,
    0x80, 0x00, 0xe8, 0xff, 0x80, 0x00, 0xe8, 0xff, 0x80, 0x00, 0xe8, 0xff,
    0x78, 0x00, 0xe0, 0xff, 0x80, 0x00, 0xe8, 0xff, 0x78, 0x00, 0xe8, 0xff,
    0x80, 0x00, 0xe0, 0xff, 0x80, 0x00, 0xe8, 0xff, 0x80, 0x00, 0xe8, 0xff,
    0x80, 0x00, 0xe0, 0xff, 0x80, 0x00, 0xe0, 0xff, 0x78, 0x00, 0xe8, 0xff,
    0x80, 0x00, 0xe8, 0xff, 0x80, 0x00, 0xe8, 0xff, 0x80, 0x00, 0xe8, 0xff,
    0x80, 0x00, 0xe8, 0xff, 0x78, 0x00, 0xe8, 0xff, 0x80, 0x00, 0xe8, 0xff,
    0x80, 0x00, 0xe0, 0xff, 0x78, 0x00, 0xe8, 0xff, 0x80, 0x00, 0xe8, 0xff,
    0x80, 0x00, 0xe0, 0xff, 0x80, 0x00, 0xe0, 0xff, 0x80, 0x00, 0xe8, 0xff,
    0x78, 0x00, 0xe8, 0xff, 0x80, 0x00, 0xe0, 0xff, 0x80, 0x00, 0xe8, 0xff,
    0x80, 0x00, 0xe8, 0xff, 0x78, 0x00, 0xe0, 0xff, 0x80, 0x00, 0xe8, 0xff,
    0x78, 0x00, 0xe8, 0xff, 0x80, 0x00, 0xe0, 0xff, 0x80, 0x00, 0xe8, 0xff,
    0x80, 0x00, 0xe8, 0xff, 0x80, 0x00, 0xe0, 0xff, 0x80, 0x00, 0xe0, 0xff,
    0x80, 0x00, 0xe8, 0xff, 0x80, 0x00, 0xe8, 0xff, 0x78, 0x00, 0xe8, 0xff,
    0x80, 0x00, 0xe8, 0xff, 0x78, 0x00, 0xe8, 0xff, 0x80, 0x00, 0xe8, 0xff,
    0x78, 0x00, 0xe8, 0xff, 0x78, 0x00, 0xe8, 0xff, 0x80, 0x00, 0xe8, 0xff,
    0x80, 0x00, 0xe8, 0xff, 0x80, 0x00, 0xe8, 0xff, 0x80, 0x00, 0xe8, 0xff,
    0x80, 0x00, 0xe0, 0xff, 0x80, 0x00, 0xe8, 0xff, 0x80, 0x00, 0xe8, 0xff,
    0x80, 0x00, 0xe8, 0xff, 0x80, 0x00, 0xe8, 0xff, 0x80, 0x00, 0xe8, 0xff,
    0x78, 0x00, 0xe0, 0xff, 0x80, 0x00, 0xe8, 0xff, 0x80, 0x00, 0xe8, 0xff,
    0x78, 0x00, 0xe0, 0xff, 0x80, 0x00, 0xe8, 0xff, 0x80, 0x00, 0xe8, 0xff,
    0x80, 0x00, 0xe8, 0xff, 0x80, 0x00, 0xe0, 0xff, 0x80, 0x00, 0xe8, 0xff,
    0x80, 0x00, 0xe8, 0xff, 0x80, 0x00, 0xe0, 0xff, 0x80, 0x00, 0xe8, 0xff,
    0x78, 0x00, 0xe8, 0xff, 0x80, 0x00, 0xe8, 0xff, 0x80, 0x00, 0xe8, 0xff,
    0x80, 0x00, 0xe8, 0xff, 0x80, 0x00, 0xe0, 0xff, 0x80, 0x00, 0xe8, 0xff,
    0x78, 0x00, 0xe0, 0xff, 0x80, 0x00, 0xe8, 0xff, 0x80, 0x00, 0xe8, 0xff,
    0x78, 0x00, 0xe0, 0xff, 0x80, 0x00, 0xe8, 0xff, 0x80, 0x00, 0xe8, 0xff,
    0x80, 0x00, 0xe8, 0xcf, 0x80, 0x00, 0xe8, 0xdf, 0x78, 0x00, 0xe8, 0xff,
    0x80, 0x00, 0xe8, 0xff, 0x80, 0x00, 0xe8, 0xff, 0x80, 0x00, 0xe0, 0xff,
    0x80, 0x00, 0xe8, 0xff, 0x80, 0x00, 0xe8, 0xff, 0x78, 0x00, 0xe8, 0xff,
    0x78, 0x00, 0xe8, 0xff, 0x80, 0x00, 0xe8, 0xff, 0x80, 0x00, 0xe0, 0xff,
    0x78, 0x00, 0xe8, 0xff, 0x80, 0x00, 0xe8, 0xff, 0x80, 0x00, 0xe8, 0xff,
    0x80, 0x00, 0xe8, 0xff, 0x80, 0x00, 0xe8, 0xff, 0x80, 0x00, 0xe8, 0xff,
    0x78, 0x00, 0xe8, 0xff, 0x80, 0x00, 0xe8, 0xff, 0x80, 0x00, 0xe8, 0xff,
    0x78, 0x00, 0xe0, 0xff, 0x80, 0x00, 0xe8, 0xff, 0x80, 0x00, 0xe8, 0xff,
    0x78, 0x00, 0xe8, 0xff, 0x80, 0x00, 0xe8, 0xff, 0x80, 0x00, 0xe0, 0xff,
    0x80, 0x00, 0xe8, 0xff, 0x80, 0x00, 0xe8, 0xff, 0x78, 0x00, 0xe8, 0xff,
    0x80, 0x00, 0xe8, 0xff, 0x80, 0x00, 0xe8, 0xff, 0x78, 0x00, 0xe0, 0xff,
    0x80, 0x00, 0xe8, 0xff, 0x80, 0x00, 0xe8, 0xff, 0x80, 0x00, 0xe8, 0xff,
    0x78, 0x00, 0xe8, 0xff, 0x80, 0x00, 0xe0, 0xff, 0x80, 0x00, 0xe8, 0xff,
    0x80, 0x00, 0xe8, 0xff, 0x80, 0x00, 0xe8, 0xff, 0x80, 0x00, 0xe0, 0xff,
    0x78, 0x00, 0xe8, 0xff, 0x80, 0x00, 0xe8, 0xff, 0x80, 0x00, 0xe8, 0xff,
    0x78, 0x00, 0xe0, 0xff, 0x80, 0x00, 0xe8, 0xff, 0x80, 0x00, 0xe8, 0xff,
    0x78, 0x00, 0xe0, 0xff, 0x80, 0x00, 0xe8, 0xff, 0x80, 0x00, 0xe8, 0xff,
    0x80, 0x00, 0xe0, 0xff, 0x80, 0x00, 0xe8, 0xff, 0x80, 0x00, 0xe8, 0xff,
    0x80, 0x00, 0xe8, 0xff, 0x80, 0x00, 0xe0, 0xff, 0x80, 0x00, 0xe8, 0xff,
    0x78, 0x00, 0xe8, 0xff, 0x80, 0x00, 0xe8, 0xff, 0x80, 0x00, 0xe8, 0xff,
    0x80, 0x00, 0xe8, 0xff, 0x78, 0x00, 0xe8, 0xff, 0x80, 0x00, 0xe0, 0xff,
    0x80, 0x00, 0xe8, 0xff, 0x78, 0x00, 0xe8, 0xff, 0x80, 0x00, 0xe8, 0xff,
    0x80, 0x00, 0xe8, 0xff, 0x78, 0x00, 0xe8, 0xff, 0x80, 0x00, 0xe8, 0xff,
    0x80, 0x00, 0xe0, 0xff, 0x80, 0x00, 0xe8, 0xff, 0x80, 0x00, 0xe8, 0xff,
    0x80, 0x00, 0xe0, 0xff, 0x78, 0x00, 0xe8, 0xff, 0x80, 0x00, 0xe8, 0xff,
    0x80, 0x00, 0xe8, 0xff, 0x80, 0x00, 0xe8, 0xff, 0x78, 0x00, 0xe8, 0xff,
    0x80, 0x00, 0xe8, 0xff, 0x80, 0x00, 0xe8, 0xff, 0x78, 0x00, 0xe0, 0xff,
    0x78, 0x00, 0xe8, 0xff, 0x80, 0x00, 0xe8, 0xff, 0x78, 0x00, 0xe0, 0xff,
    0x80, 0x00, 0xe8, 0xff, 0x80, 0x00, 0xe0, 0xff, 0x80, 0x00, 0xe8, 0xff,
    0x80, 0x00, 0xe8, 0xff, 0x80, 0x00, 0xe8, 0xff, 0x80, 0x00, 0xe0, 0xff,
    0x80, 0x00, 0xe8, 0xff, 0x80, 0x00, 0xe8, 0xff, 0x80, 0x00, 0xe8, 0xff,
    0x80, 0x00, 0xe8, 0xff, 0x80, 0x00, 0xe0, 0xff, 0x80, 0x00, 0xe8, 0xff,
    0x78, 0x00, 0xe8, 0xff, 0x80, 0x00, 0xe0, 0xff, 0x80, 0x00, 0xe8, 0xff,
    0x78, 0x00, 0xe8, 0xff, 0x80, 0x00, 0xe0, 0xff, 0x80, 0x00, 0xe8, 0xff,
    0x80, 0x00, 0xe8, 0xff, 0x78, 0x00, 0xe0, 0xff, 0x78, 0x00, 0xe8, 0xff,
    0x80, 0x00, 0xe8, 0xff, 0x80, 0x00, 0xe8, 0xff, 0x78, 0x00, 0xe8, 0xff,
    0x80, 0x00, 0xe0, 0xff, 0x80, 0x00, 0xe8, 0xff, 0x78, 0x00, 0xe8, 0xff,
    0x80, 0x00, 0xe0, 0xff, 0x80, 0x00, 0xe8, 0xff, 0x80, 0x00, 0xe8, 0xff,
    0x80, 0x00, 0xe0, 0xff, 0x78, 0x00, 0xe8, 0xff, 0x80, 0x00, 0xe8, 0xff,
    0x80, 0x00, 0xe8, 0xff, 0x78, 0x00, 0xe8, 0xff, 0x80, 0x00, 0xe8, 0xff,
    0x80, 0x00, 0xe0, 0xff, 0x80, 0x00, 0xe8, 0xff, 0x78, 0x00, 0xe8, 0xff,
    0x80, 0x00, 0xe8, 0xff, 0x80, 0x00, 0xe8, 0xff, 0x78, 0x00, 0xe0, 0xff,
    0x80, 0x00, 0xe8, 0xff, 0x80, 0x00, 0xe8, 0xff, 0x78, 0x00, 0xe0, 0xff,
    0x80, 0x00, 0xe8, 0xff, 0x80, 0x00, 0xe8, 0xff, 0x78, 0x00, 0xe8, 0xff,
    0x80, 0x00, 0xe8, 0xff, 0x80, 0x00, 0xe0, 0xff, 0x78, 0x00, 0xe0, 0xff,
    0x80, 0x00, 0xe8, 0xff, 0x80, 0x00, 0xe0, 0xff, 0x80, 0x00, 0xe8, 0xff,
    0x80, 0x00, 0xe0, 0xff, 0x80, 0x00, 0xe8, 0xff, 0x80, 0x00, 0xe0, 0xff,
    0x78, 0x00, 0xe8, 0xff, 0x80, 0x00, 0xe8, 0xff, 0x80, 0x00, 0xe0, 0xff,
    0x78, 0x00, 0xe8, 0xff, 0x78, 0x00, 0xe8, 0xff, 0x80, 0x00, 0xe8, 0xff,
    0x78, 0x00, 0xe8, 0xff, 0x80, 0x00, 0xe0, 0xff, 0x80, 0x00, 0xe8, 0xff,
    0x78, 0x00, 0xe8, 0xff, 0x80, 0x00, 0xe8, 0xff, 0x80, 0x00, 0xe0, 0xff,
    0x78, 0x00, 0xe8, 0xff, 0x80, 0x00, 0xe8, 0xff, 0x80, 0x00, 0xe0, 0xff,
    0x80, 0x00, 0xe8, 0xff, 0x78, 0x00, 0xe8, 0xff, 0x80, 0x00, 0xe8, 0xff,
    0x80, 0x00, 0xe0, 0xff, 0x78, 0x00, 0xe8, 0xff, 0x80, 0x00, 0xe8, 0xff,
    0x80, 0x00, 0xe8, 0xff, 0x80, 0x00, 0xe0, 0xff, 0x78, 0x00, 0xe0, 0xff,
    0x80, 0x00, 0xe8, 0xff, 0x78, 0x00, 0xe8, 0xff, 0x80, 0x00, 0xe8, 0xff,
    0x80, 0x00, 0xe8, 0xff, 0x80, 0x00, 0xe0, 0xff, 0x80, 0x00, 0xe8, 0xff,
    0x80, 0x00, 0xe8, 0xff, 0x78, 0x00, 0xe0, 0xff, 0x80, 0x00, 0xe8, 0xff,
    0x80, 0x00, 0xe8, 0xff, 0x78, 0x00, 0xe0, 0xdf, 0x80, 0x00, 0xe8, 0xff,
    0x80, 0x00, 0xe0, 0xff, 0x78, 0x00, 0xe8, 0xff, 0x80, 0x00, 0xe8, 0xff,
    0x80, 0x00, 0xe8, 0xff, 0x78, 0x00, 0xe0, 0xff, 0x80, 0x00, 0xe8, 0xff,
    0x80, 0x00, 0xe0, 0xff, 0x80, 0x00, 0xe8, 0xff, 0x80, 0x00, 0xe8, 0xff,
    0x78, 0x00, 0xe8, 0xff, 0x80, 0x00, 0xe0, 0xff, 0x80, 0x00, 0xe8, 0xff,
    0x78, 0x00, 0xe8, 0xff, 0x80, 0x00, 0xe0, 0xff, 0x80, 0x00, 0xe8, 0xff,
    0x80, 0x00, 0xe0, 0xff, 0x80, 0x00, 0xe8, 0xff, 0x78, 0x00, 0xe8, 0xff,
    0x80, 0x00, 0xe8, 0xff, 0x80, 0x00, 0xe8, 0xff, 0x78, 0x00, 0xe0, 0xff,
    0x80, 0x00, 0xe8, 0xff, 0x80, 0x00, 0xe8, 0xff, 0x78, 0x00, 0xe0, 0xff,
    0x80, 0x00, 0xe8, 0xff, 0x80, 0x00, 0xe8, 0xff, 0x78, 0x00, 0xe0, 0xff,
    0x80, 0x00, 0xe8, 0xff, 0x80, 0x00, 0xe8, 0xff, 0x78, 0x00, 0xe0, 0xff,
    0x80, 0x00, 0xe8, 0xff, 0x80, 0x00, 0xe8, 0xff, 0x80, 0x00, 0xe0, 0xff,
    0x78, 0x00, 0xe8, 0xff, 0x80, 0x00, 0xe8, 0xff, 0x80, 0x00, 0xe8, 0xff,
    0x78, 0x00, 0xe0, 0xff, 0x80, 0x00, 0xe8, 0xff, 0x80, 0x00, 0xe8, 0xff,
    0x78, 0x00, 0xe8, 0xff, 0x80, 0x00, 0xe0, 0xff, 0x80, 0x00, 0xe8, 0xff,
    0x80, 0x00, 0xe8, 0xff, 0x80, 0x00, 0xe8, 0xff, 0x80, 0x00, 0xe0, 0xff,
    0x80, 0x00, 0xe8, 0xff, 0x78, 0x00, 0xe8, 0xff, 0x80, 0x00, 0xe8, 0xff,
    0x78, 0x00, 0xe8, 0xff, 0x78, 0x00, 0xe8, 0xff, 0x80, 0x00, 0xe8, 0xff,
    0x78, 0x00, 0xe0, 0xff, 0x80, 0x00, 0xe8, 0xff, 0x80, 0x00, 0xe8, 0xff,
    0x80, 0x00, 0xe8, 0xff, 0x80, 0x00, 0xe0, 0xff, 0x78, 0x00, 0xe8, 0xff,
    0x80, 0x00, 0xe8, 0xff, 0x80, 0x00, 0xe0, 0xff, 0x80, 0x00, 0xe8, 0xff,
    0x80, 0x00, 0xe8, 0xff, 0x80, 0x00, 0xe8, 0xff, 0x80, 0x00, 0xe0, 0xff,
    0x80, 0x00, 0xe8, 0xff, 0x80, 0x00, 0xe0, 0xff, 0x78, 0x00, 0xe8, 0xff,
    0x80, 0x00, 0xe8, 0xff, 0x78, 0x00, 0xe8, 0xff, 0x78, 0x00, 0xe0, 0xff,
    0x80, 0x00, 0xe8, 0xff, 0x80, 0x00, 0xe8, 0xff, 0x80, 0x00, 0xe0, 0xff,
    0x78, 0x00, 0xe8, 0xff, 0x80, 0x00, 0xe8, 0xff, 0x80, 0x00, 0xe0, 0xff,
    0x80, 0x00, 0xe8, 0xff, 0x78, 0x00, 0xe8, 0xff, 0x80, 0x00, 0xe0, 0xff,
    0x80, 0x00, 0xe8, 0xff, 0x80, 0x00, 0xe8, 0xff, 0x80, 0x00, 0xe8, 0xff,
    0x80, 0x00, 0xe8, 0xff, 0x78, 0x00, 0xe0, 0xff, 0x78, 0x00, 0xe8, 0xff,
    0x80, 0x00, 0xe8, 0xff, 0x78, 0x00, 0xe0, 0xff, 0x80, 0x00, 0xe8, 0xff,
    0x78, 0x00, 0xe8, 0xff, 0x80, 0x00, 0xe8, 0xff, 0x78, 0x00, 0xe0, 0xff,
    0x80, 0x00, 0xe8, 0xff, 0x78, 0x00, 0xe8, 0xff, 0x80, 0x00, 0xe8, 0xff,
    0x80, 0x00, 0xe0, 0xff, 0x80, 0x00, 0xe8, 0xff, 0x80, 0x00, 0xe8, 0xff,
    0x78, 0x00, 0xe0, 0xff, 0x80, 0x00, 0xe8, 0xff, 0x80, 0x00, 0xe8, 0xff,
    0x80, 0x00, 0xe8, 0xff, 0x80, 0x00, 0xe8, 0xff, 0x80, 0x00, 0xe8, 0xff,
    0x80, 0x00, 0xe0, 0xff, 0x78, 0x00, 0xe8, 0xff, 0x80, 0x00, 0xe8, 0xff,
    0x80, 0x00, 0xe8, 0xff, 0x80, 0x00, 0xe8, 0xff, 0x80, 0x00, 0xe0, 0xff,
    0x78, 0x00, 0xe8, 0xff, 0x80, 0x00, 0xe8, 0xff, 0x80, 0x00, 0xe0, 0xff,
    0x78, 0x00, 0xe8, 0xff, 0x80, 0x00, 0xe8, 0xff, 0x80, 0x00, 0xe0, 0xff,
    0x80, 0x00, 0xe8, 0xff, 0x80, 0x00, 0xe0, 0xff, 0x78, 0x00, 0xe8, 0xff,
    0x80, 0x00, 0xe8, 0xff, 0x80, 0x00, 0xe8, 0xff, 0x80, 0x00, 0xe8, 0xff,
    0x78, 0x00, 0xe0, 0xff, 0x80, 0x00, 0xe8, 0xff, 0x80, 0x00, 0xe8, 0xff,
    0x80, 0x00, 0xe8, 0xff, 0x80, 0x00, 0xe8, 0xff, 0x80, 0x00, 0xe8, 0xff,
    0x80, 0x00, 0xe8, 0xff, 0x78, 0x00, 0xe0, 0xff, 0x80, 0x00, 0xe8, 0xff,
    0x80, 0x00, 0xe8, 0xff, 0x78, 0x00, 0xe8, 0xff, 0x80, 0x00, 0xe8, 0xff,
    0x80, 0x00, 0xe8, 0xff, 0x80, 0x00, 0xe8, 0xff, 0x78, 0x00, 0xe8, 0xff,
    0x80, 0x00, 0xe0, 0xff, 0x80, 0x00, 0xe8, 0xff, 0x80, 0x00, 0xe8, 0xff,
    0x80, 0x00, 0xe0, 0xff, 0x80, 0x00, 0xe8, 0xff, 0x78, 0x00, 0xe8, 0xff,
    0x80, 0x00, 0xe0, 0xff, 0x80, 0x00, 0xe8, 0xff, 0x80, 0x00, 0xe8, 0xff,
    0x80, 0x00, 0xe0, 0xff, 0x78, 0x00, 0xe8, 0xff, 0x80, 0x00, 0xe8, 0xff,
    0x80, 0x00, 0xe0, 0xff, 0x78, 0x00, 0xe8, 0xff, 0x80, 0x00, 0xe8, 0xff,
    0x80, 0x00, 0xe8, 0xff, 0x80, 0x00, 0xe8, 0xff, 0x80, 0x00, 0xe8, 0xff,
    0x80, 0x00, 0xe0, 0xff, 0x78, 0x00, 0xe8, 0xff, 0x80, 0x00, 0xe8, 0xff,
    0x80, 0x00, 0xe8, 0xff, 0x78, 0x00, 0xe8, 0xff, 0x80, 0x00, 0xe0, 0xff,
    0x80, 0x00, 0xe8, 0xff, 0x78, 0x00, 0xe8, 0xff, 0x80, 0x00, 0xe8, 0xff,
    0x80, 0x00, 0xe8, 0xff, 0x80, 0x00, 0xe0, 0xff, 0x78, 0x00, 0xe8, 0xff,
    0x80, 0x00, 0xe8, 0xff, 0x80, 0x00, 0xe8, 0xff, 0x78, 0x00, 0xe8, 0xff,
    0x80, 0x00, 0xe8, 0xff, 0x80, 0x00, 0xe8, 0xff, 0x80, 0x00, 0xe8, 0xff,
    0x80, 0x00, 0xe8, 0xff, 0x80, 0x00, 0xe8, 0xff, 0x80, 0x00, 0xe0, 0xef,
    0x80, 0x00, 0xe8, 0xff, 0x80, 0x00, 0xe8, 0xff, 0x80, 0x00, 0xe0, 0xff,
    0x78, 0x00, 0xe8, 0xff, 0x80, 0x00, 0xe8, 0xff, 0x80, 0x00, 0xe8, 0xff,
    0x80, 0x00, 0xe8, 0xff, 0x80, 0x00, 0xe8, 0xff, 0x80, 0x00, 0xe0, 0xff,
    0x78, 0x00, 0xe8, 0xff, 0x80, 0x00, 0xe8, 0xff, 0x80, 0x00, 0xe8, 0xff,
    0x80, 0x00, 0xe0, 0xff, 0x78, 0x00, 0xe8, 0xff, 0x80, 0x00, 0xe8, 0xff,
    0x78, 0x00, 0xe0, 0xff, 0x80, 0x00, 0xe8, 0xff, 0x80, 0x00, 0xe0, 0xff,
    0x80, 0x00, 0xe8, 0xff, 0x80, 0x00, 0xe0, 0xff, 0x80, 0x00, 0xe8, 0xff,
    0x80, 0x00, 0xe8, 0xff, 0x80, 0x00, 0xe8, 0xff, 0x80, 0x00, 0xe0, 0xff,
    0x80, 0x00, 0xe8, 0xff, 0x78, 0x00, 0xe8, 0xff, 0x80, 0x00, 0xe8, 0xff,
    0x80, 0x00, 0xe0, 0xff, 0x80, 0x00, 0xe8, 0xff, 0x80, 0x00, 0xe8, 0xff,
    0x80, 0x00, 0xe8, 0xff, 0x80, 0x00, 0xe8, 0xff, 0x78, 0x00, 0xe8, 0xff,
    0x80, 0x00, 0xe0, 0xff, 0x80, 0x00, 0xe8, 0xff, 0x80, 0x00, 0xe8, 0xff,
    0x80, 0x00, 0xe8, 0xff, 0x78, 0x00, 0xe8, 0xff, 0x80, 0x00, 0xe0, 0xff,
    0x80, 0x00, 0xe8, 0xff, 0x80, 0x00, 0xe8, 0xff, 0x80, 0x00, 0xe8, 0xff,
    0x78, 0x00, 0xe0, 0xff, 0x80, 0x00, 0xe8, 0xff, 0x78, 0x00, 0xe8, 0xff,
    0x80, 0x00, 0xe8, 0xff, 0x80, 0x00, 0xe0, 0xff, 0x80, 0x00, 0xe8, 0xff,
    0x80, 0x00, 0xe8, 0xff, 0x80, 0x00, 0xe0, 0xff, 0x80, 0x00, 0xe8, 0xff,
    0x80, 0x00, 0xe8, 0xff, 0x80, 0x00, 0xe0, 0xff, 0x78, 0x00, 0xe8, 0xff,
    0x80, 0x00, 0xe8, 0xff, 0x78, 0x00, 0xe8, 0xff, 0x80, 0x00, 0xe0, 0xff,
    0x80, 0x00, 0xe8, 0xff, 0x80, 0x00, 0xe8, 0xff, 0x78, 0x00, 0xe0, 0xff,
    0x80, 0x00, 0xe8, 0xff, 0x78, 0x00, 0xe8, 0xff, 0x78, 0x00, 0xe8, 0xff,
    0x80, 0x00, 0xe8, 0xff, 0x80, 0x00, 0xe8, 0xff, 0x78, 0x00, 0xe0, 0xff,
    0x80, 0x00, 0xe8, 0xff, 0x80, 0x00, 0xe8, 0xff, 0x80, 0x00, 0xe0, 0xff,
    0x80, 0x00, 0xe8, 0xff, 0x80, 0x00, 0xe8, 0xff, 0x78, 0x00, 0xe8, 0xff,
    0x80, 0x00, 0xe8, 0xff, 0x80, 0x00, 0xe8, 0xff, 0x78, 0x00, 0xe0, 0xff,
    0x80, 0x00, 0xe8, 0xff, 0x80, 0x00, 0xe8, 0xff, 0x80, 0x00, 0xe0, 0xff,
    0x80, 0x00, 0xe8, 0xff, 0x80, 0x00, 0xe8, 0xff, 0x78, 0x00, 0xe8, 0xff,
    0x80, 0x00, 0xe0, 0xff, 0x80, 0x00, 0xe8, 0xff, 0x80, 0x00, 0xe8, 0xff,
    0x80, 0x00, 0xe8, 0xff, 0x80, 0x00, 0xe8, 0xff, 0x80, 0x00, 0xe8, 0xff,
    0x78, 0x00, 0xe0, 0xff, 0x80, 0x00, 0xe8, 0xff, 0x80, 0x00, 0xe8, 0xff,
    0x80, 0x00, 0xe0, 0xff, 0x78, 0x00, 0xe8, 0xff, 0x80, 0x00, 0xe8, 0xff,
    0x80, 0x00, 0xe8, 0xff, 0x78, 0x00, 0xe8, 0xff, 0x80, 0x00, 0xe8, 0xff,
    0x80, 0x00, 0xe8, 0xff, 0x80, 0x00, 0xe8, 0xff, 0x80, 0x00, 0xe8, 0xff,
    0x78, 0x00, 0xe0, 0xff, 0x80, 0x00, 0xe8, 0xff, 0x78, 0x00, 0xe8, 0xff,
    0x80, 0x00, 0xe0, 0xff, 0x80, 0x00, 0xe8, 0xff, 0x80, 0x00, 0xe8, 0xff,
    0x80, 0x00, 0xe0, 0xff, 0x78, 0x00, 0xe8, 0xff, 0x80, 0x00, 0xe8, 0xff,
    0x80, 0x00, 0xe8, 0xff, 0x80, 0x00, 0xe8, 0xff, 0x80, 0x00, 0xe8, 0xff,
    0x78, 0x00, 0xe0, 0xff, 0x80, 0x00, 0xe8, 0xff, 0x80, 0x00, 0xe8, 0xff,
    0x78, 0x00, 0xe8, 0xff, 0x80, 0x00, 0xe8, 0xff, 0x80, 0x00, 0xe8, 0xff,
    0x80, 0x00, 0xe0, 0xff, 0x78, 0x00, 0xe8, 0xff, 0x80, 0x00, 0xe8, 0xff,
    0x80, 0x00, 0xe0, 0xff, 0x80, 0x00, 0xe8, 0xff, 0x78, 0x00, 0xe8, 0xff,
    0x80, 0x00, 0xe0, 0xff, 0x80, 0x00, 0xe8, 0xff, 0x78, 0x00, 0xe0, 0xff,
    0x80, 0x00, 0xe8, 0xff, 0x80, 0x00, 0xe8, 0xff, 0x80, 0x00, 0xe8, 0xff,
    0x80, 0x00, 0xe0, 0xff, 0x80, 0x00, 0xe8, 0xff, 0x78, 0x00, 0xe0, 0xff,
    0x80, 0x00, 0xe8, 0xff, 0x80, 0x00, 0xe8, 0xff, 0x78, 0x00, 0xe8, 0xff,
    0x80, 0x00, 0xe8, 0xff, 0x80, 0x00, 0xe8, 0xff, 0x78, 0x00, 0xe8, 0xff,
    0x78, 0x00, 0xe8, 0xff, 0x80, 0x00, 0xe8, 0xff, 0x80, 0x00, 0xe8, 0xff,
    0x80, 0x00, 0xe8, 0xff, 0x80, 0x00, 0xe8, 0xff, 0x80, 0x00, 0xe8, 0xff,
    0x80, 0x00, 0xe0, 0xff, 0x80, 0x00, 0xe8, 0xff, 0x80, 0x00, 0xe8, 0xff,
    0x80, 0x00, 0xe8, 0xff, 0x80, 0x00, 0xe8, 0xff, 0x80, 0x00, 0xe0, 0xff,
    0x80, 0x00, 0xe8, 0xff, 0x78, 0x00, 0xe0, 0xff, 0x80, 0x00, 0xe8, 0xff,
    0x80, 0x00, 0xe8, 0xff, 0x78, 0x00, 0xe8, 0xff, 0x80, 0x00, 0xe0, 0xff,
    0x80, 0x00, 0xe8, 0xff, 0x80, 0x00, 0xe8, 0xff, 0x80, 0x00, 0xe0, 0xff,
    0x80, 0x00, 0xe8, 0xff, 0x78, 0x00, 0xe8, 0xff, 0x80, 0x00, 0xe0, 0xff,
    0x80, 0x00, 0xe8, 0xff, 0x80, 0x00, 0xe8, 0xff, 0x80, 0x00, 0xe8, 0xff,
    0x80, 0x00, 0xe0, 0xff, 0x78, 0x00, 0xe8, 0xff, 0x80, 0x00, 0xe0, 0xff,
    0x80, 0x00, 0xe8, 0xff, 0x78, 0x00, 0xe0, 0xff, 0x80, 0x00, 0xe8, 0xff,
    0x78, 0x00, 0xe0, 0xff, 0x78, 0x00, 0xe8, 0xff, 0x80, 0x00, 0xe8, 0xff,
    0x80, 0x00, 0xe8, 0xff, 0x80, 0x00, 0xe8, 0xff, 0x78, 0x00, 0xe8, 0xff,
    0x80, 0x00, 0xe0, 0xff, 0x80, 0x00, 0xe8, 0xff, 0x78, 0x00, 0xe8, 0xff,
    0x80, 0x00, 0xe0, 0xff, 0x78, 0x00, 0xe8, 0xff, 0x80, 0x00, 0xe8, 0xff,
    0x80, 0x00, 0xe8, 0xff, 0x80, 0x00, 0xe0, 0xff, 0x80, 0x00, 0xe8, 0xff,
    0x80, 0x00, 0xe8, 0xff, 0x78, 0x00, 0xe8, 0xff, 0x80, 0x00, 0xe8, 0xff,
    0x80, 0x00, 0xe8, 0xff, 0x80, 0x00, 0xe8, 0xff, 0x78, 0x00, 0xe8, 0xff,
    0x80, 0x00, 0xe8, 0xff, 0x78, 0x00, 0xe8, 0xff, 0x80, 0x00, 0xe8, 0xff,
    0x78, 0x00, 0xe0, 0xff, 0x80, 0x00, 0xe8, 0xff, 0x78, 0x00, 0xe8, 0xff,
    0x80, 0x00, 0xe8, 0xff, 0x80, 0x00, 0xe8, 0xff, 0x80, 0x00, 0xe8, 0xff,
    0x78, 0x00, 0xe8, 0xff, 0x80, 0x00, 0xe8, 0xff, 0x78, 0x00, 0xe0, 0xff,
    0x80, 0x00, 0xe8, 0xff, 0x80, 0x00, 0xe8, 0xff, 0x78, 0x00, 0xe0, 0xff,
    0x80, 0x00, 0xe8, 0xff, 0x80, 0x00, 0xe8, 0xff, 0x78, 0x00, 0xe0, 0xff,
    0x80, 0x00, 0xe8, 0xff, 0x80, 0x00, 0xe8, 0xff, 0x80, 0x00, 0xe0, 0xff,
    0x78, 0x00, 0xe8, 0xff, 0x80, 0x00, 0xe8, 0xff, 0x80, 0x00, 0xe8, 0xff,
    0x78, 0x00, 0xe8, 0xff, 0x80, 0x00, 0xe8, 0xff, 0x80, 0x00, 0xe0, 0xff,
    0x80, 0x00, 0xe8, 0xff, 0x78, 0x00, 0xe8, 0xff, 0x80, 0x00, 0xe8, 0xff,
    0x80, 0x00, 0xe0, 0xff, 0x78, 0x00, 0xe8, 0xff, 0x80, 0x00, 0xe8, 0xff,
    0x80, 0x00, 0xe0, 0xff, 0x80, 0x00, 0xe8, 0xff, 0x80, 0x00, 0xe8, 0xff,
    0x80, 0x00, 0xe8, 0xff, 0x80, 0x00, 0xe0, 0xff, 0x80, 0x00, 0xe8, 0xff,
    0x78, 0x00, 0xe8, 0xff, 0x80, 0x00, 0xe8, 0xff, 0x80, 0x00, 0xe8, 0xff,
    0x80, 0x00, 0xe8, 0xff, 0x80, 0x00, 0xe0, 0xff, 0x80, 0x00, 0xe8, 0xff,
    0x80, 0x00, 0xe0, 0xff, 0x80, 0x00, 0xe8, 0xff, 0x78, 0x00, 0xe8, 0xff,
    0x80, 0x00, 0xe8, 0xff, 0x80, 0x00, 0xe8, 0xff, 0x80, 0x00, 0xe8, 0xff,
    0x80, 0x00, 0xe8, 0xff, 0x80, 0x00, 0xe8, 0xff, 0x80, 0x00, 0xe0, 0xff,
    0x78, 0x00, 0xe8, 0xff, 0x80, 0x00, 0xe8, 0xff, 0x80, 0x00, 0xe0, 0xff,
    0x80, 0x00, 0xe8, 0xff, 0x78, 0x00, 0xe8, 0xff, 0x80, 0x00, 0xe8, 0xff,
    0x78, 0x00, 0xe8, 0xff, 0x80, 0x00, 0xe8, 0xff, 0x80, 0x00, 0xe0, 0xff,
    0x78, 0x00, 0xe8, 0xff, 0x80, 0x00, 0xe8, 0xff, 0x80, 0x00, 0xe0, 0xff,
    0x78, 0x00, 0xe8, 0xff, 0x80, 0x00, 0xe8, 0xff, 0x80, 0x00, 0xe0, 0xff,
    0x80, 0x00, 0xe8, 0xff, 0x80, 0x00, 0xe8, 0xff, 0x80, 0x00, 0xe8, 0xff,
    0x80, 0x00, 0xe8, 0xff, 0x80, 0x00, 0xe8, 0xff, 0x80, 0x00, 0xe0, 0xff,
    0x80, 0x00, 0xe8, 0xff, 0x80, 0x00, 0xe0, 0xff, 0x78, 0x00, 0xe8, 0xff,
    0x80, 0x00, 0xe0, 0xff, 0x80, 0x00, 0xe8, 0xff, 0x78, 0x00, 0xe8, 0xff,
    0x80, 0x00, 0xe0, 0xff, 0x80, 0x00, 0xe8, 0xff, 0x80, 0x00, 0xe8, 0xff,
    0x80, 0x00, 0xe0, 0xff, 0x78, 0x00, 0xe8, 0xff, 0x80, 0x00, 0xe8, 0xff,
    0x80, 0x00, 0xe8, 0xff, 0x78, 0x00, 0xe0, 0xff, 0x80, 0x00, 0xe8, 0xff,
    0x80, 0x00, 0xe8, 0xff, 0x78, 0x00, 0xe0, 0xff, 0x80, 0x00, 0xe8, 0xff,
    0x80, 0x00, 0xe8, 0xff, 0x80, 0x00, 0xe8, 0xff, 0x80, 0x00, 0xe8, 0xff,
    0x80, 0x00, 0xe0, 0xff, 0x78, 0x00, 0xe8, 0xff, 0x80, 0x00, 0xe8, 0xff,
    0x80, 0x00, 0xe8, 0xff, 0x80, 0x00, 0xe0, 0xff, 0x80, 0x00, 0xe8, 0xff,
    0x78, 0x00, 0xe8, 0xff, 0x80, 0x00, 0xe8, 0xff, 0x80, 0x00, 0xe8, 0xff,
    0x80, 0x00, 0xe0, 0xff, 0x78, 0x00, 0xe8, 0xff, 0x80, 0x00, 0xe8, 0xff,
    0x80, 0x00, 0xe0, 0xff, 0x78, 0x00, 0xe8, 0xff, 0x80, 0x00, 0xe8, 0xff,
    0x78, 0x00, 0xe0, 0xff, 0x80, 0x00, 0xe8, 0xff, 0x80, 0x00, 0xe8, 0xff,
    0x80, 0x00, 0xe8, 0xff, 0x80, 0x00, 0xe0, 0xff, 0x80, 0x00, 0xe8, 0xff,
    0x80, 0x00, 0xe0, 0xff, 0x80, 0x00, 0xe0, 0xff, 0x80, 0x00, 0xe8, 0xff,
    0x80, 0x00, 0xe8, 0xff, 0x80, 0x00, 0xe0, 0xff, 0x78, 0x00, 0xe8, 0xff,
    0x80, 0x00, 0xe0, 0xff, 0x80, 0x00, 0xe8, 0xff, 0x78, 0x00, 0xe8, 0xff,
    0x78, 0x00, 0xe0, 0xff, 0x80, 0x00, 0xe8, 0xff, 0x78, 0x00, 0xe8, 0xff,
    0x80, 0x00, 0xe0, 0xff, 0x78, 0x00, 0xe8, 0xff, 0x80, 0x00, 0xe8, 0xff,
    0x80, 0x00, 0xe8, 0xff, 0x78, 0x00, 0xe8, 0xff, 0x80, 0x00, 0xe0, 0xff,
    0x80, 0x00, 0xe8, 0xff, 0x78, 0x00, 0xe8, 0xff, 0x80, 0x00, 0xe0, 0xff,
    0x80, 0x00, 0xe8, 0xff, 0x78, 0x00, 0xe8, 0xff, 0x80, 0x00, 0xe0, 0xff,
    0x80, 0x00, 0xe8, 0xff, 0x78, 0x00, 0xe8, 0xff, 0x80, 0x00, 0xe8, 0xff,
    0x80, 0x00, 0xe8, 0xff, 0x78, 0x00, 0xe0, 0xff, 0x78, 0x00, 0xe8, 0xff,
    0x80, 0x00, 0xe8, 0xff, 0x80, 0x00, 0xe8, 0xff, 0x80, 0x00, 0xe8, 0xff,
    0x80, 0x00, 0xe8, 0xff, 0x80, 0x00, 0xe0, 0xff, 0x80, 0x00, 0xe8, 0xff,
    0x80, 0x00, 0xe8, 0xff, 0x80, 0x00, 0xe8, 0xff, 0x80, 0x00, 0xe0, 0xff,
    0x78, 0x00, 0xe8, 0xff, 0x80, 0x00, 0xe8, 0xff, 0x80, 0x00, 0xe8, 0xef,
    0x80, 0x00, 0xe8, 0xff, 0x80, 0x00, 0xe8, 0xff, 0x80, 0x00, 0xe8, 0xff,
    0x80, 0x00, 0xe0, 0xff, 0x80, 0x00, 0xe8, 0xff, 0x78, 0x00, 0xe8, 0xff,
    0x80, 0x00, 0xe0, 0xff, 0x78, 0x00, 0xe8, 0xff, 0x80, 0x00, 0xe8, 0xff,
    0x80, 0x00, 0xe0, 0xff, 0x78, 0x00, 0xe8, 0xff, 0x80, 0x00, 0xe8, 0xff,
    0x80, 0x00, 0xe0, 0xff, 0x80, 0x00, 0xe8, 0xff, 0x80, 0x00, 0xe8, 0xff,
    0x80, 0x00, 0xe0, 0xff, 0x80, 0x00, 0xe8, 0xff, 0x80, 0x00, 0xe8, 0xff,
    0x78, 0x00, 0xe8, 0xff, 0x80, 0x00, 0xe8, 0xff, 0x80, 0x00, 0xe0, 0xff,
    0x78, 0x00, 0xe8, 0xff, 0x80, 0x00, 0xe8, 0xff, 0x80, 0x00, 0xe0, 0xff,
    0x80, 0x00, 0xe0, 0xff, 0x80, 0x00, 0xe8, 0xff, 0x80, 0x00, 0xe8, 0xff,
    0x80, 0x00, 0xe8, 0xff, 0x78, 0x00, 0xe0, 0xff, 0x80, 0x00, 0xe8, 0xff,
    0x80, 0x00, 0xe8, 0xff, 0x80, 0x00, 0xe8, 0xff, 0x80, 0x00, 0xe8, 0xff,
    0x78, 0x00, 0xe0, 0xff, 0x80, 0x00, 0xe8, 0xff, 0x80, 0x00, 0xe8, 0xff,
    0x80, 0x00, 0xe8, 0xff, 0x78, 0x00, 0xe8, 0xff, 0x80, 0x00, 0xe0, 0xff,
    0x80, 0x00, 0xe0, 0xff, 0x80, 0x00, 0xe8, 0xff, 0x80, 0x00, 0xe8, 0xff,
    0x80, 0x00, 0xe8, 0xff, 0x80, 0x00, 0xe0, 0xff, 0x78, 0x00, 0xe8, 0xff,
    0x80, 0x00, 0xe8, 0xff, 0x80, 0x00, 0xe8, 0xff, 0x78, 0x00, 0xe8, 0xff,
    0x80, 0x00, 0xe8, 0xff, 0x78, 0x00, 0xe8, 0xff, 0x78, 0x00, 0xe0, 0xff,
    0x80, 0x00, 0xe8, 0xff, 0x78, 0x00, 0xe8, 0xff, 0x80, 0x00, 0xe8, 0xff,
    0x80, 0x00, 0xe0, 0xff, 0x80, 0x00, 0xe8, 0xff, 0x78, 0x00, 0xe0, 0xff,
    0x80, 0x00, 0xe8, 0xff, 0x80, 0x00, 0xe8, 0xff, 0x78, 0x00, 0xe8, 0xff,
    0x80, 0x00, 0xe8, 0xff, 0x80, 0x00, 0xe8, 0xff, 0x80, 0x00, 0xe0, 0xff,
    0x80, 0x00, 0xe8, 0xff, 0x80, 0x00, 0xe0, 0xff, 0x78, 0x00, 0xe8, 0xff,
    0x80, 0x00, 0xe0, 0xff, 0x78, 0x00, 0xe8, 0xff, 0x80, 0x00, 0xe8, 0xff,
    0x80, 0x00, 0xe0, 0xff, 0x80, 0x00, 0xe8, 0xff, 0x80, 0x00, 0xe8, 0xff,
    0x80, 0x00, 0xe8, 0xff, 0x80, 0x00, 0xe8, 0xff, 0x80, 0x00, 0xe0, 0xff,
    0x80, 0x00, 0xe8, 0xff, 0x78, 0x00, 0xe8, 0xff, 0x80, 0x00, 0xe0, 0xff,
    0x80, 0x00, 0xe8, 0xff, 0x80, 0x00, 0xe8, 0xff, 0x80, 0x00, 0xe8, 0xff,
    0x78, 0x00, 0xe8, 0xff, 0x80, 0x00, 0xe8, 0xff, 0x80, 0x00, 0xe0, 0xff,
    0x78, 0x00, 0xe8, 0xff, 0x78, 0x00, 0xe8, 0xff, 0x80, 0x00, 0xe0, 0xff,
    0x78, 0x00, 0xe8, 0xff, 0x78, 0x00, 0xe8, 0xff, 0x80, 0x00, 0xe0, 0xff,
    0x80, 0x00, 0xe8, 0xff, 0x78, 0x00, 0xe8, 0xff, 0x80, 0x00, 0xe8, 0xff,
    0x80, 0x00, 0xe0, 0xff, 0x80, 0x00, 0xe8, 0xff, 0x78, 0x00, 0xe8, 0xff,
    0x80, 0x00, 0xe0, 0xff, 0x80, 0x00, 0xe8, 0xff, 0x78, 0x00, 0xe8, 0xff,
    0x80, 0x00, 0xe8, 0xff, 0x80, 0x00, 0xe8, 0xff, 0x80, 0x00, 0xe8, 0xff,
    0x78, 0x00, 0xe8, 0xff, 0x80, 0x00, 0xe0, 0xff, 0x80, 0x00, 0xe8, 0xff,
    0x80, 0x00, 0xe8, 0xff, 0x80, 0x00, 0xe0, 0xff, 0x78, 0x00, 0xe8, 0xff,
    0x80, 0x00, 0xe8, 0xff, 0x80, 0x00, 0xe0, 0xff, 0x78, 0x00, 0xe8, 0xff,
    0x80, 0x00, 0xe8, 0xff, 0x80, 0x00, 0xe0, 0xff, 0x80, 0x00, 0xe8, 0xff,
    0x78, 0x00, 0xe8, 0xff, 0x80, 0x00, 0xe0, 0xff, 0x80, 0x00, 0xe8, 0xff,
    0x78, 0x00, 0xe8, 0xff, 0x80, 0x00, 0xe0, 0xff, 0x80, 0x00, 0xe8, 0xff,
    0x78, 0x00, 0xe8, 0xff, 0x80, 0x00, 0xe8, 0xff, 0x80, 0x00, 0xe8, 0xff,
    0x80, 0x00, 0xe8, 0xff, 0x80, 0x00, 0xe8, 0xff, 0x80, 0x00, 0xe8, 0xff,
    0x80, 0x00, 0xe8, 0xff, 0x78, 0x00, 0xe8, 0xff, 0x80, 0x00, 0xe8, 0xff,
    0x80, 0x00, 0xe8, 0xff, 0x78, 0x00, 0xe8, 0xff, 0x78, 0x00, 0xe8, 0xff,
    0x80, 0x00, 0xe8, 0xff, 0x80, 0x00, 0xe8, 0xff, 0x78, 0x00, 0xe8, 0xff,
    0x80, 0x00, 0xe8, 0xff, 0x80, 0x00, 0xe0, 0xff, 0x80, 0x00, 0xe8, 0xff,
    0x80, 0x00, 0xe8, 0xff, 0x78, 0x00, 0xe0, 0xff, 0x80, 0x00, 0xe8, 0xff,
    0x80, 0x00, 0xe8, 0xff, 0x80, 0x00, 0xe8, 0xff, 0x80, 0x00, 0xe8, 0xff,
    0x80, 0x00, 0xe8, 0xff, 0x78, 0x00, 0xe0, 0xff, 0x80, 0x00, 0xe8, 0xff,
    0x80, 0x00, 0xe8, 0xff, 0x78, 0x00, 0xe0, 0xff, 0x80, 0x00, 0xe8, 0xff,
    0x80, 0x00, 0xe8, 0xff, 0x80, 0x00, 0xe8, 0xff, 0x80, 0x00, 0xe8, 0xff,
    0x80, 0x00, 0xe0, 0xff, 0x80, 0x00, 0xe8, 0xff, 0x78, 0x00, 0xe8, 0xff,
    0x80, 0x00, 0xe8, 0xff, 0x80, 0x00, 0xe8, 0xff, 0x80, 0x00, 0xe0, 0xff,
    0x80, 0x00, 0xe8, 0xff, 0x80, 0x00, 0xe8, 0xff, 0x80, 0x00, 0xe8, 0xff,
    0x80, 0x00, 0xe0, 0xff, 0x78, 0x00, 0xe8, 0xff, 0x80, 0x00, 0xe8, 0xff,
    0x80, 0x00, 0xe0, 0xff, 0x78, 0x00, 0xe8, 0xff, 0x78, 0x00, 0xe8, 0xff,
    0x80, 0x00, 0xe8, 0xff, 0x80, 0x00, 0xe8, 0xff, 0x80, 0x00, 0xe8, 0xff,
    0x80, 0x00, 0xe0, 0xff, 0x80, 0x00, 0xe8, 0xff, 0x80, 0x00, 0xe8, 0xff,
    0x80, 0x00, 0xe8, 0xdf, 0x78, 0x00, 0xe0, 0xff, 0x80, 0x00, 0xe8, 0xff,
    0x78, 0x00, 0xe8, 0xff, 0x80, 0x00, 0xe8, 0xff, 0x80, 0x00, 0xe8, 0xff,
    0x80, 0x00, 0xe8, 0xff, 0x80, 0x00, 0xe0, 0xff, 0x80, 0x00, 0xe8, 0xff,
    0x78, 0x00, 0xe8, 0xff, 0x80, 0x00, 0xe8, 0xff, 0x80, 0x00, 0xe0, 0xff,
    0x80, 0x00, 0xe8, 0xff, 0x78, 0x00, 0xe8, 0xff, 0x80, 0x00, 0xe0, 0xff,
    0x78, 0x00, 0xe8, 0xff, 0x80, 0x00, 0xe8, 0xff, 0x80, 0x00, 0xe0, 0xff,
    0x80, 0x00, 0xe8, 0xff, 0x80, 0x00, 0xe0, 0xff, 0x80, 0x00, 0xe8, 0xff,
    0x80, 0x00, 0xe8, 0xff, 0x80, 0x00, 0xe0, 0xff, 0x78, 0x00, 0xe8, 0xff,
    0x80, 0x00, 0xe8, 0xff, 0x78, 0x00, 0xe8, 0xff, 0x80, 0x00, 0xe0, 0xff,
    0x80, 0x00, 0xe8, 0xff, 0x80, 0x00, 0xe8, 0xff, 0x80, 0x00, 0xe8, 0xff,
    0x78, 0x00, 0xe0, 0xff, 0x80, 0x00, 0xe8, 0xff, 0x80, 0x00, 0xe8, 0xff,
    0x78, 0x00, 0xe0, 0xff, 0x80, 0x00, 0xe8, 0xff, 0x80, 0x00, 0xe8, 0xff,
    0x78, 0x00, 0xe0, 0xff, 0x80, 0x00, 0xe8, 0xff, 0x80, 0x00, 0xe8, 0xff,
    0x78, 0x00, 0xe8, 0xff, 0x80, 0x00, 0xe8, 0xff, 0x80, 0x00, 0xe0, 0xff,
    0x78, 0x00, 0xe8, 0xff, 0x80, 0x00, 0xe8, 0xff, 0x80, 0x00, 0xe8, 0xff,
    0x80, 0x00, 0xe0, 0xff, 0x80, 0x00, 0xe8, 0xff, 0x80, 0x00, 0xe0, 0xff,
    0x80, 0x00, 0xe8, 0xff, 0x80, 0x00, 0xe8, 0xff, 0x80, 0x00, 0xe0, 0xff,
    0x80, 0x00, 0xe8, 0xff, 0x80, 0x00, 0xe8, 0xff, 0x80, 0x00, 0xe8, 0xff,
    0x78, 0x00, 0xe8, 0xff, 0x80, 0x00, 0xe8, 0xff, 0x80, 0x00, 0xe8, 0xff,
    0x80, 0x00, 0xe8, 0xff, 0x78, 0x00, 0xe0, 0xff, 0x80, 0x00, 0xe8, 0xff,
    0x80, 0x00, 0xe8, 0xff, 0x78, 0x00, 0xe0, 0xff, 0x80, 0x00, 0xe8, 0xff,
    0x78, 0x00, 0xe8, 0xff, 0x80, 0x00, 0xe8, 0xff, 0x80, 0x00, 0xe8, 0xff,
    0x80, 0x00, 0xe0, 0xff, 0x78, 0x00, 0xe8, 0xff, 0x80, 0x00, 0xe8, 0xff,
    0x80, 0x00, 0xe8, 0xff, 0x78, 0x00, 0xe8, 0xff, 0x80, 0x00, 0xe0, 0xff,
    0x78, 0x00, 0xe8, 0xff, 0x78, 0x00, 0xe8, 0xff, 0x80, 0x00, 0xe0, 0xff,
    0x80, 0x00, 0xe8, 0xff, 0x80, 0x00, 0xe8, 0xff, 0x80, 0x00, 0xe0, 0xff,
    0x78, 0x00, 0xe8, 0xff, 0x80, 0x00, 0xe8, 0xff, 0x80, 0x00, 0xe0, 0xff,
    0x78, 0x00, 0xe8, 0xff, 0x80, 0x00, 0xe8, 0xff, 0x80, 0x00, 0xe0, 0xff,
    0x80, 0x00, 0xe8, 0xff, 0x80, 0x00, 0xe8, 0xff, 0x80, 0x00, 0xe8, 0xff,
    0x80, 0x00, 0xe0, 0xff, 0x80, 0x00, 0xe8, 0xff, 0x80, 0x00, 0xe8, 0xff,
    0x80, 0x00, 0xe8, 0xff, 0x78, 0x00, 0xe8, 0xff, 0x80, 0x00, 0xe8, 0xff,
    0x80, 0x00, 0xe8, 0xff, 0x80, 0x00, 0xe8, 0xff, 0x78, 0x00, 0xe8, 0xff,
    0x80, 0x00, 0xe8, 0xff, 0x80, 0x00, 0xe8, 0xff, 0x80, 0x00, 0xe8, 0xff,
    0x78, 0x00, 0xe0, 0xff, 0x80, 0x00, 0xe8, 0xff, 0x80, 0x00, 0xe8, 0xff,
    0x80, 0x00, 0xe0, 0xff, 0x80, 0x00, 0xe8, 0xff, 0x78, 0x00, 0xe8, 0xff,
    0x80, 0x00, 0xe8, 0xff, 0x80, 0x00, 0xe8, 0xff, 0x78, 0x00, 0xe8, 0xff,
    0x80, 0x00, 0xe8, 0xff, 0x80, 0x00, 0xe0, 0xff, 0x78, 0x00, 0xe8, 0xff,
    0x80, 0x00, 0xe8, 0xff, 0x80, 0x00, 0xe8, 0xff, 0x78, 0x00, 0xe8, 0xff,
    0x80, 0x00, 0xe8, 0xff, 0x80, 0x00, 0xe0, 0xff, 0x78, 0x00, 0xe8, 0xff,
    0x80, 0x00, 0xe8, 0xff, 0x80, 0x00, 0xe8, 0xff, 0x80, 0x00, 0xe0, 0xff,
    0x80, 0x00, 0xe8, 0xff, 0x80, 0x00, 0xe8, 0xff, 0x78, 0x00, 0xe0, 0xff,
    0x80, 0x00, 0xe8, 0xff, 0x80, 0x00, 0xe0, 0xff, 0x78, 0x00, 0xe8, 0xff,
    0x80, 0x00, 0xe0, 0xff, 0x80, 0x00, 0xe8, 0xff, 0x80, 0x00, 0xe0, 0xff,
    0x78, 0x00, 0xe0, 0xff, 0x80, 0x00, 0xe8, 0xff, 0x80, 0x00, 0xe0, 0xff,
    0x80, 0x00, 0xe8, 0xff, 0x80, 0x00, 0xe8, 0xff, 0x78, 0x00, 0xe0, 0xff,
    0x80, 0x00, 0xe8, 0xff, 0x78, 0x00, 0xe8, 0xff, 0x78, 0x00, 0xe8, 0xff,
    0x80, 0x00, 0xe8, 0xff, 0x80, 0x00, 0xe8, 0xff, 0x80, 0x00, 0xe8, 0xff,
    0x78, 0x00, 0xe0, 0xff, 0x80, 0x00, 0xe8, 0xff, 0x80, 0x00, 0xe0, 0xff,
    0x80, 0x00, 0xe8, 0xff, 0x80, 0x00, 0xe8, 0xff, 0x80, 0x00, 0xe8, 0xff,
    0x80, 0x00, 0xe8, 0xff, 0x80, 0x00, 0xe0, 0xff, 0x80, 0x00, 0xe8, 0xff,
    0x80, 0x00, 0xe8, 0xff, 0x78, 0x00, 0xe0, 0xff, 0x80, 0x00, 0xe8, 0xff,
    0x80, 0x00, 0xe8, 0xff, 0x78, 0x00, 0xe8, 0xff, 0x80, 0x00, 0xe8, 0xff,
    0x80, 0x00, 0xe0, 0xff, 0x80, 0x00, 0xe8, 0xff, 0x78, 0x00, 0xe8, 0xff,
    0x80, 0x00, 0xe8, 0xff, 0x78, 0x00, 0xe0, 0xff, 0x80, 0x00, 0xe8, 0xff,
    0x80, 0x00, 0xe8, 0xff, 0x80, 0x00, 0xe8, 0xff, 0x80, 0x00, 0xe0, 0xff,
    0x78, 0x00, 0xe8, 0xff, 0x80, 0x00, 0xe8, 0xff, 0x80, 0x00, 0xe0, 0xff,
    0x80, 0x00, 0xe8, 0xff, 0x78, 0x00, 0xe0, 0xff, 0x78, 0x00, 0xe8, 0xff,
    0x80, 0x00, 0xe8, 0xff, 0x78, 0x00, 0xe8, 0xff, 0x80, 0x00, 0xe0, 0xff,
    0x80, 0x00, 0xe8, 0xdf, 0x80, 0x00, 0xe8, 0xcf, 0x80, 0x00, 0xe8, 0xff,
    0x80, 0x00, 0xe0, 0xff, 0x80, 0x00, 0xe8, 0xff, 0x78, 0x00, 0xe0, 0xff,
    0x80, 0x00, 0xe8, 0xff, 0x80, 0x00, 0xe8, 0xff, 0x78, 0x00, 0xe8, 0xff,
    0x80, 0x00, 0xe8, 0xff, 0x80, 0x00, 0xe8, 0xff, 0x78, 0x00, 0xe8, 0xff,
    0x80, 0x00, 0xe8, 0xff, 0x80, 0x00, 0xe8, 0xff, 0x80, 0x00, 0xe8, 0xff,
    0x80, 0x00, 0xe0, 0xff, 0x78, 0x00, 0xe8, 0xff, 0x80, 0x00, 0xe8, 0xff,
    0x78, 0x00, 0xe8, 0xff, 0x78, 0x00, 0xe8, 0xff, 0x80, 0x00, 0xe8, 0xff,
    0x80, 0x00, 0xe8, 0xff, 0x78, 0x00, 0xe8, 0xff, 0x80, 0x00, 0xe8, 0xff,
    0x80, 0x00, 0xe8, 0xff, 0x80, 0x00, 0xe8, 0xff, 0x78, 0x00, 0xe8, 0xff,
    0x80, 0x00, 0xe8, 0xff, 0x78, 0x00, 0xe0, 0xff, 0x80, 0x00, 0xe8, 0xff,
    0x80, 0x00, 0xe8, 0xff, 0x78, 0x00, 0xe8, 0xff, 0x80, 0x00, 0xe0, 0xff,
    0x80, 0x00, 0xe8, 0xff, 0x80, 0x00, 0xe8, 0xff, 0x80, 0x00, 0xe8, 0xff,
    0x80, 0x00, 0xe8, 0xff, 0x80, 0x00, 0xe0, 0xff, 0x80, 0x00, 0xe8, 0xff,
    0x80, 0x00, 0xe8, 0xff, 0x80, 0x00, 0xe8, 0xff, 0x78, 0x00, 0xe8, 0xff,
    0x80, 0x00, 0xe8, 0xff, 0x78, 0x00, 0xe0, 0xff, 0x80, 0x00, 0xe8, 0xff,
    0x78, 0x00, 0xe8, 0xff, 0x80, 0x00, 0xe8, 0xff, 0x78, 0x00, 0xe8, 0xff,
    0x80, 0x00, 0xe0, 0xff, 0x80, 0x00, 0xe8, 0xff, 0x78, 0x00, 0xe8, 0xff,
    0x80, 0x00, 0xe8, 0xff, 0x80, 0x00, 0xe8, 0xff, 0x80, 0x00, 0xe0, 0xff,
    0x80, 0x00, 0xe0, 0xff, 0x78, 0x00, 0xe8, 0xff, 0x80, 0x00, 0xe8, 0xff,
    0x80, 0x00, 0xe0, 0xff, 0x80, 0x00, 0xe8, 0xff, 0x80, 0x00, 0xe8, 0xff,
    0x80, 0x00, 0xe0, 0xff, 0x80, 0x00, 0xe8, 0xff, 0x80, 0x00, 0xe8, 0xff,
    0x80, 0x00, 0xe0, 0xff, 0x78, 0x00, 0xe8, 0xff, 0x80, 0x00, 0xe8, 0xff,
    0x80, 0x00, 0xe8, 0xff, 0x80, 0x00, 0xe8, 0xff, 0x80, 0x00, 0xe8, 0xff,
    0x80, 0x00, 0xe0, 0xff, 0x78, 0x00, 0xe8, 0xff, 0x80, 0x00, 0xe8, 0xff,
    0x80, 0x00, 0xe8, 0xff, 0x80, 0x00, 0xe0, 0xff, 0x80, 0x00, 0xe8, 0xff,
    0x78, 0x00, 0xe8, 0xff, 0x80, 0x00, 0xe8, 0xff, 0x80, 0x00, 0xe8, 0xff,
    0x78, 0x00, 0xe8, 0xff, 0x80, 0x00, 0xe8, 0xff, 0x80, 0x00, 0xe8, 0xff,
    0x80, 0x00, 0xe0, 0xff, 0x80, 0x00, 0xe8, 0xff, 0x80, 0x00, 0xe8, 0xff,
    0x78, 0x00, 0xe8, 0xff, 0x80, 0x00, 0xe8, 0xff, 0x80, 0x00, 0xe8, 0xff,
    0x80, 0x00, 0xe8, 0xff, 0x78, 0x00, 0xe8, 0xff, 0x80, 0x00, 0xe0, 0xff,
    0x80, 0x00, 0xe8, 0xff, 0x80, 0x00, 0xe8, 0xff, 0x80, 0x00, 0xe0, 0xff,
    0x78, 0x00, 0xe0, 0xff, 0x80, 0x00, 0xe8, 0xff, 0x80, 0x00, 0xe8, 0xff,
    0x80, 0x00, 0xe0, 0xff, 0x80, 0x00, 0xe0, 0xff, 0x80, 0x00, 0xe8, 0xff,
    0x78, 0x00, 0xe8, 0xff, 0x80, 0x00, 0xe0, 0xff, 0x80, 0x00, 0xe8, 0xff,
    0x78, 0x00, 0xe8, 0xff, 0x80, 0x00, 0xe0, 0xff, 0x80, 0x00, 0xe8, 0xff,
    0x80, 0x00, 0xe8, 0xff, 0x78, 0x00, 0xe0, 0xff, 0x80, 0x00, 0xe8, 0xff,
    0x80, 0x00, 0xe8, 0xff, 0x80, 0x00, 0xe0, 0xff, 0x80, 0x00, 0xe8, 0xff,
    0x80, 0x00, 0xe8, 0xff, 0x80, 0x00, 0xe0, 0xff, 0x80, 0x00, 0xe8, 0xff,
    0x78, 0x00, 0xe8, 0xff, 0x80, 0x00, 0xe0, 0xff, 0x80, 0x00, 0xe8, 0xff,
    0x80, 0x00, 0xe8, 0xff, 0x80, 0x00, 0xe8, 0xff, 0x78, 0x00, 0xe8, 0xff,
    0x80, 0x00, 0xe8, 0xff, 0x80, 0x00, 0xe8, 0xff, 0x78, 0x00, 0xe0, 0xff,
    0x80, 0x00, 0xe8, 0xff, 0x80, 0x00, 0xe8, 0xff, 0x78, 0x00, 0xe8, 0xff,
    0x80, 0x00, 0xe0, 0xff, 0x80, 0x00, 0xe8, 0xff, 0x78, 0x00, 0xe8, 0xff,
    0x80, 0x00, 0xe8, 0xff, 0x80, 0x00, 0xe8, 0xff, 0x80, 0x00, 0xe8, 0xff,
    0x80, 0x00, 0xe0, 0xff, 0x80, 0x00, 0xe8, 0xff, 0x78, 0x00, 0xe8, 0xff,
    0x80, 0x00, 0xe0, 0xff, 0x80, 0x00, 0xe8, 0xff, 0x80, 0x00, 0xe8, 0xff,
    0x80, 0x00, 0xe0, 0xff, 0x80, 0x00, 0xe8, 0xff, 0x78, 0x00, 0xe8, 0xff,
    0x80, 0x00, 0xe8, 0xff, 0x80, 0x00, 0xe8, 0xff, 0x78, 0x00, 0xe8, 0xff,
    0x80, 0x00, 0xe0, 0xff, 0x78, 0x00, 0xe8, 0xff, 0x78, 0x00, 0xe8, 0xff,
    0x80, 0x00, 0xe0, 0xff, 0x78, 0x00, 0xe8, 0xff, 0x80, 0x00, 0xe8, 0xff,
    0x80, 0x00, 0xe8, 0xff, 0x78, 0x00, 0xe8, 0xff, 0x80, 0x00, 0xe0, 0xff,
    0x80, 0x00, 0xe8, 0xff, 0x78, 0x00, 0xe8, 0xff, 0x80, 0x00, 0xe0, 0xff,
    0x80, 0x00, 0xe8, 0xff, 0x80, 0x00, 0xe8, 0xff, 0x78, 0x00, 0xe0, 0xff,
    0x80, 0x00, 0xe8, 0xff, 0x80, 0x00, 0xe8, 0xff, 0x80, 0x00, 0xe8, 0xff,
    0x78, 0x00, 0xe0, 0xff, 0x80, 0x00, 0xe8, 0xff, 0x80, 0x00, 0xe8, 0xff,
    0x80, 0x00, 0xe8, 0xff, 0x80, 0x00, 0xe8, 0xff, 0x78, 0x00, 0xe8, 0xff,
    0x80, 0x00, 0xe8, 0xff, 0x80, 0x00, 0xe8, 0xff, 0x80, 0x00, 0xe8, 0xff,
    0x80, 0x00, 0xe0, 0xff, 0x80, 0x00, 0xe8, 0xff, 0x80, 0x00, 0xe8, 0xff,
    0x78, 0x00, 0xe8, 0xff, 0x78, 0x00, 0xe8, 0xbe, 0x80, 0x00, 0xe8, 0x8e,
    0x80, 0x00, 0xe8, 0xff, 0x78, 0x00, 0xe8, 0xff, 0x80, 0x00, 0xe8, 0xff,
    0x80, 0x00, 0xe0, 0xff, 0x80, 0x00, 0xe8, 0xff, 0x78, 0x00, 0xe8, 0xff,
    0x80, 0x00, 0xe0, 0xff, 0x80, 0x00, 0xe0, 0xff, 0x80, 0x00, 0xe8, 0xff,
    0x80, 0x00, 0xe0, 0xff, 0x78, 0x00, 0xe8, 0xff, 0x80, 0x00, 0xe8, 0xff,
    0x80, 0x00, 0xe0, 0xff, 0x80, 0x00, 0xe8, 0xff, 0x80, 0x00, 0xe8, 0xff,
    0x80, 0x00, 0xe0, 0xff, 0x80, 0x00, 0xe8, 0xff, 0x80, 0x00, 0xe8, 0xff,
    0x80, 0x00, 0xe0, 0xff, 0x78, 0x00, 0xe8, 0xff, 0x80, 0x00, 0xe0, 0xff,
    0x80, 0x00, 0xe8, 0xff, 0x80, 0x00, 0xe0, 0xff, 0x80, 0x00, 0xe0, 0xff,
    0x80, 0x00, 0xe8, 0xff, 0x80, 0x00, 0xe8, 0xff, 0x80, 0x00, 0xe8, 0xff,
    0x78, 0x00, 0xe0, 0xff, 0x80, 0x00, 0xe8, 0xff, 0x80, 0x00, 0xe8, 0xff,
    0x80, 0x00, 0xe8, 0xff, 0x78, 0x00, 0xe8, 0xff, 0x80, 0x00, 0xe0, 0xff,
    0x78, 0x00, 0xe8, 0xff, 0x80, 0x00, 0xe8, 0xff, 0x78, 0x00, 0xe8, 0xff,
    0x80, 0x00, 0xe0, 0xff, 0x80, 0x00, 0xe8, 0xff, 0x78, 0x00, 0xe0, 0xff,
    0x80, 0x00, 0xe8, 0xff, 0x80, 0x00, 0xe8, 0xff, 0x80, 0x00, 0xe8, 0xff,
    0x80, 0x00, 0xe0, 0xff, 0x80, 0x00, 0xe8, 0xff, 0x78, 0x00, 0xe8, 0xff,
    0x80, 0x00, 0xe8, 0xff, 0x80, 0x00, 0xe8, 0xff, 0x78, 0x00, 0xe0, 0xff,
    0x80, 0x00, 0xe8, 0xff, 0x80, 0x00, 0xe8, 0xff, 0x78, 0x00, 0xe8, 0xff,
    0x80, 0x00, 0xe8, 0xff, 0x80, 0x00, 0xe8, 0xff, 0x80, 0x00, 0xe8, 0xff,
    0x78, 0x00, 0xe0, 0xff, 0x80, 0x00, 0xe8, 0xff, 0x78, 0x00, 0xe8, 0xff,
    0x80, 0x00, 0xe8, 0xff, 0x78, 0x00, 0xe8, 0xff, 0x78, 0x00, 0xe8, 0xff,
    0x80, 0x00, 0xe8, 0xff, 0x80, 0x00, 0xe8, 0xff, 0x80, 0x00, 0xe0, 0xff,
    0x78, 0x00, 0xe8, 0xff, 0x80, 0x00, 0xe0, 0xff, 0x78, 0x00, 0xe8, 0xff,
    0x80, 0x00, 0xe8, 0xff, 0x80, 0x00, 0xe0, 0xff, 0x80, 0x00, 0xe8, 0xff,
    0x80, 0x00, 0xe8, 0xff, 0x80, 0x00, 0xe0, 0xff, 0x80, 0x00, 0xe8, 0xff,
    0x80, 0x00, 0xe8, 0xff, 0x80, 0x00, 0xe0, 0xff, 0x78, 0x00, 0xe8, 0xff,
    0x80, 0x00, 0xe0, 0xff, 0x80, 0x00, 0xe8, 0xff, 0x80, 0x00, 0xe8, 0xff,
    0x78, 0x00, 0xe0, 0xff, 0x80, 0x00, 0xe8, 0xff, 0x80, 0x00, 0xe8, 0xff,
    0x78, 0x00, 0xe0, 0xff, 0x80, 0x00, 0xe8, 0xff, 0x80, 0x00, 0xe0, 0xff,
    0x78, 0x00, 0xe0, 0xff, 0x80, 0x00, 0xe8, 0xff, 0x80, 0x00, 0xe8, 0xff,
    0x78, 0x00, 0xe8, 0xff, 0x80, 0x00, 0xe0, 0xff, 0x80, 0x00, 0xe8, 0xff,
    0x78, 0x00, 0xe8, 0xff, 0x80, 0x00, 0xe8, 0xff, 0x80, 0x00, 0xe8, 0xff,
    0x78, 0x00, 0xe0, 0xff, 0x80, 0x00, 0xe8, 0xff, 0x80, 0x00, 0xe8, 0xff,
    0x78, 0x00, 0xe8, 0xff, 0x80, 0x00, 0xe8, 0xff, 0x80, 0x00, 0xe8, 0xff,
    0x80, 0x00, 0xe8, 0xff, 0x78, 0x00, 0xe8, 0xff, 0x80, 0x00, 0xe8, 0xff,
    0x80, 0x00, 0xe8, 0xff, 0x80, 0x00, 0xe0, 0xff, 0x80, 0x00, 0xe8, 0xff,
    0x78, 0x00, 0xe8, 0xff, 0x80, 0x00, 0xe0, 0xff, 0x80, 0x00, 0xe8, 0xff,
    0x78, 0x00, 0xe8, 0xff, 0x80, 0x00, 0xe8, 0xff, 0x80, 0x00, 0xe0, 0xff,
    0x78, 0x00, 0xe8, 0xff, 0x80, 0x00, 0xe8, 0xff, 0x80, 0x00, 0xe8, 0xff,
    0x80, 0x00, 0xe8, 0xff, 0x78, 0x00, 0xe0, 0xff, 0x80, 0x00, 0xe8, 0xff,
    0x80, 0x00, 0xe0, 0xff, 0x78, 0x00, 0xe8, 0xff, 0x80, 0x00, 0xe8, 0xff,
    0x80, 0x00, 0xe8, 0xff, 0x80, 0x00, 0xe8, 0xff, 0x80, 0x00, 0xe8, 0xff,
    0x80, 0x00, 0xe8, 0xff, 0x80, 0x00, 0xe8, 0xff, 0x80, 0x00, 0xe8, 0xff,
    0x78, 0x00, 0xe8, 0xff, 0x80, 0x00, 0xe8, 0xff, 0x80, 0x00, 0xe8, 0xff,
    0x78, 0x00, 0xe8, 0xff, 0x80, 0x00, 0xe8, 0xff, 0x78, 0x00, 0xe8, 0xff,
    0x80, 0x00, 0xe8, 0xff, 0x80, 0x00, 0xe8, 0xff, 0x80, 0x00, 0xe8, 0xff,
    0x80, 0x00, 0xe0, 0xff, 0x80, 0x00, 0xe8, 0xff, 0x80, 0x00, 0xe0, 0xff,
    0x78, 0x00, 0xe8, 0xff, 0x80, 0x00, 0xe0, 0xff, 0x80, 0x00, 0xe8, 0xff,
    0x80, 0x00, 0xe8, 0xff, 0x80, 0x00, 0xe8, 0xff, 0x80, 0x00, 0xe8, 0xff,
    0x80, 0x00, 0xe0, 0xff, 0x80, 0x00, 0xe8, 0xff, 0x80, 0x00, 0xe8, 0xff,
    0x78, 0x00, 0xe0, 0xff, 0x80, 0x00, 0xe8, 0xff, 0x80, 0x00, 0xe8, 0xff,
    0x80, 0x00, 0xe8, 0xff, 0x80, 0x00, 0xe8, 0xff, 0x80, 0x00, 0xe0, 0xff,
    0x80, 0x00, 0xe8, 0xff, 0x78, 0x00, 0xe8, 0xff, 0x80, 0x00, 0xe8, 0xff,
    0x80, 0x00, 0xe8, 0xff, 0x80, 0x00, 0xe0, 0xff, 0x80, 0x00, 0xe8, 0xff,
    0x80, 0x00, 0xe8, 0xff, 0x78, 0x00, 0xe8, 0xff, 0x80, 0x00, 0xe0, 0xff,
    0x78, 0x00, 0xe8, 0xff, 0x80, 0x00, 0xe8, 0xff, 0x80, 0x00, 0xe0, 0xff,
    0x80, 0x00, 0xe8, 0xff, 0x78, 0x00, 0xe8, 0xff, 0x80, 0x00, 0xe0, 0xff,
    0x80, 0x00, 0xe8, 0xff, 0x80, 0x00, 0xe8, 0xff, 0x80, 0x00, 0xe0, 0xff,
    0x80, 0x00, 0xe8, 0xff, 0x80, 0x00, 0xe8, 0xff, 0x80, 0x00, 0xe0, 0x8e,
    0x78, 0x00, 0xe8, 0x61, 0x80, 0x00, 0xe0, 0xff, 0x80, 0x00, 0xe8, 0xff,
    0x78, 0x00, 0xe8, 0xff, 0x80, 0x00, 0xe8, 0xff, 0x80, 0x00, 0xe8, 0xff,
    0x80, 0x00, 0xe8, 0xff, 0x80, 0x00, 0xe8, 0xff, 0x78, 0x00, 0xe8, 0xff,
    0x80, 0x00, 0xe8, 0xff, 0x80, 0x00, 0xe0, 0xff, 0x80, 0x00, 0xe8, 0xff,
    0x78, 0x00, 0xe8, 0xff, 0x80, 0x00, 0xe0, 0xff, 0x78, 0x00, 0xe8, 0xff,
    0x80, 0x00, 0xe8, 0xff, 0x80, 0x00, 0xe8, 0xff, 0x78, 0x00, 0xe0, 0xff,
    0x80, 0x00, 0xe8, 0xff, 0x80, 0x00, 0xe8, 0xff, 0x80, 0x00, 0xe0, 0xff,
    0x80, 0x00, 0xe8, 0xff, 0x78, 0x00, 0xe8, 0xff, 0x78, 0x00, 0xe8, 0xff,
    0x80, 0x00, 0xe8, 0xff, 0x80, 0x00, 0xe8, 0xff, 0x78, 0x00, 0xe0, 0xff,
    0x80, 0x00, 0xe8, 0xff, 0x80, 0x00, 0xe8, 0xff, 0x80, 0x00, 0xe0, 0xff,
    0x80, 0x00, 0xe8, 0xff, 0x78, 0x00, 0xe8, 0xff, 0x80, 0x00, 0xe0, 0xff,
    0x80, 0x00, 0xe8, 0xff, 0x80, 0x00, 0xe8, 0xff, 0x78, 0x00, 0xe0, 0xff,
    0x80, 0x00, 0xe8, 0xff, 0x80, 0x00, 0xe8, 0xff, 0x78, 0x00, 0xe8, 0xff,
    0x80, 0x00, 0xe0, 0xff, 0x80, 0x00, 0xe8, 0xff, 0x80, 0x00, 0xe8, 0xff,
    0x78, 0x00, 0xe0, 0xff, 0x80, 0x00, 0xe8, 0xff, 0x80, 0x00, 0xe8, 0xff,
    0x80, 0x00, 0xe0, 0xff, 0x80, 0x00, 0xe8, 0xff, 0x80, 0x00, 0xe8, 0xff,
    0x80, 0x00, 0xe8, 0xff, 0x80, 0x00, 0xe0, 0xff, 0x80, 0x00, 0xe0, 0xff,
    0x78, 0x00, 0xe8, 0xff, 0x80, 0x00, 0xe8, 0xff, 0x80, 0x00, 0xe8, 0xff,
    0x78, 0x00, 0xe0, 0xff, 0x80, 0x00, 0xe8, 0xff, 0x80, 0x00, 0xe8, 0xff,
    0x80, 0x00, 0xe0, 0xff, 0x80, 0x00, 0xe8, 0xff, 0x80, 0x00, 0xe8, 0xff,
    0x80, 0x00, 0xe0, 0xff, 0x80, 0x00, 0xe8, 0xff, 0x78, 0x00, 0xe8, 0xff,
    0x80, 0x00, 0xe8, 0xff, 0x80, 0x00, 0xe8, 0xff, 0x80, 0x00, 0xe0, 0xff,
    0x78, 0x00, 0xe8, 0xff, 0x80, 0x00, 0xe8, 0xff, 0x80, 0x00, 0xe8, 0xff,
    0x78, 0x00, 0xe8, 0xff, 0x78, 0x00, 0xe0, 0xff, 0x80, 0x00, 0xe8, 0xff,
    0x78, 0x00, 0xe8, 0xff, 0x80, 0x00, 0xe8, 0xff, 0x80, 0x00, 0xe8, 0xff,
    0x80, 0x00, 0xe0, 0xff, 0x78, 0x00, 0xe8, 0xff, 0x80, 0x00, 0xe8, 0xff,
    0x80, 0x00, 0xe0, 0xff, 0x78, 0x00, 0xe8, 0xff, 0x80, 0x00, 0xe8, 0xff,
    0x80, 0x00, 0xe8, 0xff, 0x78, 0x00, 0xe8, 0xff, 0x80, 0x00, 0xe8, 0xff,
    0x80, 0x00, 0xe8, 0xff, 0x78, 0x00, 0xe8, 0xff, 0x80, 0x00, 0xe0, 0xff,
    0x80, 0x00, 0xe8, 0xff, 0x80, 0x00, 0xe8, 0xff, 0x78, 0x00, 0xe8, 0xff,
    0x80, 0x00, 0xe8, 0xff, 0x80, 0x00, 0xe8, 0xff, 0x80, 0x00, 0xe8, 0xff,
    0x80, 0x00, 0xe0, 0xff, 0x78, 0x00, 0xe8, 0xff, 0x80, 0x00, 0xe8, 0xff,
    0x80, 0x00, 0xe8, 0xff, 0x78, 0x00, 0xe0, 0xff, 0x80, 0x00, 0xe8, 0xff,
    0x80, 0x00, 0xe0, 0xff, 0x80, 0x00, 0xe8, 0xff, 0x80, 0x00, 0xe0, 0xff,
    0x78, 0x00, 0xe8, 0xff, 0x80, 0x00, 0xe8, 0xff, 0x78, 0x00, 0xe8, 0xff,
    0x80, 0x00, 0xe8, 0xff, 0x80, 0x00, 0xe8, 0xff, 0x80, 0x00, 0xe8, 0xff,
    0x78, 0x00, 0xe8, 0xff, 0x80, 0x00, 0xe8, 0xff, 0x80, 0x00, 0xe0, 0xff,
    0x78, 0x00, 0xe8, 0xff, 0x80, 0x00, 0xe8, 0xff, 0x80, 0x00, 0xe0, 0xff,
    0x80, 0x00, 0xe8, 0xff, 0x78, 0x00, 0xe8, 0xff, 0x80, 0x00, 0xe8, 0xff,
    0x80, 0x00, 0xe0, 0xff, 0x80, 0x00, 0xe8, 0xff, 0x80, 0x00, 0xe8, 0xff,
    0x78, 0x00, 0xe0, 0xff, 0x80, 0x00, 0xe8, 0xff, 0x80, 0x00, 0xe0, 0xff,
    0x78, 0x00, 0xe0, 0xff, 0x80, 0x00, 0xe8, 0xff, 0x80, 0x00, 0xe8, 0xff,
    0x78, 0x00, 0xe0, 0xff, 0x80, 0x00, 0xe0, 0xff, 0x80, 0x00, 0xe8, 0xff,
    0x80, 0x00, 0xe0, 0xff, 0x78, 0x00, 0xe0, 0xff, 0x80, 0x00, 0xe8, 0xff,
    0x80, 0x00, 0xe0, 0xff, 0x80, 0x00, 0xe8, 0xff, 0x78, 0x00, 0xe8, 0xff,
    0x80, 0x00, 0xe0, 0xff, 0x78, 0x00, 0xe8, 0xff, 0x80, 0x00, 0xe8, 0xff,
    0x80, 0x00, 0xe8, 0xff, 0x80, 0x00, 0xe8, 0xff, 0x80, 0x00, 0xe0, 0xff,
    0x78, 0x00, 0xe8, 0xff, 0x80, 0x00, 0xe8, 0xff, 0x80, 0x00, 0xe0, 0xff,
    0x78, 0x00, 0xe8, 0xff, 0x80, 0x00, 0xe8, 0xff, 0x80, 0x00, 0xe8, 0xff,
    0x80, 0x00, 0xe8, 0xff, 0x80, 0x00, 0xe0, 0xff, 0x78, 0x00, 0xe8, 0xff,
    0x80, 0x00, 0xe8, 0xff, 0x78, 0x00, 0xe0, 0xff, 0x80, 0x00, 0xe8, 0xff,
    0x80, 0x00, 0xe8, 0xff, 0x78, 0x00, 0xe8, 0xff, 0x80, 0x00, 0xe0, 0xff,
    0x80, 0x00, 0xe8, 0xff, 0x78, 0x00, 0xe8, 0xff, 0x80, 0x00, 0xe8, 0xff,
    0x78, 0x00, 0xe0, 0xff, 0x80, 0x00, 0xe8, 0xff, 0x80, 0x00, 0xe8, 0xff,
    0x80, 0x00, 0xe8, 0xff, 0x80, 0x00, 0xe0, 0xff, 0x78, 0x00, 0xe8, 0xff,
    0x80, 0x00, 0xe8, 0xff, 0x80, 0x00, 0xe0, 0xff, 0x80, 0x00, 0xe8, 0xff,
    0x78, 0x00, 0xe8, 0xff, 0x80, 0x00, 0xe8, 0xff, 0x78, 0x00, 0xe8, 0xff,
    0x78, 0x00, 0xe8, 0xff, 0x80, 0x00, 0xe0, 0xff, 0x80, 0x00, 0xe8, 0xff,
    0x80, 0x00, 0xe8, 0x61, 0x80, 0x00, 0xe8, 0x20, 0x80, 0x00, 0xe8, 0xff,
    0x80, 0x00, 0xe0, 0xff, 0x80, 0x00, 0xe8, 0xff, 0x78, 0x00, 0xe0, 0xff,
    0x80, 0x00, 0xe8, 0xff, 0x80, 0x00, 0xe0, 0xff, 0x78, 0x00, 0xe8, 0xff,
    0x80, 0x00, 0xe8, 0xff, 0x80, 0x00, 0xe8, 0xff, 0x78, 0x00, 0xe8, 0xff,
    0x80, 0x00, 0xe8, 0xff, 0x80, 0x00, 0xe8, 0xff, 0x80, 0x00, 0xe8, 0xff,
    0x78, 0x00, 0xe8, 0xff, 0x80, 0x00, 0xe8, 0xff, 0x80, 0x00, 0xe8, 0xff,
    0x78, 0x00, 0xe8, 0xff, 0x80, 0x00, 0xe8, 0xff, 0x80, 0x00, 0xe8, 0xff,
    0x78, 0x00, 0xe8, 0xff, 0x80, 0x00, 0xe8, 0xff, 0x80, 0x00, 0xe8, 0xff,
    0x80, 0x00, 0xe8, 0xff, 0x80, 0x00, 0xe8, 0xff, 0x78, 0x00, 0xe0, 0xff,
    0x80, 0x00, 0xe8, 0xff, 0x80, 0x00, 0xe8, 0xff, 0x78, 0x00, 0xe8, 0xff,
    0x80, 0x00, 0xe8, 0xff, 0x80, 0x00, 0xe8, 0xff, 0x80, 0x00, 0xe0, 0xff,
    0x80, 0x00, 0xe8, 0xff, 0x80, 0x00, 0xe8, 0xff, 0x80, 0x00, 0xe8, 0xff,
    0x80, 0x00, 0xe8, 0xff, 0x80, 0x00, 0xe0, 0xff, 0x80, 0x00, 0xe8, 0xff,
    0x80, 0x00, 0xe8, 0xff, 0x80, 0x00, 0xe8, 0xff, 0x80, 0x00, 0xe8, 0xff,
    0x78, 0x00, 0xe0, 0xff, 0x80, 0x00, 0xe8, 0xff, 0x80, 0x00, 0xe8, 0xff,
    0x78, 0x00, 0xe8, 0xff, 0x80, 0x00, 0xe0, 0xff, 0x78, 0x00, 0xe8, 0xff,
    0x80, 0x00, 0xe8, 0xff, 0x78, 0x00, 0xe8, 0xff, 0x80, 0x00, 0xe8, 0xff,
    0x80, 0x00, 0xe8, 0xff, 0x80, 0x00, 0xe0, 0xff, 0x78, 0x00, 0xe8, 0xff,
    0x80, 0x00, 0xe8, 0xff, 0x80, 0x00, 0xe0, 0xff, 0x80, 0x00, 0xe8, 0xff,
    0x78, 0x00, 0xe8, 0xff, 0x80, 0x00, 0xe8, 0xff, 0x80, 0x00, 0xe0, 0xff,
    0x78, 0x00, 0xe8, 0xff, 0x80, 0x00, 0xe8, 0xff, 0x80, 0x00, 0xe0, 0xff,
    0x80, 0x00, 0xe8, 0xff, 0x78, 0x00, 0xe8, 0xff, 0x80, 0x00, 0xe8, 0xff,
    0x80, 0x00, 0xe8, 0xff, 0x80, 0x00, 0xe0, 0xff, 0x80, 0x00, 0xe8, 0xff,
    0x80, 0x00, 0xe8, 0xff, 0x80, 0x00, 0xe0, 0xff, 0x80, 0x00, 0xe8, 0xff,
    0x80, 0x00, 0xe8, 0xff, 0x78, 0x00, 0xe8, 0xff, 0x80, 0x00, 0xe0, 0xff,
    0x80, 0x00, 0xe8, 0xff, 0x78, 0x00, 0xe8, 0xff, 0x80, 0x00, 0xe8, 0xff,
    0x80, 0x00, 0xe8, 0xff, 0x80, 0x00, 0xe8, 0xff, 0x80, 0x00, 0xe8, 0xff,
    0x80, 0x00, 0xe0, 0xff, 0x80, 0x00, 0xe8, 0xff, 0x80, 0x00, 0xe8, 0xff,
    0x80, 0x00, 0xe0, 0xff, 0x80, 0x00, 0xe8, 0xff, 0x80, 0x00, 0xe8, 0xff,
    0x80, 0x00, 0xe8, 0xff, 0x80, 0x00, 0xe0, 0xff, 0x78, 0x00, 0xe8, 0xff,
    0x80, 0x00, 0xe8, 0xff, 0x80, 0x00, 0xe0, 0xff, 0x78, 0x00, 0xe0, 0xff,
    0x80, 0x00, 0xe8, 0xff, 0x80, 0x00, 0xe8, 0xff, 0x80, 0x00, 0xe8, 0xff,
    0x80, 0x00, 0xe8, 0xff, 0x80, 0x00, 0xe0, 0xff, 0x80, 0x00, 0xe8, 0xff,
    0x78, 0x00, 0xe8, 0xff, 0x80, 0x00, 0xe8, 0xff, 0x80, 0x00, 0xe0, 0xff,
    0x78, 0x00, 0xe8, 0xff, 0x80, 0x00, 0xe8, 0xff, 0x80, 0x00, 0xe0, 0xff,
    0x80, 0x00, 0xe8, 0xff, 0x78, 0x00, 0xe0, 0xff, 0x80, 0x00, 0xe0, 0xff,
    0x80, 0x00, 0xe8, 0xff, 0x80, 0x00, 0xe8, 0xff, 0x80, 0x00, 0xe0, 0xff,
    0x80, 0x00, 0xe8, 0xff, 0x80, 0x00, 0xe8, 0xff, 0x80, 0x00, 0xe8, 0xff,
    0x78, 0x00, 0xe0, 0xff, 0x80, 0x00, 0xe8, 0xff, 0x80, 0x00, 0xe8, 0xff,
    0x80, 0x00, 0xe8, 0xff, 0x78, 0x00, 0xe8, 0xff, 0x80, 0x00, 0xe8, 0xff,
    0x80, 0x00, 0xe8, 0xff, 0x80, 0x00, 0xe0, 0xff, 0x78, 0x00, 0xe8, 0xff,
    0x80, 0x00, 0xe8, 0xff, 0x80, 0x00, 0xe8, 0xff, 0x78, 0x00, 0xe8, 0xff,
    0x80, 0x00, 0xe0, 0xff, 0x80, 0x00, 0xe8, 0xff, 0x80, 0x00, 0xe8, 0xff,
    0x80, 0x00, 0xe8, 0xff, 0x78, 0x00, 0xe8, 0xff, 0x80, 0x00, 0xe8, 0xff,
    0x80, 0x00, 0xe8, 0xff, 0x80, 0x00, 0xe8, 0xff, 0x80, 0x00, 0xe0, 0xff,
    0x80, 0x00, 0xe8, 0xff, 0x78, 0x00, 0xe8, 0xff, 0x80, 0x00, 0xe8, 0xff,
    0x80, 0x00, 0xe8, 0xff, 0x78, 0x00, 0xe8, 0xff, 0x80, 0x00, 0xe8, 0xff,
    0x80, 0x00, 0xe8, 0xff, 0x78, 0x00, 0xe8, 0xff, 0x80, 0x00, 0xe0, 0xff,
    0x80, 0x00, 0xe8, 0xff, 0x78, 0x00, 0xe8, 0xff, 0x80, 0x00, 0xe0, 0xff,
    0x78, 0x00, 0xe8, 0xff, 0x80, 0x00, 0xe8, 0xff, 0x80, 0x00, 0xe8, 0xff,
    0x80, 0x00, 0xe8, 0xff, 0x80, 0x00, 0xe0, 0xff, 0x80, 0x00, 0xe8, 0xff,
    0x78, 0x00, 0xe8, 0xff, 0x80, 0x00, 0xe8, 0xff, 0x80, 0x00, 0xe0, 0xff,
    0x80, 0x00, 0xe8, 0xff, 0x80, 0x00, 0xe8, 0xff, 0x80, 0x00, 0xe0, 0xff,
    0x78, 0x00, 0xe8, 0xff, 0x80, 0x00, 0xe8, 0xff, 0x80, 0x00, 0xe0, 0xff,
    0x80, 0x00, 0xe8, 0xff, 0x78, 0x00, 0xe8, 0xff, 0x80, 0x00, 0xe8, 0xff,
    0x80, 0x00, 0xe8, 0xff, 0x78, 0x00, 0xe8, 0xff, 0x80, 0x00, 0xe0, 0xff,
    0x80, 0x00, 0xe8, 0xff, 0x80, 0x00, 0xe8, 0xff, 0x80, 0x00, 0xe0, 0xff,
    0x80, 0x00, 0xe8, 0xff, 0x80, 0x00, 0xe8, 0xff, 0x78, 0x00, 0xe8, 0xff,
    0x80, 0x00, 0xe8, 0xff, 0x80, 0x00, 0xe0, 0x20, 0x00, 0x00, 0x00, 0x00,
    0x80, 0x00, 0xe8, 0xdf, 0x80, 0x00, 0xe8, 0xff, 0x80, 0x00, 0xe8, 0xff,
    0x78, 0x00, 0xe8, 0xff, 0x80, 0x00, 0xe0, 0xff, 0x80, 0x00, 0xe8, 0xff,
    0x80, 0x00, 0xe0, 0xff, 0x80, 0x00, 0xe8, 0xff, 0x80, 0x00, 0xe0, 0xff,
    0x80, 0x00, 0xe8, 0xff, 0x78, 0x00, 0xe0, 0xff, 0x80, 0x00, 0xe8, 0xff,
    0x80, 0x00, 0xe0, 0xff, 0x80, 0x00, 0xe8, 0xff, 0x80, 0x00, 0xe0, 0xff,
    0x80, 0x00, 0xe0, 0xff, 0x80, 0x00, 0xe8, 0xff, 0x80, 0x00, 0xe0, 0xff,
    0x78, 0x00, 0xe8, 0xff, 0x80, 0x00, 0xe0, 0xff, 0x80, 0x00, 0xe8, 0xff,
    0x80, 0x00, 0xe0, 0xff, 0x80, 0x00, 0xe0, 0xff, 0x80, 0x00, 0xe8, 0xff,
    0x80, 0x00, 0xe8, 0xff, 0x80, 0x00, 0xe8, 0xff, 0x80, 0x00, 0xe0, 0xff,
    0x78, 0x00, 0xe8, 0xff, 0x80, 0x00, 0xe8, 0xff, 0x80, 0x00, 0xe0, 0xff,
    0x78, 0x00, 0xe8, 0xff, 0x78, 0x00, 0xe8, 0xff, 0x80, 0x00, 0xe0, 0xff,
    0x78, 0x00, 0xe8, 0xff, 0x80, 0x00, 0xe8, 0xff, 0x78, 0x00, 0xe8, 0xff,
    0x80, 0x00, 0xe0, 0xff, 0x80, 0x00, 0xe8, 0xff, 0x78, 0x00, 0xe8, 0xff,
    0x80, 0x00, 0xe0, 0xff, 0x80, 0x00, 0xe8, 0xff, 0x80, 0x00, 0xe8, 0xff,
    0x80, 0x00, 0xe8, 0xff, 0x80, 0x00, 0xe0, 0xff, 0x80, 0x00, 0xe8, 0xff,
    0x80, 0x00, 0xe8, 0xff, 0x78, 0x00, 0xe0, 0xff, 0x80, 0x00, 0xe0, 0xff,
    0x80, 0x00, 0xe8, 0xff, 0x78, 0x00, 0xe8, 0xff, 0x80, 0x00, 0xe8, 0xff,
    0x80, 0x00, 0xe0, 0xff, 0x78, 0x00, 0xe8, 0xff, 0x80, 0x00, 0xe8, 0xff,
    0x80, 0x00, 0xe8, 0xff, 0x80, 0x00, 0xe8, 0xff, 0x78, 0x00, 0xe8, 0xff,
    0x80, 0x00, 0xe0, 0xff, 0x80, 0x00, 0xe8, 0xff, 0x78, 0x00, 0xe8, 0xff,
    0x80, 0x00, 0xe0, 0xff, 0x80, 0x00, 0xe8, 0xff, 0x80, 0x00, 0xe0, 0xff,
    0x78, 0x00, 0xe8, 0xff, 0x80, 0x00, 0xe8, 0xff, 0x80, 0x00, 0xe8, 0xff,
    0x78, 0x00, 0xe0, 0xff, 0x78, 0x00, 0xe8, 0xff, 0x80, 0x00, 0xe8, 0xff,
    0x80, 0x00, 0xe8, 0xff, 0x80, 0x00, 0xe8, 0xff, 0x80, 0x00, 0xe0, 0xff,
    0x80, 0x00, 0xe8, 0xff, 0x78, 0x00, 0xe8, 0xff, 0x80, 0x00, 0xe8, 0xff,
    0x80, 0x00, 0xe0, 0xff, 0x78, 0x00, 0xe8, 0xff, 0x80, 0x00, 0xe8, 0xff,
    0x78, 0x00, 0xe0, 0xff, 0x80, 0x00, 0xe8, 0xff, 0x78, 0x00, 0xe8, 0xff,
    0x80, 0x00, 0xe0, 0xff, 0x78, 0x00, 0xe8, 0xff, 0x80, 0x00, 0xe8, 0xff,
    0x80, 0x00, 0xe8, 0xff, 0x78, 0x00, 0xe8, 0xff, 0x80, 0x00, 0xe8, 0xff,
    0x80, 0x00, 0xe0, 0xff, 0x80, 0x00, 0xe8, 0xff, 0x80, 0x00, 0xe8, 0xff,
    0x78, 0x00, 0xe8, 0xff, 0x80, 0x00, 0xe8, 0xff, 0x80, 0x00, 0xe0, 0xff,
    0x78, 0x00, 0xe8, 0xff, 0x78, 0x00, 0xe8, 0xff, 0x80, 0x00, 0xe8, 0xff,
    0x80, 0x00, 0xe8, 0xff, 0x80, 0x00, 0xe8, 0xff, 0x78, 0x00, 0xe8, 0xff,
    0x80, 0x00, 0xe8, 0xff, 0x80, 0x00, 0xe8, 0xff, 0x80, 0x00, 0xe8, 0xff,
    0x80, 0x00, 0xe0, 0xff, 0x80, 0x00, 0xe8, 0xff, 0x80, 0x00, 0xe8, 0xff,
    0x78, 0x00, 0xe8, 0xff, 0x80, 0x00, 0xe8, 0xff, 0x78, 0x00, 0xe0, 0xff,
    0x80, 0x00, 0xe8, 0xff, 0x78, 0x00, 0xe8, 0xff, 0x80, 0x00, 0xe8, 0xff,
    0x80, 0x00, 0xe8, 0xff, 0x78, 0x00, 0xe8, 0xff, 0x80, 0x00, 0xe0, 0xff,
    0x80, 0x00, 0xe8, 0xff, 0x78, 0x00, 0xe0, 0xff, 0x80, 0x00, 0xe8, 0xff,
    0x80, 0x00, 0xe8, 0xff, 0x78, 0x00, 0xe0, 0xff, 0x80, 0x00, 0xe8, 0xff,
    0x80, 0x00, 0xe8, 0xff, 0x80, 0x00, 0xe8, 0xff, 0x80, 0x00, 0xe8, 0xff,
    0x78, 0x00, 0xe8, 0xff, 0x80, 0x00, 0xe8, 0xff, 0x80, 0x00, 0xe8, 0xff,
    0x78, 0x00, 0xe8, 0xff, 0x80, 0x00, 0xe0, 0xff, 0x80, 0x00, 0xe8, 0xff,
    0x80, 0x00, 0xe8, 0xff, 0x78, 0x00, 0xe8, 0xff, 0x80, 0x00, 0xe8, 0xff,
    0x80, 0x00, 0xe8, 0xff, 0x80, 0x00, 0xe0, 0xff, 0x80, 0x00, 0xe8, 0xff,
    0x80, 0x00, 0xe0, 0xff, 0x78, 0x00, 0xe0, 0xff, 0x80, 0x00, 0xe8, 0xff,
    0x80, 0x00, 0xe0, 0xff, 0x80, 0x00, 0xe8, 0xff, 0x80, 0x00, 0xe8, 0xff,
    0x80, 0x00, 0xe8, 0xff, 0x80, 0x00, 0xe8, 0xff, 0x80, 0x00, 0xe8, 0xff,
    0x80, 0x00, 0xe0, 0xff, 0x80, 0x00, 0xe8, 0xff, 0x78, 0x00, 0xe8, 0xff,
    0x80, 0x00, 0xe0, 0xff, 0x80, 0x00, 0xe8, 0xff, 0x78, 0x00, 0xe8, 0xff,
    0x80, 0x00, 0xe8, 0xff, 0x80, 0x00, 0xe0, 0xff, 0x78, 0x00, 0xe8, 0xff,
    0x80, 0x00, 0xe8, 0xff, 0x78, 0x00, 0xe8, 0xff, 0x80, 0x00, 0xe8, 0xff,
    0x80, 0x00, 0xe8, 0xff, 0x80, 0x00, 0xe8, 0xff, 0x80, 0x00, 0xe8, 0xff,
    0x78, 0x00, 0xe8, 0xff, 0x80, 0x00, 0xe0, 0xff, 0x80, 0x00, 0xe8, 0xff,
    0x80, 0x00, 0xe0, 0xff, 0x80, 0x00, 0xe8, 0xff, 0x80, 0x00, 0xe8, 0xff,
    0x78, 0x00, 0xe8, 0xff, 0x80, 0x00, 0xe8, 0xff, 0x80, 0x00, 0xe0, 0xff,
    0x78, 0x00, 0xe8, 0xff, 0x80, 0x00, 0xe8, 0xff, 0x80, 0x00, 0xe0, 0xff,
    0x80, 0x00, 0xe8, 0xff, 0x78, 0x00, 0xe8, 0xdf, 0x00, 0x00, 0x00, 0x00,
    0x00, 0x00, 0x00, 0x00, 0x78, 0x00, 0xe8, 0x7d, 0x80, 0x00, 0xe8, 0xff,
    0x80, 0x00, 0xe8, 0xff, 0x80, 0x00, 0xe8, 0xff, 0x78, 0x00, 0xe8, 0xff,
    0x80, 0x00, 0xe8, 0xff, 0x80, 0x00, 0xe8, 0xff, 0x78, 0x00, 0xe8, 0xff,
    0x80, 0x00, 0xe8, 0xff, 0x80, 0x00, 0xe0, 0xff, 0x80, 0x00, 0xe8, 0xff,
    0x78, 0x00, 0xe8, 0xff, 0x80, 0x00, 0xe8, 0xff, 0x80, 0x00, 0xe8, 0xff,
    0x78, 0x00, 0xe8, 0xff, 0x80, 0x00, 0xe8, 0xff, 0x80, 0x00, 0xe8, 0xff,
    0x78, 0x00, 0xe8, 0xff, 0x80, 0x00, 0xe0, 0xff, 0x80, 0x00, 0xe8, 0xff,
    0x78, 0x00, 0xe8, 0xff, 0x78, 0x00, 0xe8, 0xff, 0x80, 0x00, 0xe8, 0xff,
    0x78, 0x00, 0xe8, 0xff, 0x80, 0x00, 0xe8, 0xff, 0x80, 0x00, 0xe0, 0xff,
    0x78, 0x00, 0xe8, 0xff, 0x80, 0x00, 0xe8, 0xff, 0x80, 0x00, 0xe8, 0xff,
    0x80, 0x00, 0xe8, 0xff, 0x80, 0x00, 0xe8, 0xff, 0x80, 0x00, 0xe8, 0xff,
    0x80, 0x00, 0xe8, 0xff, 0x80, 0x00, 0xe0, 0xff, 0x78, 0x00, 0xe8, 0xff,
    0x80, 0x00, 0xe8, 0xff, 0x80, 0x00, 0xe8, 0xff, 0x78, 0x00, 0xe8, 0xff,
    0x80, 0x00, 0xe0, 0xff, 0x80, 0x00, 0xe8, 0xff, 0x78, 0x00, 0xe8, 0xff,
    0x80, 0x00, 0xe8, 0xff, 0x78, 0x00, 0xe0, 0xff, 0x80, 0x00, 0xe8, 0xff,
    0x80, 0x00, 0xe8, 0xff, 0x80, 0x00, 0xe8, 0xff, 0x80, 0x00, 0xe8, 0xff,
    0x80, 0x00, 0xe8, 0xff, 0x80, 0x00, 0xe8, 0xff, 0x78, 0x00, 0xe8, 0xff,
    0x80, 0x00, 0xe8, 0xff, 0x80, 0x00, 0xe8, 0xff, 0x80, 0x00, 0xe0, 0xff,
    0x78, 0x00, 0xe8, 0xff, 0x80, 0x00, 0xe8, 0xff, 0x80, 0x00, 0xe0, 0xff,
    0x80, 0x00, 0xe8, 0xff, 0x80, 0x00, 0xe8, 0xff, 0x80, 0x00, 0xe8, 0xff,
    0x80, 0x00, 0xe8, 0xff, 0x78, 0x00, 0xe8, 0xff, 0x80, 0x00, 0xe8, 0xff,
    0x80, 0x00, 0xe8, 0xff, 0x80, 0x00, 0xe0, 0xff, 0x78, 0x00, 0xe8, 0xff,
    0x80, 0x00, 0xe8, 0xff, 0x80, 0x00, 0xe8, 0xff, 0x80, 0x00, 0xe8, 0xff,
    0x78, 0x00, 0xe0, 0xff, 0x80, 0x00, 0xe8, 0xff, 0x78, 0x00, 0xe8, 0xff,
    0x80, 0x00, 0xe8, 0xff, 0x80, 0x00, 0xe8, 0xff, 0x80, 0x00, 0xe0, 0xff,
    0x80, 0x00, 0xe8, 0xff, 0x80, 0x00, 0xe8, 0xff, 0x80, 0x00, 0xe0, 0xff,
    0x80, 0x00, 0xe8, 0xff, 0x80, 0x00, 0xe8, 0xff, 0x78, 0x00, 0xe8, 0xff,
    0x80, 0x00, 0xe8, 0xff, 0x80, 0x00, 0xe8, 0xff, 0x80, 0x00, 0xe0, 0xff,
    0x78, 0x00, 0xe8, 0xff, 0x80, 0x00, 0xe0, 0xff, 0x80, 0x00, 0xe8, 0xff,
    0x78, 0x00, 0xe8, 0xff, 0x80, 0x00, 0xe8, 0xff, 0x80, 0x00, 0xe0, 0xff,
    0x80, 0x00, 0xe8, 0xff, 0x80, 0x00, 0xe8, 0xff, 0x80, 0x00, 0xe8, 0xff,
    0x80, 0x00, 0xe0, 0xff, 0x80, 0x00, 0xe8, 0xff, 0x80, 0x00, 0xe8, 0xff,
    0x78, 0x00, 0xe0, 0xff, 0x80, 0x00, 0xe0, 0xff, 0x80, 0x00, 0xe8, 0xff,
    0x80, 0x00, 0xe0, 0xff, 0x80, 0x00, 0xe8, 0xff, 0x78, 0x00, 0xe8, 0xff,
    0x80, 0x00, 0xe0, 0xff, 0x78, 0x00, 0xe8, 0xff, 0x80, 0x00, 0xe8, 0xff,
    0x80, 0x00, 0xe8, 0xff, 0x80, 0x00, 0xe8, 0xff, 0x80, 0x00, 0xe8, 0xff,
    0x80, 0x00, 0xe8, 0xff, 0x78, 0x00, 0xe8, 0xff, 0x80, 0x00, 0xe0, 0xff,
    0x80, 0x00, 0xe8, 0xff, 0x80, 0x00, 0xe8, 0xff, 0x80, 0x00, 0xe0, 0xff,
    0x80, 0x00, 0xe8, 0xff, 0x80, 0x00, 0xe8, 0xff, 0x80, 0x00, 0xe0, 0xff,
    0x80, 0x00, 0xe8, 0xff, 0x80, 0x00, 0xe8, 0xff, 0x78, 0x00, 0xe8, 0xff,
    0x80, 0x00, 0xe8, 0xff, 0x80, 0x00, 0xe0, 0xff, 0x78, 0x00, 0xe0, 0xff,
    0x80, 0x00, 0xe8, 0xff, 0x80, 0x00, 0xe0, 0xff, 0x80, 0x00, 0xe8, 0xff,
    0x78, 0x00, 0xe8, 0xff, 0x80, 0x00, 0xe0, 0xff, 0x80, 0x00, 0xe8, 0xff,
    0x80, 0x00, 0xe8, 0xff, 0x78, 0x00, 0xe0, 0xff, 0x80, 0x00, 0xe0, 0xff,
    0x80, 0x00, 0xe8, 0xff, 0x78, 0x00, 0xe8, 0xff, 0x78, 0x00, 0xe8, 0xff,
    0x80, 0x00, 0xe8, 0xff, 0x80, 0x00, 0xe8, 0xff, 0x80, 0x00, 0xe8, 0xff,
    0x78, 0x00, 0xe8, 0xff, 0x80, 0x00, 0xe0, 0xff, 0x78, 0x00, 0xe8, 0xff,
    0x80, 0x00, 0xe8, 0xff, 0x78, 0x00, 0xe0, 0xff, 0x80, 0x00, 0xe8, 0xff,
    0x80, 0x00, 0xe8, 0xff, 0x78, 0x00, 0xe8, 0xff, 0x80, 0x00, 0xe8, 0xff,
    0x80, 0x00, 0xe0, 0xff, 0x78, 0x00, 0xe8, 0xff, 0x80, 0x00, 0xe8, 0xff,
    0x80, 0x00, 0xe8, 0xff, 0x80, 0x00, 0xe0, 0xff, 0x80, 0x00, 0xe8, 0xff,
    0x80, 0x00, 0xe8, 0xff, 0x80, 0x00, 0xe0, 0xff, 0x80, 0x00, 0xe8, 0xff,
    0x78, 0x00, 0xe0, 0xff, 0x80, 0x00, 0xe8, 0xff, 0x80, 0x00, 0xe0, 0xff,
    0x78, 0x00, 0xe8, 0xff, 0x80, 0x00, 0xe8, 0xff, 0x80, 0x00, 0xe8, 0xff,
    0x78, 0x00, 0xe8, 0xff, 0x80, 0x00, 0xe0, 0xff, 0x80, 0x00, 0xe8, 0xff,
    0x78, 0x00, 0xe8, 0xff, 0x80, 0x00, 0xe0, 0xff, 0x80, 0x00, 0xe8, 0xff,
    0x78, 0x00, 0xe8, 0xff, 0x80, 0x00, 0xe8, 0xff, 0x80, 0x00, 0xe0, 0xff,
    0x80, 0x00, 0xe8, 0xff, 0x80, 0x00, 0xe0, 0xff, 0x78, 0x00, 0xe8, 0x8e,
    0x00, 0x00, 0x00, 0x00, 0x00, 0x00, 0x00, 0x00, 0x80, 0x00, 0xe0, 0x10,
    0x78, 0x00, 0xe0, 0xff, 0x80, 0x00, 0xe0, 0xff, 0x80, 0x00, 0xe8, 0xff,
    0x80, 0x00, 0xe8, 0xff, 0x78, 0x00, 0xe0, 0xff, 0x80, 0x00, 0xe8, 0xff,
    0x80, 0x00, 0xe8, 0xff, 0x78, 0x00, 0xe8, 0xff, 0x80, 0x00, 0xe8, 0xff,
    0x80, 0x00, 0xe8, 0xff, 0x80, 0x00, 0xe0, 0xff, 0x78, 0x00, 0xe8, 0xff,
    0x80, 0x00, 0xe8, 0xff, 0x80, 0x00, 0xe0, 0xff, 0x78, 0x00, 0xe8, 0xff,
    0x80, 0x00, 0xe8, 0xff, 0x80, 0x00, 0xe8, 0xff, 0x80, 0x00, 0xe8, 0xff,
    0x80, 0x00, 0xe8, 0xff, 0x80, 0x00, 0xe8, 0xff, 0x80, 0x00, 0xe0, 0xff,
    0x80, 0x00, 0xe8, 0xff, 0x78, 0x00, 0xe8, 0xff, 0x80, 0x00, 0xe0, 0xff,
    0x80, 0x00, 0xe8, 0xff, 0x80, 0x00, 0xe8, 0xff, 0x80, 0x00, 0xe0, 0xff,
    0x78, 0x00, 0xe8, 0xff, 0x80, 0x00, 0xe0, 0xff, 0x80, 0x00, 0xe8, 0xff,
    0x78, 0x00, 0xe8, 0xff, 0x80, 0x00, 0xe0, 0xff, 0x80, 0x00, 0xe8, 0xff,
    0x80, 0x00, 0xe8, 0xff, 0x80, 0x00, 0xe0, 0xff, 0x80, 0x00, 0xe8, 0xff,
    0x80, 0x00, 0xe8, 0xff, 0x80, 0x00, 0xe8, 0xff, 0x80, 0x00, 0xe8, 0xff,
    0x80, 0x00, 0xe8, 0xff, 0x78, 0x00, 0xe0, 0xff, 0x80, 0x00, 0xe8, 0xff,
    0x78, 0x00, 0xe8, 0xff, 0x80, 0x00, 0xe8, 0xff, 0x78, 0x00, 0xe0, 0xff,
    0x80, 0x00, 0xe8, 0xff, 0x80, 0x00, 0xe8, 0xff, 0x78, 0x00, 0xe0, 0xff,
    0x80, 0x00, 0xe0, 0xff, 0x80, 0x00, 0xe8, 0xff, 0x80, 0x00, 0xe8, 0xff,
    0x80, 0x00, 0xe8, 0xff, 0x80, 0x00, 0xe0, 0xff, 0x78, 0x00, 0xe8, 0xff,
    0x80, 0x00, 0xe8, 0xff, 0x80, 0x00, 0xe0, 0xff, 0x78, 0x00, 0xe8, 0xff,
    0x80, 0x00, 0xe8, 0xff, 0x80, 0x00, 0xe0, 0xff, 0x80, 0x00, 0xe8, 0xff,
    0x78, 0x00, 0xe8, 0xff, 0x80, 0x00, 0xe8, 0xff, 0x80, 0x00, 0xe0, 0xff,
    0x80, 0x00, 0xe8, 0xff, 0x80, 0x00, 0xe8, 0xff, 0x80, 0x00, 0xe0, 0xff,
    0x80, 0x00, 0xe8, 0xff, 0x80, 0x00, 0xe8, 0xff, 0x80, 0x00, 0xe0, 0xff,
    0x80, 0x00, 0xe8, 0xff, 0x78, 0x00, 0xe8, 0xff, 0x80, 0x00, 0xe0, 0xff,
    0x78, 0x00, 0xe8, 0xff, 0x80, 0x00, 0xe8, 0xff, 0x78, 0x00, 0xe8, 0xff,
    0x80, 0x00, 0xe8, 0xff, 0x80, 0x00, 0xe0, 0xff, 0x80, 0x00, 0xe8, 0xff,
    0x80, 0x00, 0xe0, 0xff, 0x80, 0x00, 0xe8, 0xff, 0x80, 0x00, 0xe8, 0xff,
    0x80, 0x00, 0xe8, 0xff, 0x80, 0x00, 0xe8, 0xff, 0x80, 0x00, 0xe0, 0xff,
    0x80, 0x00, 0xe8, 0xff, 0x78, 0x00, 0xe8, 0xff, 0x80, 0x00, 0xe8, 0xff,
    0x78, 0x00, 0xe8, 0xff, 0x78, 0x00, 0xe0, 0xff, 0x80, 0x00, 0xe8, 0xff,
    0x78, 0x00, 0xe8, 0xff, 0x80, 0x00, 0xe8, 0xff, 0x80, 0x00, 0xe8, 0xff,
    0x80, 0x00, 0xe8, 0xff, 0x80, 0x00, 0xe0, 0xff, 0x78, 0x00, 0xe8, 0xff,
    0x80, 0x00, 0xe8, 0xff, 0x80, 0x00, 0xe8, 0xff, 0x78, 0x00, 0xe0, 0xff,
    0x80, 0x00, 0xe8, 0xff, 0x80, 0x00, 0xe8, 0xff, 0x80, 0x00, 0xe8, 0xff,
    0x78, 0x00, 0xe0, 0xff, 0x80, 0x00, 0xe8, 0xff, 0x80, 0x00, 0xe0, 0xff,
    0x78, 0x00, 0xe0, 0xff, 0x80, 0x00, 0xe8, 0xff, 0x80, 0x00, 0xe8, 0xff,
    0x80, 0x00, 0xe0, 0xff, 0x78, 0x00, 0xe8, 0xff, 0x80, 0x00, 0xe8, 0xff,
    0x78, 0x00, 0xe8, 0xff, 0x80, 0x00, 0xe8, 0xff, 0x78, 0x00, 0xe8, 0xff,
    0x80, 0x00, 0xe8, 0xff, 0x80, 0x00, 0xe0, 0xff, 0x78, 0x00, 0xe8, 0xff,
    0x80, 0x00, 0xe8, 0xff, 0x80, 0x00, 0xe8, 0xff, 0x80, 0x00, 0xe8, 0xff,
    0x78, 0x00, 0xe8, 0xff, 0x80, 0x00, 0xe8, 0xff, 0x80, 0x00, 0xe0, 0xff,
    0x80, 0x00, 0xe8, 0xff, 0x80, 0x00, 0xe8, 0xff, 0x78, 0x00, 0xe0, 0xff,
    0x80, 0x00, 0xe8, 0xff, 0x80, 0x00, 0xe8, 0xff, 0x80, 0x00, 0xe8, 0xff,
    0x80, 0x00, 0xe8, 0xff, 0x80, 0x00, 0xe0, 0xff, 0x80, 0x00, 0xe8, 0xff,
    0x80, 0x00, 0xe8, 0xff, 0x78, 0x00, 0xe0, 0xff, 0x80, 0x00, 0xe8, 0xff,
    0x80, 0x00, 0xe8, 0xff, 0x80, 0x00, 0xe8, 0xff, 0x80, 0x00, 0xe8, 0xff,
    0x80, 0x00, 0xe8, 0xff, 0x78, 0x00, 0xe0, 0xff, 0x80, 0x00, 0xe8, 0xff,
    0x80, 0x00, 0xe0, 0xff, 0x78, 0x00, 0xe8, 0xff, 0x80, 0x00, 0xe8, 0xff,
    0x80, 0x00, 0xe0, 0xff, 0x80, 0x00, 0xe8, 0xff, 0x80, 0x00, 0xe8, 0xff,
    0x78, 0x00, 0xe8, 0xff, 0x80, 0x00, 0xe0, 0xff, 0x78, 0x00, 0xe8, 0xff,
    0x80, 0x00, 0xe8, 0xff, 0x80, 0x00, 0xe8, 0xff, 0x78, 0x00, 0xe8, 0xff,
    0x80, 0x00, 0xe0, 0xff, 0x80, 0x00, 0xe8, 0xff, 0x78, 0x00, 0xe8, 0xff,
    0x80, 0x00, 0xe8, 0xff, 0x80, 0x00, 0xe0, 0xff, 0x80, 0x00, 0xe8, 0xff,
    0x80, 0x00, 0xe8, 0xff, 0x78, 0x00, 0xe8, 0xff, 0x80, 0x00, 0xe8, 0xff,
    0x80, 0x00, 0xe8, 0xff, 0x80, 0x00, 0xe0, 0xff, 0x80, 0x00, 0xe8, 0xff,
    0x80, 0x00, 0xe8, 0xff, 0x80, 0x00, 0xe8, 0xff, 0x80, 0x00, 0xe0, 0xff,
    0x78, 0x00, 0xe8, 0xff, 0x80, 0x00, 0xe8, 0xff, 0x80, 0x00, 0xe8, 0xff,
    0x80, 0x00, 0xe0, 0x20, 0x00, 0x00, 0x00, 0x00, 0x00, 0x00, 0x00, 0x00,
    0x00, 0x00, 0x00, 0x00, 0x80, 0x00, 0xe8, 0xbe, 0x80, 0x00, 0xe8, 0xff,
    0x80, 0x00, 0xe8, 0xff, 0x78, 0x00, 0xe0, 0xff, 0x80, 0x00, 0xe8, 0xff,
    0x80, 0x00, 0xe8, 0xff, 0x80, 0x00, 0xe0, 0xff, 0x78, 0x00, 0xe0, 0xff,
    0x80, 0x00, 0xe8, 0xff, 0x80, 0x00, 0xe8, 0xff, 0x80, 0x00, 0xe0, 0xff,
    0x80, 0x00, 0xe8, 0xff, 0x80, 0x00, 0xe8, 0xff, 0x80, 0x00, 0xe0, 0xff,
    0x78, 0x00, 0xe8, 0xff, 0x80, 0x00, 0xe0, 0xff, 0x80, 0x00, 0xe8, 0xff,
    0x78, 0x00, 0xe8, 0xff, 0x80, 0x00, 0xe0, 0xff, 0x80, 0x00, 0xe8, 0xff,
    0x80, 0x00, 0xe8, 0xff, 0x80, 0x00, 0xe0, 0xff, 0x80, 0x00, 0xe8, 0xff,
    0x78, 0x00, 0xe8, 0xff, 0x80, 0x00, 0xe8, 0xff, 0x80, 0x00, 0xe8, 0xff,
    0x78, 0x00, 0xe8, 0xff, 0x80, 0x00, 0xe0, 0xff, 0x80, 0x00, 0xe8, 0xff,
    0x78, 0x00, 0xe8, 0xff, 0x80, 0x00, 0xe0, 0xff, 0x80, 0x00, 0xe8, 0xff,
    0x78, 0x00, 0xe8, 0xff, 0x80, 0x00, 0xe8, 0xff, 0x78, 0x00, 0xe0, 0xff,
    0x80, 0x00, 0xe8, 0xff, 0x78, 0x00, 0xe8, 0xff, 0x78, 0x00, 0xe0, 0xff,
    0x80, 0x00, 0xe8, 0xff, 0x80, 0x00, 0xe8, 0xff, 0x80, 0x00, 0xe8, 0xff,
    0x80, 0x00, 0xe8, 0xff, 0x80, 0x00, 0xe8, 0xff, 0x80, 0x00, 0xe0, 0xff,
    0x78, 0x00, 0xe8, 0xff, 0x80, 0x00, 0xe8, 0xff, 0x80, 0x00, 0xe8, 0xff,
    0x80, 0x00, 0xe8, 0xff, 0x80, 0x00, 0xe8, 0xff, 0x78, 0x00, 0xe0, 0xff,
    0x80, 0x00, 0xe8, 0xff, 0x80, 0x00, 0xe8, 0xff, 0x78, 0x00, 0xe8, 0xff,
    0x80, 0x00, 0xe8, 0xff, 0x80, 0x00, 0xe8, 0xff, 0x78, 0x00, 0xe8, 0xff,
    0x80, 0x00, 0xe0, 0xff, 0x78, 0x00, 0xe8, 0xff, 0x80, 0x00, 0xe8, 0xff,
    0x80, 0x00, 0xe0, 0xff, 0x80, 0x00, 0xe8, 0xff, 0x78, 0x00, 0xe8, 0xff,
    0x80, 0x00, 0xe8, 0xff, 0x80, 0x00, 0xe8, 0xff, 0x78, 0x00, 0xe0, 0xff,
    0x78, 0x00, 0xe8, 0xff, 0x80, 0x00, 0xe8, 0xff, 0x80, 0x00, 0xe8, 0xff,
    0x78, 0x00, 0xe0, 0xff, 0x80, 0x00, 0xe8, 0xff, 0x80, 0x00, 0xe8, 0xff,
    0x80, 0x00, 0xe0, 0xff, 0x80, 0x00, 0xe8, 0xff, 0x78, 0x00, 0xe8, 0xff,
    0x80, 0x00, 0xe0, 0xff, 0x80, 0x00, 0xe8, 0xff, 0x78, 0x00, 0xe8, 0xff,
    0x78, 0x00, 0xe8, 0xff, 0x80, 0x00, 0xe8, 0xff, 0x78, 0x00, 0xe0, 0xff,
    0x78, 0x00, 0xe8, 0xff, 0x80, 0x00, 0xe8, 0xff, 0x78, 0x00, 0xe8, 0xff,
    0x80, 0x00, 0xe8, 0xff, 0x80, 0x00, 0xe0, 0xff, 0x80, 0x00, 0xe8, 0xff,
    0x80, 0x00, 0xe0, 0xff, 0x80, 0x00, 0xe8, 0xff, 0x80, 0x00, 0xe8, 0xff,
    0x80, 0x00, 0xe0, 0xff, 0x80, 0x00, 0xe8, 0xff, 0x78, 0x00, 0xe0, 0xff,
    0x78, 0x00, 0xe8, 0xff, 0x80, 0x00, 0xe8, 0xff, 0x80, 0x00, 0xe8, 0xff,
    0x80, 0x00, 0xe8, 0xff, 0x78, 0x00, 0xe8, 0xff, 0x80, 0x00, 0xe8, 0xff,
    0x80, 0x00, 0xe8, 0xff, 0x80, 0x00, 0xe0, 0xff, 0x80, 0x00, 0xe8, 0xff,
    0x80, 0x00, 0xe8, 0xff, 0x78, 0x00, 0xe8, 0xff, 0x80, 0x00, 0xe8, 0xff,
    0x80, 0x00, 0xe8, 0xff, 0x78, 0x00, 0xe8, 0xff, 0x80, 0x00, 0xe8, 0xff,
    0x80, 0x00, 0xe8, 0xff, 0x78, 0x00, 0xe8, 0xff, 0x80, 0x00, 0xe0, 0xff,
    0x80, 0x00, 0xe8, 0xff, 0x80, 0x00, 0xe8, 0xff, 0x78, 0x00, 0xe0, 0xff,
    0x80, 0x00, 0xe8, 0xff, 0x80, 0x00, 0xe8, 0xff, 0x78, 0x00, 0xe8, 0xff,
    0x80, 0x00, 0xe0, 0xff, 0x80, 0x00, 0xe8, 0xff, 0x80, 0x00, 0xe0, 0xff,
    0x80, 0x00, 0xe8, 0xff, 0x80, 0x00, 0xe8, 0xff, 0x78, 0x00, 0xe8, 0xff,
    0x80, 0x00, 0xe8, 0xff, 0x80, 0x00, 0xe8, 0xff, 0x80, 0x00, 0xe8, 0xff,
    0x78, 0x00, 0xe8, 0xff, 0x80, 0x00, 0xe8, 0xff, 0x80, 0x00, 0xe0, 0xff,
    0x78, 0x00, 0xe8, 0xff, 0x78, 0x00, 0xe8, 0xff, 0x80, 0x00, 0xe8, 0xff,
    0x80, 0x00, 0xe0, 0xff, 0x80, 0x00, 0xe8, 0xff, 0x80, 0x00, 0xe8, 0xff,
    0x78, 0x00, 0xe0, 0xff, 0x80, 0x00, 0xe8, 0xff, 0x80, 0x00, 0xe0, 0xff,
    0x78, 0x00, 0xe8, 0xff, 0x80, 0x00, 0xe8, 0xff, 0x80, 0x00, 0xe8, 0xff,
    0x80, 0x00, 0xe8, 0xff, 0x80, 0x00, 0xe8, 0xff, 0x80, 0x00, 0xe0, 0xff,
    0x80, 0x00, 0xe8, 0xff, 0x78, 0x00, 0xe8, 0xff, 0x80, 0x00, 0xe8, 0xff,
    0x80, 0x00, 0xe0, 0xff, 0x80, 0x00, 0xe8, 0xff, 0x80, 0x00, 0xe8, 0xff,
    0x80, 0x00, 0xe8, 0xff, 0x78, 0x00, 0xe0, 0xff, 0x80, 0x00, 0xe8, 0xff,
    0x80, 0x00, 0xe8, 0xff, 0x80, 0x00, 0xe8, 0xff, 0x80, 0x00, 0xe8, 0xff,
    0x80, 0x00, 0xe8, 0xff, 0x80, 0x00, 0xe8, 0xff, 0x78, 0x00, 0xe0, 0xff,
    0x80, 0x00, 0xe8, 0xff, 0x80, 0x00, 0xe0, 0xff, 0x80, 0x00, 0xe0, 0xff,
    0x78, 0x00, 0xe8, 0xff, 0x80, 0x00, 0xe8, 0xff, 0x80, 0x00, 0xe8, 0xff,
    0x78, 0x00, 0xe0, 0xff, 0x80, 0x00, 0xe8, 0xff, 0x80, 0x00, 0xe8, 0xff,
    0x78, 0x00, 0xe8, 0xff, 0x80, 0x00, 0xe8, 0xff, 0x80, 0x00, 0xe8, 0xff,
    0x78, 0x00, 0xe0, 0x9e, 0x00, 0x00, 0x00, 0x00, 0x00, 0x00, 0x00, 0x00,
    0x00, 0x00, 0x00, 0x00, 0x00, 0x00, 0x00, 0x00, 0x80, 0x00, 0xe0, 0x41,
    0x80, 0x00, 0xe8, 0xff, 0x78, 0x00, 0xe8, 0xff, 0x80, 0x00, 0xe8, 0xff,
    0x80, 0x00, 0xe8, 0xff, 0x80, 0x00, 0xe8, 0xff, 0x78, 0x00, 0xe8, 0xff,
    0x80, 0x00, 0xe8, 0xff, 0x80, 0x00, 0xe8, 0xff, 0x78, 0x00, 0xe8, 0xff,
    0x78, 0x00, 0xe8, 0xff, 0x80, 0x00, 0xe8, 0xff, 0x80, 0x00, 0xe8, 0xff,
    0x78, 0x00, 0xe8, 0xff, 0x80, 0x00, 0xe8, 0xff, 0x80, 0x00, 0xe8, 0xff,
    0x80, 0x00, 0xe0, 0xff, 0x78, 0x00, 0xe8, 0xff, 0x80, 0x00, 0xe8, 0xff,
    0x78, 0x00, 0xe8, 0xff, 0x78, 0x00, 0xe8, 0xff, 0x80, 0x00, 0xe8, 0xff,
    0x80, 0x00, 0xe0, 0xff, 0x80, 0x00, 0xe8, 0xff, 0x78, 0x00, 0xe8, 0xff,
    0x80, 0x00, 0xe0, 0xff, 0x80, 0x00, 0xe8, 0xff, 0x80, 0x00, 0xe8, 0xff,
    0x80, 0x00, 0xe8, 0xff, 0x80, 0x00, 0xe8, 0xff, 0x80, 0x00, 0xe8, 0xff,
    0x80, 0x00, 0xe8, 0xff, 0x80, 0x00, 0xe8, 0xff, 0x78, 0x00, 0xe0, 0xff,
    0x80, 0x00, 0xe8, 0xff, 0x80, 0x00, 0xe8, 0xff, 0x80, 0x00, 0xe0, 0xff,
    0x80, 0x00, 0xe8, 0xff, 0x80, 0x00, 0xe8, 0xff, 0x78, 0x00, 0xe0, 0xff,
    0x80, 0x00, 0xe8, 0xff, 0x80, 0x00, 0xe0, 0xff, 0x80, 0x00, 0xe8, 0xff,
    0x80, 0x00, 0xe8, 0xff, 0x80, 0x00, 0xe0, 0xff, 0x78, 0x00, 0xe8, 0xff,
    0x80, 0x00, 0xe0, 0xff, 0x80, 0x00, 0xe8, 0xff, 0x78, 0x00, 0xe8, 0xff,
    0x80, 0x00, 0xe8, 0xff, 0x80, 0x00, 0xe0, 0xff, 0x78, 0x00, 0xe8, 0xff,
    0x80, 0x00, 0xe8, 0xff, 0x80, 0x00, 0xe0, 0xff, 0x80, 0x00, 0xe8, 0xff,
    0x80, 0x00, 0xe8, 0xff, 0x80, 0x00, 0xe8, 0xff, 0x80, 0x00, 0xe8, 0xff,
    0x78, 0x00, 0xe8, 0xff, 0x80, 0x00, 0xe0, 0xff, 0x80, 0x00, 0xe8, 0xff,
    0x80, 0x00, 0xe0, 0xff, 0x78, 0x00, 0xe8, 0xff, 0x80, 0x00, 0xe8, 0xff,
    0x80, 0x00, 0xe8, 0xff, 0x80, 0x00, 0xe0, 0xff, 0x80, 0x00, 0xe8, 0xff,
    0x78, 0x00, 0xe8, 0xff, 0x80, 0x00, 0xe8, 0xff, 0x80, 0x00, 0xe8, 0xff,
    0x78, 0x00, 0xe8, 0xff, 0x80, 0x00, 0xe8, 0xff, 0x80, 0x00, 0xe8, 0xff,
    0x80, 0x00, 0xe0, 0xff, 0x80, 0x00, 0xe8, 0xff, 0x80, 0x00, 0xe8, 0xff,
    0x80, 0x00, 0xe8, 0xff, 0x80, 0x00, 0xe0, 0xff, 0x80, 0x00, 0xe8, 0xff,
    0x80, 0x00, 0xe8, 0xff, 0x80, 0x00, 0xe0, 0xff, 0x80, 0x00, 0xe8, 0xff,
    0x80, 0x00, 0xe0, 0xff, 0x78, 0x00, 0xe8, 0xff, 0x80, 0x00, 0xe8, 0xff,
    0x80, 0x00, 0xe8, 0xff, 0x78, 0x00, 0xe8, 0xff, 0x80, 0x00, 0xe8, 0xff,
    0x80, 0x00, 0xe8, 0xff, 0x80, 0x00, 0xe8, 0xff, 0x80, 0x00, 0xe8, 0xff,
    0x80, 0x00, 0xe0, 0xff, 0x80, 0x00, 0xe8, 0xff, 0x78, 0x00, 0xe8, 0xff,
    0x80, 0x00, 0xe0, 0xff, 0x80, 0x00, 0xe8, 0xff, 0x80, 0x00, 0xe0, 0xff,
    0x78, 0x00, 0xe8, 0xff, 0x80, 0x00, 0xe8, 0xff, 0x78, 0x00, 0xe8, 0xff,
    0x80, 0x00, 0xe0, 0xff, 0x80, 0x00, 0xe8, 0xff, 0x80, 0x00, 0xe8, 0xff,
    0x80, 0x00, 0xe0, 0xff, 0x80, 0x00, 0xe8, 0xff, 0x80, 0x00, 0xe8, 0xff,
    0x80, 0x00, 0xe0, 0xff, 0x80, 0x00, 0xe8, 0xff, 0x80, 0x00, 0xe8, 0xff,
    0x80, 0x00, 0xe0, 0xff, 0x80, 0x00, 0xe8, 0xff, 0x80, 0x00, 0xe8, 0xff,
    0x80, 0x00, 0xe0, 0xff, 0x80, 0x00, 0xe8, 0xff, 0x80, 0x00, 0xe8, 0xff,
    0x80, 0x00, 0xe0, 0xff, 0x80, 0x00, 0xe8, 0xff, 0x78, 0x00, 0xe8, 0xff,
    0x78, 0x00, 0xe8, 0xff, 0x80, 0x00, 0xe0, 0xff, 0x80, 0x00, 0xe8, 0xff,
    0x80, 0x00, 0xe0, 0xff, 0x78, 0x00, 0xe8, 0xff, 0x80, 0x00, 0xe0, 0xff,
    0x80, 0x00, 0xe8, 0xff, 0x80, 0x00, 0xe8, 0xff, 0x80, 0x00, 0xe0, 0xff,
    0x80, 0x00, 0xe8, 0xff, 0x80, 0x00, 0xe8, 0xff, 0x80, 0x00, 0xe8, 0xff,
    0x78, 0x00, 0xe8, 0xff, 0x80, 0x00, 0xe8, 0xff, 0x80, 0x00, 0xe8, 0xff,
    0x78, 0x00, 0xe8, 0xff, 0x80, 0x00, 0xe8, 0xff, 0x80, 0x00, 0xe8, 0xff,
    0x78, 0x00, 0xe8, 0xff, 0x80, 0x00, 0xe0, 0xff, 0x80, 0x00, 0xe8, 0xff,
    0x80, 0x00, 0xe8, 0xff, 0x78, 0x00, 0xe0, 0xff, 0x80, 0x00, 0xe8, 0xff,
    0x80, 0x00, 0xe8, 0xff, 0x78, 0x00, 0xe8, 0xff, 0x80, 0x00, 0xe8, 0xff,
    0x80, 0x00, 0xe0, 0xff, 0x78, 0x00, 0xe8, 0xff, 0x80, 0x00, 0xe8, 0xff,
    0x80, 0x00, 0xe8, 0xff, 0x80, 0x00, 0xe0, 0xff, 0x80, 0x00, 0xe8, 0xff,
    0x78, 0x00, 0xe8, 0xff, 0x80, 0x00, 0xe0, 0xff, 0x78, 0x00, 0xe8, 0xff,
    0x80, 0x00, 0xe0, 0xff, 0x80, 0x00, 0xe8, 0xff, 0x78, 0x00, 0xe8, 0xff,
    0x80, 0x00, 0xe8, 0xff, 0x80, 0x00, 0xe8, 0xff, 0x78, 0x00, 0xe8, 0xff,
    0x80, 0x00, 0xe8, 0xff, 0x80, 0x00, 0xe8, 0xff, 0x78, 0x00, 0xe0, 0xff,
    0x80, 0x00, 0xe8, 0xff, 0x80, 0x00, 0xe8, 0xff, 0x78, 0x00, 0xe0, 0xff,
    0x80, 0x00, 0xe8, 0xff, 0x80, 0x00, 0xe8, 0xff, 0x80, 0x00, 0xe0, 0xff,
    0x80, 0x00, 0xe8, 0xff, 0x80, 0x00, 0xe0, 0x20, 0x00, 0x00, 0x00, 0x00,
    0x00, 0x00, 0x00, 0x00, 0x00, 0x00, 0x00, 0x00, 0x00, 0x00, 0x00, 0x00,
    0x00, 0x00, 0x00, 0x00, 0x80, 0x00, 0xe8, 0xae, 0x80, 0x00, 0xe0, 0xff,
    0x80, 0x00, 0xe8, 0xff, 0x80, 0x00, 0xe0, 0xff, 0x78, 0x00, 0xe8, 0xff,
    0x80, 0x00, 0xe8, 0xff, 0x80, 0x00, 0xe0, 0xff, 0x80, 0x00, 0xe8, 0xff,
    0x80, 0x00, 0xe0, 0xff, 0x80, 0x00, 0xe8, 0xff, 0x80, 0x00, 0xe0, 0xff,
    0x78, 0x00, 0xe8, 0xff, 0x80, 0x00, 0xe8, 0xff, 0x80, 0x00, 0xe0, 0xff,
    0x80, 0x00, 0xe8, 0xff, 0x78, 0x00, 0xe8, 0xff, 0x80, 0x00, 0xe0, 0xff,
    0x80, 0x00, 0xe8, 0xff, 0x80, 0x00, 0xe0, 0xff, 0x80, 0x00, 0xe8, 0xff,
    0x80, 0x00, 0xe8, 0xff, 0x78, 0x00, 0xe8, 0xff, 0x80, 0x00, 0xe0, 0xff,
    0x80, 0x00, 0xe8, 0xff, 0x80, 0x00, 0xe8, 0xff, 0x78, 0x00, 0xe0, 0xff,
    0x80, 0x00, 0xe8, 0xff, 0x78, 0x00, 0xe8, 0xff, 0x80, 0x00, 0xe0, 0xff,
    0x78, 0x00, 0xe8, 0xff, 0x80, 0x00, 0xe8, 0xff, 0x80, 0x00, 0xe0, 0xff,
    0x80, 0x00, 0xe8, 0xff, 0x80, 0x00, 0xe8, 0xff, 0x80, 0x00, 0xe8, 0xff,
    0x80, 0x00, 0xe8, 0xff, 0x80, 0x00, 0xe8, 0xff, 0x78, 0x00, 0xe0, 0xff,
    0x80, 0x00, 0xe8, 0xff, 0x80, 0x00, 0xe8, 0xff, 0x78, 0x00, 0xe8, 0xff,
    0x78, 0x00, 0xe8, 0xff, 0x80, 0x00, 0xe8, 0xff, 0x80, 0x00, 0xe8, 0xff,
    0x80, 0x00, 0xe8, 0xff, 0x78, 0x00, 0xe8, 0xff, 0x80, 0x00, 0xe0, 0xff,
    0x80, 0x00, 0xe8, 0xff, 0x80, 0x00, 0xe8, 0xff, 0x80, 0x00, 0xe8, 0xff,
    0x80, 0x00, 0xe0, 0xff, 0x80, 0x00, 0xe8, 0xff, 0x78, 0x00, 0xe8, 0xff,
    0x80, 0x00, 0xe0, 0xff, 0x80, 0x00, 0xe8, 0xff, 0x78, 0x00, 0xe0, 0xff,
    0x80, 0x00, 0xe8, 0xff, 0x80, 0x00, 0xe8, 0xff, 0x78, 0x00, 0xe8, 0xff,
    0x80, 0x00, 0xe8, 0xff, 0x80, 0x00, 0xe8, 0xff, 0x80, 0x00, 0xe0, 0xff,
    0x80, 0x00, 0xe8, 0xff, 0x80, 0x00, 0xe8, 0xff, 0x80, 0x00, 0xe8, 0xff,
    0x78, 0x00, 0xe0, 0xff, 0x80, 0x00, 0xe8, 0xff, 0x80, 0x00, 0xe8, 0xff,
    0x80, 0x00, 0xe0, 0xff, 0x80, 0x00, 0xe8, 0xff, 0x78, 0x00, 0xe8, 0xff,
    0x80, 0x00, 0xe0, 0xff, 0x80, 0x00, 0xe8, 0xff, 0x78, 0x00, 0xe8, 0xff,
    0x80, 0x00, 0xe8, 0xff, 0x80, 0x00, 0xe0, 0xff, 0x78, 0x00, 0xe8, 0xff,
    0x80, 0x00, 0xe8, 0xff, 0x80, 0x00, 0xe8, 0xff, 0x80, 0x00, 0xe8, 0xff,
    0x80, 0x00, 0xe8, 0xff, 0x78, 0x00, 0xe8, 0xff, 0x80, 0x00, 0xe0, 0xff,
    0x80, 0x00, 0xe8, 0xff, 0x78, 0x00, 0xe8, 0xff, 0x80, 0x00, 0xe0, 0xff,
    0x80, 0x00, 0xe8, 0xff, 0x78, 0x00, 0xe0, 0xff, 0x78, 0x00, 0xe8, 0xff,
    0x80, 0x00, 0xe8, 0xff, 0x80, 0x00, 0xe8, 0xff, 0x80, 0x00, 0xe8, 0xff,
    0x80, 0x00, 0xe0, 0xff, 0x78, 0x00, 0xe8, 0xff, 0x80, 0x00, 0xe8, 0xff,
    0x80, 0x00, 0xe8, 0xff, 0x80, 0x00, 0xe0, 0xff, 0x80, 0x00, 0xe8, 0xff,
    0x80, 0x00, 0xe8, 0xff, 0x78, 0x00, 0xe8, 0xff, 0x80, 0x00, 0xe0, 0xff,
    0x78, 0x00, 0xe8, 0xff, 0x80, 0x00, 0xe8, 0xff, 0x78, 0x00, 0xe0, 0xff,
    0x80, 0x00, 0xe8, 0xff, 0x78, 0x00, 0xe8, 0xff, 0x80, 0x00, 0xe0, 0xff,
    0x80, 0x00, 0xe8, 0xff, 0x78, 0x00, 0xe8, 0xff, 0x78, 0x00, 0xe8, 0xff,
    0x80, 0x00, 0xe8, 0xff, 0x80, 0x00, 0xe8, 0xff, 0x78, 0x00, 0xe8, 0xff,
    0x78, 0x00, 0xe0, 0xff, 0x80, 0x00, 0xe8, 0xff, 0x80, 0x00, 0xe8, 0xff,
    0x80, 0x00, 0xe8, 0xff, 0x80, 0x00, 0xe8, 0xff, 0x78, 0x00, 0xe8, 0xff,
    0x80, 0x00, 0xe8, 0xff, 0x80, 0x00, 0xe8, 0xff, 0x80, 0x00, 0xe0, 0xff,
    0x78, 0x00, 0xe8, 0xff, 0x80, 0x00, 0xe8, 0xff, 0x78, 0x00, 0xe0, 0xff,
    0x80, 0x00, 0xe8, 0xff, 0x78, 0x00, 0xe8, 0xff, 0x80, 0x00, 0xe0, 0xff,
    0x80, 0x00, 0xe0, 0xff, 0x80, 0x00, 0xe8, 0xff, 0x78, 0x00, 0xe0, 0xff,
    0x80, 0x00, 0xe8, 0xff, 0x80, 0x00, 0xe0, 0xff, 0x80, 0x00, 0xe8, 0xff,
    0x80, 0x00, 0xe8, 0xff, 0x80, 0x00, 0xe8, 0xff, 0x80, 0x00, 0xe0, 0xff,
    0x78, 0x00, 0xe8, 0xff, 0x80, 0x00, 0xe8, 0xff, 0x80, 0x00, 0xe0, 0xff,
    0x78, 0x00, 0xe8, 0xff, 0x80, 0x00, 0xe8, 0xff, 0x80, 0x00, 0xe0, 0xff,
    0x80, 0x00, 0xe8, 0xff, 0x80, 0x00, 0xe8, 0xff, 0x78, 0x00, 0xe8, 0xff,
    0x80, 0x00, 0xe0, 0xff, 0x78, 0x00, 0xe8, 0xff, 0x80, 0x00, 0xe8, 0xff,
    0x80, 0x00, 0xe8, 0xff, 0x80, 0x00, 0xe8, 0xff, 0x80, 0x00, 0xe8, 0xff,
    0x78, 0x00, 0xe0, 0xff, 0x80, 0x00, 0xe8, 0xff, 0x80, 0x00, 0xe8, 0xff,
    0x80, 0x00, 0xe0, 0xff, 0x80, 0x00, 0xe8, 0xff, 0x80, 0x00, 0xe8, 0xff,
    0x78, 0x00, 0xe0, 0xff, 0x80, 0x00, 0xe8, 0xff, 0x80, 0x00, 0xe8, 0xff,
    0x80, 0x00, 0xe8, 0xff, 0x80, 0x00, 0xe8, 0xff, 0x80, 0x00, 0xe8, 0xff,
    0x78, 0x00, 0xe8, 0xff, 0x80, 0x00, 0xe0, 0xff, 0x80, 0x00, 0xe8, 0xff,
    0x78, 0x00, 0xe8, 0xff, 0x78, 0x00, 0xe0, 0x9e, 0x00, 0x00, 0x00, 0x00,
    0x00, 0x00, 0x00, 0x00, 0x00, 0x00, 0x00, 0x00, 0x00, 0x00, 0x00, 0x00,
    0x00, 0x00, 0x00, 0x00, 0x00, 0x00, 0x00, 0x00, 0x80, 0x00, 0xe8, 0x20,
    0x78, 0x00, 0xe8, 0xef, 0x80, 0x00, 0xe8, 0xff, 0x80, 0x00, 0xe0, 0xff,
    0x80, 0x00, 0xe8, 0xff, 0x80, 0x00, 0xe8, 0xff, 0x78, 0x00, 0xe0, 0xff,
    0x80, 0x00, 0xe8, 0xff, 0x80, 0x00, 0xe8, 0xff, 0x80, 0x00, 0xe8, 0xff,
    0x78, 0x00, 0xe0, 0xff, 0x80, 0x00, 0xe8, 0xff, 0x80, 0x00, 0xe8, 0xff,
    0x80, 0x00, 0xe0, 0xff, 0x78, 0x00, 0xe8, 0xff, 0x80, 0x00, 0xe8, 0xff,
    0x80, 0x00, 0xe8, 0xff, 0x80, 0x00, 0xe8, 0xff, 0x80, 0x00, 0xe8, 0xff,
    0x80, 0x00, 0xe0, 0xff, 0x78, 0x00, 0xe8, 0xff, 0x80, 0x00, 0xe8, 0xff,
    0x80, 0x00, 0xe8, 0xff, 0x80, 0x00, 0xe8, 0xff, 0x78, 0x00, 0xe8, 0xff,
    0x80, 0x00, 0xe8, 0xff, 0x80, 0x00, 0xe8, 0xff, 0x80, 0x00, 0xe0, 0xff,
    0x78, 0x00, 0xe8, 0xff, 0x80, 0x00, 0xe8, 0xff, 0x80, 0x00, 0xe0, 0xff,
    0x78, 0x00, 0xe8, 0xff, 0x80, 0x00, 0xe8, 0xff, 0x78, 0x00, 0xe8, 0xff,
    0x78, 0x00, 0xe0, 0xff, 0x80, 0x00, 0xe8, 0xff, 0x80, 0x00, 0xe8, 0xff,
    0x78, 0x00, 0xe8, 0xff, 0x80, 0x00, 0xe8, 0xff, 0x80, 0x00, 0xe0, 0xff,
    0x80, 0x00, 0xe8, 0xff, 0x80, 0x00, 0xe0, 0xff, 0x78, 0x00, 0xe8, 0xff,
    0x80, 0x00, 0xe8, 0xff, 0x80, 0x00, 0xe0, 0xff, 0x80, 0x00, 0xe8, 0xff,
    0x78, 0x00, 0xe8, 0xff, 0x80, 0x00, 0xe0, 0xff, 0x78, 0x00, 0xe8, 0xff,
    0x80, 0x00, 0xe8, 0xff, 0x80, 0x00, 0xe8, 0xff, 0x78, 0x00, 0xe8, 0xff,
    0x80, 0x00, 0xe8, 0xff, 0x80, 0x00, 0xe8, 0xff, 0x78, 0x00, 0xe0, 0xff,
    0x80, 0x00, 0xe8, 0xff, 0x80, 0x00, 0xe8, 0xff, 0x80, 0x00, 0xe0, 0xff,
    0x80, 0x00, 0xe8, 0xff, 0x78, 0x00, 0xe8, 0xff, 0x80, 0x00, 0xe8, 0xff,
    0x80, 0x00, 0xe0, 0xff, 0x78, 0x00, 0xe8, 0xff, 0x78, 0x00, 0xe8, 0xff,
    0x80, 0x00, 0xe8, 0xff, 0x80, 0x00, 0xe8, 0xff, 0x80, 0x00, 0xe0, 0xff,
    0x78, 0x00, 0xe8, 0xff, 0x80, 0x00, 0xe8, 0xff, 0x80, 0x00, 0xe0, 0xff,
    0x80, 0x00, 0xe8, 0xff, 0x78, 0x00, 0xe8, 0xff, 0x80, 0x00, 0xe8, 0xff,
    0x80, 0x00, 0xe8, 0xff, 0x78, 0x00, 0xe0, 0xff, 0x80, 0x00, 0xe8, 0xff,
    0x80, 0x00, 0xe8, 0xff, 0x78, 0x00, 0xe0, 0xff, 0x80, 0x00, 0xe8, 0xff,
    0x78, 0x00, 0xe8, 0xff, 0x80, 0x00, 0xe0, 0xff, 0x80, 0x00, 0xe8, 0xff,
    0x80, 0x00, 0xe8, 0xff, 0x80, 0x00, 0xe8, 0xff, 0x80, 0x00, 0xe0, 0xff,
    0x80, 0x00, 0xe8, 0xff, 0x80, 0x00, 0xe8, 0xff, 0x80, 0x00, 0xe0, 0xff,
    0x80, 0x00, 0xe8, 0xff, 0x78, 0x00, 0xe8, 0xff, 0x80, 0x00, 0xe0, 0xff,
    0x80, 0x00, 0xe8, 0xff, 0x80, 0x00, 0xe8, 0xff, 0x80, 0x00, 0xe8, 0xff,
    0x78, 0x00, 0xe8, 0xff, 0x80, 0x00, 0xe8, 0xff, 0x80, 0x00, 0xe0, 0xff,
    0x78, 0x00, 0xe8, 0xff, 0x80, 0x00, 0xe8, 0xff, 0x80, 0x00, 0xe8, 0xff,
    0x80, 0x00, 0xe8, 0xff, 0x80, 0x00, 0xe8, 0xff, 0x78, 0x00, 0xe8, 0xff,
    0x80, 0x00, 0xe8, 0xff, 0x80, 0x00, 0xe8, 0xff, 0x80, 0x00, 0xe8, 0xff,
    0x78, 0x00, 0xe8, 0xff, 0x80, 0x00, 0xe8, 0xff, 0x80, 0x00, 0xe0, 0xff,
    0x80, 0x00, 0xe8, 0xff, 0x80, 0x00, 0xe0, 0xff, 0x78, 0x00, 0xe8, 0xff,
    0x80, 0x00, 0xe8, 0xff, 0x80, 0x00, 0xe8, 0xff, 0x80, 0x00, 0xe8, 0xff,
    0x78, 0x00, 0xe0, 0xff, 0x80, 0x00, 0xe0, 0xff, 0x80, 0x00, 0xe8, 0xff,
    0x80, 0x00, 0xe8, 0xff, 0x78, 0x00, 0xe0, 0xff, 0x80, 0x00, 0xe8, 0xff,
    0x80, 0x00, 0xe8, 0xff, 0x80, 0x00, 0xe8, 0xff, 0x80, 0x00, 0xe8, 0xff,
    0x80, 0x00, 0xe8, 0xff, 0x78, 0x00, 0xe8, 0xff, 0x80, 0x00, 0xe8, 0xff,
    0x80, 0x00, 0xe8, 0xff, 0x78, 0x00, 0xe8, 0xff, 0x80, 0x00, 0xe8, 0xff,
    0x80, 0x00, 0xe8, 0xff, 0x80, 0x00, 0xe0, 0xff, 0x78, 0x00, 0xe8, 0xff,
    0x80, 0x00, 0xe0, 0xff, 0x78, 0x00, 0xe8, 0xff, 0x80, 0x00, 0xe8, 0xff,
    0x80, 0x00, 0xe8, 0xff, 0x78, 0x00, 0xe8, 0xff, 0x80, 0x00, 0xe8, 0xff,
    0x80, 0x00, 0xe8, 0xff, 0x80, 0x00, 0xe8, 0xff, 0x78, 0x00, 0xe0, 0xff,
    0x80, 0x00, 0xe8, 0xff, 0x80, 0x00, 0xe8, 0xff, 0x78, 0x00, 0xe8, 0xff,
    0x80, 0x00, 0xe0, 0xff, 0x80, 0x00, 0xe8, 0xff, 0x80, 0x00, 0xe8, 0xff,
    0x78, 0x00, 0xe0, 0xff, 0x80, 0x00, 0xe8, 0xff, 0x80, 0x00, 0xe8, 0xff,
    0x80, 0x00, 0xe8, 0xff, 0x80, 0x00, 0xe8, 0xff, 0x78, 0x00, 0xe8, 0xff,
    0x80, 0x00, 0xe8, 0xff, 0x78, 0x00, 0xe0, 0xff, 0x80, 0x00, 0xe8, 0xff,
    0x80, 0x00, 0xe8, 0xff, 0x80, 0x00, 0xe0, 0xff, 0x80, 0x00, 0xe8, 0xff,
    0x78, 0x00, 0xe8, 0xff, 0x80, 0x00, 0xe0, 0xff, 0x80, 0x00, 0xe8, 0xff,
    0x78, 0x00, 0xe8, 0xff, 0x80, 0x00, 0xe0, 0xff, 0x80, 0x00, 0xe8, 0xff,
    0x80, 0x00, 0xe8, 0xff, 0x80, 0x00, 0xe8, 0xdf, 0x80, 0x00, 0xe0, 0x20,
    0x00, 0x00, 0x00, 0x00, 0x00, 0x00, 0x00, 0x00, 0x00, 0x00, 0x00, 0x00,
    0x00, 0x00, 0x00, 0x00, 0x00, 0x00, 0x00, 0x00, 0x00, 0x00, 0x00, 0x00,
    0x00, 0x00, 0x00, 0x00, 0x78, 0x00, 0xe0, 0x71, 0x80, 0x00, 0xe8, 0xff,
    0x80, 0x00, 0xe8, 0xff, 0x78, 0x00, 0xe8, 0xff, 0x80, 0x00, 0xe8, 0xff,
    0x80, 0x00, 0xe8, 0xff, 0x78, 0x00, 0xe8, 0xff, 0x80, 0x00, 0xe8, 0xff,
    0x80, 0x00, 0xe8, 0xff, 0x80, 0x00, 0xe8, 0xff, 0x80, 0x00, 0xe8, 0xff,
    0x78, 0x00, 0xe8, 0xff, 0x80, 0x00, 0xe8, 0xff, 0x80, 0x00, 0xe8, 0xff,
    0x80, 0x00, 0xe0, 0xff, 0x78, 0x00, 0xe8, 0xff, 0x80, 0x00, 0xe8, 0xff,
    0x78, 0x00, 0xe8, 0xff, 0x80, 0x00, 0xe0, 0xff, 0x80, 0x00, 0xe8, 0xff,
    0x80, 0x00, 0xe8, 0xff, 0x78, 0x00, 0xe0, 0xff, 0x80, 0x00, 0xe8, 0xff,
    0x80, 0x00, 0xe0, 0xff, 0x80, 0x00, 0xe8, 0xff, 0x80, 0x00, 0xe8, 0xff,
    0x80, 0x00, 0xe8, 0xff, 0x80, 0x00, 0xe8, 0xff, 0x80, 0x00, 0xe8, 0xff,
    0x80, 0x00, 0xe8, 0xff, 0x80, 0x00, 0xe8, 0xff, 0x80, 0x00, 0xe0, 0xff,
    0x80, 0x00, 0xe8, 0xff, 0x80, 0x00, 0xe8, 0xff, 0x80, 0x00, 0xe0, 0xff,
    0x80, 0x00, 0xe8, 0xff, 0x80, 0x00, 0xe8, 0xff, 0x80, 0x00, 0xe0, 0xff,
    0x78, 0x00, 0xe8, 0xff, 0x80, 0x00, 0xe8, 0xff, 0x80, 0x00, 0xe0, 0xff,
    0x80, 0x00, 0xe8, 0xff, 0x78, 0x00, 0xe8, 0xff, 0x80, 0x00, 0xe0, 0xff,
    0x80, 0x00, 0xe8, 0xff, 0x80, 0x00, 0xe8, 0xff, 0x80, 0x00, 0xe8, 0xff,
    0x80, 0x00, 0xe0, 0xff, 0x78, 0x00, 0xe8, 0xff, 0x80, 0x00, 0xe8, 0xff,
    0x80, 0x00, 0xe0, 0xff, 0x80, 0x00, 0xe8, 0xff, 0x80, 0x00, 0xe8, 0xff,
    0x80, 0x00, 0xe8, 0xff, 0x80, 0x00, 0xe8, 0xff, 0x78, 0x00, 0xe8, 0xff,
    0x80, 0x00, 0xe0, 0xff, 0x80, 0x00, 0xe8, 0xff, 0x80, 0x00, 0xe8, 0xff,
    0x78, 0x00, 0xe0, 0xff, 0x80, 0x00, 0xe8, 0xff, 0x80, 0x00, 0xe8, 0xff,
    0x80, 0x00, 0xe0, 0xff, 0x80, 0x00, 0xe8, 0xff, 0x80, 0x00, 0xe8, 0xff,
    0x78, 0x00, 0xe8, 0xff, 0x80, 0x00, 0xe8, 0xff, 0x80, 0x00, 0xe8, 0xff,
    0x78, 0x00, 0xe0, 0xff, 0x80, 0x00, 0xe8, 0xff, 0x80, 0x00, 0xe8, 0xff,
    0x80, 0x00, 0xe0, 0xff, 0x80, 0x00, 0xe8, 0xff, 0x80, 0x00, 0xe8, 0xff,
    0x80, 0x00, 0xe8, 0xff, 0x80, 0x00, 0xe8, 0xff, 0x80, 0x00, 0xe0, 0xff,
    0x80, 0x00, 0xe8, 0xff, 0x78, 0x00, 0xe8, 0xff, 0x80, 0x00, 0xe0, 0xff,
    0x80, 0x00, 0xe8, 0xff, 0x78, 0x00, 0xe8, 0xff, 0x80, 0x00, 0xe0, 0xff,
    0x78, 0x00, 0xe8, 0xff, 0x80, 0x00, 0xe8, 0xff, 0x78, 0x00, 0xe8, 0xff,
    0x80, 0x00, 0xe8, 0xff, 0x80, 0x00, 0xe8, 0xff, 0x80, 0x00, 0xe0, 0xff,
    0x78, 0x00, 0xe8, 0xff, 0x78, 0x00, 0xe8, 0xff, 0x80, 0x00, 0xe0, 0xff,
    0x80, 0x00, 0xe8, 0xff, 0x80, 0x00, 0xe0, 0xff, 0x78, 0x00, 0xe8, 0xff,
    0x80, 0x00, 0xe8, 0xff, 0x80, 0x00, 0xe0, 0xff, 0x78, 0x00, 0xe8, 0xff,
    0x80, 0x00, 0xe0, 0xff, 0x80, 0x00, 0xe8, 0xff, 0x80, 0x00, 0xe0, 0xff,
    0x80, 0x00, 0xe0, 0xff, 0x80, 0x00, 0xe8, 0xff, 0x80, 0x00, 0xe0, 0xff,
    0x80, 0x00, 0xe8, 0xff, 0x78, 0x00, 0xe8, 0xff, 0x80, 0x00, 0xe0, 0xff,
    0x80, 0x00, 0xe8, 0xff, 0x80, 0x00, 0xe8, 0xff, 0x78, 0x00, 0xe8, 0xff,
    0x80, 0x00, 0xe0, 0xff, 0x80, 0x00, 0xe8, 0xff, 0x80, 0x00, 0xe8, 0xff,
    0x80, 0x00, 0xe8, 0xff, 0x80, 0x00, 0xe8, 0xff, 0x78, 0x00, 0xe8, 0xff,
    0x80, 0x00, 0xe8, 0xff, 0x80, 0x00, 0xe0, 0xff, 0x80, 0x00, 0xe8, 0xff,
    0x78, 0x00, 0xe8, 0xff, 0x80, 0x00, 0xe0, 0xff, 0x80, 0x00, 0xe8, 0xff,
    0x78, 0x00, 0xe8, 0xff, 0x80, 0x00, 0xe0, 0xff, 0x80, 0x00, 0xe8, 0xff,
    0x80, 0x00, 0xe8, 0xff, 0x80, 0x00, 0xe0, 0xff, 0x80, 0x00, 0xe8, 0xff,
    0x78, 0x00, 0xe8, 0xff, 0x80, 0x00, 0xe8, 0xff, 0x80, 0x00, 0xe8, 0xff,
    0x80, 0x00, 0xe8, 0xff, 0x80, 0x00, 0xe8, 0xff, 0x78, 0x00, 0xe0, 0xff,
    0x80, 0x00, 0xe8, 0xff, 0x80, 0x00, 0xe0, 0xff, 0x80, 0x00, 0xe8, 0xff,
    0x80, 0x00, 0xe0, 0xff, 0x80, 0x00, 0xe8, 0xff, 0x80, 0x00, 0xe8, 0xff,
    0x80, 0x00, 0xe8, 0xff, 0x78, 0x00, 0xe8, 0xff, 0x80, 0x00, 0xe0, 0xff,
    0x80, 0x00, 0xe8, 0xff, 0x80, 0x00, 0xe8, 0xff, 0x80, 0x00, 0xe8, 0xff,
    0x80, 0x00, 0xe8, 0xff, 0x78, 0x00, 0xe0, 0xff, 0x80, 0x00, 0xe8, 0xff,
    0x78, 0x00, 0xe0, 0xff, 0x80, 0x00, 0xe0, 0xff, 0x80, 0x00, 0xe8, 0xff,
    0x80, 0x00, 0xe8, 0xff, 0x80, 0x00, 0xe0, 0xff, 0x78, 0x00, 0xe8, 0xff,
    0x80, 0x00, 0xe8, 0xff, 0x80, 0x00, 0xe8, 0xff, 0x78, 0x00, 0xe8, 0xff,
    0x80, 0x00, 0xe8, 0xff, 0x80, 0x00, 0xe0, 0xff, 0x78, 0x00, 0xe8, 0xff,
    0x80, 0x00, 0xe8, 0xff, 0x80, 0x00, 0xe0, 0xff, 0x80, 0x00, 0xe8, 0xff,
    0x78, 0x00, 0xe8, 0xff, 0x80, 0x00, 0xe0, 0xff, 0x80, 0x00, 0xe8, 0x61,
    0x00, 0x00, 0x00, 0x00, 0x00, 0x00, 0x00, 0x00, 0x00, 0x00, 0x00, 0x00,
    0x00, 0x00, 0x00, 0x00, 0x00, 0x00, 0x00, 0x00, 0x00, 0x00, 0x00, 0x00,
    0x00, 0x00, 0x00, 0x00, 0x00, 0x00, 0x00, 0x00, 0x00, 0x00, 0x00, 0x00,
    0x80, 0x00, 0xe8, 0x8e, 0x80, 0x00, 0xe8, 0xff, 0x78, 0x00, 0xe0, 0xff,
    0x80, 0x00, 0xe8, 0xff, 0x80, 0x00, 0xe0, 0xff, 0x80, 0x00, 0xe8, 0xff,
    0x78, 0x00, 0xe0, 0xff, 0x80, 0x00, 0xe0, 0xff, 0x80, 0x00, 0xe8, 0xff,
    0x78, 0x00, 0xe0, 0xff, 0x80, 0x00, 0xe8, 0xff, 0x80, 0x00, 0xe8, 0xff,
    0x80, 0x00, 0xe0, 0xff, 0x78, 0x00, 0xe8, 0xff, 0x80, 0x00, 0xe8, 0xff,
    0x80, 0x00, 0xe0, 0xff, 0x80, 0x00, 0xe8, 0xff, 0x78, 0x00, 0xe8, 0xff,
    0x80, 0x00, 0xe8, 0xff, 0x80, 0x00, 0xe0, 0xff, 0x80, 0x00, 0xe8, 0xff,
    0x78, 0x00, 0xe8, 0xff, 0x80, 0x00, 0xe8, 0xff, 0x78, 0x00, 0xe0, 0xff,
    0x78, 0x00, 0xe8, 0xff, 0x80, 0x00, 0xe0, 0xff, 0x80, 0x00, 0xe0, 0xff,
    0x78, 0x00, 0xe8, 0xff, 0x78, 0x00, 0xe8, 0xff, 0x80, 0x00, 0xe0, 0xff,
    0x80, 0x00, 0xe8, 0xff, 0x78, 0x00, 0xe8, 0xff, 0x80, 0x00, 0xe8, 0xff,
    0x80, 0x00, 0xe8, 0xff, 0x78, 0x00, 0xe0, 0xff, 0x80, 0x00, 0xe8, 0xff,
    0x80, 0x00, 0xe8, 0xff, 0x78, 0x00, 0xe8, 0xff, 0x80, 0x00, 0xe8, 0xff,
    0x80, 0x00, 0xe8, 0xff, 0x80, 0x00, 0xe8, 0xff, 0x80, 0x00, 0xe8, 0xff,
    0x78, 0x00, 0xe8, 0xff, 0x80, 0x00, 0xe8, 0xff, 0x80, 0x00, 0xe8, 0xff,
    0x78, 0x00, 0xe8, 0xff, 0x80, 0x00, 0xe8, 0xff, 0x80, 0x00, 0xe0, 0xff,
    0x78, 0x00, 0xe8, 0xff, 0x80, 0x00, 0xe8, 0xff, 0x78, 0x00, 0xe0, 0xff,
    0x80, 0x00, 0xe8, 0xff, 0x80, 0x00, 0xe0, 0xff, 0x78, 0x00, 0xe8, 0xff,
    0x80, 0x00, 0xe8, 0xff, 0x80, 0x00, 0xe8, 0xff, 0x78, 0x00, 0xe0, 0xff,
    0x80, 0x00, 0xe8, 0xff, 0x80, 0x00, 0xe8, 0xff, 0x80, 0x00, 0xe8, 0xff,
    0x80, 0x00, 0xe8, 0xff, 0x78, 0x00, 0xe0, 0xff, 0x80, 0x00, 0xe8, 0xff,
    0x80, 0x00, 0xe0, 0xff, 0x80, 0x00, 0xe8, 0xff, 0x80, 0x00, 0xe8, 0xff,
    0x80, 0x00, 0xe0, 0xff, 0x78, 0x00, 0xe8, 0xff, 0x80, 0x00, 0xe8, 0xff,
    0x80, 0x00, 0xe8, 0xff, 0x78, 0x00, 0xe0, 0xff, 0x80, 0x00, 0xe8, 0xff,
    0x78, 0x00, 0xe8, 0xff, 0x78, 0x00, 0xe0, 0xff, 0x80, 0x00, 0xe8, 0xff,
    0x80, 0x00, 0xe8, 0xff, 0x80, 0x00, 0xe8, 0xff, 0x80, 0x00, 0xe8, 0xff,
    0x80, 0x00, 0xe8, 0xff, 0x78, 0x00, 0xe8, 0xff, 0x80, 0x00, 0xe8, 0xff,
    0x80, 0x00, 0xe8, 0xff, 0x80, 0x00, 0xe8, 0xff, 0x78, 0x00, 0xe0, 0xff,
    0x80, 0x00, 0xe8, 0xff, 0x80, 0x00, 0xe8, 0xff, 0x80, 0x00, 0xe0, 0xff,
    0x80, 0x00, 0xe8, 0xff, 0x80, 0x00, 0xe8, 0xff, 0x80, 0x00, 0xe8, 0xff,
    0x78, 0x00, 0xe8, 0xff, 0x80, 0x00, 0xe0, 0xff, 0x80, 0x00, 0xe8, 0xff,
    0x80, 0x00, 0xe8, 0xff, 0x80, 0x00, 0xe8, 0xff, 0x80, 0x00, 0xe8, 0xff,
    0x80, 0x00, 0xe8, 0xff, 0x78, 0x00, 0xe8, 0xff, 0x80, 0x00, 0xe8, 0xff,
    0x78, 0x00, 0xe8, 0xff, 0x80, 0x00, 0xe8, 0xff, 0x78, 0x00, 0xe8, 0xff,
    0x80, 0x00, 0xe0, 0xff, 0x80, 0x00, 0xe8, 0xff, 0x80, 0x00, 0xe8, 0xff,
    0x78, 0x00, 0xe8, 0xff, 0x80, 0x00, 0xe8, 0xff, 0x80, 0x00, 0xe8, 0xff,
    0x80, 0x00, 0xe8, 0xff, 0x80, 0x00, 0xe0, 0xff, 0x78, 0x00, 0xe8, 0xff,
    0x80, 0x00, 0xe0, 0xff, 0x80, 0x00, 0xe8, 0xff, 0x78, 0x00, 0xe8, 0xff,
    0x80, 0x00, 0xe0, 0xff, 0x80, 0x00, 0xe8, 0xff, 0x80, 0x00, 0xe8, 0xff,
    0x80, 0x00, 0xe8, 0xff, 0x80, 0x00, 0xe8, 0xff, 0x78, 0x00, 0xe0, 0xff,
    0x80, 0x00, 0xe8, 0xff, 0x80, 0x00, 0xe8, 0xff, 0x78, 0x00, 0xe0, 0xff,
    0x80, 0x00, 0xe8, 0xff, 0x80, 0x00, 0xe8, 0xff, 0x78, 0x00, 0xe0, 0xff,
    0x80, 0x00, 0xe8, 0xff, 0x80, 0x00, 0xe8, 0xff, 0x78, 0x00, 0xe0, 0xff,
    0x80, 0x00, 0xe8, 0xff, 0x80, 0x00, 0xe8, 0xff, 0x80, 0x00, 0xe8, 0xff,
    0x80, 0x00, 0xe8, 0xff, 0x78, 0x00, 0xe8, 0xff, 0x80, 0x00, 0xe8, 0xff,
    0x80, 0x00, 0xe0, 0xff, 0x78, 0x00, 0xe8, 0xff, 0x78, 0x00, 0xe8, 0xff,
    0x80, 0x00, 0xe0, 0xff, 0x80, 0x00, 0xe8, 0xff, 0x80, 0x00, 0xe8, 0xff,
    0x80, 0x00, 0xe0, 0xff, 0x78, 0x00, 0xe8, 0xff, 0x80, 0x00, 0xe8, 0xff,
    0x80, 0x00, 0xe0, 0xff, 0x78, 0x00, 0xe8, 0xff, 0x80, 0x00, 0xe8, 0xff,
    0x80, 0x00, 0xe8, 0xff, 0x80, 0x00, 0xe8, 0xff, 0x78, 0x00, 0xe8, 0xff,
    0x80, 0x00, 0xe8, 0xff, 0x80, 0x00, 0xe0, 0xff, 0x80, 0x00, 0xe8, 0xff,
    0x80, 0x00, 0xe8, 0xff, 0x80, 0x00, 0xe0, 0xff, 0x78, 0x00, 0xe8, 0xff,
    0x80, 0x00, 0xe8, 0xff, 0x80, 0x00, 0xe0, 0xff, 0x80, 0x00, 0xe8, 0xff,
    0x80, 0x00, 0xe8, 0xff, 0x78, 0x00, 0xe8, 0xff, 0x80, 0x00, 0xe8, 0xff,
    0x80, 0x00, 0xe8, 0xff, 0x78, 0x00, 0xe8, 0xff, 0x78, 0x00, 0xe0, 0x8e,
    0x00, 0x00, 0x00, 0x00, 0x00, 0x00, 0x00, 0x00, 0x00, 0x00, 0x00, 0x00,
    0x00, 0x00, 0x00, 0x00, 0x00, 0x00, 0x00, 0x00, 0x00, 0x00, 0x00, 0x00,
    0x00, 0x00, 0x00, 0x00, 0x00, 0x00, 0x00, 0x00, 0x00, 0x00, 0x00, 0x00,
    0x00, 0x00, 0x00, 0x00, 0x00, 0x00, 0x00, 0x00, 0x80, 0x00, 0xe0, 0xcf,
    0x80, 0x00, 0xe8, 0xff, 0x80, 0x00, 0xe8, 0xff, 0x80, 0x00, 0xe8, 0xff,
    0x78, 0x00, 0xe8, 0xff, 0x80, 0x00, 0xe8, 0xff, 0x80, 0x00, 0xe8, 0xff,
    0x78, 0x00, 0xe8, 0xff, 0x80, 0x00, 0xe8, 0xff, 0x80, 0x00, 0xe0, 0xff,
    0x80, 0x00, 0xe8, 0xff, 0x78, 0x00, 0xe8, 0xff, 0x80, 0x00, 0xe8, 0xff,
    0x80, 0x00, 0xe8, 0xff, 0x80, 0x00, 0xe0, 0xff, 0x80, 0x00, 0xe8, 0xff,
    0x80, 0x00, 0xe8, 0xff, 0x78, 0x00, 0xe8, 0xff, 0x80, 0x00, 0xe8, 0xff,
    0x80, 0x00, 0xe8, 0xff, 0x80, 0x00, 0xe8, 0xff, 0x80, 0x00, 0xe0, 0xff,
    0x80, 0x00, 0xe8, 0xff, 0x80, 0x00, 0xe8, 0xff, 0x80, 0x00, 0xe8, 0xff,
    0x78, 0x00, 0xe8, 0xff, 0x80, 0x00, 0xe8, 0xff, 0x80, 0x00, 0xe0, 0xff,
    0x80, 0x00, 0xe8, 0xff, 0x78, 0x00, 0xe8, 0xff, 0x80, 0x00, 0xe0, 0xff,
    0x80, 0x00, 0xe8, 0xff, 0x78, 0x00, 0xe8, 0xff, 0x80, 0x00, 0xe8, 0xff,
    0x80, 0x00, 0xe0, 0xff, 0x80, 0x00, 0xe8, 0xff, 0x80, 0x00, 0xe8, 0xff,
    0x78, 0x00, 0xe0, 0xff, 0x80, 0x00, 0xe8, 0xff, 0x80, 0x00, 0xe0, 0xff,
    0x80, 0x00, 0xe8, 0xff, 0x78, 0x00, 0xe0, 0xff, 0x80, 0x00, 0xe0, 0xff,
    0x80, 0x00, 0xe8, 0xff, 0x78, 0x00, 0xe8, 0xff, 0x80, 0x00, 0xe0, 0xff,
    0x80, 0x00, 0xe8, 0xff, 0x80, 0x00, 0xe8, 0xff, 0x80, 0x00, 0xe8, 0xff,
    0x80, 0x00, 0xe8, 0xff, 0x78, 0x00, 0xe0, 0xff, 0x80, 0x00, 0xe8, 0xff,
    0x80, 0x00, 0xe8, 0xff, 0x80, 0x00, 0xe0, 0xff, 0x80, 0x00, 0xe8, 0xff,
    0x80, 0x00, 0xe8, 0xff, 0x78, 0x00, 0xe0, 0xff, 0x80, 0x00, 0xe8, 0xff,
    0x80, 0x00, 0xe8, 0xff, 0x78, 0x00, 0xe0, 0xff, 0x80, 0x00, 0xe8, 0xff,
    0x80, 0x00, 0xe8, 0xff, 0x78, 0x00, 0xe8, 0xff, 0x80, 0x00, 0xe0, 0xff,
    0x80, 0x00, 0xe8, 0xff, 0x78, 0x00, 0xe8, 0xff, 0x80, 0x00, 0xe8, 0xff,
    0x80, 0x00, 0xe8, 0xff, 0x80, 0x00, 0xe0, 0xff, 0x78, 0x00, 0xe8, 0xff,
    0x80, 0x00, 0xe8, 0xff, 0x80, 0x00, 0xe8, 0xff, 0x80, 0x00, 0xe0, 0xff,
    0x78, 0x00, 0xe8, 0xff, 0x80, 0x00, 0xe8, 0xff, 0x78, 0x00, 0xe0, 0xff,
    0x80, 0x00, 0xe8, 0xff, 0x80, 0x00, 0xe0, 0xff, 0x80, 0x00, 0xe8, 0xff,
    0x80, 0x00, 0xe0, 0xff, 0x80, 0x00, 0xe8, 0xff, 0x80, 0x00, 0xe8, 0xff,
    0x80, 0x00, 0xe0, 0xff, 0x80, 0x00, 0xe8, 0xff, 0x78, 0x00, 0xe8, 0xff,
    0x78, 0x00, 0xe8, 0xff, 0x80, 0x00, 0xe8, 0xff, 0x80, 0x00, 0xe0, 0xff,
    0x80, 0x00, 0xe8, 0xff, 0x80, 0x00, 0xe8, 0xff, 0x78, 0x00, 0xe8, 0xff,
    0x80, 0x00, 0xe8, 0xff, 0x80, 0x00, 0xe0, 0xff, 0x78, 0x00, 0xe8, 0xff,
    0x80, 0x00, 0xe8, 0xff, 0x80, 0x00, 0xe0, 0xff, 0x80, 0x00, 0xe8, 0xff,
    0x80, 0x00, 0xe8, 0xff, 0x80, 0x00, 0xe0, 0xff, 0x78, 0x00, 0xe8, 0xff,
    0x80, 0x00, 0xe8, 0xff, 0x80, 0x00, 0xe8, 0xff, 0x78, 0x00, 0xe0, 0xff,
    0x80, 0x00, 0xe8, 0xff, 0x80, 0x00, 0xe0, 0xff, 0x78, 0x00, 0xe0, 0xff,
    0x80, 0x00, 0xe8, 0xff, 0x80, 0x00, 0xe8, 0xff, 0x78, 0x00, 0xe8, 0xff,
    0x80, 0x00, 0xe8, 0xff, 0x80, 0x00, 0xe8, 0xff, 0x78, 0x00, 0xe0, 0xff,
    0x80, 0x00, 0xe8, 0xff, 0x80, 0x00, 0xe8, 0xff, 0x78, 0x00, 0xe0, 0xff,
    0x78, 0x00, 0xe8, 0xff, 0x80, 0x00, 0xe8, 0xff, 0x80, 0x00, 0xe0, 0xff,
    0x80, 0x00, 0xe8, 0xff, 0x80, 0x00, 0xe8, 0xff, 0x80, 0x00, 0xe8, 0xff,
    0x80, 0x00, 0xe8, 0xff, 0x78, 0x00, 0xe8, 0xff, 0x80, 0x00, 0xe8, 0xff,
    0x80, 0x00, 0xe8, 0xff, 0x80, 0x00, 0xe8, 0xff, 0x80, 0x00, 0xe0, 0xff,
    0x80, 0x00, 0xe8, 0xff, 0x78, 0x00, 0xe8, 0xff, 0x80, 0x00, 0xe0, 0xff,
    0x80, 0x00, 0xe0, 0xff, 0x78, 0x00, 0xe8, 0xff, 0x80, 0x00, 0xe8, 0xff,
    0x80, 0x00, 0xe8, 0xff, 0x80, 0x00, 0xe8, 0xff, 0x80, 0x00, 0xe8, 0xff,
    0x80, 0x00, 0xe8, 0xff, 0x78, 0x00, 0xe0, 0xff, 0x80, 0x00, 0xe8, 0xff,
    0x80, 0x00, 0xe8, 0xff, 0x78, 0x00, 0xe8, 0xff, 0x80, 0x00, 0xe8, 0xff,
    0x80, 0x00, 0xe0, 0xff, 0x78, 0x00, 0xe8, 0xff, 0x80, 0x00, 0xe8, 0xff,
    0x80, 0x00, 0xe8, 0xff, 0x80, 0x00, 0xe0, 0xff, 0x80, 0x00, 0xe8, 0xff,
    0x78, 0x00, 0xe8, 0xff, 0x80, 0x00, 0xe8, 0xff, 0x78, 0x00, 0xe8, 0xff,
    0x78, 0x00, 0xe8, 0xff, 0x80, 0x00, 0xe8, 0xff, 0x80, 0x00, 0xe0, 0xff,
    0x80, 0x00, 0xe8, 0xff, 0x80, 0x00, 0xe8, 0xff, 0x78, 0x00, 0xe8, 0xff,
    0x80, 0x00, 0xe8, 0xff, 0x80, 0x00, 0xe0, 0xff, 0x80, 0x00, 0xe8, 0xff,
    0x80, 0x00, 0xe0, 0xff, 0x80, 0x00, 0xe8, 0xff, 0x80, 0x00, 0xe0, 0xcf,
    0x00, 0x00, 0x00, 0x00, 0x00, 0x00, 0x00, 0x00, 0x00, 0x00, 0x00, 0x00,
    0x00, 0x00, 0x00, 0x00, 0x00, 0x00, 0x00, 0x00, 0x00, 0x00, 0x00, 0x00,
    0x00, 0x00, 0x00, 0x00, 0x00, 0x00, 0x00, 0x00, 0x00, 0x00, 0x00, 0x00,
    0x00, 0x00, 0x00, 0x00, 0x00, 0x00, 0x00, 0x00, 0x00, 0x00, 0x00, 0x00,
    0x80, 0x00, 0xe0, 0x10, 0x78, 0x00, 0xe8, 0xcf, 0x80, 0x00, 0xe8, 0xff,
    0x80, 0x00, 0xe0, 0xff, 0x80, 0x00, 0xe8, 0xff, 0x80, 0x00, 0xe8, 0xff,
    0x80, 0x00, 0xe0, 0xff, 0x80, 0x00, 0xe8, 0xff, 0x80, 0x00, 0xe8, 0xff,
    0x78, 0x00, 0xe8, 0xff, 0x80, 0x00, 0xe0, 0xff, 0x80, 0x00, 0xe8, 0xff,
    0x80, 0x00, 0xe8, 0xff, 0x78, 0x00, 0xe0, 0xff, 0x80, 0x00, 0xe8, 0xff,
    0x80, 0x00, 0xe8, 0xff, 0x78, 0x00, 0xe0, 0xff, 0x80, 0x00, 0xe0, 0xff,
    0x80, 0x00, 0xe8, 0xff, 0x78, 0x00, 0xe8, 0xff, 0x80, 0x00, 0xe0, 0xff,
    0x80, 0x00, 0xe8, 0xff, 0x78, 0x00, 0xe8, 0xff, 0x80, 0x00, 0xe8, 0xff,
    0x80, 0x00, 0xe8, 0xff, 0x80, 0x00, 0xe8, 0xff, 0x80, 0x00, 0xe0, 0xff,
    0x80, 0x00, 0xe8, 0xff, 0x80, 0x00, 0xe8, 0xff, 0x80, 0x00, 0xe8, 0xff,
    0x80, 0x00, 0xe0, 0xff, 0x80, 0x00, 0xe8, 0xff, 0x78, 0x00, 0xe8, 0xff,
    0x80, 0x00, 0xe8, 0xff, 0x80, 0x00, 0xe8, 0xff, 0x78, 0x00, 0xe0, 0xff,
    0x80, 0x00, 0xe8, 0xff, 0x80, 0x00, 0xe8, 0xff, 0x78, 0x00, 0xe0, 0xff,
    0x80, 0x00, 0xe8, 0xff, 0x80, 0x00, 0xe8, 0xff, 0x80, 0x00, 0xe8, 0xff,
    0x80, 0x00, 0xe8, 0xff, 0x80, 0x00, 0xe8, 0xff, 0x80, 0x00, 0xe0, 0xff,
    0x80, 0x00, 0xe8, 0xff, 0x78, 0x00, 0xe8, 0xff, 0x80, 0x00, 0xe0, 0xff,
    0x80, 0x00, 0xe8, 0xff, 0x80, 0x00, 0xe8, 0xff, 0x80, 0x00, 0xe8, 0xff,
    0x78, 0x00, 0xe8, 0xff, 0x80, 0x00, 0xe8, 0xff, 0x78, 0x00, 0xe0, 0xff,
    0x80, 0x00, 0xe8, 0xff, 0x80, 0x00, 0xe8, 0xff, 0x80, 0x00, 0xe8, 0xff,
    0x78, 0x00, 0xe8, 0xff, 0x80, 0x00, 0xe0, 0xff, 0x80, 0x00, 0xe8, 0xff,
    0x80, 0x00, 0xe8, 0xff, 0x78, 0x00, 0xe8, 0xff, 0x80, 0x00, 0xe8, 0xff,
    0x80, 0x00, 0xe8, 0xff, 0x78, 0x00, 0xe0, 0xff, 0x80, 0x00, 0xe8, 0xff,
    0x80, 0x00, 0xe8, 0xff, 0x80, 0x00, 0xe0, 0xff, 0x80, 0x00, 0xe8, 0xff,
    0x80, 0x00, 0xe8, 0xff, 0x80, 0x00, 0xe8, 0xff, 0x80, 0x00, 0xe0, 0xff,
    0x80, 0x00, 0xe8, 0xff, 0x80, 0x00, 0xe8, 0xff, 0x80, 0x00, 0xe8, 0xff,
    0x78, 0x00, 0xe8, 0xff, 0x80, 0x00, 0xe0, 0xff, 0x80, 0x00, 0xe8, 0xff,
    0x78, 0x00, 0xe8, 0xff, 0x78, 0x00, 0xe8, 0xff, 0x80, 0x00, 0xe0, 0xff,
    0x78, 0x00, 0xe8, 0xff, 0x80, 0x00, 0xe8, 0xff, 0x80, 0x00, 0xe8, 0xff,
    0x80, 0x00, 0xe0, 0xff, 0x80, 0x00, 0xe8, 0xff, 0x78, 0x00, 0xe8, 0xff,
    0x80, 0x00, 0xe0, 0xff, 0x80, 0x00, 0xe8, 0xff, 0x80, 0x00, 0xe8, 0xff,
    0x78, 0x00, 0xe0, 0xff, 0x80, 0x00, 0xe8, 0xff, 0x80, 0x00, 0xe8, 0xff,
    0x78, 0x00, 0xe0, 0xff, 0x80, 0x00, 0xe8, 0xff, 0x78, 0x00, 0xe8, 0xff,
    0x80, 0x00, 0xe0, 0xff, 0x80, 0x00, 0xe8, 0xff, 0x80, 0x00, 0xe8, 0xff,
    0x80, 0x00, 0xe0, 0xff, 0x80, 0x00, 0xe8, 0xff, 0x80, 0x00, 0xe8, 0xff,
    0x78, 0x00, 0xe8, 0xff, 0x80, 0x00, 0xe8, 0xff, 0x80, 0x00, 0xe8, 0xff,
    0x80, 0x00, 0xe8, 0xff, 0x78, 0x00, 0xe0, 0xff, 0x80, 0x00, 0xe8, 0xff,
    0x80, 0x00, 0xe8, 0xff, 0x80, 0x00, 0xe0, 0xff, 0x80, 0x00, 0xe8, 0xff,
    0x80, 0x00, 0xe8, 0xff, 0x80, 0x00, 0xe8, 0xff, 0x80, 0x00, 0xe8, 0xff,
    0x80, 0x00, 0xe8, 0xff, 0x80, 0x00, 0xe0, 0xff, 0x78, 0x00, 0xe8, 0xff,
    0x80, 0x00, 0xe8, 0xff, 0x78, 0x00, 0xe8, 0xff, 0x80, 0x00, 0xe0, 0xff,
    0x80, 0x00, 0xe8, 0xff, 0x78, 0x00, 0xe0, 0xff, 0x80, 0x00, 0xe0, 0xff,
    0x80, 0x00, 0xe8, 0xff, 0x78, 0x00, 0xe8, 0xff, 0x80, 0x00, 0xe0, 0xff,
    0x80, 0x00, 0xe8, 0xff, 0x78, 0x00, 0xe8, 0xff, 0x80, 0x00, 0xe8, 0xff,
    0x80, 0x00, 0xe8, 0xff, 0x78, 0x00, 0xe8, 0xff, 0x80, 0x00, 0xe0, 0xff,
    0x80, 0x00, 0xe8, 0xff, 0x78, 0x00, 0xe0, 0xff, 0x80, 0x00, 0xe8, 0xff,
    0x80, 0x00, 0xe8, 0xff, 0x80, 0x00, 0xe0, 0xff, 0x80, 0x00, 0xe8, 0xff,
    0x78, 0x00, 0xe8, 0xff, 0x80, 0x00, 0xe0, 0xff, 0x80, 0x00, 0xe8, 0xff,
    0x80, 0x00, 0xe8, 0xff, 0x80, 0x00, 0xe8, 0xff, 0x80, 0x00, 0xe8, 0xff,
    0x80, 0x00, 0xe0, 0xff, 0x78, 0x00, 0xe8, 0xff, 0x80, 0x00, 0xe8, 0xff,
    0x80, 0x00, 0xe0, 0xff, 0x80, 0x00, 0xe8, 0xff, 0x80, 0x00, 0xe0, 0xff,
    0x80, 0x00, 0xe8, 0xff, 0x80, 0x00, 0xe8, 0xff, 0x80, 0x00, 0xe0, 0xff,
    0x78, 0x00, 0xe8, 0xff, 0x80, 0x00, 0xe8, 0xff, 0x80, 0x00, 0xe0, 0xff,
    0x78, 0x00, 0xe8, 0xff, 0x80, 0x00, 0xe8, 0xff, 0x80, 0x00, 0xe8, 0xff,
    0x78, 0x00, 0xe0, 0xff, 0x80, 0x00, 0xe8, 0xff, 0x80, 0x00, 0xe8, 0xcf,
    0x80, 0x00, 0xe0, 0x10, 0x00, 0x00, 0x00, 0x00, 0x00, 0x00, 0x00, 0x00,
    0x00, 0x00, 0x00, 0x00, 0x00, 0x00, 0x00, 0x00, 0x00, 0x00, 0x00, 0x00,
    0x00, 0x00, 0x00, 0x00, 0x00, 0x00, 0x00, 0x00, 0x00, 0x00, 0x00, 0x00,
    0x00, 0x00, 0x00, 0x00, 0x00, 0x00, 0x00, 0x00, 0x00, 0x00, 0x00, 0x00,
    0x00, 0x00, 0x00, 0x00, 0x00, 0x00, 0x00, 0x00, 0x80, 0x00, 0xe0, 0x10,
    0x78, 0x00, 0xe0, 0xcf, 0x80, 0x00, 0xe8, 0xff, 0x78, 0x00, 0xe8, 0xff,
    0x80, 0x00, 0xe0, 0xff, 0x78, 0x00, 0xe8, 0xff, 0x80, 0x00, 0xe8, 0xff,
    0x80, 0x00, 0xe8, 0xff, 0x78, 0x00, 0xe8, 0xff, 0x80, 0x00, 0xe0, 0xff,
    0x80, 0x00, 0xe8, 0xff, 0x78, 0x00, 0xe8, 0xff, 0x80, 0x00, 0xe8, 0xff,
    0x80, 0x00, 0xe8, 0xff, 0x78, 0x00, 0xe8, 0xff, 0x80, 0x00, 0xe8, 0xff,
    0x80, 0x00, 0xe8, 0xff, 0x80, 0x00, 0xe8, 0xff, 0x78, 0x00, 0xe0, 0xff,
    0x80, 0x00, 0xe8, 0xff, 0x80, 0x00, 0xe8, 0xff, 0x78, 0x00, 0xe0, 0xff,
    0x80, 0x00, 0xe0, 0xff, 0x80, 0x00, 0xe8, 0xff, 0x78, 0x00, 0xe8, 0xff,
    0x80, 0x00, 0xe8, 0xff, 0x78, 0x00, 0xe8, 0xff, 0x78, 0x00, 0xe8, 0xff,
    0x80, 0x00, 0xe8, 0xff, 0x80, 0x00, 0xe8, 0xff, 0x78, 0x00, 0xe0, 0xff,
    0x80, 0x00, 0xe8, 0xff, 0x80, 0x00, 0xe8, 0xff, 0x78, 0x00, 0xe0, 0xff,
    0x80, 0x00, 0xe8, 0xff, 0x80, 0x00, 0xe8, 0xff, 0x80, 0x00, 0xe8, 0xff,
    0x80, 0x00, 0xe8, 0xff, 0x78, 0x00, 0xe8, 0xff, 0x80, 0x00, 0xe8, 0xff,
    0x78, 0x00, 0xe8, 0xff, 0x80, 0x00, 0xe8, 0xff, 0x78, 0x00, 0xe0, 0xff,
    0x80, 0x00, 0xe8, 0xff, 0x80, 0x00, 0xe8, 0xff, 0x80, 0x00, 0xe8, 0xff,
    0x78, 0x00, 0xe8, 0xff, 0x80, 0x00, 0xe0, 0xff, 0x80, 0x00, 0xe8, 0xff,
    0x78, 0x00, 0xe8, 0xff, 0x80, 0x00, 0xe0, 0xff, 0x80, 0x00, 0xe8, 0xff,
    0x80, 0x00, 0xe8, 0xff, 0x78, 0x00, 0xe8, 0xff, 0x80, 0x00, 0xe0, 0xff,
    0x80, 0x00, 0xe8, 0xff, 0x80, 0x00, 0xe8, 0xff, 0x78, 0x00, 0xe8, 0xff,
    0x80, 0x00, 0xe8, 0xff, 0x80, 0x00, 0xe0, 0xff, 0x80, 0x00, 0xe8, 0xff,
    0x80, 0x00, 0xe8, 0xff, 0x80, 0x00, 0xe0, 0xff, 0x80, 0x00, 0xe8, 0xff,
    0x80, 0x00, 0xe8, 0xff, 0x78, 0x00, 0xe0, 0xff, 0x78, 0x00, 0xe8, 0xff,
    0x80, 0x00, 0xe8, 0xff, 0x80, 0x00, 0xe8, 0xff, 0x78, 0x00, 0xe0, 0xff,
    0x78, 0x00, 0xe8, 0xff, 0x80, 0x00, 0xe8, 0xff, 0x80, 0x00, 0xe0, 0xff,
    0x80, 0x00, 0xe8, 0xff, 0x80, 0x00, 0xe8, 0xff, 0x78, 0x00, 0xe8, 0xff,
    0x80, 0x00, 0xe8, 0xff, 0x80, 0x00, 0xe8, 0xff, 0x80, 0x00, 0xe8, 0xff,
    0x80, 0x00, 0xe8, 0xff, 0x78, 0x00, 0xe0, 0xff, 0x80, 0x00, 0xe8, 0xff,
    0x80, 0x00, 0xe8, 0xff, 0x80, 0x00, 0xe0, 0xff, 0x80, 0x00, 0xe8, 0xff,
    0x80, 0x00, 0xe8, 0xff, 0x78, 0x00, 0xe8, 0xff, 0x80, 0x00, 0xe8, 0xff,
    0x80, 0x00, 0xe0, 0xff, 0x80, 0x00, 0xe8, 0xff, 0x80, 0x00, 0xe8, 0xff,
    0x80, 0x00, 0xe8, 0xff, 0x80, 0x00, 0xe8, 0xff, 0x80, 0x00, 0xe8, 0xff,
    0x80, 0x00, 0xe8, 0xff, 0x78, 0x00, 0xe0, 0xff, 0x78, 0x00, 0xe8, 0xff,
    0x80, 0x00, 0xe8, 0xff, 0x78, 0x00, 0xe8, 0xff, 0x80, 0x00, 0xe0, 0xff,
    0x80, 0x00, 0xe8, 0xff, 0x80, 0x00, 0xe8, 0xff, 0x80, 0x00, 0xe0, 0xff,
    0x80, 0x00, 0xe8, 0xff, 0x80, 0x00, 0xe8, 0xff, 0x80, 0x00, 0xe8, 0xff,
    0x78, 0x00, 0xe0, 0xff, 0x80, 0x00, 0xe8, 0xff, 0x80, 0x00, 0xe8, 0xff,
    0x78, 0x00, 0xe0, 0xff, 0x80, 0x00, 0xe8, 0xff, 0x78, 0x00, 0xe0, 0xff,
    0x80, 0x00, 0xe8, 0xff, 0x80, 0x00, 0xe8, 0xff, 0x80, 0x00, 0xe8, 0xff,
    0x80, 0x00, 0xe8, 0xff, 0x80, 0x00, 0xe8, 0xff, 0x78, 0x00, 0xe0, 0xff,
    0x80, 0x00, 0xe8, 0xff, 0x80, 0x00, 0xe8, 0xff, 0x80, 0x00, 0xe8, 0xff,
    0x80, 0x00, 0xe8, 0xff, 0x80, 0x00, 0xe8, 0xff, 0x78, 0x00, 0xe0, 0xff,
    0x80, 0x00, 0xe8, 0xff, 0x80, 0x00, 0xe8, 0xff, 0x80, 0x00, 0xe0, 0xff,
    0x80, 0x00, 0xe8, 0xff, 0x80, 0x00, 0xe8, 0xff, 0x80, 0x00, 0xe8, 0xff,
    0x80, 0x00, 0xe8, 0xff, 0x80, 0x00, 0xe8, 0xff, 0x78, 0x00, 0xe0, 0xff,
    0x80, 0x00, 0xe8, 0xff, 0x78, 0x00, 0xe8, 0xff, 0x80, 0x00, 0xe8, 0xff,
    0x80, 0x00, 0xe8, 0xff, 0x80, 0x00, 0xe8, 0xff, 0x78, 0x00, 0xe0, 0xff,
    0x80, 0x00, 0xe8, 0xff, 0x78, 0x00, 0xe8, 0xff, 0x80, 0x00, 0xe0, 0xff,
    0x80, 0x00, 0xe8, 0xff, 0x78, 0x00, 0xe8, 0xff, 0x80, 0x00, 0xe8, 0xff,
    0x80, 0x00, 0xe8, 0xff, 0x78, 0x00, 0xe8, 0xff, 0x80, 0x00, 0xe8, 0xff,
    0x80, 0x00, 0xe0, 0xff, 0x80, 0x00, 0xe8, 0xff, 0x80, 0x00, 0xe8, 0xff,
    0x78, 0x00, 0xe8, 0xff, 0x80, 0x00, 0xe8, 0xff, 0x80, 0x00, 0xe8, 0xff,
    0x80, 0x00, 0xe0, 0xff, 0x80, 0x00, 0xe8, 0xff, 0x80, 0x00, 0xe8, 0xff,
    0x78, 0x00, 0xe8, 0xff, 0x80, 0x00, 0xe8, 0xff, 0x78, 0x00, 0xe0, 0xcf,
    0x80, 0x00, 0xe0, 0x10, 0x00, 0x00, 0x00, 0x00, 0x00, 0x00, 0x00, 0x00,
    0x00, 0x00, 0x00, 0x00, 0x00, 0x00, 0x00, 0x00, 0x00, 0x00, 0x00, 0x00,
    0x00, 0x00, 0x00, 0x00, 0x00, 0x00, 0x00, 0x00, 0x00, 0x00, 0x00, 0x00,
    0x00, 0x00, 0x00, 0x00, 0x00, 0x00, 0x00, 0x00, 0x00, 0x00, 0x00, 0x00,
    0x00, 0x00, 0x00, 0x00, 0x00, 0x00, 0x00, 0x00, 0x00, 0x00, 0x00, 0x00,
    0x00, 0x00, 0x00, 0x00, 0x00, 0x00, 0x00, 0x00, 0x80, 0x00, 0xe8, 0x8e,
    0x80, 0x00, 0xe8, 0xff, 0x80, 0x00, 0xe8, 0xff, 0x78, 0x00, 0xe8, 0xff,
    0x80, 0x00, 0xe0, 0xff, 0x80, 0x00, 0xe8, 0xff, 0x80, 0x00, 0xe8, 0xff,
    0x80, 0x00, 0xe8, 0xff, 0x80, 0x00, 0xe0, 0xff, 0x80, 0x00, 0xe8, 0xff,
    0x80, 0x00, 0xe8, 0xff, 0x80, 0x00, 0xe0, 0xff, 0x80, 0x00, 0xe8, 0xff,
    0x80, 0x00, 0xe8, 0xff, 0x80, 0x00, 0xe8, 0xff, 0x78, 0x00, 0xe0, 0xff,
    0x80, 0x00, 0xe8, 0xff, 0x80, 0x00, 0xe8, 0xff, 0x80, 0x00, 0xe8, 0xff,
    0x80, 0x00, 0xe8, 0xff, 0x80, 0x00, 0xe8, 0xff, 0x78, 0x00, 0xe0, 0xff,
    0x80, 0x00, 0xe8, 0xff, 0x80, 0x00, 0xe0, 0xff, 0x80, 0x00, 0xe8, 0xff,
    0x80, 0x00, 0xe0, 0xff, 0x80, 0x00, 0xe8, 0xff, 0x78, 0x00, 0xe8, 0xff,
    0x80, 0x00, 0xe0, 0xff, 0x80, 0x00, 0xe8, 0xff, 0x80, 0x00, 0xe8, 0xff,
    0x80, 0x00, 0xe8, 0xff, 0x80, 0x00, 0xe8, 0xff, 0x78, 0x00, 0xe0, 0xff,
    0x80, 0x00, 0xe8, 0xff, 0x80, 0x00, 0xe8, 0xff, 0x80, 0x00, 0xe0, 0xff,
    0x80, 0x00, 0xe0, 0xff, 0x80, 0x00, 0xe8, 0xff, 0x78, 0x00, 0xe8, 0xff,
    0x80, 0x00, 0xe8, 0xff, 0x80, 0x00, 0xe8, 0xff, 0x78, 0x00, 0xe0, 0xff,
    0x80, 0x00, 0xe8, 0xff, 0x80, 0x00, 0xe8, 0xff, 0x78, 0x00, 0xe8, 0xff,
    0x80, 0x00, 0xe0, 0xff, 0x80, 0x00, 0xe8, 0xff, 0x80, 0x00, 0xe8, 0xff,
    0x80, 0x00, 0xe0, 0xff, 0x80, 0x00, 0xe8, 0xff, 0x80, 0x00, 0xe8, 0xff,
    0x78, 0x00, 0xe8, 0xff, 0x80, 0x00, 0xe0, 0xff, 0x80, 0x00, 0xe8, 0xff,
    0x80, 0x00, 0xe8, 0xff, 0x78, 0x00, 0xe0, 0xff, 0x80, 0x00, 0xe8, 0xff,
    0x80, 0x00, 0xe8, 0xff, 0x78, 0x00, 0xe0, 0xff, 0x78, 0x00, 0xe8, 0xff,
    0x80, 0x00, 0xe8, 0xff, 0x80, 0x00, 0xe8, 0xff, 0x80, 0x00, 0xe8, 0xff,
    0x80, 0x00, 0xe8, 0xff, 0x80, 0x00, 0xe8, 0xff, 0x78, 0x00, 0xe0, 0xff,
    0x80, 0x00, 0xe8, 0xff, 0x80, 0x00, 0xe8, 0xff, 0x80, 0x00, 0xe8, 0xff,
    0x78, 0x00, 0xe8, 0xff, 0x80, 0x00, 0xe0, 0xff, 0x80, 0x00, 0xe8, 0xff,
    0x80, 0x00, 0xe8, 0xff, 0x80, 0x00, 0xe0, 0xff, 0x80, 0x00, 0xe0, 0xff,
    0x80, 0x00, 0xe8, 0xff, 0x80, 0x00, 0xe8, 0xff, 0x80, 0x00, 0xe8, 0xff,
    0x78, 0x00, 0xe8, 0xff, 0x80, 0x00, 0xe8, 0xff, 0x78, 0x00, 0xe8, 0xff,
    0x80, 0x00, 0xe8, 0xff, 0x80, 0x00, 0xe0, 0xff, 0x78, 0x00, 0xe8, 0xff,
    0x80, 0x00, 0xe8, 0xff, 0x80, 0x00, 0xe8, 0xff, 0x78, 0x00, 0xe8, 0xff,
    0x78, 0x00, 0xe0, 0xff, 0x80, 0x00, 0xe8, 0xff, 0x80, 0x00, 0xe0, 0xff,
    0x78, 0x00, 0xe8, 0xff, 0x80, 0x00, 0xe8, 0xff, 0x80, 0x00, 0xe8, 0xff,
    0x80, 0x00, 0xe8, 0xff, 0x80, 0x00, 0xe8, 0xff, 0x80, 0x00, 0xe8, 0xff,
    0x78, 0x00, 0xe8, 0xff, 0x80, 0x00, 0xe0, 0xff, 0x78, 0x00, 0xe8, 0xff,
    0x80, 0x00, 0xe8, 0xff, 0x78, 0x00, 0xe0, 0xff, 0x80, 0x00, 0xe8, 0xff,
    0x80, 0x00, 0xe8, 0xff, 0x80, 0x00, 0xe8, 0xff, 0x78, 0x00, 0xe8, 0xff,
    0x80, 0x00, 0xe8, 0xff, 0x80, 0x00, 0xe8, 0xff, 0x78, 0x00, 0xe8, 0xff,
    0x80, 0x00, 0xe8, 0xff, 0x80, 0x00, 0xe0, 0xff, 0x78, 0x00, 0xe8, 0xff,
    0x80, 0x00, 0xe0, 0xff, 0x80, 0x00, 0xe8, 0xff, 0x80, 0x00, 0xe8, 0xff,
    0x80, 0x00, 0xe8, 0xff, 0x78, 0x00, 0xe8, 0xff, 0x80, 0x00, 0xe8, 0xff,
    0x80, 0x00, 0xe8, 0xff, 0x78, 0x00, 0xe8, 0xff, 0x80, 0x00, 0xe0, 0xff,
    0x80, 0x00, 0xe8, 0xff, 0x78, 0x00, 0xe8, 0xff, 0x80, 0x00, 0xe8, 0xff,
    0x80, 0x00, 0xe0, 0xff, 0x78, 0x00, 0xe8, 0xff, 0x78, 0x00, 0xe0, 0xff,
    0x80, 0x00, 0xe8, 0xff, 0x80, 0x00, 0xe8, 0xff, 0x78, 0x00, 0xe8, 0xff,
    0x80, 0x00, 0xe8, 0xff, 0x80, 0x00, 0xe0, 0xff, 0x80, 0x00, 0xe8, 0xff,
    0x78, 0x00, 0xe0, 0xff, 0x80, 0x00, 0xe8, 0xff, 0x80, 0x00, 0xe8, 0xff,
    0x80, 0x00, 0xe8, 0xff, 0x80, 0x00, 0xe8, 0xff, 0x80, 0x00, 0xe0, 0xff,
    0x78, 0x00, 0xe8, 0xff, 0x80, 0x00, 0xe8, 0xff, 0x80, 0x00, 0xe0, 0xff,
    0x80, 0x00, 0xe8, 0xff, 0x80, 0x00, 0xe0, 0xff, 0x78, 0x00, 0xe8, 0xff,
    0x80, 0x00, 0xe8, 0xff, 0x78, 0x00, 0xe8, 0xff, 0x78, 0x00, 0xe0, 0xff,
    0x80, 0x00, 0xe8, 0xff, 0x80, 0x00, 0xe8, 0xff, 0x80, 0x00, 0xe0, 0xff,
    0x78, 0x00, 0xe8, 0xff, 0x80, 0x00, 0xe8, 0xff, 0x80, 0x00, 0xe0, 0xff,
    0x78, 0x00, 0xe8, 0xff, 0x80, 0x00, 0xe8, 0xff, 0x80, 0x00, 0xe0, 0x8e,
    0x00, 0x00, 0x00, 0x00, 0x00, 0x00, 0x00, 0x00, 0x00, 0x00, 0x00, 0x00,
    0x00, 0x00, 0x00, 0x00, 0x00, 0x00, 0x00, 0x00, 0x00, 0x00, 0x00, 0x00,
    0x00, 0x00, 0x00, 0x00, 0x00, 0x00, 0x00, 0x00, 0x00, 0x00, 0x00, 0x00,
    0x00, 0x00, 0x00, 0x00, 0x00, 0x00, 0x00, 0x00, 0x00, 0x00, 0x00, 0x00,
    0x00, 0x00, 0x00, 0x00, 0x00, 0x00, 0x00, 0x00, 0x00, 0x00, 0x00, 0x00,
    0x00, 0x00, 0x00, 0x00, 0x00, 0x00, 0x00, 0x00, 0x00, 0x00, 0x00, 0x00,
    0x00, 0x00, 0x00, 0x00, 0x78, 0x00, 0xe0, 0x61, 0x80, 0x00, 0xe8, 0xdf,
    0x80, 0x00, 0xe8, 0xff, 0x80, 0x00, 0xe0, 0xff, 0x78, 0x00, 0xe8, 0xff,
    0x80, 0x00, 0xe8, 0xff, 0x78, 0x00, 0xe0, 0xff, 0x80, 0x00, 0xe8, 0xff,
    0x78, 0x00, 0xe8, 0xff, 0x80, 0x00, 0xe0, 0xff, 0x78, 0x00, 0xe8, 0xff,
    0x80, 0x00, 0xe0, 0xff, 0x80, 0x00, 0xe8, 0xff, 0x78, 0x00, 0xe8, 0xff,
    0x80, 0x00, 0xe8, 0xff, 0x80, 0x00, 0xe8, 0xff, 0x80, 0x00, 0xe0, 0xff,
    0x78, 0x00, 0xe8, 0xff, 0x80, 0x00, 0xe8, 0xff, 0x80, 0x00, 0xe8, 0xff,
    0x80, 0x00, 0xe8, 0xff, 0x80, 0x00, 0xe8, 0xff, 0x80, 0x00, 0xe8, 0xff,
    0x78, 0x00, 0xe0, 0xff, 0x80, 0x00, 0xe8, 0xff, 0x80, 0x00, 0xe8, 0xff,
    0x80, 0x00, 0xe8, 0xff, 0x80, 0x00, 0xe8, 0xff, 0x78, 0x00, 0xe0, 0xff,
    0x80, 0x00, 0xe8, 0xff, 0x80, 0x00, 0xe8, 0xff, 0x78, 0x00, 0xe0, 0xff,
    0x80, 0x00, 0xe8, 0xff, 0x80, 0x00, 0xe8, 0xff, 0x78, 0x00, 0xe8, 0xff,
    0x80, 0x00, 0xe8, 0xff, 0x80, 0x00, 0xe8, 0xff, 0x80, 0x00, 0xe0, 0xff,
    0x80, 0x00, 0xe8, 0xff, 0x80, 0x00, 0xe8, 0xff, 0x80, 0x00, 0xe0, 0xff,
    0x78, 0x00, 0xe8, 0xff, 0x80, 0x00, 0xe8, 0xff, 0x80, 0x00, 0xe0, 0xff,
    0x80, 0x00, 0xe8, 0xff, 0x78, 0x00, 0xe8, 0xff, 0x80, 0x00, 0xe8, 0xff,
    0x78, 0x00, 0xe8, 0xff, 0x80, 0x00, 0xe8, 0xff, 0x80, 0x00, 0xe0, 0xff,
    0x78, 0x00, 0xe8, 0xff, 0x80, 0x00, 0xe8, 0xff, 0x80, 0x00, 0xe8, 0xff,
    0x80, 0x00, 0xe0, 0xff, 0x80, 0x00, 0xe8, 0xff, 0x78, 0x00, 0xe8, 0xff,
    0x80, 0x00, 0xe8, 0xff, 0x80, 0x00, 0xe8, 0xff, 0x80, 0x00, 0xe8, 0xff,
    0x80, 0x00, 0xe8, 0xff, 0x78, 0x00, 0xe0, 0xff, 0x80, 0x00, 0xe8, 0xff,
    0x80, 0x00, 0xe8, 0xff, 0x80, 0x00, 0xe0, 0xff, 0x78, 0x00, 0xe8, 0xff,
    0x80, 0x00, 0xe8, 0xff, 0x80, 0x00, 0xe8, 0xff, 0x80, 0x00, 0xe0, 0xff,
    0x80, 0x00, 0xe8, 0xff, 0x78, 0x00, 0xe8, 0xff, 0x80, 0x00, 0xe8, 0xff,
    0x80, 0x00, 0xe0, 0xff, 0x78, 0x00, 0xe8, 0xff, 0x78, 0x00, 0xe8, 0xff,
    0x80, 0x00, 0xe8, 0xff, 0x78, 0x00, 0xe0, 0xff, 0x80, 0x00, 0xe8, 0xff,
    0x80, 0x00, 0xe8, 0xff, 0x80, 0x00, 0xe0, 0xff, 0x78, 0x00, 0xe8, 0xff,
    0x80, 0x00, 0xe8, 0xff, 0x80, 0x00, 0xe0, 0xff, 0x80, 0x00, 0xe8, 0xff,
    0x80, 0x00, 0xe8, 0xff, 0x78, 0x00, 0xe0, 0xff, 0x80, 0x00, 0xe8, 0xff,
    0x80, 0x00, 0xe8, 0xff, 0x80, 0x00, 0xe8, 0xff, 0x80, 0x00, 0xe0, 0xff,
    0x78, 0x00, 0xe8, 0xff, 0x80, 0x00, 0xe8, 0xff, 0x80, 0x00, 0xe0, 0xff,
    0x80, 0x00, 0xe8, 0xff, 0x80, 0x00, 0xe0, 0xff, 0x80, 0x00, 0xe0, 0xff,
    0x80, 0x00, 0xe8, 0xff, 0x80, 0x00, 0xe8, 0xff, 0x80, 0x00, 0xe8, 0xff,
    0x80, 0x00, 0xe8, 0xff, 0x78, 0x00, 0xe8, 0xff, 0x80, 0x00, 0xe8, 0xff,
    0x80, 0x00, 0xe0, 0xff, 0x78, 0x00, 0xe8, 0xff, 0x80, 0x00, 0xe8, 0xff,
    0x80, 0x00, 0xe0, 0xff, 0x80, 0x00, 0xe8, 0xff, 0x80, 0x00, 0xe8, 0xff,
    0x80, 0x00, 0xe0, 0xff, 0x80, 0x00, 0xe8, 0xff, 0x80, 0x00, 0xe8, 0xff,
    0x78, 0x00, 0xe8, 0xff, 0x80, 0x00, 0xe8, 0xff, 0x78, 0x00, 0xe0, 0xff,
    0x80, 0x00, 0xe8, 0xff, 0x80, 0x00, 0xe0, 0xff, 0x80, 0x00, 0xe8, 0xff,
    0x78, 0x00, 0xe0, 0xff, 0x80, 0x00, 0xe0, 0xff, 0x80, 0x00, 0xe8, 0xff,
    0x80, 0x00, 0xe8, 0xff, 0x80, 0x00, 0xe8, 0xff, 0x80, 0x00, 0xe8, 0xff,
    0x78, 0x00, 0xe8, 0xff, 0x80, 0x00, 0xe8, 0xff, 0x80, 0x00, 0xe8, 0xff,
    0x80, 0x00, 0xe8, 0xff, 0x80, 0x00, 0xe0, 0xff, 0x78, 0x00, 0xe0, 0xff,
    0x80, 0x00, 0xe8, 0xff, 0x80, 0x00, 0xe8, 0xff, 0x80, 0x00, 0xe8, 0xff,
    0x80, 0x00, 0xe8, 0xff, 0x80, 0x00, 0xe8, 0xff, 0x78, 0x00, 0xe0, 0xff,
    0x80, 0x00, 0xe8, 0xff, 0x80, 0x00, 0xe8, 0xff, 0x78, 0x00, 0xe0, 0xff,
    0x80, 0x00, 0xe8, 0xff, 0x80, 0x00, 0xe8, 0xff, 0x78, 0x00, 0xe8, 0xff,
    0x80, 0x00, 0xe8, 0xff, 0x80, 0x00, 0xe0, 0xff, 0x78, 0x00, 0xe8, 0xff,
    0x80, 0x00, 0xe8, 0xff, 0x80, 0x00, 0xe0, 0xff, 0x80, 0x00, 0xe8, 0xff,
    0x80, 0x00, 0xe8, 0xff, 0x80, 0x00, 0xe8, 0xff, 0x80, 0x00, 0xe0, 0xff,
    0x78, 0x00, 0xe8, 0xff, 0x80, 0x00, 0xe8, 0xff, 0x80, 0x00, 0xe8, 0xff,
    0x78, 0x00, 0xe8, 0xff, 0x80, 0x00, 0xe0, 0xef, 0x80, 0x00, 0xe8, 0x6d,
    0x00, 0x00, 0x00, 0x00, 0x00, 0x00, 0x00, 0x00, 0x00, 0x00, 0x00, 0x00,
    0x00, 0x00, 0x00, 0x00, 0x00, 0x00, 0x00, 0x00, 0x00, 0x00, 0x00, 0x00,
    0x00, 0x00, 0x00, 0x00, 0x00, 0x00, 0x00, 0x00, 0x00, 0x00, 0x00, 0x00,
    0x00, 0x00, 0x00, 0x00, 0x00, 0x00, 0x00, 0x00, 0x00, 0x00, 0x00, 0x00,
    0x00, 0x00, 0x00, 0x00, 0x00, 0x00, 0x00, 0x00, 0x00, 0x00, 0x00, 0x00,
    0x00, 0x00, 0x00, 0x00, 0x00, 0x00, 0x00, 0x00, 0x00, 0x00, 0x00, 0x00,
    0x00, 0x00, 0x00, 0x00, 0x00, 0x00, 0x00, 0x00, 0x00, 0x00, 0x00, 0x00,
    0x80, 0x00, 0xe8, 0x20, 0x78, 0x00, 0xe8, 0x9e, 0x80, 0x00, 0xe8, 0xff,
    0x80, 0x00, 0xe8, 0xff, 0x80, 0x00, 0xe0, 0xff, 0x80, 0x00, 0xe8, 0xff,
    0x78, 0x00, 0xe8, 0xff, 0x80, 0x00, 0xe8, 0xff, 0x80, 0x00, 0xe8, 0xff,
    0x80, 0x00, 0xe8, 0xff, 0x78, 0x00, 0xe8, 0xff, 0x80, 0x00, 0xe0, 0xff,
    0x80, 0x00, 0xe8, 0xff, 0x80, 0x00, 0xe8, 0xff, 0x80, 0x00, 0xe0, 0xff,
    0x78, 0x00, 0xe8, 0xff, 0x80, 0x00, 0xe8, 0xff, 0x80, 0x00, 0xe0, 0xff,
    0x78, 0x00, 0xe8, 0xff, 0x80, 0x00, 0xe8, 0xff, 0x80, 0x00, 0xe0, 0xff,
    0x78, 0x00, 0xe8, 0xff, 0x80, 0x00, 0xe8, 0xff, 0x80, 0x00, 0xe8, 0xff,
    0x78, 0x00, 0xe0, 0xff, 0x80, 0x00, 0xe8, 0xff, 0x80, 0x00, 0xe8, 0xff,
    0x78, 0x00, 0xe8, 0xff, 0x80, 0x00, 0xe0, 0xff, 0x80, 0x00, 0xe8, 0xff,
    0x80, 0x00, 0xe8, 0xff, 0x80, 0x00, 0xe8, 0xff, 0x80, 0x00, 0xe0, 0xff,
    0x78, 0x00, 0xe8, 0xff, 0x80, 0x00, 0xe8, 0xff, 0x78, 0x00, 0xe8, 0xff,
    0x78, 0x00, 0xe0, 0xff, 0x80, 0x00, 0xe8, 0xff, 0x80, 0x00, 0xe8, 0xff,
    0x78, 0x00, 0xe0, 0xff, 0x80, 0x00, 0xe8, 0xff, 0x80, 0x00, 0xe8, 0xff,
    0x80, 0x00, 0xe8, 0xff, 0x80, 0x00, 0xe0, 0xff, 0x80, 0x00, 0xe8, 0xff,
    0x80, 0x00, 0xe0, 0xff, 0x80, 0x00, 0xe8, 0xff, 0x78, 0x00, 0xe8, 0xff,
    0x80, 0x00, 0xe8, 0xff, 0x80, 0x00, 0xe0, 0xff, 0x80, 0x00, 0xe8, 0xff,
    0x78, 0x00, 0xe8, 0xff, 0x80, 0x00, 0xe8, 0xff, 0x80, 0x00, 0xe0, 0xff,
    0x80, 0x00, 0xe8, 0xff, 0x78, 0x00, 0xe8, 0xff, 0x80, 0x00, 0xe0, 0xff,
    0x80, 0x00, 0xe8, 0xff, 0x80, 0x00, 0xe8, 0xff, 0x80, 0x00, 0xe0, 0xff,
    0x78, 0x00, 0xe8, 0xff, 0x80, 0x00, 0xe8, 0xff, 0x80, 0x00, 0xe0, 0xff,
    0x80, 0x00, 0xe8, 0xff, 0x80, 0x00, 0xe8, 0xff, 0x78, 0x00, 0xe0, 0xff,
    0x80, 0x00, 0xe8, 0xff, 0x80, 0x00, 0xe8, 0xff, 0x80, 0x00, 0xe0, 0xff,
    0x78, 0x00, 0xe8, 0xff, 0x80, 0x00, 0xe8, 0xff, 0x80, 0x00, 0xe8, 0xff,
    0x80, 0x00, 0xe8, 0xff, 0x80, 0x00, 0xe8, 0xff, 0x78, 0x00, 0xe8, 0xff,
    0x80, 0x00, 0xe0, 0xff, 0x80, 0x00, 0xe8, 0xff, 0x80, 0x00, 0xe8, 0xff,
    0x80, 0x00, 0xe0, 0xff, 0x80, 0x00, 0xe8, 0xff, 0x78, 0x00, 0xe8, 0xff,
    0x80, 0x00, 0xe8, 0xff, 0x80, 0x00, 0xe8, 0xff, 0x80, 0x00, 0xe0, 0xff,
    0x80, 0x00, 0xe8, 0xff, 0x80, 0x00, 0xe8, 0xff, 0x80, 0x00, 0xe8, 0xff,
    0x78, 0x00, 0xe8, 0xff, 0x80, 0x00, 0xe8, 0xff, 0x80, 0x00, 0xe8, 0xff,
    0x78, 0x00, 0xe8, 0xff, 0x78, 0x00, 0xe8, 0xff, 0x80, 0x00, 0xe8, 0xff,
    0x78, 0x00, 0xe8, 0xff, 0x78, 0x00, 0xe0, 0xff, 0x80, 0x00, 0xe8, 0xff,
    0x80, 0x00, 0xe8, 0xff, 0x80, 0x00, 0xe0, 0xff, 0x80, 0x00, 0xe8, 0xff,
    0x80, 0x00, 0xe8, 0xff, 0x80, 0x00, 0xe8, 0xff, 0x78, 0x00, 0xe0, 0xff,
    0x80, 0x00, 0xe8, 0xff, 0x80, 0x00, 0xe8, 0xff, 0x78, 0x00, 0xe0, 0xff,
    0x80, 0x00, 0xe8, 0xff, 0x78, 0x00, 0xe8, 0xff, 0x80, 0x00, 0xe0, 0xff,
    0x80, 0x00, 0xe8, 0xff, 0x80, 0x00, 0xe8, 0xff, 0x80, 0x00, 0xe8, 0xff,
    0x80, 0x00, 0xe8, 0xff, 0x78, 0x00, 0xe0, 0xff, 0x80, 0x00, 0xe8, 0xff,
    0x80, 0x00, 0xe8, 0xff, 0x80, 0x00, 0xe8, 0xff, 0x78, 0x00, 0xe8, 0xff,
    0x80, 0x00, 0xe8, 0xff, 0x78, 0x00, 0xe0, 0xff, 0x80, 0x00, 0xe8, 0xff,
    0x80, 0x00, 0xe0, 0xff, 0x80, 0x00, 0xe8, 0xff, 0x80, 0x00, 0xe8, 0xff,
    0x80, 0x00, 0xe0, 0xff, 0x80, 0x00, 0xe8, 0xff, 0x80, 0x00, 0xe8, 0xff,
    0x80, 0x00, 0xe8, 0xff, 0x80, 0x00, 0xe8, 0xff, 0x78, 0x00, 0xe0, 0xff,
    0x80, 0x00, 0xe8, 0xff, 0x80, 0x00, 0xe8, 0xff, 0x78, 0x00, 0xe8, 0xff,
    0x80, 0x00, 0xe0, 0xff, 0x80, 0x00, 0xe8, 0xff, 0x78, 0x00, 0xe8, 0xff,
    0x80, 0x00, 0xe8, 0xff, 0x80, 0x00, 0xe8, 0xff, 0x80, 0x00, 0xe0, 0xff,
    0x80, 0x00, 0xe8, 0xff, 0x78, 0x00, 0xe8, 0xff, 0x80, 0x00, 0xe8, 0xff,
    0x80, 0x00, 0xe8, 0xff, 0x80, 0x00, 0xe8, 0xff, 0x80, 0x00, 0xe8, 0xff,
    0x80, 0x00, 0xe0, 0xff, 0x78, 0x00, 0xe8, 0xff, 0x80, 0x00, 0xe8, 0xff,
    0x80, 0x00, 0xe8, 0xff, 0x78, 0x00, 0xe8, 0xff, 0x80, 0x00, 0xe0, 0xff,
    0x80, 0x00, 0xe8, 0xff, 0x78, 0x00, 0xe8, 0xae, 0x80, 0x00, 0xe0, 0x20,
    0x00, 0x00, 0x00, 0x00, 0x00, 0x00, 0x00, 0x00, 0x00, 0x00, 0x00, 0x00,
    0x00, 0x00, 0x00, 0x00, 0x00, 0x00, 0x00, 0x00, 0x00, 0x00, 0x00, 0x00,
    0x00, 0x00, 0x00, 0x00, 0x00, 0x00, 0x00, 0x00, 0x00, 0x00, 0x00, 0x00,
    0x00, 0x00, 0x00, 0x00, 0x00, 0x00, 0x00, 0x00, 0x00, 0x00, 0x00, 0x00,
    0x00, 0x00, 0x00, 0x00, 0x00, 0x00, 0x00, 0x00, 0x00, 0x00, 0x00, 0x00,
    0x00, 0x00, 0x00, 0x00, 0x00, 0x00, 0x00, 0x00, 0x00, 0x00, 0x00, 0x00,
    0x00, 0x00, 0x00, 0x00, 0x00, 0x00, 0x00, 0x00, 0x00, 0x00, 0x00, 0x00,
    0x00, 0x00, 0x00, 0x00, 0x00, 0x00, 0x00, 0x00, 0x00, 0x00, 0x00, 0x00,
    0x80, 0x00, 0xe8, 0x20, 0x78, 0x00, 0xe8, 0x9e, 0x80, 0x00, 0xe8, 0xff,
    0x80, 0x00, 0xe8, 0xff, 0x80, 0x00, 0xe0, 0xff, 0x80, 0x00, 0xe8, 0xff,
    0x80, 0x00, 0xe8, 0xff, 0x80, 0x00, 0xe0, 0xff, 0x80, 0x00, 0xe8, 0xff,
    0x78, 0x00, 0xe8, 0xff, 0x80, 0x00, 0xe0, 0xff, 0x80, 0x00, 0xe8, 0xff,
    0x78, 0x00, 0xe8, 0xff, 0x80, 0x00, 0xe8, 0xff, 0x80, 0x00, 0xe8, 0xff,
    0x80, 0x00, 0xe0, 0xff, 0x78, 0x00, 0xe8, 0xff, 0x80, 0x00, 0xe8, 0xff,
    0x80, 0x00, 0xe0, 0xff, 0x78, 0x00, 0xe8, 0xff, 0x80, 0x00, 0xe8, 0xff,
    0x80, 0x00, 0xe0, 0xff, 0x78, 0x00, 0xe8, 0xff, 0x80, 0x00, 0xe8, 0xff,
    0x80, 0x00, 0xe0, 0xff, 0x80, 0x00, 0xe8, 0xff, 0x80, 0x00, 0xe8, 0xff,
    0x78, 0x00, 0xe8, 0xff, 0x80, 0x00, 0xe8, 0xff, 0x80, 0x00, 0xe0, 0xff,
    0x78, 0x00, 0xe8, 0xff, 0x80, 0x00, 0xe0, 0xff, 0x80, 0x00, 0xe8, 0xff,
    0x80, 0x00, 0xe8, 0xff, 0x80, 0x00, 0xe8, 0xff, 0x80, 0x00, 0xe8, 0xff,
    0x78, 0x00, 0xe8, 0xff, 0x80, 0x00, 0xe8, 0xff, 0x80, 0x00, 0xe8, 0xff,
    0x78, 0x00, 0xe8, 0xff, 0x80, 0x00, 0xe8, 0xff, 0x78, 0x00, 0xe8, 0xff,
    0x80, 0x00, 0xe8, 0xff, 0x80, 0x00, 0xe8, 0xff, 0x80, 0x00, 0xe0, 0xff,
    0x80, 0x00, 0xe8, 0xff, 0x78, 0x00, 0xe8, 0xff, 0x80, 0x00, 0xe8, 0xff,
    0x80, 0x00, 0xe0, 0xff, 0x78, 0x00, 0xe8, 0xff, 0x80, 0x00, 0xe8, 0xff,
    0x80, 0x00, 0xe8, 0xff, 0x78, 0x00, 0xe0, 0xff, 0x80, 0x00, 0xe8, 0xff,
    0x80, 0x00, 0xe8, 0xff, 0x78, 0x00, 0xe0, 0xff, 0x80, 0x00, 0xe8, 0xff,
    0x80, 0x00, 0xe8, 0xff, 0x78, 0x00, 0xe8, 0xff, 0x80, 0x00, 0xe8, 0xff,
    0x80, 0x00, 0xe8, 0xff, 0x78, 0x00, 0xe8, 0xff, 0x80, 0x00, 0xe8, 0xff,
    0x80, 0x00, 0xe8, 0xff, 0x78, 0x00, 0xe8, 0xff, 0x80, 0x00, 0xe8, 0xff,
    0x80, 0x00, 0xe8, 0xff, 0x80, 0x00, 0xe0, 0xff, 0x80, 0x00, 0xe8, 0xff,
    0x80, 0x00, 0xe0, 0xff, 0x80, 0x00, 0xe0, 0xff, 0x80, 0x00, 0xe8, 0xff,
    0x80, 0x00, 0xe8, 0xff, 0x78, 0x00, 0xe8, 0xff, 0x80, 0x00, 0xe8, 0xff,
    0x78, 0x00, 0xe8, 0xff, 0x80, 0x00, 0xe0, 0xff, 0x80, 0x00, 0xe8, 0xff,
    0x78, 0x00, 0xe8, 0xff, 0x80, 0x00, 0xe0, 0xff, 0x80, 0x00, 0xe8, 0xff,
    0x78, 0x00, 0xe8, 0xff, 0x78, 0x00, 0xe0, 0xff, 0x80, 0x00, 0xe8, 0xff,
    0x80, 0x00, 0xe0, 0xff, 0x78, 0x00, 0xe8, 0xff, 0x80, 0x00, 0xe0, 0xff,
    0x80, 0x00, 0xe8, 0xff, 0x80, 0x00, 0xe0, 0xff, 0x80, 0x00, 0xe8, 0xff,
    0x80, 0x00, 0xe8, 0xff, 0x80, 0x00, 0xe8, 0xff, 0x80, 0x00, 0xe8, 0xff,
    0x78, 0x00, 0xe0, 0xff, 0x80, 0x00, 0xe8, 0xff, 0x78, 0x00, 0xe8, 0xff,
    0x80, 0x00, 0xe0, 0xff, 0x80, 0x00, 0xe8, 0xff, 0x78, 0x00, 0xe8, 0xff,
    0x80, 0x00, 0xe8, 0xff, 0x80, 0x00, 0xe8, 0xff, 0x80, 0x00, 0xe8, 0xff,
    0x78, 0x00, 0xe0, 0xff, 0x80, 0x00, 0xe8, 0xff, 0x80, 0x00, 0xe8, 0xff,
    0x78, 0x00, 0xe8, 0xff, 0x80, 0x00, 0xe0, 0xff, 0x80, 0x00, 0xe8, 0xff,
    0x78, 0x00, 0xe8, 0xff, 0x80, 0x00, 0xe0, 0xff, 0x80, 0x00, 0xe8, 0xff,
    0x78, 0x00, 0xe8, 0xff, 0x80, 0x00, 0xe8, 0xff, 0x80, 0x00, 0xe8, 0xff,
    0x80, 0x00, 0xe8, 0xff, 0x80, 0x00, 0xe0, 0xff, 0x80, 0x00, 0xe8, 0xff,
    0x78, 0x00, 0xe8, 0xff, 0x80, 0x00, 0xe0, 0xff, 0x78, 0x00, 0xe8, 0xff,
    0x78, 0x00, 0xe8, 0xff, 0x80, 0x00, 0xe0, 0xff, 0x78, 0x00, 0xe8, 0xff,
    0x78, 0x00, 0xe8, 0xff, 0x80, 0x00, 0xe8, 0xff, 0x80, 0x00, 0xe0, 0xff,
    0x78, 0x00, 0xe8, 0xff, 0x80, 0x00, 0xe0, 0xff, 0x80, 0x00, 0xe8, 0xff,
    0x80, 0x00, 0xe8, 0xff, 0x80, 0x00, 0xe8, 0xff, 0x80, 0x00, 0xe0, 0xff,
    0x80, 0x00, 0xe8, 0xff, 0x80, 0x00, 0xe8, 0xff, 0x78, 0x00, 0xe0, 0xff,
    0x80, 0x00, 0xe8, 0xff, 0x80, 0x00, 0xe8, 0xff, 0x80, 0x00, 0xe0, 0xff,
    0x80, 0x00, 0xe8, 0xff, 0x78, 0x00, 0xe0, 0xff, 0x80, 0x00, 0xe8, 0xff,
    0x80, 0x00, 0xe8, 0xff, 0x78, 0x00, 0xe8, 0xff, 0x80, 0x00, 0xe0, 0xff,
    0x80, 0x00, 0xe8, 0xff, 0x80, 0x00, 0xe8, 0xff, 0x80, 0x00, 0xe0, 0xff,
    0x78, 0x00, 0xe8, 0xbe, 0x80, 0x00, 0xe8, 0x41, 0x00, 0x00, 0x00, 0x00,
    0x00, 0x00, 0x00, 0x00, 0x00, 0x00, 0x00, 0x00, 0x00, 0x00, 0x00, 0x00,
    0x00, 0x00, 0x00, 0x00, 0x00, 0x00, 0x00, 0x00, 0x00, 0x00, 0x00, 0x00,
    0x00, 0x00, 0x00, 0x00, 0x00, 0x00, 0x00, 0x00, 0x00, 0x00, 0x00, 0x00,
    0x00, 0x00, 0x00, 0x00, 0x00, 0x00, 0x00, 0x00, 0x00, 0x00, 0x00, 0x00,
    0x00, 0x00, 0x00, 0x00, 0x00, 0x00, 0x00, 0x00, 0x00, 0x00, 0x00, 0x00,
    0x00, 0x00, 0x00, 0x00, 0x00, 0x00, 0x00, 0x00, 0x00, 0x00, 0x00, 0x00,
    0x00, 0x00, 0x00, 0x00, 0x00, 0x00, 0x00, 0x00, 0x00, 0x00, 0x00, 0x00,
    0x00, 0x00, 0x00, 0x00, 0x00, 0x00, 0x00, 0x00, 0x00, 0x00, 0x00, 0x00,
    0x00, 0x00, 0x00, 0x00, 0x00, 0x00, 0x00, 0x00, 0x00, 0x00, 0x00, 0x00,
    0x80, 0x00, 0xe8, 0x20, 0x78, 0x00, 0xe0, 0x8e, 0x80, 0x00, 0xe8, 0xdf,
    0x78, 0x00, 0xe8, 0xff, 0x78, 0x00, 0xe0, 0xff, 0x80, 0x00, 0xe8, 0xff,
    0x80, 0x00, 0xe8, 0xff, 0x80, 0x00, 0xe8, 0xff, 0x78, 0x00, 0xe8, 0xff,
    0x80, 0x00, 0xe0, 0xff, 0x80, 0x00, 0xe8, 0xff, 0x80, 0x00, 0xe8, 0xff,
    0x80, 0x00, 0xe0, 0xff, 0x78, 0x00, 0xe8, 0xff, 0x80, 0x00, 0xe8, 0xff,
    0x80, 0x00, 0xe8, 0xff, 0x80, 0x00, 0xe8, 0xff, 0x80, 0x00, 0xe8, 0xff,
    0x80, 0x00, 0xe8, 0xff, 0x80, 0x00, 0xe8, 0xff, 0x80, 0x00, 0xe8, 0xff,
    0x80, 0x00, 0xe8, 0xff, 0x78, 0x00, 0xe0, 0xff, 0x80, 0x00, 0xe8, 0xff,
    0x80, 0x00, 0xe8, 0xff, 0x78, 0x00, 0xe0, 0xff, 0x80, 0x00, 0xe8, 0xff,
    0x80, 0x00, 0xe8, 0xff, 0x80, 0x00, 0xe8, 0xff, 0x80, 0x00, 0xe8, 0xff,
    0x80, 0x00, 0xe0, 0xff, 0x80, 0x00, 0xe8, 0xff, 0x80, 0x00, 0xe0, 0xff,
    0x80, 0x00, 0xe8, 0xff, 0x80, 0x00, 0xe0, 0xff, 0x80, 0x00, 0xe8, 0xff,
    0x80, 0x00, 0xe0, 0xff, 0x80, 0x00, 0xe0, 0xff, 0x80, 0x00, 0xe8, 0xff,
    0x78, 0x00, 0xe8, 0xff, 0x80, 0x00, 0xe0, 0xff, 0x78, 0x00, 0xe8, 0xff,
    0x80, 0x00, 0xe8, 0xff, 0x80, 0x00, 0xe0, 0xff, 0x78, 0x00, 0xe8, 0xff,
    0x80, 0x00, 0xe8, 0xff, 0x80, 0x00, 0xe8, 0xff, 0x80, 0x00, 0xe0, 0xff,
    0x80, 0x00, 0xe8, 0xff, 0x78, 0x00, 0xe8, 0xff, 0x80, 0x00, 0xe8, 0xff,
    0x80, 0x00, 0xe8, 0xff, 0x80, 0x00, 0xe8, 0xff, 0x78, 0x00, 0xe8, 0xff,
    0x80, 0x00, 0xe0, 0xff, 0x80, 0x00, 0xe8, 0xff, 0x80, 0x00, 0xe8, 0xff,
    0x80, 0x00, 0xe0, 0xff, 0x78, 0x00, 0xe8, 0xff, 0x80, 0x00, 0xe0, 0xff,
    0x80, 0x00, 0xe8, 0xff, 0x80, 0x00, 0xe0, 0xff, 0x80, 0x00, 0xe8, 0xff,
    0x78, 0x00, 0xe8, 0xff, 0x80, 0x00, 0xe0, 0xff, 0x78, 0x00, 0xe8, 0xff,
    0x80, 0x00, 0xe8, 0xff, 0x78, 0x00, 0xe8, 0xff, 0x78, 0x00, 0xe8, 0xff,
    0x80, 0x00, 0xe8, 0xff, 0x80, 0x00, 0xe0, 0xff, 0x80, 0x00, 0xe8, 0xff,
    0x80, 0x00, 0xe8, 0xff, 0x78, 0x00, 0xe0, 0xff, 0x80, 0x00, 0xe8, 0xff,
    0x80, 0x00, 0xe8, 0xff, 0x80, 0x00, 0xe8, 0xff, 0x78, 0x00, 0xe0, 0xff,
    0x80, 0x00, 0xe8, 0xff, 0x80, 0x00, 0xe8, 0xff, 0x80, 0x00, 0xe8, 0xff,
    0x80, 0x00, 0xe8, 0xff, 0x80, 0x00, 0xe8, 0xff, 0x80, 0x00, 0xe0, 0xff,
    0x80, 0x00, 0xe8, 0xff, 0x80, 0x00, 0xe8, 0xff, 0x78, 0x00, 0xe8, 0xff,
    0x80, 0x00, 0xe0, 0xff, 0x80, 0x00, 0xe8, 0xff, 0x80, 0x00, 0xe8, 0xff,
    0x80, 0x00, 0xe0, 0xff, 0x80, 0x00, 0xe8, 0xff, 0x80, 0x00, 0xe8, 0xff,
    0x78, 0x00, 0xe8, 0xff, 0x80, 0x00, 0xe8, 0xff, 0x80, 0x00, 0xe0, 0xff,
    0x80, 0x00, 0xe8, 0xff, 0x80, 0x00, 0xe0, 0xff, 0x80, 0x00, 0xe8, 0xff,
    0x78, 0x00, 0xe8, 0xff, 0x80, 0x00, 0xe8, 0xff, 0x80, 0x00, 0xe8, 0xff,
    0x80, 0x00, 0xe8, 0xff, 0x80, 0x00, 0xe8, 0xff, 0x78, 0x00, 0xe0, 0xff,
    0x80, 0x00, 0xe8, 0xff, 0x80, 0x00, 0xe8, 0xff, 0x80, 0x00, 0xe8, 0xff,
    0x80, 0x00, 0xe8, 0xff, 0x80, 0x00, 0xe0, 0xff, 0x78, 0x00, 0xe0, 0xff,
    0x80, 0x00, 0xe8, 0xff, 0x80, 0x00, 0xe8, 0xff, 0x78, 0x00, 0xe8, 0xff,
    0x80, 0x00, 0xe8, 0xff, 0x80, 0x00, 0xe8, 0xff, 0x80, 0x00, 0xe8, 0xff,
    0x80, 0x00, 0xe8, 0xff, 0x80, 0x00, 0xe8, 0xff, 0x80, 0x00, 0xe8, 0xff,
    0x80, 0x00, 0xe8, 0xff, 0x80, 0x00, 0xe0, 0xff, 0x80, 0x00, 0xe8, 0xff,
    0x80, 0x00, 0xe8, 0xff, 0x80, 0x00, 0xe8, 0xff, 0x78, 0x00, 0xe8, 0xff,
    0x80, 0x00, 0xe0, 0xff, 0x78, 0x00, 0xe8, 0xff, 0x80, 0x00, 0xe8, 0xff,
    0x78, 0x00, 0xe8, 0xff, 0x80, 0x00, 0xe0, 0xff, 0x80, 0x00, 0xe8, 0xff,
    0x78, 0x00, 0xe8, 0xff, 0x80, 0x00, 0xe8, 0xff, 0x80, 0x00, 0xe8, 0xff,
    0x78, 0x00, 0xe8, 0xff, 0x80, 0x00, 0xe0, 0xff, 0x80, 0x00, 0xe8, 0xff,
    0x78, 0x00, 0xe8, 0xff, 0x80, 0x00, 0xe0, 0xff, 0x80, 0x00, 0xe8, 0xff,
    0x80, 0x00, 0xe8, 0xff, 0x78, 0x00, 0xe8, 0xdf, 0x80, 0x00, 0xe0, 0x7d,
    0x80, 0x00, 0xe0, 0x10, 0x00, 0x00, 0x00, 0x00, 0x00, 0x00, 0x00, 0x00,
    0x00, 0x00, 0x00, 0x00, 0x00, 0x00, 0x00, 0x00, 0x00, 0x00, 0x00, 0x00,
    0x00, 0x00, 0x00, 0x00, 0x00, 0x00, 0x00, 0x00, 0x00, 0x00, 0x00, 0x00,
    0x00, 0x00, 0x00, 0x00, 0x00, 0x00, 0x00, 0x00, 0x00, 0x00, 0x00, 0x00,
    0x00, 0x00, 0x00, 0x00, 0x00, 0x00, 0x00, 0x00, 0x00, 0x00, 0x00, 0x00,
    0x00, 0x00, 0x00, 0x00, 0x00, 0x00, 0x00, 0x00, 0x00, 0x00, 0x00, 0x00,
    0x00, 0x00, 0x00, 0x00, 0x00, 0x00, 0x00, 0x00, 0x00, 0x00, 0x00, 0x00,
    0x00, 0x00, 0x00, 0x00, 0x00, 0x00, 0x00, 0x00, 0x00, 0x00, 0x00, 0x00,
    0x00, 0x00, 0x00, 0x00, 0x00, 0x00, 0x00, 0x00, 0x00, 0x00, 0x00, 0x00,
    0x00, 0x00, 0x00, 0x00, 0x00, 0x00, 0x00, 0x00, 0x00, 0x00, 0x00, 0x00,
    0x00, 0x00, 0x00, 0x00, 0x00, 0x00, 0x00, 0x00, 0x00, 0x00, 0x00, 0x00,
    0x00, 0x00, 0x00, 0x00, 0x80, 0x00, 0xe8, 0x20, 0x78, 0x00, 0xe0, 0x61,
    0x80, 0x00, 0xe8, 0x8e, 0x80, 0x00, 0xe8, 0xbe, 0x80, 0x00, 0xe0, 0xdf,
    0x80, 0x00, 0xe8, 0xff, 0x78, 0x00, 0xe8, 0xff, 0x80, 0x00, 0xe8, 0xff,
    0x80, 0x00, 0xe0, 0xff, 0x78, 0x00, 0xe8, 0xff, 0x80, 0x00, 0xe8, 0xff,
    0x80, 0x00, 0xe0, 0xff, 0x78, 0x00, 0xe8, 0xff, 0x80, 0x00, 0xe8, 0xff,
    0x80, 0x00, 0xe0, 0xff, 0x78, 0x00, 0xe8, 0xff, 0x80, 0x00, 0xe0, 0xff,
    0x80, 0x00, 0xe8, 0xff, 0x78, 0x00, 0xe8, 0xff, 0x80, 0x00, 0xe8, 0xff,
    0x80, 0x00, 0xe8, 0xff, 0x80, 0x00, 0xe0, 0xff, 0x80, 0x00, 0xe8, 0xff,
    0x78, 0x00, 0xe8, 0xff, 0x80, 0x00, 0xe0, 0xff, 0x78, 0x00, 0xe8, 0xff,
    0x80, 0x00, 0xe8, 0xff, 0x78, 0x00, 0xe8, 0xff, 0x78, 0x00, 0xe8, 0xff,
    0x80, 0x00, 0xe8, 0xff, 0x78, 0x00, 0xe0, 0xff, 0x80, 0x00, 0xe8, 0xff,
    0x78, 0x00, 0xe8, 0xff, 0x80, 0x00, 0xe8, 0xff, 0x80, 0x00, 0xe8, 0xff,
    0x80, 0x00, 0xe8, 0xff, 0x80, 0x00, 0xe0, 0xff, 0x80, 0x00, 0xe8, 0xff,
    0x80, 0x00, 0xe8, 0xff, 0x78, 0x00, 0xe8, 0xff, 0x80, 0x00, 0xe8, 0xff,
    0x80, 0x00, 0xe0, 0xff, 0x80, 0x00, 0xe8, 0xff, 0x78, 0x00, 0xe8, 0xff,
    0x80, 0x00, 0xe8, 0xff, 0x80, 0x00, 0xe0, 0xff, 0x80, 0x00, 0xe8, 0xff,
    0x80, 0x00, 0xe8, 0xff, 0x80, 0x00, 0xe0, 0xff, 0x78, 0x00, 0xe8, 0xff,
    0x80, 0x00, 0xe8, 0xff, 0x80, 0x00, 0xe8, 0xff, 0x78, 0x00, 0xe0, 0xff,
    0x80, 0x00, 0xe8, 0xff, 0x80, 0x00, 0xe8, 0xff, 0x80, 0x00, 0xe0, 0xff,
    0x78, 0x00, 0xe8, 0xff, 0x80, 0x00, 0xe8, 0xff, 0x80, 0x00, 0xe0, 0xff,
    0x78, 0x00, 0xe8, 0xff, 0x80, 0x00, 0xe8, 0xff, 0x80, 0x00, 0xe8, 0xff,
    0x80, 0x00, 0xe8, 0xff, 0x80, 0x00, 0xe8, 0xff, 0x80, 0x00, 0xe8, 0xff,
    0x80, 0x00, 0xe8, 0xff, 0x78, 0x00, 0xe0, 0xff, 0x80, 0x00, 0xe8, 0xff,
    0x80, 0x00, 0xe8, 0xff, 0x80, 0x00, 0xe0, 0xff, 0x80, 0x00, 0xe8, 0xff,
    0x78, 0x00, 0xe8, 0xff, 0x80, 0x00, 0xe8, 0xff, 0x80, 0x00, 0xe0, 0xff,
    0x80, 0x00, 0xe8, 0xff, 0x80, 0x00, 0xe8, 0xff, 0x80, 0x00, 0xe8, 0xff,
    0x78, 0x00, 0xe0, 0xff, 0x80, 0x00, 0xe8, 0xff, 0x78, 0x00, 0xe8, 0xff,
    0x80, 0x00, 0xe8, 0xff, 0x80, 0x00, 0xe8, 0xff, 0x78, 0x00, 0xe8, 0xff,
    0x80, 0x00, 0xe8, 0xff, 0x80, 0x00, 0xe0, 0xff, 0x78, 0x00, 0xe8, 0xff,
    0x78, 0x00, 0xe8, 0xff, 0x80, 0x00, 0xe8, 0xff, 0x80, 0x00, 0xe8, 0xff,
    0x80, 0x00, 0xe0, 0xff, 0x80, 0x00, 0xe8, 0xff, 0x78, 0x00, 0xe8, 0xff,
    0x80, 0x00, 0xe8, 0xff, 0x78, 0x00, 0xe8, 0xff, 0x80, 0x00, 0xe0, 0xff,
    0x80, 0x00, 0xe8, 0xff, 0x80, 0x00, 0xe8, 0xff, 0x80, 0x00, 0xe0, 0xff,
    0x78, 0x00, 0xe0, 0xff, 0x80, 0x00, 0xe8, 0xff, 0x80, 0x00, 0xe8, 0xff,
    0x80, 0x00, 0xe8, 0xff, 0x78, 0x00, 0xe0, 0xff, 0x80, 0x00, 0xe8, 0xff,
    0x78, 0x00, 0xe8, 0xff, 0x80, 0x00, 0xe8, 0xff, 0x80, 0x00, 0xe8, 0xff,
    0x80, 0x00, 0xe8, 0xff, 0x78, 0x00, 0xe0, 0xff, 0x80, 0x00, 0xe8, 0xff,
    0x80, 0x00, 0xe0, 0xff, 0x78, 0x00, 0xe8, 0xff, 0x80, 0x00, 0xe0, 0xff,
    0x80, 0x00, 0xe8, 0xff, 0x80, 0x00, 0xe0, 0xff, 0x78, 0x00, 0xe8, 0xff,
    0x80, 0x00, 0xe8, 0xff, 0x80, 0x00, 0xe0, 0xff, 0x78, 0x00, 0xe8, 0xff,
    0x80, 0x00, 0xe8, 0xff, 0x80, 0x00, 0xe8, 0xff, 0x78, 0x00, 0xe8, 0xff,
    0x80, 0x00, 0xe8, 0xff, 0x80, 0x00, 0xe0, 0xff, 0x80, 0x00, 0xe8, 0xff,
    0x80, 0x00, 0xe8, 0xff, 0x78, 0x00, 0xe8, 0xff, 0x80, 0x00, 0xe8, 0xff,
    0x80, 0x00, 0xe0, 0xff, 0x80, 0x00, 0xe8, 0xff, 0x80, 0x00, 0xe0, 0xff,
    0x78, 0x00, 0xe8, 0xff, 0x80, 0x00, 0xe8, 0xff, 0x80, 0x00, 0xe8, 0xef,
    0x80, 0x00, 0xe8, 0xdf, 0x80, 0x00, 0xe8, 0xcf, 0x78, 0x00, 0xe8, 0x8e,
    0x80, 0x00, 0xe8, 0x5d, 0x80, 0x00, 0xe8, 0x20, 0x00, 0x00, 0x00, 0x00,
    0x00, 0x00, 0x00, 0x00, 0x00, 0x00, 0x00, 0x00, 0x00, 0x00, 0x00, 0x00,
    0x00, 0x00, 0x00, 0x00, 0x00, 0x00, 0x00, 0x00, 0x00, 0x00, 0x00, 0x00,
    0x00, 0x00, 0x00, 0x00, 0x00, 0x00, 0x00, 0x00, 0x00, 0x00, 0x00, 0x00,
    0x00, 0x00, 0x00, 0x00, 0x00, 0x00, 0x00, 0x00, 0x00, 0x00, 0x00, 0x00,
    0x00, 0x00, 0x00, 0x00, 0x00, 0x00, 0x00, 0x00, 0x00, 0x00, 0x00, 0x00,
    0x00, 0x00, 0x00, 0x00, 0x00, 0x00, 0x00, 0x00
};
