// 4.25.0 0x3061da0f D2 AY R0 FARGB8888 U565 N0 SExtFlashSection
// Generated by imageconverter. Please, do not edit!

#include <touchgfx/hal/Config.hpp>

LOCATION_PRAGMA("ExtFlashSection")
KEEP extern const unsigned char image_dark_theme_images_widgets_togglebutton_medium_round_text_off_normal[] LOCATION_ATTRIBUTE("ExtFlashSection") = { // 138x50 ARGB8888 pixels.
    0x00, 0x00, 0x00, 0x00, 0x00, 0x00, 0x00, 0x00, 0x00, 0x00, 0x00, 0x00,
    0x00, 0x00, 0x00, 0x00, 0x00, 0x00, 0x00, 0x00, 0x00, 0x00, 0x00, 0x00,
    0x00, 0x00, 0x00, 0x00, 0x00, 0x00, 0x00, 0x00, 0x00, 0x00, 0x00, 0x00,
    0x00, 0x00, 0x00, 0x00, 0x00, 0x00, 0x00, 0x00, 0x00, 0x00, 0x00, 0x00,
    0x00, 0x00, 0x00, 0x00, 0x00, 0x00, 0x00, 0x00, 0x00, 0x00, 0x00, 0x00,
    0x00, 0x00, 0x00, 0x00, 0x00, 0x00, 0x00, 0x00, 0x00, 0x00, 0x00, 0x00,
    0x70, 0x68, 0x68, 0x20, 0x70, 0x68, 0x60, 0x61, 0x70, 0x68, 0x60, 0x8e,
    0x70, 0x68, 0x60, 0xcf, 0x70, 0x68, 0x60, 0xdf, 0x70, 0x68, 0x60, 0xef,
    0x70, 0x68, 0x60, 0xff, 0x70, 0x68, 0x60, 0xff, 0x70, 0x68, 0x60, 0xff,
    0x70, 0x68, 0x60, 0xff, 0x70, 0x68, 0x60, 0xff, 0x70, 0x68, 0x60, 0xff,
    0x70, 0x68, 0x60, 0xff, 0x70, 0x68, 0x60, 0xff, 0x70, 0x68, 0x60, 0xff,
    0x70, 0x68, 0x60, 0xff, 0x70, 0x68, 0x60, 0xff, 0x70, 0x68, 0x60, 0xff,
    0x70, 0x68, 0x60, 0xff, 0x70, 0x68, 0x60, 0xff, 0x70, 0x68, 0x60, 0xff,
    0x70, 0x68, 0x60, 0xff, 0x70, 0x68, 0x60, 0xff, 0x70, 0x68, 0x60, 0xff,
    0x70, 0x68, 0x60, 0xff, 0x70, 0x68, 0x60, 0xff, 0x70, 0x68, 0x60, 0xff,
    0x70, 0x68, 0x60, 0xff, 0x70, 0x68, 0x60, 0xff, 0x70, 0x68, 0x60, 0xff,
    0x70, 0x68, 0x60, 0xff, 0x70, 0x68, 0x60, 0xff, 0x70, 0x68, 0x60, 0xff,
    0x70, 0x68, 0x60, 0xff, 0x70, 0x68, 0x60, 0xff, 0x70, 0x68, 0x60, 0xff,
    0x70, 0x68, 0x60, 0xff, 0x70, 0x68, 0x60, 0xff, 0x70, 0x68, 0x60, 0xff,
    0x70, 0x68, 0x60, 0xff, 0x70, 0x68, 0x60, 0xff, 0x70, 0x68, 0x60, 0xff,
    0x70, 0x68, 0x60, 0xff, 0x70, 0x68, 0x60, 0xff, 0x70, 0x68, 0x60, 0xff,
    0x70, 0x68, 0x60, 0xff, 0x70, 0x68, 0x60, 0xff, 0x70, 0x68, 0x60, 0xff,
    0x70, 0x68, 0x60, 0xff, 0x70, 0x68, 0x60, 0xff, 0x70, 0x68, 0x60, 0xff,
    0x70, 0x68, 0x60, 0xff, 0x70, 0x68, 0x60, 0xff, 0x70, 0x68, 0x60, 0xff,
    0x70, 0x68, 0x60, 0xff, 0x70, 0x68, 0x60, 0xff, 0x70, 0x68, 0x60, 0xff,
    0x70, 0x68, 0x60, 0xff, 0x70, 0x68, 0x60, 0xff, 0x70, 0x68, 0x60, 0xff,
    0x70, 0x68, 0x60, 0xff, 0x70, 0x68, 0x60, 0xff, 0x70, 0x68, 0x60, 0xff,
    0x70, 0x68, 0x60, 0xff, 0x70, 0x68, 0x60, 0xff, 0x70, 0x68, 0x60, 0xff,
    0x70, 0x68, 0x60, 0xff, 0x70, 0x68, 0x60, 0xff, 0x70, 0x68, 0x60, 0xff,
    0x70, 0x68, 0x60, 0xff, 0x70, 0x68, 0x60, 0xff, 0x70, 0x68, 0x60, 0xff,
    0x70, 0x68, 0x60, 0xff, 0x70, 0x68, 0x60, 0xff, 0x70, 0x68, 0x60, 0xff,
    0x70, 0x68, 0x60, 0xff, 0x70, 0x68, 0x60, 0xff, 0x70, 0x68, 0x60, 0xff,
    0x70, 0x68, 0x60, 0xff, 0x70, 0x68, 0x60, 0xff, 0x70, 0x68, 0x60, 0xff,
    0x70, 0x68, 0x60, 0xff, 0x70, 0x68, 0x60, 0xff, 0x70, 0x68, 0x60, 0xff,
    0x70, 0x68, 0x60, 0xff, 0x70, 0x68, 0x60, 0xff, 0x70, 0x68, 0x60, 0xff,
    0x70, 0x68, 0x60, 0xff, 0x70, 0x68, 0x60, 0xff, 0x70, 0x68, 0x60, 0xff,
    0x70, 0x68, 0x60, 0xff, 0x70, 0x68, 0x60, 0xff, 0x70, 0x68, 0x60, 0xff,
    0x70, 0x68, 0x60, 0xff, 0x70, 0x68, 0x60, 0xff, 0x70, 0x68, 0x60, 0xff,
    0x70, 0x68, 0x60, 0xff, 0x70, 0x68, 0x60, 0xdf, 0x70, 0x68, 0x60, 0xbe,
    0x70, 0x68, 0x68, 0x8e, 0x70, 0x68, 0x60, 0x5d, 0x70, 0x68, 0x68, 0x20,
    0x00, 0x00, 0x00, 0x00, 0x00, 0x00, 0x00, 0x00, 0x00, 0x00, 0x00, 0x00,
    0x00, 0x00, 0x00, 0x00, 0x00, 0x00, 0x00, 0x00, 0x00, 0x00, 0x00, 0x00,
    0x00, 0x00, 0x00, 0x00, 0x00, 0x00, 0x00, 0x00, 0x00, 0x00, 0x00, 0x00,
    0x00, 0x00, 0x00, 0x00, 0x00, 0x00, 0x00, 0x00, 0x00, 0x00, 0x00, 0x00,
    0x00, 0x00, 0x00, 0x00, 0x00, 0x00, 0x00, 0x00, 0x00, 0x00, 0x00, 0x00,
    0x00, 0x00, 0x00, 0x00, 0x00, 0x00, 0x00, 0x00, 0x00, 0x00, 0x00, 0x00,
    0x00, 0x00, 0x00, 0x00, 0x00, 0x00, 0x00, 0x00, 0x00, 0x00, 0x00, 0x00,
    0x00, 0x00, 0x00, 0x00, 0x00, 0x00, 0x00, 0x00, 0x00, 0x00, 0x00, 0x00,
    0x00, 0x00, 0x00, 0x00, 0x00, 0x00, 0x00, 0x00, 0x00, 0x00, 0x00, 0x00,
    0x00, 0x00, 0x00, 0x00, 0x00, 0x00, 0x00, 0x00, 0x00, 0x00, 0x00, 0x00,
    0x00, 0x00, 0x00, 0x00, 0x00, 0x00, 0x00, 0x00, 0x00, 0x00, 0x00, 0x00,
    0x70, 0x70, 0x70, 0x10, 0x70, 0x68, 0x60, 0x82, 0x70, 0x68, 0x60, 0xdf,
    0x70, 0x68, 0x60, 0xff, 0x70, 0x68, 0x68, 0xff, 0x70, 0x68, 0x60, 0xff,
    0x70, 0x68, 0x68, 0xff, 0x70, 0x68, 0x68, 0xff, 0x70, 0x68, 0x60, 0xff,
    0x70, 0x68, 0x68, 0xff, 0x70, 0x68, 0x68, 0xff, 0x70, 0x68, 0x60, 0xff,
    0x70, 0x68, 0x68, 0xff, 0x70, 0x68, 0x68, 0xff, 0x70, 0x68, 0x60, 0xff,
    0x70, 0x68, 0x68, 0xff, 0x70, 0x68, 0x68, 0xff, 0x70, 0x68, 0x60, 0xff,
    0x70, 0x68, 0x68, 0xff, 0x70, 0x68, 0x68, 0xff, 0x70, 0x68, 0x60, 0xff,
    0x70, 0x68, 0x68, 0xff, 0x70, 0x68, 0x68, 0xff, 0x70, 0x68, 0x60, 0xff,
    0x70, 0x68, 0x68, 0xff, 0x70, 0x68, 0x68, 0xff, 0x70, 0x68, 0x60, 0xff,
    0x70, 0x68, 0x68, 0xff, 0x70, 0x68, 0x68, 0xff, 0x70, 0x68, 0x60, 0xff,
    0x70, 0x68, 0x68, 0xff, 0x70, 0x68, 0x68, 0xff, 0x70, 0x68, 0x60, 0xff,
    0x70, 0x68, 0x68, 0xff, 0x70, 0x68, 0x68, 0xff, 0x70, 0x68, 0x60, 0xff,
    0x70, 0x68, 0x68, 0xff, 0x70, 0x68, 0x68, 0xff, 0x70, 0x68, 0x60, 0xff,
    0x70, 0x68, 0x68, 0xff, 0x70, 0x68, 0x68, 0xff, 0x70, 0x68, 0x60, 0xff,
    0x70, 0x68, 0x68, 0xff, 0x70, 0x68, 0x68, 0xff, 0x70, 0x68, 0x60, 0xff,
    0x70, 0x68, 0x68, 0xff, 0x70, 0x68, 0x68, 0xff, 0x70, 0x68, 0x60, 0xff,
    0x70, 0x68, 0x68, 0xff, 0x70, 0x68, 0x68, 0xff, 0x70, 0x68, 0x60, 0xff,
    0x70, 0x68, 0x68, 0xff, 0x70, 0x68, 0x68, 0xff, 0x70, 0x68, 0x60, 0xff,
    0x70, 0x68, 0x68, 0xff, 0x70, 0x68, 0x68, 0xff, 0x70, 0x68, 0x60, 0xff,
    0x70, 0x68, 0x68, 0xff, 0x70, 0x68, 0x68, 0xff, 0x70, 0x68, 0x60, 0xff,
    0x70, 0x68, 0x68, 0xff, 0x70, 0x68, 0x68, 0xff, 0x70, 0x68, 0x60, 0xff,
    0x70, 0x68, 0x68, 0xff, 0x70, 0x68, 0x68, 0xff, 0x70, 0x68, 0x60, 0xff,
    0x70, 0x68, 0x68, 0xff, 0x70, 0x68, 0x68, 0xff, 0x70, 0x68, 0x60, 0xff,
    0x70, 0x68, 0x68, 0xff, 0x70, 0x68, 0x68, 0xff, 0x70, 0x68, 0x60, 0xff,
    0x70, 0x68, 0x68, 0xff, 0x70, 0x68, 0x68, 0xff, 0x70, 0x68, 0x60, 0xff,
    0x70, 0x68, 0x68, 0xff, 0x70, 0x68, 0x68, 0xff, 0x70, 0x68, 0x60, 0xff,
    0x70, 0x68, 0x68, 0xff, 0x70, 0x68, 0x68, 0xff, 0x70, 0x68, 0x60, 0xff,
    0x70, 0x68, 0x68, 0xff, 0x70, 0x68, 0x68, 0xff, 0x70, 0x68, 0x60, 0xff,
    0x70, 0x68, 0x68, 0xff, 0x70, 0x68, 0x68, 0xff, 0x70, 0x68, 0x60, 0xff,
    0x70, 0x68, 0x68, 0xff, 0x70, 0x68, 0x68, 0xff, 0x70, 0x68, 0x60, 0xff,
    0x70, 0x68, 0x68, 0xff, 0x70, 0x68, 0x68, 0xff, 0x70, 0x68, 0x60, 0xff,
    0x70, 0x68, 0x68, 0xff, 0x70, 0x68, 0x68, 0xff, 0x70, 0x68, 0x60, 0xff,
    0x70, 0x68, 0x68, 0xff, 0x70, 0x68, 0x68, 0xff, 0x70, 0x68, 0x60, 0xff,
    0x70, 0x68, 0x68, 0xff, 0x70, 0x68, 0x60, 0xff, 0x70, 0x68, 0x60, 0xff,
    0x70, 0x68, 0x68, 0xff, 0x70, 0x68, 0x60, 0xff, 0x70, 0x68, 0x60, 0xff,
    0x70, 0x68, 0x60, 0xdf, 0x70, 0x68, 0x68, 0x8e, 0x70, 0x68, 0x68, 0x20,
    0x00, 0x00, 0x00, 0x00, 0x00, 0x00, 0x00, 0x00, 0x00, 0x00, 0x00, 0x00,
    0x00, 0x00, 0x00, 0x00, 0x00, 0x00, 0x00, 0x00, 0x00, 0x00, 0x00, 0x00,
    0x00, 0x00, 0x00, 0x00, 0x00, 0x00, 0x00, 0x00, 0x00, 0x00, 0x00, 0x00,
    0x00, 0x00, 0x00, 0x00, 0x00, 0x00, 0x00, 0x00, 0x00, 0x00, 0x00, 0x00,
    0x00, 0x00, 0x00, 0x00, 0x00, 0x00, 0x00, 0x00, 0x00, 0x00, 0x00, 0x00,
    0x00, 0x00, 0x00, 0x00, 0x00, 0x00, 0x00, 0x00, 0x00, 0x00, 0x00, 0x00,
    0x00, 0x00, 0x00, 0x00, 0x00, 0x00, 0x00, 0x00, 0x00, 0x00, 0x00, 0x00,
    0x00, 0x00, 0x00, 0x00, 0x00, 0x00, 0x00, 0x00, 0x00, 0x00, 0x00, 0x00,
    0x00, 0x00, 0x00, 0x00, 0x00, 0x00, 0x00, 0x00, 0x00, 0x00, 0x00, 0x00,
    0x00, 0x00, 0x00, 0x00, 0x70, 0x68, 0x60, 0x41, 0x70, 0x68, 0x60, 0xbe,
    0x70, 0x68, 0x68, 0xff, 0x70, 0x68, 0x60, 0xff, 0x70, 0x68, 0x60, 0xff,
    0x70, 0x68, 0x68, 0xff, 0x70, 0x68, 0x60, 0xff, 0x70, 0x6c, 0x60, 0xff,
    0x70, 0x68, 0x68, 0xff, 0x70, 0x6c, 0x60, 0xff, 0x70, 0x6c, 0x60, 0xff,
    0x70, 0x68, 0x68, 0xff, 0x70, 0x6c, 0x60, 0xff, 0x70, 0x68, 0x60, 0xff,
    0x70, 0x6c, 0x68, 0xff, 0x70, 0x68, 0x60, 0xff, 0x70, 0x6c, 0x60, 0xff,
    0x70, 0x68, 0x68, 0xff, 0x70, 0x6c, 0x60, 0xff, 0x70, 0x68, 0x60, 0xff,
    0x70, 0x6c, 0x68, 0xff, 0x70, 0x68, 0x60, 0xff, 0x70, 0x6c, 0x60, 0xff,
    0x70, 0x68, 0x68, 0xff, 0x70, 0x6c, 0x60, 0xff, 0x70, 0x68, 0x60, 0xff,
    0x70, 0x6c, 0x68, 0xff, 0x70, 0x68, 0x60, 0xff, 0x70, 0x6c, 0x60, 0xff,
    0x70, 0x68, 0x68, 0xff, 0x70, 0x6c, 0x60, 0xff, 0x70, 0x68, 0x60, 0xff,
    0x70, 0x6c, 0x68, 0xff, 0x70, 0x68, 0x60, 0xff, 0x70, 0x6c, 0x60, 0xff,
    0x70, 0x68, 0x68, 0xff, 0x70, 0x6c, 0x60, 0xff, 0x70, 0x68, 0x60, 0xff,
    0x70, 0x6c, 0x68, 0xff, 0x70, 0x68, 0x60, 0xff, 0x70, 0x6c, 0x60, 0xff,
    0x70, 0x68, 0x68, 0xff, 0x70, 0x6c, 0x60, 0xff, 0x70, 0x68, 0x60, 0xff,
    0x70, 0x6c, 0x68, 0xff, 0x70, 0x68, 0x60, 0xff, 0x70, 0x6c, 0x60, 0xff,
    0x70, 0x68, 0x68, 0xff, 0x70, 0x6c, 0x60, 0xff, 0x70, 0x68, 0x60, 0xff,
    0x70, 0x6c, 0x68, 0xff, 0x70, 0x68, 0x60, 0xff, 0x70, 0x6c, 0x60, 0xff,
    0x70, 0x68, 0x68, 0xff, 0x70, 0x6c, 0x60, 0xff, 0x70, 0x68, 0x60, 0xff,
    0x70, 0x6c, 0x68, 0xff, 0x70, 0x68, 0x60, 0xff, 0x70, 0x6c, 0x60, 0xff,
    0x70, 0x68, 0x68, 0xff, 0x70, 0x6c, 0x60, 0xff, 0x70, 0x68, 0x60, 0xff,
    0x70, 0x6c, 0x68, 0xff, 0x70, 0x68, 0x60, 0xff, 0x70, 0x6c, 0x60, 0xff,
    0x70, 0x68, 0x68, 0xff, 0x70, 0x6c, 0x60, 0xff, 0x70, 0x68, 0x60, 0xff,
    0x70, 0x6c, 0x68, 0xff, 0x70, 0x68, 0x60, 0xff, 0x70, 0x6c, 0x60, 0xff,
    0x70, 0x68, 0x68, 0xff, 0x70, 0x6c, 0x60, 0xff, 0x70, 0x68, 0x60, 0xff,
    0x70, 0x6c, 0x68, 0xff, 0x70, 0x68, 0x60, 0xff, 0x70, 0x6c, 0x60, 0xff,
    0x70, 0x68, 0x68, 0xff, 0x70, 0x6c, 0x60, 0xff, 0x70, 0x68, 0x60, 0xff,
    0x70, 0x6c, 0x68, 0xff, 0x70, 0x68, 0x60, 0xff, 0x70, 0x6c, 0x60, 0xff,
    0x70, 0x68, 0x68, 0xff, 0x70, 0x6c, 0x60, 0xff, 0x70, 0x68, 0x60, 0xff,
    0x70, 0x6c, 0x68, 0xff, 0x70, 0x68, 0x60, 0xff, 0x70, 0x6c, 0x60, 0xff,
    0x70, 0x68, 0x68, 0xff, 0x70, 0x6c, 0x60, 0xff, 0x70, 0x68, 0x60, 0xff,
    0x70, 0x6c, 0x68, 0xff, 0x70, 0x68, 0x60, 0xff, 0x70, 0x6c, 0x60, 0xff,
    0x70, 0x68, 0x68, 0xff, 0x70, 0x6c, 0x60, 0xff, 0x70, 0x68, 0x60, 0xff,
    0x70, 0x6c, 0x68, 0xff, 0x70, 0x68, 0x60, 0xff, 0x70, 0x6c, 0x60, 0xff,
    0x70, 0x68, 0x68, 0xff, 0x70, 0x6c, 0x68, 0xff, 0x70, 0x68, 0x60, 0xff,
    0x70, 0x6c, 0x60, 0xff, 0x70, 0x68, 0x68, 0xff, 0x70, 0x68, 0x60, 0xff,
    0x70, 0x68, 0x60, 0xff, 0x70, 0x68, 0x60, 0xff, 0x70, 0x68, 0x60, 0xff,
    0x70, 0x68, 0x60, 0x9e, 0x70, 0x68, 0x68, 0x20, 0x00, 0x00, 0x00, 0x00,
    0x00, 0x00, 0x00, 0x00, 0x00, 0x00, 0x00, 0x00, 0x00, 0x00, 0x00, 0x00,
    0x00, 0x00, 0x00, 0x00, 0x00, 0x00, 0x00, 0x00, 0x00, 0x00, 0x00, 0x00,
    0x00, 0x00, 0x00, 0x00, 0x00, 0x00, 0x00, 0x00, 0x00, 0x00, 0x00, 0x00,
    0x00, 0x00, 0x00, 0x00, 0x00, 0x00, 0x00, 0x00, 0x00, 0x00, 0x00, 0x00,
    0x00, 0x00, 0x00, 0x00, 0x00, 0x00, 0x00, 0x00, 0x00, 0x00, 0x00, 0x00,
    0x00, 0x00, 0x00, 0x00, 0x00, 0x00, 0x00, 0x00, 0x00, 0x00, 0x00, 0x00,
    0x00, 0x00, 0x00, 0x00, 0x00, 0x00, 0x00, 0x00, 0x00, 0x00, 0x00, 0x00,
    0x00, 0x00, 0x00, 0x00, 0x00, 0x00, 0x00, 0x00, 0x70, 0x68, 0x68, 0x20,
    0x70, 0x68, 0x60, 0xae, 0x70, 0x68, 0x60, 0xff, 0x70, 0x68, 0x68, 0xff,
    0x70, 0x68, 0x60, 0xff, 0x70, 0x6c, 0x68, 0xff, 0x70, 0x68, 0x68, 0xff,
    0x70, 0x68, 0x60, 0xff, 0x70, 0x6c, 0x60, 0xff, 0x70, 0x68, 0x68, 0xff,
    0x70, 0x68, 0x60, 0xff, 0x70, 0x68, 0x60, 0xff, 0x70, 0x68, 0x60, 0xff,
    0x70, 0x68, 0x60, 0xff, 0x70, 0x68, 0x60, 0xff, 0x70, 0x68, 0x68, 0xff,
    0x70, 0x68, 0x60, 0xff, 0x70, 0x6c, 0x60, 0xff, 0x70, 0x68, 0x68, 0xff,
    0x70, 0x68, 0x60, 0xff, 0x70, 0x68, 0x60, 0xff, 0x70, 0x6c, 0x68, 0xff,
    0x70, 0x68, 0x60, 0xff, 0x70, 0x68, 0x60, 0xff, 0x70, 0x68, 0x68, 0xff,
    0x70, 0x6c, 0x60, 0xff, 0x70, 0x68, 0x60, 0xff, 0x70, 0x68, 0x68, 0xff,
    0x70, 0x68, 0x60, 0xff, 0x70, 0x6c, 0x60, 0xff, 0x70, 0x68, 0x68, 0xff,
    0x70, 0x68, 0x60, 0xff, 0x70, 0x68, 0x60, 0xff, 0x70, 0x6c, 0x68, 0xff,
    0x70, 0x68, 0x60, 0xff, 0x70, 0x68, 0x60, 0xff, 0x70, 0x68, 0x68, 0xff,
    0x70, 0x6c, 0x60, 0xff, 0x70, 0x68, 0x60, 0xff, 0x70, 0x68, 0x68, 0xff,
    0x70, 0x68, 0x60, 0xff, 0x70, 0x6c, 0x60, 0xff, 0x70, 0x68, 0x68, 0xff,
    0x70, 0x68, 0x60, 0xff, 0x70, 0x68, 0x60, 0xff, 0x70, 0x6c, 0x68, 0xff,
    0x70, 0x68, 0x60, 0xff, 0x70, 0x68, 0x60, 0xff, 0x70, 0x68, 0x68, 0xff,
    0x70, 0x6c, 0x60, 0xff, 0x70, 0x68, 0x60, 0xff, 0x70, 0x68, 0x68, 0xff,
    0x70, 0x68, 0x60, 0xff, 0x70, 0x6c, 0x60, 0xff, 0x70, 0x68, 0x68, 0xff,
    0x70, 0x68, 0x60, 0xff, 0x70, 0x68, 0x60, 0xff, 0x70, 0x6c, 0x68, 0xff,
    0x70, 0x68, 0x60, 0xff, 0x70, 0x68, 0x60, 0xff, 0x70, 0x68, 0x68, 0xff,
    0x70, 0x6c, 0x60, 0xff, 0x70, 0x68, 0x60, 0xff, 0x70, 0x68, 0x68, 0xff,
    0x70, 0x68, 0x60, 0xff, 0x70, 0x6c, 0x60, 0xff, 0x70, 0x68, 0x68, 0xff,
    0x70, 0x68, 0x60, 0xff, 0x70, 0x68, 0x60, 0xff, 0x70, 0x6c, 0x68, 0xff,
    0x70, 0x68, 0x60, 0xff, 0x70, 0x68, 0x60, 0xff, 0x70, 0x68, 0x68, 0xff,
    0x70, 0x6c, 0x60, 0xff, 0x70, 0x68, 0x60, 0xff, 0x70, 0x68, 0x68, 0xff,
    0x70, 0x68, 0x60, 0xff, 0x70, 0x6c, 0x60, 0xff, 0x70, 0x68, 0x68, 0xff,
    0x70, 0x68, 0x60, 0xff, 0x70, 0x68, 0x60, 0xff, 0x70, 0x6c, 0x68, 0xff,
    0x70, 0x68, 0x60, 0xff, 0x70, 0x68, 0x60, 0xff, 0x70, 0x68, 0x68, 0xff,
    0x70, 0x6c, 0x60, 0xff, 0x70, 0x68, 0x60, 0xff, 0x70, 0x68, 0x68, 0xff,
    0x70, 0x68, 0x60, 0xff, 0x70, 0x6c, 0x60, 0xff, 0x70, 0x68, 0x68, 0xff,
    0x70, 0x68, 0x60, 0xff, 0x70, 0x68, 0x60, 0xff, 0x70, 0x6c, 0x68, 0xff,
    0x70, 0x68, 0x60, 0xff, 0x70, 0x68, 0x60, 0xff, 0x70, 0x68, 0x68, 0xff,
    0x70, 0x6c, 0x60, 0xff, 0x70, 0x68, 0x60, 0xff, 0x70, 0x68, 0x68, 0xff,
    0x70, 0x68, 0x60, 0xff, 0x70, 0x6c, 0x60, 0xff, 0x70, 0x68, 0x60, 0xff,
    0x70, 0x68, 0x60, 0xff, 0x70, 0x68, 0x68, 0xff, 0x70, 0x68, 0x60, 0xff,
    0x70, 0x68, 0x60, 0xff, 0x70, 0x6c, 0x68, 0xff, 0x70, 0x68, 0x68, 0xff,
    0x70, 0x6c, 0x60, 0xff, 0x70, 0x68, 0x68, 0xff, 0x70, 0x68, 0x68, 0xff,
    0x70, 0x68, 0x60, 0xff, 0x70, 0x68, 0x60, 0xff, 0x70, 0x68, 0x60, 0x9e,
    0x70, 0x68, 0x68, 0x20, 0x00, 0x00, 0x00, 0x00, 0x00, 0x00, 0x00, 0x00,
    0x00, 0x00, 0x00, 0x00, 0x00, 0x00, 0x00, 0x00, 0x00, 0x00, 0x00, 0x00,
    0x00, 0x00, 0x00, 0x00, 0x00, 0x00, 0x00, 0x00, 0x00, 0x00, 0x00, 0x00,
    0x00, 0x00, 0x00, 0x00, 0x00, 0x00, 0x00, 0x00, 0x00, 0x00, 0x00, 0x00,
    0x00, 0x00, 0x00, 0x00, 0x00, 0x00, 0x00, 0x00, 0x00, 0x00, 0x00, 0x00,
    0x00, 0x00, 0x00, 0x00, 0x00, 0x00, 0x00, 0x00, 0x00, 0x00, 0x00, 0x00,
    0x00, 0x00, 0x00, 0x00, 0x00, 0x00, 0x00, 0x00, 0x00, 0x00, 0x00, 0x00,
    0x00, 0x00, 0x00, 0x00, 0x70, 0x68, 0x60, 0x71, 0x70, 0x68, 0x60, 0xef,
    0x70, 0x68, 0x68, 0xff, 0x70, 0x68, 0x68, 0xff, 0x70, 0x68, 0x60, 0xff,
    0x70, 0x6c, 0x60, 0xff, 0x70, 0x68, 0x60, 0xff, 0x70, 0x68, 0x68, 0xff,
    0x70, 0x6c, 0x60, 0xef, 0x70, 0x68, 0x60, 0xbe, 0x70, 0x68, 0x68, 0x6d,
    0x70, 0x6c, 0x60, 0x4d, 0x70, 0x6c, 0x68, 0x20, 0x70, 0x70, 0x60, 0x10,
    0x00, 0x00, 0x00, 0x00, 0x00, 0x00, 0x00, 0x00, 0x00, 0x00, 0x00, 0x00,
    0x00, 0x00, 0x00, 0x00, 0x00, 0x00, 0x00, 0x00, 0x00, 0x00, 0x00, 0x00,
    0x00, 0x00, 0x00, 0x00, 0x00, 0x00, 0x00, 0x00, 0x00, 0x00, 0x00, 0x00,
    0x00, 0x00, 0x00, 0x00, 0x00, 0x00, 0x00, 0x00, 0x00, 0x00, 0x00, 0x00,
    0x00, 0x00, 0x00, 0x00, 0x00, 0x00, 0x00, 0x00, 0x00, 0x00, 0x00, 0x00,
    0x00, 0x00, 0x00, 0x00, 0x00, 0x00, 0x00, 0x00, 0x00, 0x00, 0x00, 0x00,
    0x00, 0x00, 0x00, 0x00, 0x00, 0x00, 0x00, 0x00, 0x00, 0x00, 0x00, 0x00,
    0x00, 0x00, 0x00, 0x00, 0x00, 0x00, 0x00, 0x00, 0x00, 0x00, 0x00, 0x00,
    0x00, 0x00, 0x00, 0x00, 0x00, 0x00, 0x00, 0x00, 0x00, 0x00, 0x00, 0x00,
    0x00, 0x00, 0x00, 0x00, 0x00, 0x00, 0x00, 0x00, 0x00, 0x00, 0x00, 0x00,
    0x00, 0x00, 0x00, 0x00, 0x00, 0x00, 0x00, 0x00, 0x00, 0x00, 0x00, 0x00,
    0x00, 0x00, 0x00, 0x00, 0x00, 0x00, 0x00, 0x00, 0x00, 0x00, 0x00, 0x00,
    0x00, 0x00, 0x00, 0x00, 0x00, 0x00, 0x00, 0x00, 0x00, 0x00, 0x00, 0x00,
    0x00, 0x00, 0x00, 0x00, 0x00, 0x00, 0x00, 0x00, 0x00, 0x00, 0x00, 0x00,
    0x00, 0x00, 0x00, 0x00, 0x00, 0x00, 0x00, 0x00, 0x00, 0x00, 0x00, 0x00,
    0x00, 0x00, 0x00, 0x00, 0x00, 0x00, 0x00, 0x00, 0x00, 0x00, 0x00, 0x00,
    0x00, 0x00, 0x00, 0x00, 0x00, 0x00, 0x00, 0x00, 0x00, 0x00, 0x00, 0x00,
    0x00, 0x00, 0x00, 0x00, 0x00, 0x00, 0x00, 0x00, 0x00, 0x00, 0x00, 0x00,
    0x00, 0x00, 0x00, 0x00, 0x00, 0x00, 0x00, 0x00, 0x00, 0x00, 0x00, 0x00,
    0x00, 0x00, 0x00, 0x00, 0x00, 0x00, 0x00, 0x00, 0x00, 0x00, 0x00, 0x00,
    0x00, 0x00, 0x00, 0x00, 0x00, 0x00, 0x00, 0x00, 0x00, 0x00, 0x00, 0x00,
    0x00, 0x00, 0x00, 0x00, 0x00, 0x00, 0x00, 0x00, 0x00, 0x00, 0x00, 0x00,
    0x00, 0x00, 0x00, 0x00, 0x00, 0x00, 0x00, 0x00, 0x00, 0x00, 0x00, 0x00,
    0x00, 0x00, 0x00, 0x00, 0x00, 0x00, 0x00, 0x00, 0x00, 0x00, 0x00, 0x00,
    0x00, 0x00, 0x00, 0x00, 0x00, 0x00, 0x00, 0x00, 0x00, 0x00, 0x00, 0x00,
    0x00, 0x00, 0x00, 0x00, 0x00, 0x00, 0x00, 0x00, 0x00, 0x00, 0x00, 0x00,
    0x00, 0x00, 0x00, 0x00, 0x00, 0x00, 0x00, 0x00, 0x00, 0x00, 0x00, 0x00,
    0x00, 0x00, 0x00, 0x00, 0x00, 0x00, 0x00, 0x00, 0x00, 0x00, 0x00, 0x00,
    0x00, 0x00, 0x00, 0x00, 0x00, 0x00, 0x00, 0x00, 0x00, 0x00, 0x00, 0x00,
    0x00, 0x00, 0x00, 0x00, 0x00, 0x00, 0x00, 0x00, 0x00, 0x00, 0x00, 0x00,
    0x70, 0x70, 0x60, 0x10, 0x70, 0x64, 0x60, 0x30, 0x70, 0x6c, 0x60, 0x41,
    0x70, 0x68, 0x60, 0x7d, 0x70, 0x68, 0x60, 0xbe, 0x70, 0x68, 0x68, 0xff,
    0x70, 0x68, 0x60, 0xff, 0x70, 0x6c, 0x60, 0xff, 0x70, 0x68, 0x68, 0xff,
    0x70, 0x68, 0x60, 0xff, 0x70, 0x68, 0x68, 0xff, 0x70, 0x68, 0x68, 0xff,
    0x70, 0x68, 0x60, 0xdf, 0x70, 0x68, 0x60, 0x5d, 0x00, 0x00, 0x00, 0x00,
    0x00, 0x00, 0x00, 0x00, 0x00, 0x00, 0x00, 0x00, 0x00, 0x00, 0x00, 0x00,
    0x00, 0x00, 0x00, 0x00, 0x00, 0x00, 0x00, 0x00, 0x00, 0x00, 0x00, 0x00,
    0x00, 0x00, 0x00, 0x00, 0x00, 0x00, 0x00, 0x00, 0x00, 0x00, 0x00, 0x00,
    0x00, 0x00, 0x00, 0x00, 0x00, 0x00, 0x00, 0x00, 0x00, 0x00, 0x00, 0x00,
    0x00, 0x00, 0x00, 0x00, 0x00, 0x00, 0x00, 0x00, 0x00, 0x00, 0x00, 0x00,
    0x00, 0x00, 0x00, 0x00, 0x00, 0x00, 0x00, 0x00, 0x00, 0x00, 0x00, 0x00,
    0x70, 0x68, 0x60, 0x8e, 0x70, 0x68, 0x68, 0xff, 0x70, 0x68, 0x60, 0xff,
    0x70, 0x6c, 0x60, 0xff, 0x70, 0x68, 0x68, 0xff, 0x70, 0x68, 0x60, 0xff,
    0x70, 0x68, 0x60, 0xff, 0x70, 0x68, 0x68, 0xbe, 0x70, 0x68, 0x60, 0x6d,
    0x70, 0x70, 0x60, 0x10, 0x00, 0x00, 0x00, 0x00, 0x00, 0x00, 0x00, 0x00,
    0x00, 0x00, 0x00, 0x00, 0x00, 0x00, 0x00, 0x00, 0x00, 0x00, 0x00, 0x00,
    0x00, 0x00, 0x00, 0x00, 0x00, 0x00, 0x00, 0x00, 0x00, 0x00, 0x00, 0x00,
    0x00, 0x00, 0x00, 0x00, 0x00, 0x00, 0x00, 0x00, 0x00, 0x00, 0x00, 0x00,
    0x00, 0x00, 0x00, 0x00, 0x00, 0x00, 0x00, 0x00, 0x00, 0x00, 0x00, 0x00,
    0x00, 0x00, 0x00, 0x00, 0x00, 0x00, 0x00, 0x00, 0x00, 0x00, 0x00, 0x00,
    0x00, 0x00, 0x00, 0x00, 0x00, 0x00, 0x00, 0x00, 0x00, 0x00, 0x00, 0x00,
    0x00, 0x00, 0x00, 0x00, 0x00, 0x00, 0x00, 0x00, 0x00, 0x00, 0x00, 0x00,
    0x00, 0x00, 0x00, 0x00, 0x00, 0x00, 0x00, 0x00, 0x00, 0x00, 0x00, 0x00,
    0x00, 0x00, 0x00, 0x00, 0x00, 0x00, 0x00, 0x00, 0x00, 0x00, 0x00, 0x00,
    0x00, 0x00, 0x00, 0x00, 0x00, 0x00, 0x00, 0x00, 0x00, 0x00, 0x00, 0x00,
    0x00, 0x00, 0x00, 0x00, 0x00, 0x00, 0x00, 0x00, 0x00, 0x00, 0x00, 0x00,
    0x00, 0x00, 0x00, 0x00, 0x00, 0x00, 0x00, 0x00, 0x00, 0x00, 0x00, 0x00,
    0x00, 0x00, 0x00, 0x00, 0x00, 0x00, 0x00, 0x00, 0x00, 0x00, 0x00, 0x00,
    0x00, 0x00, 0x00, 0x00, 0x00, 0x00, 0x00, 0x00, 0x00, 0x00, 0x00, 0x00,
    0x00, 0x00, 0x00, 0x00, 0x00, 0x00, 0x00, 0x00, 0x00, 0x00, 0x00, 0x00,
    0x00, 0x00, 0x00, 0x00, 0x00, 0x00, 0x00, 0x00, 0x00, 0x00, 0x00, 0x00,
    0x00, 0x00, 0x00, 0x00, 0x00, 0x00, 0x00, 0x00, 0x00, 0x00, 0x00, 0x00,
    0x00, 0x00, 0x00, 0x00, 0x00, 0x00, 0x00, 0x00, 0x00, 0x00, 0x00, 0x00,
    0x00, 0x00, 0x00, 0x00, 0x00, 0x00, 0x00, 0x00, 0x00, 0x00, 0x00, 0x00,
    0x00, 0x00, 0x00, 0x00, 0x00, 0x00, 0x00, 0x00, 0x00, 0x00, 0x00, 0x00,
    0x00, 0x00, 0x00, 0x00, 0x00, 0x00, 0x00, 0x00, 0x00, 0x00, 0x00, 0x00,
    0x00, 0x00, 0x00, 0x00, 0x00, 0x00, 0x00, 0x00, 0x00, 0x00, 0x00, 0x00,
    0x00, 0x00, 0x00, 0x00, 0x00, 0x00, 0x00, 0x00, 0x00, 0x00, 0x00, 0x00,
    0x00, 0x00, 0x00, 0x00, 0x00, 0x00, 0x00, 0x00, 0x00, 0x00, 0x00, 0x00,
    0x00, 0x00, 0x00, 0x00, 0x00, 0x00, 0x00, 0x00, 0x00, 0x00, 0x00, 0x00,
    0x00, 0x00, 0x00, 0x00, 0x00, 0x00, 0x00, 0x00, 0x00, 0x00, 0x00, 0x00,
    0x00, 0x00, 0x00, 0x00, 0x00, 0x00, 0x00, 0x00, 0x00, 0x00, 0x00, 0x00,
    0x00, 0x00, 0x00, 0x00, 0x00, 0x00, 0x00, 0x00, 0x00, 0x00, 0x00, 0x00,
    0x00, 0x00, 0x00, 0x00, 0x00, 0x00, 0x00, 0x00, 0x00, 0x00, 0x00, 0x00,
    0x00, 0x00, 0x00, 0x00, 0x00, 0x00, 0x00, 0x00, 0x00, 0x00, 0x00, 0x00,
    0x00, 0x00, 0x00, 0x00, 0x00, 0x00, 0x00, 0x00, 0x00, 0x00, 0x00, 0x00,
    0x00, 0x00, 0x00, 0x00, 0x00, 0x00, 0x00, 0x00, 0x00, 0x00, 0x00, 0x00,
    0x00, 0x00, 0x00, 0x00, 0x00, 0x00, 0x00, 0x00, 0x70, 0x70, 0x60, 0x10,
    0x70, 0x68, 0x60, 0x61, 0x70, 0x68, 0x60, 0xcf, 0x70, 0x6c, 0x60, 0xff,
    0x70, 0x68, 0x60, 0xff, 0x70, 0x6c, 0x68, 0xff, 0x70, 0x68, 0x60, 0xff,
    0x70, 0x68, 0x60, 0xff, 0x70, 0x68, 0x68, 0xff, 0x70, 0x68, 0x68, 0x8e,
    0x00, 0x00, 0x00, 0x00, 0x00, 0x00, 0x00, 0x00, 0x00, 0x00, 0x00, 0x00,
    0x00, 0x00, 0x00, 0x00, 0x00, 0x00, 0x00, 0x00, 0x00, 0x00, 0x00, 0x00,
    0x00, 0x00, 0x00, 0x00, 0x00, 0x00, 0x00, 0x00, 0x00, 0x00, 0x00, 0x00,
    0x00, 0x00, 0x00, 0x00, 0x00, 0x00, 0x00, 0x00, 0x00, 0x00, 0x00, 0x00,
    0x00, 0x00, 0x00, 0x00, 0x00, 0x00, 0x00, 0x00, 0x00, 0x00, 0x00, 0x00,
    0x00, 0x00, 0x00, 0x00, 0x70, 0x70, 0x70, 0x10, 0x70, 0x68, 0x60, 0xcf,
    0x70, 0x68, 0x60, 0xff, 0x70, 0x68, 0x68, 0xff, 0x70, 0x6c, 0x60, 0xff,
    0x70, 0x68, 0x60, 0xff, 0x70, 0x68, 0x68, 0xff, 0x70, 0x68, 0x60, 0xbe,
    0x70, 0x6c, 0x60, 0x41, 0x00, 0x00, 0x00, 0x00, 0x00, 0x00, 0x00, 0x00,
    0x00, 0x00, 0x00, 0x00, 0x00, 0x00, 0x00, 0x00, 0x00, 0x00, 0x00, 0x00,
    0x00, 0x00, 0x00, 0x00, 0x00, 0x00, 0x00, 0x00, 0x00, 0x00, 0x00, 0x00,
    0x00, 0x00, 0x00, 0x00, 0x00, 0x00, 0x00, 0x00, 0x00, 0x00, 0x00, 0x00,
    0x00, 0x00, 0x00, 0x00, 0x00, 0x00, 0x00, 0x00, 0x00, 0x00, 0x00, 0x00,
    0x00, 0x00, 0x00, 0x00, 0x00, 0x00, 0x00, 0x00, 0x00, 0x00, 0x00, 0x00,
    0x00, 0x00, 0x00, 0x00, 0x00, 0x00, 0x00, 0x00, 0x00, 0x00, 0x00, 0x00,
    0x00, 0x00, 0x00, 0x00, 0x00, 0x00, 0x00, 0x00, 0x00, 0x00, 0x00, 0x00,
    0x00, 0x00, 0x00, 0x00, 0x00, 0x00, 0x00, 0x00, 0x00, 0x00, 0x00, 0x00,
    0x00, 0x00, 0x00, 0x00, 0x00, 0x00, 0x00, 0x00, 0x00, 0x00, 0x00, 0x00,
    0x00, 0x00, 0x00, 0x00, 0x00, 0x00, 0x00, 0x00, 0x00, 0x00, 0x00, 0x00,
    0x00, 0x00, 0x00, 0x00, 0x00, 0x00, 0x00, 0x00, 0x00, 0x00, 0x00, 0x00,
    0x00, 0x00, 0x00, 0x00, 0x00, 0x00, 0x00, 0x00, 0x00, 0x00, 0x00, 0x00,
    0x00, 0x00, 0x00, 0x00, 0x00, 0x00, 0x00, 0x00, 0x00, 0x00, 0x00, 0x00,
    0x00, 0x00, 0x00, 0x00, 0x00, 0x00, 0x00, 0x00, 0x00, 0x00, 0x00, 0x00,
    0x00, 0x00, 0x00, 0x00, 0x00, 0x00, 0x00, 0x00, 0x00, 0x00, 0x00, 0x00,
    0x00, 0x00, 0x00, 0x00, 0x00, 0x00, 0x00, 0x00, 0x00, 0x00, 0x00, 0x00,
    0x00, 0x00, 0x00, 0x00, 0x00, 0x00, 0x00, 0x00, 0x00, 0x00, 0x00, 0x00,
    0x00, 0x00, 0x00, 0x00, 0x00, 0x00, 0x00, 0x00, 0x00, 0x00, 0x00, 0x00,
    0x00, 0x00, 0x00, 0x00, 0x00, 0x00, 0x00, 0x00, 0x00, 0x00, 0x00, 0x00,
    0x00, 0x00, 0x00, 0x00, 0x00, 0x00, 0x00, 0x00, 0x00, 0x00, 0x00, 0x00,
    0x00, 0x00, 0x00, 0x00, 0x00, 0x00, 0x00, 0x00, 0x00, 0x00, 0x00, 0x00,
    0x00, 0x00, 0x00, 0x00, 0x00, 0x00, 0x00, 0x00, 0x00, 0x00, 0x00, 0x00,
    0x00, 0x00, 0x00, 0x00, 0x00, 0x00, 0x00, 0x00, 0x00, 0x00, 0x00, 0x00,
    0x00, 0x00, 0x00, 0x00, 0x00, 0x00, 0x00, 0x00, 0x00, 0x00, 0x00, 0x00,
    0x00, 0x00, 0x00, 0x00, 0x00, 0x00, 0x00, 0x00, 0x00, 0x00, 0x00, 0x00,
    0x00, 0x00, 0x00, 0x00, 0x00, 0x00, 0x00, 0x00, 0x00, 0x00, 0x00, 0x00,
    0x00, 0x00, 0x00, 0x00, 0x00, 0x00, 0x00, 0x00, 0x00, 0x00, 0x00, 0x00,
    0x00, 0x00, 0x00, 0x00, 0x00, 0x00, 0x00, 0x00, 0x00, 0x00, 0x00, 0x00,
    0x00, 0x00, 0x00, 0x00, 0x00, 0x00, 0x00, 0x00, 0x00, 0x00, 0x00, 0x00,
    0x00, 0x00, 0x00, 0x00, 0x00, 0x00, 0x00, 0x00, 0x00, 0x00, 0x00, 0x00,
    0x00, 0x00, 0x00, 0x00, 0x00, 0x00, 0x00, 0x00, 0x00, 0x00, 0x00, 0x00,
    0x00, 0x00, 0x00, 0x00, 0x00, 0x00, 0x00, 0x00, 0x00, 0x00, 0x00, 0x00,
    0x00, 0x00, 0x00, 0x00, 0x00, 0x00, 0x00, 0x00, 0x00, 0x00, 0x00, 0x00,
    0x00, 0x00, 0x00, 0x00, 0x00, 0x00, 0x00, 0x00, 0x00, 0x00, 0x00, 0x00,
    0x00, 0x00, 0x00, 0x00, 0x00, 0x00, 0x00, 0x00, 0x70, 0x68, 0x60, 0x41,
    0x70, 0x68, 0x60, 0xdf, 0x70, 0x6c, 0x68, 0xff, 0x70, 0x68, 0x60, 0xff,
    0x70, 0x6c, 0x60, 0xff, 0x70, 0x68, 0x60, 0xff, 0x70, 0x68, 0x60, 0xff,
    0x70, 0x6c, 0x60, 0xcf, 0x70, 0x70, 0x60, 0x10, 0x00, 0x00, 0x00, 0x00,
    0x00, 0x00, 0x00, 0x00, 0x00, 0x00, 0x00, 0x00, 0x00, 0x00, 0x00, 0x00,
    0x00, 0x00, 0x00, 0x00, 0x00, 0x00, 0x00, 0x00, 0x00, 0x00, 0x00, 0x00,
    0x00, 0x00, 0x00, 0x00, 0x00, 0x00, 0x00, 0x00, 0x00, 0x00, 0x00, 0x00,
    0x00, 0x00, 0x00, 0x00, 0x00, 0x00, 0x00, 0x00, 0x00, 0x00, 0x00, 0x00,
    0x70, 0x70, 0x70, 0x10, 0x70, 0x68, 0x68, 0xcf, 0x70, 0x68, 0x60, 0xff,
    0x70, 0x6c, 0x68, 0xff, 0x70, 0x68, 0x60, 0xff, 0x70, 0x68, 0x68, 0xff,
    0x70, 0x68, 0x60, 0xef, 0x70, 0x68, 0x60, 0x6d, 0x00, 0x00, 0x00, 0x00,
    0x00, 0x00, 0x00, 0x00, 0x00, 0x00, 0x00, 0x00, 0x00, 0x00, 0x00, 0x00,
    0x00, 0x00, 0x00, 0x00, 0x00, 0x00, 0x00, 0x00, 0x00, 0x00, 0x00, 0x00,
    0x00, 0x00, 0x00, 0x00, 0x00, 0x00, 0x00, 0x00, 0x00, 0x00, 0x00, 0x00,
    0x00, 0x00, 0x00, 0x00, 0x00, 0x00, 0x00, 0x00, 0x00, 0x00, 0x00, 0x00,
    0x00, 0x00, 0x00, 0x00, 0x00, 0x00, 0x00, 0x00, 0x00, 0x00, 0x00, 0x00,
    0x00, 0x00, 0x00, 0x00, 0x00, 0x00, 0x00, 0x00, 0x00, 0x00, 0x00, 0x00,
    0x00, 0x00, 0x00, 0x00, 0x00, 0x00, 0x00, 0x00, 0x00, 0x00, 0x00, 0x00,
    0x00, 0x00, 0x00, 0x00, 0x00, 0x00, 0x00, 0x00, 0x00, 0x00, 0x00, 0x00,
    0x00, 0x00, 0x00, 0x00, 0x00, 0x00, 0x00, 0x00, 0x00, 0x00, 0x00, 0x00,
    0x00, 0x00, 0x00, 0x00, 0x00, 0x00, 0x00, 0x00, 0x00, 0x00, 0x00, 0x00,
    0x00, 0x00, 0x00, 0x00, 0x00, 0x00, 0x00, 0x00, 0x00, 0x00, 0x00, 0x00,
    0x00, 0x00, 0x00, 0x00, 0x00, 0x00, 0x00, 0x00, 0x00, 0x00, 0x00, 0x00,
    0x00, 0x00, 0x00, 0x00, 0x00, 0x00, 0x00, 0x00, 0x00, 0x00, 0x00, 0x00,
    0x00, 0x00, 0x00, 0x00, 0x00, 0x00, 0x00, 0x00, 0x00, 0x00, 0x00, 0x00,
    0x00, 0x00, 0x00, 0x00, 0x00, 0x00, 0x00, 0x00, 0x00, 0x00, 0x00, 0x00,
    0x00, 0x00, 0x00, 0x00, 0x00, 0x00, 0x00, 0x00, 0x00, 0x00, 0x00, 0x00,
    0x00, 0x00, 0x00, 0x00, 0x00, 0x00, 0x00, 0x00, 0x00, 0x00, 0x00, 0x00,
    0x00, 0x00, 0x00, 0x00, 0x00, 0x00, 0x00, 0x00, 0x00, 0x00, 0x00, 0x00,
    0x00, 0x00, 0x00, 0x00, 0x00, 0x00, 0x00, 0x00, 0x00, 0x00, 0x00, 0x00,
    0x00, 0x00, 0x00, 0x00, 0x00, 0x00, 0x00, 0x00, 0x00, 0x00, 0x00, 0x00,
    0x00, 0x00, 0x00, 0x00, 0x00, 0x00, 0x00, 0x00, 0x00, 0x00, 0x00, 0x00,
    0x00, 0x00, 0x00, 0x00, 0x00, 0x00, 0x00, 0x00, 0x00, 0x00, 0x00, 0x00,
    0x00, 0x00, 0x00, 0x00, 0x00, 0x00, 0x00, 0x00, 0x00, 0x00, 0x00, 0x00,
    0x00, 0x00, 0x00, 0x00, 0x00, 0x00, 0x00, 0x00, 0x00, 0x00, 0x00, 0x00,
    0x00, 0x00, 0x00, 0x00, 0x00, 0x00, 0x00, 0x00, 0x00, 0x00, 0x00, 0x00,
    0x00, 0x00, 0x00, 0x00, 0x00, 0x00, 0x00, 0x00, 0x00, 0x00, 0x00, 0x00,
    0x00, 0x00, 0x00, 0x00, 0x00, 0x00, 0x00, 0x00, 0x00, 0x00, 0x00, 0x00,
    0x00, 0x00, 0x00, 0x00, 0x00, 0x00, 0x00, 0x00, 0x00, 0x00, 0x00, 0x00,
    0x00, 0x00, 0x00, 0x00, 0x00, 0x00, 0x00, 0x00, 0x00, 0x00, 0x00, 0x00,
    0x00, 0x00, 0x00, 0x00, 0x00, 0x00, 0x00, 0x00, 0x00, 0x00, 0x00, 0x00,
    0x00, 0x00, 0x00, 0x00, 0x00, 0x00, 0x00, 0x00, 0x00, 0x00, 0x00, 0x00,
    0x00, 0x00, 0x00, 0x00, 0x00, 0x00, 0x00, 0x00, 0x00, 0x00, 0x00, 0x00,
    0x00, 0x00, 0x00, 0x00, 0x00, 0x00, 0x00, 0x00, 0x00, 0x00, 0x00, 0x00,
    0x00, 0x00, 0x00, 0x00, 0x00, 0x00, 0x00, 0x00, 0x00, 0x00, 0x00, 0x00,
    0x00, 0x00, 0x00, 0x00, 0x00, 0x00, 0x00, 0x00, 0x00, 0x00, 0x00, 0x00,
    0x00, 0x00, 0x00, 0x00, 0x00, 0x00, 0x00, 0x00, 0x00, 0x00, 0x00, 0x00,
    0x00, 0x00, 0x00, 0x00, 0x70, 0x68, 0x60, 0x71, 0x70, 0x68, 0x68, 0xef,
    0x70, 0x68, 0x68, 0xff, 0x70, 0x6c, 0x60, 0xff, 0x70, 0x68, 0x60, 0xff,
    0x70, 0x68, 0x68, 0xff, 0x70, 0x6c, 0x60, 0xcf, 0x70, 0x70, 0x60, 0x10,
    0x00, 0x00, 0x00, 0x00, 0x00, 0x00, 0x00, 0x00, 0x00, 0x00, 0x00, 0x00,
    0x00, 0x00, 0x00, 0x00, 0x00, 0x00, 0x00, 0x00, 0x00, 0x00, 0x00, 0x00,
    0x00, 0x00, 0x00, 0x00, 0x00, 0x00, 0x00, 0x00, 0x00, 0x00, 0x00, 0x00,
    0x00, 0x00, 0x00, 0x00, 0x00, 0x00, 0x00, 0x00, 0x00, 0x00, 0x00, 0x00,
    0x70, 0x6c, 0x60, 0xcf, 0x70, 0x68, 0x60, 0xff, 0x70, 0x68, 0x68, 0xff,
    0x70, 0x6c, 0x60, 0xff, 0x70, 0x68, 0x60, 0xff, 0x70, 0x68, 0x60, 0xdf,
    0x70, 0x68, 0x60, 0x20, 0x00, 0x00, 0x00, 0x00, 0x00, 0x00, 0x00, 0x00,
    0x00, 0x00, 0x00, 0x00, 0x00, 0x00, 0x00, 0x00, 0x00, 0x00, 0x00, 0x00,
    0x00, 0x00, 0x00, 0x00, 0x70, 0x70, 0x70, 0x10, 0x70, 0x68, 0x60, 0x71,
    0x70, 0x68, 0x68, 0x9e, 0x70, 0x68, 0x60, 0xcf, 0x70, 0x68, 0x60, 0xef,
    0x70, 0x68, 0x68, 0xff, 0x70, 0x68, 0x60, 0xff, 0x70, 0x68, 0x68, 0xff,
    0x70, 0x6c, 0x60, 0xff, 0x70, 0x68, 0x60, 0xff, 0x70, 0x68, 0x68, 0xff,
    0x70, 0x68, 0x60, 0xff, 0x70, 0x68, 0x60, 0xff, 0x70, 0x68, 0x68, 0xff,
    0x70, 0x68, 0x60, 0xff, 0x70, 0x68, 0x60, 0xff, 0x70, 0x68, 0x68, 0xff,
    0x70, 0x68, 0x60, 0xff, 0x70, 0x68, 0x60, 0xff, 0x70, 0x68, 0x68, 0xff,
    0x70, 0x68, 0x60, 0xff, 0x70, 0x68, 0x60, 0xff, 0x70, 0x68, 0x68, 0xff,
    0x70, 0x68, 0x60, 0xff, 0x70, 0x68, 0x60, 0xff, 0x70, 0x68, 0x68, 0xff,
    0x70, 0x68, 0x60, 0xff, 0x70, 0x68, 0x60, 0xff, 0x70, 0x68, 0x68, 0xff,
    0x70, 0x68, 0x60, 0xff, 0x70, 0x68, 0x60, 0xff, 0x70, 0x68, 0x68, 0xff,
    0x70, 0x68, 0x60, 0xff, 0x70, 0x68, 0x60, 0xff, 0x70, 0x68, 0x68, 0xef,
    0x70, 0x6c, 0x60, 0xcf, 0x70, 0x68, 0x60, 0xae, 0x70, 0x68, 0x68, 0x5d,
    0x70, 0x68, 0x68, 0x20, 0x00, 0x00, 0x00, 0x00, 0x00, 0x00, 0x00, 0x00,
    0x00, 0x00, 0x00, 0x00, 0x00, 0x00, 0x00, 0x00, 0x00, 0x00, 0x00, 0x00,
    0x00, 0x00, 0x00, 0x00, 0x00, 0x00, 0x00, 0x00, 0x00, 0x00, 0x00, 0x00,
    0x00, 0x00, 0x00, 0x00, 0x00, 0x00, 0x00, 0x00, 0x00, 0x00, 0x00, 0x00,
    0x00, 0x00, 0x00, 0x00, 0x00, 0x00, 0x00, 0x00, 0x00, 0x00, 0x00, 0x00,
    0x00, 0x00, 0x00, 0x00, 0x00, 0x00, 0x00, 0x00, 0x00, 0x00, 0x00, 0x00,
    0x00, 0x00, 0x00, 0x00, 0x00, 0x00, 0x00, 0x00, 0x00, 0x00, 0x00, 0x00,
    0x00, 0x00, 0x00, 0x00, 0x00, 0x00, 0x00, 0x00, 0x00, 0x00, 0x00, 0x00,
    0x00, 0x00, 0x00, 0x00, 0x00, 0x00, 0x00, 0x00, 0x00, 0x00, 0x00, 0x00,
    0x00, 0x00, 0x00, 0x00, 0x00, 0x00, 0x00, 0x00, 0x00, 0x00, 0x00, 0x00,
    0x00, 0x00, 0x00, 0x00, 0x00, 0x00, 0x00, 0x00, 0x00, 0x00, 0x00, 0x00,
    0x00, 0x00, 0x00, 0x00, 0x00, 0x00, 0x00, 0x00, 0x00, 0x00, 0x00, 0x00,
    0x00, 0x00, 0x00, 0x00, 0x00, 0x00, 0x00, 0x00, 0x00, 0x00, 0x00, 0x00,
    0x00, 0x00, 0x00, 0x00, 0x00, 0x00, 0x00, 0x00, 0x00, 0x00, 0x00, 0x00,
    0x00, 0x00, 0x00, 0x00, 0x00, 0x00, 0x00, 0x00, 0x00, 0x00, 0x00, 0x00,
    0x00, 0x00, 0x00, 0x00, 0x00, 0x00, 0x00, 0x00, 0x00, 0x00, 0x00, 0x00,
    0x00, 0x00, 0x00, 0x00, 0x00, 0x00, 0x00, 0x00, 0x00, 0x00, 0x00, 0x00,
    0x00, 0x00, 0x00, 0x00, 0x00, 0x00, 0x00, 0x00, 0x00, 0x00, 0x00, 0x00,
    0x00, 0x00, 0x00, 0x00, 0x00, 0x00, 0x00, 0x00, 0x00, 0x00, 0x00, 0x00,
    0x00, 0x00, 0x00, 0x00, 0x00, 0x00, 0x00, 0x00, 0x00, 0x00, 0x00, 0x00,
    0x00, 0x00, 0x00, 0x00, 0x00, 0x00, 0x00, 0x00, 0x00, 0x00, 0x00, 0x00,
    0x00, 0x00, 0x00, 0x00, 0x00, 0x00, 0x00, 0x00, 0x00, 0x00, 0x00, 0x00,
    0x00, 0x00, 0x00, 0x00, 0x00, 0x00, 0x00, 0x00, 0x70, 0x68, 0x60, 0x20,
    0x70, 0x68, 0x60, 0xdf, 0x70, 0x68, 0x68, 0xff, 0x70, 0x68, 0x68, 0xff,
    0x70, 0x68, 0x60, 0xff, 0x70, 0x68, 0x60, 0xff, 0x70, 0x68, 0x60, 0xcf,
    0x00, 0x00, 0x00, 0x00, 0x00, 0x00, 0x00, 0x00, 0x00, 0x00, 0x00, 0x00,
    0x00, 0x00, 0x00, 0x00, 0x00, 0x00, 0x00, 0x00, 0x00, 0x00, 0x00, 0x00,
    0x00, 0x00, 0x00, 0x00, 0x00, 0x00, 0x00, 0x00, 0x00, 0x00, 0x00, 0x00,
    0x00, 0x00, 0x00, 0x00, 0x00, 0x00, 0x00, 0x00, 0x70, 0x68, 0x60, 0x8e,
    0x70, 0x68, 0x60, 0xff, 0x70, 0x68, 0x68, 0xff, 0x70, 0x68, 0x60, 0xff,
    0x70, 0x68, 0x60, 0xff, 0x70, 0x6c, 0x60, 0xcf, 0x70, 0x70, 0x60, 0x10,
    0x00, 0x00, 0x00, 0x00, 0x00, 0x00, 0x00, 0x00, 0x00, 0x00, 0x00, 0x00,
    0x00, 0x00, 0x00, 0x00, 0x00, 0x00, 0x00, 0x00, 0x70, 0x68, 0x68, 0x41,
    0x70, 0x68, 0x60, 0xbe, 0x70, 0x68, 0x60, 0xff, 0x70, 0x68, 0x68, 0xff,
    0x70, 0x68, 0x60, 0xff, 0x70, 0x68, 0x60, 0xff, 0x70, 0x6c, 0x68, 0xff,
    0x70, 0x68, 0x60, 0xff, 0x70, 0x68, 0x60, 0xff, 0x70, 0x6c, 0x68, 0xff,
    0x70, 0x68, 0x60, 0xff, 0x70, 0x68, 0x68, 0xff, 0x70, 0x6c, 0x60, 0xff,
    0x70, 0x68, 0x60, 0xff, 0x70, 0x6c, 0x68, 0xff, 0x70, 0x68, 0x60, 0xff,
    0x70, 0x6c, 0x68, 0xff, 0x70, 0x68, 0x60, 0xff, 0x70, 0x6c, 0x68, 0xff,
    0x70, 0x68, 0x60, 0xff, 0x70, 0x6c, 0x60, 0xff, 0x70, 0x68, 0x68, 0xff,
    0x70, 0x6c, 0x60, 0xff, 0x70, 0x68, 0x60, 0xff, 0x70, 0x6c, 0x68, 0xff,
    0x70, 0x68, 0x60, 0xff, 0x70, 0x6c, 0x60, 0xff, 0x70, 0x68, 0x68, 0xff,
    0x70, 0x6c, 0x60, 0xff, 0x70, 0x68, 0x60, 0xff, 0x70, 0x6c, 0x68, 0xff,
    0x70, 0x68, 0x60, 0xff, 0x70, 0x6c, 0x60, 0xff, 0x70, 0x68, 0x68, 0xff,
    0x70, 0x6c, 0x60, 0xff, 0x70, 0x68, 0x60, 0xff, 0x70, 0x68, 0x68, 0xff,
    0x70, 0x68, 0x60, 0xff, 0x70, 0x68, 0x60, 0xff, 0x70, 0x6c, 0x68, 0xff,
    0x70, 0x68, 0x60, 0xff, 0x70, 0x68, 0x60, 0xae, 0x70, 0x68, 0x68, 0x41,
    0x00, 0x00, 0x00, 0x00, 0x00, 0x00, 0x00, 0x00, 0x00, 0x00, 0x00, 0x00,
    0x00, 0x00, 0x00, 0x00, 0x00, 0x00, 0x00, 0x00, 0x00, 0x00, 0x00, 0x00,
    0x00, 0x00, 0x00, 0x00, 0x00, 0x00, 0x00, 0x00, 0x00, 0x00, 0x00, 0x00,
    0x00, 0x00, 0x00, 0x00, 0x00, 0x00, 0x00, 0x00, 0x00, 0x00, 0x00, 0x00,
    0x00, 0x00, 0x00, 0x00, 0x00, 0x00, 0x00, 0x00, 0x00, 0x00, 0x00, 0x00,
    0x00, 0x00, 0x00, 0x00, 0x00, 0x00, 0x00, 0x00, 0x00, 0x00, 0x00, 0x00,
    0x00, 0x00, 0x00, 0x00, 0x00, 0x00, 0x00, 0x00, 0x00, 0x00, 0x00, 0x00,
    0x00, 0x00, 0x00, 0x00, 0x00, 0x00, 0x00, 0x00, 0x00, 0x00, 0x00, 0x00,
    0x00, 0x00, 0x00, 0x00, 0x00, 0x00, 0x00, 0x00, 0x00, 0x00, 0x00, 0x00,
    0x00, 0x00, 0x00, 0x00, 0x00, 0x00, 0x00, 0x00, 0x00, 0x00, 0x00, 0x00,
    0x00, 0x00, 0x00, 0x00, 0x00, 0x00, 0x00, 0x00, 0x00, 0x00, 0x00, 0x00,
    0x00, 0x00, 0x00, 0x00, 0x00, 0x00, 0x00, 0x00, 0x00, 0x00, 0x00, 0x00,
    0x00, 0x00, 0x00, 0x00, 0x00, 0x00, 0x00, 0x00, 0x00, 0x00, 0x00, 0x00,
    0x00, 0x00, 0x00, 0x00, 0x00, 0x00, 0x00, 0x00, 0x00, 0x00, 0x00, 0x00,
    0x00, 0x00, 0x00, 0x00, 0x00, 0x00, 0x00, 0x00, 0x00, 0x00, 0x00, 0x00,
    0x00, 0x00, 0x00, 0x00, 0x00, 0x00, 0x00, 0x00, 0x00, 0x00, 0x00, 0x00,
    0x00, 0x00, 0x00, 0x00, 0x00, 0x00, 0x00, 0x00, 0x00, 0x00, 0x00, 0x00,
    0x00, 0x00, 0x00, 0x00, 0x00, 0x00, 0x00, 0x00, 0x00, 0x00, 0x00, 0x00,
    0x00, 0x00, 0x00, 0x00, 0x00, 0x00, 0x00, 0x00, 0x00, 0x00, 0x00, 0x00,
    0x00, 0x00, 0x00, 0x00, 0x00, 0x00, 0x00, 0x00, 0x00, 0x00, 0x00, 0x00,
    0x00, 0x00, 0x00, 0x00, 0x00, 0x00, 0x00, 0x00, 0x00, 0x00, 0x00, 0x00,
    0x00, 0x00, 0x00, 0x00, 0x00, 0x00, 0x00, 0x00, 0x00, 0x00, 0x00, 0x00,
    0x70, 0x68, 0x60, 0x20, 0x70, 0x6c, 0x60, 0xcf, 0x70, 0x68, 0x60, 0xff,
    0x70, 0x68, 0x68, 0xff, 0x70, 0x68, 0x60, 0xff, 0x70, 0x68, 0x68, 0xff,
    0x70, 0x68, 0x68, 0x8e, 0x00, 0x00, 0x00, 0x00, 0x00, 0x00, 0x00, 0x00,
    0x00, 0x00, 0x00, 0x00, 0x00, 0x00, 0x00, 0x00, 0x00, 0x00, 0x00, 0x00,
    0x00, 0x00, 0x00, 0x00, 0x00, 0x00, 0x00, 0x00, 0x00, 0x00, 0x00, 0x00,
    0x00, 0x00, 0x00, 0x00, 0x70, 0x68, 0x60, 0x61, 0x70, 0x68, 0x68, 0xff,
    0x70, 0x68, 0x60, 0xff, 0x70, 0x6c, 0x68, 0xff, 0x70, 0x68, 0x60, 0xff,
    0x70, 0x6c, 0x60, 0xcf, 0x70, 0x70, 0x60, 0x10, 0x00, 0x00, 0x00, 0x00,
    0x00, 0x00, 0x00, 0x00, 0x00, 0x00, 0x00, 0x00, 0x00, 0x00, 0x00, 0x00,
    0x70, 0x68, 0x68, 0x20, 0x70, 0x68, 0x68, 0xbe, 0x70, 0x68, 0x60, 0xff,
    0x70, 0x68, 0x60, 0xff, 0x70, 0x68, 0x68, 0xff, 0x70, 0x68, 0x60, 0xff,
    0x70, 0x6c, 0x60, 0xff, 0x70, 0x68, 0x68, 0xff, 0x70, 0x68, 0x60, 0xff,
    0x70, 0x6c, 0x60, 0xff, 0x70, 0x68, 0x68, 0xff, 0x70, 0x68, 0x60, 0xff,
    0x70, 0x68, 0x60, 0xff, 0x70, 0x68, 0x68, 0xff, 0x70, 0x68, 0x60, 0xff,
    0x70, 0x6c, 0x68, 0xff, 0x70, 0x68, 0x60, 0xff, 0x70, 0x68, 0x60, 0xff,
    0x70, 0x68, 0x68, 0xff, 0x70, 0x6c, 0x60, 0xff, 0x70, 0x68, 0x60, 0xff,
    0x70, 0x68, 0x68, 0xff, 0x70, 0x68, 0x60, 0xff, 0x70, 0x6c, 0x68, 0xff,
    0x70, 0x68, 0x60, 0xff, 0x70, 0x68, 0x68, 0xff, 0x70, 0x68, 0x60, 0xff,
    0x70, 0x6c, 0x68, 0xff, 0x70, 0x68, 0x60, 0xff, 0x70, 0x68, 0x68, 0xff,
    0x70, 0x68, 0x60, 0xff, 0x70, 0x6c, 0x68, 0xff, 0x70, 0x68, 0x60, 0xff,
    0x70, 0x68, 0x68, 0xff, 0x70, 0x68, 0x60, 0xff, 0x70, 0x6c, 0x68, 0xff,
    0x70, 0x68, 0x60, 0xff, 0x70, 0x68, 0x68, 0xff, 0x70, 0x6c, 0x60, 0xff,
    0x70, 0x68, 0x60, 0xff, 0x70, 0x68, 0x68, 0xff, 0x70, 0x68, 0x60, 0xff,
    0x70, 0x6c, 0x60, 0xff, 0x70, 0x68, 0x68, 0xff, 0x70, 0x68, 0x60, 0xff,
    0x70, 0x68, 0x60, 0xae, 0x70, 0x68, 0x68, 0x20, 0x00, 0x00, 0x00, 0x00,
    0x00, 0x00, 0x00, 0x00, 0x00, 0x00, 0x00, 0x00, 0x00, 0x00, 0x00, 0x00,
    0x00, 0x00, 0x00, 0x00, 0x00, 0x00, 0x00, 0x00, 0x00, 0x00, 0x00, 0x00,
    0x00, 0x00, 0x00, 0x00, 0x00, 0x00, 0x00, 0x00, 0x00, 0x00, 0x00, 0x00,
    0x00, 0x00, 0x00, 0x00, 0x00, 0x00, 0x00, 0x00, 0x00, 0x00, 0x00, 0x00,
    0x00, 0x00, 0x00, 0x00, 0x00, 0x00, 0x00, 0x00, 0x00, 0x00, 0x00, 0x00,
    0x00, 0x00, 0x00, 0x00, 0x00, 0x00, 0x00, 0x00, 0x00, 0x00, 0x00, 0x00,
    0x00, 0x00, 0x00, 0x00, 0x00, 0x00, 0x00, 0x00, 0x00, 0x00, 0x00, 0x00,
    0x00, 0x00, 0x00, 0x00, 0x00, 0x00, 0x00, 0x00, 0x00, 0x00, 0x00, 0x00,
    0x00, 0x00, 0x00, 0x00, 0x00, 0x00, 0x00, 0x00, 0x00, 0x00, 0x00, 0x00,
    0x00, 0x00, 0x00, 0x00, 0x00, 0x00, 0x00, 0x00, 0x00, 0x00, 0x00, 0x00,
    0x00, 0x00, 0x00, 0x00, 0x00, 0x00, 0x00, 0x00, 0x00, 0x00, 0x00, 0x00,
    0x00, 0x00, 0x00, 0x00, 0x00, 0x00, 0x00, 0x00, 0x00, 0x00, 0x00, 0x00,
    0x00, 0x00, 0x00, 0x00, 0x00, 0x00, 0x00, 0x00, 0x00, 0x00, 0x00, 0x00,
    0x00, 0x00, 0x00, 0x00, 0x00, 0x00, 0x00, 0x00, 0x00, 0x00, 0x00, 0x00,
    0x00, 0x00, 0x00, 0x00, 0x00, 0x00, 0x00, 0x00, 0x00, 0x00, 0x00, 0x00,
    0x00, 0x00, 0x00, 0x00, 0x00, 0x00, 0x00, 0x00, 0x00, 0x00, 0x00, 0x00,
    0x00, 0x00, 0x00, 0x00, 0x00, 0x00, 0x00, 0x00, 0x00, 0x00, 0x00, 0x00,
    0x00, 0x00, 0x00, 0x00, 0x00, 0x00, 0x00, 0x00, 0x00, 0x00, 0x00, 0x00,
    0x00, 0x00, 0x00, 0x00, 0x00, 0x00, 0x00, 0x00, 0x00, 0x00, 0x00, 0x00,
    0x00, 0x00, 0x00, 0x00, 0x00, 0x00, 0x00, 0x00, 0x00, 0x00, 0x00, 0x00,
    0x00, 0x00, 0x00, 0x00, 0x00, 0x00, 0x00, 0x00, 0x00, 0x00, 0x00, 0x00,
    0x00, 0x00, 0x00, 0x00, 0x70, 0x70, 0x60, 0x10, 0x70, 0x6c, 0x60, 0xcf,
    0x70, 0x6c, 0x60, 0xff, 0x70, 0x68, 0x68, 0xff, 0x70, 0x6c, 0x60, 0xff,
    0x70, 0x68, 0x60, 0xff, 0x70, 0x68, 0x60, 0x71, 0x00, 0x00, 0x00, 0x00,
    0x00, 0x00, 0x00, 0x00, 0x00, 0x00, 0x00, 0x00, 0x00, 0x00, 0x00, 0x00,
    0x00, 0x00, 0x00, 0x00, 0x00, 0x00, 0x00, 0x00, 0x00, 0x00, 0x00, 0x00,
    0x70, 0x68, 0x68, 0x20, 0x70, 0x68, 0x60, 0xdf, 0x70, 0x68, 0x60, 0xff,
    0x70, 0x68, 0x68, 0xff, 0x70, 0x68, 0x60, 0xff, 0x70, 0x68, 0x60, 0xdf,
    0x70, 0x68, 0x60, 0x20, 0x00, 0x00, 0x00, 0x00, 0x00, 0x00, 0x00, 0x00,
    0x00, 0x00, 0x00, 0x00, 0x00, 0x00, 0x00, 0x00, 0x70, 0x68, 0x68, 0x71,
    0x70, 0x68, 0x60, 0xef, 0x70, 0x6c, 0x60, 0xff, 0x70, 0x68, 0x68, 0xff,
    0x70, 0x6c, 0x60, 0xff, 0x70, 0x68, 0x68, 0xff, 0x70, 0x68, 0x60, 0xff,
    0x70, 0x6c, 0x68, 0xff, 0x70, 0x68, 0x60, 0xff, 0x70, 0x68, 0x60, 0xff,
    0x70, 0x68, 0x68, 0xff, 0x70, 0x68, 0x60, 0xff, 0x70, 0x6c, 0x60, 0xff,
    0x70, 0x68, 0x68, 0xff, 0x70, 0x68, 0x60, 0xff, 0x70, 0x68, 0x60, 0xff,
    0x70, 0x68, 0x68, 0xff, 0x70, 0x68, 0x60, 0xff, 0x70, 0x68, 0x60, 0xff,
    0x70, 0x68, 0x68, 0xff, 0x70, 0x68, 0x60, 0xff, 0x70, 0x68, 0x60, 0xff,
    0x70, 0x68, 0x68, 0xff, 0x70, 0x68, 0x60, 0xff, 0x70, 0x68, 0x60, 0xff,
    0x70, 0x68, 0x68, 0xff, 0x70, 0x68, 0x60, 0xff, 0x70, 0x68, 0x60, 0xff,
    0x70, 0x68, 0x68, 0xff, 0x70, 0x68, 0x60, 0xff, 0x70, 0x68, 0x60, 0xff,
    0x70, 0x68, 0x68, 0xff, 0x70, 0x68, 0x60, 0xff, 0x70, 0x68, 0x60, 0xff,
    0x70, 0x68, 0x68, 0xff, 0x70, 0x68, 0x60, 0xff, 0x70, 0x68, 0x60, 0xff,
    0x70, 0x68, 0x68, 0xff, 0x70, 0x68, 0x60, 0xff, 0x70, 0x6c, 0x68, 0xff,
    0x70, 0x68, 0x60, 0xff, 0x70, 0x68, 0x68, 0xff, 0x70, 0x6c, 0x60, 0xff,
    0x70, 0x68, 0x60, 0xff, 0x70, 0x68, 0x68, 0xff, 0x70, 0x6c, 0x60, 0xff,
    0x70, 0x68, 0x60, 0xff, 0x70, 0x68, 0x68, 0xef, 0x70, 0x68, 0x60, 0x71,
    0x00, 0x00, 0x00, 0x00, 0x00, 0x00, 0x00, 0x00, 0x00, 0x00, 0x00, 0x00,
    0x00, 0x00, 0x00, 0x00, 0x00, 0x00, 0x00, 0x00, 0x00, 0x00, 0x00, 0x00,
    0x00, 0x00, 0x00, 0x00, 0x00, 0x00, 0x00, 0x00, 0x00, 0x00, 0x00, 0x00,
    0x00, 0x00, 0x00, 0x00, 0x00, 0x00, 0x00, 0x00, 0x00, 0x00, 0x00, 0x00,
    0x00, 0x00, 0x00, 0x00, 0x00, 0x00, 0x00, 0x00, 0x00, 0x00, 0x00, 0x00,
    0x00, 0x00, 0x00, 0x00, 0x00, 0x00, 0x00, 0x00, 0x00, 0x00, 0x00, 0x00,
    0x00, 0x00, 0x00, 0x00, 0x00, 0x00, 0x00, 0x00, 0x00, 0x00, 0x00, 0x00,
    0x00, 0x00, 0x00, 0x00, 0x00, 0x00, 0x00, 0x00, 0x00, 0x00, 0x00, 0x00,
    0x00, 0x00, 0x00, 0x00, 0x00, 0x00, 0x00, 0x00, 0x00, 0x00, 0x00, 0x00,
    0x00, 0x00, 0x00, 0x00, 0x00, 0x00, 0x00, 0x00, 0x00, 0x00, 0x00, 0x00,
    0x00, 0x00, 0x00, 0x00, 0x00, 0x00, 0x00, 0x00, 0x00, 0x00, 0x00, 0x00,
    0x00, 0x00, 0x00, 0x00, 0x00, 0x00, 0x00, 0x00, 0x00, 0x00, 0x00, 0x00,
    0x00, 0x00, 0x00, 0x00, 0x00, 0x00, 0x00, 0x00, 0x00, 0x00, 0x00, 0x00,
    0x00, 0x00, 0x00, 0x00, 0x00, 0x00, 0x00, 0x00, 0x00, 0x00, 0x00, 0x00,
    0x00, 0x00, 0x00, 0x00, 0x00, 0x00, 0x00, 0x00, 0x00, 0x00, 0x00, 0x00,
    0x00, 0x00, 0x00, 0x00, 0x00, 0x00, 0x00, 0x00, 0x00, 0x00, 0x00, 0x00,
    0x00, 0x00, 0x00, 0x00, 0x00, 0x00, 0x00, 0x00, 0x00, 0x00, 0x00, 0x00,
    0x00, 0x00, 0x00, 0x00, 0x00, 0x00, 0x00, 0x00, 0x00, 0x00, 0x00, 0x00,
    0x00, 0x00, 0x00, 0x00, 0x00, 0x00, 0x00, 0x00, 0x00, 0x00, 0x00, 0x00,
    0x00, 0x00, 0x00, 0x00, 0x00, 0x00, 0x00, 0x00, 0x00, 0x00, 0x00, 0x00,
    0x00, 0x00, 0x00, 0x00, 0x00, 0x00, 0x00, 0x00, 0x00, 0x00, 0x00, 0x00,
    0x00, 0x00, 0x00, 0x00, 0x00, 0x00, 0x00, 0x00, 0x70, 0x70, 0x60, 0x10,
    0x70, 0x68, 0x60, 0xdf, 0x70, 0x68, 0x60, 0xff, 0x70, 0x68, 0x60, 0xff,
    0x70, 0x68, 0x60, 0xff, 0x70, 0x68, 0x68, 0xef, 0x70, 0x68, 0x68, 0x20,
    0x00, 0x00, 0x00, 0x00, 0x00, 0x00, 0x00, 0x00, 0x00, 0x00, 0x00, 0x00,
    0x00, 0x00, 0x00, 0x00, 0x00, 0x00, 0x00, 0x00, 0x00, 0x00, 0x00, 0x00,
    0x70, 0x68, 0x60, 0x9e, 0x70, 0x68, 0x68, 0xff, 0x70, 0x6c, 0x60, 0xff,
    0x70, 0x68, 0x60, 0xff, 0x70, 0x68, 0x60, 0xef, 0x70, 0x68, 0x60, 0x20,
    0x00, 0x00, 0x00, 0x00, 0x00, 0x00, 0x00, 0x00, 0x00, 0x00, 0x00, 0x00,
    0x00, 0x00, 0x00, 0x00, 0x70, 0x6c, 0x68, 0x82, 0x70, 0x68, 0x68, 0xff,
    0x70, 0x68, 0x60, 0xff, 0x70, 0x68, 0x60, 0xff, 0x70, 0x6c, 0x68, 0xff,
    0x70, 0x68, 0x60, 0xff, 0x70, 0x68, 0x60, 0xff, 0x70, 0x68, 0x68, 0xff,
    0x70, 0x68, 0x60, 0xff, 0x70, 0x68, 0x68, 0xff, 0x70, 0x6c, 0x60, 0xff,
    0x70, 0x68, 0x68, 0xff, 0x70, 0x68, 0x60, 0xff, 0x70, 0x6c, 0x68, 0xff,
    0x70, 0x68, 0x60, 0xff, 0x70, 0x6c, 0x60, 0xff, 0x70, 0x6c, 0x68, 0xff,
    0x70, 0x68, 0x60, 0xff, 0x70, 0x6c, 0x68, 0xff, 0x70, 0x68, 0x60, 0xff,
    0x70, 0x6c, 0x60, 0xff, 0x70, 0x68, 0x68, 0xff, 0x70, 0x6c, 0x60, 0xff,
    0x70, 0x6c, 0x68, 0xff, 0x70, 0x68, 0x60, 0xff, 0x70, 0x68, 0x60, 0xff,
    0x70, 0x6c, 0x68, 0xff, 0x70, 0x6c, 0x60, 0xff, 0x70, 0x68, 0x60, 0xff,
    0x70, 0x68, 0x68, 0xff, 0x70, 0x6c, 0x60, 0xff, 0x70, 0x6c, 0x60, 0xff,
    0x70, 0x68, 0x68, 0xff, 0x70, 0x68, 0x60, 0xff, 0x70, 0x6c, 0x60, 0xff,
    0x70, 0x6c, 0x68, 0xff, 0x70, 0x68, 0x60, 0xff, 0x70, 0x68, 0x60, 0xff,
    0x70, 0x6c, 0x68, 0xff, 0x70, 0x68, 0x60, 0xff, 0x70, 0x68, 0x60, 0xff,
    0x70, 0x68, 0x68, 0xff, 0x70, 0x6c, 0x60, 0xff, 0x70, 0x68, 0x68, 0xff,
    0x70, 0x68, 0x60, 0xff, 0x70, 0x68, 0x68, 0xff, 0x70, 0x6c, 0x60, 0xff,
    0x70, 0x68, 0x68, 0xff, 0x70, 0x68, 0x60, 0xff, 0x70, 0x68, 0x60, 0xff,
    0x70, 0x6c, 0x68, 0x82, 0x00, 0x00, 0x00, 0x00, 0x00, 0x00, 0x00, 0x00,
    0x00, 0x00, 0x00, 0x00, 0x00, 0x00, 0x00, 0x00, 0x00, 0x00, 0x00, 0x00,
    0x00, 0x00, 0x00, 0x00, 0x00, 0x00, 0x00, 0x00, 0x00, 0x00, 0x00, 0x00,
    0x00, 0x00, 0x00, 0x00, 0x00, 0x00, 0x00, 0x00, 0x00, 0x00, 0x00, 0x00,
    0x00, 0x00, 0x00, 0x00, 0x00, 0x00, 0x00, 0x00, 0x00, 0x00, 0x00, 0x00,
    0x00, 0x00, 0x00, 0x00, 0x00, 0x00, 0x00, 0x00, 0x00, 0x00, 0x00, 0x00,
    0x00, 0x00, 0x00, 0x00, 0x00, 0x00, 0x00, 0x00, 0x00, 0x00, 0x00, 0x00,
    0x00, 0x00, 0x00, 0x00, 0x00, 0x00, 0x00, 0x00, 0x00, 0x00, 0x00, 0x00,
    0x00, 0x00, 0x00, 0x00, 0x00, 0x00, 0x00, 0x00, 0x00, 0x00, 0x00, 0x00,
    0x00, 0x00, 0x00, 0x00, 0x00, 0x00, 0x00, 0x00, 0x00, 0x00, 0x00, 0x00,
    0x00, 0x00, 0x00, 0x00, 0x00, 0x00, 0x00, 0x00, 0x00, 0x00, 0x00, 0x00,
    0x00, 0x00, 0x00, 0x00, 0x00, 0x00, 0x00, 0x00, 0x00, 0x00, 0x00, 0x00,
    0x00, 0x00, 0x00, 0x00, 0x00, 0x00, 0x00, 0x00, 0x00, 0x00, 0x00, 0x00,
    0x00, 0x00, 0x00, 0x00, 0x00, 0x00, 0x00, 0x00, 0x00, 0x00, 0x00, 0x00,
    0x00, 0x00, 0x00, 0x00, 0x00, 0x00, 0x00, 0x00, 0x00, 0x00, 0x00, 0x00,
    0x00, 0x00, 0x00, 0x00, 0x00, 0x00, 0x00, 0x00, 0x00, 0x00, 0x00, 0x00,
    0x00, 0x00, 0x00, 0x00, 0x00, 0x00, 0x00, 0x00, 0x00, 0x00, 0x00, 0x00,
    0x00, 0x00, 0x00, 0x00, 0x00, 0x00, 0x00, 0x00, 0x00, 0x00, 0x00, 0x00,
    0x00, 0x00, 0x00, 0x00, 0x00, 0x00, 0x00, 0x00, 0x00, 0x00, 0x00, 0x00,
    0x00, 0x00, 0x00, 0x00, 0x00, 0x00, 0x00, 0x00, 0x00, 0x00, 0x00, 0x00,
    0x00, 0x00, 0x00, 0x00, 0x00, 0x00, 0x00, 0x00, 0x00, 0x00, 0x00, 0x00,
    0x00, 0x00, 0x00, 0x00, 0x00, 0x00, 0x00, 0x00, 0x00, 0x00, 0x00, 0x00,
    0x70, 0x68, 0x60, 0x20, 0x70, 0x68, 0x68, 0xef, 0x70, 0x6c, 0x68, 0xff,
    0x70, 0x68, 0x60, 0xff, 0x70, 0x68, 0x60, 0xff, 0x70, 0x68, 0x60, 0xae,
    0x00, 0x00, 0x00, 0x00, 0x00, 0x00, 0x00, 0x00, 0x00, 0x00, 0x00, 0x00,
    0x00, 0x00, 0x00, 0x00, 0x00, 0x00, 0x00, 0x00, 0x70, 0x68, 0x68, 0x20,
    0x70, 0x68, 0x60, 0xff, 0x70, 0x68, 0x68, 0xff, 0x70, 0x6c, 0x68, 0xff,
    0x70, 0x68, 0x60, 0xff, 0x70, 0x68, 0x68, 0x6d, 0x00, 0x00, 0x00, 0x00,
    0x00, 0x00, 0x00, 0x00, 0x00, 0x00, 0x00, 0x00, 0x00, 0x00, 0x00, 0x00,
    0x70, 0x6c, 0x68, 0x82, 0x70, 0x68, 0x60, 0xff, 0x70, 0x68, 0x60, 0xff,
    0x70, 0x6c, 0x68, 0xff, 0x70, 0x68, 0x60, 0xff, 0x70, 0x68, 0x60, 0xff,
    0x70, 0x68, 0x68, 0xff, 0x70, 0x6c, 0x60, 0xff, 0x70, 0x68, 0x60, 0xff,
    0x70, 0x68, 0x68, 0xff, 0x70, 0x6c, 0x60, 0xff, 0x70, 0x68, 0x60, 0xff,
    0x70, 0x68, 0x60, 0xff, 0x70, 0x68, 0x68, 0xff, 0x70, 0x68, 0x60, 0xff,
    0x70, 0x68, 0x68, 0xff, 0x70, 0x68, 0x60, 0xff, 0x70, 0x68, 0x60, 0xff,
    0x70, 0x68, 0x68, 0xff, 0x70, 0x68, 0x60, 0xff, 0x70, 0x68, 0x68, 0xff,
    0x70, 0x68, 0x60, 0xff, 0x70, 0x68, 0x60, 0xff, 0x70, 0x68, 0x68, 0xff,
    0x70, 0x68, 0x60, 0xff, 0x70, 0x68, 0x60, 0xff, 0x70, 0x68, 0x68, 0xff,
    0x70, 0x68, 0x60, 0xff, 0x70, 0x68, 0x68, 0xff, 0x70, 0x6c, 0x60, 0xff,
    0x70, 0x68, 0x60, 0xff, 0x70, 0x68, 0x68, 0xff, 0x70, 0x68, 0x60, 0xff,
    0x70, 0x68, 0x68, 0xff, 0x70, 0x68, 0x60, 0xff, 0x70, 0x68, 0x60, 0xff,
    0x70, 0x68, 0x68, 0xff, 0x70, 0x68, 0x60, 0xff, 0x70, 0x6c, 0x60, 0xff,
    0x70, 0x68, 0x68, 0xff, 0x70, 0x68, 0x60, 0xff, 0x70, 0x68, 0x60, 0xff,
    0x70, 0x6c, 0x68, 0xff, 0x70, 0x68, 0x60, 0xff, 0x70, 0x68, 0x60, 0xff,
    0x70, 0x68, 0x68, 0xff, 0x70, 0x68, 0x60, 0xff, 0x70, 0x68, 0x60, 0xff,
    0x70, 0x6c, 0x68, 0xff, 0x70, 0x68, 0x60, 0xff, 0x70, 0x68, 0x60, 0xff,
    0x70, 0x68, 0x68, 0xff, 0x70, 0x6c, 0x68, 0x82, 0x00, 0x00, 0x00, 0x00,
    0x00, 0x00, 0x00, 0x00, 0x00, 0x00, 0x00, 0x00, 0x00, 0x00, 0x00, 0x00,
    0x00, 0x00, 0x00, 0x00, 0x00, 0x00, 0x00, 0x00, 0x00, 0x00, 0x00, 0x00,
    0x00, 0x00, 0x00, 0x00, 0x00, 0x00, 0x00, 0x00, 0x00, 0x00, 0x00, 0x00,
    0x00, 0x00, 0x00, 0x00, 0x00, 0x00, 0x00, 0x00, 0x00, 0x00, 0x00, 0x00,
    0x00, 0x00, 0x00, 0x00, 0x00, 0x00, 0x00, 0x00, 0x00, 0x00, 0x00, 0x00,
    0x00, 0x00, 0x00, 0x00, 0x00, 0x00, 0x00, 0x00, 0x00, 0x00, 0x00, 0x00,
    0x00, 0x00, 0x00, 0x00, 0x00, 0x00, 0x00, 0x00, 0x00, 0x00, 0x00, 0x00,
    0x00, 0x00, 0x00, 0x00, 0x00, 0x00, 0x00, 0x00, 0x00, 0x00, 0x00, 0x00,
    0x00, 0x00, 0x00, 0x00, 0x00, 0x00, 0x00, 0x00, 0x00, 0x00, 0x00, 0x00,
    0x00, 0x00, 0x00, 0x00, 0x00, 0x00, 0x00, 0x00, 0x00, 0x00, 0x00, 0x00,
    0x00, 0x00, 0x00, 0x00, 0x00, 0x00, 0x00, 0x00, 0x00, 0x00, 0x00, 0x00,
    0x00, 0x00, 0x00, 0x00, 0x00, 0x00, 0x00, 0x00, 0x00, 0x00, 0x00, 0x00,
    0x00, 0x00, 0x00, 0x00, 0x00, 0x00, 0x00, 0x00, 0x00, 0x00, 0x00, 0x00,
    0x00, 0x00, 0x00, 0x00, 0x00, 0x00, 0x00, 0x00, 0x00, 0x00, 0x00, 0x00,
    0x00, 0x00, 0x00, 0x00, 0x00, 0x00, 0x00, 0x00, 0x00, 0x00, 0x00, 0x00,
    0x00, 0x00, 0x00, 0x00, 0x00, 0x00, 0x00, 0x00, 0x00, 0x00, 0x00, 0x00,
    0x00, 0x00, 0x00, 0x00, 0x00, 0x00, 0x00, 0x00, 0x00, 0x00, 0x00, 0x00,
    0x00, 0x00, 0x00, 0x00, 0x00, 0x00, 0x00, 0x00, 0x00, 0x00, 0x00, 0x00,
    0x00, 0x00, 0x00, 0x00, 0x00, 0x00, 0x00, 0x00, 0x00, 0x00, 0x00, 0x00,
    0x00, 0x00, 0x00, 0x00, 0x00, 0x00, 0x00, 0x00, 0x00, 0x00, 0x00, 0x00,
    0x00, 0x00, 0x00, 0x00, 0x00, 0x00, 0x00, 0x00, 0x00, 0x00, 0x00, 0x00,
    0x00, 0x00, 0x00, 0x00, 0x70, 0x68, 0x60, 0x71, 0x70, 0x68, 0x68, 0xff,
    0x70, 0x6c, 0x60, 0xff, 0x70, 0x68, 0x68, 0xff, 0x70, 0x68, 0x60, 0xff,
    0x70, 0x68, 0x68, 0x41, 0x00, 0x00, 0x00, 0x00, 0x00, 0x00, 0x00, 0x00,
    0x00, 0x00, 0x00, 0x00, 0x00, 0x00, 0x00, 0x00, 0x70, 0x6c, 0x60, 0x9e,
    0x70, 0x68, 0x60, 0xff, 0x70, 0x68, 0x60, 0xff, 0x70, 0x68, 0x60, 0xff,
    0x70, 0x68, 0x60, 0xdf, 0x00, 0x00, 0x00, 0x00, 0x00, 0x00, 0x00, 0x00,
    0x00, 0x00, 0x00, 0x00, 0x00, 0x00, 0x00, 0x00, 0x70, 0x68, 0x68, 0x71,
    0x70, 0x68, 0x60, 0xff, 0x70, 0x68, 0x60, 0xff, 0x70, 0x68, 0x68, 0xff,
    0x70, 0x6c, 0x60, 0xff, 0x70, 0x68, 0x68, 0xff, 0x70, 0x68, 0x60, 0xff,
    0x70, 0x6c, 0x68, 0xff, 0x70, 0x68, 0x60, 0xff, 0x70, 0x68, 0x60, 0xff,
    0x70, 0x6c, 0x68, 0xff, 0x70, 0x68, 0x60, 0xff, 0x70, 0x68, 0x68, 0xff,
    0x70, 0x6c, 0x60, 0xff, 0x70, 0x68, 0x60, 0xff, 0x70, 0x68, 0x68, 0xff,
    0x70, 0x6c, 0x60, 0xff, 0x70, 0x68, 0x68, 0xff, 0x70, 0x68, 0x60, 0xff,
    0x70, 0x6c, 0x60, 0xff, 0x70, 0x68, 0x68, 0xff, 0x70, 0x68, 0x60, 0xff,
    0x70, 0x6c, 0x68, 0xff, 0x70, 0x68, 0x60, 0xff, 0x70, 0x68, 0x60, 0xff,
    0x70, 0x6c, 0x68, 0xff, 0x70, 0x68, 0x60, 0xff, 0x70, 0x6c, 0x60, 0xff,
    0x70, 0x68, 0x68, 0xff, 0x70, 0x68, 0x60, 0xff, 0x70, 0x68, 0x68, 0xff,
    0x70, 0x68, 0x60, 0xff, 0x70, 0x68, 0x60, 0xff, 0x70, 0x6c, 0x68, 0xff,
    0x70, 0x68, 0x60, 0xff, 0x70, 0x6c, 0x68, 0xff, 0x70, 0x68, 0x60, 0xff,
    0x70, 0x68, 0x68, 0xff, 0x70, 0x6c, 0x60, 0xff, 0x70, 0x68, 0x68, 0xff,
    0x70, 0x68, 0x60, 0xff, 0x70, 0x6c, 0x60, 0xff, 0x70, 0x68, 0x68, 0xff,
    0x70, 0x68, 0x60, 0xff, 0x70, 0x68, 0x60, 0xff, 0x70, 0x6c, 0x68, 0xff,
    0x70, 0x68, 0x60, 0xff, 0x70, 0x68, 0x60, 0xff, 0x70, 0x68, 0x68, 0xff,
    0x70, 0x68, 0x60, 0xff, 0x70, 0x6c, 0x68, 0xff, 0x70, 0x68, 0x60, 0xff,
    0x70, 0x68, 0x60, 0xff, 0x70, 0x68, 0x60, 0xff, 0x70, 0x68, 0x60, 0x6d,
    0x00, 0x00, 0x00, 0x00, 0x00, 0x00, 0x00, 0x00, 0x00, 0x00, 0x00, 0x00,
    0x00, 0x00, 0x00, 0x00, 0x00, 0x00, 0x00, 0x00, 0x00, 0x00, 0x00, 0x00,
    0x00, 0x00, 0x00, 0x00, 0x00, 0x00, 0x00, 0x00, 0x00, 0x00, 0x00, 0x00,
    0x00, 0x00, 0x00, 0x00, 0x00, 0x00, 0x00, 0x00, 0x00, 0x00, 0x00, 0x00,
    0x00, 0x00, 0x00, 0x00, 0x00, 0x00, 0x00, 0x00, 0x00, 0x00, 0x00, 0x00,
    0x00, 0x00, 0x00, 0x00, 0x00, 0x00, 0x00, 0x00, 0x00, 0x00, 0x00, 0x00,
    0x00, 0x00, 0x00, 0x00, 0x00, 0x00, 0x00, 0x00, 0x00, 0x00, 0x00, 0x00,
    0x00, 0x00, 0x00, 0x00, 0x00, 0x00, 0x00, 0x00, 0x00, 0x00, 0x00, 0x00,
    0x00, 0x00, 0x00, 0x00, 0x00, 0x00, 0x00, 0x00, 0x00, 0x00, 0x00, 0x00,
    0x00, 0x00, 0x00, 0x00, 0x00, 0x00, 0x00, 0x00, 0x00, 0x00, 0x00, 0x00,
    0x00, 0x00, 0x00, 0x00, 0x00, 0x00, 0x00, 0x00, 0x00, 0x00, 0x00, 0x00,
    0x00, 0x00, 0x00, 0x00, 0x00, 0x00, 0x00, 0x00, 0x00, 0x00, 0x00, 0x00,
    0x00, 0x00, 0x00, 0x00, 0x00, 0x00, 0x00, 0x00, 0x00, 0x00, 0x00, 0x00,
    0x00, 0x00, 0x00, 0x00, 0x00, 0x00, 0x00, 0x00, 0x00, 0x00, 0x00, 0x00,
    0x00, 0x00, 0x00, 0x00, 0x00, 0x00, 0x00, 0x00, 0x00, 0x00, 0x00, 0x00,
    0x00, 0x00, 0x00, 0x00, 0x00, 0x00, 0x00, 0x00, 0x00, 0x00, 0x00, 0x00,
    0x00, 0x00, 0x00, 0x00, 0x00, 0x00, 0x00, 0x00, 0x00, 0x00, 0x00, 0x00,
    0x00, 0x00, 0x00, 0x00, 0x00, 0x00, 0x00, 0x00, 0x00, 0x00, 0x00, 0x00,
    0x00, 0x00, 0x00, 0x00, 0x00, 0x00, 0x00, 0x00, 0x00, 0x00, 0x00, 0x00,
    0x00, 0x00, 0x00, 0x00, 0x00, 0x00, 0x00, 0x00, 0x00, 0x00, 0x00, 0x00,
    0x00, 0x00, 0x00, 0x00, 0x00, 0x00, 0x00, 0x00, 0x00, 0x00, 0x00, 0x00,
    0x00, 0x00, 0x00, 0x00, 0x00, 0x00, 0x00, 0x00, 0x70, 0x68, 0x60, 0xbe,
    0x70, 0x68, 0x68, 0xff, 0x70, 0x6c, 0x60, 0xff, 0x70, 0x68, 0x60, 0xff,
    0x70, 0x68, 0x60, 0xbe, 0x00, 0x00, 0x00, 0x00, 0x00, 0x00, 0x00, 0x00,
    0x00, 0x00, 0x00, 0x00, 0x70, 0x68, 0x68, 0x20, 0x70, 0x68, 0x68, 0xff,
    0x70, 0x68, 0x60, 0xff, 0x70, 0x68, 0x68, 0xff, 0x70, 0x6c, 0x68, 0xff,
    0x70, 0x68, 0x60, 0x41, 0x00, 0x00, 0x00, 0x00, 0x00, 0x00, 0x00, 0x00,
    0x00, 0x00, 0x00, 0x00, 0x70, 0x68, 0x68, 0x20, 0x70, 0x68, 0x68, 0xef,
    0x70, 0x6c, 0x60, 0xff, 0x70, 0x68, 0x68, 0xff, 0x70, 0x68, 0x60, 0xff,
    0x70, 0x68, 0x60, 0xff, 0x70, 0x68, 0x68, 0xff, 0x70, 0x68, 0x60, 0xff,
    0x70, 0x68, 0x60, 0xff, 0x70, 0x68, 0x68, 0xff, 0x70, 0x68, 0x60, 0xff,
    0x70, 0x68, 0x60, 0xff, 0x70, 0x68, 0x68, 0xff, 0x70, 0x68, 0x60, 0xff,
    0x70, 0x6c, 0x68, 0xff, 0x70, 0x68, 0x60, 0xff, 0x70, 0x68, 0x60, 0xff,
    0x70, 0x6c, 0x68, 0xff, 0x70, 0x68, 0x60, 0xff, 0x70, 0x68, 0x60, 0xff,
    0x70, 0x6c, 0x68, 0xff, 0x70, 0x68, 0x60, 0xff, 0x70, 0x68, 0x60, 0xff,
    0x70, 0x6c, 0x68, 0xff, 0x70, 0x68, 0x60, 0xff, 0x70, 0x68, 0x60, 0xff,
    0x70, 0x6c, 0x68, 0xff, 0x70, 0x68, 0x68, 0xff, 0x70, 0x68, 0x60, 0xff,
    0x70, 0x6c, 0x60, 0xff, 0x70, 0x68, 0x68, 0xff, 0x70, 0x68, 0x60, 0xff,
    0x70, 0x6c, 0x68, 0xff, 0x70, 0x68, 0x60, 0xff, 0x70, 0x68, 0x60, 0xff,
    0x70, 0x6c, 0x68, 0xff, 0x70, 0x68, 0x60, 0xff, 0x70, 0x68, 0x60, 0xff,
    0x70, 0x6c, 0x60, 0xff, 0x70, 0x68, 0x68, 0xff, 0x70, 0x68, 0x60, 0xff,
    0x70, 0x68, 0x68, 0xff, 0x70, 0x68, 0x60, 0xff, 0x70, 0x6c, 0x68, 0xff,
    0x70, 0x68, 0x60, 0xff, 0x70, 0x68, 0x60, 0xff, 0x70, 0x6c, 0x68, 0xff,
    0x70, 0x68, 0x60, 0xff, 0x70, 0x6c, 0x60, 0xff, 0x70, 0x68, 0x68, 0xff,
    0x70, 0x68, 0x60, 0xff, 0x70, 0x68, 0x60, 0xff, 0x70, 0x6c, 0x68, 0xff,
    0x70, 0x68, 0x60, 0xff, 0x70, 0x68, 0x60, 0xff, 0x70, 0x68, 0x68, 0xef,
    0x70, 0x68, 0x68, 0x20, 0x00, 0x00, 0x00, 0x00, 0x00, 0x00, 0x00, 0x00,
    0x00, 0x00, 0x00, 0x00, 0x00, 0x00, 0x00, 0x00, 0x00, 0x00, 0x00, 0x00,
    0x00, 0x00, 0x00, 0x00, 0x00, 0x00, 0x00, 0x00, 0x00, 0x00, 0x00, 0x00,
    0x00, 0x00, 0x00, 0x00, 0x00, 0x00, 0x00, 0x00, 0x00, 0x00, 0x00, 0x00,
    0x00, 0x00, 0x00, 0x00, 0x00, 0x00, 0x00, 0x00, 0x00, 0x00, 0x00, 0x00,
    0x00, 0x00, 0x00, 0x00, 0x00, 0x00, 0x00, 0x00, 0x00, 0x00, 0x00, 0x00,
    0x00, 0x00, 0x00, 0x00, 0x00, 0x00, 0x00, 0x00, 0x00, 0x00, 0x00, 0x00,
    0x00, 0x00, 0x00, 0x00, 0x00, 0x00, 0x00, 0x00, 0x00, 0x00, 0x00, 0x00,
    0x00, 0x00, 0x00, 0x00, 0x00, 0x00, 0x00, 0x00, 0x00, 0x00, 0x00, 0x00,
    0x00, 0x00, 0x00, 0x00, 0x00, 0x00, 0x00, 0x00, 0x00, 0x00, 0x00, 0x00,
    0x00, 0x00, 0x00, 0x00, 0x00, 0x00, 0x00, 0x00, 0x00, 0x00, 0x00, 0x00,
    0x00, 0x00, 0x00, 0x00, 0x00, 0x00, 0x00, 0x00, 0x00, 0x00, 0x00, 0x00,
    0x00, 0x00, 0x00, 0x00, 0x00, 0x00, 0x00, 0x00, 0x00, 0x00, 0x00, 0x00,
    0x00, 0x00, 0x00, 0x00, 0x00, 0x00, 0x00, 0x00, 0x00, 0x00, 0x00, 0x00,
    0x00, 0x00, 0x00, 0x00, 0x00, 0x00, 0x00, 0x00, 0x00, 0x00, 0x00, 0x00,
    0x00, 0x00, 0x00, 0x00, 0x00, 0x00, 0x00, 0x00, 0x00, 0x00, 0x00, 0x00,
    0x00, 0x00, 0x00, 0x00, 0x00, 0x00, 0x00, 0x00, 0x00, 0x00, 0x00, 0x00,
    0x00, 0x00, 0x00, 0x00, 0x00, 0x00, 0x00, 0x00, 0x00, 0x00, 0x00, 0x00,
    0x00, 0x00, 0x00, 0x00, 0x00, 0x00, 0x00, 0x00, 0x00, 0x00, 0x00, 0x00,
    0x00, 0x00, 0x00, 0x00, 0x00, 0x00, 0x00, 0x00, 0x00, 0x00, 0x00, 0x00,
    0x00, 0x00, 0x00, 0x00, 0x00, 0x00, 0x00, 0x00, 0x00, 0x00, 0x00, 0x00,
    0x00, 0x00, 0x00, 0x00, 0x00, 0x00, 0x00, 0x00, 0x70, 0x68, 0x68, 0x41,
    0x70, 0x68, 0x60, 0xff, 0x70, 0x68, 0x60, 0xff, 0x70, 0x6c, 0x68, 0xff,
    0x70, 0x68, 0x68, 0xff, 0x70, 0x70, 0x60, 0x10, 0x00, 0x00, 0x00, 0x00,
    0x00, 0x00, 0x00, 0x00, 0x70, 0x68, 0x60, 0x8e, 0x70, 0x68, 0x60, 0xff,
    0x70, 0x68, 0x68, 0xff, 0x70, 0x6c, 0x60, 0xff, 0x70, 0x68, 0x60, 0xcf,
    0x00, 0x00, 0x00, 0x00, 0x00, 0x00, 0x00, 0x00, 0x00, 0x00, 0x00, 0x00,
    0x00, 0x00, 0x00, 0x00, 0x70, 0x68, 0x68, 0xae, 0x70, 0x6c, 0x60, 0xff,
    0x70, 0x68, 0x60, 0xff, 0x70, 0x68, 0x68, 0xff, 0x70, 0x6c, 0x60, 0xff,
    0x70, 0x68, 0x60, 0xff, 0x70, 0x6c, 0x68, 0xff, 0x70, 0x68, 0x60, 0xff,
    0x70, 0x68, 0x60, 0xff, 0x70, 0x6c, 0x68, 0xff, 0x70, 0x6c, 0x60, 0xff,
    0x70, 0x68, 0x60, 0xff, 0x70, 0x68, 0x68, 0xff, 0x70, 0x6c, 0x60, 0xff,
    0x70, 0x68, 0x60, 0xff, 0x70, 0x68, 0x68, 0xff, 0x70, 0x68, 0x60, 0xff,
    0x70, 0x68, 0x60, 0xff, 0x70, 0x68, 0x68, 0xff, 0x70, 0x68, 0x60, 0xff,
    0x70, 0x68, 0x68, 0xff, 0x70, 0x68, 0x60, 0xff, 0x70, 0x68, 0x60, 0xff,
    0x70, 0x68, 0x68, 0xff, 0x70, 0x68, 0x60, 0xff, 0x70, 0x68, 0x60, 0xff,
    0x70, 0x68, 0x68, 0xff, 0x70, 0x68, 0x60, 0xff, 0x70, 0x68, 0x60, 0xff,
    0x70, 0x68, 0x68, 0xff, 0x70, 0x6c, 0x60, 0xff, 0x70, 0x68, 0x60, 0xff,
    0x70, 0x68, 0x68, 0xff, 0x70, 0x68, 0x60, 0xff, 0x70, 0x68, 0x60, 0xff,
    0x70, 0x68, 0x68, 0xff, 0x70, 0x68, 0x60, 0xff, 0x70, 0x68, 0x68, 0xff,
    0x70, 0x68, 0x60, 0xff, 0x70, 0x68, 0x60, 0xff, 0x70, 0x6c, 0x68, 0xff,
    0x70, 0x68, 0x60, 0xff, 0x70, 0x68, 0x60, 0xff, 0x70, 0x68, 0x68, 0xff,
    0x70, 0x68, 0x60, 0xff, 0x70, 0x68, 0x68, 0xff, 0x70, 0x68, 0x60, 0xff,
    0x70, 0x68, 0x68, 0xff, 0x70, 0x68, 0x60, 0xff, 0x70, 0x6c, 0x60, 0xff,
    0x70, 0x68, 0x68, 0xff, 0x70, 0x68, 0x60, 0xff, 0x70, 0x68, 0x68, 0xff,
    0x70, 0x6c, 0x68, 0xff, 0x70, 0x68, 0x60, 0xff, 0x70, 0x68, 0x60, 0xff,
    0x70, 0x68, 0x68, 0xbe, 0x00, 0x00, 0x00, 0x00, 0x00, 0x00, 0x00, 0x00,
    0x00, 0x00, 0x00, 0x00, 0x00, 0x00, 0x00, 0x00, 0x00, 0x00, 0x00, 0x00,
    0x00, 0x00, 0x00, 0x00, 0x00, 0x00, 0x00, 0x00, 0x00, 0x00, 0x00, 0x00,
    0x00, 0x00, 0x00, 0x00, 0x00, 0x00, 0x00, 0x00, 0x00, 0x00, 0x00, 0x00,
    0x00, 0x00, 0x00, 0x00, 0x00, 0x00, 0x00, 0x00, 0x00, 0x00, 0x00, 0x00,
    0x00, 0x00, 0x00, 0x00, 0x00, 0x00, 0x00, 0x00, 0x00, 0x00, 0x00, 0x00,
    0x00, 0x00, 0x00, 0x00, 0x00, 0x00, 0x00, 0x00, 0x00, 0x00, 0x00, 0x00,
    0x00, 0x00, 0x00, 0x00, 0x00, 0x00, 0x00, 0x00, 0x00, 0x00, 0x00, 0x00,
    0x00, 0x00, 0x00, 0x00, 0x00, 0x00, 0x00, 0x00, 0x00, 0x00, 0x00, 0x00,
    0x00, 0x00, 0x00, 0x00, 0x00, 0x00, 0x00, 0x00, 0x00, 0x00, 0x00, 0x00,
    0x00, 0x00, 0x00, 0x00, 0x00, 0x00, 0x00, 0x00, 0x00, 0x00, 0x00, 0x00,
    0x00, 0x00, 0x00, 0x00, 0x00, 0x00, 0x00, 0x00, 0x00, 0x00, 0x00, 0x00,
    0x00, 0x00, 0x00, 0x00, 0x00, 0x00, 0x00, 0x00, 0x00, 0x00, 0x00, 0x00,
    0x00, 0x00, 0x00, 0x00, 0x00, 0x00, 0x00, 0x00, 0x00, 0x00, 0x00, 0x00,
    0x00, 0x00, 0x00, 0x00, 0x00, 0x00, 0x00, 0x00, 0x00, 0x00, 0x00, 0x00,
    0x00, 0x00, 0x00, 0x00, 0x00, 0x00, 0x00, 0x00, 0x00, 0x00, 0x00, 0x00,
    0x00, 0x00, 0x00, 0x00, 0x00, 0x00, 0x00, 0x00, 0x00, 0x00, 0x00, 0x00,
    0x00, 0x00, 0x00, 0x00, 0x00, 0x00, 0x00, 0x00, 0x00, 0x00, 0x00, 0x00,
    0x00, 0x00, 0x00, 0x00, 0x00, 0x00, 0x00, 0x00, 0x00, 0x00, 0x00, 0x00,
    0x00, 0x00, 0x00, 0x00, 0x00, 0x00, 0x00, 0x00, 0x00, 0x00, 0x00, 0x00,
    0x00, 0x00, 0x00, 0x00, 0x00, 0x00, 0x00, 0x00, 0x00, 0x00, 0x00, 0x00,
    0x00, 0x00, 0x00, 0x00, 0x00, 0x00, 0x00, 0x00, 0x00, 0x00, 0x00, 0x00,
    0x70, 0x6c, 0x60, 0xbe, 0x70, 0x68, 0x68, 0xff, 0x70, 0x68, 0x60, 0xff,
    0x70, 0x68, 0x60, 0xff, 0x70, 0x68, 0x60, 0x7d, 0x00, 0x00, 0x00, 0x00,
    0x00, 0x00, 0x00, 0x00, 0x70, 0x68, 0x60, 0xdf, 0x70, 0x68, 0x60, 0xff,
    0x70, 0x6c, 0x68, 0xff, 0x70, 0x68, 0x60, 0xff, 0x70, 0x68, 0x60, 0x5d,
    0x00, 0x00, 0x00, 0x00, 0x00, 0x00, 0x00, 0x00, 0x00, 0x00, 0x00, 0x00,
    0x70, 0x68, 0x68, 0x41, 0x70, 0x68, 0x60, 0xff, 0x70, 0x68, 0x60, 0xff,
    0x70, 0x68, 0x68, 0xff, 0x70, 0x68, 0x60, 0xff, 0x70, 0x68, 0x60, 0xff,
    0x70, 0x6c, 0x68, 0xff, 0x70, 0x68, 0x60, 0xff, 0x70, 0x68, 0x68, 0xff,
    0x70, 0x6c, 0x60, 0xff, 0x70, 0x68, 0x68, 0xff, 0x70, 0x68, 0x60, 0xff,
    0x70, 0x68, 0x68, 0xff, 0x70, 0x6c, 0x60, 0xff, 0x70, 0x68, 0x60, 0xff,
    0x70, 0x68, 0x68, 0xff, 0x70, 0x6c, 0x60, 0xff, 0x70, 0x68, 0x68, 0xff,
    0x70, 0x68, 0x60, 0xff, 0x70, 0x6c, 0x60, 0xff, 0x70, 0x68, 0x68, 0xff,
    0x70, 0x6c, 0x60, 0xff, 0x70, 0x68, 0x60, 0xff, 0x70, 0x6c, 0x68, 0xff,
    0x70, 0x68, 0x60, 0xff, 0x70, 0x6c, 0x68, 0xff, 0x70, 0x68, 0x60, 0xff,
    0x70, 0x6c, 0x60, 0xff, 0x70, 0x68, 0x68, 0xff, 0x70, 0x68, 0x60, 0xff,
    0x70, 0x6c, 0x60, 0xff, 0x70, 0x68, 0x68, 0xff, 0x70, 0x68, 0x60, 0xff,
    0x70, 0x6c, 0x60, 0xff, 0x70, 0x68, 0x68, 0xff, 0x70, 0x6c, 0x60, 0xff,
    0x70, 0x68, 0x60, 0xff, 0x70, 0x6c, 0x68, 0xff, 0x70, 0x68, 0x60, 0xff,
    0x70, 0x68, 0x68, 0xff, 0x70, 0x6c, 0x60, 0xff, 0x70, 0x68, 0x60, 0xff,
    0x70, 0x68, 0x68, 0xff, 0x70, 0x6c, 0x60, 0xff, 0x70, 0x68, 0x60, 0xff,
    0x70, 0x6c, 0x68, 0xff, 0x70, 0x68, 0x60, 0xff, 0x70, 0x68, 0x60, 0xff,
    0x70, 0x6c, 0x68, 0xff, 0x70, 0x68, 0x60, 0xff, 0x70, 0x68, 0x60, 0xff,
    0x70, 0x6c, 0x68, 0xff, 0x70, 0x68, 0x60, 0xff, 0x70, 0x68, 0x60, 0xff,
    0x70, 0x68, 0x68, 0xff, 0x70, 0x6c, 0x60, 0xff, 0x70, 0x68, 0x60, 0xff,
    0x70, 0x68, 0x60, 0xff, 0x70, 0x68, 0x68, 0x41, 0x00, 0x00, 0x00, 0x00,
    0x00, 0x00, 0x00, 0x00, 0x00, 0x00, 0x00, 0x00, 0x00, 0x00, 0x00, 0x00,
    0x00, 0x00, 0x00, 0x00, 0x00, 0x00, 0x00, 0x00, 0x00, 0x00, 0x00, 0x00,
    0x00, 0x00, 0x00, 0x00, 0x00, 0x00, 0x00, 0x00, 0x00, 0x00, 0x00, 0x00,
    0x00, 0x00, 0x00, 0x00, 0x00, 0x00, 0x00, 0x00, 0x00, 0x00, 0x00, 0x00,
    0x00, 0x00, 0x00, 0x00, 0x00, 0x00, 0x00, 0x00, 0x00, 0x00, 0x00, 0x00,
    0x00, 0x00, 0x00, 0x00, 0x00, 0x00, 0x00, 0x00, 0x00, 0x00, 0x00, 0x00,
    0x00, 0x00, 0x00, 0x00, 0x00, 0x00, 0x00, 0x00, 0x00, 0x00, 0x00, 0x00,
    0x00, 0x00, 0x00, 0x00, 0x00, 0x00, 0x00, 0x00, 0x00, 0x00, 0x00, 0x00,
    0x00, 0x00, 0x00, 0x00, 0x00, 0x00, 0x00, 0x00, 0x00, 0x00, 0x00, 0x00,
    0x00, 0x00, 0x00, 0x00, 0x00, 0x00, 0x00, 0x00, 0x00, 0x00, 0x00, 0x00,
    0x00, 0x00, 0x00, 0x00, 0x00, 0x00, 0x00, 0x00, 0x00, 0x00, 0x00, 0x00,
    0x00, 0x00, 0x00, 0x00, 0x00, 0x00, 0x00, 0x00, 0x00, 0x00, 0x00, 0x00,
    0x00, 0x00, 0x00, 0x00, 0x00, 0x00, 0x00, 0x00, 0x00, 0x00, 0x00, 0x00,
    0x00, 0x00, 0x00, 0x00, 0x00, 0x00, 0x00, 0x00, 0x00, 0x00, 0x00, 0x00,
    0x00, 0x00, 0x00, 0x00, 0x00, 0x00, 0x00, 0x00, 0x00, 0x00, 0x00, 0x00,
    0x00, 0x00, 0x00, 0x00, 0x00, 0x00, 0x00, 0x00, 0x00, 0x00, 0x00, 0x00,
    0x00, 0x00, 0x00, 0x00, 0x00, 0x00, 0x00, 0x00, 0x00, 0x00, 0x00, 0x00,
    0x00, 0x00, 0x00, 0x00, 0x00, 0x00, 0x00, 0x00, 0x00, 0x00, 0x00, 0x00,
    0x00, 0x00, 0x00, 0x00, 0x00, 0x00, 0x00, 0x00, 0x00, 0x00, 0x00, 0x00,
    0x00, 0x00, 0x00, 0x00, 0x00, 0x00, 0x00, 0x00, 0x00, 0x00, 0x00, 0x00,
    0x00, 0x00, 0x00, 0x00, 0x00, 0x00, 0x00, 0x00, 0x00, 0x00, 0x00, 0x00,
    0x70, 0x68, 0x60, 0x6d, 0x70, 0x68, 0x68, 0xff, 0x70, 0x68, 0x60, 0xff,
    0x70, 0x6c, 0x60, 0xff, 0x70, 0x68, 0x60, 0xdf, 0x00, 0x00, 0x00, 0x00,
    0x70, 0x68, 0x68, 0x20, 0x70, 0x68, 0x60, 0xff, 0x70, 0x68, 0x68, 0xff,
    0x70, 0x68, 0x60, 0xff, 0x70, 0x68, 0x68, 0xff, 0x70, 0x70, 0x60, 0x10,
    0x00, 0x00, 0x00, 0x00, 0x00, 0x00, 0x00, 0x00, 0x00, 0x00, 0x00, 0x00,
    0x70, 0x6c, 0x60, 0xae, 0x70, 0x68, 0x60, 0xff, 0x70, 0x68, 0x68, 0xff,
    0x70, 0x6c, 0x60, 0xff, 0x70, 0x68, 0x60, 0xff, 0x70, 0x68, 0x68, 0xff,
    0x70, 0x68, 0x60, 0xff, 0x70, 0x68, 0x60, 0xff, 0x70, 0x68, 0x68, 0xff,
    0x70, 0x68, 0x60, 0xff, 0x70, 0x68, 0x60, 0xff, 0x70, 0x68, 0x68, 0xff,
    0x70, 0x68, 0x60, 0xff, 0x50, 0x4c, 0x48, 0xff, 0x40, 0x3c, 0x38, 0xff,
    0x38, 0x30, 0x30, 0xff, 0x30, 0x34, 0x30, 0xff, 0x38, 0x30, 0x30, 0xff,
    0x30, 0x30, 0x30, 0xff, 0x38, 0x38, 0x30, 0xff, 0x48, 0x40, 0x40, 0xff,
    0x58, 0x54, 0x50, 0xff, 0x70, 0x6c, 0x60, 0xff, 0x70, 0x68, 0x68, 0xff,
    0x70, 0x68, 0x60, 0xff, 0x70, 0x68, 0x60, 0xff, 0x60, 0x5c, 0x58, 0xff,
    0x40, 0x38, 0x38, 0xff, 0x38, 0x38, 0x38, 0xff, 0x40, 0x3c, 0x38, 0xff,
    0x40, 0x38, 0x38, 0xff, 0x38, 0x38, 0x38, 0xff, 0x40, 0x38, 0x38, 0xff,
    0x40, 0x38, 0x38, 0xff, 0x38, 0x3c, 0x38, 0xff, 0x48, 0x44, 0x40, 0xff,
    0x70, 0x68, 0x60, 0xff, 0x70, 0x68, 0x68, 0xff, 0x60, 0x60, 0x58, 0xff,
    0x40, 0x38, 0x38, 0xff, 0x40, 0x38, 0x38, 0xff, 0x38, 0x38, 0x38, 0xff,
    0x40, 0x38, 0x38, 0xff, 0x40, 0x38, 0x38, 0xff, 0x38, 0x3c, 0x38, 0xff,
    0x40, 0x38, 0x38, 0xff, 0x40, 0x38, 0x38, 0xff, 0x38, 0x3c, 0x38, 0xff,
    0x70, 0x68, 0x60, 0xff, 0x70, 0x68, 0x68, 0xff, 0x70, 0x68, 0x60, 0xff,
    0x70, 0x68, 0x60, 0xff, 0x70, 0x6c, 0x68, 0xff, 0x70, 0x68, 0x60, 0xff,
    0x70, 0x68, 0x60, 0xff, 0x70, 0x68, 0x68, 0xff, 0x70, 0x6c, 0x60, 0xff,
    0x70, 0x68, 0x60, 0xff, 0x70, 0x68, 0x68, 0xbe, 0x00, 0x00, 0x00, 0x00,
    0x00, 0x00, 0x00, 0x00, 0x00, 0x00, 0x00, 0x00, 0x00, 0x00, 0x00, 0x00,
    0x00, 0x00, 0x00, 0x00, 0x00, 0x00, 0x00, 0x00, 0x00, 0x00, 0x00, 0x00,
    0x00, 0x00, 0x00, 0x00, 0x00, 0x00, 0x00, 0x00, 0x00, 0x00, 0x00, 0x00,
    0x00, 0x00, 0x00, 0x00, 0x00, 0x00, 0x00, 0x00, 0x00, 0x00, 0x00, 0x00,
    0x00, 0x00, 0x00, 0x00, 0x00, 0x00, 0x00, 0x00, 0x00, 0x00, 0x00, 0x00,
    0x00, 0x00, 0x00, 0x00, 0x00, 0x00, 0x00, 0x00, 0x00, 0x00, 0x00, 0x00,
    0x70, 0x68, 0x68, 0x20, 0x70, 0x68, 0x68, 0x8e, 0x70, 0x6c, 0x60, 0xcf,
    0x70, 0x68, 0x60, 0xdf, 0x70, 0x68, 0x60, 0xdf, 0x70, 0x68, 0x60, 0xdf,
    0x70, 0x68, 0x60, 0xdf, 0x70, 0x68, 0x68, 0xbe, 0x70, 0x68, 0x68, 0x8e,
    0x70, 0x68, 0x68, 0x20, 0x00, 0x00, 0x00, 0x00, 0x00, 0x00, 0x00, 0x00,
    0x00, 0x00, 0x00, 0x00, 0x00, 0x00, 0x00, 0x00, 0x70, 0x68, 0x60, 0x9e,
    0x70, 0x68, 0x68, 0xbe, 0x70, 0x68, 0x60, 0xbe, 0x70, 0x68, 0x60, 0xbe,
    0x70, 0x70, 0x60, 0x10, 0x00, 0x00, 0x00, 0x00, 0x00, 0x00, 0x00, 0x00,
    0x00, 0x00, 0x00, 0x00, 0x70, 0x68, 0x60, 0x6d, 0x70, 0x68, 0x68, 0xbe,
    0x70, 0x68, 0x60, 0xbe, 0x70, 0x68, 0x68, 0x82, 0x00, 0x00, 0x00, 0x00,
    0x00, 0x00, 0x00, 0x00, 0x00, 0x00, 0x00, 0x00, 0x00, 0x00, 0x00, 0x00,
    0x00, 0x00, 0x00, 0x00, 0x00, 0x00, 0x00, 0x00, 0x00, 0x00, 0x00, 0x00,
    0x00, 0x00, 0x00, 0x00, 0x00, 0x00, 0x00, 0x00, 0x00, 0x00, 0x00, 0x00,
    0x00, 0x00, 0x00, 0x00, 0x00, 0x00, 0x00, 0x00, 0x00, 0x00, 0x00, 0x00,
    0x00, 0x00, 0x00, 0x00, 0x00, 0x00, 0x00, 0x00, 0x00, 0x00, 0x00, 0x00,
    0x00, 0x00, 0x00, 0x00, 0x00, 0x00, 0x00, 0x00, 0x00, 0x00, 0x00, 0x00,
    0x70, 0x70, 0x60, 0x10, 0x70, 0x68, 0x60, 0xef, 0x70, 0x68, 0x68, 0xff,
    0x70, 0x68, 0x68, 0xff, 0x70, 0x68, 0x60, 0xff, 0x70, 0x6c, 0x68, 0x20,
    0x70, 0x68, 0x60, 0x61, 0x70, 0x68, 0x68, 0xff, 0x70, 0x6c, 0x60, 0xff,
    0x70, 0x68, 0x60, 0xff, 0x70, 0x68, 0x68, 0xbe, 0x00, 0x00, 0x00, 0x00,
    0x00, 0x00, 0x00, 0x00, 0x00, 0x00, 0x00, 0x00, 0x70, 0x68, 0x68, 0x20,
    0x70, 0x68, 0x68, 0xff, 0x70, 0x6c, 0x60, 0xff, 0x70, 0x68, 0x68, 0xff,
    0x70, 0x68, 0x60, 0xff, 0x70, 0x6c, 0x68, 0xff, 0x70, 0x68, 0x68, 0xff,
    0x70, 0x6c, 0x60, 0xff, 0x70, 0x68, 0x60, 0xff, 0x70, 0x6c, 0x68, 0xff,
    0x70, 0x68, 0x60, 0xff, 0x70, 0x6c, 0x60, 0xff, 0x70, 0x6c, 0x68, 0xff,
    0x40, 0x38, 0x38, 0xff, 0x28, 0x28, 0x28, 0xff, 0x30, 0x2c, 0x28, 0xff,
    0x28, 0x28, 0x28, 0xff, 0x30, 0x28, 0x28, 0xff, 0x28, 0x28, 0x28, 0xff,
    0x30, 0x28, 0x28, 0xff, 0x30, 0x28, 0x28, 0xff, 0x28, 0x28, 0x28, 0xff,
    0x30, 0x28, 0x28, 0xff, 0x50, 0x4c, 0x48, 0xff, 0x70, 0x68, 0x60, 0xff,
    0x70, 0x68, 0x68, 0xff, 0x70, 0x68, 0x60, 0xff, 0x58, 0x50, 0x50, 0xff,
    0x28, 0x28, 0x28, 0xff, 0x28, 0x28, 0x28, 0xff, 0x30, 0x28, 0x28, 0xff,
    0x28, 0x28, 0x28, 0xff, 0x28, 0x2c, 0x28, 0xff, 0x30, 0x28, 0x28, 0xff,
    0x28, 0x28, 0x28, 0xff, 0x30, 0x28, 0x28, 0xff, 0x40, 0x38, 0x38, 0xff,
    0x70, 0x68, 0x60, 0xff, 0x70, 0x68, 0x60, 0xff, 0x60, 0x58, 0x58, 0xff,
    0x28, 0x2c, 0x28, 0xff, 0x28, 0x28, 0x28, 0xff, 0x30, 0x2c, 0x28, 0xff,
    0x28, 0x28, 0x28, 0xff, 0x28, 0x28, 0x28, 0xff, 0x30, 0x28, 0x28, 0xff,
    0x28, 0x28, 0x28, 0xff, 0x28, 0x28, 0x28, 0xff, 0x30, 0x28, 0x28, 0xff,
    0x70, 0x6c, 0x60, 0xff, 0x70, 0x68, 0x60, 0xff, 0x70, 0x68, 0x68, 0xff,
    0x70, 0x68, 0x60, 0xff, 0x70, 0x6c, 0x68, 0xff, 0x70, 0x68, 0x60, 0xff,
    0x70, 0x68, 0x60, 0xff, 0x70, 0x68, 0x68, 0xff, 0x70, 0x68, 0x68, 0xff,
    0x70, 0x6c, 0x60, 0xff, 0x70, 0x68, 0x60, 0xff, 0x70, 0x70, 0x60, 0x10,
    0x00, 0x00, 0x00, 0x00, 0x00, 0x00, 0x00, 0x00, 0x00, 0x00, 0x00, 0x00,
    0x00, 0x00, 0x00, 0x00, 0x00, 0x00, 0x00, 0x00, 0x00, 0x00, 0x00, 0x00,
    0x00, 0x00, 0x00, 0x00, 0x00, 0x00, 0x00, 0x00, 0x00, 0x00, 0x00, 0x00,
    0x00, 0x00, 0x00, 0x00, 0x00, 0x00, 0x00, 0x00, 0x00, 0x00, 0x00, 0x00,
    0x00, 0x00, 0x00, 0x00, 0x00, 0x00, 0x00, 0x00, 0x00, 0x00, 0x00, 0x00,
    0x00, 0x00, 0x00, 0x00, 0x00, 0x00, 0x00, 0x00, 0x70, 0x68, 0x68, 0x20,
    0x70, 0x68, 0x60, 0xef, 0x70, 0x68, 0x60, 0xff, 0x70, 0x68, 0x68, 0xff,
    0x70, 0x68, 0x68, 0xff, 0x70, 0x6c, 0x60, 0xff, 0x70, 0x68, 0x68, 0xff,
    0x70, 0x6c, 0x60, 0xff, 0x70, 0x68, 0x60, 0xff, 0x70, 0x68, 0x60, 0xff,
    0x70, 0x6c, 0x60, 0xdf, 0x70, 0x68, 0x68, 0x20, 0x00, 0x00, 0x00, 0x00,
    0x00, 0x00, 0x00, 0x00, 0x00, 0x00, 0x00, 0x00, 0x70, 0x68, 0x60, 0xdf,
    0x70, 0x6c, 0x68, 0xff, 0x70, 0x68, 0x60, 0xff, 0x70, 0x68, 0x68, 0xff,
    0x70, 0x68, 0x60, 0x7d, 0x00, 0x00, 0x00, 0x00, 0x00, 0x00, 0x00, 0x00,
    0x00, 0x00, 0x00, 0x00, 0x70, 0x68, 0x68, 0x9e, 0x70, 0x68, 0x60, 0xff,
    0x70, 0x68, 0x60, 0xff, 0x70, 0x68, 0x60, 0x9e, 0x00, 0x00, 0x00, 0x00,
    0x00, 0x00, 0x00, 0x00, 0x00, 0x00, 0x00, 0x00, 0x00, 0x00, 0x00, 0x00,
    0x00, 0x00, 0x00, 0x00, 0x00, 0x00, 0x00, 0x00, 0x00, 0x00, 0x00, 0x00,
    0x00, 0x00, 0x00, 0x00, 0x00, 0x00, 0x00, 0x00, 0x00, 0x00, 0x00, 0x00,
    0x00, 0x00, 0x00, 0x00, 0x00, 0x00, 0x00, 0x00, 0x00, 0x00, 0x00, 0x00,
    0x00, 0x00, 0x00, 0x00, 0x00, 0x00, 0x00, 0x00, 0x00, 0x00, 0x00, 0x00,
    0x00, 0x00, 0x00, 0x00, 0x00, 0x00, 0x00, 0x00, 0x00, 0x00, 0x00, 0x00,
    0x00, 0x00, 0x00, 0x00, 0x70, 0x6c, 0x60, 0xbe, 0x70, 0x68, 0x68, 0xff,
    0x70, 0x68, 0x60, 0xff, 0x70, 0x6c, 0x60, 0xff, 0x70, 0x68, 0x60, 0x5d,
    0x70, 0x68, 0x60, 0x8e, 0x70, 0x68, 0x60, 0xff, 0x70, 0x68, 0x68, 0xff,
    0x70, 0x6c, 0x60, 0xff, 0x70, 0x68, 0x60, 0x82, 0x00, 0x00, 0x00, 0x00,
    0x00, 0x00, 0x00, 0x00, 0x00, 0x00, 0x00, 0x00, 0x70, 0x68, 0x60, 0x61,
    0x70, 0x68, 0x60, 0xff, 0x70, 0x68, 0x68, 0xff, 0x70, 0x68, 0x60, 0xff,
    0x70, 0x68, 0x60, 0xff, 0x70, 0x68, 0x60, 0xff, 0x70, 0x6c, 0x60, 0xff,
    0x70, 0x68, 0x68, 0xff, 0x70, 0x68, 0x60, 0xff, 0x70, 0x68, 0x60, 0xff,
    0x70, 0x68, 0x68, 0xff, 0x70, 0x68, 0x60, 0xff, 0x60, 0x58, 0x58, 0xff,
    0x28, 0x28, 0x28, 0xff, 0x30, 0x2c, 0x28, 0xff, 0x28, 0x28, 0x28, 0xff,
    0x30, 0x2c, 0x28, 0xff, 0x38, 0x38, 0x30, 0xff, 0x40, 0x38, 0x38, 0xff,
    0x38, 0x38, 0x30, 0xff, 0x28, 0x28, 0x28, 0xff, 0x30, 0x28, 0x28, 0xff,
    0x28, 0x2c, 0x28, 0xff, 0x30, 0x2c, 0x28, 0xff, 0x70, 0x6c, 0x68, 0xff,
    0x70, 0x6c, 0x60, 0xff, 0x70, 0x68, 0x60, 0xff, 0x58, 0x50, 0x50, 0xff,
    0x28, 0x2c, 0x28, 0xff, 0x30, 0x28, 0x28, 0xff, 0x30, 0x28, 0x28, 0xff,
    0x30, 0x34, 0x28, 0xff, 0x38, 0x30, 0x30, 0xff, 0x30, 0x30, 0x30, 0xff,
    0x30, 0x34, 0x30, 0xff, 0x38, 0x30, 0x30, 0xff, 0x40, 0x40, 0x38, 0xff,
    0x70, 0x6c, 0x60, 0xff, 0x70, 0x68, 0x60, 0xff, 0x60, 0x58, 0x58, 0xff,
    0x30, 0x28, 0x28, 0xff, 0x28, 0x28, 0x28, 0xff, 0x30, 0x28, 0x28, 0xff,
    0x38, 0x34, 0x28, 0xff, 0x30, 0x30, 0x30, 0xff, 0x38, 0x34, 0x30, 0xff,
    0x38, 0x30, 0x28, 0xff, 0x30, 0x30, 0x30, 0xff, 0x38, 0x34, 0x30, 0xff,
    0x70, 0x68, 0x60, 0xff, 0x70, 0x68, 0x60, 0xff, 0x70, 0x6c, 0x68, 0xff,
    0x70, 0x68, 0x60, 0xff, 0x70, 0x68, 0x60, 0xff, 0x70, 0x6c, 0x68, 0xff,
    0x70, 0x68, 0x60, 0xff, 0x70, 0x68, 0x60, 0xff, 0x70, 0x6c, 0x68, 0xff,
    0x70, 0x68, 0x60, 0xff, 0x70, 0x68, 0x60, 0xff, 0x70, 0x68, 0x68, 0x6d,
    0x00, 0x00, 0x00, 0x00, 0x00, 0x00, 0x00, 0x00, 0x00, 0x00, 0x00, 0x00,
    0x00, 0x00, 0x00, 0x00, 0x00, 0x00, 0x00, 0x00, 0x00, 0x00, 0x00, 0x00,
    0x00, 0x00, 0x00, 0x00, 0x00, 0x00, 0x00, 0x00, 0x00, 0x00, 0x00, 0x00,
    0x00, 0x00, 0x00, 0x00, 0x00, 0x00, 0x00, 0x00, 0x00, 0x00, 0x00, 0x00,
    0x00, 0x00, 0x00, 0x00, 0x00, 0x00, 0x00, 0x00, 0x00, 0x00, 0x00, 0x00,
    0x00, 0x00, 0x00, 0x00, 0x00, 0x00, 0x00, 0x00, 0x70, 0x6c, 0x68, 0x9e,
    0x70, 0x68, 0x60, 0xff, 0x70, 0x68, 0x60, 0xff, 0x70, 0x6c, 0x68, 0xff,
    0x70, 0x68, 0x60, 0xdf, 0x70, 0x68, 0x60, 0xbe, 0x70, 0x68, 0x68, 0xbe,
    0x70, 0x68, 0x60, 0xef, 0x70, 0x6c, 0x60, 0xff, 0x70, 0x68, 0x68, 0xff,
    0x70, 0x68, 0x60, 0xff, 0x70, 0x68, 0x60, 0x7d, 0x00, 0x00, 0x00, 0x00,
    0x00, 0x00, 0x00, 0x00, 0x00, 0x00, 0x00, 0x00, 0x70, 0x68, 0x60, 0xdf,
    0x70, 0x68, 0x60, 0xff, 0x70, 0x6c, 0x68, 0xff, 0x70, 0x68, 0x60, 0xff,
    0x70, 0x68, 0x68, 0xef, 0x70, 0x68, 0x68, 0x20, 0x00, 0x00, 0x00, 0x00,
    0x00, 0x00, 0x00, 0x00, 0x70, 0x68, 0x60, 0x9e, 0x70, 0x68, 0x68, 0xff,
    0x70, 0x6c, 0x60, 0xff, 0x70, 0x68, 0x68, 0x9e, 0x00, 0x00, 0x00, 0x00,
    0x00, 0x00, 0x00, 0x00, 0x00, 0x00, 0x00, 0x00, 0x00, 0x00, 0x00, 0x00,
    0x00, 0x00, 0x00, 0x00, 0x00, 0x00, 0x00, 0x00, 0x00, 0x00, 0x00, 0x00,
    0x00, 0x00, 0x00, 0x00, 0x00, 0x00, 0x00, 0x00, 0x00, 0x00, 0x00, 0x00,
    0x00, 0x00, 0x00, 0x00, 0x00, 0x00, 0x00, 0x00, 0x00, 0x00, 0x00, 0x00,
    0x00, 0x00, 0x00, 0x00, 0x00, 0x00, 0x00, 0x00, 0x00, 0x00, 0x00, 0x00,
    0x00, 0x00, 0x00, 0x00, 0x00, 0x00, 0x00, 0x00, 0x00, 0x00, 0x00, 0x00,
    0x00, 0x00, 0x00, 0x00, 0x70, 0x68, 0x68, 0x71, 0x70, 0x68, 0x60, 0xff,
    0x70, 0x68, 0x60, 0xff, 0x70, 0x68, 0x68, 0xff, 0x70, 0x68, 0x60, 0x8e,
    0x70, 0x68, 0x60, 0xbe, 0x70, 0x68, 0x60, 0xff, 0x70, 0x68, 0x68, 0xff,
    0x70, 0x68, 0x60, 0xff, 0x70, 0x68, 0x60, 0x41, 0x00, 0x00, 0x00, 0x00,
    0x00, 0x00, 0x00, 0x00, 0x00, 0x00, 0x00, 0x00, 0x70, 0x6c, 0x68, 0xae,
    0x70, 0x68, 0x60, 0xff, 0x70, 0x68, 0x60, 0xff, 0x70, 0x6c, 0x68, 0xff,
    0x70, 0x68, 0x68, 0xff, 0x70, 0x68, 0x60, 0xff, 0x70, 0x68, 0x60, 0xff,
    0x70, 0x68, 0x68, 0xff, 0x70, 0x68, 0x60, 0xff, 0x70, 0x6c, 0x60, 0xff,
    0x70, 0x68, 0x68, 0xff, 0x70, 0x68, 0x60, 0xff, 0x50, 0x4c, 0x48, 0xff,
    0x30, 0x28, 0x28, 0xff, 0x30, 0x28, 0x28, 0xff, 0x28, 0x28, 0x28, 0xff,
    0x60, 0x5c, 0x58, 0xff, 0x70, 0x68, 0x60, 0xff, 0x70, 0x68, 0x60, 0xff,
    0x70, 0x6c, 0x60, 0xff, 0x50, 0x48, 0x48, 0xff, 0x28, 0x28, 0x28, 0xff,
    0x30, 0x2c, 0x28, 0xff, 0x30, 0x28, 0x28, 0xff, 0x68, 0x60, 0x60, 0xff,
    0x70, 0x68, 0x60, 0xff, 0x70, 0x68, 0x60, 0xff, 0x58, 0x54, 0x48, 0xff,
    0x28, 0x28, 0x28, 0xff, 0x30, 0x28, 0x28, 0xff, 0x28, 0x2c, 0x28, 0xff,
    0x70, 0x68, 0x60, 0xff, 0x70, 0x68, 0x60, 0xff, 0x70, 0x68, 0x60, 0xff,
    0x70, 0x68, 0x60, 0xff, 0x70, 0x68, 0x60, 0xff, 0x70, 0x68, 0x60, 0xff,
    0x70, 0x68, 0x68, 0xff, 0x70, 0x6c, 0x60, 0xff, 0x60, 0x58, 0x50, 0xff,
    0x28, 0x28, 0x28, 0xff, 0x30, 0x2c, 0x28, 0xff, 0x28, 0x28, 0x28, 0xff,
    0x68, 0x60, 0x58, 0xff, 0x70, 0x68, 0x60, 0xff, 0x70, 0x68, 0x60, 0xff,
    0x70, 0x6c, 0x60, 0xff, 0x70, 0x68, 0x60, 0xff, 0x70, 0x68, 0x60, 0xff,
    0x70, 0x68, 0x68, 0xff, 0x70, 0x68, 0x60, 0xff, 0x70, 0x6c, 0x60, 0xff,
    0x70, 0x68, 0x68, 0xff, 0x70, 0x68, 0x60, 0xff, 0x70, 0x68, 0x68, 0xff,
    0x70, 0x6c, 0x60, 0xff, 0x70, 0x68, 0x60, 0xff, 0x70, 0x68, 0x68, 0xff,
    0x70, 0x68, 0x60, 0xff, 0x70, 0x68, 0x60, 0xff, 0x70, 0x68, 0x68, 0x9e,
    0x00, 0x00, 0x00, 0x00, 0x00, 0x00, 0x00, 0x00, 0x00, 0x00, 0x00, 0x00,
    0x00, 0x00, 0x00, 0x00, 0x00, 0x00, 0x00, 0x00, 0x00, 0x00, 0x00, 0x00,
    0x00, 0x00, 0x00, 0x00, 0x00, 0x00, 0x00, 0x00, 0x00, 0x00, 0x00, 0x00,
    0x00, 0x00, 0x00, 0x00, 0x00, 0x00, 0x00, 0x00, 0x00, 0x00, 0x00, 0x00,
    0x00, 0x00, 0x00, 0x00, 0x00, 0x00, 0x00, 0x00, 0x00, 0x00, 0x00, 0x00,
    0x00, 0x00, 0x00, 0x00, 0x00, 0x00, 0x00, 0x00, 0x70, 0x6c, 0x60, 0xcf,
    0x70, 0x68, 0x68, 0xff, 0x70, 0x68, 0x60, 0xff, 0x70, 0x6c, 0x60, 0xcf,
    0x00, 0x00, 0x00, 0x00, 0x00, 0x00, 0x00, 0x00, 0x00, 0x00, 0x00, 0x00,
    0x00, 0x00, 0x00, 0x00, 0x70, 0x68, 0x68, 0xef, 0x70, 0x68, 0x68, 0xff,
    0x70, 0x68, 0x60, 0xff, 0x70, 0x68, 0x68, 0xae, 0x00, 0x00, 0x00, 0x00,
    0x00, 0x00, 0x00, 0x00, 0x00, 0x00, 0x00, 0x00, 0x70, 0x68, 0x60, 0xdf,
    0x70, 0x68, 0x68, 0xff, 0x70, 0x68, 0x60, 0xff, 0x70, 0x6c, 0x60, 0xff,
    0x70, 0x68, 0x60, 0xff, 0x70, 0x68, 0x68, 0xbe, 0x00, 0x00, 0x00, 0x00,
    0x00, 0x00, 0x00, 0x00, 0x70, 0x68, 0x60, 0x9e, 0x70, 0x68, 0x60, 0xff,
    0x70, 0x68, 0x68, 0xff, 0x70, 0x68, 0x60, 0x9e, 0x00, 0x00, 0x00, 0x00,
    0x00, 0x00, 0x00, 0x00, 0x00, 0x00, 0x00, 0x00, 0x00, 0x00, 0x00, 0x00,
    0x00, 0x00, 0x00, 0x00, 0x00, 0x00, 0x00, 0x00, 0x00, 0x00, 0x00, 0x00,
    0x00, 0x00, 0x00, 0x00, 0x00, 0x00, 0x00, 0x00, 0x00, 0x00, 0x00, 0x00,
    0x00, 0x00, 0x00, 0x00, 0x00, 0x00, 0x00, 0x00, 0x00, 0x00, 0x00, 0x00,
    0x00, 0x00, 0x00, 0x00, 0x00, 0x00, 0x00, 0x00, 0x00, 0x00, 0x00, 0x00,
    0x00, 0x00, 0x00, 0x00, 0x00, 0x00, 0x00, 0x00, 0x00, 0x00, 0x00, 0x00,
    0x00, 0x00, 0x00, 0x00, 0x70, 0x68, 0x60, 0x51, 0x70, 0x6c, 0x60, 0xff,
    0x70, 0x68, 0x68, 0xff, 0x70, 0x68, 0x60, 0xff, 0x70, 0x68, 0x60, 0xcf,
    0x70, 0x68, 0x60, 0xdf, 0x70, 0x6c, 0x68, 0xff, 0x70, 0x68, 0x60, 0xff,
    0x70, 0x68, 0x68, 0xff, 0x70, 0x68, 0x60, 0x30, 0x00, 0x00, 0x00, 0x00,
    0x00, 0x00, 0x00, 0x00, 0x00, 0x00, 0x00, 0x00, 0x70, 0x6c, 0x60, 0xcf,
    0x70, 0x68, 0x68, 0xff, 0x70, 0x68, 0x60, 0xff, 0x70, 0x6c, 0x60, 0xff,
    0x70, 0x68, 0x68, 0xff, 0x70, 0x68, 0x60, 0xff, 0x70, 0x6c, 0x68, 0xff,
    0x70, 0x68, 0x60, 0xff, 0x70, 0x68, 0x68, 0xff, 0x70, 0x6c, 0x60, 0xff,
    0x70, 0x68, 0x60, 0xff, 0x70, 0x6c, 0x68, 0xff, 0x50, 0x4c, 0x48, 0xff,
    0x28, 0x28, 0x28, 0xff, 0x30, 0x2c, 0x28, 0xff, 0x30, 0x28, 0x28, 0xff,
    0x70, 0x6c, 0x60, 0xff, 0x70, 0x68, 0x68, 0xff, 0x70, 0x68, 0x60, 0xff,
    0x70, 0x68, 0x60, 0xff, 0x58, 0x54, 0x50, 0xff, 0x30, 0x28, 0x28, 0xff,
    0x28, 0x28, 0x28, 0xff, 0x28, 0x28, 0x28, 0xff, 0x60, 0x58, 0x50, 0xff,
    0x70, 0x68, 0x68, 0xff, 0x70, 0x68, 0x60, 0xff, 0x58, 0x54, 0x50, 0xff,
    0x28, 0x28, 0x28, 0xff, 0x28, 0x28, 0x28, 0xff, 0x30, 0x28, 0x28, 0xff,
    0x70, 0x68, 0x60, 0xff, 0x70, 0x6c, 0x60, 0xff, 0x70, 0x68, 0x60, 0xff,
    0x70, 0x68, 0x60, 0xff, 0x70, 0x6c, 0x68, 0xff, 0x70, 0x68, 0x60, 0xff,
    0x70, 0x68, 0x68, 0xff, 0x70, 0x68, 0x60, 0xff, 0x60, 0x58, 0x58, 0xff,
    0x28, 0x2c, 0x28, 0xff, 0x30, 0x28, 0x28, 0xff, 0x28, 0x28, 0x28, 0xff,
    0x68, 0x64, 0x58, 0xff, 0x70, 0x68, 0x60, 0xff, 0x70, 0x68, 0x68, 0xff,
    0x70, 0x68, 0x68, 0xff, 0x70, 0x6c, 0x60, 0xff, 0x70, 0x68, 0x60, 0xff,
    0x70, 0x68, 0x68, 0xff, 0x70, 0x6c, 0x60, 0xff, 0x70, 0x68, 0x68, 0xff,
    0x70, 0x68, 0x60, 0xff, 0x70, 0x68, 0x60, 0xff, 0x70, 0x68, 0x68, 0xff,
    0x70, 0x68, 0x60, 0xff, 0x70, 0x6c, 0x60, 0xff, 0x70, 0x68, 0x68, 0xff,
    0x70, 0x6c, 0x60, 0xff, 0x70, 0x68, 0x60, 0xff, 0x70, 0x68, 0x60, 0xcf,
    0x00, 0x00, 0x00, 0x00, 0x00, 0x00, 0x00, 0x00, 0x00, 0x00, 0x00, 0x00,
    0x00, 0x00, 0x00, 0x00, 0x00, 0x00, 0x00, 0x00, 0x00, 0x00, 0x00, 0x00,
    0x00, 0x00, 0x00, 0x00, 0x00, 0x00, 0x00, 0x00, 0x00, 0x00, 0x00, 0x00,
    0x00, 0x00, 0x00, 0x00, 0x00, 0x00, 0x00, 0x00, 0x00, 0x00, 0x00, 0x00,
    0x00, 0x00, 0x00, 0x00, 0x00, 0x00, 0x00, 0x00, 0x00, 0x00, 0x00, 0x00,
    0x00, 0x00, 0x00, 0x00, 0x00, 0x00, 0x00, 0x00, 0x70, 0x68, 0x60, 0xef,
    0x70, 0x68, 0x68, 0xff, 0x70, 0x68, 0x60, 0xff, 0x70, 0x68, 0x60, 0x8e,
    0x00, 0x00, 0x00, 0x00, 0x00, 0x00, 0x00, 0x00, 0x00, 0x00, 0x00, 0x00,
    0x00, 0x00, 0x00, 0x00, 0x70, 0x68, 0x60, 0x9e, 0x70, 0x68, 0x60, 0xff,
    0x70, 0x6c, 0x60, 0xff, 0x70, 0x68, 0x60, 0xdf, 0x00, 0x00, 0x00, 0x00,
    0x00, 0x00, 0x00, 0x00, 0x00, 0x00, 0x00, 0x00, 0x70, 0x6c, 0x60, 0xdf,
    0x70, 0x68, 0x68, 0xff, 0x70, 0x68, 0x60, 0xff, 0x70, 0x6c, 0x60, 0xff,
    0x70, 0x68, 0x68, 0xff, 0x70, 0x68, 0x60, 0xff, 0x70, 0x6c, 0x60, 0x51,
    0x00, 0x00, 0x00, 0x00, 0x70, 0x68, 0x68, 0x9e, 0x70, 0x6c, 0x60, 0xff,
    0x70, 0x68, 0x60, 0xff, 0x70, 0x68, 0x68, 0x9e, 0x00, 0x00, 0x00, 0x00,
    0x00, 0x00, 0x00, 0x00, 0x00, 0x00, 0x00, 0x00, 0x00, 0x00, 0x00, 0x00,
    0x00, 0x00, 0x00, 0x00, 0x00, 0x00, 0x00, 0x00, 0x00, 0x00, 0x00, 0x00,
    0x00, 0x00, 0x00, 0x00, 0x00, 0x00, 0x00, 0x00, 0x00, 0x00, 0x00, 0x00,
    0x00, 0x00, 0x00, 0x00, 0x00, 0x00, 0x00, 0x00, 0x00, 0x00, 0x00, 0x00,
    0x00, 0x00, 0x00, 0x00, 0x00, 0x00, 0x00, 0x00, 0x00, 0x00, 0x00, 0x00,
    0x00, 0x00, 0x00, 0x00, 0x00, 0x00, 0x00, 0x00, 0x00, 0x00, 0x00, 0x00,
    0x00, 0x00, 0x00, 0x00, 0x70, 0x68, 0x60, 0x20, 0x70, 0x68, 0x68, 0xff,
    0x70, 0x6c, 0x60, 0xff, 0x70, 0x68, 0x68, 0xff, 0x70, 0x68, 0x60, 0xdf,
    0x70, 0x68, 0x60, 0xff, 0x70, 0x68, 0x60, 0xff, 0x70, 0x6c, 0x68, 0xff,
    0x70, 0x68, 0x60, 0xff, 0x70, 0x70, 0x60, 0x10, 0x00, 0x00, 0x00, 0x00,
    0x00, 0x00, 0x00, 0x00, 0x00, 0x00, 0x00, 0x00, 0x70, 0x68, 0x60, 0xef,
    0x70, 0x68, 0x68, 0xff, 0x70, 0x68, 0x60, 0xff, 0x70, 0x68, 0x60, 0xff,
    0x70, 0x6c, 0x60, 0xff, 0x70, 0x68, 0x68, 0xff, 0x70, 0x68, 0x60, 0xff,
    0x70, 0x6c, 0x60, 0xff, 0x70, 0x68, 0x68, 0xff, 0x70, 0x68, 0x60, 0xff,
    0x70, 0x68, 0x60, 0xff, 0x70, 0x68, 0x60, 0xff, 0x50, 0x48, 0x48, 0xff,
    0x28, 0x28, 0x28, 0xff, 0x28, 0x28, 0x28, 0xff, 0x38, 0x34, 0x30, 0xff,
    0x70, 0x68, 0x60, 0xff, 0x70, 0x68, 0x60, 0xff, 0x70, 0x6c, 0x68, 0xff,
    0x70, 0x68, 0x60, 0xff, 0x60, 0x5c, 0x58, 0xff, 0x30, 0x28, 0x28, 0xff,
    0x28, 0x28, 0x28, 0xff, 0x30, 0x2c, 0x28, 0xff, 0x60, 0x5c, 0x50, 0xff,
    0x70, 0x68, 0x60, 0xff, 0x70, 0x68, 0x68, 0xff, 0x58, 0x50, 0x48, 0xff,
    0x30, 0x2c, 0x28, 0xff, 0x28, 0x28, 0x28, 0xff, 0x30, 0x28, 0x28, 0xff,
    0x70, 0x6c, 0x60, 0xff, 0x70, 0x68, 0x68, 0xff, 0x70, 0x68, 0x68, 0xff,
    0x70, 0x6c, 0x60, 0xff, 0x70, 0x68, 0x60, 0xff, 0x70, 0x68, 0x68, 0xff,
    0x70, 0x6c, 0x60, 0xff, 0x70, 0x68, 0x60, 0xff, 0x60, 0x58, 0x58, 0xff,
    0x30, 0x28, 0x28, 0xff, 0x28, 0x28, 0x28, 0xff, 0x30, 0x28, 0x28, 0xff,
    0x68, 0x64, 0x58, 0xff, 0x70, 0x68, 0x68, 0xff, 0x70, 0x68, 0x60, 0xff,
    0x70, 0x68, 0x60, 0xff, 0x70, 0x68, 0x68, 0xff, 0x70, 0x6c, 0x60, 0xff,
    0x70, 0x68, 0x60, 0xff, 0x70, 0x68, 0x68, 0xff, 0x70, 0x68, 0x60, 0xff,
    0x70, 0x6c, 0x60, 0xff, 0x70, 0x68, 0x68, 0xff, 0x70, 0x68, 0x60, 0xff,
    0x70, 0x6c, 0x68, 0xff, 0x70, 0x68, 0x60, 0xff, 0x70, 0x68, 0x68, 0xff,
    0x70, 0x68, 0x68, 0xff, 0x70, 0x6c, 0x60, 0xff, 0x70, 0x68, 0x68, 0xef,
    0x00, 0x00, 0x00, 0x00, 0x00, 0x00, 0x00, 0x00, 0x00, 0x00, 0x00, 0x00,
    0x00, 0x00, 0x00, 0x00, 0x00, 0x00, 0x00, 0x00, 0x00, 0x00, 0x00, 0x00,
    0x00, 0x00, 0x00, 0x00, 0x00, 0x00, 0x00, 0x00, 0x00, 0x00, 0x00, 0x00,
    0x00, 0x00, 0x00, 0x00, 0x00, 0x00, 0x00, 0x00, 0x00, 0x00, 0x00, 0x00,
    0x00, 0x00, 0x00, 0x00, 0x00, 0x00, 0x00, 0x00, 0x00, 0x00, 0x00, 0x00,
    0x00, 0x00, 0x00, 0x00, 0x00, 0x00, 0x00, 0x00, 0x70, 0x68, 0x60, 0xff,
    0x70, 0x6c, 0x68, 0xff, 0x70, 0x68, 0x60, 0xff, 0x70, 0x68, 0x60, 0x82,
    0x00, 0x00, 0x00, 0x00, 0x00, 0x00, 0x00, 0x00, 0x00, 0x00, 0x00, 0x00,
    0x00, 0x00, 0x00, 0x00, 0x70, 0x68, 0x60, 0x9e, 0x70, 0x68, 0x68, 0xff,
    0x70, 0x68, 0x68, 0xff, 0x70, 0x68, 0x60, 0xdf, 0x00, 0x00, 0x00, 0x00,
    0x00, 0x00, 0x00, 0x00, 0x00, 0x00, 0x00, 0x00, 0x70, 0x68, 0x60, 0xdf,
    0x70, 0x68, 0x68, 0xff, 0x70, 0x68, 0x60, 0xff, 0x70, 0x68, 0x68, 0xff,
    0x70, 0x68, 0x60, 0xff, 0x70, 0x6c, 0x60, 0xff, 0x70, 0x68, 0x68, 0xdf,
    0x70, 0x70, 0x60, 0x10, 0x70, 0x68, 0x60, 0x9e, 0x70, 0x68, 0x68, 0xff,
    0x70, 0x68, 0x60, 0xff, 0x70, 0x68, 0x60, 0xa2, 0x00, 0x00, 0x00, 0x00,
    0x00, 0x00, 0x00, 0x00, 0x00, 0x00, 0x00, 0x00, 0x00, 0x00, 0x00, 0x00,
    0x00, 0x00, 0x00, 0x00, 0x00, 0x00, 0x00, 0x00, 0x00, 0x00, 0x00, 0x00,
    0x00, 0x00, 0x00, 0x00, 0x00, 0x00, 0x00, 0x00, 0x00, 0x00, 0x00, 0x00,
    0x00, 0x00, 0x00, 0x00, 0x00, 0x00, 0x00, 0x00, 0x00, 0x00, 0x00, 0x00,
    0x00, 0x00, 0x00, 0x00, 0x00, 0x00, 0x00, 0x00, 0x00, 0x00, 0x00, 0x00,
    0x00, 0x00, 0x00, 0x00, 0x00, 0x00, 0x00, 0x00, 0x00, 0x00, 0x00, 0x00,
    0x00, 0x00, 0x00, 0x00, 0x70, 0x70, 0x60, 0x10, 0x70, 0x68, 0x60, 0xff,
    0x70, 0x68, 0x60, 0xff, 0x70, 0x6c, 0x68, 0xff, 0x70, 0x68, 0x60, 0xef,
    0x70, 0x68, 0x60, 0xff, 0x70, 0x68, 0x68, 0xff, 0x70, 0x68, 0x60, 0xff,
    0x70, 0x68, 0x60, 0xff, 0x00, 0x00, 0x00, 0x00, 0x00, 0x00, 0x00, 0x00,
    0x00, 0x00, 0x00, 0x00, 0x00, 0x00, 0x00, 0x00, 0x70, 0x68, 0x60, 0xff,
    0x70, 0x6c, 0x68, 0xff, 0x70, 0x68, 0x60, 0xff, 0x70, 0x68, 0x68, 0xff,
    0x70, 0x68, 0x60, 0xff, 0x70, 0x68, 0x60, 0xff, 0x70, 0x68, 0x68, 0xff,
    0x70, 0x68, 0x60, 0xff, 0x70, 0x6c, 0x60, 0xff, 0x70, 0x68, 0x68, 0xff,
    0x70, 0x68, 0x68, 0xff, 0x70, 0x68, 0x60, 0xff, 0x48, 0x44, 0x38, 0xff,
    0x28, 0x28, 0x28, 0xff, 0x30, 0x28, 0x28, 0xff, 0x38, 0x30, 0x30, 0xff,
    0x70, 0x68, 0x60, 0xff, 0x70, 0x68, 0x60, 0xff, 0x70, 0x68, 0x68, 0xff,
    0x70, 0x6c, 0x60, 0xff, 0x60, 0x58, 0x50, 0xff, 0x28, 0x28, 0x28, 0xff,
    0x30, 0x2c, 0x28, 0xff, 0x28, 0x28, 0x28, 0xff, 0x60, 0x58, 0x50, 0xff,
    0x70, 0x68, 0x60, 0xff, 0x70, 0x6c, 0x68, 0xff, 0x58, 0x50, 0x48, 0xff,
    0x28, 0x28, 0x28, 0xff, 0x30, 0x28, 0x28, 0xff, 0x28, 0x2c, 0x28, 0xff,
    0x30, 0x30, 0x30, 0xff, 0x38, 0x30, 0x30, 0xff, 0x38, 0x30, 0x30, 0xff,
    0x30, 0x30, 0x30, 0xff, 0x38, 0x30, 0x30, 0xff, 0x68, 0x60, 0x60, 0xff,
    0x70, 0x6c, 0x60, 0xff, 0x70, 0x68, 0x60, 0xff, 0x60, 0x58, 0x50, 0xff,
    0x28, 0x2c, 0x28, 0xff, 0x30, 0x28, 0x28, 0xff, 0x28, 0x28, 0x28, 0xff,
    0x38, 0x30, 0x30, 0xff, 0x30, 0x34, 0x30, 0xff, 0x30, 0x30, 0x30, 0xff,
    0x38, 0x30, 0x30, 0xff, 0x30, 0x34, 0x30, 0xff, 0x60, 0x5c, 0x58, 0xff,
    0x70, 0x68, 0x60, 0xff, 0x70, 0x68, 0x68, 0xff, 0x70, 0x6c, 0x60, 0xff,
    0x70, 0x68, 0x68, 0xff, 0x70, 0x68, 0x60, 0xff, 0x70, 0x6c, 0x60, 0xff,
    0x70, 0x68, 0x60, 0xff, 0x70, 0x68, 0x68, 0xff, 0x70, 0x68, 0x60, 0xff,
    0x70, 0x68, 0x60, 0xff, 0x70, 0x68, 0x60, 0xff, 0x70, 0x6c, 0x68, 0xff,
    0x00, 0x00, 0x00, 0x00, 0x00, 0x00, 0x00, 0x00, 0x00, 0x00, 0x00, 0x00,
    0x00, 0x00, 0x00, 0x00, 0x00, 0x00, 0x00, 0x00, 0x00, 0x00, 0x00, 0x00,
    0x00, 0x00, 0x00, 0x00, 0x00, 0x00, 0x00, 0x00, 0x00, 0x00, 0x00, 0x00,
    0x00, 0x00, 0x00, 0x00, 0x00, 0x00, 0x00, 0x00, 0x00, 0x00, 0x00, 0x00,
    0x00, 0x00, 0x00, 0x00, 0x00, 0x00, 0x00, 0x00, 0x00, 0x00, 0x00, 0x00,
    0x00, 0x00, 0x00, 0x00, 0x00, 0x00, 0x00, 0x00, 0x70, 0x68, 0x60, 0xff,
    0x70, 0x68, 0x68, 0xff, 0x70, 0x6c, 0x68, 0xff, 0x70, 0x68, 0x60, 0x7d,
    0x00, 0x00, 0x00, 0x00, 0x00, 0x00, 0x00, 0x00, 0x00, 0x00, 0x00, 0x00,
    0x00, 0x00, 0x00, 0x00, 0x70, 0x68, 0x68, 0x9e, 0x70, 0x6c, 0x60, 0xff,
    0x70, 0x68, 0x60, 0xff, 0x70, 0x68, 0x60, 0xdf, 0x00, 0x00, 0x00, 0x00,
    0x00, 0x00, 0x00, 0x00, 0x00, 0x00, 0x00, 0x00, 0x70, 0x68, 0x60, 0xdf,
    0x70, 0x6c, 0x60, 0xff, 0x70, 0x68, 0x68, 0xff, 0x70, 0x6c, 0x60, 0x9e,
    0x70, 0x68, 0x60, 0xef, 0x70, 0x68, 0x68, 0xff, 0x70, 0x68, 0x60, 0xff,
    0x70, 0x68, 0x60, 0x82, 0x70, 0x68, 0x68, 0x9e, 0x70, 0x68, 0x60, 0xff,
    0x70, 0x6c, 0x68, 0xff, 0x70, 0x68, 0x60, 0x9e, 0x00, 0x00, 0x00, 0x00,
    0x00, 0x00, 0x00, 0x00, 0x00, 0x00, 0x00, 0x00, 0x00, 0x00, 0x00, 0x00,
    0x00, 0x00, 0x00, 0x00, 0x00, 0x00, 0x00, 0x00, 0x00, 0x00, 0x00, 0x00,
    0x00, 0x00, 0x00, 0x00, 0x00, 0x00, 0x00, 0x00, 0x00, 0x00, 0x00, 0x00,
    0x00, 0x00, 0x00, 0x00, 0x00, 0x00, 0x00, 0x00, 0x00, 0x00, 0x00, 0x00,
    0x00, 0x00, 0x00, 0x00, 0x00, 0x00, 0x00, 0x00, 0x00, 0x00, 0x00, 0x00,
    0x00, 0x00, 0x00, 0x00, 0x00, 0x00, 0x00, 0x00, 0x00, 0x00, 0x00, 0x00,
    0x00, 0x00, 0x00, 0x00, 0x00, 0x00, 0x00, 0x00, 0x70, 0x68, 0x68, 0xff,
    0x70, 0x68, 0x60, 0xff, 0x70, 0x68, 0x60, 0xff, 0x70, 0x68, 0x68, 0xff,
    0x70, 0x68, 0x60, 0xff, 0x70, 0x68, 0x68, 0xff, 0x70, 0x6c, 0x60, 0xff,
    0x70, 0x68, 0x68, 0xff, 0x00, 0x00, 0x00, 0x00, 0x00, 0x00, 0x00, 0x00,
    0x00, 0x00, 0x00, 0x00, 0x00, 0x00, 0x00, 0x00, 0x70, 0x68, 0x68, 0xff,
    0x70, 0x68, 0x60, 0xff, 0x70, 0x6c, 0x60, 0xff, 0x70, 0x68, 0x68, 0xff,
    0x70, 0x6c, 0x60, 0xff, 0x70, 0x68, 0x60, 0xff, 0x70, 0x68, 0x68, 0xff,
    0x70, 0x6c, 0x60, 0xff, 0x70, 0x68, 0x60, 0xff, 0x70, 0x68, 0x68, 0xff,
    0x70, 0x6c, 0x60, 0xff, 0x70, 0x68, 0x60, 0xff, 0x48, 0x40, 0x40, 0xff,
    0x28, 0x2c, 0x28, 0xff, 0x28, 0x28, 0x28, 0xff, 0x38, 0x30, 0x30, 0xff,
    0x70, 0x6c, 0x60, 0xff, 0x70, 0x68, 0x60, 0xff, 0x70, 0x68, 0x68, 0xff,
    0x70, 0x68, 0x60, 0xff, 0x60, 0x58, 0x58, 0xff, 0x28, 0x28, 0x28, 0xff,
    0x30, 0x28, 0x28, 0xff, 0x28, 0x28, 0x28, 0xff, 0x60, 0x58, 0x58, 0xff,
    0x70, 0x68, 0x60, 0xff, 0x70, 0x6c, 0x60, 0xff, 0x58, 0x50, 0x50, 0xff,
    0x28, 0x28, 0x28, 0xff, 0x30, 0x28, 0x28, 0xff, 0x30, 0x28, 0x28, 0xff,
    0x28, 0x28, 0x28, 0xff, 0x28, 0x2c, 0x28, 0xff, 0x30, 0x28, 0x28, 0xff,
    0x28, 0x2c, 0x28, 0xff, 0x28, 0x28, 0x28, 0xff, 0x68, 0x60, 0x58, 0xff,
    0x70, 0x68, 0x68, 0xff, 0x70, 0x68, 0x60, 0xff, 0x60, 0x5c, 0x58, 0xff,
    0x28, 0x28, 0x28, 0xff, 0x28, 0x28, 0x28, 0xff, 0x30, 0x2c, 0x28, 0xff,
    0x28, 0x28, 0x28, 0xff, 0x30, 0x28, 0x28, 0xff, 0x30, 0x2c, 0x28, 0xff,
    0x28, 0x28, 0x28, 0xff, 0x30, 0x28, 0x28, 0xff, 0x60, 0x58, 0x50, 0xff,
    0x70, 0x68, 0x68, 0xff, 0x70, 0x6c, 0x60, 0xff, 0x70, 0x68, 0x60, 0xff,
    0x70, 0x68, 0x68, 0xff, 0x70, 0x68, 0x60, 0xff, 0x70, 0x68, 0x68, 0xff,
    0x70, 0x68, 0x60, 0xff, 0x70, 0x6c, 0x60, 0xff, 0x70, 0x68, 0x68, 0xff,
    0x70, 0x68, 0x60, 0xff, 0x70, 0x6c, 0x60, 0xff, 0x70, 0x68, 0x60, 0xff,
    0x00, 0x00, 0x00, 0x00, 0x00, 0x00, 0x00, 0x00, 0x00, 0x00, 0x00, 0x00,
    0x00, 0x00, 0x00, 0x00, 0x00, 0x00, 0x00, 0x00, 0x00, 0x00, 0x00, 0x00,
    0x00, 0x00, 0x00, 0x00, 0x00, 0x00, 0x00, 0x00, 0x00, 0x00, 0x00, 0x00,
    0x00, 0x00, 0x00, 0x00, 0x00, 0x00, 0x00, 0x00, 0x00, 0x00, 0x00, 0x00,
    0x00, 0x00, 0x00, 0x00, 0x00, 0x00, 0x00, 0x00, 0x00, 0x00, 0x00, 0x00,
    0x00, 0x00, 0x00, 0x00, 0x00, 0x00, 0x00, 0x00, 0x70, 0x68, 0x60, 0xff,
    0x70, 0x68, 0x60, 0xff, 0x70, 0x68, 0x68, 0xff, 0x70, 0x68, 0x60, 0x7d,
    0x00, 0x00, 0x00, 0x00, 0x00, 0x00, 0x00, 0x00, 0x00, 0x00, 0x00, 0x00,
    0x00, 0x00, 0x00, 0x00, 0x70, 0x68, 0x60, 0x9e, 0x70, 0x68, 0x68, 0xff,
    0x70, 0x6c, 0x60, 0xff, 0x70, 0x68, 0x60, 0xdf, 0x00, 0x00, 0x00, 0x00,
    0x00, 0x00, 0x00, 0x00, 0x00, 0x00, 0x00, 0x00, 0x70, 0x68, 0x60, 0xdf,
    0x70, 0x68, 0x68, 0xff, 0x70, 0x6c, 0x60, 0xff, 0x70, 0x68, 0x60, 0x82,
    0x70, 0x68, 0x60, 0x82, 0x70, 0x68, 0x68, 0xff, 0x70, 0x6c, 0x60, 0xff,
    0x70, 0x68, 0x60, 0xff, 0x70, 0x68, 0x68, 0xbe, 0x70, 0x68, 0x60, 0xff,
    0x70, 0x68, 0x60, 0xff, 0x70, 0x68, 0x68, 0x9e, 0x00, 0x00, 0x00, 0x00,
    0x00, 0x00, 0x00, 0x00, 0x00, 0x00, 0x00, 0x00, 0x00, 0x00, 0x00, 0x00,
    0x00, 0x00, 0x00, 0x00, 0x00, 0x00, 0x00, 0x00, 0x00, 0x00, 0x00, 0x00,
    0x00, 0x00, 0x00, 0x00, 0x00, 0x00, 0x00, 0x00, 0x00, 0x00, 0x00, 0x00,
    0x00, 0x00, 0x00, 0x00, 0x00, 0x00, 0x00, 0x00, 0x00, 0x00, 0x00, 0x00,
    0x00, 0x00, 0x00, 0x00, 0x00, 0x00, 0x00, 0x00, 0x00, 0x00, 0x00, 0x00,
    0x00, 0x00, 0x00, 0x00, 0x00, 0x00, 0x00, 0x00, 0x00, 0x00, 0x00, 0x00,
    0x00, 0x00, 0x00, 0x00, 0x00, 0x00, 0x00, 0x00, 0x70, 0x6c, 0x68, 0xff,
    0x70, 0x68, 0x60, 0xff, 0x70, 0x68, 0x60, 0xff, 0x70, 0x68, 0x60, 0xff,
    0x70, 0x68, 0x60, 0xef, 0x70, 0x68, 0x60, 0xff, 0x70, 0x68, 0x68, 0xff,
    0x70, 0x6c, 0x60, 0xff, 0x70, 0x70, 0x60, 0x10, 0x00, 0x00, 0x00, 0x00,
    0x00, 0x00, 0x00, 0x00, 0x00, 0x00, 0x00, 0x00, 0x70, 0x68, 0x60, 0xef,
    0x70, 0x68, 0x60, 0xff, 0x70, 0x68, 0x68, 0xff, 0x70, 0x68, 0x60, 0xff,
    0x70, 0x6c, 0x68, 0xff, 0x70, 0x68, 0x60, 0xff, 0x70, 0x68, 0x68, 0xff,
    0x70, 0x68, 0x60, 0xff, 0x70, 0x68, 0x68, 0xff, 0x70, 0x68, 0x60, 0xff,
    0x70, 0x6c, 0x60, 0xff, 0x70, 0x68, 0x68, 0xff, 0x50, 0x48, 0x48, 0xff,
    0x28, 0x28, 0x28, 0xff, 0x30, 0x2c, 0x28, 0xff, 0x38, 0x30, 0x30, 0xff,
    0x70, 0x68, 0x60, 0xff, 0x70, 0x6c, 0x68, 0xff, 0x70, 0x68, 0x60, 0xff,
    0x70, 0x6c, 0x60, 0xff, 0x60, 0x58, 0x58, 0xff, 0x30, 0x2c, 0x28, 0xff,
    0x28, 0x28, 0x28, 0xff, 0x30, 0x2c, 0x28, 0xff, 0x60, 0x58, 0x50, 0xff,
    0x70, 0x68, 0x60, 0xff, 0x70, 0x68, 0x68, 0xff, 0x58, 0x54, 0x48, 0xff,
    0x28, 0x28, 0x28, 0xff, 0x28, 0x2c, 0x28, 0xff, 0x30, 0x28, 0x28, 0xff,
    0x38, 0x30, 0x28, 0xff, 0x30, 0x30, 0x30, 0xff, 0x38, 0x34, 0x28, 0xff,
    0x38, 0x30, 0x30, 0xff, 0x30, 0x30, 0x30, 0xff, 0x68, 0x64, 0x58, 0xff,
    0x70, 0x68, 0x60, 0xff, 0x70, 0x68, 0x68, 0xff, 0x60, 0x5c, 0x50, 0xff,
    0x30, 0x28, 0x28, 0xff, 0x30, 0x28, 0x28, 0xff, 0x28, 0x28, 0x28, 0xff,
    0x38, 0x30, 0x28, 0xff, 0x30, 0x30, 0x30, 0xff, 0x38, 0x30, 0x30, 0xff,
    0x30, 0x34, 0x28, 0xff, 0x38, 0x30, 0x30, 0xff, 0x60, 0x58, 0x58, 0xff,
    0x70, 0x6c, 0x60, 0xff, 0x70, 0x68, 0x60, 0xff, 0x70, 0x68, 0x68, 0xff,
    0x70, 0x6c, 0x60, 0xff, 0x70, 0x68, 0x60, 0xff, 0x70, 0x68, 0x68, 0xff,
    0x70, 0x6c, 0x60, 0xff, 0x70, 0x68, 0x60, 0xff, 0x70, 0x68, 0x68, 0xff,
    0x70, 0x6c, 0x68, 0xff, 0x70, 0x68, 0x60, 0xff, 0x70, 0x68, 0x68, 0xef,
    0x00, 0x00, 0x00, 0x00, 0x00, 0x00, 0x00, 0x00, 0x00, 0x00, 0x00, 0x00,
    0x00, 0x00, 0x00, 0x00, 0x00, 0x00, 0x00, 0x00, 0x00, 0x00, 0x00, 0x00,
    0x00, 0x00, 0x00, 0x00, 0x00, 0x00, 0x00, 0x00, 0x00, 0x00, 0x00, 0x00,
    0x00, 0x00, 0x00, 0x00, 0x00, 0x00, 0x00, 0x00, 0x00, 0x00, 0x00, 0x00,
    0x00, 0x00, 0x00, 0x00, 0x00, 0x00, 0x00, 0x00, 0x00, 0x00, 0x00, 0x00,
    0x00, 0x00, 0x00, 0x00, 0x00, 0x00, 0x00, 0x00, 0x70, 0x6c, 0x68, 0xff,
    0x70, 0x68, 0x60, 0xff, 0x70, 0x68, 0x60, 0xff, 0x70, 0x68, 0x60, 0x82,
    0x00, 0x00, 0x00, 0x00, 0x00, 0x00, 0x00, 0x00, 0x00, 0x00, 0x00, 0x00,
    0x00, 0x00, 0x00, 0x00, 0x70, 0x68, 0x60, 0x9e, 0x70, 0x68, 0x68, 0xff,
    0x70, 0x68, 0x68, 0xff, 0x70, 0x6c, 0x60, 0xdf, 0x00, 0x00, 0x00, 0x00,
    0x00, 0x00, 0x00, 0x00, 0x00, 0x00, 0x00, 0x00, 0x70, 0x68, 0x60, 0xdf,
    0x70, 0x68, 0x68, 0xff, 0x70, 0x68, 0x68, 0xff, 0x70, 0x68, 0x60, 0x7d,
    0x70, 0x70, 0x60, 0x10, 0x70, 0x68, 0x60, 0xdf, 0x70, 0x68, 0x68, 0xff,
    0x70, 0x6c, 0x60, 0xff, 0x70, 0x68, 0x60, 0xff, 0x70, 0x6c, 0x68, 0xff,
    0x70, 0x68, 0x60, 0xff, 0x70, 0x68, 0x60, 0x9e, 0x00, 0x00, 0x00, 0x00,
    0x00, 0x00, 0x00, 0x00, 0x00, 0x00, 0x00, 0x00, 0x00, 0x00, 0x00, 0x00,
    0x00, 0x00, 0x00, 0x00, 0x00, 0x00, 0x00, 0x00, 0x00, 0x00, 0x00, 0x00,
    0x00, 0x00, 0x00, 0x00, 0x00, 0x00, 0x00, 0x00, 0x00, 0x00, 0x00, 0x00,
    0x00, 0x00, 0x00, 0x00, 0x00, 0x00, 0x00, 0x00, 0x00, 0x00, 0x00, 0x00,
    0x00, 0x00, 0x00, 0x00, 0x00, 0x00, 0x00, 0x00, 0x00, 0x00, 0x00, 0x00,
    0x00, 0x00, 0x00, 0x00, 0x00, 0x00, 0x00, 0x00, 0x00, 0x00, 0x00, 0x00,
    0x00, 0x00, 0x00, 0x00, 0x70, 0x70, 0x60, 0x10, 0x70, 0x68, 0x60, 0xff,
    0x70, 0x6c, 0x68, 0xff, 0x70, 0x68, 0x68, 0xff, 0x70, 0x68, 0x60, 0xff,
    0x70, 0x68, 0x60, 0xdf, 0x70, 0x68, 0x60, 0xff, 0x70, 0x68, 0x68, 0xff,
    0x70, 0x68, 0x60, 0xff, 0x70, 0x6c, 0x60, 0x20, 0x00, 0x00, 0x00, 0x00,
    0x00, 0x00, 0x00, 0x00, 0x00, 0x00, 0x00, 0x00, 0x70, 0x6c, 0x60, 0xcf,
    0x70, 0x6c, 0x68, 0xff, 0x70, 0x68, 0x60, 0xff, 0x70, 0x68, 0x60, 0xff,
    0x70, 0x68, 0x68, 0xff, 0x70, 0x6c, 0x60, 0xff, 0x70, 0x68, 0x60, 0xff,
    0x70, 0x6c, 0x68, 0xff, 0x70, 0x68, 0x60, 0xff, 0x70, 0x68, 0x60, 0xff,
    0x70, 0x68, 0x68, 0xff, 0x70, 0x68, 0x60, 0xff, 0x50, 0x48, 0x40, 0xff,
    0x28, 0x28, 0x28, 0xff, 0x28, 0x28, 0x28, 0xff, 0x30, 0x2c, 0x28, 0xff,
    0x70, 0x68, 0x60, 0xff, 0x70, 0x68, 0x68, 0xff, 0x70, 0x68, 0x60, 0xff,
    0x70, 0x68, 0x60, 0xff, 0x60, 0x5c, 0x58, 0xff, 0x28, 0x28, 0x28, 0xff,
    0x28, 0x28, 0x28, 0xff, 0x30, 0x28, 0x28, 0xff, 0x60, 0x5c, 0x50, 0xff,
    0x70, 0x68, 0x60, 0xff, 0x70, 0x68, 0x68, 0xff, 0x58, 0x50, 0x48, 0xff,
    0x28, 0x28, 0x28, 0xff, 0x28, 0x28, 0x28, 0xff, 0x30, 0x2c, 0x28, 0xff,
    0x70, 0x68, 0x60, 0xff, 0x70, 0x68, 0x60, 0xff, 0x70, 0x68, 0x60, 0xff,
    0x70, 0x68, 0x60, 0xff, 0x70, 0x68, 0x60, 0xff, 0x70, 0x6c, 0x60, 0xff,
    0x70, 0x68, 0x68, 0xff, 0x70, 0x68, 0x60, 0xff, 0x60, 0x58, 0x50, 0xff,
    0x28, 0x28, 0x28, 0xff, 0x28, 0x2c, 0x28, 0xff, 0x30, 0x28, 0x28, 0xff,
    0x68, 0x64, 0x58, 0xff, 0x70, 0x68, 0x60, 0xff, 0x70, 0x68, 0x60, 0xff,
    0x70, 0x68, 0x60, 0xff, 0x70, 0x6c, 0x60, 0xff, 0x70, 0x68, 0x60, 0xff,
    0x70, 0x68, 0x60, 0xff, 0x70, 0x68, 0x68, 0xff, 0x70, 0x68, 0x60, 0xff,
    0x70, 0x6c, 0x60, 0xff, 0x70, 0x68, 0x68, 0xff, 0x70, 0x68, 0x60, 0xff,
    0x70, 0x68, 0x68, 0xff, 0x70, 0x68, 0x60, 0xff, 0x70, 0x68, 0x60, 0xff,
    0x70, 0x68, 0x60, 0xff, 0x70, 0x68, 0x68, 0xff, 0x70, 0x68, 0x60, 0xcf,
    0x00, 0x00, 0x00, 0x00, 0x00, 0x00, 0x00, 0x00, 0x00, 0x00, 0x00, 0x00,
    0x00, 0x00, 0x00, 0x00, 0x00, 0x00, 0x00, 0x00, 0x00, 0x00, 0x00, 0x00,
    0x00, 0x00, 0x00, 0x00, 0x00, 0x00, 0x00, 0x00, 0x00, 0x00, 0x00, 0x00,
    0x00, 0x00, 0x00, 0x00, 0x00, 0x00, 0x00, 0x00, 0x00, 0x00, 0x00, 0x00,
    0x00, 0x00, 0x00, 0x00, 0x00, 0x00, 0x00, 0x00, 0x00, 0x00, 0x00, 0x00,
    0x00, 0x00, 0x00, 0x00, 0x00, 0x00, 0x00, 0x00, 0x70, 0x68, 0x60, 0xef,
    0x70, 0x68, 0x68, 0xff, 0x70, 0x6c, 0x60, 0xff, 0x70, 0x68, 0x60, 0x8e,
    0x00, 0x00, 0x00, 0x00, 0x00, 0x00, 0x00, 0x00, 0x00, 0x00, 0x00, 0x00,
    0x00, 0x00, 0x00, 0x00, 0x70, 0x68, 0x60, 0xae, 0x70, 0x68, 0x60, 0xff,
    0x70, 0x68, 0x68, 0xff, 0x70, 0x68, 0x60, 0xcf, 0x00, 0x00, 0x00, 0x00,
    0x00, 0x00, 0x00, 0x00, 0x00, 0x00, 0x00, 0x00, 0x70, 0x6c, 0x60, 0xdf,
    0x70, 0x68, 0x60, 0xff, 0x70, 0x68, 0x68, 0xff, 0x70, 0x68, 0x60, 0x7d,
    0x00, 0x00, 0x00, 0x00, 0x70, 0x68, 0x68, 0x41, 0x70, 0x68, 0x60, 0xff,
    0x70, 0x68, 0x68, 0xff, 0x70, 0x68, 0x60, 0xff, 0x70, 0x68, 0x68, 0xff,
    0x70, 0x6c, 0x60, 0xff, 0x70, 0x68, 0x68, 0xa2, 0x00, 0x00, 0x00, 0x00,
    0x00, 0x00, 0x00, 0x00, 0x00, 0x00, 0x00, 0x00, 0x00, 0x00, 0x00, 0x00,
    0x00, 0x00, 0x00, 0x00, 0x00, 0x00, 0x00, 0x00, 0x00, 0x00, 0x00, 0x00,
    0x00, 0x00, 0x00, 0x00, 0x00, 0x00, 0x00, 0x00, 0x00, 0x00, 0x00, 0x00,
    0x00, 0x00, 0x00, 0x00, 0x00, 0x00, 0x00, 0x00, 0x00, 0x00, 0x00, 0x00,
    0x00, 0x00, 0x00, 0x00, 0x00, 0x00, 0x00, 0x00, 0x00, 0x00, 0x00, 0x00,
    0x00, 0x00, 0x00, 0x00, 0x00, 0x00, 0x00, 0x00, 0x00, 0x00, 0x00, 0x00,
    0x00, 0x00, 0x00, 0x00, 0x70, 0x6c, 0x68, 0x30, 0x70, 0x68, 0x60, 0xff,
    0x70, 0x68, 0x60, 0xff, 0x70, 0x6c, 0x60, 0xff, 0x70, 0x68, 0x60, 0xdf,
    0x70, 0x6c, 0x60, 0xcf, 0x70, 0x68, 0x68, 0xff, 0x70, 0x6c, 0x60, 0xff,
    0x70, 0x68, 0x68, 0xff, 0x70, 0x68, 0x68, 0x4d, 0x00, 0x00, 0x00, 0x00,
    0x00, 0x00, 0x00, 0x00, 0x00, 0x00, 0x00, 0x00, 0x70, 0x68, 0x68, 0x9e,
    0x70, 0x68, 0x60, 0xff, 0x70, 0x68, 0x60, 0xff, 0x70, 0x6c, 0x68, 0xff,
    0x70, 0x68, 0x60, 0xff, 0x70, 0x68, 0x60, 0xff, 0x70, 0x68, 0x68, 0xff,
    0x70, 0x68, 0x60, 0xff, 0x70, 0x6c, 0x60, 0xff, 0x70, 0x68, 0x68, 0xff,
    0x70, 0x6c, 0x60, 0xff, 0x70, 0x68, 0x60, 0xff, 0x50, 0x50, 0x48, 0xff,
    0x30, 0x2c, 0x28, 0xff, 0x28, 0x28, 0x28, 0xff, 0x28, 0x2c, 0x28, 0xff,
    0x70, 0x64, 0x60, 0xff, 0x70, 0x6c, 0x60, 0xff, 0x70, 0x68, 0x60, 0xff,
    0x70, 0x68, 0x68, 0xff, 0x58, 0x50, 0x48, 0xff, 0x28, 0x28, 0x28, 0xff,
    0x30, 0x28, 0x28, 0xff, 0x28, 0x28, 0x28, 0xff, 0x60, 0x60, 0x58, 0xff,
    0x70, 0x68, 0x60, 0xff, 0x70, 0x68, 0x60, 0xff, 0x58, 0x54, 0x50, 0xff,
    0x30, 0x28, 0x28, 0xff, 0x28, 0x28, 0x28, 0xff, 0x28, 0x28, 0x28, 0xff,
    0x70, 0x6c, 0x60, 0xff, 0x70, 0x68, 0x60, 0xff, 0x70, 0x68, 0x68, 0xff,
    0x70, 0x6c, 0x60, 0xff, 0x70, 0x68, 0x68, 0xff, 0x70, 0x68, 0x60, 0xff,
    0x70, 0x6c, 0x60, 0xff, 0x70, 0x68, 0x68, 0xff, 0x60, 0x58, 0x58, 0xff,
    0x28, 0x2c, 0x28, 0xff, 0x30, 0x28, 0x28, 0xff, 0x28, 0x28, 0x28, 0xff,
    0x68, 0x60, 0x58, 0xff, 0x70, 0x6c, 0x60, 0xff, 0x70, 0x68, 0x68, 0xff,
    0x70, 0x68, 0x60, 0xff, 0x70, 0x68, 0x68, 0xff, 0x70, 0x68, 0x60, 0xff,
    0x70, 0x6c, 0x68, 0xff, 0x70, 0x68, 0x60, 0xff, 0x70, 0x68, 0x60, 0xff,
    0x70, 0x68, 0x68, 0xff, 0x70, 0x68, 0x60, 0xff, 0x70, 0x6c, 0x60, 0xff,
    0x70, 0x68, 0x68, 0xff, 0x70, 0x6c, 0x68, 0xff, 0x70, 0x68, 0x60, 0xff,
    0x70, 0x6c, 0x60, 0xff, 0x70, 0x68, 0x60, 0xff, 0x70, 0x68, 0x60, 0xae,
    0x00, 0x00, 0x00, 0x00, 0x00, 0x00, 0x00, 0x00, 0x00, 0x00, 0x00, 0x00,
    0x00, 0x00, 0x00, 0x00, 0x00, 0x00, 0x00, 0x00, 0x00, 0x00, 0x00, 0x00,
    0x00, 0x00, 0x00, 0x00, 0x00, 0x00, 0x00, 0x00, 0x00, 0x00, 0x00, 0x00,
    0x00, 0x00, 0x00, 0x00, 0x00, 0x00, 0x00, 0x00, 0x00, 0x00, 0x00, 0x00,
    0x00, 0x00, 0x00, 0x00, 0x00, 0x00, 0x00, 0x00, 0x00, 0x00, 0x00, 0x00,
    0x00, 0x00, 0x00, 0x00, 0x00, 0x00, 0x00, 0x00, 0x70, 0x68, 0x60, 0xdf,
    0x70, 0x68, 0x68, 0xff, 0x70, 0x6c, 0x68, 0xff, 0x70, 0x68, 0x60, 0xbe,
    0x00, 0x00, 0x00, 0x00, 0x00, 0x00, 0x00, 0x00, 0x00, 0x00, 0x00, 0x00,
    0x00, 0x00, 0x00, 0x00, 0x70, 0x6c, 0x68, 0xbe, 0x70, 0x68, 0x60, 0xff,
    0x70, 0x6c, 0x60, 0xff, 0x70, 0x68, 0x68, 0xbe, 0x00, 0x00, 0x00, 0x00,
    0x00, 0x00, 0x00, 0x00, 0x00, 0x00, 0x00, 0x00, 0x70, 0x68, 0x60, 0xdf,
    0x70, 0x6c, 0x68, 0xff, 0x70, 0x68, 0x60, 0xff, 0x70, 0x68, 0x60, 0x82,
    0x00, 0x00, 0x00, 0x00, 0x00, 0x00, 0x00, 0x00, 0x70, 0x6c, 0x60, 0xbe,
    0x70, 0x68, 0x60, 0xff, 0x70, 0x68, 0x68, 0xff, 0x70, 0x68, 0x60, 0xff,
    0x70, 0x68, 0x60, 0xff, 0x70, 0x68, 0x68, 0x9e, 0x00, 0x00, 0x00, 0x00,
    0x00, 0x00, 0x00, 0x00, 0x00, 0x00, 0x00, 0x00, 0x00, 0x00, 0x00, 0x00,
    0x00, 0x00, 0x00, 0x00, 0x00, 0x00, 0x00, 0x00, 0x00, 0x00, 0x00, 0x00,
    0x00, 0x00, 0x00, 0x00, 0x00, 0x00, 0x00, 0x00, 0x00, 0x00, 0x00, 0x00,
    0x00, 0x00, 0x00, 0x00, 0x00, 0x00, 0x00, 0x00, 0x00, 0x00, 0x00, 0x00,
    0x00, 0x00, 0x00, 0x00, 0x00, 0x00, 0x00, 0x00, 0x00, 0x00, 0x00, 0x00,
    0x00, 0x00, 0x00, 0x00, 0x00, 0x00, 0x00, 0x00, 0x00, 0x00, 0x00, 0x00,
    0x00, 0x00, 0x00, 0x00, 0x70, 0x68, 0x68, 0x41, 0x70, 0x68, 0x60, 0xff,
    0x70, 0x68, 0x68, 0xff, 0x70, 0x68, 0x60, 0xff, 0x70, 0x68, 0x68, 0xbe,
    0x70, 0x68, 0x60, 0x8e, 0x70, 0x68, 0x60, 0xff, 0x70, 0x68, 0x60, 0xff,
    0x70, 0x68, 0x60, 0xff, 0x70, 0x68, 0x60, 0x6d, 0x00, 0x00, 0x00, 0x00,
    0x00, 0x00, 0x00, 0x00, 0x00, 0x00, 0x00, 0x00, 0x70, 0x68, 0x60, 0x6d,
    0x70, 0x68, 0x68, 0xff, 0x70, 0x68, 0x60, 0xff, 0x70, 0x68, 0x68, 0xff,
    0x70, 0x6c, 0x60, 0xff, 0x70, 0x68, 0x60, 0xff, 0x70, 0x68, 0x68, 0xff,
    0x70, 0x68, 0x60, 0xff, 0x70, 0x68, 0x68, 0xff, 0x70, 0x68, 0x60, 0xff,
    0x70, 0x68, 0x68, 0xff, 0x70, 0x68, 0x60, 0xff, 0x60, 0x58, 0x58, 0xff,
    0x30, 0x28, 0x28, 0xff, 0x30, 0x28, 0x28, 0xff, 0x28, 0x28, 0x28, 0xff,
    0x30, 0x34, 0x30, 0xff, 0x50, 0x48, 0x48, 0xff, 0x50, 0x48, 0x48, 0xff,
    0x48, 0x48, 0x40, 0xff, 0x30, 0x2c, 0x28, 0xff, 0x30, 0x2c, 0x28, 0xff,
    0x28, 0x28, 0x28, 0xff, 0x30, 0x28, 0x28, 0xff, 0x70, 0x68, 0x60, 0xff,
    0x70, 0x68, 0x68, 0xff, 0x70, 0x6c, 0x60, 0xff, 0x58, 0x50, 0x50, 0xff,
    0x28, 0x28, 0x28, 0xff, 0x30, 0x2c, 0x28, 0xff, 0x30, 0x28, 0x28, 0xff,
    0x70, 0x68, 0x60, 0xff, 0x70, 0x6c, 0x68, 0xff, 0x70, 0x68, 0x60, 0xff,
    0x70, 0x68, 0x68, 0xff, 0x70, 0x68, 0x60, 0xff, 0x70, 0x68, 0x68, 0xff,
    0x70, 0x68, 0x60, 0xff, 0x70, 0x6c, 0x60, 0xff, 0x60, 0x58, 0x58, 0xff,
    0x30, 0x28, 0x28, 0xff, 0x28, 0x28, 0x28, 0xff, 0x30, 0x28, 0x28, 0xff,
    0x68, 0x60, 0x58, 0xff, 0x70, 0x6c, 0x68, 0xff, 0x70, 0x68, 0x60, 0xff,
    0x70, 0x68, 0x68, 0xff, 0x70, 0x6c, 0x60, 0xff, 0x70, 0x68, 0x68, 0xff,
    0x70, 0x68, 0x60, 0xff, 0x70, 0x6c, 0x68, 0xff, 0x70, 0x68, 0x60, 0xff,
    0x70, 0x68, 0x68, 0xff, 0x70, 0x6c, 0x60, 0xff, 0x70, 0x68, 0x60, 0xff,
    0x70, 0x68, 0x60, 0xff, 0x70, 0x68, 0x68, 0xff, 0x70, 0x6c, 0x60, 0xff,
    0x70, 0x68, 0x68, 0xff, 0x70, 0x68, 0x68, 0xff, 0x70, 0x6c, 0x60, 0x61,
    0x00, 0x00, 0x00, 0x00, 0x00, 0x00, 0x00, 0x00, 0x00, 0x00, 0x00, 0x00,
    0x00, 0x00, 0x00, 0x00, 0x00, 0x00, 0x00, 0x00, 0x00, 0x00, 0x00, 0x00,
    0x00, 0x00, 0x00, 0x00, 0x00, 0x00, 0x00, 0x00, 0x00, 0x00, 0x00, 0x00,
    0x00, 0x00, 0x00, 0x00, 0x00, 0x00, 0x00, 0x00, 0x00, 0x00, 0x00, 0x00,
    0x00, 0x00, 0x00, 0x00, 0x00, 0x00, 0x00, 0x00, 0x00, 0x00, 0x00, 0x00,
    0x00, 0x00, 0x00, 0x00, 0x00, 0x00, 0x00, 0x00, 0x70, 0x68, 0x60, 0xae,
    0x70, 0x68, 0x60, 0xff, 0x70, 0x68, 0x68, 0xff, 0x70, 0x68, 0x60, 0xff,
    0x70, 0x68, 0x68, 0x9e, 0x70, 0x68, 0x60, 0x82, 0x70, 0x68, 0x60, 0x82,
    0x70, 0x68, 0x68, 0xae, 0x70, 0x68, 0x60, 0xff, 0x70, 0x68, 0x68, 0xff,
    0x70, 0x68, 0x60, 0xff, 0x70, 0x68, 0x60, 0x92, 0x00, 0x00, 0x00, 0x00,
    0x00, 0x00, 0x00, 0x00, 0x00, 0x00, 0x00, 0x00, 0x70, 0x68, 0x60, 0xdf,
    0x70, 0x68, 0x68, 0xff, 0x70, 0x6c, 0x60, 0xff, 0x70, 0x68, 0x60, 0x7d,
    0x00, 0x00, 0x00, 0x00, 0x00, 0x00, 0x00, 0x00, 0x70, 0x68, 0x60, 0x20,
    0x70, 0x6c, 0x60, 0xef, 0x70, 0x68, 0x68, 0xff, 0x70, 0x6c, 0x60, 0xff,
    0x70, 0x68, 0x60, 0xff, 0x70, 0x68, 0x60, 0x9e, 0x00, 0x00, 0x00, 0x00,
    0x00, 0x00, 0x00, 0x00, 0x00, 0x00, 0x00, 0x00, 0x00, 0x00, 0x00, 0x00,
    0x00, 0x00, 0x00, 0x00, 0x00, 0x00, 0x00, 0x00, 0x00, 0x00, 0x00, 0x00,
    0x00, 0x00, 0x00, 0x00, 0x00, 0x00, 0x00, 0x00, 0x00, 0x00, 0x00, 0x00,
    0x00, 0x00, 0x00, 0x00, 0x00, 0x00, 0x00, 0x00, 0x00, 0x00, 0x00, 0x00,
    0x00, 0x00, 0x00, 0x00, 0x00, 0x00, 0x00, 0x00, 0x00, 0x00, 0x00, 0x00,
    0x00, 0x00, 0x00, 0x00, 0x00, 0x00, 0x00, 0x00, 0x00, 0x00, 0x00, 0x00,
    0x00, 0x00, 0x00, 0x00, 0x70, 0x68, 0x60, 0x7d, 0x70, 0x68, 0x60, 0xff,
    0x70, 0x6c, 0x68, 0xff, 0x70, 0x68, 0x60, 0xff, 0x70, 0x68, 0x60, 0x8e,
    0x70, 0x68, 0x60, 0x61, 0x70, 0x68, 0x68, 0xff, 0x70, 0x68, 0x68, 0xff,
    0x70, 0x68, 0x60, 0xff, 0x70, 0x68, 0x60, 0xbe, 0x00, 0x00, 0x00, 0x00,
    0x00, 0x00, 0x00, 0x00, 0x00, 0x00, 0x00, 0x00, 0x70, 0x70, 0x60, 0x10,
    0x70, 0x68, 0x60, 0xff, 0x70, 0x68, 0x68, 0xff, 0x70, 0x68, 0x60, 0xff,
    0x70, 0x68, 0x68, 0xff, 0x70, 0x6c, 0x60, 0xff, 0x70, 0x68, 0x60, 0xff,
    0x70, 0x6c, 0x68, 0xff, 0x70, 0x68, 0x60, 0xff, 0x70, 0x6c, 0x60, 0xff,
    0x70, 0x68, 0x68, 0xff, 0x70, 0x68, 0x60, 0xff, 0x68, 0x68, 0x60, 0xff,
    0x38, 0x30, 0x30, 0xff, 0x28, 0x28, 0x28, 0xff, 0x30, 0x28, 0x28, 0xff,
    0x30, 0x28, 0x28, 0xff, 0x28, 0x28, 0x28, 0xff, 0x28, 0x28, 0x28, 0xff,
    0x28, 0x28, 0x28, 0xff, 0x30, 0x2c, 0x28, 0xff, 0x28, 0x28, 0x28, 0xff,
    0x30, 0x28, 0x28, 0xff, 0x48, 0x48, 0x40, 0xff, 0x70, 0x68, 0x60, 0xff,
    0x70, 0x68, 0x60, 0xff, 0x70, 0x68, 0x60, 0xff, 0x58, 0x50, 0x48, 0xff,
    0x28, 0x28, 0x28, 0xff, 0x28, 0x2c, 0x28, 0xff, 0x30, 0x28, 0x28, 0xff,
    0x70, 0x68, 0x60, 0xff, 0x70, 0x68, 0x60, 0xff, 0x70, 0x6c, 0x60, 0xff,
    0x70, 0x68, 0x60, 0xff, 0x70, 0x6c, 0x68, 0xff, 0x70, 0x68, 0x60, 0xff,
    0x70, 0x68, 0x60, 0xff, 0x70, 0x68, 0x60, 0xff, 0x60, 0x58, 0x50, 0xff,
    0x28, 0x2c, 0x28, 0xff, 0x30, 0x28, 0x28, 0xff, 0x28, 0x2c, 0x28, 0xff,
    0x68, 0x60, 0x58, 0xff, 0x70, 0x68, 0x60, 0xff, 0x70, 0x68, 0x68, 0xff,
    0x70, 0x6c, 0x60, 0xff, 0x70, 0x68, 0x60, 0xff, 0x70, 0x68, 0x60, 0xff,
    0x70, 0x68, 0x68, 0xff, 0x70, 0x68, 0x60, 0xff, 0x70, 0x6c, 0x60, 0xff,
    0x70, 0x68, 0x68, 0xff, 0x70, 0x68, 0x68, 0xff, 0x70, 0x68, 0x60, 0xff,
    0x70, 0x68, 0x60, 0xff, 0x70, 0x68, 0x60, 0xff, 0x70, 0x68, 0x68, 0xff,
    0x70, 0x68, 0x60, 0xff, 0x70, 0x68, 0x60, 0xff, 0x70, 0x68, 0x60, 0x20,
    0x00, 0x00, 0x00, 0x00, 0x00, 0x00, 0x00, 0x00, 0x00, 0x00, 0x00, 0x00,
    0x00, 0x00, 0x00, 0x00, 0x00, 0x00, 0x00, 0x00, 0x00, 0x00, 0x00, 0x00,
    0x00, 0x00, 0x00, 0x00, 0x00, 0x00, 0x00, 0x00, 0x00, 0x00, 0x00, 0x00,
    0x00, 0x00, 0x00, 0x00, 0x00, 0x00, 0x00, 0x00, 0x00, 0x00, 0x00, 0x00,
    0x00, 0x00, 0x00, 0x00, 0x00, 0x00, 0x00, 0x00, 0x00, 0x00, 0x00, 0x00,
    0x00, 0x00, 0x00, 0x00, 0x00, 0x00, 0x00, 0x00, 0x70, 0x68, 0x68, 0x41,
    0x70, 0x6c, 0x60, 0xff, 0x70, 0x68, 0x60, 0xff, 0x70, 0x68, 0x68, 0xff,
    0x70, 0x6c, 0x60, 0xff, 0x70, 0x68, 0x68, 0xff, 0x70, 0x68, 0x60, 0xff,
    0x70, 0x6c, 0x60, 0xff, 0x70, 0x68, 0x68, 0xff, 0x70, 0x68, 0x60, 0xff,
    0x70, 0x6c, 0x68, 0xff, 0x70, 0x68, 0x60, 0x20, 0x00, 0x00, 0x00, 0x00,
    0x00, 0x00, 0x00, 0x00, 0x00, 0x00, 0x00, 0x00, 0x70, 0x68, 0x60, 0xdf,
    0x70, 0x68, 0x68, 0xff, 0x70, 0x68, 0x60, 0xff, 0x70, 0x68, 0x60, 0x82,
    0x00, 0x00, 0x00, 0x00, 0x00, 0x00, 0x00, 0x00, 0x00, 0x00, 0x00, 0x00,
    0x70, 0x68, 0x60, 0x82, 0x70, 0x68, 0x68, 0xff, 0x70, 0x68, 0x68, 0xff,
    0x70, 0x6c, 0x60, 0xff, 0x70, 0x68, 0x68, 0x9e, 0x00, 0x00, 0x00, 0x00,
    0x00, 0x00, 0x00, 0x00, 0x00, 0x00, 0x00, 0x00, 0x00, 0x00, 0x00, 0x00,
    0x00, 0x00, 0x00, 0x00, 0x00, 0x00, 0x00, 0x00, 0x00, 0x00, 0x00, 0x00,
    0x00, 0x00, 0x00, 0x00, 0x00, 0x00, 0x00, 0x00, 0x00, 0x00, 0x00, 0x00,
    0x00, 0x00, 0x00, 0x00, 0x00, 0x00, 0x00, 0x00, 0x00, 0x00, 0x00, 0x00,
    0x00, 0x00, 0x00, 0x00, 0x00, 0x00, 0x00, 0x00, 0x00, 0x00, 0x00, 0x00,
    0x00, 0x00, 0x00, 0x00, 0x00, 0x00, 0x00, 0x00, 0x00, 0x00, 0x00, 0x00,
    0x00, 0x00, 0x00, 0x00, 0x70, 0x68, 0x60, 0xbe, 0x70, 0x68, 0x68, 0xff,
    0x70, 0x68, 0x60, 0xff, 0x70, 0x6c, 0x60, 0xff, 0x70, 0x68, 0x60, 0x61,
    0x70, 0x68, 0x60, 0x20, 0x70, 0x68, 0x60, 0xff, 0x70, 0x6c, 0x68, 0xff,
    0x70, 0x6c, 0x68, 0xff, 0x70, 0x68, 0x60, 0xef, 0x70, 0x70, 0x60, 0x10,
    0x00, 0x00, 0x00, 0x00, 0x00, 0x00, 0x00, 0x00, 0x00, 0x00, 0x00, 0x00,
    0x70, 0x6c, 0x60, 0xbe, 0x70, 0x68, 0x60, 0xff, 0x70, 0x68, 0x68, 0xff,
    0x70, 0x6c, 0x60, 0xff, 0x70, 0x68, 0x68, 0xff, 0x70, 0x68, 0x60, 0xff,
    0x70, 0x68, 0x60, 0xff, 0x70, 0x6c, 0x68, 0xff, 0x70, 0x68, 0x60, 0xff,
    0x70, 0x68, 0x60, 0xff, 0x70, 0x6c, 0x60, 0xff, 0x70, 0x68, 0x60, 0xff,
    0x68, 0x60, 0x58, 0xff, 0x48, 0x44, 0x40, 0xff, 0x30, 0x30, 0x28, 0xff,
    0x28, 0x28, 0x28, 0xff, 0x30, 0x2c, 0x28, 0xff, 0x30, 0x28, 0x28, 0xff,
    0x28, 0x28, 0x28, 0xff, 0x30, 0x28, 0x28, 0xff, 0x30, 0x30, 0x30, 0xff,
    0x50, 0x48, 0x40, 0xff, 0x70, 0x6c, 0x60, 0xff, 0x70, 0x68, 0x68, 0xff,
    0x70, 0x6c, 0x68, 0xff, 0x70, 0x68, 0x60, 0xff, 0x58, 0x50, 0x50, 0xff,
    0x28, 0x2c, 0x28, 0xff, 0x30, 0x28, 0x28, 0xff, 0x28, 0x28, 0x28, 0xff,
    0x70, 0x68, 0x60, 0xff, 0x70, 0x68, 0x68, 0xff, 0x70, 0x68, 0x60, 0xff,
    0x70, 0x68, 0x60, 0xff, 0x70, 0x68, 0x68, 0xff, 0x70, 0x6c, 0x60, 0xff,
    0x70, 0x68, 0x68, 0xff, 0x70, 0x68, 0x68, 0xff, 0x60, 0x5c, 0x50, 0xff,
    0x28, 0x28, 0x28, 0xff, 0x30, 0x28, 0x28, 0xff, 0x30, 0x28, 0x28, 0xff,
    0x68, 0x64, 0x58, 0xff, 0x70, 0x68, 0x60, 0xff, 0x70, 0x68, 0x68, 0xff,
    0x70, 0x68, 0x60, 0xff, 0x70, 0x68, 0x60, 0xff, 0x70, 0x6c, 0x68, 0xff,
    0x70, 0x68, 0x60, 0xff, 0x70, 0x68, 0x60, 0xff, 0x70, 0x68, 0x60, 0xff,
    0x70, 0x6c, 0x60, 0xff, 0x70, 0x68, 0x68, 0xff, 0x70, 0x6c, 0x60, 0xff,
    0x70, 0x6c, 0x68, 0xff, 0x70, 0x68, 0x60, 0xff, 0x70, 0x68, 0x60, 0xff,
    0x70, 0x6c, 0x68, 0xff, 0x70, 0x68, 0x60, 0xae, 0x00, 0x00, 0x00, 0x00,
    0x00, 0x00, 0x00, 0x00, 0x00, 0x00, 0x00, 0x00, 0x00, 0x00, 0x00, 0x00,
    0x00, 0x00, 0x00, 0x00, 0x00, 0x00, 0x00, 0x00, 0x00, 0x00, 0x00, 0x00,
    0x00, 0x00, 0x00, 0x00, 0x00, 0x00, 0x00, 0x00, 0x00, 0x00, 0x00, 0x00,
    0x00, 0x00, 0x00, 0x00, 0x00, 0x00, 0x00, 0x00, 0x00, 0x00, 0x00, 0x00,
    0x00, 0x00, 0x00, 0x00, 0x00, 0x00, 0x00, 0x00, 0x00, 0x00, 0x00, 0x00,
    0x00, 0x00, 0x00, 0x00, 0x00, 0x00, 0x00, 0x00, 0x00, 0x00, 0x00, 0x00,
    0x70, 0x68, 0x60, 0x61, 0x70, 0x68, 0x60, 0xcf, 0x70, 0x6c, 0x68, 0xff,
    0x70, 0x68, 0x60, 0xff, 0x70, 0x68, 0x60, 0xff, 0x70, 0x68, 0x68, 0xff,
    0x70, 0x6c, 0x60, 0xff, 0x70, 0x68, 0x60, 0xff, 0x70, 0x68, 0x60, 0xbe,
    0x70, 0x68, 0x60, 0x41, 0x00, 0x00, 0x00, 0x00, 0x00, 0x00, 0x00, 0x00,
    0x00, 0x00, 0x00, 0x00, 0x00, 0x00, 0x00, 0x00, 0x70, 0x6c, 0x60, 0xdf,
    0x70, 0x68, 0x68, 0xff, 0x70, 0x68, 0x68, 0xff, 0x70, 0x68, 0x60, 0x7d,
    0x00, 0x00, 0x00, 0x00, 0x00, 0x00, 0x00, 0x00, 0x00, 0x00, 0x00, 0x00,
    0x70, 0x70, 0x60, 0x10, 0x70, 0x68, 0x60, 0xdf, 0x70, 0x68, 0x60, 0xff,
    0x70, 0x68, 0x60, 0xff, 0x70, 0x68, 0x68, 0x9e, 0x00, 0x00, 0x00, 0x00,
    0x00, 0x00, 0x00, 0x00, 0x00, 0x00, 0x00, 0x00, 0x00, 0x00, 0x00, 0x00,
    0x00, 0x00, 0x00, 0x00, 0x00, 0x00, 0x00, 0x00, 0x00, 0x00, 0x00, 0x00,
    0x00, 0x00, 0x00, 0x00, 0x00, 0x00, 0x00, 0x00, 0x00, 0x00, 0x00, 0x00,
    0x00, 0x00, 0x00, 0x00, 0x00, 0x00, 0x00, 0x00, 0x00, 0x00, 0x00, 0x00,
    0x00, 0x00, 0x00, 0x00, 0x00, 0x00, 0x00, 0x00, 0x00, 0x00, 0x00, 0x00,
    0x00, 0x00, 0x00, 0x00, 0x00, 0x00, 0x00, 0x00, 0x00, 0x00, 0x00, 0x00,
    0x70, 0x70, 0x60, 0x10, 0x70, 0x6c, 0x68, 0xff, 0x70, 0x68, 0x60, 0xff,
    0x70, 0x68, 0x68, 0xff, 0x70, 0x68, 0x68, 0xff, 0x70, 0x68, 0x60, 0x20,
    0x00, 0x00, 0x00, 0x00, 0x70, 0x68, 0x60, 0xdf, 0x70, 0x68, 0x60, 0xff,
    0x70, 0x68, 0x60, 0xff, 0x70, 0x68, 0x68, 0xff, 0x70, 0x68, 0x68, 0x71,
    0x00, 0x00, 0x00, 0x00, 0x00, 0x00, 0x00, 0x00, 0x00, 0x00, 0x00, 0x00,
    0x70, 0x68, 0x68, 0x41, 0x70, 0x68, 0x60, 0xff, 0x70, 0x6c, 0x60, 0xff,
    0x70, 0x68, 0x60, 0xff, 0x70, 0x68, 0x68, 0xff, 0x70, 0x68, 0x60, 0xff,
    0x70, 0x68, 0x60, 0xff, 0x70, 0x68, 0x68, 0xff, 0x70, 0x68, 0x68, 0xff,
    0x70, 0x68, 0x60, 0xff, 0x70, 0x68, 0x68, 0xff, 0x70, 0x68, 0x60, 0xff,
    0x70, 0x68, 0x60, 0xff, 0x70, 0x68, 0x60, 0xff, 0x70, 0x68, 0x60, 0xff,
    0x68, 0x64, 0x60, 0xff, 0x68, 0x60, 0x58, 0xff, 0x68, 0x64, 0x58, 0xff,
    0x68, 0x60, 0x58, 0xff, 0x70, 0x64, 0x60, 0xff, 0x70, 0x6c, 0x60, 0xff,
    0x70, 0x68, 0x60, 0xff, 0x70, 0x68, 0x60, 0xff, 0x70, 0x68, 0x60, 0xff,
    0x70, 0x68, 0x68, 0xff, 0x70, 0x6c, 0x60, 0xff, 0x70, 0x68, 0x60, 0xff,
    0x70, 0x68, 0x60, 0xff, 0x70, 0x68, 0x60, 0xff, 0x70, 0x6c, 0x60, 0xff,
    0x70, 0x68, 0x60, 0xff, 0x70, 0x6c, 0x68, 0xff, 0x70, 0x68, 0x68, 0xff,
    0x70, 0x68, 0x60, 0xff, 0x70, 0x68, 0x60, 0xff, 0x70, 0x6c, 0x68, 0xff,
    0x70, 0x68, 0x60, 0xff, 0x70, 0x68, 0x60, 0xff, 0x70, 0x68, 0x68, 0xff,
    0x70, 0x68, 0x60, 0xff, 0x70, 0x68, 0x60, 0xff, 0x70, 0x68, 0x60, 0xff,
    0x70, 0x68, 0x68, 0xff, 0x70, 0x6c, 0x60, 0xff, 0x70, 0x68, 0x68, 0xff,
    0x70, 0x68, 0x60, 0xff, 0x70, 0x6c, 0x68, 0xff, 0x70, 0x68, 0x60, 0xff,
    0x70, 0x68, 0x68, 0xff, 0x70, 0x6c, 0x68, 0xff, 0x70, 0x68, 0x60, 0xff,
    0x70, 0x68, 0x60, 0xff, 0x70, 0x68, 0x68, 0xff, 0x70, 0x68, 0x60, 0xff,
    0x70, 0x68, 0x68, 0xff, 0x70, 0x68, 0x60, 0xff, 0x70, 0x6c, 0x60, 0xff,
    0x70, 0x68, 0x68, 0xff, 0x70, 0x68, 0x60, 0x41, 0x00, 0x00, 0x00, 0x00,
    0x00, 0x00, 0x00, 0x00, 0x00, 0x00, 0x00, 0x00, 0x00, 0x00, 0x00, 0x00,
    0x00, 0x00, 0x00, 0x00, 0x00, 0x00, 0x00, 0x00, 0x00, 0x00, 0x00, 0x00,
    0x00, 0x00, 0x00, 0x00, 0x00, 0x00, 0x00, 0x00, 0x00, 0x00, 0x00, 0x00,
    0x00, 0x00, 0x00, 0x00, 0x00, 0x00, 0x00, 0x00, 0x00, 0x00, 0x00, 0x00,
    0x00, 0x00, 0x00, 0x00, 0x00, 0x00, 0x00, 0x00, 0x00, 0x00, 0x00, 0x00,
    0x00, 0x00, 0x00, 0x00, 0x00, 0x00, 0x00, 0x00, 0x00, 0x00, 0x00, 0x00,
    0x00, 0x00, 0x00, 0x00, 0x00, 0x00, 0x00, 0x00, 0x00, 0x00, 0x00, 0x00,
    0x70, 0x6c, 0x60, 0x20, 0x70, 0x6c, 0x68, 0x20, 0x70, 0x6c, 0x60, 0x20,
    0x70, 0x6c, 0x68, 0x20, 0x00, 0x00, 0x00, 0x00, 0x00, 0x00, 0x00, 0x00,
    0x00, 0x00, 0x00, 0x00, 0x00, 0x00, 0x00, 0x00, 0x00, 0x00, 0x00, 0x00,
    0x00, 0x00, 0x00, 0x00, 0x00, 0x00, 0x00, 0x00, 0x00, 0x00, 0x00, 0x00,
    0x00, 0x00, 0x00, 0x00, 0x00, 0x00, 0x00, 0x00, 0x00, 0x00, 0x00, 0x00,
    0x00, 0x00, 0x00, 0x00, 0x00, 0x00, 0x00, 0x00, 0x00, 0x00, 0x00, 0x00,
    0x00, 0x00, 0x00, 0x00, 0x00, 0x00, 0x00, 0x00, 0x00, 0x00, 0x00, 0x00,
    0x00, 0x00, 0x00, 0x00, 0x00, 0x00, 0x00, 0x00, 0x00, 0x00, 0x00, 0x00,
    0x00, 0x00, 0x00, 0x00, 0x00, 0x00, 0x00, 0x00, 0x00, 0x00, 0x00, 0x00,
    0x00, 0x00, 0x00, 0x00, 0x00, 0x00, 0x00, 0x00, 0x00, 0x00, 0x00, 0x00,
    0x00, 0x00, 0x00, 0x00, 0x00, 0x00, 0x00, 0x00, 0x00, 0x00, 0x00, 0x00,
    0x00, 0x00, 0x00, 0x00, 0x00, 0x00, 0x00, 0x00, 0x00, 0x00, 0x00, 0x00,
    0x00, 0x00, 0x00, 0x00, 0x00, 0x00, 0x00, 0x00, 0x00, 0x00, 0x00, 0x00,
    0x00, 0x00, 0x00, 0x00, 0x00, 0x00, 0x00, 0x00, 0x00, 0x00, 0x00, 0x00,
    0x70, 0x68, 0x60, 0x61, 0x70, 0x68, 0x60, 0xff, 0x70, 0x68, 0x60, 0xff,
    0x70, 0x6c, 0x60, 0xff, 0x70, 0x68, 0x60, 0xdf, 0x00, 0x00, 0x00, 0x00,
    0x00, 0x00, 0x00, 0x00, 0x70, 0x68, 0x60, 0x7d, 0x70, 0x68, 0x60, 0xff,
    0x70, 0x68, 0x60, 0xff, 0x70, 0x6c, 0x60, 0xff, 0x70, 0x68, 0x60, 0xbe,
    0x00, 0x00, 0x00, 0x00, 0x00, 0x00, 0x00, 0x00, 0x00, 0x00, 0x00, 0x00,
    0x00, 0x00, 0x00, 0x00, 0x70, 0x68, 0x68, 0xbe, 0x70, 0x68, 0x60, 0xff,
    0x70, 0x68, 0x68, 0xff, 0x70, 0x6c, 0x60, 0xff, 0x70, 0x68, 0x68, 0xff,
    0x70, 0x6c, 0x60, 0xff, 0x70, 0x68, 0x60, 0xff, 0x70, 0x6c, 0x60, 0xff,
    0x70, 0x68, 0x68, 0xff, 0x70, 0x6c, 0x68, 0xff, 0x70, 0x68, 0x60, 0xff,
    0x70, 0x6c, 0x68, 0xff, 0x70, 0x68, 0x60, 0xff, 0x70, 0x68, 0x60, 0xff,
    0x70, 0x68, 0x60, 0xff, 0x70, 0x68, 0x60, 0xff, 0x70, 0x6c, 0x60, 0xff,
    0x70, 0x68, 0x60, 0xff, 0x70, 0x68, 0x60, 0xff, 0x70, 0x6c, 0x68, 0xff,
    0x70, 0x68, 0x68, 0xff, 0x70, 0x68, 0x60, 0xff, 0x70, 0x6c, 0x60, 0xff,
    0x70, 0x68, 0x60, 0xff, 0x70, 0x68, 0x68, 0xff, 0x70, 0x6c, 0x60, 0xff,
    0x70, 0x68, 0x60, 0xff, 0x70, 0x68, 0x68, 0xff, 0x70, 0x68, 0x60, 0xff,
    0x70, 0x6c, 0x60, 0xff, 0x70, 0x68, 0x60, 0xff, 0x70, 0x6c, 0x68, 0xff,
    0x70, 0x68, 0x60, 0xff, 0x70, 0x68, 0x60, 0xff, 0x70, 0x68, 0x68, 0xff,
    0x70, 0x6c, 0x60, 0xff, 0x70, 0x68, 0x60, 0xff, 0x70, 0x68, 0x68, 0xff,
    0x70, 0x6c, 0x60, 0xff, 0x70, 0x6c, 0x60, 0xff, 0x70, 0x68, 0x68, 0xff,
    0x70, 0x68, 0x60, 0xff, 0x70, 0x68, 0x60, 0xff, 0x70, 0x6c, 0x60, 0xff,
    0x70, 0x68, 0x68, 0xff, 0x70, 0x68, 0x60, 0xff, 0x70, 0x68, 0x60, 0xff,
    0x70, 0x68, 0x60, 0xff, 0x70, 0x6c, 0x68, 0xff, 0x70, 0x68, 0x60, 0xff,
    0x70, 0x68, 0x68, 0xff, 0x70, 0x68, 0x60, 0xff, 0x70, 0x68, 0x60, 0xff,
    0x70, 0x68, 0x68, 0xff, 0x70, 0x6c, 0x60, 0xff, 0x70, 0x68, 0x68, 0xff,
    0x70, 0x68, 0x60, 0xae, 0x00, 0x00, 0x00, 0x00, 0x00, 0x00, 0x00, 0x00,
    0x00, 0x00, 0x00, 0x00, 0x00, 0x00, 0x00, 0x00, 0x00, 0x00, 0x00, 0x00,
    0x00, 0x00, 0x00, 0x00, 0x00, 0x00, 0x00, 0x00, 0x00, 0x00, 0x00, 0x00,
    0x00, 0x00, 0x00, 0x00, 0x00, 0x00, 0x00, 0x00, 0x00, 0x00, 0x00, 0x00,
    0x00, 0x00, 0x00, 0x00, 0x00, 0x00, 0x00, 0x00, 0x00, 0x00, 0x00, 0x00,
    0x00, 0x00, 0x00, 0x00, 0x00, 0x00, 0x00, 0x00, 0x00, 0x00, 0x00, 0x00,
    0x00, 0x00, 0x00, 0x00, 0x00, 0x00, 0x00, 0x00, 0x00, 0x00, 0x00, 0x00,
    0x00, 0x00, 0x00, 0x00, 0x00, 0x00, 0x00, 0x00, 0x00, 0x00, 0x00, 0x00,
    0x00, 0x00, 0x00, 0x00, 0x00, 0x00, 0x00, 0x00, 0x00, 0x00, 0x00, 0x00,
    0x00, 0x00, 0x00, 0x00, 0x00, 0x00, 0x00, 0x00, 0x00, 0x00, 0x00, 0x00,
    0x00, 0x00, 0x00, 0x00, 0x00, 0x00, 0x00, 0x00, 0x00, 0x00, 0x00, 0x00,
    0x00, 0x00, 0x00, 0x00, 0x00, 0x00, 0x00, 0x00, 0x00, 0x00, 0x00, 0x00,
    0x00, 0x00, 0x00, 0x00, 0x00, 0x00, 0x00, 0x00, 0x00, 0x00, 0x00, 0x00,
    0x00, 0x00, 0x00, 0x00, 0x00, 0x00, 0x00, 0x00, 0x00, 0x00, 0x00, 0x00,
    0x00, 0x00, 0x00, 0x00, 0x00, 0x00, 0x00, 0x00, 0x00, 0x00, 0x00, 0x00,
    0x00, 0x00, 0x00, 0x00, 0x00, 0x00, 0x00, 0x00, 0x00, 0x00, 0x00, 0x00,
    0x00, 0x00, 0x00, 0x00, 0x00, 0x00, 0x00, 0x00, 0x00, 0x00, 0x00, 0x00,
    0x00, 0x00, 0x00, 0x00, 0x00, 0x00, 0x00, 0x00, 0x00, 0x00, 0x00, 0x00,
    0x00, 0x00, 0x00, 0x00, 0x00, 0x00, 0x00, 0x00, 0x00, 0x00, 0x00, 0x00,
    0x00, 0x00, 0x00, 0x00, 0x00, 0x00, 0x00, 0x00, 0x00, 0x00, 0x00, 0x00,
    0x00, 0x00, 0x00, 0x00, 0x00, 0x00, 0x00, 0x00, 0x00, 0x00, 0x00, 0x00,
    0x00, 0x00, 0x00, 0x00, 0x00, 0x00, 0x00, 0x00, 0x00, 0x00, 0x00, 0x00,
    0x70, 0x6c, 0x60, 0xcf, 0x70, 0x68, 0x68, 0xff, 0x70, 0x68, 0x68, 0xff,
    0x70, 0x68, 0x60, 0xff, 0x70, 0x68, 0x60, 0x8e, 0x00, 0x00, 0x00, 0x00,
    0x00, 0x00, 0x00, 0x00, 0x70, 0x70, 0x60, 0x10, 0x70, 0x68, 0x68, 0xff,
    0x70, 0x6c, 0x68, 0xff, 0x70, 0x68, 0x60, 0xff, 0x70, 0x68, 0x68, 0xff,
    0x70, 0x68, 0x68, 0x41, 0x00, 0x00, 0x00, 0x00, 0x00, 0x00, 0x00, 0x00,
    0x00, 0x00, 0x00, 0x00, 0x70, 0x68, 0x60, 0x20, 0x70, 0x68, 0x60, 0xef,
    0x70, 0x6c, 0x60, 0xff, 0x70, 0x68, 0x68, 0xff, 0x70, 0x68, 0x60, 0xff,
    0x70, 0x68, 0x68, 0xff, 0x70, 0x68, 0x60, 0xff, 0x70, 0x68, 0x60, 0xff,
    0x70, 0x6c, 0x60, 0xff, 0x70, 0x68, 0x60, 0xff, 0x70, 0x68, 0x68, 0xff,
    0x70, 0x68, 0x60, 0xff, 0x70, 0x6c, 0x68, 0xff, 0x70, 0x6c, 0x68, 0xff,
    0x70, 0x68, 0x68, 0xff, 0x70, 0x68, 0x68, 0xff, 0x70, 0x68, 0x68, 0xff,
    0x70, 0x68, 0x60, 0xff, 0x70, 0x68, 0x60, 0xff, 0x70, 0x68, 0x68, 0xff,
    0x70, 0x68, 0x60, 0xff, 0x70, 0x68, 0x68, 0xff, 0x70, 0x6c, 0x68, 0xff,
    0x70, 0x68, 0x60, 0xff, 0x70, 0x68, 0x68, 0xff, 0x70, 0x68, 0x68, 0xff,
    0x70, 0x6c, 0x60, 0xff, 0x70, 0x68, 0x68, 0xff, 0x70, 0x68, 0x68, 0xff,
    0x70, 0x68, 0x60, 0xff, 0x70, 0x68, 0x60, 0xff, 0x70, 0x68, 0x68, 0xff,
    0x70, 0x6c, 0x60, 0xff, 0x70, 0x68, 0x60, 0xff, 0x70, 0x68, 0x68, 0xff,
    0x70, 0x68, 0x60, 0xff, 0x70, 0x6c, 0x60, 0xff, 0x70, 0x68, 0x68, 0xff,
    0x70, 0x68, 0x60, 0xff, 0x70, 0x68, 0x68, 0xff, 0x70, 0x6c, 0x60, 0xff,
    0x70, 0x68, 0x68, 0xff, 0x70, 0x68, 0x60, 0xff, 0x70, 0x68, 0x68, 0xff,
    0x70, 0x6c, 0x60, 0xff, 0x70, 0x68, 0x60, 0xff, 0x70, 0x68, 0x68, 0xff,
    0x70, 0x6c, 0x60, 0xff, 0x70, 0x68, 0x60, 0xff, 0x70, 0x68, 0x68, 0xff,
    0x70, 0x6c, 0x60, 0xff, 0x70, 0x6c, 0x60, 0xff, 0x70, 0x68, 0x68, 0xff,
    0x70, 0x68, 0x60, 0xff, 0x70, 0x68, 0x60, 0xff, 0x70, 0x68, 0x60, 0xef,
    0x70, 0x68, 0x60, 0x20, 0x00, 0x00, 0x00, 0x00, 0x00, 0x00, 0x00, 0x00,
    0x00, 0x00, 0x00, 0x00, 0x00, 0x00, 0x00, 0x00, 0x00, 0x00, 0x00, 0x00,
    0x00, 0x00, 0x00, 0x00, 0x00, 0x00, 0x00, 0x00, 0x00, 0x00, 0x00, 0x00,
    0x00, 0x00, 0x00, 0x00, 0x00, 0x00, 0x00, 0x00, 0x00, 0x00, 0x00, 0x00,
    0x00, 0x00, 0x00, 0x00, 0x00, 0x00, 0x00, 0x00, 0x00, 0x00, 0x00, 0x00,
    0x00, 0x00, 0x00, 0x00, 0x00, 0x00, 0x00, 0x00, 0x00, 0x00, 0x00, 0x00,
    0x00, 0x00, 0x00, 0x00, 0x00, 0x00, 0x00, 0x00, 0x00, 0x00, 0x00, 0x00,
    0x00, 0x00, 0x00, 0x00, 0x00, 0x00, 0x00, 0x00, 0x00, 0x00, 0x00, 0x00,
    0x00, 0x00, 0x00, 0x00, 0x00, 0x00, 0x00, 0x00, 0x00, 0x00, 0x00, 0x00,
    0x00, 0x00, 0x00, 0x00, 0x00, 0x00, 0x00, 0x00, 0x00, 0x00, 0x00, 0x00,
    0x00, 0x00, 0x00, 0x00, 0x00, 0x00, 0x00, 0x00, 0x00, 0x00, 0x00, 0x00,
    0x00, 0x00, 0x00, 0x00, 0x00, 0x00, 0x00, 0x00, 0x00, 0x00, 0x00, 0x00,
    0x00, 0x00, 0x00, 0x00, 0x00, 0x00, 0x00, 0x00, 0x00, 0x00, 0x00, 0x00,
    0x00, 0x00, 0x00, 0x00, 0x00, 0x00, 0x00, 0x00, 0x00, 0x00, 0x00, 0x00,
    0x00, 0x00, 0x00, 0x00, 0x00, 0x00, 0x00, 0x00, 0x00, 0x00, 0x00, 0x00,
    0x00, 0x00, 0x00, 0x00, 0x00, 0x00, 0x00, 0x00, 0x00, 0x00, 0x00, 0x00,
    0x00, 0x00, 0x00, 0x00, 0x00, 0x00, 0x00, 0x00, 0x00, 0x00, 0x00, 0x00,
    0x00, 0x00, 0x00, 0x00, 0x00, 0x00, 0x00, 0x00, 0x00, 0x00, 0x00, 0x00,
    0x00, 0x00, 0x00, 0x00, 0x00, 0x00, 0x00, 0x00, 0x00, 0x00, 0x00, 0x00,
    0x00, 0x00, 0x00, 0x00, 0x00, 0x00, 0x00, 0x00, 0x00, 0x00, 0x00, 0x00,
    0x00, 0x00, 0x00, 0x00, 0x00, 0x00, 0x00, 0x00, 0x00, 0x00, 0x00, 0x00,
    0x00, 0x00, 0x00, 0x00, 0x00, 0x00, 0x00, 0x00, 0x70, 0x68, 0x68, 0x41,
    0x70, 0x68, 0x60, 0xff, 0x70, 0x68, 0x60, 0xff, 0x70, 0x6c, 0x68, 0xff,
    0x70, 0x68, 0x68, 0xff, 0x70, 0x68, 0x60, 0x20, 0x00, 0x00, 0x00, 0x00,
    0x00, 0x00, 0x00, 0x00, 0x00, 0x00, 0x00, 0x00, 0x70, 0x68, 0x60, 0xbe,
    0x70, 0x68, 0x68, 0xff, 0x70, 0x68, 0x60, 0xff, 0x70, 0x68, 0x60, 0xff,
    0x70, 0x6c, 0x60, 0xbe, 0x00, 0x00, 0x00, 0x00, 0x00, 0x00, 0x00, 0x00,
    0x00, 0x00, 0x00, 0x00, 0x00, 0x00, 0x00, 0x00, 0x70, 0x68, 0x60, 0x71,
    0x70, 0x68, 0x68, 0xff, 0x70, 0x68, 0x60, 0xff, 0x70, 0x6c, 0x60, 0xff,
    0x70, 0x68, 0x68, 0xff, 0x70, 0x68, 0x68, 0xff, 0x70, 0x68, 0x60, 0xff,
    0x70, 0x68, 0x68, 0xff, 0x70, 0x68, 0x60, 0xff, 0x70, 0x68, 0x60, 0xff,
    0x70, 0x68, 0x60, 0xff, 0x70, 0x68, 0x60, 0xff, 0x70, 0x68, 0x60, 0xff,
    0x70, 0x6c, 0x60, 0xff, 0x70, 0x68, 0x60, 0xff, 0x70, 0x6c, 0x68, 0xff,
    0x70, 0x68, 0x60, 0xff, 0x70, 0x6c, 0x68, 0xff, 0x70, 0x68, 0x60, 0xff,
    0x70, 0x68, 0x60, 0xff, 0x70, 0x6c, 0x60, 0xff, 0x70, 0x68, 0x60, 0xff,
    0x70, 0x68, 0x60, 0xff, 0x70, 0x68, 0x60, 0xff, 0x70, 0x68, 0x60, 0xff,
    0x70, 0x68, 0x60, 0xff, 0x70, 0x6c, 0x60, 0xff, 0x70, 0x68, 0x68, 0xff,
    0x70, 0x68, 0x60, 0xff, 0x70, 0x68, 0x68, 0xff, 0x70, 0x68, 0x60, 0xff,
    0x70, 0x68, 0x68, 0xff, 0x70, 0x6c, 0x60, 0xff, 0x70, 0x68, 0x68, 0xff,
    0x70, 0x68, 0x60, 0xff, 0x70, 0x68, 0x60, 0xff, 0x70, 0x6c, 0x68, 0xff,
    0x70, 0x68, 0x60, 0xff, 0x70, 0x68, 0x60, 0xff, 0x70, 0x68, 0x68, 0xff,
    0x70, 0x6c, 0x60, 0xff, 0x70, 0x68, 0x68, 0xff, 0x70, 0x68, 0x60, 0xff,
    0x70, 0x68, 0x60, 0xff, 0x70, 0x6c, 0x68, 0xff, 0x70, 0x68, 0x68, 0xff,
    0x70, 0x68, 0x60, 0xff, 0x70, 0x68, 0x60, 0xff, 0x70, 0x68, 0x68, 0xff,
    0x70, 0x68, 0x60, 0xff, 0x70, 0x68, 0x60, 0xff, 0x70, 0x6c, 0x68, 0xff,
    0x70, 0x68, 0x60, 0xff, 0x70, 0x68, 0x68, 0xff, 0x70, 0x68, 0x68, 0x6d,
    0x00, 0x00, 0x00, 0x00, 0x00, 0x00, 0x00, 0x00, 0x00, 0x00, 0x00, 0x00,
    0x00, 0x00, 0x00, 0x00, 0x00, 0x00, 0x00, 0x00, 0x00, 0x00, 0x00, 0x00,
    0x00, 0x00, 0x00, 0x00, 0x00, 0x00, 0x00, 0x00, 0x00, 0x00, 0x00, 0x00,
    0x00, 0x00, 0x00, 0x00, 0x00, 0x00, 0x00, 0x00, 0x00, 0x00, 0x00, 0x00,
    0x00, 0x00, 0x00, 0x00, 0x00, 0x00, 0x00, 0x00, 0x00, 0x00, 0x00, 0x00,
    0x00, 0x00, 0x00, 0x00, 0x00, 0x00, 0x00, 0x00, 0x00, 0x00, 0x00, 0x00,
    0x00, 0x00, 0x00, 0x00, 0x00, 0x00, 0x00, 0x00, 0x00, 0x00, 0x00, 0x00,
    0x00, 0x00, 0x00, 0x00, 0x00, 0x00, 0x00, 0x00, 0x00, 0x00, 0x00, 0x00,
    0x00, 0x00, 0x00, 0x00, 0x00, 0x00, 0x00, 0x00, 0x00, 0x00, 0x00, 0x00,
    0x00, 0x00, 0x00, 0x00, 0x00, 0x00, 0x00, 0x00, 0x00, 0x00, 0x00, 0x00,
    0x00, 0x00, 0x00, 0x00, 0x00, 0x00, 0x00, 0x00, 0x00, 0x00, 0x00, 0x00,
    0x00, 0x00, 0x00, 0x00, 0x00, 0x00, 0x00, 0x00, 0x00, 0x00, 0x00, 0x00,
    0x00, 0x00, 0x00, 0x00, 0x00, 0x00, 0x00, 0x00, 0x00, 0x00, 0x00, 0x00,
    0x00, 0x00, 0x00, 0x00, 0x00, 0x00, 0x00, 0x00, 0x00, 0x00, 0x00, 0x00,
    0x00, 0x00, 0x00, 0x00, 0x00, 0x00, 0x00, 0x00, 0x00, 0x00, 0x00, 0x00,
    0x00, 0x00, 0x00, 0x00, 0x00, 0x00, 0x00, 0x00, 0x00, 0x00, 0x00, 0x00,
    0x00, 0x00, 0x00, 0x00, 0x00, 0x00, 0x00, 0x00, 0x00, 0x00, 0x00, 0x00,
    0x00, 0x00, 0x00, 0x00, 0x00, 0x00, 0x00, 0x00, 0x00, 0x00, 0x00, 0x00,
    0x00, 0x00, 0x00, 0x00, 0x00, 0x00, 0x00, 0x00, 0x00, 0x00, 0x00, 0x00,
    0x00, 0x00, 0x00, 0x00, 0x00, 0x00, 0x00, 0x00, 0x00, 0x00, 0x00, 0x00,
    0x00, 0x00, 0x00, 0x00, 0x00, 0x00, 0x00, 0x00, 0x00, 0x00, 0x00, 0x00,
    0x00, 0x00, 0x00, 0x00, 0x00, 0x00, 0x00, 0x00, 0x70, 0x68, 0x68, 0xdf,
    0x70, 0x68, 0x60, 0xff, 0x70, 0x6c, 0x60, 0xff, 0x70, 0x68, 0x60, 0xff,
    0x70, 0x68, 0x60, 0x9e, 0x00, 0x00, 0x00, 0x00, 0x00, 0x00, 0x00, 0x00,
    0x00, 0x00, 0x00, 0x00, 0x00, 0x00, 0x00, 0x00, 0x70, 0x68, 0x68, 0x41,
    0x70, 0x68, 0x60, 0xff, 0x70, 0x6c, 0x60, 0xff, 0x70, 0x68, 0x68, 0xff,
    0x70, 0x68, 0x60, 0xff, 0x70, 0x68, 0x60, 0x71, 0x00, 0x00, 0x00, 0x00,
    0x00, 0x00, 0x00, 0x00, 0x00, 0x00, 0x00, 0x00, 0x00, 0x00, 0x00, 0x00,
    0x70, 0x68, 0x60, 0x7d, 0x70, 0x68, 0x68, 0xff, 0x70, 0x6c, 0x60, 0xff,
    0x70, 0x68, 0x60, 0xff, 0x70, 0x6c, 0x60, 0xff, 0x70, 0x6c, 0x68, 0xff,
    0x70, 0x68, 0x60, 0xff, 0x70, 0x6c, 0x68, 0xff, 0x70, 0x68, 0x68, 0xff,
    0x70, 0x6c, 0x60, 0xff, 0x70, 0x68, 0x68, 0xff, 0x70, 0x68, 0x60, 0xff,
    0x70, 0x68, 0x60, 0xff, 0x70, 0x68, 0x68, 0xff, 0x70, 0x68, 0x60, 0xff,
    0x70, 0x6c, 0x60, 0xff, 0x70, 0x68, 0x68, 0xff, 0x70, 0x68, 0x60, 0xff,
    0x70, 0x6c, 0x60, 0xff, 0x70, 0x68, 0x68, 0xff, 0x70, 0x68, 0x68, 0xff,
    0x70, 0x6c, 0x60, 0xff, 0x70, 0x68, 0x68, 0xff, 0x70, 0x68, 0x68, 0xff,
    0x70, 0x68, 0x60, 0xff, 0x70, 0x68, 0x60, 0xff, 0x70, 0x6c, 0x60, 0xff,
    0x70, 0x68, 0x68, 0xff, 0x70, 0x6c, 0x60, 0xff, 0x70, 0x68, 0x60, 0xff,
    0x70, 0x68, 0x60, 0xff, 0x70, 0x68, 0x68, 0xff, 0x70, 0x6c, 0x60, 0xff,
    0x70, 0x68, 0x68, 0xff, 0x70, 0x68, 0x60, 0xff, 0x70, 0x68, 0x60, 0xff,
    0x70, 0x6c, 0x68, 0xff, 0x70, 0x68, 0x60, 0xff, 0x70, 0x68, 0x60, 0xff,
    0x70, 0x68, 0x60, 0xff, 0x70, 0x6c, 0x68, 0xff, 0x70, 0x68, 0x60, 0xff,
    0x70, 0x68, 0x60, 0xff, 0x70, 0x68, 0x68, 0xff, 0x70, 0x68, 0x60, 0xff,
    0x70, 0x6c, 0x60, 0xff, 0x70, 0x68, 0x68, 0xff, 0x70, 0x68, 0x60, 0xff,
    0x70, 0x68, 0x68, 0xff, 0x70, 0x68, 0x60, 0xff, 0x70, 0x68, 0x60, 0xff,
    0x70, 0x6c, 0x68, 0xff, 0x70, 0x68, 0x60, 0x7d, 0x00, 0x00, 0x00, 0x00,
    0x00, 0x00, 0x00, 0x00, 0x00, 0x00, 0x00, 0x00, 0x00, 0x00, 0x00, 0x00,
    0x00, 0x00, 0x00, 0x00, 0x00, 0x00, 0x00, 0x00, 0x00, 0x00, 0x00, 0x00,
    0x00, 0x00, 0x00, 0x00, 0x00, 0x00, 0x00, 0x00, 0x00, 0x00, 0x00, 0x00,
    0x00, 0x00, 0x00, 0x00, 0x00, 0x00, 0x00, 0x00, 0x00, 0x00, 0x00, 0x00,
    0x00, 0x00, 0x00, 0x00, 0x00, 0x00, 0x00, 0x00, 0x00, 0x00, 0x00, 0x00,
    0x00, 0x00, 0x00, 0x00, 0x00, 0x00, 0x00, 0x00, 0x00, 0x00, 0x00, 0x00,
    0x00, 0x00, 0x00, 0x00, 0x00, 0x00, 0x00, 0x00, 0x00, 0x00, 0x00, 0x00,
    0x00, 0x00, 0x00, 0x00, 0x00, 0x00, 0x00, 0x00, 0x00, 0x00, 0x00, 0x00,
    0x00, 0x00, 0x00, 0x00, 0x00, 0x00, 0x00, 0x00, 0x00, 0x00, 0x00, 0x00,
    0x00, 0x00, 0x00, 0x00, 0x00, 0x00, 0x00, 0x00, 0x00, 0x00, 0x00, 0x00,
    0x00, 0x00, 0x00, 0x00, 0x00, 0x00, 0x00, 0x00, 0x00, 0x00, 0x00, 0x00,
    0x00, 0x00, 0x00, 0x00, 0x00, 0x00, 0x00, 0x00, 0x00, 0x00, 0x00, 0x00,
    0x00, 0x00, 0x00, 0x00, 0x00, 0x00, 0x00, 0x00, 0x00, 0x00, 0x00, 0x00,
    0x00, 0x00, 0x00, 0x00, 0x00, 0x00, 0x00, 0x00, 0x00, 0x00, 0x00, 0x00,
    0x00, 0x00, 0x00, 0x00, 0x00, 0x00, 0x00, 0x00, 0x00, 0x00, 0x00, 0x00,
    0x00, 0x00, 0x00, 0x00, 0x00, 0x00, 0x00, 0x00, 0x00, 0x00, 0x00, 0x00,
    0x00, 0x00, 0x00, 0x00, 0x00, 0x00, 0x00, 0x00, 0x00, 0x00, 0x00, 0x00,
    0x00, 0x00, 0x00, 0x00, 0x00, 0x00, 0x00, 0x00, 0x00, 0x00, 0x00, 0x00,
    0x00, 0x00, 0x00, 0x00, 0x00, 0x00, 0x00, 0x00, 0x00, 0x00, 0x00, 0x00,
    0x00, 0x00, 0x00, 0x00, 0x00, 0x00, 0x00, 0x00, 0x00, 0x00, 0x00, 0x00,
    0x00, 0x00, 0x00, 0x00, 0x00, 0x00, 0x00, 0x00, 0x00, 0x00, 0x00, 0x00,
    0x00, 0x00, 0x00, 0x00, 0x70, 0x68, 0x68, 0x71, 0x70, 0x68, 0x60, 0xff,
    0x70, 0x6c, 0x68, 0xff, 0x70, 0x68, 0x68, 0xff, 0x70, 0x68, 0x60, 0xff,
    0x70, 0x68, 0x60, 0x20, 0x00, 0x00, 0x00, 0x00, 0x00, 0x00, 0x00, 0x00,
    0x00, 0x00, 0x00, 0x00, 0x00, 0x00, 0x00, 0x00, 0x00, 0x00, 0x00, 0x00,
    0x70, 0x68, 0x60, 0xae, 0x70, 0x68, 0x68, 0xff, 0x70, 0x68, 0x60, 0xff,
    0x70, 0x68, 0x68, 0xff, 0x70, 0x68, 0x60, 0xef, 0x70, 0x68, 0x68, 0x20,
    0x00, 0x00, 0x00, 0x00, 0x00, 0x00, 0x00, 0x00, 0x00, 0x00, 0x00, 0x00,
    0x00, 0x00, 0x00, 0x00, 0x70, 0x68, 0x60, 0x82, 0x70, 0x68, 0x68, 0xff,
    0x70, 0x68, 0x60, 0xff, 0x70, 0x68, 0x60, 0xff, 0x70, 0x68, 0x60, 0xff,
    0x70, 0x68, 0x60, 0xff, 0x70, 0x68, 0x60, 0xff, 0x70, 0x68, 0x68, 0xff,
    0x70, 0x68, 0x60, 0xff, 0x70, 0x6c, 0x68, 0xff, 0x70, 0x68, 0x68, 0xff,
    0x70, 0x68, 0x60, 0xff, 0x70, 0x6c, 0x68, 0xff, 0x70, 0x68, 0x60, 0xff,
    0x70, 0x68, 0x60, 0xff, 0x70, 0x68, 0x68, 0xff, 0x70, 0x68, 0x60, 0xff,
    0x70, 0x68, 0x60, 0xff, 0x70, 0x68, 0x68, 0xff, 0x70, 0x68, 0x60, 0xff,
    0x70, 0x6c, 0x60, 0xff, 0x70, 0x68, 0x68, 0xff, 0x70, 0x6c, 0x60, 0xff,
    0x70, 0x68, 0x68, 0xff, 0x70, 0x68, 0x68, 0xff, 0x70, 0x68, 0x60, 0xff,
    0x70, 0x6c, 0x60, 0xff, 0x70, 0x68, 0x68, 0xff, 0x70, 0x68, 0x60, 0xff,
    0x70, 0x6c, 0x68, 0xff, 0x70, 0x68, 0x60, 0xff, 0x70, 0x68, 0x60, 0xff,
    0x70, 0x6c, 0x68, 0xff, 0x70, 0x68, 0x60, 0xff, 0x70, 0x68, 0x60, 0xff,
    0x70, 0x68, 0x68, 0xff, 0x70, 0x6c, 0x68, 0xff, 0x70, 0x68, 0x60, 0xff,
    0x70, 0x68, 0x60, 0xff, 0x70, 0x68, 0x68, 0xff, 0x70, 0x6c, 0x60, 0xff,
    0x70, 0x68, 0x60, 0xff, 0x70, 0x68, 0x68, 0xff, 0x70, 0x6c, 0x60, 0xff,
    0x70, 0x68, 0x60, 0xff, 0x70, 0x68, 0x68, 0xff, 0x70, 0x6c, 0x60, 0xff,
    0x70, 0x6c, 0x60, 0xff, 0x70, 0x68, 0x68, 0xff, 0x70, 0x68, 0x60, 0xff,
    0x70, 0x68, 0x60, 0x82, 0x00, 0x00, 0x00, 0x00, 0x00, 0x00, 0x00, 0x00,
    0x00, 0x00, 0x00, 0x00, 0x00, 0x00, 0x00, 0x00, 0x00, 0x00, 0x00, 0x00,
    0x00, 0x00, 0x00, 0x00, 0x00, 0x00, 0x00, 0x00, 0x00, 0x00, 0x00, 0x00,
    0x00, 0x00, 0x00, 0x00, 0x00, 0x00, 0x00, 0x00, 0x00, 0x00, 0x00, 0x00,
    0x00, 0x00, 0x00, 0x00, 0x00, 0x00, 0x00, 0x00, 0x00, 0x00, 0x00, 0x00,
    0x00, 0x00, 0x00, 0x00, 0x00, 0x00, 0x00, 0x00, 0x00, 0x00, 0x00, 0x00,
    0x00, 0x00, 0x00, 0x00, 0x00, 0x00, 0x00, 0x00, 0x00, 0x00, 0x00, 0x00,
    0x00, 0x00, 0x00, 0x00, 0x00, 0x00, 0x00, 0x00, 0x00, 0x00, 0x00, 0x00,
    0x00, 0x00, 0x00, 0x00, 0x00, 0x00, 0x00, 0x00, 0x00, 0x00, 0x00, 0x00,
    0x00, 0x00, 0x00, 0x00, 0x00, 0x00, 0x00, 0x00, 0x00, 0x00, 0x00, 0x00,
    0x00, 0x00, 0x00, 0x00, 0x00, 0x00, 0x00, 0x00, 0x00, 0x00, 0x00, 0x00,
    0x00, 0x00, 0x00, 0x00, 0x00, 0x00, 0x00, 0x00, 0x00, 0x00, 0x00, 0x00,
    0x00, 0x00, 0x00, 0x00, 0x00, 0x00, 0x00, 0x00, 0x00, 0x00, 0x00, 0x00,
    0x00, 0x00, 0x00, 0x00, 0x00, 0x00, 0x00, 0x00, 0x00, 0x00, 0x00, 0x00,
    0x00, 0x00, 0x00, 0x00, 0x00, 0x00, 0x00, 0x00, 0x00, 0x00, 0x00, 0x00,
    0x00, 0x00, 0x00, 0x00, 0x00, 0x00, 0x00, 0x00, 0x00, 0x00, 0x00, 0x00,
    0x00, 0x00, 0x00, 0x00, 0x00, 0x00, 0x00, 0x00, 0x00, 0x00, 0x00, 0x00,
    0x00, 0x00, 0x00, 0x00, 0x00, 0x00, 0x00, 0x00, 0x00, 0x00, 0x00, 0x00,
    0x00, 0x00, 0x00, 0x00, 0x00, 0x00, 0x00, 0x00, 0x00, 0x00, 0x00, 0x00,
    0x00, 0x00, 0x00, 0x00, 0x00, 0x00, 0x00, 0x00, 0x00, 0x00, 0x00, 0x00,
    0x00, 0x00, 0x00, 0x00, 0x00, 0x00, 0x00, 0x00, 0x00, 0x00, 0x00, 0x00,
    0x00, 0x00, 0x00, 0x00, 0x00, 0x00, 0x00, 0x00, 0x00, 0x00, 0x00, 0x00,
    0x70, 0x68, 0x68, 0x20, 0x70, 0x68, 0x60, 0xef, 0x70, 0x6c, 0x60, 0xff,
    0x70, 0x68, 0x60, 0xff, 0x70, 0x68, 0x68, 0xff, 0x70, 0x68, 0x60, 0x9e,
    0x00, 0x00, 0x00, 0x00, 0x00, 0x00, 0x00, 0x00, 0x00, 0x00, 0x00, 0x00,
    0x00, 0x00, 0x00, 0x00, 0x00, 0x00, 0x00, 0x00, 0x00, 0x00, 0x00, 0x00,
    0x70, 0x68, 0x60, 0x20, 0x70, 0x6c, 0x60, 0xef, 0x70, 0x68, 0x60, 0xff,
    0x70, 0x68, 0x68, 0xff, 0x70, 0x6c, 0x68, 0xff, 0x70, 0x68, 0x60, 0xdf,
    0x70, 0x70, 0x60, 0x10, 0x00, 0x00, 0x00, 0x00, 0x00, 0x00, 0x00, 0x00,
    0x00, 0x00, 0x00, 0x00, 0x00, 0x00, 0x00, 0x00, 0x70, 0x68, 0x60, 0x71,
    0x70, 0x68, 0x68, 0xef, 0x70, 0x68, 0x68, 0xff, 0x70, 0x68, 0x68, 0xff,
    0x70, 0x6c, 0x60, 0xff, 0x70, 0x68, 0x60, 0xff, 0x70, 0x68, 0x60, 0xff,
    0x70, 0x68, 0x60, 0xff, 0x70, 0x6c, 0x60, 0xff, 0x70, 0x68, 0x60, 0xff,
    0x70, 0x68, 0x60, 0xff, 0x70, 0x6c, 0x68, 0xff, 0x70, 0x68, 0x60, 0xff,
    0x70, 0x68, 0x60, 0xff, 0x70, 0x6c, 0x68, 0xff, 0x70, 0x68, 0x60, 0xff,
    0x70, 0x68, 0x68, 0xff, 0x70, 0x6c, 0x60, 0xff, 0x70, 0x68, 0x60, 0xff,
    0x70, 0x68, 0x68, 0xff, 0x70, 0x68, 0x60, 0xff, 0x70, 0x68, 0x60, 0xff,
    0x70, 0x6c, 0x60, 0xff, 0x70, 0x68, 0x68, 0xff, 0x70, 0x68, 0x60, 0xff,
    0x70, 0x68, 0x60, 0xff, 0x70, 0x68, 0x68, 0xff, 0x70, 0x68, 0x60, 0xff,
    0x70, 0x6c, 0x60, 0xff, 0x70, 0x68, 0x68, 0xff, 0x70, 0x68, 0x60, 0xff,
    0x70, 0x68, 0x60, 0xff, 0x70, 0x6c, 0x68, 0xff, 0x70, 0x68, 0x60, 0xff,
    0x70, 0x68, 0x60, 0xff, 0x70, 0x68, 0x68, 0xff, 0x70, 0x6c, 0x60, 0xff,
    0x70, 0x68, 0x68, 0xff, 0x70, 0x68, 0x60, 0xff, 0x70, 0x68, 0x68, 0xff,
    0x70, 0x6c, 0x60, 0xff, 0x70, 0x68, 0x60, 0xff, 0x70, 0x68, 0x68, 0xff,
    0x70, 0x68, 0x60, 0xff, 0x70, 0x68, 0x60, 0xff, 0x70, 0x68, 0x68, 0xff,
    0x70, 0x68, 0x60, 0xff, 0x70, 0x6c, 0x60, 0xef, 0x70, 0x68, 0x68, 0x6d,
    0x00, 0x00, 0x00, 0x00, 0x00, 0x00, 0x00, 0x00, 0x00, 0x00, 0x00, 0x00,
    0x00, 0x00, 0x00, 0x00, 0x00, 0x00, 0x00, 0x00, 0x00, 0x00, 0x00, 0x00,
    0x00, 0x00, 0x00, 0x00, 0x00, 0x00, 0x00, 0x00, 0x00, 0x00, 0x00, 0x00,
    0x00, 0x00, 0x00, 0x00, 0x00, 0x00, 0x00, 0x00, 0x00, 0x00, 0x00, 0x00,
    0x00, 0x00, 0x00, 0x00, 0x00, 0x00, 0x00, 0x00, 0x00, 0x00, 0x00, 0x00,
    0x00, 0x00, 0x00, 0x00, 0x00, 0x00, 0x00, 0x00, 0x00, 0x00, 0x00, 0x00,
    0x00, 0x00, 0x00, 0x00, 0x00, 0x00, 0x00, 0x00, 0x00, 0x00, 0x00, 0x00,
    0x00, 0x00, 0x00, 0x00, 0x00, 0x00, 0x00, 0x00, 0x00, 0x00, 0x00, 0x00,
    0x00, 0x00, 0x00, 0x00, 0x00, 0x00, 0x00, 0x00, 0x00, 0x00, 0x00, 0x00,
    0x00, 0x00, 0x00, 0x00, 0x00, 0x00, 0x00, 0x00, 0x00, 0x00, 0x00, 0x00,
    0x00, 0x00, 0x00, 0x00, 0x00, 0x00, 0x00, 0x00, 0x00, 0x00, 0x00, 0x00,
    0x00, 0x00, 0x00, 0x00, 0x00, 0x00, 0x00, 0x00, 0x00, 0x00, 0x00, 0x00,
    0x00, 0x00, 0x00, 0x00, 0x00, 0x00, 0x00, 0x00, 0x00, 0x00, 0x00, 0x00,
    0x00, 0x00, 0x00, 0x00, 0x00, 0x00, 0x00, 0x00, 0x00, 0x00, 0x00, 0x00,
    0x00, 0x00, 0x00, 0x00, 0x00, 0x00, 0x00, 0x00, 0x00, 0x00, 0x00, 0x00,
    0x00, 0x00, 0x00, 0x00, 0x00, 0x00, 0x00, 0x00, 0x00, 0x00, 0x00, 0x00,
    0x00, 0x00, 0x00, 0x00, 0x00, 0x00, 0x00, 0x00, 0x00, 0x00, 0x00, 0x00,
    0x00, 0x00, 0x00, 0x00, 0x00, 0x00, 0x00, 0x00, 0x00, 0x00, 0x00, 0x00,
    0x00, 0x00, 0x00, 0x00, 0x00, 0x00, 0x00, 0x00, 0x00, 0x00, 0x00, 0x00,
    0x00, 0x00, 0x00, 0x00, 0x00, 0x00, 0x00, 0x00, 0x00, 0x00, 0x00, 0x00,
    0x00, 0x00, 0x00, 0x00, 0x00, 0x00, 0x00, 0x00, 0x00, 0x00, 0x00, 0x00,
    0x00, 0x00, 0x00, 0x00, 0x00, 0x00, 0x00, 0x00, 0x70, 0x68, 0x68, 0x20,
    0x70, 0x68, 0x68, 0xdf, 0x70, 0x68, 0x60, 0xff, 0x70, 0x68, 0x60, 0xff,
    0x70, 0x68, 0x68, 0xff, 0x70, 0x6c, 0x60, 0xdf, 0x70, 0x68, 0x60, 0x20,
    0x00, 0x00, 0x00, 0x00, 0x00, 0x00, 0x00, 0x00, 0x00, 0x00, 0x00, 0x00,
    0x00, 0x00, 0x00, 0x00, 0x00, 0x00, 0x00, 0x00, 0x00, 0x00, 0x00, 0x00,
    0x00, 0x00, 0x00, 0x00, 0x70, 0x68, 0x60, 0x71, 0x70, 0x68, 0x60, 0xff,
    0x70, 0x6c, 0x60, 0xff, 0x70, 0x68, 0x68, 0xff, 0x70, 0x68, 0x60, 0xff,
    0x70, 0x6c, 0x60, 0xcf, 0x70, 0x70, 0x60, 0x10, 0x00, 0x00, 0x00, 0x00,
    0x00, 0x00, 0x00, 0x00, 0x00, 0x00, 0x00, 0x00, 0x00, 0x00, 0x00, 0x00,
    0x70, 0x68, 0x60, 0x20, 0x70, 0x6c, 0x60, 0xae, 0x70, 0x68, 0x60, 0xff,
    0x70, 0x68, 0x68, 0xff, 0x70, 0x6c, 0x68, 0xff, 0x70, 0x68, 0x68, 0xff,
    0x70, 0x68, 0x60, 0xff, 0x70, 0x68, 0x68, 0xff, 0x70, 0x68, 0x60, 0xff,
    0x70, 0x68, 0x68, 0xff, 0x70, 0x68, 0x60, 0xff, 0x70, 0x68, 0x60, 0xff,
    0x70, 0x68, 0x68, 0xff, 0x70, 0x6c, 0x60, 0xff, 0x70, 0x68, 0x60, 0xff,
    0x70, 0x68, 0x68, 0xff, 0x70, 0x6c, 0x60, 0xff, 0x70, 0x68, 0x60, 0xff,
    0x70, 0x68, 0x68, 0xff, 0x70, 0x68, 0x60, 0xff, 0x70, 0x68, 0x60, 0xff,
    0x70, 0x6c, 0x68, 0xff, 0x70, 0x68, 0x60, 0xff, 0x70, 0x68, 0x60, 0xff,
    0x70, 0x6c, 0x68, 0xff, 0x70, 0x68, 0x60, 0xff, 0x70, 0x68, 0x60, 0xff,
    0x70, 0x68, 0x68, 0xff, 0x70, 0x68, 0x60, 0xff, 0x70, 0x68, 0x68, 0xff,
    0x70, 0x68, 0x60, 0xff, 0x70, 0x68, 0x68, 0xff, 0x70, 0x6c, 0x60, 0xff,
    0x70, 0x68, 0x60, 0xff, 0x70, 0x68, 0x60, 0xff, 0x70, 0x68, 0x68, 0xff,
    0x70, 0x6c, 0x60, 0xff, 0x70, 0x68, 0x60, 0xff, 0x70, 0x68, 0x68, 0xff,
    0x70, 0x68, 0x60, 0xff, 0x70, 0x68, 0x68, 0xff, 0x70, 0x6c, 0x60, 0xff,
    0x70, 0x68, 0x68, 0xff, 0x70, 0x6c, 0x60, 0xff, 0x70, 0x68, 0x68, 0xff,
    0x70, 0x68, 0x60, 0xbe, 0x70, 0x68, 0x60, 0x20, 0x00, 0x00, 0x00, 0x00,
    0x00, 0x00, 0x00, 0x00, 0x00, 0x00, 0x00, 0x00, 0x00, 0x00, 0x00, 0x00,
    0x00, 0x00, 0x00, 0x00, 0x00, 0x00, 0x00, 0x00, 0x00, 0x00, 0x00, 0x00,
    0x00, 0x00, 0x00, 0x00, 0x00, 0x00, 0x00, 0x00, 0x00, 0x00, 0x00, 0x00,
    0x00, 0x00, 0x00, 0x00, 0x00, 0x00, 0x00, 0x00, 0x00, 0x00, 0x00, 0x00,
    0x00, 0x00, 0x00, 0x00, 0x00, 0x00, 0x00, 0x00, 0x00, 0x00, 0x00, 0x00,
    0x00, 0x00, 0x00, 0x00, 0x00, 0x00, 0x00, 0x00, 0x00, 0x00, 0x00, 0x00,
    0x00, 0x00, 0x00, 0x00, 0x00, 0x00, 0x00, 0x00, 0x00, 0x00, 0x00, 0x00,
    0x00, 0x00, 0x00, 0x00, 0x00, 0x00, 0x00, 0x00, 0x00, 0x00, 0x00, 0x00,
    0x00, 0x00, 0x00, 0x00, 0x00, 0x00, 0x00, 0x00, 0x00, 0x00, 0x00, 0x00,
    0x00, 0x00, 0x00, 0x00, 0x00, 0x00, 0x00, 0x00, 0x00, 0x00, 0x00, 0x00,
    0x00, 0x00, 0x00, 0x00, 0x00, 0x00, 0x00, 0x00, 0x00, 0x00, 0x00, 0x00,
    0x00, 0x00, 0x00, 0x00, 0x00, 0x00, 0x00, 0x00, 0x00, 0x00, 0x00, 0x00,
    0x00, 0x00, 0x00, 0x00, 0x00, 0x00, 0x00, 0x00, 0x00, 0x00, 0x00, 0x00,
    0x00, 0x00, 0x00, 0x00, 0x00, 0x00, 0x00, 0x00, 0x00, 0x00, 0x00, 0x00,
    0x00, 0x00, 0x00, 0x00, 0x00, 0x00, 0x00, 0x00, 0x00, 0x00, 0x00, 0x00,
    0x00, 0x00, 0x00, 0x00, 0x00, 0x00, 0x00, 0x00, 0x00, 0x00, 0x00, 0x00,
    0x00, 0x00, 0x00, 0x00, 0x00, 0x00, 0x00, 0x00, 0x00, 0x00, 0x00, 0x00,
    0x00, 0x00, 0x00, 0x00, 0x00, 0x00, 0x00, 0x00, 0x00, 0x00, 0x00, 0x00,
    0x00, 0x00, 0x00, 0x00, 0x00, 0x00, 0x00, 0x00, 0x00, 0x00, 0x00, 0x00,
    0x00, 0x00, 0x00, 0x00, 0x00, 0x00, 0x00, 0x00, 0x00, 0x00, 0x00, 0x00,
    0x00, 0x00, 0x00, 0x00, 0x00, 0x00, 0x00, 0x00, 0x00, 0x00, 0x00, 0x00,
    0x00, 0x00, 0x00, 0x00, 0x70, 0x70, 0x70, 0x10, 0x70, 0x6c, 0x68, 0xcf,
    0x70, 0x68, 0x60, 0xff, 0x70, 0x6c, 0x68, 0xff, 0x70, 0x68, 0x60, 0xff,
    0x70, 0x68, 0x60, 0xff, 0x70, 0x68, 0x68, 0x5d, 0x00, 0x00, 0x00, 0x00,
    0x00, 0x00, 0x00, 0x00, 0x00, 0x00, 0x00, 0x00, 0x00, 0x00, 0x00, 0x00,
    0x00, 0x00, 0x00, 0x00, 0x00, 0x00, 0x00, 0x00, 0x00, 0x00, 0x00, 0x00,
    0x00, 0x00, 0x00, 0x00, 0x00, 0x00, 0x00, 0x00, 0x70, 0x68, 0x60, 0x8e,
    0x70, 0x68, 0x68, 0xff, 0x70, 0x68, 0x60, 0xff, 0x70, 0x68, 0x60, 0xff,
    0x70, 0x68, 0x68, 0xff, 0x70, 0x6c, 0x60, 0xcf, 0x70, 0x68, 0x68, 0x20,
    0x00, 0x00, 0x00, 0x00, 0x00, 0x00, 0x00, 0x00, 0x00, 0x00, 0x00, 0x00,
    0x00, 0x00, 0x00, 0x00, 0x00, 0x00, 0x00, 0x00, 0x70, 0x68, 0x60, 0x41,
    0x70, 0x68, 0x60, 0xae, 0x70, 0x6c, 0x60, 0xff, 0x70, 0x68, 0x68, 0xff,
    0x70, 0x68, 0x60, 0xff, 0x70, 0x6c, 0x60, 0xff, 0x70, 0x68, 0x68, 0xff,
    0x70, 0x6c, 0x60, 0xff, 0x70, 0x68, 0x68, 0xff, 0x70, 0x68, 0x60, 0xff,
    0x70, 0x6c, 0x68, 0xff, 0x70, 0x68, 0x60, 0xff, 0x70, 0x68, 0x60, 0xff,
    0x70, 0x68, 0x68, 0xff, 0x70, 0x68, 0x60, 0xff, 0x70, 0x6c, 0x68, 0xff,
    0x70, 0x68, 0x60, 0xff, 0x70, 0x6c, 0x68, 0xff, 0x70, 0x68, 0x60, 0xff,
    0x70, 0x68, 0x68, 0xff, 0x70, 0x68, 0x60, 0xff, 0x70, 0x6c, 0x60, 0xff,
    0x70, 0x68, 0x68, 0xff, 0x70, 0x68, 0x60, 0xff, 0x70, 0x6c, 0x68, 0xff,
    0x70, 0x68, 0x60, 0xff, 0x70, 0x6c, 0x60, 0xff, 0x70, 0x6c, 0x68, 0xff,
    0x70, 0x68, 0x60, 0xff, 0x70, 0x68, 0x60, 0xff, 0x70, 0x68, 0x68, 0xff,
    0x70, 0x6c, 0x68, 0xff, 0x70, 0x68, 0x60, 0xff, 0x70, 0x68, 0x60, 0xff,
    0x70, 0x68, 0x68, 0xff, 0x70, 0x6c, 0x60, 0xff, 0x70, 0x68, 0x60, 0xff,
    0x70, 0x68, 0x68, 0xff, 0x70, 0x6c, 0x60, 0xff, 0x70, 0x68, 0x60, 0xff,
    0x70, 0x68, 0x68, 0xff, 0x70, 0x68, 0x60, 0xbe, 0x70, 0x68, 0x60, 0x41,
    0x00, 0x00, 0x00, 0x00, 0x00, 0x00, 0x00, 0x00, 0x00, 0x00, 0x00, 0x00,
    0x00, 0x00, 0x00, 0x00, 0x00, 0x00, 0x00, 0x00, 0x00, 0x00, 0x00, 0x00,
    0x00, 0x00, 0x00, 0x00, 0x00, 0x00, 0x00, 0x00, 0x00, 0x00, 0x00, 0x00,
    0x00, 0x00, 0x00, 0x00, 0x00, 0x00, 0x00, 0x00, 0x00, 0x00, 0x00, 0x00,
    0x00, 0x00, 0x00, 0x00, 0x00, 0x00, 0x00, 0x00, 0x00, 0x00, 0x00, 0x00,
    0x00, 0x00, 0x00, 0x00, 0x00, 0x00, 0x00, 0x00, 0x00, 0x00, 0x00, 0x00,
    0x00, 0x00, 0x00, 0x00, 0x00, 0x00, 0x00, 0x00, 0x00, 0x00, 0x00, 0x00,
    0x00, 0x00, 0x00, 0x00, 0x00, 0x00, 0x00, 0x00, 0x00, 0x00, 0x00, 0x00,
    0x00, 0x00, 0x00, 0x00, 0x00, 0x00, 0x00, 0x00, 0x00, 0x00, 0x00, 0x00,
    0x00, 0x00, 0x00, 0x00, 0x00, 0x00, 0x00, 0x00, 0x00, 0x00, 0x00, 0x00,
    0x00, 0x00, 0x00, 0x00, 0x00, 0x00, 0x00, 0x00, 0x00, 0x00, 0x00, 0x00,
    0x00, 0x00, 0x00, 0x00, 0x00, 0x00, 0x00, 0x00, 0x00, 0x00, 0x00, 0x00,
    0x00, 0x00, 0x00, 0x00, 0x00, 0x00, 0x00, 0x00, 0x00, 0x00, 0x00, 0x00,
    0x00, 0x00, 0x00, 0x00, 0x00, 0x00, 0x00, 0x00, 0x00, 0x00, 0x00, 0x00,
    0x00, 0x00, 0x00, 0x00, 0x00, 0x00, 0x00, 0x00, 0x00, 0x00, 0x00, 0x00,
    0x00, 0x00, 0x00, 0x00, 0x00, 0x00, 0x00, 0x00, 0x00, 0x00, 0x00, 0x00,
    0x00, 0x00, 0x00, 0x00, 0x00, 0x00, 0x00, 0x00, 0x00, 0x00, 0x00, 0x00,
    0x00, 0x00, 0x00, 0x00, 0x00, 0x00, 0x00, 0x00, 0x00, 0x00, 0x00, 0x00,
    0x00, 0x00, 0x00, 0x00, 0x00, 0x00, 0x00, 0x00, 0x00, 0x00, 0x00, 0x00,
    0x00, 0x00, 0x00, 0x00, 0x00, 0x00, 0x00, 0x00, 0x00, 0x00, 0x00, 0x00,
    0x00, 0x00, 0x00, 0x00, 0x00, 0x00, 0x00, 0x00, 0x00, 0x00, 0x00, 0x00,
    0x00, 0x00, 0x00, 0x00, 0x00, 0x00, 0x00, 0x00, 0x00, 0x00, 0x00, 0x00,
    0x70, 0x70, 0x70, 0x10, 0x70, 0x6c, 0x68, 0xcf, 0x70, 0x68, 0x60, 0xff,
    0x70, 0x68, 0x60, 0xff, 0x70, 0x68, 0x68, 0xff, 0x70, 0x6c, 0x60, 0xff,
    0x70, 0x68, 0x60, 0x8e, 0x00, 0x00, 0x00, 0x00, 0x00, 0x00, 0x00, 0x00,
    0x00, 0x00, 0x00, 0x00, 0x00, 0x00, 0x00, 0x00, 0x00, 0x00, 0x00, 0x00,
    0x00, 0x00, 0x00, 0x00, 0x00, 0x00, 0x00, 0x00, 0x00, 0x00, 0x00, 0x00,
    0x00, 0x00, 0x00, 0x00, 0x00, 0x00, 0x00, 0x00, 0x00, 0x00, 0x00, 0x00,
    0x70, 0x6c, 0x60, 0xcf, 0x70, 0x68, 0x68, 0xff, 0x70, 0x68, 0x60, 0xff,
    0x70, 0x68, 0x68, 0xff, 0x70, 0x68, 0x68, 0xff, 0x70, 0x68, 0x60, 0xdf,
    0x70, 0x68, 0x68, 0x20, 0x00, 0x00, 0x00, 0x00, 0x00, 0x00, 0x00, 0x00,
    0x00, 0x00, 0x00, 0x00, 0x00, 0x00, 0x00, 0x00, 0x00, 0x00, 0x00, 0x00,
    0x00, 0x00, 0x00, 0x00, 0x70, 0x68, 0x60, 0x20, 0x70, 0x68, 0x60, 0x61,
    0x70, 0x68, 0x60, 0xae, 0x70, 0x6c, 0x60, 0xcf, 0x70, 0x68, 0x60, 0xef,
    0x70, 0x68, 0x68, 0xff, 0x70, 0x6c, 0x60, 0xff, 0x70, 0x68, 0x60, 0xff,
    0x70, 0x68, 0x68, 0xff, 0x70, 0x68, 0x60, 0xff, 0x70, 0x6c, 0x68, 0xff,
    0x70, 0x68, 0x60, 0xff, 0x70, 0x68, 0x60, 0xff, 0x70, 0x68, 0x68, 0xff,
    0x70, 0x68, 0x60, 0xff, 0x70, 0x68, 0x60, 0xff, 0x70, 0x6c, 0x68, 0xff,
    0x70, 0x68, 0x60, 0xff, 0x70, 0x68, 0x60, 0xff, 0x70, 0x68, 0x68, 0xff,
    0x70, 0x68, 0x60, 0xff, 0x70, 0x6c, 0x68, 0xff, 0x70, 0x68, 0x60, 0xff,
    0x70, 0x68, 0x60, 0xff, 0x70, 0x68, 0x68, 0xff, 0x70, 0x68, 0x60, 0xff,
    0x70, 0x6c, 0x60, 0xff, 0x70, 0x68, 0x68, 0xff, 0x70, 0x68, 0x60, 0xff,
    0x70, 0x68, 0x60, 0xff, 0x70, 0x6c, 0x68, 0xff, 0x70, 0x68, 0x60, 0xff,
    0x70, 0x68, 0x60, 0xff, 0x70, 0x68, 0x68, 0xff, 0x70, 0x6c, 0x60, 0xef,
    0x70, 0x68, 0x60, 0xcf, 0x70, 0x68, 0x60, 0x9e, 0x70, 0x68, 0x68, 0x6d,
    0x70, 0x70, 0x60, 0x10, 0x00, 0x00, 0x00, 0x00, 0x00, 0x00, 0x00, 0x00,
    0x00, 0x00, 0x00, 0x00, 0x00, 0x00, 0x00, 0x00, 0x00, 0x00, 0x00, 0x00,
    0x00, 0x00, 0x00, 0x00, 0x00, 0x00, 0x00, 0x00, 0x00, 0x00, 0x00, 0x00,
    0x00, 0x00, 0x00, 0x00, 0x00, 0x00, 0x00, 0x00, 0x00, 0x00, 0x00, 0x00,
    0x00, 0x00, 0x00, 0x00, 0x00, 0x00, 0x00, 0x00, 0x00, 0x00, 0x00, 0x00,
    0x00, 0x00, 0x00, 0x00, 0x00, 0x00, 0x00, 0x00, 0x00, 0x00, 0x00, 0x00,
    0x00, 0x00, 0x00, 0x00, 0x00, 0x00, 0x00, 0x00, 0x00, 0x00, 0x00, 0x00,
    0x00, 0x00, 0x00, 0x00, 0x00, 0x00, 0x00, 0x00, 0x00, 0x00, 0x00, 0x00,
    0x00, 0x00, 0x00, 0x00, 0x00, 0x00, 0x00, 0x00, 0x00, 0x00, 0x00, 0x00,
    0x00, 0x00, 0x00, 0x00, 0x00, 0x00, 0x00, 0x00, 0x00, 0x00, 0x00, 0x00,
    0x00, 0x00, 0x00, 0x00, 0x00, 0x00, 0x00, 0x00, 0x00, 0x00, 0x00, 0x00,
    0x00, 0x00, 0x00, 0x00, 0x00, 0x00, 0x00, 0x00, 0x00, 0x00, 0x00, 0x00,
    0x00, 0x00, 0x00, 0x00, 0x00, 0x00, 0x00, 0x00, 0x00, 0x00, 0x00, 0x00,
    0x00, 0x00, 0x00, 0x00, 0x00, 0x00, 0x00, 0x00, 0x00, 0x00, 0x00, 0x00,
    0x00, 0x00, 0x00, 0x00, 0x00, 0x00, 0x00, 0x00, 0x00, 0x00, 0x00, 0x00,
    0x00, 0x00, 0x00, 0x00, 0x00, 0x00, 0x00, 0x00, 0x00, 0x00, 0x00, 0x00,
    0x00, 0x00, 0x00, 0x00, 0x00, 0x00, 0x00, 0x00, 0x00, 0x00, 0x00, 0x00,
    0x00, 0x00, 0x00, 0x00, 0x00, 0x00, 0x00, 0x00, 0x00, 0x00, 0x00, 0x00,
    0x00, 0x00, 0x00, 0x00, 0x00, 0x00, 0x00, 0x00, 0x00, 0x00, 0x00, 0x00,
    0x00, 0x00, 0x00, 0x00, 0x00, 0x00, 0x00, 0x00, 0x00, 0x00, 0x00, 0x00,
    0x00, 0x00, 0x00, 0x00, 0x00, 0x00, 0x00, 0x00, 0x00, 0x00, 0x00, 0x00,
    0x00, 0x00, 0x00, 0x00, 0x00, 0x00, 0x00, 0x00, 0x00, 0x00, 0x00, 0x00,
    0x00, 0x00, 0x00, 0x00, 0x00, 0x00, 0x00, 0x00, 0x70, 0x68, 0x68, 0x20,
    0x70, 0x68, 0x60, 0xdf, 0x70, 0x68, 0x60, 0xff, 0x70, 0x68, 0x60, 0xff,
    0x70, 0x68, 0x68, 0xff, 0x70, 0x68, 0x60, 0xff, 0x70, 0x6c, 0x60, 0xcf,
    0x00, 0x00, 0x00, 0x00, 0x00, 0x00, 0x00, 0x00, 0x00, 0x00, 0x00, 0x00,
    0x00, 0x00, 0x00, 0x00, 0x00, 0x00, 0x00, 0x00, 0x00, 0x00, 0x00, 0x00,
    0x00, 0x00, 0x00, 0x00, 0x00, 0x00, 0x00, 0x00, 0x00, 0x00, 0x00, 0x00,
    0x00, 0x00, 0x00, 0x00, 0x00, 0x00, 0x00, 0x00, 0x00, 0x00, 0x00, 0x00,
    0x70, 0x70, 0x60, 0x10, 0x70, 0x6c, 0x60, 0xcf, 0x70, 0x6c, 0x60, 0xff,
    0x70, 0x68, 0x60, 0xff, 0x70, 0x68, 0x60, 0xff, 0x70, 0x6c, 0x68, 0xff,
    0x70, 0x68, 0x60, 0xef, 0x70, 0x68, 0x60, 0x71, 0x00, 0x00, 0x00, 0x00,
    0x00, 0x00, 0x00, 0x00, 0x00, 0x00, 0x00, 0x00, 0x00, 0x00, 0x00, 0x00,
    0x00, 0x00, 0x00, 0x00, 0x00, 0x00, 0x00, 0x00, 0x00, 0x00, 0x00, 0x00,
    0x00, 0x00, 0x00, 0x00, 0x00, 0x00, 0x00, 0x00, 0x00, 0x00, 0x00, 0x00,
    0x00, 0x00, 0x00, 0x00, 0x00, 0x00, 0x00, 0x00, 0x00, 0x00, 0x00, 0x00,
    0x00, 0x00, 0x00, 0x00, 0x00, 0x00, 0x00, 0x00, 0x00, 0x00, 0x00, 0x00,
    0x00, 0x00, 0x00, 0x00, 0x00, 0x00, 0x00, 0x00, 0x00, 0x00, 0x00, 0x00,
    0x00, 0x00, 0x00, 0x00, 0x00, 0x00, 0x00, 0x00, 0x00, 0x00, 0x00, 0x00,
    0x00, 0x00, 0x00, 0x00, 0x00, 0x00, 0x00, 0x00, 0x00, 0x00, 0x00, 0x00,
    0x00, 0x00, 0x00, 0x00, 0x00, 0x00, 0x00, 0x00, 0x00, 0x00, 0x00, 0x00,
    0x00, 0x00, 0x00, 0x00, 0x00, 0x00, 0x00, 0x00, 0x00, 0x00, 0x00, 0x00,
    0x00, 0x00, 0x00, 0x00, 0x00, 0x00, 0x00, 0x00, 0x00, 0x00, 0x00, 0x00,
    0x00, 0x00, 0x00, 0x00, 0x00, 0x00, 0x00, 0x00, 0x00, 0x00, 0x00, 0x00,
    0x00, 0x00, 0x00, 0x00, 0x00, 0x00, 0x00, 0x00, 0x00, 0x00, 0x00, 0x00,
    0x00, 0x00, 0x00, 0x00, 0x00, 0x00, 0x00, 0x00, 0x00, 0x00, 0x00, 0x00,
    0x00, 0x00, 0x00, 0x00, 0x00, 0x00, 0x00, 0x00, 0x00, 0x00, 0x00, 0x00,
    0x00, 0x00, 0x00, 0x00, 0x00, 0x00, 0x00, 0x00, 0x00, 0x00, 0x00, 0x00,
    0x00, 0x00, 0x00, 0x00, 0x00, 0x00, 0x00, 0x00, 0x00, 0x00, 0x00, 0x00,
    0x00, 0x00, 0x00, 0x00, 0x00, 0x00, 0x00, 0x00, 0x00, 0x00, 0x00, 0x00,
    0x00, 0x00, 0x00, 0x00, 0x00, 0x00, 0x00, 0x00, 0x00, 0x00, 0x00, 0x00,
    0x00, 0x00, 0x00, 0x00, 0x00, 0x00, 0x00, 0x00, 0x00, 0x00, 0x00, 0x00,
    0x00, 0x00, 0x00, 0x00, 0x00, 0x00, 0x00, 0x00, 0x00, 0x00, 0x00, 0x00,
    0x00, 0x00, 0x00, 0x00, 0x00, 0x00, 0x00, 0x00, 0x00, 0x00, 0x00, 0x00,
    0x00, 0x00, 0x00, 0x00, 0x00, 0x00, 0x00, 0x00, 0x00, 0x00, 0x00, 0x00,
    0x00, 0x00, 0x00, 0x00, 0x00, 0x00, 0x00, 0x00, 0x00, 0x00, 0x00, 0x00,
    0x00, 0x00, 0x00, 0x00, 0x00, 0x00, 0x00, 0x00, 0x00, 0x00, 0x00, 0x00,
    0x00, 0x00, 0x00, 0x00, 0x00, 0x00, 0x00, 0x00, 0x00, 0x00, 0x00, 0x00,
    0x00, 0x00, 0x00, 0x00, 0x00, 0x00, 0x00, 0x00, 0x00, 0x00, 0x00, 0x00,
    0x00, 0x00, 0x00, 0x00, 0x00, 0x00, 0x00, 0x00, 0x00, 0x00, 0x00, 0x00,
    0x00, 0x00, 0x00, 0x00, 0x00, 0x00, 0x00, 0x00, 0x00, 0x00, 0x00, 0x00,
    0x00, 0x00, 0x00, 0x00, 0x00, 0x00, 0x00, 0x00, 0x00, 0x00, 0x00, 0x00,
    0x00, 0x00, 0x00, 0x00, 0x00, 0x00, 0x00, 0x00, 0x00, 0x00, 0x00, 0x00,
    0x00, 0x00, 0x00, 0x00, 0x00, 0x00, 0x00, 0x00, 0x00, 0x00, 0x00, 0x00,
    0x00, 0x00, 0x00, 0x00, 0x00, 0x00, 0x00, 0x00, 0x00, 0x00, 0x00, 0x00,
    0x00, 0x00, 0x00, 0x00, 0x00, 0x00, 0x00, 0x00, 0x00, 0x00, 0x00, 0x00,
    0x00, 0x00, 0x00, 0x00, 0x00, 0x00, 0x00, 0x00, 0x00, 0x00, 0x00, 0x00,
    0x00, 0x00, 0x00, 0x00, 0x00, 0x00, 0x00, 0x00, 0x00, 0x00, 0x00, 0x00,
    0x00, 0x00, 0x00, 0x00, 0x70, 0x68, 0x68, 0x71, 0x70, 0x68, 0x60, 0xef,
    0x70, 0x6c, 0x68, 0xff, 0x70, 0x68, 0x60, 0xff, 0x70, 0x6c, 0x68, 0xff,
    0x70, 0x68, 0x60, 0xff, 0x70, 0x6c, 0x60, 0xcf, 0x70, 0x70, 0x60, 0x10,
    0x00, 0x00, 0x00, 0x00, 0x00, 0x00, 0x00, 0x00, 0x00, 0x00, 0x00, 0x00,
    0x00, 0x00, 0x00, 0x00, 0x00, 0x00, 0x00, 0x00, 0x00, 0x00, 0x00, 0x00,
    0x00, 0x00, 0x00, 0x00, 0x00, 0x00, 0x00, 0x00, 0x00, 0x00, 0x00, 0x00,
    0x00, 0x00, 0x00, 0x00, 0x00, 0x00, 0x00, 0x00, 0x00, 0x00, 0x00, 0x00,
    0x00, 0x00, 0x00, 0x00, 0x70, 0x70, 0x60, 0x10, 0x70, 0x6c, 0x60, 0xcf,
    0x70, 0x68, 0x68, 0xff, 0x70, 0x68, 0x60, 0xff, 0x70, 0x6c, 0x60, 0xff,
    0x70, 0x68, 0x68, 0xff, 0x70, 0x68, 0x68, 0xff, 0x70, 0x68, 0x60, 0xdf,
    0x70, 0x68, 0x68, 0x41, 0x00, 0x00, 0x00, 0x00, 0x00, 0x00, 0x00, 0x00,
    0x00, 0x00, 0x00, 0x00, 0x00, 0x00, 0x00, 0x00, 0x00, 0x00, 0x00, 0x00,
    0x00, 0x00, 0x00, 0x00, 0x00, 0x00, 0x00, 0x00, 0x00, 0x00, 0x00, 0x00,
    0x00, 0x00, 0x00, 0x00, 0x00, 0x00, 0x00, 0x00, 0x00, 0x00, 0x00, 0x00,
    0x00, 0x00, 0x00, 0x00, 0x00, 0x00, 0x00, 0x00, 0x00, 0x00, 0x00, 0x00,
    0x00, 0x00, 0x00, 0x00, 0x00, 0x00, 0x00, 0x00, 0x00, 0x00, 0x00, 0x00,
    0x00, 0x00, 0x00, 0x00, 0x00, 0x00, 0x00, 0x00, 0x00, 0x00, 0x00, 0x00,
    0x00, 0x00, 0x00, 0x00, 0x00, 0x00, 0x00, 0x00, 0x00, 0x00, 0x00, 0x00,
    0x00, 0x00, 0x00, 0x00, 0x00, 0x00, 0x00, 0x00, 0x00, 0x00, 0x00, 0x00,
    0x00, 0x00, 0x00, 0x00, 0x00, 0x00, 0x00, 0x00, 0x00, 0x00, 0x00, 0x00,
    0x00, 0x00, 0x00, 0x00, 0x00, 0x00, 0x00, 0x00, 0x00, 0x00, 0x00, 0x00,
    0x00, 0x00, 0x00, 0x00, 0x00, 0x00, 0x00, 0x00, 0x00, 0x00, 0x00, 0x00,
    0x00, 0x00, 0x00, 0x00, 0x00, 0x00, 0x00, 0x00, 0x00, 0x00, 0x00, 0x00,
    0x00, 0x00, 0x00, 0x00, 0x00, 0x00, 0x00, 0x00, 0x00, 0x00, 0x00, 0x00,
    0x00, 0x00, 0x00, 0x00, 0x00, 0x00, 0x00, 0x00, 0x00, 0x00, 0x00, 0x00,
    0x00, 0x00, 0x00, 0x00, 0x00, 0x00, 0x00, 0x00, 0x00, 0x00, 0x00, 0x00,
    0x00, 0x00, 0x00, 0x00, 0x00, 0x00, 0x00, 0x00, 0x00, 0x00, 0x00, 0x00,
    0x00, 0x00, 0x00, 0x00, 0x00, 0x00, 0x00, 0x00, 0x00, 0x00, 0x00, 0x00,
    0x00, 0x00, 0x00, 0x00, 0x00, 0x00, 0x00, 0x00, 0x00, 0x00, 0x00, 0x00,
    0x00, 0x00, 0x00, 0x00, 0x00, 0x00, 0x00, 0x00, 0x00, 0x00, 0x00, 0x00,
    0x00, 0x00, 0x00, 0x00, 0x00, 0x00, 0x00, 0x00, 0x00, 0x00, 0x00, 0x00,
    0x00, 0x00, 0x00, 0x00, 0x00, 0x00, 0x00, 0x00, 0x00, 0x00, 0x00, 0x00,
    0x00, 0x00, 0x00, 0x00, 0x00, 0x00, 0x00, 0x00, 0x00, 0x00, 0x00, 0x00,
    0x00, 0x00, 0x00, 0x00, 0x00, 0x00, 0x00, 0x00, 0x00, 0x00, 0x00, 0x00,
    0x00, 0x00, 0x00, 0x00, 0x00, 0x00, 0x00, 0x00, 0x00, 0x00, 0x00, 0x00,
    0x00, 0x00, 0x00, 0x00, 0x00, 0x00, 0x00, 0x00, 0x00, 0x00, 0x00, 0x00,
    0x00, 0x00, 0x00, 0x00, 0x00, 0x00, 0x00, 0x00, 0x00, 0x00, 0x00, 0x00,
    0x00, 0x00, 0x00, 0x00, 0x00, 0x00, 0x00, 0x00, 0x00, 0x00, 0x00, 0x00,
    0x00, 0x00, 0x00, 0x00, 0x00, 0x00, 0x00, 0x00, 0x00, 0x00, 0x00, 0x00,
    0x00, 0x00, 0x00, 0x00, 0x00, 0x00, 0x00, 0x00, 0x00, 0x00, 0x00, 0x00,
    0x00, 0x00, 0x00, 0x00, 0x00, 0x00, 0x00, 0x00, 0x00, 0x00, 0x00, 0x00,
    0x00, 0x00, 0x00, 0x00, 0x00, 0x00, 0x00, 0x00, 0x00, 0x00, 0x00, 0x00,
    0x00, 0x00, 0x00, 0x00, 0x00, 0x00, 0x00, 0x00, 0x00, 0x00, 0x00, 0x00,
    0x00, 0x00, 0x00, 0x00, 0x00, 0x00, 0x00, 0x00, 0x00, 0x00, 0x00, 0x00,
    0x00, 0x00, 0x00, 0x00, 0x00, 0x00, 0x00, 0x00, 0x00, 0x00, 0x00, 0x00,
    0x00, 0x00, 0x00, 0x00, 0x00, 0x00, 0x00, 0x00, 0x70, 0x68, 0x68, 0x41,
    0x70, 0x68, 0x60, 0xbe, 0x70, 0x68, 0x60, 0xff, 0x70, 0x6c, 0x68, 0xff,
    0x70, 0x68, 0x60, 0xff, 0x70, 0x68, 0x68, 0xff, 0x70, 0x68, 0x60, 0xff,
    0x70, 0x6c, 0x60, 0xcf, 0x70, 0x70, 0x60, 0x10, 0x00, 0x00, 0x00, 0x00,
    0x00, 0x00, 0x00, 0x00, 0x00, 0x00, 0x00, 0x00, 0x00, 0x00, 0x00, 0x00,
    0x00, 0x00, 0x00, 0x00, 0x00, 0x00, 0x00, 0x00, 0x00, 0x00, 0x00, 0x00,
    0x00, 0x00, 0x00, 0x00, 0x00, 0x00, 0x00, 0x00, 0x00, 0x00, 0x00, 0x00,
    0x00, 0x00, 0x00, 0x00, 0x00, 0x00, 0x00, 0x00, 0x00, 0x00, 0x00, 0x00,
    0x00, 0x00, 0x00, 0x00, 0x00, 0x00, 0x00, 0x00, 0x00, 0x00, 0x00, 0x00,
    0x70, 0x68, 0x60, 0x8e, 0x70, 0x68, 0x68, 0xff, 0x70, 0x68, 0x60, 0xff,
    0x70, 0x68, 0x60, 0xff, 0x70, 0x68, 0x60, 0xff, 0x70, 0x6c, 0x68, 0xff,
    0x70, 0x68, 0x60, 0xff, 0x70, 0x6c, 0x60, 0xcf, 0x70, 0x68, 0x68, 0x5d,
    0x70, 0x70, 0x70, 0x10, 0x00, 0x00, 0x00, 0x00, 0x00, 0x00, 0x00, 0x00,
    0x00, 0x00, 0x00, 0x00, 0x00, 0x00, 0x00, 0x00, 0x00, 0x00, 0x00, 0x00,
    0x00, 0x00, 0x00, 0x00, 0x00, 0x00, 0x00, 0x00, 0x00, 0x00, 0x00, 0x00,
    0x00, 0x00, 0x00, 0x00, 0x00, 0x00, 0x00, 0x00, 0x00, 0x00, 0x00, 0x00,
    0x00, 0x00, 0x00, 0x00, 0x00, 0x00, 0x00, 0x00, 0x00, 0x00, 0x00, 0x00,
    0x00, 0x00, 0x00, 0x00, 0x00, 0x00, 0x00, 0x00, 0x00, 0x00, 0x00, 0x00,
    0x00, 0x00, 0x00, 0x00, 0x00, 0x00, 0x00, 0x00, 0x00, 0x00, 0x00, 0x00,
    0x00, 0x00, 0x00, 0x00, 0x00, 0x00, 0x00, 0x00, 0x00, 0x00, 0x00, 0x00,
    0x00, 0x00, 0x00, 0x00, 0x00, 0x00, 0x00, 0x00, 0x00, 0x00, 0x00, 0x00,
    0x00, 0x00, 0x00, 0x00, 0x00, 0x00, 0x00, 0x00, 0x00, 0x00, 0x00, 0x00,
    0x00, 0x00, 0x00, 0x00, 0x00, 0x00, 0x00, 0x00, 0x00, 0x00, 0x00, 0x00,
    0x00, 0x00, 0x00, 0x00, 0x00, 0x00, 0x00, 0x00, 0x00, 0x00, 0x00, 0x00,
    0x00, 0x00, 0x00, 0x00, 0x00, 0x00, 0x00, 0x00, 0x00, 0x00, 0x00, 0x00,
    0x00, 0x00, 0x00, 0x00, 0x00, 0x00, 0x00, 0x00, 0x00, 0x00, 0x00, 0x00,
    0x00, 0x00, 0x00, 0x00, 0x00, 0x00, 0x00, 0x00, 0x00, 0x00, 0x00, 0x00,
    0x00, 0x00, 0x00, 0x00, 0x00, 0x00, 0x00, 0x00, 0x00, 0x00, 0x00, 0x00,
    0x00, 0x00, 0x00, 0x00, 0x00, 0x00, 0x00, 0x00, 0x00, 0x00, 0x00, 0x00,
    0x00, 0x00, 0x00, 0x00, 0x00, 0x00, 0x00, 0x00, 0x00, 0x00, 0x00, 0x00,
    0x00, 0x00, 0x00, 0x00, 0x00, 0x00, 0x00, 0x00, 0x00, 0x00, 0x00, 0x00,
    0x00, 0x00, 0x00, 0x00, 0x00, 0x00, 0x00, 0x00, 0x00, 0x00, 0x00, 0x00,
    0x00, 0x00, 0x00, 0x00, 0x00, 0x00, 0x00, 0x00, 0x00, 0x00, 0x00, 0x00,
    0x00, 0x00, 0x00, 0x00, 0x00, 0x00, 0x00, 0x00, 0x00, 0x00, 0x00, 0x00,
    0x00, 0x00, 0x00, 0x00, 0x00, 0x00, 0x00, 0x00, 0x00, 0x00, 0x00, 0x00,
    0x00, 0x00, 0x00, 0x00, 0x00, 0x00, 0x00, 0x00, 0x00, 0x00, 0x00, 0x00,
    0x00, 0x00, 0x00, 0x00, 0x00, 0x00, 0x00, 0x00, 0x00, 0x00, 0x00, 0x00,
    0x00, 0x00, 0x00, 0x00, 0x00, 0x00, 0x00, 0x00, 0x00, 0x00, 0x00, 0x00,
    0x00, 0x00, 0x00, 0x00, 0x00, 0x00, 0x00, 0x00, 0x00, 0x00, 0x00, 0x00,
    0x00, 0x00, 0x00, 0x00, 0x00, 0x00, 0x00, 0x00, 0x00, 0x00, 0x00, 0x00,
    0x00, 0x00, 0x00, 0x00, 0x00, 0x00, 0x00, 0x00, 0x00, 0x00, 0x00, 0x00,
    0x00, 0x00, 0x00, 0x00, 0x00, 0x00, 0x00, 0x00, 0x00, 0x00, 0x00, 0x00,
    0x00, 0x00, 0x00, 0x00, 0x00, 0x00, 0x00, 0x00, 0x00, 0x00, 0x00, 0x00,
    0x00, 0x00, 0x00, 0x00, 0x00, 0x00, 0x00, 0x00, 0x00, 0x00, 0x00, 0x00,
    0x00, 0x00, 0x00, 0x00, 0x00, 0x00, 0x00, 0x00, 0x00, 0x00, 0x00, 0x00,
    0x00, 0x00, 0x00, 0x00, 0x00, 0x00, 0x00, 0x00, 0x70, 0x70, 0x70, 0x10,
    0x70, 0x68, 0x60, 0x71, 0x70, 0x68, 0x60, 0xbe, 0x70, 0x68, 0x68, 0xff,
    0x70, 0x6c, 0x60, 0xff, 0x70, 0x68, 0x60, 0xff, 0x70, 0x68, 0x68, 0xff,
    0x70, 0x68, 0x60, 0xff, 0x70, 0x68, 0x60, 0xff, 0x70, 0x68, 0x60, 0x8e,
    0x00, 0x00, 0x00, 0x00, 0x00, 0x00, 0x00, 0x00, 0x00, 0x00, 0x00, 0x00,
    0x00, 0x00, 0x00, 0x00, 0x00, 0x00, 0x00, 0x00, 0x00, 0x00, 0x00, 0x00,
    0x00, 0x00, 0x00, 0x00, 0x00, 0x00, 0x00, 0x00, 0x00, 0x00, 0x00, 0x00,
    0x00, 0x00, 0x00, 0x00, 0x00, 0x00, 0x00, 0x00, 0x00, 0x00, 0x00, 0x00,
    0x00, 0x00, 0x00, 0x00, 0x00, 0x00, 0x00, 0x00, 0x00, 0x00, 0x00, 0x00,
    0x00, 0x00, 0x00, 0x00, 0x00, 0x00, 0x00, 0x00, 0x00, 0x00, 0x00, 0x00,
    0x00, 0x00, 0x00, 0x00, 0x70, 0x68, 0x60, 0x61, 0x70, 0x6c, 0x60, 0xdf,
    0x70, 0x68, 0x68, 0xff, 0x70, 0x68, 0x60, 0xff, 0x70, 0x68, 0x60, 0xff,
    0x70, 0x68, 0x68, 0xff, 0x70, 0x68, 0x60, 0xff, 0x70, 0x6c, 0x60, 0xff,
    0x70, 0x68, 0x68, 0xff, 0x70, 0x68, 0x60, 0xbe, 0x70, 0x68, 0x60, 0x7d,
    0x70, 0x68, 0x68, 0x41, 0x70, 0x64, 0x68, 0x30, 0x70, 0x70, 0x70, 0x10,
    0x00, 0x00, 0x00, 0x00, 0x00, 0x00, 0x00, 0x00, 0x00, 0x00, 0x00, 0x00,
    0x00, 0x00, 0x00, 0x00, 0x00, 0x00, 0x00, 0x00, 0x00, 0x00, 0x00, 0x00,
    0x00, 0x00, 0x00, 0x00, 0x00, 0x00, 0x00, 0x00, 0x00, 0x00, 0x00, 0x00,
    0x00, 0x00, 0x00, 0x00, 0x00, 0x00, 0x00, 0x00, 0x00, 0x00, 0x00, 0x00,
    0x00, 0x00, 0x00, 0x00, 0x00, 0x00, 0x00, 0x00, 0x00, 0x00, 0x00, 0x00,
    0x00, 0x00, 0x00, 0x00, 0x00, 0x00, 0x00, 0x00, 0x00, 0x00, 0x00, 0x00,
    0x00, 0x00, 0x00, 0x00, 0x00, 0x00, 0x00, 0x00, 0x00, 0x00, 0x00, 0x00,
    0x00, 0x00, 0x00, 0x00, 0x00, 0x00, 0x00, 0x00, 0x00, 0x00, 0x00, 0x00,
    0x00, 0x00, 0x00, 0x00, 0x00, 0x00, 0x00, 0x00, 0x00, 0x00, 0x00, 0x00,
    0x00, 0x00, 0x00, 0x00, 0x00, 0x00, 0x00, 0x00, 0x00, 0x00, 0x00, 0x00,
    0x00, 0x00, 0x00, 0x00, 0x00, 0x00, 0x00, 0x00, 0x00, 0x00, 0x00, 0x00,
    0x00, 0x00, 0x00, 0x00, 0x00, 0x00, 0x00, 0x00, 0x00, 0x00, 0x00, 0x00,
    0x00, 0x00, 0x00, 0x00, 0x00, 0x00, 0x00, 0x00, 0x00, 0x00, 0x00, 0x00,
    0x00, 0x00, 0x00, 0x00, 0x00, 0x00, 0x00, 0x00, 0x00, 0x00, 0x00, 0x00,
    0x00, 0x00, 0x00, 0x00, 0x00, 0x00, 0x00, 0x00, 0x00, 0x00, 0x00, 0x00,
    0x00, 0x00, 0x00, 0x00, 0x00, 0x00, 0x00, 0x00, 0x00, 0x00, 0x00, 0x00,
    0x00, 0x00, 0x00, 0x00, 0x00, 0x00, 0x00, 0x00, 0x00, 0x00, 0x00, 0x00,
    0x00, 0x00, 0x00, 0x00, 0x00, 0x00, 0x00, 0x00, 0x00, 0x00, 0x00, 0x00,
    0x00, 0x00, 0x00, 0x00, 0x00, 0x00, 0x00, 0x00, 0x00, 0x00, 0x00, 0x00,
    0x00, 0x00, 0x00, 0x00, 0x00, 0x00, 0x00, 0x00, 0x00, 0x00, 0x00, 0x00,
    0x00, 0x00, 0x00, 0x00, 0x00, 0x00, 0x00, 0x00, 0x00, 0x00, 0x00, 0x00,
    0x00, 0x00, 0x00, 0x00, 0x00, 0x00, 0x00, 0x00, 0x00, 0x00, 0x00, 0x00,
    0x00, 0x00, 0x00, 0x00, 0x00, 0x00, 0x00, 0x00, 0x00, 0x00, 0x00, 0x00,
    0x00, 0x00, 0x00, 0x00, 0x00, 0x00, 0x00, 0x00, 0x00, 0x00, 0x00, 0x00,
    0x00, 0x00, 0x00, 0x00, 0x00, 0x00, 0x00, 0x00, 0x00, 0x00, 0x00, 0x00,
    0x00, 0x00, 0x00, 0x00, 0x00, 0x00, 0x00, 0x00, 0x00, 0x00, 0x00, 0x00,
    0x00, 0x00, 0x00, 0x00, 0x00, 0x00, 0x00, 0x00, 0x00, 0x00, 0x00, 0x00,
    0x00, 0x00, 0x00, 0x00, 0x00, 0x00, 0x00, 0x00, 0x00, 0x00, 0x00, 0x00,
    0x00, 0x00, 0x00, 0x00, 0x00, 0x00, 0x00, 0x00, 0x00, 0x00, 0x00, 0x00,
    0x00, 0x00, 0x00, 0x00, 0x00, 0x00, 0x00, 0x00, 0x00, 0x00, 0x00, 0x00,
    0x70, 0x70, 0x70, 0x10, 0x70, 0x68, 0x68, 0x20, 0x70, 0x68, 0x60, 0x51,
    0x70, 0x68, 0x68, 0x71, 0x70, 0x68, 0x60, 0xbe, 0x70, 0x68, 0x68, 0xef,
    0x70, 0x68, 0x60, 0xff, 0x70, 0x6c, 0x60, 0xff, 0x70, 0x68, 0x68, 0xff,
    0x70, 0x68, 0x60, 0xff, 0x70, 0x6c, 0x60, 0xff, 0x70, 0x68, 0x68, 0xff,
    0x70, 0x6c, 0x60, 0xef, 0x70, 0x68, 0x68, 0x6d, 0x00, 0x00, 0x00, 0x00,
    0x00, 0x00, 0x00, 0x00, 0x00, 0x00, 0x00, 0x00, 0x00, 0x00, 0x00, 0x00,
    0x00, 0x00, 0x00, 0x00, 0x00, 0x00, 0x00, 0x00, 0x00, 0x00, 0x00, 0x00,
    0x00, 0x00, 0x00, 0x00, 0x00, 0x00, 0x00, 0x00, 0x00, 0x00, 0x00, 0x00,
    0x00, 0x00, 0x00, 0x00, 0x00, 0x00, 0x00, 0x00, 0x00, 0x00, 0x00, 0x00,
    0x00, 0x00, 0x00, 0x00, 0x00, 0x00, 0x00, 0x00, 0x00, 0x00, 0x00, 0x00,
    0x00, 0x00, 0x00, 0x00, 0x00, 0x00, 0x00, 0x00, 0x00, 0x00, 0x00, 0x00,
    0x00, 0x00, 0x00, 0x00, 0x00, 0x00, 0x00, 0x00, 0x70, 0x68, 0x60, 0x20,
    0x70, 0x6c, 0x60, 0x9e, 0x70, 0x68, 0x68, 0xff, 0x70, 0x6c, 0x60, 0xff,
    0x70, 0x68, 0x60, 0xff, 0x70, 0x68, 0x68, 0xff, 0x70, 0x68, 0x60, 0xff,
    0x70, 0x6c, 0x60, 0xff, 0x70, 0x68, 0x68, 0xff, 0x70, 0x68, 0x60, 0xff,
    0x70, 0x6c, 0x60, 0xff, 0x70, 0x68, 0x68, 0xff, 0x70, 0x68, 0x60, 0xff,
    0x70, 0x68, 0x60, 0xff, 0x70, 0x68, 0x68, 0xff, 0x70, 0x68, 0x60, 0xff,
    0x70, 0x68, 0x60, 0xff, 0x70, 0x6c, 0x68, 0xff, 0x70, 0x68, 0x60, 0xff,
    0x70, 0x68, 0x60, 0xff, 0x70, 0x6c, 0x68, 0xff, 0x70, 0x68, 0x60, 0xff,
    0x70, 0x68, 0x60, 0xff, 0x70, 0x6c, 0x68, 0xff, 0x70, 0x68, 0x60, 0xff,
    0x70, 0x68, 0x60, 0xff, 0x70, 0x6c, 0x68, 0xff, 0x70, 0x68, 0x60, 0xff,
    0x70, 0x68, 0x60, 0xff, 0x70, 0x6c, 0x68, 0xff, 0x70, 0x68, 0x60, 0xff,
    0x70, 0x68, 0x60, 0xff, 0x70, 0x68, 0x68, 0xff, 0x70, 0x68, 0x60, 0xff,
    0x70, 0x68, 0x60, 0xff, 0x70, 0x68, 0x68, 0xff, 0x70, 0x6c, 0x60, 0xff,
    0x70, 0x68, 0x60, 0xff, 0x70, 0x68, 0x68, 0xff, 0x70, 0x68, 0x60, 0xff,
    0x70, 0x68, 0x60, 0xff, 0x70, 0x68, 0x68, 0xff, 0x70, 0x68, 0x60, 0xff,
    0x70, 0x68, 0x68, 0xff, 0x70, 0x68, 0x60, 0xff, 0x70, 0x68, 0x60, 0xff,
    0x70, 0x68, 0x68, 0xff, 0x70, 0x68, 0x60, 0xff, 0x70, 0x68, 0x60, 0xff,
    0x70, 0x68, 0x68, 0xff, 0x70, 0x68, 0x60, 0xff, 0x70, 0x68, 0x60, 0xff,
    0x70, 0x68, 0x68, 0xff, 0x70, 0x68, 0x60, 0xff, 0x70, 0x68, 0x60, 0xff,
    0x70, 0x68, 0x68, 0xff, 0x70, 0x68, 0x60, 0xff, 0x70, 0x68, 0x60, 0xff,
    0x70, 0x68, 0x68, 0xff, 0x70, 0x68, 0x60, 0xff, 0x70, 0x68, 0x60, 0xff,
    0x70, 0x68, 0x68, 0xff, 0x70, 0x68, 0x60, 0xff, 0x70, 0x68, 0x60, 0xff,
    0x70, 0x68, 0x68, 0xff, 0x70, 0x68, 0x60, 0xff, 0x70, 0x68, 0x60, 0xff,
    0x70, 0x68, 0x68, 0xff, 0x70, 0x68, 0x60, 0xff, 0x70, 0x68, 0x60, 0xff,
    0x70, 0x68, 0x68, 0xff, 0x70, 0x68, 0x60, 0xff, 0x70, 0x68, 0x60, 0xff,
    0x70, 0x68, 0x68, 0xff, 0x70, 0x68, 0x60, 0xff, 0x70, 0x68, 0x60, 0xff,
    0x70, 0x68, 0x68, 0xff, 0x70, 0x68, 0x60, 0xff, 0x70, 0x68, 0x60, 0xff,
    0x70, 0x68, 0x68, 0xff, 0x70, 0x68, 0x60, 0xff, 0x70, 0x68, 0x60, 0xff,
    0x70, 0x68, 0x68, 0xff, 0x70, 0x68, 0x60, 0xff, 0x70, 0x68, 0x60, 0xff,
    0x70, 0x68, 0x68, 0xff, 0x70, 0x68, 0x60, 0xff, 0x70, 0x68, 0x60, 0xff,
    0x70, 0x68, 0x68, 0xff, 0x70, 0x68, 0x60, 0xff, 0x70, 0x68, 0x60, 0xff,
    0x70, 0x68, 0x68, 0xff, 0x70, 0x6c, 0x60, 0xff, 0x70, 0x68, 0x60, 0xff,
    0x70, 0x68, 0x68, 0xff, 0x70, 0x6c, 0x60, 0xff, 0x70, 0x68, 0x60, 0xff,
    0x70, 0x68, 0x68, 0xff, 0x70, 0x6c, 0x60, 0xff, 0x70, 0x68, 0x60, 0xff,
    0x70, 0x68, 0x68, 0xff, 0x70, 0x6c, 0x60, 0xff, 0x70, 0x68, 0x60, 0xff,
    0x70, 0x68, 0x68, 0xff, 0x70, 0x6c, 0x60, 0xff, 0x70, 0x68, 0x60, 0xff,
    0x70, 0x68, 0x68, 0xff, 0x70, 0x6c, 0x60, 0xff, 0x70, 0x68, 0x60, 0xff,
    0x70, 0x68, 0x68, 0xff, 0x70, 0x68, 0x60, 0xff, 0x70, 0x68, 0x68, 0xff,
    0x70, 0x68, 0x60, 0xff, 0x70, 0x68, 0x60, 0xff, 0x70, 0x68, 0x60, 0xae,
    0x70, 0x68, 0x60, 0x20, 0x00, 0x00, 0x00, 0x00, 0x00, 0x00, 0x00, 0x00,
    0x00, 0x00, 0x00, 0x00, 0x00, 0x00, 0x00, 0x00, 0x00, 0x00, 0x00, 0x00,
    0x00, 0x00, 0x00, 0x00, 0x00, 0x00, 0x00, 0x00, 0x00, 0x00, 0x00, 0x00,
    0x00, 0x00, 0x00, 0x00, 0x00, 0x00, 0x00, 0x00, 0x00, 0x00, 0x00, 0x00,
    0x00, 0x00, 0x00, 0x00, 0x00, 0x00, 0x00, 0x00, 0x00, 0x00, 0x00, 0x00,
    0x00, 0x00, 0x00, 0x00, 0x00, 0x00, 0x00, 0x00, 0x00, 0x00, 0x00, 0x00,
    0x00, 0x00, 0x00, 0x00, 0x00, 0x00, 0x00, 0x00, 0x00, 0x00, 0x00, 0x00,
    0x00, 0x00, 0x00, 0x00, 0x00, 0x00, 0x00, 0x00, 0x00, 0x00, 0x00, 0x00,
    0x00, 0x00, 0x00, 0x00, 0x70, 0x68, 0x60, 0x20, 0x70, 0x6c, 0x60, 0x9e,
    0x70, 0x68, 0x68, 0xff, 0x70, 0x68, 0x60, 0xff, 0x70, 0x6c, 0x60, 0xff,
    0x70, 0x68, 0x68, 0xff, 0x70, 0x68, 0x60, 0xff, 0x70, 0x68, 0x68, 0xff,
    0x70, 0x6c, 0x60, 0xff, 0x70, 0x68, 0x60, 0xff, 0x70, 0x68, 0x68, 0xff,
    0x70, 0x6c, 0x60, 0xff, 0x70, 0x6c, 0x68, 0xff, 0x70, 0x68, 0x60, 0xff,
    0x70, 0x68, 0x60, 0xff, 0x70, 0x68, 0x68, 0xff, 0x70, 0x68, 0x60, 0xff,
    0x70, 0x68, 0x60, 0xff, 0x70, 0x68, 0x68, 0xff, 0x70, 0x68, 0x60, 0xff,
    0x70, 0x68, 0x60, 0xff, 0x70, 0x6c, 0x68, 0xff, 0x70, 0x68, 0x60, 0xff,
    0x70, 0x68, 0x60, 0xff, 0x70, 0x68, 0x68, 0xff, 0x70, 0x68, 0x60, 0xff,
    0x70, 0x68, 0x68, 0xff, 0x70, 0x68, 0x60, 0xff, 0x70, 0x6c, 0x60, 0xff,
    0x70, 0x68, 0x68, 0xff, 0x70, 0x6c, 0x60, 0xff, 0x70, 0x6c, 0x68, 0xff,
    0x70, 0x68, 0x60, 0xff, 0x70, 0x68, 0x68, 0xff, 0x70, 0x68, 0x60, 0xff,
    0x70, 0x6c, 0x68, 0xff, 0x70, 0x68, 0x60, 0xff, 0x70, 0x6c, 0x68, 0xff,
    0x70, 0x68, 0x60, 0xff, 0x70, 0x6c, 0x60, 0xff, 0x70, 0x6c, 0x68, 0xff,
    0x70, 0x68, 0x60, 0xff, 0x70, 0x6c, 0x60, 0xff, 0x70, 0x68, 0x68, 0xff,
    0x70, 0x6c, 0x60, 0xff, 0x70, 0x68, 0x60, 0xff, 0x70, 0x6c, 0x68, 0xff,
    0x70, 0x6c, 0x60, 0xff, 0x70, 0x68, 0x60, 0xff, 0x70, 0x6c, 0x68, 0xff,
    0x70, 0x68, 0x60, 0xff, 0x70, 0x6c, 0x60, 0xff, 0x70, 0x68, 0x68, 0xff,
    0x70, 0x6c, 0x60, 0xff, 0x70, 0x68, 0x60, 0xff, 0x70, 0x6c, 0x68, 0xff,
    0x70, 0x68, 0x60, 0xff, 0x70, 0x6c, 0x60, 0xff, 0x70, 0x68, 0x68, 0xff,
    0x70, 0x6c, 0x60, 0xff, 0x70, 0x68, 0x60, 0xff, 0x70, 0x6c, 0x68, 0xff,
    0x70, 0x68, 0x60, 0xff, 0x70, 0x6c, 0x60, 0xff, 0x70, 0x68, 0x68, 0xff,
    0x70, 0x6c, 0x60, 0xff, 0x70, 0x6c, 0x60, 0xff, 0x70, 0x68, 0x68, 0xff,
    0x70, 0x6c, 0x60, 0xff, 0x70, 0x68, 0x60, 0xff, 0x70, 0x6c, 0x68, 0xff,
    0x70, 0x6c, 0x60, 0xff, 0x70, 0x68, 0x60, 0xff, 0x70, 0x6c, 0x68, 0xff,
    0x70, 0x68, 0x60, 0xff, 0x70, 0x6c, 0x68, 0xff, 0x70, 0x68, 0x60, 0xff,
    0x70, 0x6c, 0x68, 0xff, 0x70, 0x68, 0x60, 0xff, 0x70, 0x6c, 0x60, 0xff,
    0x70, 0x68, 0x68, 0xff, 0x70, 0x6c, 0x60, 0xff, 0x70, 0x68, 0x68, 0xff,
    0x70, 0x68, 0x60, 0xff, 0x70, 0x6c, 0x68, 0xff, 0x70, 0x68, 0x60, 0xff,
    0x70, 0x6c, 0x68, 0xff, 0x70, 0x68, 0x60, 0xff, 0x70, 0x68, 0x68, 0xff,
    0x70, 0x6c, 0x60, 0xff, 0x70, 0x68, 0x68, 0xff, 0x70, 0x68, 0x60, 0xff,
    0x70, 0x68, 0x68, 0xff, 0x70, 0x68, 0x60, 0xff, 0x70, 0x68, 0x68, 0xff,
    0x70, 0x68, 0x60, 0xff, 0x70, 0x68, 0x68, 0xff, 0x70, 0x68, 0x60, 0xff,
    0x70, 0x68, 0x68, 0xff, 0x70, 0x68, 0x60, 0xff, 0x70, 0x68, 0x68, 0xff,
    0x70, 0x68, 0x60, 0xff, 0x70, 0x6c, 0x68, 0xff, 0x70, 0x68, 0x60, 0xff,
    0x70, 0x68, 0x60, 0xff, 0x70, 0x6c, 0x68, 0xff, 0x70, 0x68, 0x60, 0xff,
    0x70, 0x68, 0x60, 0xff, 0x70, 0x6c, 0x68, 0xff, 0x70, 0x68, 0x60, 0xff,
    0x70, 0x68, 0x68, 0xbe, 0x70, 0x6c, 0x60, 0x41, 0x00, 0x00, 0x00, 0x00,
    0x00, 0x00, 0x00, 0x00, 0x00, 0x00, 0x00, 0x00, 0x00, 0x00, 0x00, 0x00,
    0x00, 0x00, 0x00, 0x00, 0x00, 0x00, 0x00, 0x00, 0x00, 0x00, 0x00, 0x00,
    0x00, 0x00, 0x00, 0x00, 0x00, 0x00, 0x00, 0x00, 0x00, 0x00, 0x00, 0x00,
    0x00, 0x00, 0x00, 0x00, 0x00, 0x00, 0x00, 0x00, 0x00, 0x00, 0x00, 0x00,
    0x00, 0x00, 0x00, 0x00, 0x00, 0x00, 0x00, 0x00, 0x00, 0x00, 0x00, 0x00,
    0x00, 0x00, 0x00, 0x00, 0x00, 0x00, 0x00, 0x00, 0x00, 0x00, 0x00, 0x00,
    0x00, 0x00, 0x00, 0x00, 0x00, 0x00, 0x00, 0x00, 0x00, 0x00, 0x00, 0x00,
    0x00, 0x00, 0x00, 0x00, 0x00, 0x00, 0x00, 0x00, 0x00, 0x00, 0x00, 0x00,
    0x00, 0x00, 0x00, 0x00, 0x00, 0x00, 0x00, 0x00, 0x00, 0x00, 0x00, 0x00,
    0x70, 0x68, 0x60, 0x20, 0x70, 0x68, 0x60, 0x8e, 0x70, 0x68, 0x60, 0xdf,
    0x70, 0x68, 0x68, 0xff, 0x70, 0x68, 0x60, 0xff, 0x70, 0x6c, 0x60, 0xff,
    0x70, 0x68, 0x68, 0xff, 0x70, 0x68, 0x60, 0xff, 0x70, 0x68, 0x60, 0xff,
    0x70, 0x68, 0x68, 0xff, 0x70, 0x68, 0x60, 0xff, 0x70, 0x6c, 0x68, 0xff,
    0x70, 0x68, 0x60, 0xff, 0x70, 0x6c, 0x68, 0xff, 0x70, 0x68, 0x60, 0xff,
    0x70, 0x6c, 0x68, 0xff, 0x70, 0x68, 0x60, 0xff, 0x70, 0x68, 0x68, 0xff,
    0x70, 0x6c, 0x60, 0xff, 0x70, 0x68, 0x68, 0xff, 0x70, 0x68, 0x60, 0xff,
    0x70, 0x6c, 0x68, 0xff, 0x70, 0x68, 0x60, 0xff, 0x70, 0x6c, 0x60, 0xff,
    0x70, 0x68, 0x68, 0xff, 0x70, 0x68, 0x60, 0xff, 0x70, 0x68, 0x68, 0xff,
    0x70, 0x68, 0x60, 0xff, 0x70, 0x68, 0x60, 0xff, 0x70, 0x68, 0x68, 0xff,
    0x70, 0x6c, 0x60, 0xff, 0x70, 0x68, 0x60, 0xff, 0x70, 0x68, 0x68, 0xff,
    0x70, 0x68, 0x60, 0xff, 0x70, 0x68, 0x60, 0xff, 0x70, 0x68, 0x68, 0xff,
    0x70, 0x68, 0x60, 0xff, 0x70, 0x68, 0x60, 0xff, 0x70, 0x68, 0x68, 0xff,
    0x70, 0x68, 0x60, 0xff, 0x70, 0x68, 0x68, 0xff, 0x70, 0x6c, 0x60, 0xff,
    0x70, 0x68, 0x68, 0xff, 0x70, 0x68, 0x60, 0xff, 0x70, 0x68, 0x68, 0xff,
    0x70, 0x68, 0x60, 0xff, 0x70, 0x68, 0x68, 0xff, 0x70, 0x68, 0x68, 0xff,
    0x70, 0x6c, 0x60, 0xff, 0x70, 0x68, 0x68, 0xff, 0x70, 0x68, 0x60, 0xff,
    0x70, 0x68, 0x60, 0xff, 0x70, 0x6c, 0x68, 0xff, 0x70, 0x68, 0x68, 0xff,
    0x70, 0x68, 0x60, 0xff, 0x70, 0x68, 0x60, 0xff, 0x70, 0x6c, 0x68, 0xff,
    0x70, 0x68, 0x60, 0xff, 0x70, 0x68, 0x68, 0xff, 0x70, 0x68, 0x68, 0xff,
    0x70, 0x6c, 0x60, 0xff, 0x70, 0x68, 0x68, 0xff, 0x70, 0x68, 0x60, 0xff,
    0x70, 0x68, 0x68, 0xff, 0x70, 0x68, 0x60, 0xff, 0x70, 0x68, 0x68, 0xff,
    0x70, 0x68, 0x60, 0xff, 0x70, 0x68, 0x68, 0xff, 0x70, 0x68, 0x60, 0xff,
    0x70, 0x68, 0x68, 0xff, 0x70, 0x68, 0x60, 0xff, 0x70, 0x68, 0x60, 0xff,
    0x70, 0x6c, 0x68, 0xff, 0x70, 0x68, 0x60, 0xff, 0x70, 0x68, 0x60, 0xff,
    0x70, 0x68, 0x68, 0xff, 0x70, 0x6c, 0x60, 0xff, 0x70, 0x68, 0x68, 0xff,
    0x70, 0x68, 0x60, 0xff, 0x70, 0x68, 0x60, 0xff, 0x70, 0x6c, 0x68, 0xff,
    0x70, 0x68, 0x60, 0xff, 0x70, 0x68, 0x60, 0xff, 0x70, 0x6c, 0x68, 0xff,
    0x70, 0x68, 0x60, 0xff, 0x70, 0x68, 0x60, 0xff, 0x70, 0x6c, 0x60, 0xff,
    0x70, 0x68, 0x68, 0xff, 0x70, 0x68, 0x60, 0xff, 0x70, 0x6c, 0x60, 0xff,
    0x70, 0x68, 0x60, 0xff, 0x70, 0x68, 0x68, 0xff, 0x70, 0x6c, 0x60, 0xff,
    0x70, 0x6c, 0x60, 0xff, 0x70, 0x68, 0x68, 0xff, 0x70, 0x6c, 0x60, 0xff,
    0x70, 0x68, 0x60, 0xff, 0x70, 0x6c, 0x68, 0xff, 0x70, 0x68, 0x60, 0xff,
    0x70, 0x68, 0x60, 0xff, 0x70, 0x68, 0x68, 0xff, 0x70, 0x68, 0x60, 0xff,
    0x70, 0x68, 0x60, 0xff, 0x70, 0x68, 0x68, 0xff, 0x70, 0x68, 0x60, 0xff,
    0x70, 0x6c, 0x60, 0xdf, 0x70, 0x68, 0x60, 0x7d, 0x70, 0x70, 0x60, 0x10,
    0x00, 0x00, 0x00, 0x00, 0x00, 0x00, 0x00, 0x00, 0x00, 0x00, 0x00, 0x00,
    0x00, 0x00, 0x00, 0x00, 0x00, 0x00, 0x00, 0x00, 0x00, 0x00, 0x00, 0x00,
    0x00, 0x00, 0x00, 0x00, 0x00, 0x00, 0x00, 0x00, 0x00, 0x00, 0x00, 0x00,
    0x00, 0x00, 0x00, 0x00, 0x00, 0x00, 0x00, 0x00, 0x00, 0x00, 0x00, 0x00,
    0x00, 0x00, 0x00, 0x00, 0x00, 0x00, 0x00, 0x00, 0x00, 0x00, 0x00, 0x00,
    0x00, 0x00, 0x00, 0x00, 0x00, 0x00, 0x00, 0x00, 0x00, 0x00, 0x00, 0x00,
    0x00, 0x00, 0x00, 0x00, 0x00, 0x00, 0x00, 0x00, 0x00, 0x00, 0x00, 0x00,
    0x00, 0x00, 0x00, 0x00, 0x00, 0x00, 0x00, 0x00, 0x00, 0x00, 0x00, 0x00,
    0x00, 0x00, 0x00, 0x00, 0x00, 0x00, 0x00, 0x00, 0x00, 0x00, 0x00, 0x00,
    0x00, 0x00, 0x00, 0x00, 0x00, 0x00, 0x00, 0x00, 0x00, 0x00, 0x00, 0x00,
    0x00, 0x00, 0x00, 0x00, 0x00, 0x00, 0x00, 0x00, 0x00, 0x00, 0x00, 0x00,
    0x70, 0x68, 0x60, 0x20, 0x70, 0x68, 0x60, 0x61, 0x70, 0x68, 0x60, 0x8e,
    0x70, 0x68, 0x68, 0xbe, 0x70, 0x6c, 0x60, 0xdf, 0x70, 0x68, 0x60, 0xff,
    0x70, 0x68, 0x68, 0xff, 0x70, 0x68, 0x60, 0xff, 0x70, 0x68, 0x60, 0xff,
    0x70, 0x68, 0x68, 0xff, 0x70, 0x68, 0x60, 0xff, 0x70, 0x6c, 0x60, 0xff,
    0x70, 0x68, 0x68, 0xff, 0x70, 0x68, 0x60, 0xff, 0x70, 0x6c, 0x60, 0xff,
    0x70, 0x68, 0x68, 0xff, 0x70, 0x68, 0x60, 0xff, 0x70, 0x68, 0x60, 0xff,
    0x70, 0x68, 0x68, 0xff, 0x70, 0x68, 0x60, 0xff, 0x70, 0x6c, 0x60, 0xff,
    0x70, 0x68, 0x68, 0xff, 0x70, 0x68, 0x60, 0xff, 0x70, 0x6c, 0x60, 0xff,
    0x70, 0x68, 0x68, 0xff, 0x70, 0x68, 0x60, 0xff, 0x70, 0x68, 0x60, 0xff,
    0x70, 0x68, 0x68, 0xff, 0x70, 0x6c, 0x60, 0xff, 0x70, 0x68, 0x60, 0xff,
    0x70, 0x68, 0x68, 0xff, 0x70, 0x6c, 0x60, 0xff, 0x70, 0x68, 0x60, 0xff,
    0x70, 0x68, 0x68, 0xff, 0x70, 0x6c, 0x60, 0xff, 0x70, 0x68, 0x60, 0xff,
    0x70, 0x68, 0x68, 0xff, 0x70, 0x68, 0x60, 0xff, 0x70, 0x68, 0x60, 0xff,
    0x70, 0x68, 0x68, 0xff, 0x70, 0x68, 0x60, 0xff, 0x70, 0x68, 0x60, 0xff,
    0x70, 0x6c, 0x68, 0xff, 0x70, 0x68, 0x60, 0xff, 0x70, 0x68, 0x60, 0xff,
    0x70, 0x68, 0x60, 0xff, 0x70, 0x68, 0x68, 0xff, 0x70, 0x68, 0x60, 0xff,
    0x70, 0x68, 0x60, 0xff, 0x70, 0x68, 0x68, 0xff, 0x70, 0x68, 0x60, 0xff,
    0x70, 0x68, 0x60, 0xff, 0x70, 0x68, 0x68, 0xff, 0x70, 0x68, 0x60, 0xff,
    0x70, 0x68, 0x60, 0xff, 0x70, 0x68, 0x60, 0xff, 0x70, 0x68, 0x60, 0xff,
    0x70, 0x68, 0x60, 0xff, 0x70, 0x68, 0x68, 0xff, 0x70, 0x68, 0x60, 0xff,
    0x70, 0x68, 0x60, 0xff, 0x70, 0x6c, 0x68, 0xff, 0x70, 0x68, 0x60, 0xff,
    0x70, 0x68, 0x60, 0xff, 0x70, 0x6c, 0x68, 0xff, 0x70, 0x68, 0x60, 0xff,
    0x70, 0x68, 0x60, 0xff, 0x70, 0x68, 0x68, 0xff, 0x70, 0x68, 0x60, 0xff,
    0x70, 0x68, 0x60, 0xff, 0x70, 0x68, 0x68, 0xff, 0x70, 0x68, 0x60, 0xff,
    0x70, 0x68, 0x60, 0xff, 0x70, 0x68, 0x68, 0xff, 0x70, 0x68, 0x60, 0xff,
    0x70, 0x68, 0x60, 0xff, 0x70, 0x68, 0x68, 0xff, 0x70, 0x68, 0x60, 0xff,
    0x70, 0x68, 0x60, 0xff, 0x70, 0x68, 0x68, 0xff, 0x70, 0x68, 0x60, 0xff,
    0x70, 0x68, 0x60, 0xff, 0x70, 0x68, 0x68, 0xff, 0x70, 0x68, 0x60, 0xff,
    0x70, 0x68, 0x60, 0xff, 0x70, 0x68, 0x68, 0xff, 0x70, 0x6c, 0x60, 0xff,
    0x70, 0x68, 0x68, 0xff, 0x70, 0x68, 0x60, 0xff, 0x70, 0x68, 0x60, 0xff,
    0x70, 0x68, 0x68, 0xff, 0x70, 0x68, 0x60, 0xff, 0x70, 0x68, 0x60, 0xff,
    0x70, 0x6c, 0x68, 0xff, 0x70, 0x68, 0x60, 0xff, 0x70, 0x68, 0x60, 0xff,
    0x70, 0x6c, 0x60, 0xef, 0x70, 0x68, 0x60, 0xdf, 0x70, 0x6c, 0x60, 0xcf,
    0x70, 0x68, 0x60, 0x8e, 0x70, 0x68, 0x60, 0x5d, 0x70, 0x6c, 0x68, 0x20,
    0x00, 0x00, 0x00, 0x00, 0x00, 0x00, 0x00, 0x00, 0x00, 0x00, 0x00, 0x00,
    0x00, 0x00, 0x00, 0x00, 0x00, 0x00, 0x00, 0x00, 0x00, 0x00, 0x00, 0x00,
    0x00, 0x00, 0x00, 0x00, 0x00, 0x00, 0x00, 0x00, 0x00, 0x00, 0x00, 0x00,
    0x00, 0x00, 0x00, 0x00, 0x00, 0x00, 0x00, 0x00, 0x00, 0x00, 0x00, 0x00,
    0x00, 0x00, 0x00, 0x00, 0x00, 0x00, 0x00, 0x00, 0x00, 0x00, 0x00, 0x00,
    0x00, 0x00, 0x00, 0x00, 0x00, 0x00, 0x00, 0x00, 0x00, 0x00, 0x00, 0x00
};
