// 4.25.0 0xb2424125 D2 AY R0 FARGB8888 U565 N0 SExtFlashSection
// Generated by imageconverter. Please, do not edit!

#include <touchgfx/hal/Config.hpp>

LOCATION_PRAGMA("ExtFlashSection")
KEEP extern const unsigned char image_dark_theme_images_widgets_button_regular_height_50_small_rounded_normal[] LOCATION_ATTRIBUTE("ExtFlashSection") = { // 175x50 ARGB8888 pixels.
    0x00, 0x00, 0x00, 0x00, 0x00, 0x00, 0x00, 0x00, 0x70, 0x70, 0x70, 0x10,
    0x70, 0x68, 0x60, 0x82, 0x70, 0x68, 0x60, 0xbe, 0x70, 0x68, 0x60, 0xff,
    0x70, 0x68, 0x60, 0xff, 0x70, 0x68, 0x60, 0xff, 0x70, 0x68, 0x60, 0xff,
    0x70, 0x68, 0x60, 0xff, 0x70, 0x68, 0x60, 0xff, 0x70, 0x68, 0x60, 0xff,
    0x70, 0x68, 0x60, 0xff, 0x70, 0x68, 0x60, 0xff, 0x70, 0x68, 0x60, 0xff,
    0x70, 0x68, 0x60, 0xff, 0x70, 0x68, 0x60, 0xff, 0x70, 0x68, 0x60, 0xff,
    0x70, 0x68, 0x60, 0xff, 0x70, 0x68, 0x60, 0xff, 0x70, 0x68, 0x60, 0xff,
    0x70, 0x68, 0x60, 0xff, 0x70, 0x68, 0x60, 0xff, 0x70, 0x68, 0x60, 0xff,
    0x70, 0x68, 0x60, 0xff, 0x70, 0x68, 0x60, 0xff, 0x70, 0x68, 0x60, 0xff,
    0x70, 0x68, 0x60, 0xff, 0x70, 0x68, 0x60, 0xff, 0x70, 0x68, 0x60, 0xff,
    0x70, 0x68, 0x60, 0xff, 0x70, 0x68, 0x60, 0xff, 0x70, 0x68, 0x60, 0xff,
    0x70, 0x68, 0x60, 0xff, 0x70, 0x68, 0x60, 0xff, 0x70, 0x68, 0x60, 0xff,
    0x70, 0x68, 0x60, 0xff, 0x70, 0x68, 0x60, 0xff, 0x70, 0x68, 0x60, 0xff,
    0x70, 0x68, 0x60, 0xff, 0x70, 0x68, 0x60, 0xff, 0x70, 0x68, 0x60, 0xff,
    0x70, 0x68, 0x60, 0xff, 0x70, 0x68, 0x60, 0xff, 0x70, 0x68, 0x60, 0xff,
    0x70, 0x68, 0x60, 0xff, 0x70, 0x68, 0x60, 0xff, 0x70, 0x68, 0x60, 0xff,
    0x70, 0x68, 0x60, 0xff, 0x70, 0x68, 0x60, 0xff, 0x70, 0x68, 0x60, 0xff,
    0x70, 0x68, 0x60, 0xff, 0x70, 0x68, 0x60, 0xff, 0x70, 0x68, 0x60, 0xff,
    0x70, 0x68, 0x60, 0xff, 0x70, 0x68, 0x60, 0xff, 0x70, 0x68, 0x60, 0xff,
    0x70, 0x68, 0x60, 0xff, 0x70, 0x68, 0x60, 0xff, 0x70, 0x68, 0x60, 0xff,
    0x70, 0x68, 0x60, 0xff, 0x70, 0x68, 0x60, 0xff, 0x70, 0x68, 0x60, 0xff,
    0x70, 0x68, 0x60, 0xff, 0x70, 0x68, 0x60, 0xff, 0x70, 0x68, 0x60, 0xff,
    0x70, 0x68, 0x60, 0xff, 0x70, 0x68, 0x60, 0xff, 0x70, 0x68, 0x60, 0xff,
    0x70, 0x68, 0x60, 0xff, 0x70, 0x68, 0x60, 0xff, 0x70, 0x68, 0x60, 0xff,
    0x70, 0x68, 0x60, 0xff, 0x70, 0x68, 0x60, 0xff, 0x70, 0x68, 0x60, 0xff,
    0x70, 0x68, 0x60, 0xff, 0x70, 0x68, 0x60, 0xff, 0x70, 0x68, 0x60, 0xff,
    0x70, 0x68, 0x60, 0xff, 0x70, 0x68, 0x60, 0xff, 0x70, 0x68, 0x60, 0xff,
    0x70, 0x68, 0x60, 0xff, 0x70, 0x68, 0x60, 0xff, 0x70, 0x68, 0x60, 0xff,
    0x70, 0x68, 0x60, 0xff, 0x70, 0x68, 0x60, 0xff, 0x70, 0x68, 0x60, 0xff,
    0x70, 0x68, 0x60, 0xff, 0x70, 0x68, 0x60, 0xff, 0x70, 0x68, 0x60, 0xff,
    0x70, 0x68, 0x60, 0xff, 0x70, 0x68, 0x60, 0xff, 0x70, 0x68, 0x60, 0xff,
    0x70, 0x68, 0x60, 0xff, 0x70, 0x68, 0x60, 0xff, 0x70, 0x68, 0x60, 0xff,
    0x70, 0x68, 0x60, 0xff, 0x70, 0x68, 0x60, 0xff, 0x70, 0x68, 0x60, 0xff,
    0x70, 0x68, 0x60, 0xff, 0x70, 0x68, 0x60, 0xff, 0x70, 0x68, 0x60, 0xff,
    0x70, 0x68, 0x60, 0xff, 0x70, 0x68, 0x60, 0xff, 0x70, 0x68, 0x60, 0xff,
    0x70, 0x68, 0x60, 0xff, 0x70, 0x68, 0x60, 0xff, 0x70, 0x68, 0x60, 0xff,
    0x70, 0x68, 0x60, 0xff, 0x70, 0x68, 0x60, 0xff, 0x70, 0x68, 0x60, 0xff,
    0x70, 0x68, 0x60, 0xff, 0x70, 0x68, 0x60, 0xff, 0x70, 0x68, 0x60, 0xff,
    0x70, 0x68, 0x60, 0xff, 0x70, 0x68, 0x60, 0xff, 0x70, 0x68, 0x60, 0xff,
    0x70, 0x68, 0x60, 0xff, 0x70, 0x68, 0x60, 0xff, 0x70, 0x68, 0x60, 0xff,
    0x70, 0x68, 0x60, 0xff, 0x70, 0x68, 0x60, 0xff, 0x70, 0x68, 0x60, 0xff,
    0x70, 0x68, 0x60, 0xff, 0x70, 0x68, 0x60, 0xff, 0x70, 0x68, 0x60, 0xff,
    0x70, 0x68, 0x60, 0xff, 0x70, 0x68, 0x60, 0xff, 0x70, 0x68, 0x60, 0xff,
    0x70, 0x68, 0x60, 0xff, 0x70, 0x68, 0x60, 0xff, 0x70, 0x68, 0x60, 0xff,
    0x70, 0x68, 0x60, 0xff, 0x70, 0x68, 0x60, 0xff, 0x70, 0x68, 0x60, 0xff,
    0x70, 0x68, 0x60, 0xff, 0x70, 0x68, 0x60, 0xff, 0x70, 0x68, 0x60, 0xff,
    0x70, 0x68, 0x60, 0xff, 0x70, 0x68, 0x60, 0xff, 0x70, 0x68, 0x60, 0xff,
    0x70, 0x68, 0x60, 0xff, 0x70, 0x68, 0x60, 0xff, 0x70, 0x68, 0x60, 0xff,
    0x70, 0x68, 0x60, 0xff, 0x70, 0x68, 0x60, 0xff, 0x70, 0x68, 0x60, 0xff,
    0x70, 0x68, 0x60, 0xff, 0x70, 0x68, 0x60, 0xff, 0x70, 0x68, 0x60, 0xff,
    0x70, 0x68, 0x60, 0xff, 0x70, 0x68, 0x60, 0xff, 0x70, 0x68, 0x60, 0xff,
    0x70, 0x68, 0x60, 0xff, 0x70, 0x68, 0x60, 0xff, 0x70, 0x68, 0x60, 0xff,
    0x70, 0x68, 0x60, 0xff, 0x70, 0x68, 0x60, 0xff, 0x70, 0x68, 0x60, 0xff,
    0x70, 0x68, 0x60, 0xff, 0x70, 0x68, 0x60, 0xff, 0x70, 0x68, 0x60, 0xff,
    0x70, 0x68, 0x60, 0xff, 0x70, 0x68, 0x60, 0xff, 0x70, 0x68, 0x60, 0xff,
    0x70, 0x68, 0x60, 0xff, 0x70, 0x68, 0x60, 0xff, 0x70, 0x68, 0x60, 0xff,
    0x70, 0x68, 0x60, 0xff, 0x70, 0x68, 0x60, 0xff, 0x70, 0x68, 0x60, 0xcf,
    0x70, 0x68, 0x60, 0x5d, 0x00, 0x00, 0x00, 0x00, 0x00, 0x00, 0x00, 0x00,
    0x00, 0x00, 0x00, 0x00, 0x00, 0x00, 0x00, 0x00, 0x70, 0x68, 0x68, 0x20,
    0x70, 0x68, 0x60, 0xdf, 0x70, 0x68, 0x68, 0xff, 0x70, 0x68, 0x68, 0xff,
    0x70, 0x68, 0x60, 0xff, 0x70, 0x68, 0x68, 0xff, 0x70, 0x68, 0x68, 0xff,
    0x70, 0x68, 0x60, 0xff, 0x70, 0x68, 0x68, 0xff, 0x70, 0x68, 0x68, 0xff,
    0x70, 0x68, 0x60, 0xff, 0x70, 0x68, 0x68, 0xff, 0x70, 0x68, 0x68, 0xff,
    0x70, 0x68, 0x60, 0xff, 0x70, 0x68, 0x68, 0xff, 0x70, 0x68, 0x68, 0xff,
    0x70, 0x68, 0x60, 0xff, 0x70, 0x68, 0x68, 0xff, 0x70, 0x68, 0x68, 0xff,
    0x70, 0x68, 0x60, 0xff, 0x70, 0x68, 0x68, 0xff, 0x70, 0x68, 0x68, 0xff,
    0x70, 0x68, 0x60, 0xff, 0x70, 0x68, 0x68, 0xff, 0x70, 0x68, 0x68, 0xff,
    0x70, 0x68, 0x60, 0xff, 0x70, 0x68, 0x68, 0xff, 0x70, 0x68, 0x68, 0xff,
    0x70, 0x68, 0x60, 0xff, 0x70, 0x68, 0x68, 0xff, 0x70, 0x68, 0x68, 0xff,
    0x70, 0x68, 0x60, 0xff, 0x70, 0x68, 0x68, 0xff, 0x70, 0x68, 0x68, 0xff,
    0x70, 0x68, 0x60, 0xff, 0x70, 0x68, 0x68, 0xff, 0x70, 0x68, 0x68, 0xff,
    0x70, 0x68, 0x60, 0xff, 0x70, 0x68, 0x68, 0xff, 0x70, 0x68, 0x68, 0xff,
    0x70, 0x68, 0x60, 0xff, 0x70, 0x68, 0x68, 0xff, 0x70, 0x68, 0x68, 0xff,
    0x70, 0x68, 0x60, 0xff, 0x70, 0x68, 0x68, 0xff, 0x70, 0x68, 0x68, 0xff,
    0x70, 0x68, 0x60, 0xff, 0x70, 0x68, 0x68, 0xff, 0x70, 0x68, 0x68, 0xff,
    0x70, 0x68, 0x60, 0xff, 0x70, 0x68, 0x68, 0xff, 0x70, 0x68, 0x68, 0xff,
    0x70, 0x68, 0x60, 0xff, 0x70, 0x68, 0x68, 0xff, 0x70, 0x68, 0x68, 0xff,
    0x70, 0x68, 0x60, 0xff, 0x70, 0x68, 0x68, 0xff, 0x70, 0x68, 0x68, 0xff,
    0x70, 0x68, 0x60, 0xff, 0x70, 0x68, 0x68, 0xff, 0x70, 0x68, 0x68, 0xff,
    0x70, 0x68, 0x60, 0xff, 0x70, 0x68, 0x68, 0xff, 0x70, 0x68, 0x68, 0xff,
    0x70, 0x68, 0x60, 0xff, 0x70, 0x68, 0x68, 0xff, 0x70, 0x68, 0x68, 0xff,
    0x70, 0x68, 0x60, 0xff, 0x70, 0x68, 0x68, 0xff, 0x70, 0x68, 0x68, 0xff,
    0x70, 0x68, 0x60, 0xff, 0x70, 0x68, 0x68, 0xff, 0x70, 0x68, 0x68, 0xff,
    0x70, 0x68, 0x60, 0xff, 0x70, 0x68, 0x68, 0xff, 0x70, 0x68, 0x68, 0xff,
    0x70, 0x68, 0x60, 0xff, 0x70, 0x68, 0x68, 0xff, 0x70, 0x68, 0x68, 0xff,
    0x70, 0x68, 0x60, 0xff, 0x70, 0x68, 0x68, 0xff, 0x70, 0x68, 0x68, 0xff,
    0x70, 0x68, 0x60, 0xff, 0x70, 0x68, 0x68, 0xff, 0x70, 0x68, 0x68, 0xff,
    0x70, 0x68, 0x60, 0xff, 0x70, 0x68, 0x68, 0xff, 0x70, 0x68, 0x68, 0xff,
    0x70, 0x68, 0x60, 0xff, 0x70, 0x68, 0x68, 0xff, 0x70, 0x68, 0x68, 0xff,
    0x70, 0x68, 0x60, 0xff, 0x70, 0x68, 0x68, 0xff, 0x70, 0x68, 0x68, 0xff,
    0x70, 0x68, 0x60, 0xff, 0x70, 0x68, 0x68, 0xff, 0x70, 0x68, 0x68, 0xff,
    0x70, 0x68, 0x60, 0xff, 0x70, 0x68, 0x68, 0xff, 0x70, 0x68, 0x68, 0xff,
    0x70, 0x68, 0x60, 0xff, 0x70, 0x68, 0x68, 0xff, 0x70, 0x68, 0x68, 0xff,
    0x70, 0x68, 0x60, 0xff, 0x70, 0x68, 0x68, 0xff, 0x70, 0x68, 0x68, 0xff,
    0x70, 0x68, 0x60, 0xff, 0x70, 0x68, 0x68, 0xff, 0x70, 0x68, 0x68, 0xff,
    0x70, 0x68, 0x60, 0xff, 0x70, 0x68, 0x68, 0xff, 0x70, 0x68, 0x68, 0xff,
    0x70, 0x68, 0x60, 0xff, 0x70, 0x68, 0x68, 0xff, 0x70, 0x68, 0x68, 0xff,
    0x70, 0x68, 0x60, 0xff, 0x70, 0x68, 0x68, 0xff, 0x70, 0x68, 0x68, 0xff,
    0x70, 0x68, 0x60, 0xff, 0x70, 0x68, 0x68, 0xff, 0x70, 0x68, 0x68, 0xff,
    0x70, 0x68, 0x60, 0xff, 0x70, 0x68, 0x68, 0xff, 0x70, 0x68, 0x68, 0xff,
    0x70, 0x68, 0x60, 0xff, 0x70, 0x68, 0x68, 0xff, 0x70, 0x68, 0x68, 0xff,
    0x70, 0x68, 0x60, 0xff, 0x70, 0x68, 0x68, 0xff, 0x70, 0x68, 0x68, 0xff,
    0x70, 0x68, 0x60, 0xff, 0x70, 0x68, 0x68, 0xff, 0x70, 0x68, 0x68, 0xff,
    0x70, 0x68, 0x60, 0xff, 0x70, 0x68, 0x68, 0xff, 0x70, 0x68, 0x68, 0xff,
    0x70, 0x68, 0x60, 0xff, 0x70, 0x68, 0x68, 0xff, 0x70, 0x68, 0x68, 0xff,
    0x70, 0x68, 0x60, 0xff, 0x70, 0x68, 0x68, 0xff, 0x70, 0x68, 0x68, 0xff,
    0x70, 0x68, 0x60, 0xff, 0x70, 0x68, 0x68, 0xff, 0x70, 0x68, 0x68, 0xff,
    0x70, 0x68, 0x60, 0xff, 0x70, 0x68, 0x68, 0xff, 0x70, 0x68, 0x68, 0xff,
    0x70, 0x68, 0x60, 0xff, 0x70, 0x68, 0x68, 0xff, 0x70, 0x68, 0x68, 0xff,
    0x70, 0x68, 0x60, 0xff, 0x70, 0x68, 0x68, 0xff, 0x70, 0x68, 0x68, 0xff,
    0x70, 0x68, 0x60, 0xff, 0x70, 0x68, 0x68, 0xff, 0x70, 0x68, 0x68, 0xff,
    0x70, 0x68, 0x60, 0xff, 0x70, 0x68, 0x68, 0xff, 0x70, 0x68, 0x68, 0xff,
    0x70, 0x68, 0x60, 0xff, 0x70, 0x68, 0x68, 0xff, 0x70, 0x68, 0x68, 0xff,
    0x70, 0x68, 0x60, 0xff, 0x70, 0x68, 0x68, 0xff, 0x70, 0x68, 0x68, 0xff,
    0x70, 0x68, 0x60, 0xff, 0x70, 0x68, 0x68, 0xff, 0x70, 0x68, 0x68, 0xff,
    0x70, 0x68, 0x60, 0xff, 0x70, 0x68, 0x60, 0xff, 0x70, 0x68, 0x68, 0xdf,
    0x70, 0x68, 0x68, 0x20, 0x00, 0x00, 0x00, 0x00, 0x00, 0x00, 0x00, 0x00,
    0x70, 0x68, 0x60, 0xdf, 0x70, 0x68, 0x60, 0xff, 0x70, 0x68, 0x60, 0xff,
    0x70, 0x6c, 0x68, 0xff, 0x70, 0x68, 0x60, 0xff, 0x70, 0x6c, 0x60, 0xff,
    0x70, 0x68, 0x68, 0xff, 0x70, 0x6c, 0x60, 0xff, 0x70, 0x68, 0x60, 0xff,
    0x70, 0x6c, 0x68, 0xff, 0x70, 0x68, 0x60, 0xff, 0x70, 0x6c, 0x60, 0xff,
    0x70, 0x68, 0x68, 0xff, 0x70, 0x6c, 0x60, 0xff, 0x70, 0x68, 0x60, 0xff,
    0x70, 0x6c, 0x68, 0xff, 0x70, 0x68, 0x60, 0xff, 0x70, 0x6c, 0x60, 0xff,
    0x70, 0x68, 0x68, 0xff, 0x70, 0x6c, 0x60, 0xff, 0x70, 0x68, 0x60, 0xff,
    0x70, 0x6c, 0x68, 0xff, 0x70, 0x68, 0x60, 0xff, 0x70, 0x6c, 0x60, 0xff,
    0x70, 0x68, 0x68, 0xff, 0x70, 0x6c, 0x60, 0xff, 0x70, 0x68, 0x60, 0xff,
    0x70, 0x6c, 0x68, 0xff, 0x70, 0x68, 0x60, 0xff, 0x70, 0x6c, 0x60, 0xff,
    0x70, 0x68, 0x68, 0xff, 0x70, 0x6c, 0x60, 0xff, 0x70, 0x68, 0x60, 0xff,
    0x70, 0x6c, 0x68, 0xff, 0x70, 0x68, 0x60, 0xff, 0x70, 0x6c, 0x60, 0xff,
    0x70, 0x68, 0x68, 0xff, 0x70, 0x6c, 0x60, 0xff, 0x70, 0x68, 0x60, 0xff,
    0x70, 0x6c, 0x68, 0xff, 0x70, 0x68, 0x60, 0xff, 0x70, 0x6c, 0x60, 0xff,
    0x70, 0x68, 0x68, 0xff, 0x70, 0x6c, 0x60, 0xff, 0x70, 0x68, 0x60, 0xff,
    0x70, 0x6c, 0x68, 0xff, 0x70, 0x68, 0x60, 0xff, 0x70, 0x6c, 0x60, 0xff,
    0x70, 0x68, 0x68, 0xff, 0x70, 0x6c, 0x60, 0xff, 0x70, 0x68, 0x60, 0xff,
    0x70, 0x6c, 0x68, 0xff, 0x70, 0x68, 0x60, 0xff, 0x70, 0x6c, 0x60, 0xff,
    0x70, 0x68, 0x68, 0xff, 0x70, 0x6c, 0x60, 0xff, 0x70, 0x68, 0x60, 0xff,
    0x70, 0x6c, 0x68, 0xff, 0x70, 0x68, 0x60, 0xff, 0x70, 0x6c, 0x60, 0xff,
    0x70, 0x68, 0x68, 0xff, 0x70, 0x6c, 0x60, 0xff, 0x70, 0x68, 0x60, 0xff,
    0x70, 0x6c, 0x68, 0xff, 0x70, 0x68, 0x60, 0xff, 0x70, 0x6c, 0x60, 0xff,
    0x70, 0x68, 0x68, 0xff, 0x70, 0x6c, 0x60, 0xff, 0x70, 0x68, 0x60, 0xff,
    0x70, 0x6c, 0x68, 0xff, 0x70, 0x68, 0x60, 0xff, 0x70, 0x6c, 0x60, 0xff,
    0x70, 0x68, 0x68, 0xff, 0x70, 0x6c, 0x60, 0xff, 0x70, 0x68, 0x60, 0xff,
    0x70, 0x6c, 0x68, 0xff, 0x70, 0x68, 0x60, 0xff, 0x70, 0x6c, 0x60, 0xff,
    0x70, 0x68, 0x68, 0xff, 0x70, 0x6c, 0x60, 0xff, 0x70, 0x68, 0x60, 0xff,
    0x70, 0x6c, 0x68, 0xff, 0x70, 0x68, 0x60, 0xff, 0x70, 0x6c, 0x60, 0xff,
    0x70, 0x68, 0x68, 0xff, 0x70, 0x6c, 0x60, 0xff, 0x70, 0x68, 0x60, 0xff,
    0x70, 0x6c, 0x68, 0xff, 0x70, 0x68, 0x60, 0xff, 0x70, 0x6c, 0x60, 0xff,
    0x70, 0x68, 0x68, 0xff, 0x70, 0x6c, 0x60, 0xff, 0x70, 0x68, 0x60, 0xff,
    0x70, 0x6c, 0x68, 0xff, 0x70, 0x68, 0x60, 0xff, 0x70, 0x6c, 0x60, 0xff,
    0x70, 0x68, 0x68, 0xff, 0x70, 0x6c, 0x60, 0xff, 0x70, 0x68, 0x60, 0xff,
    0x70, 0x6c, 0x68, 0xff, 0x70, 0x68, 0x60, 0xff, 0x70, 0x6c, 0x60, 0xff,
    0x70, 0x68, 0x68, 0xff, 0x70, 0x6c, 0x60, 0xff, 0x70, 0x68, 0x60, 0xff,
    0x70, 0x6c, 0x68, 0xff, 0x70, 0x68, 0x60, 0xff, 0x70, 0x6c, 0x60, 0xff,
    0x70, 0x68, 0x68, 0xff, 0x70, 0x6c, 0x60, 0xff, 0x70, 0x68, 0x60, 0xff,
    0x70, 0x6c, 0x68, 0xff, 0x70, 0x68, 0x60, 0xff, 0x70, 0x6c, 0x60, 0xff,
    0x70, 0x68, 0x68, 0xff, 0x70, 0x6c, 0x60, 0xff, 0x70, 0x68, 0x60, 0xff,
    0x70, 0x6c, 0x68, 0xff, 0x70, 0x68, 0x60, 0xff, 0x70, 0x6c, 0x60, 0xff,
    0x70, 0x68, 0x68, 0xff, 0x70, 0x6c, 0x60, 0xff, 0x70, 0x68, 0x60, 0xff,
    0x70, 0x6c, 0x68, 0xff, 0x70, 0x68, 0x60, 0xff, 0x70, 0x6c, 0x60, 0xff,
    0x70, 0x68, 0x68, 0xff, 0x70, 0x6c, 0x60, 0xff, 0x70, 0x68, 0x60, 0xff,
    0x70, 0x6c, 0x68, 0xff, 0x70, 0x68, 0x60, 0xff, 0x70, 0x6c, 0x60, 0xff,
    0x70, 0x68, 0x68, 0xff, 0x70, 0x6c, 0x60, 0xff, 0x70, 0x68, 0x60, 0xff,
    0x70, 0x6c, 0x68, 0xff, 0x70, 0x68, 0x60, 0xff, 0x70, 0x6c, 0x60, 0xff,
    0x70, 0x68, 0x68, 0xff, 0x70, 0x6c, 0x60, 0xff, 0x70, 0x68, 0x60, 0xff,
    0x70, 0x6c, 0x68, 0xff, 0x70, 0x68, 0x60, 0xff, 0x70, 0x6c, 0x60, 0xff,
    0x70, 0x68, 0x68, 0xff, 0x70, 0x6c, 0x60, 0xff, 0x70, 0x68, 0x60, 0xff,
    0x70, 0x6c, 0x68, 0xff, 0x70, 0x68, 0x60, 0xff, 0x70, 0x6c, 0x60, 0xff,
    0x70, 0x68, 0x68, 0xff, 0x70, 0x6c, 0x60, 0xff, 0x70, 0x68, 0x60, 0xff,
    0x70, 0x6c, 0x68, 0xff, 0x70, 0x68, 0x60, 0xff, 0x70, 0x6c, 0x60, 0xff,
    0x70, 0x68, 0x68, 0xff, 0x70, 0x6c, 0x60, 0xff, 0x70, 0x68, 0x60, 0xff,
    0x70, 0x6c, 0x68, 0xff, 0x70, 0x68, 0x60, 0xff, 0x70, 0x6c, 0x60, 0xff,
    0x70, 0x68, 0x68, 0xff, 0x70, 0x6c, 0x60, 0xff, 0x70, 0x68, 0x60, 0xff,
    0x70, 0x6c, 0x68, 0xff, 0x70, 0x68, 0x60, 0xff, 0x70, 0x6c, 0x60, 0xff,
    0x70, 0x6c, 0x68, 0xff, 0x70, 0x68, 0x60, 0xff, 0x70, 0x68, 0x68, 0xff,
    0x70, 0x6c, 0x60, 0xff, 0x70, 0x68, 0x60, 0xdf, 0x70, 0x70, 0x60, 0x10,
    0x70, 0x68, 0x60, 0x61, 0x70, 0x68, 0x68, 0xff, 0x70, 0x68, 0x60, 0xff,
    0x70, 0x6c, 0x60, 0xff, 0x70, 0x68, 0x68, 0xff, 0x70, 0x68, 0x60, 0xff,
    0x70, 0x68, 0x60, 0xff, 0x70, 0x6c, 0x60, 0xff, 0x70, 0x68, 0x68, 0xff,
    0x70, 0x68, 0x60, 0xff, 0x70, 0x68, 0x60, 0xff, 0x70, 0x6c, 0x68, 0xff,
    0x70, 0x68, 0x60, 0xff, 0x70, 0x68, 0x60, 0xff, 0x70, 0x68, 0x68, 0xff,
    0x70, 0x6c, 0x60, 0xff, 0x70, 0x68, 0x60, 0xff, 0x70, 0x68, 0x68, 0xff,
    0x70, 0x68, 0x60, 0xff, 0x70, 0x6c, 0x60, 0xff, 0x70, 0x68, 0x68, 0xff,
    0x70, 0x68, 0x60, 0xff, 0x70, 0x68, 0x60, 0xff, 0x70, 0x6c, 0x68, 0xff,
    0x70, 0x68, 0x60, 0xff, 0x70, 0x68, 0x60, 0xff, 0x70, 0x68, 0x68, 0xff,
    0x70, 0x6c, 0x60, 0xff, 0x70, 0x68, 0x60, 0xff, 0x70, 0x68, 0x68, 0xff,
    0x70, 0x68, 0x60, 0xff, 0x70, 0x6c, 0x60, 0xff, 0x70, 0x68, 0x68, 0xff,
    0x70, 0x68, 0x60, 0xff, 0x70, 0x68, 0x60, 0xff, 0x70, 0x6c, 0x68, 0xff,
    0x70, 0x68, 0x60, 0xff, 0x70, 0x68, 0x60, 0xff, 0x70, 0x68, 0x68, 0xff,
    0x70, 0x6c, 0x60, 0xff, 0x70, 0x68, 0x60, 0xff, 0x70, 0x68, 0x68, 0xff,
    0x70, 0x68, 0x60, 0xff, 0x70, 0x6c, 0x60, 0xff, 0x70, 0x68, 0x68, 0xff,
    0x70, 0x68, 0x60, 0xff, 0x70, 0x68, 0x60, 0xff, 0x70, 0x6c, 0x68, 0xff,
    0x70, 0x68, 0x60, 0xff, 0x70, 0x68, 0x60, 0xff, 0x70, 0x68, 0x68, 0xff,
    0x70, 0x6c, 0x60, 0xff, 0x70, 0x68, 0x60, 0xff, 0x70, 0x68, 0x68, 0xff,
    0x70, 0x68, 0x60, 0xff, 0x70, 0x6c, 0x60, 0xff, 0x70, 0x68, 0x68, 0xff,
    0x70, 0x68, 0x60, 0xff, 0x70, 0x68, 0x60, 0xff, 0x70, 0x6c, 0x68, 0xff,
    0x70, 0x68, 0x60, 0xff, 0x70, 0x68, 0x60, 0xff, 0x70, 0x68, 0x68, 0xff,
    0x70, 0x6c, 0x60, 0xff, 0x70, 0x68, 0x60, 0xff, 0x70, 0x68, 0x68, 0xff,
    0x70, 0x68, 0x60, 0xff, 0x70, 0x6c, 0x60, 0xff, 0x70, 0x68, 0x68, 0xff,
    0x70, 0x68, 0x60, 0xff, 0x70, 0x68, 0x60, 0xff, 0x70, 0x6c, 0x68, 0xff,
    0x70, 0x68, 0x60, 0xff, 0x70, 0x68, 0x60, 0xff, 0x70, 0x68, 0x68, 0xff,
    0x70, 0x6c, 0x60, 0xff, 0x70, 0x68, 0x60, 0xff, 0x70, 0x68, 0x68, 0xff,
    0x70, 0x68, 0x60, 0xff, 0x70, 0x6c, 0x60, 0xff, 0x70, 0x68, 0x68, 0xff,
    0x70, 0x68, 0x60, 0xff, 0x70, 0x68, 0x60, 0xff, 0x70, 0x6c, 0x68, 0xff,
    0x70, 0x68, 0x60, 0xff, 0x70, 0x68, 0x60, 0xff, 0x70, 0x68, 0x68, 0xff,
    0x70, 0x6c, 0x60, 0xff, 0x70, 0x68, 0x60, 0xff, 0x70, 0x68, 0x68, 0xff,
    0x70, 0x68, 0x60, 0xff, 0x70, 0x6c, 0x60, 0xff, 0x70, 0x68, 0x68, 0xff,
    0x70, 0x68, 0x60, 0xff, 0x70, 0x68, 0x60, 0xff, 0x70, 0x6c, 0x68, 0xff,
    0x70, 0x68, 0x60, 0xff, 0x70, 0x68, 0x60, 0xff, 0x70, 0x68, 0x68, 0xff,
    0x70, 0x6c, 0x60, 0xff, 0x70, 0x68, 0x60, 0xff, 0x70, 0x68, 0x68, 0xff,
    0x70, 0x68, 0x60, 0xff, 0x70, 0x6c, 0x60, 0xff, 0x70, 0x68, 0x68, 0xff,
    0x70, 0x68, 0x60, 0xff, 0x70, 0x68, 0x60, 0xff, 0x70, 0x6c, 0x68, 0xff,
    0x70, 0x68, 0x60, 0xff, 0x70, 0x68, 0x60, 0xff, 0x70, 0x68, 0x68, 0xff,
    0x70, 0x6c, 0x60, 0xff, 0x70, 0x68, 0x60, 0xff, 0x70, 0x68, 0x68, 0xff,
    0x70, 0x68, 0x60, 0xff, 0x70, 0x6c, 0x60, 0xff, 0x70, 0x68, 0x68, 0xff,
    0x70, 0x68, 0x60, 0xff, 0x70, 0x68, 0x60, 0xff, 0x70, 0x6c, 0x68, 0xff,
    0x70, 0x68, 0x60, 0xff, 0x70, 0x68, 0x60, 0xff, 0x70, 0x68, 0x68, 0xff,
    0x70, 0x6c, 0x60, 0xff, 0x70, 0x68, 0x60, 0xff, 0x70, 0x68, 0x68, 0xff,
    0x70, 0x68, 0x60, 0xff, 0x70, 0x6c, 0x60, 0xff, 0x70, 0x68, 0x68, 0xff,
    0x70, 0x68, 0x60, 0xff, 0x70, 0x68, 0x60, 0xff, 0x70, 0x6c, 0x68, 0xff,
    0x70, 0x68, 0x60, 0xff, 0x70, 0x68, 0x60, 0xff, 0x70, 0x68, 0x68, 0xff,
    0x70, 0x6c, 0x60, 0xff, 0x70, 0x68, 0x60, 0xff, 0x70, 0x68, 0x68, 0xff,
    0x70, 0x68, 0x60, 0xff, 0x70, 0x6c, 0x60, 0xff, 0x70, 0x68, 0x68, 0xff,
    0x70, 0x68, 0x60, 0xff, 0x70, 0x68, 0x60, 0xff, 0x70, 0x6c, 0x68, 0xff,
    0x70, 0x68, 0x60, 0xff, 0x70, 0x68, 0x60, 0xff, 0x70, 0x68, 0x68, 0xff,
    0x70, 0x6c, 0x60, 0xff, 0x70, 0x68, 0x60, 0xff, 0x70, 0x68, 0x68, 0xff,
    0x70, 0x68, 0x60, 0xff, 0x70, 0x6c, 0x60, 0xff, 0x70, 0x68, 0x68, 0xff,
    0x70, 0x68, 0x60, 0xff, 0x70, 0x68, 0x60, 0xff, 0x70, 0x6c, 0x68, 0xff,
    0x70, 0x68, 0x60, 0xff, 0x70, 0x68, 0x60, 0xff, 0x70, 0x68, 0x68, 0xff,
    0x70, 0x6c, 0x60, 0xff, 0x70, 0x68, 0x60, 0xff, 0x70, 0x68, 0x68, 0xff,
    0x70, 0x68, 0x60, 0xff, 0x70, 0x6c, 0x60, 0xff, 0x70, 0x68, 0x68, 0xff,
    0x70, 0x68, 0x60, 0xff, 0x70, 0x68, 0x60, 0xff, 0x70, 0x68, 0x68, 0xff,
    0x70, 0x68, 0x60, 0xff, 0x70, 0x68, 0x60, 0xff, 0x70, 0x68, 0x68, 0xff,
    0x70, 0x6c, 0x60, 0xff, 0x70, 0x68, 0x60, 0xff, 0x70, 0x68, 0x68, 0xff,
    0x70, 0x68, 0x60, 0x7d, 0x70, 0x68, 0x60, 0xcf, 0x70, 0x68, 0x68, 0xff,
    0x70, 0x68, 0x60, 0xff, 0x70, 0x68, 0x68, 0xff, 0x70, 0x68, 0x60, 0xff,
    0x70, 0x68, 0x68, 0xff, 0x70, 0x68, 0x60, 0xff, 0x70, 0x68, 0x68, 0xff,
    0x70, 0x68, 0x60, 0xff, 0x70, 0x68, 0x60, 0xff, 0x70, 0x68, 0x68, 0xff,
    0x70, 0x68, 0x60, 0xff, 0x70, 0x68, 0x60, 0xff, 0x70, 0x68, 0x68, 0xff,
    0x70, 0x68, 0x60, 0xff, 0x70, 0x68, 0x60, 0xff, 0x70, 0x68, 0x68, 0xff,
    0x70, 0x68, 0x60, 0xff, 0x70, 0x68, 0x60, 0xff, 0x70, 0x68, 0x68, 0xff,
    0x70, 0x68, 0x60, 0xff, 0x70, 0x68, 0x60, 0xff, 0x70, 0x68, 0x68, 0xff,
    0x70, 0x68, 0x60, 0xff, 0x70, 0x68, 0x60, 0xff, 0x70, 0x68, 0x68, 0xff,
    0x70, 0x68, 0x60, 0xff, 0x70, 0x68, 0x60, 0xff, 0x70, 0x68, 0x68, 0xff,
    0x70, 0x68, 0x60, 0xff, 0x70, 0x68, 0x60, 0xff, 0x70, 0x68, 0x68, 0xff,
    0x70, 0x68, 0x60, 0xff, 0x70, 0x68, 0x60, 0xff, 0x70, 0x68, 0x68, 0xff,
    0x70, 0x68, 0x60, 0xff, 0x70, 0x68, 0x60, 0xff, 0x70, 0x68, 0x68, 0xff,
    0x70, 0x68, 0x60, 0xff, 0x70, 0x68, 0x60, 0xff, 0x70, 0x68, 0x68, 0xff,
    0x70, 0x68, 0x60, 0xff, 0x70, 0x68, 0x60, 0xff, 0x70, 0x68, 0x68, 0xff,
    0x70, 0x68, 0x60, 0xff, 0x70, 0x68, 0x60, 0xff, 0x70, 0x68, 0x68, 0xff,
    0x70, 0x68, 0x60, 0xff, 0x70, 0x68, 0x60, 0xff, 0x70, 0x68, 0x68, 0xff,
    0x70, 0x68, 0x60, 0xff, 0x70, 0x68, 0x60, 0xff, 0x70, 0x68, 0x68, 0xff,
    0x70, 0x68, 0x60, 0xff, 0x70, 0x68, 0x60, 0xff, 0x70, 0x68, 0x68, 0xff,
    0x70, 0x68, 0x60, 0xff, 0x70, 0x68, 0x60, 0xff, 0x70, 0x68, 0x68, 0xff,
    0x70, 0x68, 0x60, 0xff, 0x70, 0x68, 0x60, 0xff, 0x70, 0x68, 0x68, 0xff,
    0x70, 0x68, 0x60, 0xff, 0x70, 0x68, 0x60, 0xff, 0x70, 0x68, 0x68, 0xff,
    0x70, 0x68, 0x60, 0xff, 0x70, 0x68, 0x60, 0xff, 0x70, 0x68, 0x68, 0xff,
    0x70, 0x68, 0x60, 0xff, 0x70, 0x68, 0x60, 0xff, 0x70, 0x68, 0x68, 0xff,
    0x70, 0x68, 0x60, 0xff, 0x70, 0x68, 0x60, 0xff, 0x70, 0x68, 0x68, 0xff,
    0x70, 0x68, 0x60, 0xff, 0x70, 0x68, 0x60, 0xff, 0x70, 0x68, 0x68, 0xff,
    0x70, 0x68, 0x60, 0xff, 0x70, 0x68, 0x60, 0xff, 0x70, 0x68, 0x68, 0xff,
    0x70, 0x68, 0x60, 0xff, 0x70, 0x68, 0x60, 0xff, 0x70, 0x68, 0x68, 0xff,
    0x70, 0x68, 0x60, 0xff, 0x70, 0x68, 0x60, 0xff, 0x70, 0x68, 0x68, 0xff,
    0x70, 0x68, 0x60, 0xff, 0x70, 0x68, 0x60, 0xff, 0x70, 0x68, 0x68, 0xff,
    0x70, 0x68, 0x60, 0xff, 0x70, 0x68, 0x60, 0xff, 0x70, 0x68, 0x68, 0xff,
    0x70, 0x68, 0x60, 0xff, 0x70, 0x68, 0x60, 0xff, 0x70, 0x68, 0x68, 0xff,
    0x70, 0x68, 0x60, 0xff, 0x70, 0x68, 0x60, 0xff, 0x70, 0x68, 0x68, 0xff,
    0x70, 0x68, 0x60, 0xff, 0x70, 0x68, 0x60, 0xff, 0x70, 0x68, 0x68, 0xff,
    0x70, 0x68, 0x60, 0xff, 0x70, 0x68, 0x60, 0xff, 0x70, 0x68, 0x68, 0xff,
    0x70, 0x68, 0x60, 0xff, 0x70, 0x68, 0x60, 0xff, 0x70, 0x68, 0x68, 0xff,
    0x70, 0x68, 0x60, 0xff, 0x70, 0x68, 0x60, 0xff, 0x70, 0x68, 0x68, 0xff,
    0x70, 0x68, 0x60, 0xff, 0x70, 0x68, 0x60, 0xff, 0x70, 0x68, 0x68, 0xff,
    0x70, 0x68, 0x60, 0xff, 0x70, 0x68, 0x60, 0xff, 0x70, 0x68, 0x68, 0xff,
    0x70, 0x68, 0x60, 0xff, 0x70, 0x68, 0x60, 0xff, 0x70, 0x68, 0x68, 0xff,
    0x70, 0x68, 0x60, 0xff, 0x70, 0x68, 0x60, 0xff, 0x70, 0x68, 0x68, 0xff,
    0x70, 0x68, 0x60, 0xff, 0x70, 0x68, 0x60, 0xff, 0x70, 0x68, 0x68, 0xff,
    0x70, 0x68, 0x60, 0xff, 0x70, 0x68, 0x60, 0xff, 0x70, 0x68, 0x68, 0xff,
    0x70, 0x68, 0x60, 0xff, 0x70, 0x68, 0x60, 0xff, 0x70, 0x68, 0x68, 0xff,
    0x70, 0x68, 0x60, 0xff, 0x70, 0x68, 0x60, 0xff, 0x70, 0x68, 0x68, 0xff,
    0x70, 0x68, 0x60, 0xff, 0x70, 0x68, 0x60, 0xff, 0x70, 0x68, 0x68, 0xff,
    0x70, 0x68, 0x60, 0xff, 0x70, 0x68, 0x60, 0xff, 0x70, 0x68, 0x68, 0xff,
    0x70, 0x68, 0x60, 0xff, 0x70, 0x68, 0x60, 0xff, 0x70, 0x68, 0x68, 0xff,
    0x70, 0x68, 0x60, 0xff, 0x70, 0x68, 0x60, 0xff, 0x70, 0x68, 0x68, 0xff,
    0x70, 0x68, 0x60, 0xff, 0x70, 0x68, 0x60, 0xff, 0x70, 0x68, 0x68, 0xff,
    0x70, 0x68, 0x60, 0xff, 0x70, 0x68, 0x60, 0xff, 0x70, 0x68, 0x68, 0xff,
    0x70, 0x68, 0x60, 0xff, 0x70, 0x68, 0x60, 0xff, 0x70, 0x68, 0x68, 0xff,
    0x70, 0x68, 0x60, 0xff, 0x70, 0x68, 0x60, 0xff, 0x70, 0x68, 0x68, 0xff,
    0x70, 0x68, 0x60, 0xff, 0x70, 0x68, 0x60, 0xff, 0x70, 0x68, 0x68, 0xff,
    0x70, 0x68, 0x60, 0xff, 0x70, 0x68, 0x60, 0xff, 0x70, 0x68, 0x68, 0xff,
    0x70, 0x68, 0x60, 0xff, 0x70, 0x6c, 0x60, 0xff, 0x70, 0x68, 0x68, 0xff,
    0x70, 0x68, 0x60, 0xff, 0x70, 0x6c, 0x60, 0xff, 0x70, 0x68, 0x68, 0xff,
    0x70, 0x68, 0x60, 0xff, 0x70, 0x68, 0x60, 0xff, 0x70, 0x68, 0x68, 0xff,
    0x70, 0x68, 0x60, 0xff, 0x70, 0x68, 0x60, 0xbe, 0x70, 0x68, 0x60, 0xff,
    0x70, 0x6c, 0x60, 0xff, 0x70, 0x68, 0x68, 0xff, 0x70, 0x6c, 0x60, 0xff,
    0x70, 0x6c, 0x60, 0xff, 0x70, 0x68, 0x60, 0xff, 0x70, 0x6c, 0x68, 0xff,
    0x70, 0x68, 0x60, 0xff, 0x70, 0x6c, 0x60, 0xff, 0x70, 0x6c, 0x68, 0xff,
    0x70, 0x68, 0x60, 0xff, 0x70, 0x68, 0x60, 0xff, 0x70, 0x6c, 0x68, 0xff,
    0x70, 0x6c, 0x60, 0xff, 0x70, 0x68, 0x60, 0xff, 0x70, 0x68, 0x68, 0xff,
    0x70, 0x6c, 0x60, 0xff, 0x70, 0x6c, 0x60, 0xff, 0x70, 0x68, 0x68, 0xff,
    0x70, 0x68, 0x60, 0xff, 0x70, 0x6c, 0x60, 0xff, 0x70, 0x6c, 0x68, 0xff,
    0x70, 0x68, 0x60, 0xff, 0x70, 0x68, 0x60, 0xff, 0x70, 0x6c, 0x68, 0xff,
    0x70, 0x6c, 0x60, 0xff, 0x70, 0x68, 0x60, 0xff, 0x70, 0x68, 0x68, 0xff,
    0x70, 0x6c, 0x60, 0xff, 0x70, 0x6c, 0x60, 0xff, 0x70, 0x68, 0x68, 0xff,
    0x70, 0x68, 0x60, 0xff, 0x70, 0x6c, 0x60, 0xff, 0x70, 0x6c, 0x68, 0xff,
    0x70, 0x68, 0x60, 0xff, 0x70, 0x68, 0x60, 0xff, 0x70, 0x6c, 0x68, 0xff,
    0x70, 0x6c, 0x60, 0xff, 0x70, 0x68, 0x60, 0xff, 0x70, 0x68, 0x68, 0xff,
    0x70, 0x6c, 0x60, 0xff, 0x70, 0x6c, 0x60, 0xff, 0x70, 0x68, 0x68, 0xff,
    0x70, 0x68, 0x60, 0xff, 0x70, 0x6c, 0x60, 0xff, 0x70, 0x6c, 0x68, 0xff,
    0x70, 0x68, 0x60, 0xff, 0x70, 0x68, 0x60, 0xff, 0x70, 0x6c, 0x68, 0xff,
    0x70, 0x6c, 0x60, 0xff, 0x70, 0x68, 0x60, 0xff, 0x70, 0x68, 0x68, 0xff,
    0x70, 0x6c, 0x60, 0xff, 0x70, 0x6c, 0x60, 0xff, 0x70, 0x68, 0x68, 0xff,
    0x70, 0x68, 0x60, 0xff, 0x70, 0x6c, 0x60, 0xff, 0x70, 0x6c, 0x68, 0xff,
    0x70, 0x68, 0x60, 0xff, 0x70, 0x68, 0x60, 0xff, 0x70, 0x6c, 0x68, 0xff,
    0x70, 0x6c, 0x60, 0xff, 0x70, 0x68, 0x60, 0xff, 0x70, 0x68, 0x68, 0xff,
    0x70, 0x6c, 0x60, 0xff, 0x70, 0x6c, 0x60, 0xff, 0x70, 0x68, 0x68, 0xff,
    0x70, 0x68, 0x60, 0xff, 0x70, 0x6c, 0x60, 0xff, 0x70, 0x6c, 0x68, 0xff,
    0x70, 0x68, 0x60, 0xff, 0x70, 0x68, 0x60, 0xff, 0x70, 0x6c, 0x68, 0xff,
    0x70, 0x6c, 0x60, 0xff, 0x70, 0x68, 0x60, 0xff, 0x70, 0x68, 0x68, 0xff,
    0x70, 0x6c, 0x60, 0xff, 0x70, 0x6c, 0x60, 0xff, 0x70, 0x68, 0x68, 0xff,
    0x70, 0x68, 0x60, 0xff, 0x70, 0x6c, 0x60, 0xff, 0x70, 0x6c, 0x68, 0xff,
    0x70, 0x68, 0x60, 0xff, 0x70, 0x68, 0x60, 0xff, 0x70, 0x6c, 0x68, 0xff,
    0x70, 0x6c, 0x60, 0xff, 0x70, 0x68, 0x60, 0xff, 0x70, 0x68, 0x68, 0xff,
    0x70, 0x6c, 0x60, 0xff, 0x70, 0x6c, 0x60, 0xff, 0x70, 0x68, 0x68, 0xff,
    0x70, 0x68, 0x60, 0xff, 0x70, 0x6c, 0x60, 0xff, 0x70, 0x6c, 0x68, 0xff,
    0x70, 0x68, 0x60, 0xff, 0x70, 0x68, 0x60, 0xff, 0x70, 0x6c, 0x68, 0xff,
    0x70, 0x6c, 0x60, 0xff, 0x70, 0x68, 0x60, 0xff, 0x70, 0x68, 0x68, 0xff,
    0x70, 0x6c, 0x60, 0xff, 0x70, 0x6c, 0x60, 0xff, 0x70, 0x68, 0x68, 0xff,
    0x70, 0x68, 0x60, 0xff, 0x70, 0x6c, 0x60, 0xff, 0x70, 0x6c, 0x68, 0xff,
    0x70, 0x68, 0x60, 0xff, 0x70, 0x68, 0x60, 0xff, 0x70, 0x6c, 0x68, 0xff,
    0x70, 0x6c, 0x60, 0xff, 0x70, 0x68, 0x60, 0xff, 0x70, 0x68, 0x68, 0xff,
    0x70, 0x6c, 0x60, 0xff, 0x70, 0x6c, 0x60, 0xff, 0x70, 0x68, 0x68, 0xff,
    0x70, 0x68, 0x60, 0xff, 0x70, 0x6c, 0x60, 0xff, 0x70, 0x6c, 0x68, 0xff,
    0x70, 0x68, 0x60, 0xff, 0x70, 0x68, 0x60, 0xff, 0x70, 0x6c, 0x68, 0xff,
    0x70, 0x6c, 0x60, 0xff, 0x70, 0x68, 0x60, 0xff, 0x70, 0x68, 0x68, 0xff,
    0x70, 0x6c, 0x60, 0xff, 0x70, 0x6c, 0x60, 0xff, 0x70, 0x68, 0x68, 0xff,
    0x70, 0x68, 0x60, 0xff, 0x70, 0x6c, 0x60, 0xff, 0x70, 0x6c, 0x68, 0xff,
    0x70, 0x68, 0x60, 0xff, 0x70, 0x68, 0x60, 0xff, 0x70, 0x6c, 0x68, 0xff,
    0x70, 0x6c, 0x60, 0xff, 0x70, 0x68, 0x60, 0xff, 0x70, 0x68, 0x68, 0xff,
    0x70, 0x6c, 0x60, 0xff, 0x70, 0x6c, 0x60, 0xff, 0x70, 0x68, 0x68, 0xff,
    0x70, 0x68, 0x60, 0xff, 0x70, 0x6c, 0x60, 0xff, 0x70, 0x6c, 0x68, 0xff,
    0x70, 0x68, 0x60, 0xff, 0x70, 0x68, 0x60, 0xff, 0x70, 0x6c, 0x68, 0xff,
    0x70, 0x6c, 0x60, 0xff, 0x70, 0x68, 0x60, 0xff, 0x70, 0x68, 0x68, 0xff,
    0x70, 0x6c, 0x60, 0xff, 0x70, 0x6c, 0x60, 0xff, 0x70, 0x68, 0x68, 0xff,
    0x70, 0x68, 0x60, 0xff, 0x70, 0x6c, 0x60, 0xff, 0x70, 0x6c, 0x68, 0xff,
    0x70, 0x68, 0x60, 0xff, 0x70, 0x68, 0x60, 0xff, 0x70, 0x6c, 0x68, 0xff,
    0x70, 0x6c, 0x60, 0xff, 0x70, 0x68, 0x60, 0xff, 0x70, 0x68, 0x68, 0xff,
    0x70, 0x6c, 0x60, 0xff, 0x70, 0x6c, 0x60, 0xff, 0x70, 0x68, 0x68, 0xff,
    0x70, 0x68, 0x60, 0xff, 0x70, 0x6c, 0x60, 0xff, 0x70, 0x68, 0x68, 0xff,
    0x70, 0x68, 0x60, 0xff, 0x70, 0x6c, 0x60, 0xff, 0x70, 0x68, 0x68, 0xff,
    0x70, 0x68, 0x60, 0xff, 0x70, 0x6c, 0x60, 0xff, 0x70, 0x68, 0x68, 0xff,
    0x70, 0x6c, 0x60, 0xff, 0x70, 0x68, 0x60, 0xff, 0x70, 0x68, 0x68, 0xff,
    0x70, 0x68, 0x60, 0xff, 0x70, 0x68, 0x60, 0xff, 0x70, 0x68, 0x68, 0xff,
    0x70, 0x68, 0x60, 0xff, 0x70, 0x68, 0x60, 0xff, 0x70, 0x68, 0x68, 0xff,
    0x70, 0x68, 0x60, 0xff, 0x70, 0x68, 0x60, 0xff, 0x70, 0x68, 0x68, 0xff,
    0x70, 0x68, 0x68, 0xff, 0x70, 0x68, 0x60, 0xff, 0x70, 0x68, 0x68, 0xff,
    0x70, 0x68, 0x60, 0xff, 0x70, 0x68, 0x68, 0xff, 0x70, 0x6c, 0x60, 0xff,
    0x70, 0x68, 0x68, 0xff, 0x70, 0x68, 0x60, 0xff, 0x70, 0x68, 0x68, 0xff,
    0x70, 0x68, 0x68, 0xff, 0x70, 0x68, 0x60, 0xff, 0x70, 0x68, 0x68, 0xff,
    0x70, 0x68, 0x60, 0xff, 0x70, 0x6c, 0x68, 0xff, 0x70, 0x68, 0x60, 0xff,
    0x70, 0x68, 0x68, 0xff, 0x70, 0x68, 0x60, 0xff, 0x70, 0x68, 0x68, 0xff,
    0x70, 0x68, 0x68, 0xff, 0x70, 0x68, 0x60, 0xff, 0x70, 0x68, 0x68, 0xff,
    0x70, 0x6c, 0x60, 0xff, 0x70, 0x68, 0x68, 0xff, 0x70, 0x68, 0x60, 0xff,
    0x70, 0x68, 0x68, 0xff, 0x70, 0x68, 0x60, 0xff, 0x70, 0x68, 0x68, 0xff,
    0x70, 0x68, 0x68, 0xff, 0x70, 0x68, 0x60, 0xff, 0x70, 0x6c, 0x68, 0xff,
    0x70, 0x68, 0x60, 0xff, 0x70, 0x68, 0x68, 0xff, 0x70, 0x68, 0x60, 0xff,
    0x70, 0x68, 0x68, 0xff, 0x70, 0x68, 0x60, 0xff, 0x70, 0x68, 0x68, 0xff,
    0x70, 0x68, 0x68, 0xff, 0x70, 0x6c, 0x60, 0xff, 0x70, 0x68, 0x68, 0xff,
    0x70, 0x68, 0x60, 0xff, 0x70, 0x68, 0x68, 0xff, 0x70, 0x68, 0x60, 0xff,
    0x70, 0x68, 0x68, 0xff, 0x70, 0x68, 0x60, 0xff, 0x70, 0x68, 0x68, 0xff,
    0x70, 0x6c, 0x68, 0xff, 0x70, 0x68, 0x60, 0xff, 0x70, 0x68, 0x68, 0xff,
    0x70, 0x68, 0x60, 0xff, 0x70, 0x68, 0x68, 0xff, 0x70, 0x68, 0x60, 0xff,
    0x70, 0x68, 0x68, 0xff, 0x70, 0x68, 0x60, 0xff, 0x70, 0x6c, 0x68, 0xff,
    0x70, 0x68, 0x68, 0xff, 0x70, 0x68, 0x60, 0xff, 0x70, 0x68, 0x68, 0xff,
    0x70, 0x68, 0x60, 0xff, 0x70, 0x68, 0x68, 0xff, 0x70, 0x68, 0x60, 0xff,
    0x70, 0x68, 0x68, 0xff, 0x70, 0x6c, 0x60, 0xff, 0x70, 0x68, 0x68, 0xff,
    0x70, 0x68, 0x68, 0xff, 0x70, 0x68, 0x60, 0xff, 0x70, 0x68, 0x68, 0xff,
    0x70, 0x68, 0x60, 0xff, 0x70, 0x68, 0x68, 0xff, 0x70, 0x68, 0x60, 0xff,
    0x70, 0x6c, 0x68, 0xff, 0x70, 0x68, 0x60, 0xff, 0x70, 0x68, 0x68, 0xff,
    0x70, 0x68, 0x68, 0xff, 0x70, 0x68, 0x60, 0xff, 0x70, 0x68, 0x68, 0xff,
    0x70, 0x68, 0x60, 0xff, 0x70, 0x68, 0x68, 0xff, 0x70, 0x6c, 0x60, 0xff,
    0x70, 0x68, 0x68, 0xff, 0x70, 0x68, 0x60, 0xff, 0x70, 0x68, 0x68, 0xff,
    0x70, 0x68, 0x68, 0xff, 0x70, 0x68, 0x60, 0xff, 0x70, 0x68, 0x68, 0xff,
    0x70, 0x68, 0x60, 0xff, 0x70, 0x6c, 0x68, 0xff, 0x70, 0x68, 0x60, 0xff,
    0x70, 0x68, 0x68, 0xff, 0x70, 0x68, 0x60, 0xff, 0x70, 0x68, 0x68, 0xff,
    0x70, 0x68, 0x68, 0xff, 0x70, 0x68, 0x60, 0xff, 0x70, 0x68, 0x68, 0xff,
    0x70, 0x6c, 0x60, 0xff, 0x70, 0x68, 0x68, 0xff, 0x70, 0x68, 0x60, 0xff,
    0x70, 0x68, 0x68, 0xff, 0x70, 0x68, 0x60, 0xff, 0x70, 0x68, 0x68, 0xff,
    0x70, 0x68, 0x68, 0xff, 0x70, 0x68, 0x60, 0xff, 0x70, 0x6c, 0x68, 0xff,
    0x70, 0x68, 0x60, 0xff, 0x70, 0x68, 0x68, 0xff, 0x70, 0x68, 0x60, 0xff,
    0x70, 0x68, 0x68, 0xff, 0x70, 0x68, 0x60, 0xff, 0x70, 0x68, 0x68, 0xff,
    0x70, 0x68, 0x68, 0xff, 0x70, 0x6c, 0x60, 0xff, 0x70, 0x68, 0x68, 0xff,
    0x70, 0x68, 0x60, 0xff, 0x70, 0x68, 0x68, 0xff, 0x70, 0x68, 0x60, 0xff,
    0x70, 0x68, 0x68, 0xff, 0x70, 0x68, 0x60, 0xff, 0x70, 0x68, 0x68, 0xff,
    0x70, 0x6c, 0x68, 0xff, 0x70, 0x68, 0x60, 0xff, 0x70, 0x68, 0x68, 0xff,
    0x70, 0x68, 0x60, 0xff, 0x70, 0x68, 0x68, 0xff, 0x70, 0x68, 0x60, 0xff,
    0x70, 0x68, 0x68, 0xff, 0x70, 0x68, 0x60, 0xff, 0x70, 0x6c, 0x68, 0xff,
    0x70, 0x68, 0x68, 0xff, 0x70, 0x68, 0x60, 0xff, 0x70, 0x68, 0x68, 0xff,
    0x70, 0x68, 0x60, 0xff, 0x70, 0x68, 0x68, 0xff, 0x70, 0x68, 0x60, 0xff,
    0x70, 0x68, 0x68, 0xff, 0x70, 0x6c, 0x60, 0xff, 0x70, 0x68, 0x68, 0xff,
    0x70, 0x68, 0x68, 0xff, 0x70, 0x68, 0x60, 0xff, 0x70, 0x68, 0x68, 0xff,
    0x70, 0x68, 0x60, 0xff, 0x70, 0x68, 0x68, 0xff, 0x70, 0x68, 0x60, 0xff,
    0x70, 0x6c, 0x68, 0xff, 0x70, 0x68, 0x60, 0xff, 0x70, 0x68, 0x68, 0xff,
    0x70, 0x68, 0x68, 0xff, 0x70, 0x68, 0x60, 0xff, 0x70, 0x68, 0x68, 0xff,
    0x70, 0x68, 0x60, 0xff, 0x70, 0x68, 0x68, 0xff, 0x70, 0x6c, 0x60, 0xff,
    0x70, 0x68, 0x68, 0xff, 0x70, 0x68, 0x60, 0xff, 0x70, 0x68, 0x68, 0xff,
    0x70, 0x68, 0x68, 0xff, 0x70, 0x6c, 0x60, 0xff, 0x70, 0x68, 0x68, 0xff,
    0x70, 0x68, 0x60, 0xff, 0x70, 0x68, 0x68, 0xff, 0x70, 0x68, 0x60, 0xff,
    0x70, 0x68, 0x68, 0xff, 0x70, 0x68, 0x60, 0xff, 0x70, 0x68, 0x68, 0xff,
    0x70, 0x6c, 0x68, 0xff, 0x70, 0x68, 0x60, 0xff, 0x70, 0x68, 0x60, 0xff,
    0x70, 0x68, 0x68, 0xff, 0x70, 0x68, 0x60, 0xff, 0x70, 0x68, 0x68, 0xff,
    0x70, 0x6c, 0x60, 0xff, 0x70, 0x68, 0x68, 0xff, 0x70, 0x68, 0x68, 0xff,
    0x70, 0x6c, 0x60, 0xff, 0x70, 0x68, 0x68, 0xff, 0x70, 0x68, 0x60, 0xff,
    0x70, 0x6c, 0x60, 0xff, 0x70, 0x68, 0x60, 0xff, 0x70, 0x6c, 0x68, 0xff,
    0x70, 0x68, 0x60, 0xff, 0x70, 0x68, 0x60, 0xff, 0x70, 0x68, 0x68, 0xff,
    0x70, 0x68, 0x60, 0xff, 0x70, 0x68, 0x60, 0xff, 0x70, 0x68, 0x68, 0xff,
    0x70, 0x6c, 0x60, 0xff, 0x70, 0x68, 0x60, 0xff, 0x70, 0x6c, 0x60, 0xff,
    0x70, 0x68, 0x60, 0xff, 0x70, 0x68, 0x68, 0xff, 0x70, 0x68, 0x60, 0xff,
    0x70, 0x68, 0x60, 0xff, 0x70, 0x68, 0x68, 0xff, 0x70, 0x6c, 0x60, 0xff,
    0x70, 0x68, 0x60, 0xff, 0x70, 0x6c, 0x60, 0xff, 0x70, 0x68, 0x60, 0xff,
    0x70, 0x68, 0x68, 0xff, 0x70, 0x68, 0x60, 0xff, 0x70, 0x68, 0x60, 0xff,
    0x70, 0x68, 0x68, 0xff, 0x70, 0x6c, 0x60, 0xff, 0x70, 0x68, 0x60, 0xff,
    0x70, 0x6c, 0x60, 0xff, 0x70, 0x68, 0x60, 0xff, 0x70, 0x68, 0x60, 0xff,
    0x70, 0x68, 0x68, 0xff, 0x70, 0x68, 0x60, 0xff, 0x70, 0x68, 0x60, 0xff,
    0x70, 0x6c, 0x68, 0xff, 0x70, 0x68, 0x60, 0xff, 0x70, 0x6c, 0x60, 0xff,
    0x70, 0x68, 0x60, 0xff, 0x70, 0x68, 0x60, 0xff, 0x70, 0x68, 0x60, 0xff,
    0x70, 0x68, 0x68, 0xff, 0x70, 0x68, 0x60, 0xff, 0x70, 0x6c, 0x60, 0xff,
    0x70, 0x68, 0x68, 0xff, 0x70, 0x6c, 0x60, 0xff, 0x70, 0x68, 0x60, 0xff,
    0x70, 0x68, 0x60, 0xff, 0x70, 0x68, 0x60, 0xff, 0x70, 0x68, 0x60, 0xff,
    0x70, 0x68, 0x68, 0xff, 0x70, 0x6c, 0x60, 0xff, 0x70, 0x68, 0x60, 0xff,
    0x70, 0x6c, 0x68, 0xff, 0x70, 0x68, 0x60, 0xff, 0x70, 0x68, 0x60, 0xff,
    0x70, 0x68, 0x60, 0xff, 0x70, 0x68, 0x60, 0xff, 0x70, 0x68, 0x60, 0xff,
    0x70, 0x6c, 0x68, 0xff, 0x70, 0x68, 0x60, 0xff, 0x70, 0x6c, 0x60, 0xff,
    0x70, 0x68, 0x68, 0xff, 0x70, 0x68, 0x60, 0xff, 0x70, 0x68, 0x60, 0xff,
    0x70, 0x68, 0x60, 0xff, 0x70, 0x68, 0x60, 0xff, 0x70, 0x6c, 0x60, 0xff,
    0x70, 0x68, 0x68, 0xff, 0x70, 0x6c, 0x60, 0xff, 0x70, 0x68, 0x60, 0xff,
    0x70, 0x68, 0x68, 0xff, 0x70, 0x68, 0x60, 0xff, 0x70, 0x68, 0x60, 0xff,
    0x70, 0x68, 0x60, 0xff, 0x70, 0x6c, 0x60, 0xff, 0x70, 0x68, 0x60, 0xff,
    0x70, 0x6c, 0x68, 0xff, 0x70, 0x68, 0x60, 0xff, 0x70, 0x68, 0x60, 0xff,
    0x70, 0x68, 0x68, 0xff, 0x70, 0x68, 0x60, 0xff, 0x70, 0x68, 0x60, 0xff,
    0x70, 0x6c, 0x60, 0xff, 0x70, 0x68, 0x60, 0xff, 0x70, 0x6c, 0x60, 0xff,
    0x70, 0x68, 0x68, 0xff, 0x70, 0x68, 0x60, 0xff, 0x70, 0x68, 0x60, 0xff,
    0x70, 0x68, 0x68, 0xff, 0x70, 0x68, 0x60, 0xff, 0x70, 0x6c, 0x60, 0xff,
    0x70, 0x68, 0x60, 0xff, 0x70, 0x6c, 0x60, 0xff, 0x70, 0x68, 0x60, 0xff,
    0x70, 0x68, 0x68, 0xff, 0x70, 0x68, 0x60, 0xff, 0x70, 0x68, 0x60, 0xff,
    0x70, 0x68, 0x68, 0xff, 0x70, 0x6c, 0x60, 0xff, 0x70, 0x68, 0x60, 0xff,
    0x70, 0x6c, 0x60, 0xff, 0x70, 0x68, 0x60, 0xff, 0x70, 0x68, 0x60, 0xff,
    0x70, 0x68, 0x68, 0xff, 0x70, 0x68, 0x60, 0xff, 0x70, 0x68, 0x60, 0xff,
    0x70, 0x6c, 0x68, 0xff, 0x70, 0x68, 0x60, 0xff, 0x70, 0x6c, 0x60, 0xff,
    0x70, 0x68, 0x60, 0xff, 0x70, 0x68, 0x60, 0xff, 0x70, 0x68, 0x60, 0xff,
    0x70, 0x68, 0x68, 0xff, 0x70, 0x68, 0x60, 0xff, 0x70, 0x6c, 0x60, 0xff,
    0x70, 0x68, 0x68, 0xff, 0x70, 0x6c, 0x60, 0xff, 0x70, 0x68, 0x60, 0xff,
    0x70, 0x68, 0x60, 0xff, 0x70, 0x68, 0x60, 0xff, 0x70, 0x68, 0x60, 0xff,
    0x70, 0x68, 0x68, 0xff, 0x70, 0x6c, 0x60, 0xff, 0x70, 0x68, 0x60, 0xff,
    0x70, 0x6c, 0x68, 0xff, 0x70, 0x68, 0x60, 0xff, 0x70, 0x68, 0x60, 0xff,
    0x70, 0x68, 0x60, 0xff, 0x70, 0x68, 0x60, 0xff, 0x70, 0x68, 0x60, 0xff,
    0x70, 0x6c, 0x68, 0xff, 0x70, 0x68, 0x60, 0xff, 0x70, 0x6c, 0x60, 0xff,
    0x70, 0x68, 0x68, 0xff, 0x70, 0x68, 0x60, 0xff, 0x70, 0x68, 0x60, 0xff,
    0x70, 0x68, 0x60, 0xff, 0x70, 0x68, 0x60, 0xff, 0x70, 0x6c, 0x60, 0xff,
    0x70, 0x68, 0x68, 0xff, 0x70, 0x6c, 0x60, 0xff, 0x70, 0x68, 0x60, 0xff,
    0x70, 0x68, 0x68, 0xff, 0x70, 0x68, 0x60, 0xff, 0x70, 0x68, 0x60, 0xff,
    0x70, 0x68, 0x60, 0xff, 0x70, 0x6c, 0x60, 0xff, 0x70, 0x68, 0x60, 0xff,
    0x70, 0x6c, 0x68, 0xff, 0x70, 0x68, 0x60, 0xff, 0x70, 0x68, 0x60, 0xff,
    0x70, 0x68, 0x68, 0xff, 0x70, 0x68, 0x60, 0xff, 0x70, 0x68, 0x60, 0xff,
    0x70, 0x68, 0x60, 0xff, 0x70, 0x68, 0x60, 0xff, 0x70, 0x68, 0x60, 0xff,
    0x70, 0x68, 0x68, 0xff, 0x70, 0x6c, 0x60, 0xff, 0x70, 0x68, 0x60, 0xff,
    0x70, 0x68, 0x68, 0xff, 0x70, 0x6c, 0x60, 0xff, 0x70, 0x68, 0x60, 0xff,
    0x70, 0x68, 0x60, 0xff, 0x70, 0x68, 0x60, 0xff, 0x70, 0x68, 0x68, 0xff,
    0x70, 0x6c, 0x60, 0xff, 0x70, 0x68, 0x60, 0xff, 0x70, 0x68, 0x60, 0xff,
    0x70, 0x68, 0x60, 0xff, 0x70, 0x6c, 0x60, 0xff, 0x70, 0x68, 0x60, 0xff,
    0x70, 0x68, 0x60, 0xff, 0x70, 0x6c, 0x60, 0xff, 0x70, 0x68, 0x68, 0xff,
    0x70, 0x68, 0x68, 0xff, 0x70, 0x68, 0x60, 0xff, 0x70, 0x6c, 0x60, 0xff,
    0x70, 0x68, 0x68, 0xff, 0x70, 0x68, 0x60, 0xff, 0x70, 0x6c, 0x60, 0xff,
    0x70, 0x6c, 0x68, 0xff, 0x70, 0x68, 0x60, 0xff, 0x70, 0x68, 0x60, 0xff,
    0x70, 0x6c, 0x68, 0xff, 0x70, 0x68, 0x60, 0xff, 0x70, 0x68, 0x60, 0xff,
    0x70, 0x6c, 0x68, 0xff, 0x70, 0x68, 0x60, 0xff, 0x70, 0x68, 0x60, 0xff,
    0x70, 0x6c, 0x68, 0xff, 0x70, 0x68, 0x60, 0xff, 0x70, 0x68, 0x60, 0xff,
    0x70, 0x6c, 0x68, 0xff, 0x70, 0x68, 0x60, 0xff, 0x70, 0x68, 0x60, 0xff,
    0x70, 0x6c, 0x68, 0xff, 0x70, 0x68, 0x60, 0xff, 0x70, 0x68, 0x60, 0xff,
    0x70, 0x6c, 0x68, 0xff, 0x70, 0x68, 0x60, 0xff, 0x70, 0x68, 0x60, 0xff,
    0x70, 0x6c, 0x68, 0xff, 0x70, 0x68, 0x68, 0xff, 0x70, 0x68, 0x60, 0xff,
    0x70, 0x6c, 0x60, 0xff, 0x70, 0x68, 0x68, 0xff, 0x70, 0x68, 0x60, 0xff,
    0x70, 0x6c, 0x60, 0xff, 0x70, 0x68, 0x68, 0xff, 0x70, 0x68, 0x60, 0xff,
    0x70, 0x6c, 0x68, 0xff, 0x70, 0x68, 0x68, 0xff, 0x70, 0x68, 0x60, 0xff,
    0x70, 0x6c, 0x60, 0xff, 0x70, 0x68, 0x68, 0xff, 0x70, 0x68, 0x60, 0xff,
    0x70, 0x6c, 0x60, 0xff, 0x70, 0x68, 0x68, 0xff, 0x70, 0x68, 0x60, 0xff,
    0x70, 0x6c, 0x68, 0xff, 0x70, 0x68, 0x68, 0xff, 0x70, 0x68, 0x60, 0xff,
    0x70, 0x6c, 0x60, 0xff, 0x70, 0x68, 0x68, 0xff, 0x70, 0x68, 0x60, 0xff,
    0x70, 0x6c, 0x60, 0xff, 0x70, 0x68, 0x68, 0xff, 0x70, 0x68, 0x60, 0xff,
    0x70, 0x6c, 0x68, 0xff, 0x70, 0x68, 0x68, 0xff, 0x70, 0x68, 0x60, 0xff,
    0x70, 0x6c, 0x60, 0xff, 0x70, 0x68, 0x68, 0xff, 0x70, 0x68, 0x60, 0xff,
    0x70, 0x6c, 0x60, 0xff, 0x70, 0x68, 0x68, 0xff, 0x70, 0x68, 0x60, 0xff,
    0x70, 0x6c, 0x68, 0xff, 0x70, 0x68, 0x68, 0xff, 0x70, 0x68, 0x60, 0xff,
    0x70, 0x6c, 0x60, 0xff, 0x70, 0x68, 0x68, 0xff, 0x70, 0x68, 0x60, 0xff,
    0x70, 0x6c, 0x60, 0xff, 0x70, 0x68, 0x68, 0xff, 0x70, 0x68, 0x60, 0xff,
    0x70, 0x6c, 0x68, 0xff, 0x70, 0x68, 0x68, 0xff, 0x70, 0x68, 0x60, 0xff,
    0x70, 0x6c, 0x60, 0xff, 0x70, 0x68, 0x68, 0xff, 0x70, 0x68, 0x60, 0xff,
    0x70, 0x6c, 0x60, 0xff, 0x70, 0x68, 0x68, 0xff, 0x70, 0x68, 0x60, 0xff,
    0x70, 0x6c, 0x68, 0xff, 0x70, 0x68, 0x68, 0xff, 0x70, 0x68, 0x60, 0xff,
    0x70, 0x6c, 0x60, 0xff, 0x70, 0x68, 0x68, 0xff, 0x70, 0x68, 0x60, 0xff,
    0x70, 0x6c, 0x60, 0xff, 0x70, 0x68, 0x68, 0xff, 0x70, 0x68, 0x60, 0xff,
    0x70, 0x6c, 0x68, 0xff, 0x70, 0x68, 0x68, 0xff, 0x70, 0x68, 0x60, 0xff,
    0x70, 0x6c, 0x60, 0xff, 0x70, 0x68, 0x68, 0xff, 0x70, 0x68, 0x60, 0xff,
    0x70, 0x6c, 0x60, 0xff, 0x70, 0x68, 0x68, 0xff, 0x70, 0x68, 0x60, 0xff,
    0x70, 0x6c, 0x68, 0xff, 0x70, 0x68, 0x68, 0xff, 0x70, 0x68, 0x60, 0xff,
    0x70, 0x6c, 0x60, 0xff, 0x70, 0x68, 0x68, 0xff, 0x70, 0x68, 0x60, 0xff,
    0x70, 0x6c, 0x60, 0xff, 0x70, 0x68, 0x68, 0xff, 0x70, 0x68, 0x60, 0xff,
    0x70, 0x6c, 0x68, 0xff, 0x70, 0x68, 0x68, 0xff, 0x70, 0x68, 0x60, 0xff,
    0x70, 0x6c, 0x60, 0xff, 0x70, 0x68, 0x68, 0xff, 0x70, 0x68, 0x60, 0xff,
    0x70, 0x6c, 0x60, 0xff, 0x70, 0x68, 0x68, 0xff, 0x70, 0x68, 0x60, 0xff,
    0x70, 0x6c, 0x68, 0xff, 0x70, 0x68, 0x68, 0xff, 0x70, 0x68, 0x60, 0xff,
    0x70, 0x6c, 0x60, 0xff, 0x70, 0x68, 0x68, 0xff, 0x70, 0x68, 0x60, 0xff,
    0x70, 0x6c, 0x60, 0xff, 0x70, 0x68, 0x68, 0xff, 0x70, 0x68, 0x60, 0xff,
    0x70, 0x6c, 0x68, 0xff, 0x70, 0x68, 0x68, 0xff, 0x70, 0x68, 0x60, 0xff,
    0x70, 0x6c, 0x60, 0xff, 0x70, 0x68, 0x68, 0xff, 0x70, 0x68, 0x60, 0xff,
    0x70, 0x6c, 0x60, 0xff, 0x70, 0x68, 0x68, 0xff, 0x70, 0x68, 0x60, 0xff,
    0x70, 0x6c, 0x68, 0xff, 0x70, 0x68, 0x68, 0xff, 0x70, 0x68, 0x60, 0xff,
    0x70, 0x6c, 0x60, 0xff, 0x70, 0x68, 0x68, 0xff, 0x70, 0x68, 0x60, 0xff,
    0x70, 0x6c, 0x60, 0xff, 0x70, 0x68, 0x68, 0xff, 0x70, 0x68, 0x60, 0xff,
    0x70, 0x6c, 0x68, 0xff, 0x70, 0x68, 0x68, 0xff, 0x70, 0x68, 0x60, 0xff,
    0x70, 0x6c, 0x60, 0xff, 0x70, 0x68, 0x68, 0xff, 0x70, 0x68, 0x60, 0xff,
    0x70, 0x6c, 0x60, 0xff, 0x70, 0x68, 0x68, 0xff, 0x70, 0x6c, 0x60, 0xff,
    0x70, 0x6c, 0x68, 0xff, 0x70, 0x68, 0x68, 0xff, 0x70, 0x6c, 0x60, 0xff,
    0x70, 0x68, 0x60, 0xff, 0x70, 0x68, 0x68, 0xff, 0x70, 0x6c, 0x60, 0xff,
    0x70, 0x68, 0x60, 0xff, 0x70, 0x68, 0x68, 0xff, 0x70, 0x6c, 0x60, 0xff,
    0x70, 0x68, 0x68, 0xff, 0x70, 0x68, 0x60, 0xff, 0x70, 0x6c, 0x60, 0xff,
    0x70, 0x68, 0x68, 0xff, 0x70, 0x68, 0x60, 0xff, 0x70, 0x68, 0x60, 0xff,
    0x70, 0x68, 0x68, 0xff, 0x70, 0x68, 0x60, 0xff, 0x70, 0x68, 0x68, 0xff,
    0x70, 0x68, 0x68, 0xff, 0x70, 0x68, 0x60, 0xff, 0x70, 0x68, 0x60, 0xff,
    0x70, 0x6c, 0x60, 0xff, 0x70, 0x68, 0x68, 0xff, 0x70, 0x68, 0x60, 0xff,
    0x70, 0x68, 0x60, 0xff, 0x70, 0x68, 0x68, 0xff, 0x70, 0x68, 0x60, 0xff,
    0x70, 0x68, 0x60, 0xff, 0x70, 0x68, 0x68, 0xff, 0x70, 0x68, 0x60, 0xff,
    0x70, 0x6c, 0x60, 0xff, 0x70, 0x68, 0x68, 0xff, 0x70, 0x68, 0x60, 0xff,
    0x70, 0x68, 0x68, 0xff, 0x70, 0x68, 0x68, 0xff, 0x70, 0x68, 0x60, 0xff,
    0x70, 0x6c, 0x60, 0xff, 0x70, 0x68, 0x68, 0xff, 0x70, 0x68, 0x60, 0xff,
    0x70, 0x68, 0x60, 0xff, 0x70, 0x68, 0x68, 0xff, 0x70, 0x68, 0x68, 0xff,
    0x70, 0x68, 0x60, 0xff, 0x70, 0x68, 0x68, 0xff, 0x70, 0x6c, 0x60, 0xff,
    0x70, 0x68, 0x60, 0xff, 0x70, 0x68, 0x68, 0xff, 0x70, 0x68, 0x60, 0xff,
    0x70, 0x68, 0x60, 0xff, 0x70, 0x68, 0x68, 0xff, 0x70, 0x68, 0x60, 0xff,
    0x70, 0x68, 0x68, 0xff, 0x70, 0x6c, 0x60, 0xff, 0x70, 0x68, 0x60, 0xff,
    0x70, 0x68, 0x68, 0xff, 0x70, 0x6c, 0x60, 0xff, 0x70, 0x68, 0x60, 0xff,
    0x70, 0x68, 0x68, 0xff, 0x70, 0x68, 0x60, 0xff, 0x70, 0x68, 0x60, 0xff,
    0x70, 0x6c, 0x68, 0xff, 0x70, 0x68, 0x60, 0xff, 0x70, 0x68, 0x68, 0xff,
    0x70, 0x68, 0x60, 0xff, 0x70, 0x68, 0x60, 0xff, 0x70, 0x68, 0x68, 0xff,
    0x70, 0x68, 0x60, 0xff, 0x70, 0x68, 0x60, 0xff, 0x70, 0x6c, 0x68, 0xff,
    0x70, 0x68, 0x60, 0xff, 0x70, 0x68, 0x68, 0xff, 0x70, 0x68, 0x60, 0xff,
    0x70, 0x68, 0x60, 0xff, 0x70, 0x68, 0x68, 0xff, 0x70, 0x68, 0x60, 0xff,
    0x70, 0x68, 0x60, 0xff, 0x70, 0x6c, 0x60, 0xff, 0x70, 0x68, 0x68, 0xff,
    0x70, 0x68, 0x60, 0xff, 0x70, 0x6c, 0x68, 0xff, 0x70, 0x68, 0x60, 0xff,
    0x70, 0x68, 0x60, 0xff, 0x70, 0x68, 0x68, 0xff, 0x70, 0x68, 0x60, 0xff,
    0x70, 0x6c, 0x60, 0xff, 0x70, 0x68, 0x60, 0xff, 0x70, 0x68, 0x68, 0xff,
    0x70, 0x68, 0x60, 0xff, 0x70, 0x68, 0x68, 0xff, 0x70, 0x68, 0x60, 0xff,
    0x70, 0x68, 0x60, 0xff, 0x70, 0x68, 0x68, 0xff, 0x70, 0x6c, 0x60, 0xff,
    0x70, 0x68, 0x60, 0xff, 0x70, 0x68, 0x60, 0xff, 0x70, 0x68, 0x68, 0xff,
    0x70, 0x68, 0x60, 0xff, 0x70, 0x68, 0x68, 0xff, 0x70, 0x68, 0x60, 0xff,
    0x70, 0x68, 0x60, 0xff, 0x70, 0x6c, 0x68, 0xff, 0x70, 0x68, 0x60, 0xff,
    0x70, 0x68, 0x60, 0xff, 0x70, 0x6c, 0x60, 0xff, 0x70, 0x68, 0x68, 0xff,
    0x70, 0x68, 0x60, 0xff, 0x70, 0x68, 0x68, 0xff, 0x70, 0x68, 0x60, 0xff,
    0x70, 0x6c, 0x60, 0xff, 0x70, 0x68, 0x68, 0xff, 0x70, 0x68, 0x60, 0xff,
    0x70, 0x68, 0x60, 0xff, 0x70, 0x68, 0x60, 0xff, 0x70, 0x68, 0x68, 0xff,
    0x70, 0x68, 0x60, 0xff, 0x70, 0x68, 0x68, 0xff, 0x70, 0x6c, 0x60, 0xff,
    0x70, 0x68, 0x60, 0xff, 0x70, 0x68, 0x68, 0xff, 0x70, 0x68, 0x60, 0xff,
    0x70, 0x68, 0x60, 0xff, 0x70, 0x68, 0x60, 0xff, 0x70, 0x68, 0x68, 0xff,
    0x70, 0x68, 0x60, 0xff, 0x70, 0x6c, 0x68, 0xff, 0x70, 0x68, 0x60, 0xff,
    0x70, 0x68, 0x60, 0xff, 0x70, 0x6c, 0x68, 0xff, 0x70, 0x68, 0x60, 0xff,
    0x70, 0x68, 0x60, 0xff, 0x70, 0x68, 0x60, 0xff, 0x70, 0x68, 0x68, 0xff,
    0x70, 0x6c, 0x60, 0xff, 0x70, 0x68, 0x68, 0xff, 0x70, 0x68, 0x60, 0xff,
    0x70, 0x68, 0x60, 0xff, 0x70, 0x68, 0x68, 0xff, 0x70, 0x68, 0x60, 0xff,
    0x70, 0x68, 0x60, 0xff, 0x70, 0x68, 0x60, 0xff, 0x70, 0x6c, 0x68, 0xff,
    0x70, 0x68, 0x60, 0xff, 0x70, 0x68, 0x68, 0xff, 0x70, 0x68, 0x60, 0xff,
    0x70, 0x68, 0x60, 0xff, 0x70, 0x68, 0x68, 0xff, 0x70, 0x68, 0x60, 0xff,
    0x70, 0x68, 0x60, 0xff, 0x70, 0x6c, 0x60, 0xff, 0x70, 0x68, 0x68, 0xff,
    0x70, 0x68, 0x60, 0xff, 0x70, 0x6c, 0x68, 0xff, 0x70, 0x68, 0x60, 0xff,
    0x70, 0x68, 0x60, 0xff, 0x70, 0x68, 0x68, 0xff, 0x70, 0x68, 0x60, 0xff,
    0x70, 0x6c, 0x60, 0xff, 0x70, 0x68, 0x60, 0xff, 0x70, 0x68, 0x68, 0xff,
    0x70, 0x68, 0x60, 0xff, 0x70, 0x68, 0x68, 0xff, 0x70, 0x68, 0x60, 0xff,
    0x70, 0x68, 0x60, 0xff, 0x70, 0x68, 0x68, 0xff, 0x70, 0x6c, 0x60, 0xff,
    0x70, 0x68, 0x60, 0xff, 0x70, 0x68, 0x60, 0xff, 0x70, 0x68, 0x68, 0xff,
    0x70, 0x68, 0x60, 0xff, 0x70, 0x68, 0x68, 0xff, 0x70, 0x68, 0x60, 0xff,
    0x70, 0x68, 0x60, 0xff, 0x70, 0x68, 0x68, 0xff, 0x70, 0x68, 0x60, 0xff,
    0x70, 0x68, 0x60, 0xff, 0x70, 0x68, 0x60, 0xff, 0x70, 0x68, 0x68, 0xff,
    0x70, 0x6c, 0x60, 0xff, 0x70, 0x68, 0x68, 0xff, 0x70, 0x68, 0x60, 0xff,
    0x70, 0x68, 0x60, 0xff, 0x70, 0x68, 0x68, 0xff, 0x70, 0x68, 0x60, 0xff,
    0x70, 0x68, 0x60, 0xff, 0x70, 0x6c, 0x68, 0xff, 0x70, 0x68, 0x68, 0xff,
    0x70, 0x68, 0x60, 0xff, 0x70, 0x6c, 0x68, 0xff, 0x70, 0x68, 0x60, 0xff,
    0x70, 0x68, 0x68, 0xff, 0x70, 0x68, 0x60, 0xff, 0x70, 0x68, 0x60, 0xff,
    0x70, 0x6c, 0x68, 0xff, 0x70, 0x68, 0x60, 0xff, 0x70, 0x68, 0x68, 0xff,
    0x70, 0x68, 0x68, 0xff, 0x70, 0x68, 0x60, 0xff, 0x70, 0x6c, 0x60, 0xff,
    0x70, 0x68, 0x68, 0xff, 0x70, 0x68, 0x60, 0xff, 0x70, 0x6c, 0x68, 0xff,
    0x70, 0x68, 0x60, 0xff, 0x70, 0x68, 0x68, 0xff, 0x70, 0x6c, 0x60, 0xff,
    0x70, 0x68, 0x68, 0xff, 0x70, 0x68, 0x60, 0xff, 0x70, 0x68, 0x60, 0xff,
    0x70, 0x6c, 0x68, 0xff, 0x70, 0x68, 0x60, 0xff, 0x70, 0x68, 0x60, 0xff,
    0x70, 0x6c, 0x68, 0xff, 0x70, 0x68, 0x60, 0xff, 0x70, 0x68, 0x68, 0xff,
    0x70, 0x6c, 0x60, 0xff, 0x70, 0x68, 0x60, 0xff, 0x70, 0x6c, 0x68, 0xff,
    0x70, 0x68, 0x60, 0xff, 0x70, 0x68, 0x60, 0xff, 0x70, 0x6c, 0x68, 0xff,
    0x70, 0x68, 0x60, 0xff, 0x70, 0x68, 0x68, 0xff, 0x70, 0x6c, 0x60, 0xff,
    0x70, 0x68, 0x68, 0xff, 0x70, 0x6c, 0x60, 0xff, 0x70, 0x68, 0x60, 0xff,
    0x70, 0x68, 0x60, 0xff, 0x70, 0x6c, 0x68, 0xff, 0x70, 0x68, 0x60, 0xff,
    0x70, 0x68, 0x68, 0xff, 0x70, 0x68, 0x60, 0xff, 0x70, 0x68, 0x68, 0xff,
    0x70, 0x68, 0x60, 0xff, 0x70, 0x6c, 0x60, 0xff, 0x70, 0x68, 0x60, 0xff,
    0x70, 0x68, 0x68, 0xff, 0x70, 0x68, 0x60, 0xff, 0x70, 0x6c, 0x60, 0xff,
    0x70, 0x68, 0x68, 0xff, 0x70, 0x6c, 0x60, 0xff, 0x70, 0x68, 0x68, 0xff,
    0x70, 0x6c, 0x60, 0xff, 0x70, 0x68, 0x60, 0xff, 0x70, 0x68, 0x60, 0xff,
    0x70, 0x68, 0x60, 0xff, 0x70, 0x6c, 0x68, 0xff, 0x70, 0x68, 0x60, 0xff,
    0x70, 0x6c, 0x60, 0xff, 0x70, 0x68, 0x68, 0xff, 0x70, 0x6c, 0x68, 0xff,
    0x70, 0x68, 0x60, 0xff, 0x70, 0x68, 0x60, 0xff, 0x70, 0x68, 0x68, 0xff,
    0x70, 0x68, 0x60, 0xff, 0x70, 0x68, 0x60, 0xff, 0x70, 0x68, 0x68, 0xff,
    0x70, 0x68, 0x60, 0xff, 0x70, 0x6c, 0x68, 0xff, 0x70, 0x68, 0x60, 0xff,
    0x70, 0x68, 0x68, 0xff, 0x70, 0x68, 0x60, 0xff, 0x70, 0x6c, 0x60, 0xff,
    0x70, 0x68, 0x60, 0xff, 0x70, 0x6c, 0x68, 0xff, 0x70, 0x68, 0x60, 0xff,
    0x70, 0x6c, 0x60, 0xff, 0x70, 0x68, 0x68, 0xff, 0x70, 0x68, 0x68, 0xff,
    0x70, 0x68, 0x60, 0xff, 0x70, 0x6c, 0x60, 0xff, 0x70, 0x68, 0x68, 0xff,
    0x70, 0x6c, 0x60, 0xff, 0x70, 0x68, 0x60, 0xff, 0x70, 0x6c, 0x68, 0xff,
    0x70, 0x68, 0x60, 0xff, 0x70, 0x68, 0x68, 0xff, 0x70, 0x68, 0x60, 0xff,
    0x70, 0x68, 0x68, 0xff, 0x70, 0x68, 0x60, 0xff, 0x70, 0x68, 0x60, 0xff,
    0x70, 0x68, 0x60, 0xff, 0x70, 0x6c, 0x68, 0xff, 0x70, 0x68, 0x60, 0xff,
    0x70, 0x68, 0x60, 0xff, 0x70, 0x68, 0x68, 0xff, 0x70, 0x6c, 0x68, 0xff,
    0x70, 0x68, 0x60, 0xff, 0x70, 0x6c, 0x60, 0xff, 0x70, 0x68, 0x68, 0xff,
    0x70, 0x6c, 0x60, 0xff, 0x70, 0x68, 0x60, 0xff, 0x70, 0x68, 0x68, 0xff,
    0x70, 0x68, 0x60, 0xff, 0x70, 0x6c, 0x68, 0xff, 0x70, 0x68, 0x60, 0xff,
    0x70, 0x6c, 0x68, 0xff, 0x70, 0x68, 0x60, 0xff, 0x70, 0x6c, 0x60, 0xff,
    0x70, 0x68, 0x60, 0xff, 0x70, 0x68, 0x68, 0xff, 0x70, 0x68, 0x60, 0xff,
    0x70, 0x68, 0x60, 0xff, 0x70, 0x68, 0x68, 0xff, 0x70, 0x68, 0x68, 0xff,
    0x70, 0x68, 0x60, 0xff, 0x70, 0x6c, 0x60, 0xff, 0x70, 0x68, 0x68, 0xff,
    0x70, 0x68, 0x60, 0xff, 0x70, 0x68, 0x60, 0xff, 0x70, 0x6c, 0x68, 0xff,
    0x70, 0x68, 0x60, 0xff, 0x70, 0x6c, 0x68, 0xff, 0x70, 0x68, 0x60, 0xff,
    0x70, 0x6c, 0x68, 0xff, 0x70, 0x68, 0x60, 0xff, 0x70, 0x68, 0x60, 0xff,
    0x70, 0x68, 0x60, 0xff, 0x70, 0x6c, 0x68, 0xff, 0x70, 0x68, 0x60, 0xff,
    0x70, 0x6c, 0x60, 0xff, 0x70, 0x68, 0x68, 0xff, 0x70, 0x6c, 0x68, 0xff,
    0x70, 0x68, 0x60, 0xff, 0x70, 0x68, 0x60, 0xff, 0x70, 0x68, 0x68, 0xff,
    0x70, 0x68, 0x60, 0xff, 0x70, 0x68, 0x60, 0xff, 0x70, 0x68, 0x68, 0xff,
    0x70, 0x68, 0x60, 0xff, 0x70, 0x6c, 0x68, 0xff, 0x70, 0x68, 0x60, 0xff,
    0x70, 0x68, 0x68, 0xff, 0x70, 0x68, 0x60, 0xff, 0x70, 0x6c, 0x60, 0xff,
    0x70, 0x68, 0x60, 0xff, 0x70, 0x6c, 0x68, 0xff, 0x70, 0x68, 0x60, 0xff,
    0x70, 0x6c, 0x60, 0xff, 0x70, 0x68, 0x68, 0xff, 0x70, 0x68, 0x68, 0xff,
    0x70, 0x68, 0x60, 0xff, 0x70, 0x6c, 0x60, 0xff, 0x70, 0x68, 0x68, 0xff,
    0x70, 0x6c, 0x60, 0xff, 0x70, 0x68, 0x60, 0xff, 0x70, 0x6c, 0x68, 0xff,
    0x70, 0x68, 0x60, 0xff, 0x70, 0x6c, 0x68, 0xff, 0x70, 0x68, 0x60, 0xff,
    0x70, 0x68, 0x68, 0xff, 0x70, 0x6c, 0x60, 0xff, 0x70, 0x68, 0x60, 0xff,
    0x70, 0x68, 0x60, 0xff, 0x70, 0x68, 0x68, 0xff, 0x70, 0x68, 0x60, 0xff,
    0x70, 0x6c, 0x60, 0xff, 0x70, 0x68, 0x68, 0xff, 0x70, 0x6c, 0x68, 0xff,
    0x70, 0x68, 0x60, 0xff, 0x70, 0x68, 0x60, 0xff, 0x70, 0x68, 0x60, 0xff,
    0x70, 0x68, 0x60, 0xff, 0x70, 0x68, 0x68, 0xff, 0x70, 0x68, 0x60, 0xff,
    0x70, 0x6c, 0x60, 0xff, 0x70, 0x68, 0x60, 0xff, 0x70, 0x68, 0x60, 0xff,
    0x70, 0x68, 0x68, 0xff, 0x70, 0x6c, 0x60, 0xff, 0x70, 0x68, 0x60, 0xff,
    0x70, 0x6c, 0x60, 0xff, 0x70, 0x68, 0x68, 0xff, 0x70, 0x68, 0x60, 0xff,
    0x70, 0x68, 0x60, 0xff, 0x70, 0x6c, 0x68, 0xff, 0x70, 0x68, 0x60, 0xff,
    0x70, 0x68, 0x60, 0xff, 0x70, 0x6c, 0x68, 0xff, 0x70, 0x68, 0x60, 0xff,
    0x70, 0x68, 0x60, 0xff, 0x70, 0x6c, 0x68, 0xff, 0x70, 0x68, 0x60, 0xff,
    0x70, 0x68, 0x60, 0xff, 0x70, 0x6c, 0x68, 0xff, 0x70, 0x68, 0x60, 0xff,
    0x70, 0x68, 0x60, 0xff, 0x70, 0x68, 0x68, 0xff, 0x70, 0x68, 0x60, 0xff,
    0x70, 0x68, 0x60, 0xff, 0x70, 0x68, 0x68, 0xff, 0x70, 0x6c, 0x60, 0xff,
    0x70, 0x68, 0x60, 0xff, 0x70, 0x68, 0x60, 0xff, 0x70, 0x6c, 0x68, 0xff,
    0x70, 0x68, 0x60, 0xff, 0x70, 0x68, 0x60, 0xff, 0x70, 0x68, 0x68, 0xff,
    0x70, 0x68, 0x60, 0xff, 0x70, 0x6c, 0x60, 0xff, 0x70, 0x68, 0x68, 0xff,
    0x70, 0x68, 0x60, 0xff, 0x70, 0x6c, 0x68, 0xff, 0x70, 0x68, 0x60, 0xff,
    0x70, 0x68, 0x60, 0xff, 0x70, 0x6c, 0x68, 0xff, 0x70, 0x68, 0x60, 0xff,
    0x70, 0x68, 0x60, 0xff, 0x70, 0x6c, 0x68, 0xff, 0x70, 0x68, 0x60, 0xff,
    0x70, 0x68, 0x68, 0xff, 0x70, 0x68, 0x60, 0xff, 0x70, 0x68, 0x60, 0xff,
    0x70, 0x68, 0x68, 0xff, 0x70, 0x68, 0x60, 0xff, 0x70, 0x68, 0x60, 0xff,
    0x70, 0x6c, 0x68, 0xff, 0x70, 0x68, 0x60, 0xff, 0x70, 0x68, 0x68, 0xff,
    0x70, 0x6c, 0x68, 0xff, 0x70, 0x68, 0x60, 0xff, 0x70, 0x68, 0x60, 0xff,
    0x70, 0x68, 0x68, 0xff, 0x70, 0x68, 0x60, 0xff, 0x70, 0x6c, 0x60, 0xff,
    0x70, 0x68, 0x68, 0xff, 0x70, 0x68, 0x60, 0xff, 0x70, 0x6c, 0x68, 0xff,
    0x70, 0x68, 0x60, 0xff, 0x70, 0x6c, 0x60, 0xff, 0x70, 0x68, 0x68, 0xff,
    0x70, 0x68, 0x60, 0xff, 0x70, 0x6c, 0x60, 0xff, 0x70, 0x68, 0x68, 0xff,
    0x70, 0x68, 0x60, 0xff, 0x70, 0x68, 0x60, 0xff, 0x70, 0x6c, 0x68, 0xff,
    0x70, 0x68, 0x68, 0xff, 0x70, 0x68, 0x60, 0xff, 0x70, 0x68, 0x60, 0xff,
    0x70, 0x68, 0x68, 0xff, 0x70, 0x6c, 0x60, 0xff, 0x70, 0x68, 0x60, 0xff,
    0x70, 0x68, 0x68, 0xff, 0x70, 0x68, 0x60, 0xff, 0x70, 0x68, 0x68, 0xff,
    0x70, 0x68, 0x60, 0xff, 0x70, 0x68, 0x60, 0xff, 0x70, 0x6c, 0x68, 0xff,
    0x70, 0x68, 0x60, 0xff, 0x70, 0x68, 0x60, 0xff, 0x70, 0x6c, 0x68, 0xff,
    0x70, 0x68, 0x60, 0xff, 0x70, 0x6c, 0x60, 0xff, 0x70, 0x68, 0x68, 0xff,
    0x70, 0x68, 0x68, 0xff, 0x70, 0x6c, 0x60, 0xff, 0x70, 0x68, 0x60, 0xff,
    0x70, 0x68, 0x68, 0xff, 0x70, 0x68, 0x60, 0xff, 0x70, 0x6c, 0x60, 0xff,
    0x70, 0x68, 0x68, 0xff, 0x70, 0x68, 0x60, 0xff, 0x70, 0x68, 0x68, 0xff,
    0x70, 0x68, 0x60, 0xff, 0x70, 0x6c, 0x60, 0xff, 0x70, 0x68, 0x68, 0xff,
    0x70, 0x68, 0x60, 0xff, 0x70, 0x68, 0x60, 0xff, 0x70, 0x68, 0x68, 0xff,
    0x70, 0x68, 0x60, 0xff, 0x70, 0x68, 0x60, 0xff, 0x70, 0x6c, 0x68, 0xff,
    0x70, 0x68, 0x68, 0xff, 0x70, 0x68, 0x60, 0xff, 0x70, 0x6c, 0x60, 0xff,
    0x70, 0x68, 0x68, 0xff, 0x70, 0x6c, 0x60, 0xff, 0x70, 0x68, 0x60, 0xff,
    0x70, 0x68, 0x68, 0xff, 0x70, 0x6c, 0x60, 0xff, 0x70, 0x68, 0x68, 0xff,
    0x70, 0x68, 0x60, 0xff, 0x70, 0x68, 0x60, 0xff, 0x70, 0x6c, 0x68, 0xff,
    0x70, 0x68, 0x60, 0xff, 0x70, 0x68, 0x60, 0xff, 0x70, 0x68, 0x68, 0xff,
    0x70, 0x68, 0x60, 0xff, 0x70, 0x6c, 0x60, 0xff, 0x70, 0x68, 0x68, 0xff,
    0x70, 0x68, 0x68, 0xff, 0x70, 0x68, 0x60, 0xff, 0x70, 0x68, 0x60, 0xff,
    0x70, 0x68, 0x68, 0xff, 0x70, 0x68, 0x60, 0xff, 0x70, 0x6c, 0x60, 0xff,
    0x70, 0x68, 0x68, 0xff, 0x70, 0x68, 0x60, 0xff, 0x70, 0x6c, 0x68, 0xff,
    0x70, 0x68, 0x60, 0xff, 0x70, 0x6c, 0x60, 0xff, 0x70, 0x68, 0x68, 0xff,
    0x70, 0x68, 0x60, 0xff, 0x70, 0x6c, 0x60, 0xff, 0x70, 0x68, 0x68, 0xff,
    0x70, 0x68, 0x60, 0xff, 0x70, 0x68, 0x60, 0xff, 0x70, 0x6c, 0x68, 0xff,
    0x70, 0x68, 0x68, 0xff, 0x70, 0x68, 0x60, 0xff, 0x70, 0x68, 0x60, 0xff,
    0x70, 0x68, 0x68, 0xff, 0x70, 0x6c, 0x60, 0xff, 0x70, 0x68, 0x60, 0xff,
    0x70, 0x68, 0x68, 0xff, 0x70, 0x68, 0x60, 0xff, 0x70, 0x68, 0x68, 0xff,
    0x70, 0x68, 0x60, 0xff, 0x70, 0x68, 0x60, 0xff, 0x70, 0x6c, 0x68, 0xff,
    0x70, 0x68, 0x60, 0xff, 0x70, 0x68, 0x60, 0xff, 0x70, 0x68, 0x68, 0xff,
    0x70, 0x6c, 0x60, 0xff, 0x70, 0x68, 0x60, 0xff, 0x70, 0x68, 0x68, 0xff,
    0x70, 0x6c, 0x68, 0xff, 0x70, 0x68, 0x60, 0xff, 0x70, 0x68, 0x60, 0xff,
    0x70, 0x6c, 0x68, 0xff, 0x70, 0x68, 0x60, 0xff, 0x70, 0x68, 0x60, 0xff,
    0x70, 0x68, 0x60, 0xff, 0x70, 0x6c, 0x68, 0xff, 0x70, 0x68, 0x68, 0xff,
    0x70, 0x6c, 0x60, 0xff, 0x70, 0x68, 0x60, 0xff, 0x70, 0x68, 0x68, 0xff,
    0x70, 0x6c, 0x60, 0xff, 0x70, 0x68, 0x68, 0xff, 0x70, 0x68, 0x60, 0xff,
    0x70, 0x68, 0x60, 0xff, 0x70, 0x68, 0x68, 0xff, 0x70, 0x68, 0x60, 0xff,
    0x70, 0x68, 0x60, 0xff, 0x70, 0x68, 0x68, 0xff, 0x70, 0x6c, 0x60, 0xff,
    0x70, 0x68, 0x60, 0xff, 0x70, 0x68, 0x68, 0xff, 0x70, 0x68, 0x60, 0xff,
    0x70, 0x68, 0x60, 0xff, 0x70, 0x68, 0x68, 0xff, 0x70, 0x6c, 0x60, 0xff,
    0x70, 0x68, 0x60, 0xff, 0x70, 0x68, 0x68, 0xff, 0x70, 0x68, 0x60, 0xff,
    0x70, 0x68, 0x68, 0xff, 0x70, 0x68, 0x60, 0xff, 0x70, 0x68, 0x60, 0xff,
    0x70, 0x6c, 0x68, 0xff, 0x70, 0x68, 0x60, 0xff, 0x70, 0x68, 0x60, 0xff,
    0x70, 0x6c, 0x68, 0xff, 0x70, 0x68, 0x60, 0xff, 0x70, 0x68, 0x68, 0xff,
    0x70, 0x68, 0x68, 0xff, 0x70, 0x68, 0x60, 0xff, 0x70, 0x68, 0x68, 0xff,
    0x70, 0x68, 0x60, 0xff, 0x70, 0x68, 0x60, 0xff, 0x70, 0x6c, 0x68, 0xff,
    0x70, 0x68, 0x60, 0xff, 0x70, 0x68, 0x60, 0xff, 0x70, 0x68, 0x68, 0xff,
    0x70, 0x68, 0x60, 0xff, 0x70, 0x68, 0x68, 0xff, 0x70, 0x68, 0x60, 0xff,
    0x70, 0x68, 0x60, 0xff, 0x70, 0x68, 0x68, 0xff, 0x70, 0x6c, 0x60, 0xff,
    0x70, 0x68, 0x60, 0xff, 0x70, 0x68, 0x68, 0xff, 0x70, 0x68, 0x60, 0xff,
    0x70, 0x68, 0x68, 0xff, 0x70, 0x6c, 0x60, 0xff, 0x70, 0x6c, 0x60, 0xff,
    0x70, 0x68, 0x68, 0xff, 0x70, 0x68, 0x68, 0xff, 0x70, 0x6c, 0x60, 0xff,
    0x70, 0x68, 0x60, 0xff, 0x70, 0x68, 0x68, 0xff, 0x70, 0x68, 0x60, 0xff,
    0x70, 0x68, 0x60, 0xff, 0x70, 0x68, 0x68, 0xff, 0x70, 0x6c, 0x60, 0xff,
    0x70, 0x68, 0x60, 0xff, 0x70, 0x68, 0x68, 0xff, 0x70, 0x68, 0x60, 0xff,
    0x70, 0x68, 0x60, 0xff, 0x70, 0x68, 0x60, 0xff, 0x70, 0x68, 0x68, 0xff,
    0x70, 0x68, 0x60, 0xff, 0x70, 0x6c, 0x60, 0xff, 0x70, 0x68, 0x68, 0xff,
    0x70, 0x68, 0x60, 0xff, 0x70, 0x6c, 0x60, 0xff, 0x70, 0x68, 0x68, 0xff,
    0x70, 0x68, 0x60, 0xff, 0x70, 0x68, 0x60, 0xff, 0x70, 0x6c, 0x68, 0xff,
    0x70, 0x68, 0x60, 0xff, 0x70, 0x68, 0x60, 0xff, 0x70, 0x68, 0x68, 0xff,
    0x70, 0x68, 0x60, 0xff, 0x70, 0x68, 0x68, 0xff, 0x70, 0x68, 0x60, 0xff,
    0x70, 0x6c, 0x60, 0xff, 0x70, 0x68, 0x60, 0xff, 0x70, 0x6c, 0x68, 0xff,
    0x70, 0x68, 0x60, 0xff, 0x70, 0x68, 0x60, 0xff, 0x70, 0x68, 0x68, 0xff,
    0x70, 0x68, 0x60, 0xff, 0x70, 0x68, 0x60, 0xff, 0x70, 0x68, 0x68, 0xff,
    0x70, 0x68, 0x60, 0xff, 0x70, 0x6c, 0x60, 0xff, 0x70, 0x68, 0x68, 0xff,
    0x70, 0x68, 0x60, 0xff, 0x70, 0x6c, 0x60, 0xff, 0x70, 0x68, 0x68, 0xff,
    0x70, 0x68, 0x60, 0xff, 0x70, 0x68, 0x68, 0xff, 0x70, 0x6c, 0x60, 0xff,
    0x70, 0x68, 0x60, 0xff, 0x70, 0x68, 0x60, 0xff, 0x70, 0x68, 0x68, 0xff,
    0x70, 0x68, 0x60, 0xff, 0x70, 0x68, 0x60, 0xff, 0x70, 0x68, 0x68, 0xff,
    0x70, 0x6c, 0x60, 0xff, 0x70, 0x68, 0x60, 0xff, 0x70, 0x6c, 0x68, 0xff,
    0x70, 0x68, 0x60, 0xff, 0x70, 0x68, 0x60, 0xff, 0x70, 0x68, 0x68, 0xff,
    0x70, 0x68, 0x60, 0xff, 0x70, 0x68, 0x60, 0xff, 0x70, 0x68, 0x68, 0xff,
    0x70, 0x68, 0x60, 0xff, 0x70, 0x6c, 0x68, 0xff, 0x70, 0x68, 0x60, 0xff,
    0x70, 0x68, 0x60, 0xff, 0x70, 0x6c, 0x60, 0xff, 0x70, 0x68, 0x68, 0xff,
    0x70, 0x68, 0x60, 0xff, 0x70, 0x68, 0x60, 0xff, 0x70, 0x6c, 0x68, 0xff,
    0x70, 0x68, 0x60, 0xff, 0x70, 0x68, 0x60, 0xff, 0x70, 0x68, 0x68, 0xff,
    0x70, 0x68, 0x60, 0xff, 0x70, 0x68, 0x60, 0xff, 0x70, 0x68, 0x68, 0xff,
    0x70, 0x6c, 0x60, 0xff, 0x70, 0x68, 0x60, 0xff, 0x70, 0x6c, 0x68, 0xff,
    0x70, 0x68, 0x60, 0xff, 0x70, 0x68, 0x68, 0xff, 0x70, 0x68, 0x60, 0xff,
    0x70, 0x68, 0x60, 0xff, 0x70, 0x68, 0x60, 0xff, 0x70, 0x68, 0x68, 0xff,
    0x70, 0x68, 0x60, 0xff, 0x70, 0x6c, 0x60, 0xff, 0x70, 0x68, 0x68, 0xff,
    0x70, 0x68, 0x60, 0xff, 0x70, 0x6c, 0x60, 0xff, 0x70, 0x68, 0x68, 0xff,
    0x70, 0x68, 0x60, 0xff, 0x70, 0x68, 0x60, 0xff, 0x70, 0x6c, 0x68, 0xff,
    0x70, 0x68, 0x60, 0xff, 0x70, 0x68, 0x60, 0xff, 0x70, 0x68, 0x68, 0xff,
    0x70, 0x68, 0x60, 0xff, 0x70, 0x68, 0x68, 0xff, 0x70, 0x68, 0x60, 0xff,
    0x70, 0x6c, 0x60, 0xff, 0x70, 0x68, 0x60, 0xff, 0x70, 0x6c, 0x68, 0xff,
    0x70, 0x68, 0x60, 0xff, 0x70, 0x68, 0x60, 0xff, 0x70, 0x68, 0x68, 0xff,
    0x70, 0x68, 0x60, 0xff, 0x70, 0x68, 0x60, 0xff, 0x70, 0x68, 0x68, 0xff,
    0x70, 0x68, 0x60, 0xff, 0x70, 0x68, 0x60, 0xff, 0x70, 0x68, 0x68, 0xff,
    0x70, 0x68, 0x60, 0xff, 0x70, 0x68, 0x60, 0xff, 0x70, 0x6c, 0x68, 0xff,
    0x70, 0x68, 0x60, 0xff, 0x70, 0x68, 0x68, 0xff, 0x70, 0x68, 0x68, 0xff,
    0x70, 0x68, 0x60, 0xff, 0x70, 0x68, 0x60, 0xff, 0x70, 0x68, 0x60, 0xff,
    0x70, 0x6c, 0x68, 0xff, 0x70, 0x68, 0x60, 0xff, 0x70, 0x68, 0x68, 0xff,
    0x70, 0x6c, 0x60, 0xff, 0x70, 0x68, 0x60, 0xff, 0x70, 0x68, 0x68, 0xff,
    0x70, 0x68, 0x60, 0xff, 0x70, 0x68, 0x60, 0xff, 0x70, 0x68, 0x60, 0xff,
    0x70, 0x6c, 0x68, 0xff, 0x70, 0x68, 0x60, 0xff, 0x70, 0x68, 0x68, 0xff,
    0x70, 0x6c, 0x60, 0xff, 0x70, 0x68, 0x60, 0xff, 0x70, 0x68, 0x68, 0xff,
    0x70, 0x6c, 0x60, 0xff, 0x70, 0x68, 0x68, 0xff, 0x70, 0x68, 0x60, 0xff,
    0x70, 0x68, 0x60, 0xff, 0x70, 0x68, 0x68, 0xff, 0x70, 0x6c, 0x60, 0xff,
    0x70, 0x68, 0x60, 0xff, 0x70, 0x6c, 0x68, 0xff, 0x70, 0x68, 0x60, 0xff,
    0x70, 0x68, 0x60, 0xff, 0x70, 0x68, 0x68, 0xff, 0x70, 0x6c, 0x60, 0xff,
    0x70, 0x68, 0x60, 0xff, 0x70, 0x68, 0x68, 0xff, 0x70, 0x6c, 0x60, 0xff,
    0x70, 0x68, 0x60, 0xff, 0x70, 0x6c, 0x60, 0xff, 0x70, 0x68, 0x68, 0xff,
    0x70, 0x6c, 0x60, 0xff, 0x70, 0x68, 0x60, 0xff, 0x70, 0x68, 0x68, 0xff,
    0x70, 0x6c, 0x60, 0xff, 0x70, 0x68, 0x60, 0xff, 0x70, 0x68, 0x68, 0xff,
    0x70, 0x6c, 0x60, 0xff, 0x70, 0x68, 0x60, 0xff, 0x70, 0x6c, 0x68, 0xff,
    0x70, 0x68, 0x60, 0xff, 0x70, 0x68, 0x68, 0xff, 0x70, 0x6c, 0x60, 0xff,
    0x70, 0x68, 0x60, 0xff, 0x70, 0x68, 0x68, 0xff, 0x70, 0x6c, 0x60, 0xff,
    0x70, 0x68, 0x60, 0xff, 0x70, 0x68, 0x68, 0xff, 0x70, 0x68, 0x60, 0xff,
    0x70, 0x68, 0x60, 0xff, 0x70, 0x6c, 0x68, 0xff, 0x70, 0x68, 0x60, 0xff,
    0x70, 0x68, 0x60, 0xff, 0x70, 0x6c, 0x68, 0xff, 0x70, 0x68, 0x60, 0xff,
    0x70, 0x68, 0x60, 0xff, 0x70, 0x6c, 0x68, 0xff, 0x70, 0x68, 0x60, 0xff,
    0x70, 0x68, 0x60, 0xff, 0x70, 0x6c, 0x68, 0xff, 0x70, 0x68, 0x60, 0xff,
    0x70, 0x6c, 0x68, 0xff, 0x70, 0x68, 0x68, 0xff, 0x70, 0x6c, 0x60, 0xff,
    0x70, 0x68, 0x60, 0xff, 0x70, 0x68, 0x68, 0xff, 0x70, 0x68, 0x60, 0xff,
    0x70, 0x68, 0x68, 0xff, 0x70, 0x68, 0x60, 0xff, 0x70, 0x68, 0x68, 0xff,
    0x70, 0x68, 0x60, 0xff, 0x70, 0x6c, 0x60, 0xff, 0x70, 0x68, 0x68, 0xff,
    0x70, 0x68, 0x60, 0xff, 0x70, 0x68, 0x60, 0xff, 0x70, 0x6c, 0x68, 0xff,
    0x70, 0x6c, 0x60, 0xff, 0x70, 0x68, 0x60, 0xff, 0x70, 0x6c, 0x68, 0xff,
    0x70, 0x68, 0x68, 0xff, 0x70, 0x68, 0x60, 0xff, 0x70, 0x68, 0x68, 0xff,
    0x70, 0x6c, 0x60, 0xff, 0x70, 0x68, 0x60, 0xff, 0x70, 0x6c, 0x68, 0xff,
    0x70, 0x6c, 0x68, 0xff, 0x70, 0x68, 0x60, 0xff, 0x70, 0x6c, 0x60, 0xff,
    0x70, 0x68, 0x68, 0xff, 0x70, 0x68, 0x60, 0xff, 0x70, 0x68, 0x68, 0xff,
    0x70, 0x68, 0x60, 0xff, 0x70, 0x68, 0x60, 0xff, 0x70, 0x68, 0x68, 0xff,
    0x70, 0x68, 0x60, 0xff, 0x70, 0x6c, 0x60, 0xff, 0x70, 0x68, 0x68, 0xff,
    0x70, 0x68, 0x68, 0xff, 0x70, 0x68, 0x60, 0xff, 0x70, 0x6c, 0x68, 0xff,
    0x70, 0x6c, 0x60, 0xff, 0x70, 0x68, 0x60, 0xff, 0x70, 0x6c, 0x68, 0xff,
    0x70, 0x68, 0x68, 0xff, 0x70, 0x68, 0x60, 0xff, 0x70, 0x68, 0x60, 0xff,
    0x70, 0x6c, 0x68, 0xff, 0x70, 0x68, 0x60, 0xff, 0x70, 0x6c, 0x68, 0xff,
    0x70, 0x6c, 0x60, 0xff, 0x70, 0x68, 0x60, 0xff, 0x70, 0x6c, 0x68, 0xff,
    0x70, 0x68, 0x60, 0xff, 0x70, 0x68, 0x60, 0xff, 0x70, 0x68, 0x68, 0xff,
    0x70, 0x68, 0x68, 0xff, 0x70, 0x68, 0x60, 0xff, 0x70, 0x68, 0x68, 0xff,
    0x70, 0x68, 0x60, 0xff, 0x70, 0x6c, 0x60, 0xff, 0x70, 0x68, 0x68, 0xff,
    0x70, 0x68, 0x68, 0xff, 0x70, 0x68, 0x60, 0xff, 0x70, 0x6c, 0x60, 0xff,
    0x70, 0x6c, 0x68, 0xff, 0x70, 0x68, 0x60, 0xff, 0x70, 0x6c, 0x68, 0xff,
    0x70, 0x68, 0x60, 0xff, 0x70, 0x68, 0x60, 0xff, 0x70, 0x68, 0x68, 0xff,
    0x70, 0x6c, 0x60, 0xff, 0x70, 0x68, 0x60, 0xff, 0x70, 0x6c, 0x68, 0xff,
    0x70, 0x6c, 0x68, 0xff, 0x70, 0x68, 0x60, 0xff, 0x70, 0x6c, 0x68, 0xff,
    0x70, 0x68, 0x60, 0xff, 0x70, 0x68, 0x60, 0xff, 0x70, 0x68, 0x68, 0xff,
    0x70, 0x68, 0x68, 0xff, 0x70, 0x68, 0x60, 0xff, 0x70, 0x68, 0x60, 0xff,
    0x70, 0x68, 0x68, 0xff, 0x70, 0x6c, 0x60, 0xff, 0x70, 0x68, 0x68, 0xff,
    0x70, 0x68, 0x60, 0xff, 0x70, 0x68, 0x60, 0xff, 0x70, 0x6c, 0x68, 0xff,
    0x70, 0x6c, 0x60, 0xff, 0x70, 0x68, 0x60, 0xff, 0x70, 0x6c, 0x68, 0xff,
    0x70, 0x68, 0x68, 0xff, 0x70, 0x68, 0x60, 0xff, 0x70, 0x68, 0x68, 0xff,
    0x70, 0x6c, 0x60, 0xff, 0x70, 0x68, 0x60, 0xff, 0x70, 0x6c, 0x68, 0xff,
    0x70, 0x6c, 0x68, 0xff, 0x70, 0x68, 0x60, 0xff, 0x70, 0x6c, 0x60, 0xff,
    0x70, 0x6c, 0x68, 0xff, 0x70, 0x68, 0x60, 0xff, 0x70, 0x6c, 0x68, 0xff,
    0x70, 0x68, 0x60, 0xff, 0x70, 0x68, 0x60, 0xff, 0x70, 0x6c, 0x68, 0xff,
    0x70, 0x68, 0x60, 0xff, 0x70, 0x68, 0x60, 0xff, 0x70, 0x6c, 0x60, 0xff,
    0x70, 0x68, 0x68, 0xff, 0x70, 0x6c, 0x60, 0xff, 0x70, 0x68, 0x68, 0xff,
    0x70, 0x68, 0x60, 0xff, 0x70, 0x68, 0x60, 0xff, 0x70, 0x68, 0x68, 0xff,
    0x70, 0x68, 0x60, 0xff, 0x70, 0x68, 0x60, 0xff, 0x70, 0x68, 0x68, 0xff,
    0x70, 0x68, 0x60, 0xff, 0x70, 0x68, 0x60, 0xff, 0x70, 0x68, 0x60, 0xff,
    0x70, 0x68, 0x68, 0xff, 0x70, 0x6c, 0x60, 0xff, 0x70, 0x68, 0x60, 0xff,
    0x70, 0x68, 0x68, 0xff, 0x70, 0x68, 0x60, 0xff, 0x70, 0x68, 0x68, 0xff,
    0x70, 0x6c, 0x60, 0xff, 0x70, 0x68, 0x60, 0xff, 0x70, 0x6c, 0x68, 0xff,
    0x70, 0x68, 0x60, 0xff, 0x70, 0x68, 0x68, 0xff, 0x70, 0x6c, 0x60, 0xff,
    0x70, 0x68, 0x60, 0xff, 0x70, 0x68, 0x68, 0xff, 0x70, 0x68, 0x60, 0xff,
    0x70, 0x6c, 0x68, 0xff, 0x70, 0x68, 0x60, 0xff, 0x70, 0x68, 0x68, 0xff,
    0x70, 0x68, 0x60, 0xff, 0x70, 0x68, 0x68, 0xff, 0x70, 0x68, 0x60, 0xff,
    0x70, 0x68, 0x60, 0xff, 0x70, 0x68, 0x68, 0xff, 0x70, 0x68, 0x60, 0xff,
    0x70, 0x6c, 0x60, 0xff, 0x70, 0x68, 0x68, 0xff, 0x70, 0x68, 0x60, 0xff,
    0x70, 0x68, 0x68, 0xff, 0x70, 0x68, 0x60, 0xff, 0x70, 0x68, 0x68, 0xff,
    0x70, 0x6c, 0x68, 0xff, 0x70, 0x68, 0x60, 0xff, 0x70, 0x68, 0x60, 0xff,
    0x70, 0x68, 0x68, 0xff, 0x70, 0x6c, 0x60, 0xff, 0x70, 0x68, 0x60, 0xff,
    0x70, 0x68, 0x68, 0xff, 0x70, 0x68, 0x60, 0xff, 0x70, 0x68, 0x68, 0xff,
    0x70, 0x6c, 0x60, 0xff, 0x70, 0x68, 0x60, 0xff, 0x70, 0x68, 0x68, 0xff,
    0x70, 0x68, 0x60, 0xff, 0x70, 0x68, 0x68, 0xff, 0x70, 0x68, 0x60, 0xff,
    0x70, 0x68, 0x60, 0xff, 0x70, 0x68, 0x68, 0xff, 0x70, 0x68, 0x60, 0xff,
    0x70, 0x68, 0x60, 0xff, 0x70, 0x6c, 0x68, 0xff, 0x70, 0x68, 0x60, 0xff,
    0x70, 0x68, 0x60, 0xff, 0x70, 0x68, 0x68, 0xff, 0x70, 0x68, 0x60, 0xff,
    0x70, 0x68, 0x60, 0xff, 0x70, 0x68, 0x68, 0xff, 0x70, 0x6c, 0x60, 0xff,
    0x70, 0x68, 0x60, 0xff, 0x70, 0x68, 0x68, 0xff, 0x70, 0x6c, 0x60, 0xff,
    0x70, 0x68, 0x60, 0xff, 0x70, 0x6c, 0x68, 0xff, 0x70, 0x68, 0x60, 0xff,
    0x70, 0x68, 0x60, 0xff, 0x70, 0x6c, 0x68, 0xff, 0x70, 0x68, 0x60, 0xff,
    0x70, 0x68, 0x68, 0xff, 0x70, 0x68, 0x60, 0xff, 0x70, 0x68, 0x68, 0xff,
    0x70, 0x68, 0x60, 0xff, 0x70, 0x68, 0x60, 0xff, 0x70, 0x68, 0x68, 0xff,
    0x70, 0x68, 0x60, 0xff, 0x70, 0x6c, 0x60, 0xff, 0x70, 0x68, 0x68, 0xff,
    0x70, 0x68, 0x60, 0xff, 0x70, 0x68, 0x60, 0xff, 0x70, 0x68, 0x68, 0xff,
    0x70, 0x68, 0x60, 0xff, 0x70, 0x68, 0x60, 0xff, 0x70, 0x68, 0x68, 0xff,
    0x70, 0x68, 0x60, 0xff, 0x70, 0x6c, 0x60, 0xff, 0x70, 0x68, 0x68, 0xff,
    0x70, 0x6c, 0x60, 0xff, 0x70, 0x68, 0x60, 0xff, 0x70, 0x6c, 0x68, 0xff,
    0x70, 0x68, 0x68, 0xff, 0x70, 0x68, 0x60, 0xff, 0x70, 0x6c, 0x60, 0xff,
    0x70, 0x68, 0x60, 0xff, 0x70, 0x68, 0x60, 0xff, 0x70, 0x68, 0x68, 0xff,
    0x70, 0x68, 0x60, 0xff, 0x70, 0x68, 0x60, 0xff, 0x70, 0x68, 0x68, 0xff,
    0x70, 0x68, 0x60, 0xff, 0x70, 0x6c, 0x60, 0xff, 0x70, 0x68, 0x68, 0xff,
    0x70, 0x68, 0x60, 0xff, 0x70, 0x68, 0x60, 0xff, 0x70, 0x68, 0x68, 0xff,
    0x70, 0x68, 0x60, 0xff, 0x70, 0x68, 0x60, 0xff, 0x70, 0x68, 0x68, 0xff,
    0x70, 0x68, 0x68, 0xff, 0x70, 0x6c, 0x60, 0xff, 0x70, 0x68, 0x60, 0xff,
    0x70, 0x6c, 0x60, 0xff, 0x70, 0x68, 0x60, 0xff, 0x70, 0x6c, 0x68, 0xff,
    0x70, 0x68, 0x60, 0xff, 0x70, 0x68, 0x60, 0xff, 0x70, 0x6c, 0x68, 0xff,
    0x70, 0x68, 0x60, 0xff, 0x70, 0x68, 0x60, 0xff, 0x70, 0x68, 0x68, 0xff,
    0x70, 0x68, 0x60, 0xff, 0x70, 0x68, 0x60, 0xff, 0x70, 0x68, 0x68, 0xff,
    0x70, 0x68, 0x60, 0xff, 0x70, 0x6c, 0x60, 0xff, 0x70, 0x68, 0x68, 0xff,
    0x70, 0x68, 0x68, 0xff, 0x70, 0x68, 0x60, 0xff, 0x70, 0x68, 0x60, 0xff,
    0x70, 0x68, 0x60, 0xff, 0x70, 0x68, 0x60, 0xff, 0x70, 0x68, 0x68, 0xff,
    0x70, 0x68, 0x60, 0xff, 0x70, 0x6c, 0x60, 0xff, 0x70, 0x68, 0x68, 0xff,
    0x70, 0x6c, 0x60, 0xff, 0x70, 0x68, 0x60, 0xff, 0x70, 0x6c, 0x68, 0xff,
    0x70, 0x68, 0x60, 0xff, 0x70, 0x68, 0x60, 0xff, 0x70, 0x6c, 0x68, 0xff,
    0x70, 0x68, 0x60, 0xff, 0x70, 0x68, 0x60, 0xff, 0x70, 0x68, 0x68, 0xff,
    0x70, 0x68, 0x68, 0xff, 0x70, 0x68, 0x60, 0xff, 0x70, 0x68, 0x60, 0xff,
    0x70, 0x68, 0x60, 0xff, 0x70, 0x6c, 0x60, 0xff, 0x70, 0x68, 0x68, 0xff,
    0x70, 0x68, 0x60, 0xff, 0x70, 0x68, 0x60, 0xff, 0x70, 0x68, 0x68, 0xff,
    0x70, 0x68, 0x60, 0xff, 0x70, 0x68, 0x60, 0xff, 0x70, 0x68, 0x68, 0xff,
    0x70, 0x68, 0x60, 0xff, 0x70, 0x68, 0x60, 0xff, 0x70, 0x68, 0x68, 0xff,
    0x70, 0x6c, 0x60, 0xff, 0x70, 0x68, 0x60, 0xff, 0x70, 0x68, 0x68, 0xff,
    0x70, 0x68, 0x60, 0xff, 0x70, 0x68, 0x68, 0xff, 0x70, 0x68, 0x60, 0xff,
    0x70, 0x68, 0x60, 0xff, 0x70, 0x6c, 0x60, 0xff, 0x70, 0x68, 0x68, 0xff,
    0x70, 0x68, 0x60, 0xff, 0x70, 0x6c, 0x68, 0xff, 0x70, 0x68, 0x60, 0xff,
    0x70, 0x6c, 0x60, 0xff, 0x70, 0x68, 0x68, 0xff, 0x70, 0x6c, 0x60, 0xff,
    0x70, 0x68, 0x68, 0xff, 0x70, 0x6c, 0x60, 0xff, 0x70, 0x68, 0x60, 0xff,
    0x70, 0x68, 0x60, 0xff, 0x70, 0x68, 0x68, 0xff, 0x70, 0x68, 0x60, 0xff,
    0x70, 0x68, 0x60, 0xff, 0x70, 0x6c, 0x68, 0xff, 0x70, 0x68, 0x60, 0xff,
    0x70, 0x68, 0x60, 0xff, 0x70, 0x68, 0x68, 0xff, 0x70, 0x68, 0x60, 0xff,
    0x70, 0x68, 0x60, 0xff, 0x70, 0x6c, 0x68, 0xff, 0x70, 0x68, 0x60, 0xff,
    0x70, 0x68, 0x60, 0xff, 0x70, 0x68, 0x68, 0xff, 0x70, 0x68, 0x60, 0xff,
    0x70, 0x68, 0x60, 0xff, 0x70, 0x68, 0x68, 0xff, 0x70, 0x6c, 0x60, 0xff,
    0x70, 0x68, 0x60, 0xff, 0x70, 0x6c, 0x68, 0xff, 0x70, 0x68, 0x60, 0xff,
    0x70, 0x6c, 0x60, 0xff, 0x70, 0x68, 0x68, 0xff, 0x70, 0x68, 0x68, 0xff,
    0x70, 0x68, 0x60, 0xff, 0x70, 0x68, 0x60, 0xff, 0x70, 0x68, 0x68, 0xff,
    0x70, 0x6c, 0x60, 0xff, 0x70, 0x68, 0x60, 0xff, 0x70, 0x68, 0x68, 0xff,
    0x70, 0x6c, 0x60, 0xff, 0x70, 0x68, 0x60, 0xff, 0x70, 0x68, 0x68, 0xff,
    0x70, 0x68, 0x60, 0xff, 0x70, 0x68, 0x60, 0xff, 0x70, 0x68, 0x68, 0xff,
    0x70, 0x6c, 0x60, 0xff, 0x70, 0x68, 0x60, 0xff, 0x70, 0x68, 0x68, 0xff,
    0x70, 0x68, 0x60, 0xff, 0x70, 0x68, 0x68, 0xff, 0x70, 0x6c, 0x60, 0xff,
    0x70, 0x68, 0x60, 0xff, 0x70, 0x6c, 0x68, 0xff, 0x70, 0x6c, 0x60, 0xff,
    0x70, 0x68, 0x60, 0xff, 0x70, 0x6c, 0x68, 0xff, 0x70, 0x68, 0x60, 0xff,
    0x70, 0x68, 0x60, 0xff, 0x70, 0x6c, 0x68, 0xff, 0x70, 0x68, 0x68, 0xff,
    0x70, 0x68, 0x60, 0xff, 0x70, 0x6c, 0x68, 0xff, 0x70, 0x68, 0x60, 0xff,
    0x70, 0x68, 0x60, 0xff, 0x70, 0x6c, 0x68, 0xff, 0x70, 0x68, 0x60, 0xff,
    0x70, 0x68, 0x60, 0xff, 0x70, 0x68, 0x68, 0xff, 0x70, 0x68, 0x60, 0xff,
    0x70, 0x68, 0x60, 0xff, 0x70, 0x6c, 0x68, 0xff, 0x70, 0x68, 0x60, 0xff,
    0x70, 0x68, 0x60, 0xff, 0x70, 0x6c, 0x68, 0xff, 0x70, 0x68, 0x60, 0xff,
    0x70, 0x68, 0x60, 0xff, 0x70, 0x6c, 0x68, 0xff, 0x70, 0x6c, 0x60, 0xff,
    0x70, 0x68, 0x60, 0xff, 0x70, 0x68, 0x68, 0xff, 0x70, 0x6c, 0x60, 0xff,
    0x70, 0x68, 0x60, 0xff, 0x70, 0x68, 0x68, 0xff, 0x70, 0x68, 0x60, 0xff,
    0x70, 0x6c, 0x60, 0xff, 0x70, 0x68, 0x68, 0xff, 0x70, 0x68, 0x60, 0xff,
    0x70, 0x6c, 0x60, 0xff, 0x70, 0x68, 0x68, 0xff, 0x70, 0x68, 0x60, 0xff,
    0x70, 0x68, 0x60, 0xff, 0x70, 0x68, 0x68, 0xff, 0x70, 0x68, 0x60, 0xff,
    0x70, 0x68, 0x68, 0xff, 0x70, 0x68, 0x60, 0xff, 0x70, 0x6c, 0x60, 0xff,
    0x70, 0x68, 0x68, 0xff, 0x70, 0x68, 0x60, 0xff, 0x70, 0x68, 0x60, 0xff,
    0x70, 0x68, 0x68, 0xff, 0x70, 0x6c, 0x60, 0xff, 0x70, 0x68, 0x60, 0xff,
    0x70, 0x6c, 0x68, 0xff, 0x70, 0x68, 0x60, 0xff, 0x70, 0x68, 0x60, 0xff,
    0x70, 0x68, 0x68, 0xff, 0x70, 0x68, 0x60, 0xff, 0x70, 0x68, 0x60, 0xff,
    0x70, 0x6c, 0x68, 0xff, 0x70, 0x68, 0x60, 0xff, 0x70, 0x68, 0x60, 0xff,
    0x70, 0x6c, 0x68, 0xff, 0x70, 0x68, 0x60, 0xff, 0x70, 0x68, 0x60, 0xff,
    0x70, 0x68, 0x68, 0xff, 0x70, 0x68, 0x60, 0xff, 0x70, 0x68, 0x60, 0xff,
    0x70, 0x68, 0x68, 0xff, 0x70, 0x68, 0x60, 0xff, 0x70, 0x6c, 0x60, 0xff,
    0x70, 0x68, 0x68, 0xff, 0x70, 0x68, 0x60, 0xff, 0x70, 0x68, 0x60, 0xff,
    0x70, 0x68, 0x68, 0xff, 0x70, 0x6c, 0x60, 0xff, 0x70, 0x68, 0x60, 0xff,
    0x70, 0x6c, 0x68, 0xff, 0x70, 0x68, 0x60, 0xff, 0x70, 0x68, 0x60, 0xff,
    0x70, 0x68, 0x68, 0xff, 0x70, 0x68, 0x60, 0xff, 0x70, 0x68, 0x60, 0xff,
    0x70, 0x6c, 0x68, 0xff, 0x70, 0x68, 0x60, 0xff, 0x70, 0x68, 0x60, 0xff,
    0x70, 0x6c, 0x68, 0xff, 0x70, 0x68, 0x60, 0xff, 0x70, 0x68, 0x60, 0xff,
    0x70, 0x68, 0x68, 0xff, 0x70, 0x68, 0x60, 0xff, 0x70, 0x68, 0x60, 0xff,
    0x70, 0x68, 0x68, 0xff, 0x70, 0x68, 0x60, 0xff, 0x70, 0x6c, 0x60, 0xff,
    0x70, 0x68, 0x68, 0xff, 0x70, 0x68, 0x60, 0xff, 0x70, 0x68, 0x60, 0xff,
    0x70, 0x68, 0x68, 0xff, 0x70, 0x6c, 0x60, 0xff, 0x70, 0x68, 0x60, 0xff,
    0x70, 0x6c, 0x68, 0xff, 0x70, 0x68, 0x60, 0xff, 0x70, 0x68, 0x60, 0xff,
    0x70, 0x68, 0x68, 0xff, 0x70, 0x68, 0x60, 0xff, 0x70, 0x68, 0x60, 0xff,
    0x70, 0x6c, 0x68, 0xff, 0x70, 0x68, 0x60, 0xff, 0x70, 0x68, 0x60, 0xff,
    0x70, 0x6c, 0x68, 0xff, 0x70, 0x68, 0x60, 0xff, 0x70, 0x68, 0x60, 0xff,
    0x70, 0x68, 0x68, 0xff, 0x70, 0x68, 0x60, 0xff, 0x70, 0x68, 0x60, 0xff,
    0x70, 0x68, 0x68, 0xff, 0x70, 0x68, 0x60, 0xff, 0x70, 0x6c, 0x68, 0xff,
    0x70, 0x68, 0x60, 0xff, 0x70, 0x6c, 0x60, 0xff, 0x70, 0x68, 0x68, 0xff,
    0x70, 0x68, 0x68, 0xff, 0x70, 0x68, 0x60, 0xff, 0x70, 0x68, 0x68, 0xff,
    0x70, 0x68, 0x60, 0xff, 0x70, 0x68, 0x60, 0xff, 0x70, 0x6c, 0x68, 0xff,
    0x70, 0x68, 0x60, 0xff, 0x70, 0x68, 0x60, 0xff, 0x70, 0x68, 0x68, 0xff,
    0x70, 0x68, 0x60, 0xff, 0x70, 0x6c, 0x60, 0xff, 0x70, 0x68, 0x68, 0xff,
    0x70, 0x68, 0x68, 0xff, 0x70, 0x68, 0x60, 0xff, 0x70, 0x68, 0x60, 0xff,
    0x70, 0x6c, 0x68, 0xff, 0x70, 0x68, 0x60, 0xff, 0x70, 0x68, 0x60, 0xff,
    0x70, 0x6c, 0x68, 0xff, 0x70, 0x68, 0x60, 0xff, 0x70, 0x68, 0x68, 0xff,
    0x70, 0x6c, 0x60, 0xff, 0x70, 0x68, 0x60, 0xff, 0x70, 0x68, 0x68, 0xff,
    0x70, 0x68, 0x60, 0xff, 0x70, 0x6c, 0x68, 0xff, 0x70, 0x68, 0x60, 0xff,
    0x70, 0x6c, 0x60, 0xff, 0x70, 0x68, 0x68, 0xff, 0x70, 0x68, 0x60, 0xff,
    0x70, 0x68, 0x60, 0xff, 0x70, 0x68, 0x68, 0xff, 0x70, 0x68, 0x60, 0xff,
    0x70, 0x6c, 0x60, 0xff, 0x70, 0x68, 0x68, 0xff, 0x70, 0x6c, 0x60, 0xff,
    0x70, 0x68, 0x60, 0xff, 0x70, 0x6c, 0x68, 0xff, 0x70, 0x68, 0x60, 0xff,
    0x70, 0x68, 0x60, 0xff, 0x70, 0x6c, 0x68, 0xff, 0x70, 0x68, 0x60, 0xff,
    0x70, 0x68, 0x60, 0xff, 0x70, 0x68, 0x60, 0xff, 0x70, 0x68, 0x60, 0xff,
    0x70, 0x6c, 0x68, 0xff, 0x70, 0x6c, 0x60, 0xff, 0x70, 0x68, 0x60, 0xff,
    0x70, 0x68, 0x68, 0xff, 0x70, 0x68, 0x60, 0xff, 0x70, 0x6c, 0x60, 0xff,
    0x70, 0x68, 0x68, 0xff, 0x70, 0x68, 0x60, 0xff, 0x70, 0x6c, 0x60, 0xff,
    0x70, 0x68, 0x68, 0xff, 0x70, 0x68, 0x60, 0xff, 0x70, 0x68, 0x60, 0xff,
    0x70, 0x68, 0x68, 0xff, 0x70, 0x68, 0x60, 0xff, 0x70, 0x68, 0x68, 0xff,
    0x70, 0x6c, 0x60, 0xff, 0x70, 0x68, 0x60, 0xff, 0x70, 0x68, 0x68, 0xff,
    0x70, 0x68, 0x60, 0xff, 0x70, 0x68, 0x60, 0xff, 0x70, 0x6c, 0x68, 0xff,
    0x70, 0x68, 0x60, 0xff, 0x70, 0x68, 0x68, 0xff, 0x70, 0x6c, 0x60, 0xff,
    0x70, 0x68, 0x60, 0xff, 0x70, 0x68, 0x68, 0xff, 0x70, 0x6c, 0x60, 0xff,
    0x70, 0x68, 0x68, 0xff, 0x70, 0x68, 0x60, 0xff, 0x70, 0x68, 0x68, 0xff,
    0x70, 0x68, 0x60, 0xff, 0x70, 0x68, 0x68, 0xff, 0x70, 0x68, 0x60, 0xff,
    0x70, 0x68, 0x60, 0xff, 0x70, 0x68, 0x68, 0xff, 0x70, 0x68, 0x60, 0xff,
    0x70, 0x68, 0x60, 0xff, 0x70, 0x68, 0x68, 0xff, 0x70, 0x6c, 0x68, 0xff,
    0x70, 0x68, 0x60, 0xff, 0x70, 0x68, 0x60, 0xff, 0x70, 0x68, 0x68, 0xff,
    0x70, 0x68, 0x60, 0xff, 0x70, 0x68, 0x60, 0xff, 0x70, 0x6c, 0x68, 0xff,
    0x70, 0x68, 0x60, 0xff, 0x70, 0x68, 0x60, 0xff, 0x70, 0x6c, 0x68, 0xff,
    0x70, 0x68, 0x60, 0xff, 0x70, 0x6c, 0x60, 0xff, 0x70, 0x6c, 0x68, 0xff,
    0x70, 0x68, 0x60, 0xff, 0x70, 0x68, 0x60, 0xff, 0x70, 0x68, 0x68, 0xff,
    0x70, 0x68, 0x60, 0xff, 0x70, 0x68, 0x60, 0xff, 0x70, 0x6c, 0x68, 0xff,
    0x70, 0x68, 0x60, 0xff, 0x70, 0x68, 0x68, 0xff, 0x70, 0x68, 0x68, 0xff,
    0x70, 0x68, 0x60, 0xff, 0x70, 0x68, 0x68, 0xff, 0x70, 0x6c, 0x60, 0xff,
    0x70, 0x6c, 0x68, 0xff, 0x70, 0x68, 0x60, 0xff, 0x70, 0x68, 0x60, 0xff,
    0x70, 0x6c, 0x68, 0xff, 0x70, 0x68, 0x60, 0xff, 0x70, 0x68, 0x68, 0xff,
    0x70, 0x68, 0x60, 0xff, 0x70, 0x6c, 0x68, 0xff, 0x70, 0x68, 0x60, 0xff,
    0x70, 0x6c, 0x60, 0xff, 0x70, 0x6c, 0x68, 0xff, 0x70, 0x68, 0x60, 0xff,
    0x70, 0x68, 0x60, 0xff, 0x70, 0x6c, 0x68, 0xff, 0x70, 0x68, 0x68, 0xff,
    0x70, 0x68, 0x60, 0xff, 0x70, 0x68, 0x68, 0xff, 0x70, 0x6c, 0x60, 0xff,
    0x70, 0x68, 0x68, 0xff, 0x70, 0x68, 0x60, 0xff, 0x70, 0x68, 0x60, 0xff,
    0x70, 0x68, 0x68, 0xff, 0x70, 0x68, 0x60, 0xff, 0x70, 0x6c, 0x68, 0xff,
    0x70, 0x6c, 0x60, 0xff, 0x70, 0x68, 0x68, 0xff, 0x70, 0x68, 0x60, 0xff,
    0x70, 0x6c, 0x60, 0xff, 0x70, 0x68, 0x68, 0xff, 0x70, 0x68, 0x60, 0xff,
    0x70, 0x68, 0x60, 0xff, 0x70, 0x6c, 0x68, 0xff, 0x70, 0x68, 0x68, 0xff,
    0x70, 0x6c, 0x60, 0xff, 0x70, 0x6c, 0x68, 0xff, 0x70, 0x68, 0x60, 0xff,
    0x70, 0x68, 0x68, 0xff, 0x70, 0x6c, 0x60, 0xff, 0x70, 0x68, 0x60, 0xff,
    0x70, 0x68, 0x68, 0xff, 0x70, 0x68, 0x60, 0xff, 0x70, 0x6c, 0x68, 0xff,
    0x70, 0x68, 0x60, 0xff, 0x70, 0x68, 0x68, 0xff, 0x70, 0x68, 0x60, 0xff,
    0x70, 0x68, 0x60, 0xff, 0x70, 0x68, 0x68, 0xff, 0x70, 0x6c, 0x60, 0xff,
    0x70, 0x6c, 0x60, 0xff, 0x70, 0x68, 0x68, 0xff, 0x70, 0x68, 0x68, 0xff,
    0x70, 0x6c, 0x60, 0xff, 0x70, 0x68, 0x68, 0xff, 0x70, 0x68, 0x60, 0xff,
    0x70, 0x68, 0x68, 0xff, 0x70, 0x6c, 0x60, 0xff, 0x70, 0x68, 0x60, 0xff,
    0x70, 0x6c, 0x68, 0xff, 0x70, 0x6c, 0x60, 0xff, 0x70, 0x68, 0x68, 0xff,
    0x70, 0x6c, 0x60, 0xff, 0x70, 0x68, 0x60, 0xff, 0x70, 0x68, 0x68, 0xff,
    0x70, 0x68, 0x60, 0xff, 0x70, 0x68, 0x60, 0xff, 0x70, 0x6c, 0x68, 0xff,
    0x70, 0x68, 0x60, 0xff, 0x70, 0x6c, 0x60, 0xff, 0x70, 0x6c, 0x68, 0xff,
    0x70, 0x68, 0x60, 0xff, 0x70, 0x68, 0x60, 0xff, 0x70, 0x6c, 0x68, 0xff,
    0x70, 0x68, 0x60, 0xff, 0x70, 0x68, 0x68, 0xff, 0x70, 0x68, 0x60, 0xff,
    0x70, 0x6c, 0x60, 0xff, 0x70, 0x68, 0x68, 0xff, 0x70, 0x68, 0x60, 0xff,
    0x70, 0x68, 0x60, 0xff, 0x70, 0x68, 0x60, 0xff, 0x70, 0x68, 0x60, 0xff,
    0x70, 0x68, 0x68, 0xff, 0x70, 0x6c, 0x68, 0xff, 0x70, 0x68, 0x60, 0xff,
    0x70, 0x68, 0x60, 0xff, 0x70, 0x68, 0x68, 0xff, 0x70, 0x6c, 0x60, 0xff,
    0x70, 0x68, 0x60, 0xff, 0x70, 0x68, 0x68, 0xff, 0x70, 0x6c, 0x60, 0xff,
    0x70, 0x68, 0x60, 0xff, 0x70, 0x68, 0x68, 0xff, 0x70, 0x68, 0x60, 0xff,
    0x70, 0x6c, 0x68, 0xff, 0x70, 0x68, 0x60, 0xff, 0x70, 0x68, 0x68, 0xff,
    0x70, 0x6c, 0x60, 0xff, 0x70, 0x68, 0x60, 0xff, 0x70, 0x68, 0x68, 0xff,
    0x70, 0x68, 0x60, 0xff, 0x70, 0x68, 0x68, 0xff, 0x70, 0x68, 0x60, 0xff,
    0x70, 0x68, 0x60, 0xff, 0x70, 0x68, 0x68, 0xff, 0x70, 0x6c, 0x60, 0xff,
    0x70, 0x68, 0x60, 0xff, 0x70, 0x68, 0x68, 0xff, 0x70, 0x68, 0x60, 0xff,
    0x70, 0x6c, 0x68, 0xff, 0x70, 0x68, 0x68, 0xff, 0x70, 0x68, 0x60, 0xff,
    0x70, 0x68, 0x68, 0xff, 0x70, 0x68, 0x60, 0xff, 0x70, 0x68, 0x68, 0xff,
    0x70, 0x6c, 0x60, 0xff, 0x70, 0x68, 0x68, 0xff, 0x70, 0x68, 0x60, 0xff,
    0x70, 0x68, 0x68, 0xff, 0x70, 0x6c, 0x60, 0xff, 0x70, 0x68, 0x60, 0xff,
    0x70, 0x68, 0x68, 0xff, 0x70, 0x68, 0x68, 0xff, 0x70, 0x68, 0x60, 0xff,
    0x70, 0x6c, 0x60, 0xff, 0x70, 0x68, 0x68, 0xff, 0x70, 0x68, 0x60, 0xff,
    0x70, 0x68, 0x60, 0xff, 0x70, 0x68, 0x68, 0xff, 0x70, 0x6c, 0x60, 0xff,
    0x70, 0x68, 0x60, 0xff, 0x70, 0x68, 0x60, 0xff, 0x70, 0x68, 0x68, 0xff,
    0x70, 0x68, 0x60, 0xff, 0x70, 0x68, 0x60, 0xff, 0x70, 0x68, 0x68, 0xff,
    0x70, 0x68, 0x60, 0xff, 0x70, 0x68, 0x68, 0xff, 0x70, 0x68, 0x60, 0xff,
    0x70, 0x6c, 0x60, 0xff, 0x70, 0x68, 0x68, 0xff, 0x70, 0x68, 0x60, 0xff,
    0x70, 0x6c, 0x60, 0xff, 0x70, 0x68, 0x68, 0xff, 0x70, 0x6c, 0x60, 0xff,
    0x70, 0x68, 0x60, 0xff, 0x70, 0x6c, 0x68, 0xff, 0x70, 0x68, 0x68, 0xff,
    0x70, 0x68, 0x60, 0xff, 0x70, 0x68, 0x60, 0xff, 0x70, 0x6c, 0x68, 0xff,
    0x70, 0x68, 0x60, 0xff, 0x70, 0x68, 0x60, 0xff, 0x70, 0x6c, 0x68, 0xff,
    0x70, 0x6c, 0x60, 0xff, 0x70, 0x68, 0x60, 0xff, 0x70, 0x68, 0x68, 0xff,
    0x70, 0x68, 0x60, 0xff, 0x70, 0x68, 0x68, 0xff, 0x70, 0x68, 0x60, 0xff,
    0x70, 0x68, 0x68, 0xff, 0x70, 0x68, 0x60, 0xff, 0x70, 0x68, 0x68, 0xff,
    0x70, 0x68, 0x60, 0xff, 0x70, 0x6c, 0x60, 0xff, 0x70, 0x68, 0x68, 0xff,
    0x70, 0x6c, 0x60, 0xff, 0x70, 0x68, 0x68, 0xff, 0x70, 0x68, 0x60, 0xff,
    0x70, 0x6c, 0x60, 0xff, 0x70, 0x68, 0x68, 0xff, 0x70, 0x68, 0x60, 0xff,
    0x70, 0x6c, 0x60, 0xff, 0x70, 0x68, 0x60, 0xff, 0x70, 0x68, 0x60, 0xff,
    0x70, 0x68, 0x68, 0xff, 0x70, 0x68, 0x60, 0xff, 0x70, 0x68, 0x60, 0xff,
    0x70, 0x6c, 0x68, 0xff, 0x70, 0x68, 0x60, 0xff, 0x70, 0x68, 0x60, 0xff,
    0x70, 0x68, 0x68, 0xff, 0x70, 0x6c, 0x60, 0xff, 0x70, 0x68, 0x60, 0xff,
    0x70, 0x68, 0x68, 0xff, 0x70, 0x68, 0x60, 0xff, 0x70, 0x68, 0x68, 0xff,
    0x70, 0x68, 0x60, 0xff, 0x70, 0x6c, 0x60, 0xff, 0x70, 0x68, 0x68, 0xff,
    0x70, 0x68, 0x60, 0xff, 0x70, 0x68, 0x60, 0xff, 0x70, 0x6c, 0x60, 0xff,
    0x70, 0x68, 0x68, 0xff, 0x70, 0x68, 0x60, 0xff, 0x70, 0x6c, 0x60, 0xff,
    0x70, 0x68, 0x68, 0xff, 0x70, 0x68, 0x60, 0xff, 0x70, 0x68, 0x60, 0xff,
    0x70, 0x68, 0x68, 0xff, 0x70, 0x68, 0x60, 0xff, 0x70, 0x68, 0x60, 0xff,
    0x70, 0x6c, 0x68, 0xff, 0x70, 0x68, 0x60, 0xff, 0x70, 0x68, 0x68, 0xff,
    0x70, 0x68, 0x60, 0xff, 0x70, 0x6c, 0x60, 0xff, 0x70, 0x68, 0x68, 0xff,
    0x70, 0x68, 0x60, 0xff, 0x70, 0x68, 0x60, 0xff, 0x70, 0x68, 0x60, 0xff,
    0x70, 0x68, 0x68, 0xff, 0x70, 0x6c, 0x60, 0xff, 0x70, 0x68, 0x60, 0xff,
    0x70, 0x68, 0x68, 0xff, 0x70, 0x68, 0x60, 0xff, 0x70, 0x6c, 0x60, 0xff,
    0x70, 0x68, 0x68, 0xff, 0x70, 0x68, 0x60, 0xff, 0x70, 0x6c, 0x60, 0xff,
    0x70, 0x68, 0x68, 0xff, 0x70, 0x68, 0x60, 0xff, 0x70, 0x68, 0x68, 0xff,
    0x70, 0x68, 0x60, 0xff, 0x70, 0x68, 0x60, 0xff, 0x70, 0x68, 0x68, 0xff,
    0x70, 0x6c, 0x60, 0xff, 0x70, 0x68, 0x60, 0xff, 0x70, 0x68, 0x60, 0xff,
    0x70, 0x68, 0x68, 0xff, 0x70, 0x6c, 0x60, 0xff, 0x70, 0x68, 0x60, 0xff,
    0x70, 0x68, 0x68, 0xff, 0x70, 0x68, 0x60, 0xff, 0x70, 0x68, 0x60, 0xff,
    0x70, 0x68, 0x68, 0xff, 0x70, 0x6c, 0x60, 0xff, 0x70, 0x68, 0x60, 0xff,
    0x70, 0x68, 0x68, 0xff, 0x70, 0x6c, 0x60, 0xff, 0x70, 0x68, 0x68, 0xff,
    0x70, 0x68, 0x60, 0xff, 0x70, 0x68, 0x60, 0xff, 0x70, 0x68, 0x60, 0xff,
    0x70, 0x68, 0x68, 0xff, 0x70, 0x68, 0x60, 0xff, 0x70, 0x6c, 0x60, 0xff,
    0x70, 0x68, 0x68, 0xff, 0x70, 0x68, 0x60, 0xff, 0x70, 0x68, 0x60, 0xff,
    0x70, 0x6c, 0x68, 0xff, 0x70, 0x68, 0x60, 0xff, 0x70, 0x68, 0x68, 0xff,
    0x70, 0x68, 0x60, 0xff, 0x70, 0x6c, 0x60, 0xff, 0x70, 0x68, 0x68, 0xff,
    0x70, 0x68, 0x60, 0xff, 0x70, 0x68, 0x60, 0xff, 0x70, 0x68, 0x60, 0xff,
    0x70, 0x68, 0x68, 0xff, 0x70, 0x68, 0x60, 0xff, 0x70, 0x6c, 0x60, 0xff,
    0x70, 0x68, 0x68, 0xff, 0x70, 0x68, 0x60, 0xff, 0x70, 0x68, 0x68, 0xff,
    0x70, 0x68, 0x60, 0xff, 0x70, 0x6c, 0x60, 0xff, 0x70, 0x68, 0x68, 0xff,
    0x70, 0x68, 0x60, 0xff, 0x70, 0x68, 0x60, 0xff, 0x70, 0x68, 0x68, 0xff,
    0x70, 0x68, 0x60, 0xff, 0x70, 0x6c, 0x68, 0xff, 0x70, 0x68, 0x60, 0xff,
    0x70, 0x6c, 0x60, 0xff, 0x70, 0x6c, 0x68, 0xff, 0x70, 0x68, 0x60, 0xff,
    0x70, 0x68, 0x60, 0xff, 0x70, 0x68, 0x68, 0xff, 0x70, 0x68, 0x60, 0xff,
    0x70, 0x68, 0x60, 0xff, 0x70, 0x6c, 0x68, 0xff, 0x70, 0x68, 0x60, 0xff,
    0x70, 0x68, 0x60, 0xff, 0x70, 0x68, 0x60, 0xff, 0x70, 0x6c, 0x68, 0xff,
    0x70, 0x6c, 0x60, 0xff, 0x70, 0x68, 0x60, 0xff, 0x70, 0x68, 0x68, 0xff,
    0x70, 0x68, 0x60, 0xff, 0x70, 0x68, 0x60, 0xff, 0x70, 0x6c, 0x60, 0xff,
    0x70, 0x68, 0x68, 0xff, 0x70, 0x68, 0x60, 0xff, 0x70, 0x68, 0x60, 0xff,
    0x70, 0x6c, 0x68, 0xff, 0x70, 0x68, 0x60, 0xff, 0x70, 0x68, 0x60, 0xff,
    0x70, 0x6c, 0x68, 0xff, 0x70, 0x68, 0x60, 0xff, 0x70, 0x68, 0x60, 0xff,
    0x70, 0x6c, 0x68, 0xff, 0x70, 0x68, 0x60, 0xff, 0x70, 0x68, 0x68, 0xff,
    0x70, 0x68, 0x68, 0xff, 0x70, 0x6c, 0x60, 0xff, 0x70, 0x68, 0x68, 0xff,
    0x70, 0x6c, 0x60, 0xff, 0x70, 0x68, 0x60, 0xff, 0x70, 0x6c, 0x68, 0xff,
    0x70, 0x68, 0x60, 0xff, 0x70, 0x6c, 0x60, 0xff, 0x70, 0x68, 0x68, 0xff,
    0x70, 0x68, 0x60, 0xff, 0x70, 0x68, 0x60, 0xff, 0x70, 0x68, 0x68, 0xff,
    0x70, 0x6c, 0x60, 0xff, 0x70, 0x68, 0x60, 0xff, 0x70, 0x68, 0x68, 0xff,
    0x70, 0x68, 0x60, 0xff, 0x70, 0x6c, 0x60, 0xff, 0x70, 0x68, 0x68, 0xff,
    0x70, 0x68, 0x60, 0xff, 0x70, 0x6c, 0x60, 0xff, 0x70, 0x68, 0x68, 0xff,
    0x70, 0x68, 0x60, 0xff, 0x70, 0x68, 0x60, 0xff, 0x70, 0x68, 0x68, 0xff,
    0x70, 0x68, 0x60, 0xff, 0x70, 0x68, 0x68, 0xff, 0x70, 0x6c, 0x60, 0xff,
    0x70, 0x68, 0x60, 0xff, 0x70, 0x68, 0x68, 0xff, 0x70, 0x6c, 0x60, 0xff,
    0x70, 0x68, 0x60, 0xff, 0x70, 0x68, 0x60, 0xff, 0x70, 0x6c, 0x68, 0xff,
    0x70, 0x68, 0x60, 0xff, 0x70, 0x68, 0x68, 0xff, 0x70, 0x68, 0x60, 0xff,
    0x70, 0x68, 0x60, 0xff, 0x70, 0x6c, 0x68, 0xff, 0x70, 0x68, 0x60, 0xff,
    0x70, 0x68, 0x60, 0xff, 0x70, 0x68, 0x68, 0xff, 0x70, 0x68, 0x60, 0xff,
    0x70, 0x6c, 0x60, 0xff, 0x70, 0x68, 0x68, 0xff, 0x70, 0x68, 0x60, 0xff,
    0x70, 0x6c, 0x68, 0xff, 0x70, 0x68, 0x60, 0xff, 0x70, 0x68, 0x60, 0xff,
    0x70, 0x68, 0x68, 0xff, 0x70, 0x68, 0x68, 0xff, 0x70, 0x68, 0x60, 0xff,
    0x70, 0x6c, 0x60, 0xff, 0x70, 0x68, 0x68, 0xff, 0x70, 0x68, 0x60, 0xff,
    0x70, 0x68, 0x60, 0xff, 0x70, 0x68, 0x68, 0xff, 0x70, 0x68, 0x60, 0xff,
    0x70, 0x68, 0x60, 0xff, 0x70, 0x6c, 0x68, 0xff, 0x70, 0x68, 0x60, 0xff,
    0x70, 0x68, 0x60, 0xff, 0x70, 0x68, 0x68, 0xff, 0x70, 0x6c, 0x60, 0xff,
    0x70, 0x68, 0x60, 0xff, 0x70, 0x68, 0x68, 0xff, 0x70, 0x68, 0x60, 0xff,
    0x70, 0x6c, 0x68, 0xff, 0x70, 0x68, 0x68, 0xff, 0x70, 0x6c, 0x60, 0xff,
    0x70, 0x68, 0x60, 0xff, 0x70, 0x68, 0x68, 0xff, 0x70, 0x68, 0x60, 0xff,
    0x70, 0x6c, 0x60, 0xff, 0x70, 0x68, 0x68, 0xff, 0x70, 0x68, 0x60, 0xff,
    0x70, 0x68, 0x60, 0xff, 0x70, 0x6c, 0x68, 0xff, 0x70, 0x68, 0x60, 0xff,
    0x70, 0x68, 0x60, 0xff, 0x70, 0x68, 0x68, 0xff, 0x70, 0x68, 0x60, 0xff,
    0x70, 0x68, 0x60, 0xff, 0x70, 0x6c, 0x68, 0xff, 0x70, 0x68, 0x60, 0xff,
    0x70, 0x68, 0x68, 0xff, 0x70, 0x68, 0x68, 0xff, 0x70, 0x6c, 0x60, 0xff,
    0x70, 0x68, 0x60, 0xff, 0x70, 0x68, 0x68, 0xff, 0x70, 0x68, 0x60, 0xff,
    0x70, 0x6c, 0x60, 0xff, 0x70, 0x68, 0x68, 0xff, 0x70, 0x6c, 0x60, 0xff,
    0x70, 0x68, 0x60, 0xff, 0x70, 0x68, 0x68, 0xff, 0x70, 0x68, 0x60, 0xff,
    0x70, 0x6c, 0x60, 0xff, 0x70, 0x68, 0x68, 0xff, 0x70, 0x68, 0x60, 0xff,
    0x70, 0x68, 0x60, 0xff, 0x70, 0x6c, 0x68, 0xff, 0x70, 0x68, 0x60, 0xff,
    0x70, 0x68, 0x68, 0xff, 0x70, 0x68, 0x68, 0xff, 0x70, 0x68, 0x60, 0xff,
    0x70, 0x68, 0x60, 0xff, 0x70, 0x68, 0x68, 0xff, 0x70, 0x68, 0x60, 0xff,
    0x70, 0x68, 0x68, 0xff, 0x70, 0x6c, 0x60, 0xff, 0x70, 0x68, 0x60, 0xff,
    0x70, 0x68, 0x68, 0xff, 0x70, 0x68, 0x60, 0xff, 0x70, 0x6c, 0x68, 0xff,
    0x70, 0x68, 0x68, 0xff, 0x70, 0x68, 0x60, 0xff, 0x70, 0x68, 0x60, 0xff,
    0x70, 0x68, 0x68, 0xff, 0x70, 0x68, 0x60, 0xff, 0x70, 0x68, 0x60, 0xff,
    0x70, 0x6c, 0x68, 0xff, 0x70, 0x68, 0x60, 0xff, 0x70, 0x68, 0x60, 0xff,
    0x70, 0x68, 0x68, 0xff, 0x70, 0x6c, 0x60, 0xff, 0x70, 0x68, 0x68, 0xff,
    0x70, 0x68, 0x60, 0xff, 0x70, 0x68, 0x60, 0xff, 0x70, 0x68, 0x68, 0xff,
    0x70, 0x6c, 0x60, 0xff, 0x70, 0x68, 0x68, 0xff, 0x70, 0x68, 0x60, 0xff,
    0x70, 0x68, 0x68, 0xff, 0x70, 0x68, 0x60, 0xff, 0x70, 0x6c, 0x60, 0xff,
    0x70, 0x68, 0x68, 0xff, 0x70, 0x68, 0x60, 0xff, 0x70, 0x68, 0x68, 0xff,
    0x70, 0x6c, 0x60, 0xff, 0x70, 0x68, 0x60, 0xff, 0x70, 0x68, 0x68, 0xff,
    0x70, 0x6c, 0x60, 0xff, 0x70, 0x68, 0x60, 0xff, 0x70, 0x68, 0x68, 0xff,
    0x70, 0x68, 0x60, 0xff, 0x70, 0x68, 0x60, 0xff, 0x70, 0x68, 0x68, 0xff,
    0x70, 0x6c, 0x60, 0xff, 0x70, 0x68, 0x68, 0xff, 0x70, 0x6c, 0x60, 0xff,
    0x70, 0x68, 0x68, 0xff, 0x70, 0x68, 0x60, 0xff, 0x70, 0x68, 0x68, 0xff,
    0x70, 0x6c, 0x68, 0xff, 0x70, 0x68, 0x60, 0xff, 0x70, 0x68, 0x60, 0xff,
    0x70, 0x68, 0x68, 0xff, 0x70, 0x68, 0x60, 0xff, 0x70, 0x6c, 0x60, 0xff,
    0x70, 0x68, 0x68, 0xff, 0x70, 0x68, 0x60, 0xff, 0x70, 0x6c, 0x68, 0xff,
    0x70, 0x68, 0x60, 0xff, 0x70, 0x68, 0x68, 0xff, 0x70, 0x6c, 0x60, 0xff,
    0x70, 0x68, 0x68, 0xff, 0x70, 0x68, 0x60, 0xff, 0x70, 0x68, 0x60, 0xff,
    0x70, 0x6c, 0x60, 0xff, 0x70, 0x68, 0x68, 0xff, 0x70, 0x68, 0x60, 0xff,
    0x70, 0x68, 0x68, 0xff, 0x70, 0x6c, 0x60, 0xff, 0x70, 0x68, 0x60, 0xff,
    0x70, 0x68, 0x60, 0xff, 0x70, 0x6c, 0x60, 0xff, 0x70, 0x68, 0x68, 0xff,
    0x70, 0x68, 0x60, 0xff, 0x70, 0x68, 0x60, 0xff, 0x70, 0x6c, 0x68, 0xff,
    0x70, 0x68, 0x60, 0xff, 0x70, 0x68, 0x60, 0xff, 0x70, 0x68, 0x68, 0xff,
    0x70, 0x6c, 0x60, 0xff, 0x70, 0x68, 0x68, 0xff, 0x70, 0x68, 0x60, 0xff,
    0x70, 0x6c, 0x60, 0xff, 0x70, 0x68, 0x68, 0xff, 0x70, 0x68, 0x60, 0xff,
    0x70, 0x68, 0x68, 0xff, 0x70, 0x68, 0x60, 0xff, 0x70, 0x68, 0x60, 0xff,
    0x70, 0x68, 0x68, 0xff, 0x70, 0x68, 0x60, 0xff, 0x70, 0x6c, 0x60, 0xff,
    0x70, 0x68, 0x68, 0xff, 0x70, 0x68, 0x60, 0xff, 0x70, 0x6c, 0x60, 0xff,
    0x70, 0x68, 0x68, 0xff, 0x70, 0x68, 0x60, 0xff, 0x70, 0x68, 0x60, 0xff,
    0x70, 0x68, 0x68, 0xff, 0x70, 0x6c, 0x60, 0xff, 0x70, 0x68, 0x68, 0xff,
    0x70, 0x68, 0x60, 0xff, 0x70, 0x6c, 0x68, 0xff, 0x70, 0x68, 0x60, 0xff,
    0x70, 0x68, 0x60, 0xff, 0x70, 0x6c, 0x68, 0xff, 0x70, 0x68, 0x60, 0xff,
    0x70, 0x68, 0x68, 0xff, 0x70, 0x68, 0x60, 0xff, 0x70, 0x68, 0x60, 0xff,
    0x70, 0x6c, 0x68, 0xff, 0x70, 0x68, 0x60, 0xff, 0x70, 0x68, 0x68, 0xff,
    0x70, 0x6c, 0x60, 0xff, 0x70, 0x68, 0x60, 0xff, 0x70, 0x68, 0x68, 0xff,
    0x70, 0x68, 0x60, 0xff, 0x70, 0x6c, 0x68, 0xff, 0x70, 0x68, 0x60, 0xff,
    0x70, 0x6c, 0x60, 0xff, 0x70, 0x6c, 0x68, 0xff, 0x70, 0x68, 0x60, 0xff,
    0x70, 0x68, 0x60, 0xff, 0x70, 0x68, 0x68, 0xff, 0x70, 0x6c, 0x60, 0xff,
    0x70, 0x68, 0x68, 0xff, 0x70, 0x68, 0x60, 0xff, 0x70, 0x6c, 0x68, 0xff,
    0x70, 0x68, 0x60, 0xff, 0x70, 0x68, 0x60, 0xff, 0x70, 0x6c, 0x68, 0xff,
    0x70, 0x68, 0x60, 0xff, 0x70, 0x68, 0x60, 0xff, 0x70, 0x6c, 0x68, 0xff,
    0x70, 0x68, 0x68, 0xff, 0x70, 0x68, 0x60, 0xff, 0x70, 0x68, 0x60, 0xff,
    0x70, 0x6c, 0x68, 0xff, 0x70, 0x68, 0x60, 0xff, 0x70, 0x68, 0x60, 0xff,
    0x70, 0x68, 0x68, 0xff, 0x70, 0x6c, 0x60, 0xff, 0x70, 0x68, 0x60, 0xff,
    0x70, 0x6c, 0x68, 0xff, 0x70, 0x68, 0x60, 0xff, 0x70, 0x68, 0x68, 0xff,
    0x70, 0x68, 0x60, 0xff, 0x70, 0x6c, 0x60, 0xff, 0x70, 0x68, 0x68, 0xff,
    0x70, 0x68, 0x60, 0xff, 0x70, 0x68, 0x60, 0xff, 0x70, 0x6c, 0x68, 0xff,
    0x70, 0x68, 0x68, 0xff, 0x70, 0x68, 0x60, 0xff, 0x70, 0x68, 0x60, 0xff,
    0x70, 0x68, 0x68, 0xff, 0x70, 0x6c, 0x60, 0xff, 0x70, 0x68, 0x60, 0xff,
    0x70, 0x68, 0x68, 0xff, 0x70, 0x68, 0x60, 0xff, 0x70, 0x68, 0x60, 0xff,
    0x70, 0x6c, 0x68, 0xff, 0x70, 0x68, 0x60, 0xff, 0x70, 0x68, 0x68, 0xff,
    0x70, 0x68, 0x60, 0xff, 0x70, 0x6c, 0x60, 0xff, 0x70, 0x68, 0x68, 0xff,
    0x70, 0x6c, 0x60, 0xff, 0x70, 0x68, 0x60, 0xff, 0x70, 0x68, 0x68, 0xff,
    0x70, 0x68, 0x68, 0xff, 0x70, 0x6c, 0x60, 0xff, 0x70, 0x68, 0x60, 0xff,
    0x70, 0x68, 0x68, 0xff, 0x70, 0x68, 0x60, 0xff, 0x70, 0x6c, 0x60, 0xff,
    0x70, 0x6c, 0x68, 0xff, 0x70, 0x68, 0x60, 0xff, 0x70, 0x6c, 0x60, 0xff,
    0x70, 0x68, 0x68, 0xff, 0x70, 0x68, 0x60, 0xff, 0x70, 0x68, 0x60, 0xff,
    0x70, 0x68, 0x68, 0xff, 0x70, 0x6c, 0x60, 0xff, 0x70, 0x68, 0x60, 0xff,
    0x70, 0x68, 0x60, 0xff, 0x70, 0x6c, 0x68, 0xff, 0x70, 0x68, 0x60, 0xff,
    0x70, 0x6c, 0x60, 0xff, 0x70, 0x68, 0x68, 0xff, 0x70, 0x68, 0x60, 0xff,
    0x70, 0x6c, 0x68, 0xff, 0x70, 0x68, 0x60, 0xff, 0x70, 0x68, 0x60, 0xff,
    0x70, 0x68, 0x68, 0xff, 0x70, 0x6c, 0x60, 0xff, 0x70, 0x68, 0x60, 0xff,
    0x70, 0x68, 0x68, 0xff, 0x70, 0x68, 0x60, 0xff, 0x70, 0x68, 0x60, 0xff,
    0x70, 0x68, 0x68, 0xff, 0x70, 0x6c, 0x60, 0xff, 0x70, 0x68, 0x60, 0xff,
    0x70, 0x6c, 0x68, 0xff, 0x70, 0x68, 0x60, 0xff, 0x70, 0x68, 0x60, 0xff,
    0x70, 0x6c, 0x68, 0xff, 0x70, 0x68, 0x60, 0xff, 0x70, 0x68, 0x60, 0xff,
    0x70, 0x68, 0x68, 0xff, 0x70, 0x68, 0x60, 0xff, 0x70, 0x6c, 0x60, 0xff,
    0x70, 0x68, 0x68, 0xff, 0x70, 0x68, 0x60, 0xff, 0x70, 0x6c, 0x60, 0xff,
    0x70, 0x68, 0x68, 0xff, 0x70, 0x68, 0x60, 0xff, 0x70, 0x68, 0x68, 0xff,
    0x70, 0x68, 0x60, 0xff, 0x70, 0x68, 0x60, 0xff, 0x70, 0x68, 0x68, 0xff,
    0x70, 0x6c, 0x60, 0xff, 0x70, 0x68, 0x60, 0xff, 0x70, 0x68, 0x68, 0xff,
    0x70, 0x68, 0x60, 0xff, 0x70, 0x68, 0x60, 0xff, 0x70, 0x6c, 0x68, 0xff,
    0x70, 0x68, 0x60, 0xff, 0x70, 0x68, 0x60, 0xff, 0x70, 0x68, 0x68, 0xff,
    0x70, 0x68, 0x60, 0xff, 0x70, 0x6c, 0x60, 0xff, 0x70, 0x68, 0x68, 0xff,
    0x70, 0x68, 0x60, 0xff, 0x70, 0x68, 0x60, 0xff, 0x70, 0x68, 0x60, 0xff,
    0x70, 0x68, 0x68, 0xff, 0x70, 0x6c, 0x60, 0xff, 0x70, 0x68, 0x68, 0xff,
    0x70, 0x68, 0x60, 0xff, 0x70, 0x68, 0x68, 0xff, 0x70, 0x68, 0x60, 0xff,
    0x70, 0x68, 0x60, 0xff, 0x70, 0x6c, 0x68, 0xff, 0x70, 0x68, 0x60, 0xff,
    0x70, 0x68, 0x68, 0xff, 0x70, 0x68, 0x60, 0xff, 0x70, 0x68, 0x60, 0xff,
    0x70, 0x68, 0x68, 0xff, 0x70, 0x68, 0x60, 0xff, 0x70, 0x68, 0x68, 0xff,
    0x70, 0x68, 0x60, 0xff, 0x70, 0x68, 0x60, 0xff, 0x70, 0x68, 0x68, 0xff,
    0x70, 0x68, 0x60, 0xff, 0x70, 0x6c, 0x60, 0xff, 0x70, 0x68, 0x68, 0xff,
    0x70, 0x68, 0x60, 0xff, 0x70, 0x68, 0x68, 0xff, 0x70, 0x68, 0x60, 0xff,
    0x70, 0x6c, 0x60, 0xff, 0x70, 0x6c, 0x68, 0xff, 0x70, 0x68, 0x60, 0xff,
    0x70, 0x68, 0x68, 0xff, 0x70, 0x6c, 0x60, 0xff, 0x70, 0x68, 0x60, 0xff,
    0x70, 0x68, 0x68, 0xff, 0x70, 0x68, 0x60, 0xff, 0x70, 0x6c, 0x68, 0xff,
    0x70, 0x68, 0x60, 0xff, 0x70, 0x68, 0x60, 0xff, 0x70, 0x6c, 0x68, 0xff,
    0x70, 0x68, 0x60, 0xff, 0x70, 0x68, 0x60, 0xff, 0x70, 0x68, 0x68, 0xff,
    0x70, 0x68, 0x60, 0xff, 0x70, 0x68, 0x60, 0xff, 0x70, 0x6c, 0x68, 0xff,
    0x70, 0x68, 0x68, 0xff, 0x70, 0x68, 0x60, 0xff, 0x70, 0x68, 0x60, 0xff,
    0x70, 0x6c, 0x60, 0xff, 0x70, 0x68, 0x68, 0xff, 0x70, 0x68, 0x60, 0xff,
    0x70, 0x6c, 0x60, 0xff, 0x70, 0x68, 0x68, 0xff, 0x70, 0x68, 0x60, 0xff,
    0x70, 0x68, 0x60, 0xff, 0x70, 0x68, 0x68, 0xff, 0x70, 0x68, 0x60, 0xff,
    0x70, 0x68, 0x60, 0xff, 0x70, 0x6c, 0x68, 0xff, 0x70, 0x68, 0x60, 0xff,
    0x70, 0x68, 0x60, 0xff, 0x70, 0x68, 0x68, 0xff, 0x70, 0x68, 0x60, 0xff,
    0x70, 0x68, 0x60, 0xff, 0x70, 0x6c, 0x68, 0xff, 0x70, 0x68, 0x60, 0xff,
    0x70, 0x68, 0x60, 0xff, 0x70, 0x68, 0x68, 0xff, 0x70, 0x6c, 0x60, 0xff,
    0x70, 0x68, 0x60, 0xff, 0x70, 0x68, 0x68, 0xff, 0x70, 0x68, 0x60, 0xff,
    0x70, 0x68, 0x68, 0xff, 0x70, 0x68, 0x68, 0xff, 0x70, 0x68, 0x60, 0xff,
    0x70, 0x68, 0x60, 0xff, 0x70, 0x68, 0x68, 0xff, 0x70, 0x68, 0x60, 0xff,
    0x70, 0x6c, 0x60, 0xff, 0x70, 0x68, 0x68, 0xff, 0x70, 0x68, 0x60, 0xff,
    0x70, 0x68, 0x60, 0xff, 0x70, 0x68, 0x68, 0xff, 0x70, 0x68, 0x60, 0xff,
    0x70, 0x68, 0x60, 0xff, 0x70, 0x68, 0x68, 0xff, 0x70, 0x68, 0x60, 0xff,
    0x70, 0x6c, 0x60, 0xff, 0x70, 0x68, 0x68, 0xff, 0x70, 0x68, 0x60, 0xff,
    0x70, 0x68, 0x68, 0xff, 0x70, 0x68, 0x68, 0xff, 0x70, 0x6c, 0x60, 0xff,
    0x70, 0x68, 0x60, 0xff, 0x70, 0x6c, 0x68, 0xff, 0x70, 0x68, 0x60, 0xff,
    0x70, 0x68, 0x60, 0xff, 0x70, 0x6c, 0x68, 0xff, 0x70, 0x68, 0x60, 0xff,
    0x70, 0x68, 0x60, 0xff, 0x70, 0x6c, 0x68, 0xff, 0x70, 0x68, 0x60, 0xff,
    0x70, 0x68, 0x60, 0xff, 0x70, 0x68, 0x68, 0xff, 0x70, 0x68, 0x60, 0xff,
    0x70, 0x68, 0x60, 0xff, 0x70, 0x68, 0x68, 0xff, 0x70, 0x68, 0x60, 0xff,
    0x70, 0x68, 0x68, 0xff, 0x70, 0x68, 0x68, 0xff, 0x70, 0x68, 0x60, 0xff,
    0x70, 0x6c, 0x60, 0xff, 0x70, 0x68, 0x68, 0xff, 0x70, 0x68, 0x60, 0xff,
    0x70, 0x68, 0x60, 0xff, 0x70, 0x68, 0x68, 0xff, 0x70, 0x6c, 0x60, 0xff,
    0x70, 0x68, 0x60, 0xff, 0x70, 0x68, 0x68, 0xff, 0x70, 0x68, 0x60, 0xff,
    0x70, 0x68, 0x60, 0xff, 0x70, 0x6c, 0x68, 0xff, 0x70, 0x68, 0x60, 0xff,
    0x70, 0x68, 0x68, 0xff, 0x70, 0x6c, 0x60, 0xff, 0x70, 0x68, 0x68, 0xff,
    0x70, 0x68, 0x60, 0xff, 0x70, 0x68, 0x60, 0xff, 0x70, 0x68, 0x68, 0xff,
    0x70, 0x68, 0x60, 0xff, 0x70, 0x6c, 0x68, 0xff, 0x70, 0x68, 0x60, 0xff,
    0x70, 0x68, 0x60, 0xff, 0x70, 0x6c, 0x68, 0xff, 0x70, 0x68, 0x60, 0xff,
    0x70, 0x68, 0x68, 0xff, 0x70, 0x6c, 0x60, 0xff, 0x70, 0x68, 0x60, 0xff,
    0x70, 0x68, 0x68, 0xff, 0x70, 0x68, 0x60, 0xff, 0x70, 0x68, 0x60, 0xff,
    0x70, 0x68, 0x60, 0xff, 0x70, 0x68, 0x60, 0xff, 0x70, 0x68, 0x68, 0xff,
    0x70, 0x68, 0x60, 0xff, 0x70, 0x68, 0x60, 0xff, 0x70, 0x6c, 0x68, 0xff,
    0x70, 0x68, 0x60, 0xff, 0x70, 0x68, 0x68, 0xff, 0x70, 0x6c, 0x60, 0xff,
    0x70, 0x68, 0x60, 0xff, 0x70, 0x68, 0x68, 0xff, 0x70, 0x6c, 0x60, 0xff,
    0x70, 0x68, 0x68, 0xff, 0x70, 0x68, 0x60, 0xff, 0x70, 0x68, 0x60, 0xff,
    0x70, 0x68, 0x68, 0xff, 0x70, 0x6c, 0x60, 0xff, 0x70, 0x68, 0x60, 0xff,
    0x70, 0x6c, 0x68, 0xff, 0x70, 0x6c, 0x60, 0xff, 0x70, 0x68, 0x60, 0xff,
    0x70, 0x68, 0x68, 0xff, 0x70, 0x68, 0x60, 0xff, 0x70, 0x6c, 0x60, 0xff,
    0x70, 0x68, 0x68, 0xff, 0x70, 0x6c, 0x60, 0xff, 0x70, 0x68, 0x60, 0xff,
    0x70, 0x68, 0x68, 0xff, 0x70, 0x6c, 0x60, 0xff, 0x70, 0x68, 0x60, 0xff,
    0x70, 0x68, 0x68, 0xff, 0x70, 0x68, 0x60, 0xff, 0x70, 0x68, 0x60, 0xff,
    0x70, 0x6c, 0x68, 0xff, 0x70, 0x68, 0x60, 0xff, 0x70, 0x68, 0x68, 0xff,
    0x70, 0x6c, 0x60, 0xff, 0x70, 0x68, 0x60, 0xff, 0x70, 0x68, 0x68, 0xff,
    0x70, 0x6c, 0x60, 0xff, 0x70, 0x68, 0x60, 0xff, 0x70, 0x68, 0x68, 0xff,
    0x70, 0x6c, 0x60, 0xff, 0x70, 0x68, 0x60, 0xff, 0x70, 0x68, 0x68, 0xff,
    0x70, 0x68, 0x60, 0xff, 0x70, 0x6c, 0x68, 0xff, 0x70, 0x68, 0x68, 0xff,
    0x70, 0x6c, 0x60, 0xff, 0x70, 0x6c, 0x60, 0xff, 0x70, 0x68, 0x68, 0xff,
    0x70, 0x6c, 0x60, 0xff, 0x70, 0x68, 0x68, 0xff, 0x70, 0x6c, 0x60, 0xff,
    0x70, 0x68, 0x68, 0xff, 0x70, 0x68, 0x60, 0xff, 0x70, 0x68, 0x60, 0xff,
    0x70, 0x6c, 0x68, 0xff, 0x70, 0x68, 0x60, 0xff, 0x70, 0x68, 0x60, 0xff,
    0x70, 0x68, 0x68, 0xff, 0x70, 0x68, 0x60, 0xff, 0x70, 0x68, 0x60, 0xff,
    0x70, 0x68, 0x68, 0xff, 0x70, 0x6c, 0x60, 0xff, 0x70, 0x68, 0x60, 0xff,
    0x70, 0x68, 0x68, 0xff, 0x70, 0x68, 0x60, 0xff, 0x70, 0x6c, 0x60, 0xff,
    0x70, 0x68, 0x68, 0xff, 0x70, 0x68, 0x60, 0xff, 0x70, 0x68, 0x60, 0xff,
    0x70, 0x6c, 0x68, 0xff, 0x70, 0x68, 0x68, 0xff, 0x70, 0x68, 0x60, 0xff,
    0x70, 0x6c, 0x60, 0xff, 0x70, 0x68, 0x68, 0xff, 0x70, 0x68, 0x60, 0xff,
    0x70, 0x68, 0x60, 0xff, 0x70, 0x6c, 0x60, 0xff, 0x70, 0x68, 0x68, 0xff,
    0x70, 0x68, 0x60, 0xff, 0x70, 0x68, 0x68, 0xff, 0x70, 0x6c, 0x60, 0xff,
    0x70, 0x68, 0x68, 0xff, 0x70, 0x68, 0x60, 0xff, 0x70, 0x68, 0x68, 0xff,
    0x70, 0x6c, 0x60, 0xff, 0x70, 0x68, 0x60, 0xff, 0x70, 0x6c, 0x68, 0xff,
    0x70, 0x68, 0x60, 0xff, 0x70, 0x68, 0x60, 0xff, 0x70, 0x68, 0x68, 0xff,
    0x70, 0x68, 0x60, 0xff, 0x70, 0x68, 0x68, 0xff, 0x70, 0x68, 0x60, 0xff,
    0x70, 0x68, 0x60, 0xff, 0x70, 0x6c, 0x68, 0xff, 0x70, 0x68, 0x60, 0xff,
    0x70, 0x68, 0x60, 0xff, 0x70, 0x68, 0x68, 0xff, 0x70, 0x6c, 0x60, 0xff,
    0x70, 0x68, 0x60, 0xff, 0x70, 0x68, 0x68, 0xff, 0x70, 0x6c, 0x60, 0xff,
    0x70, 0x6c, 0x60, 0xff, 0x70, 0x68, 0x60, 0xff, 0x70, 0x6c, 0x68, 0xff,
    0x70, 0x68, 0x60, 0xff, 0x70, 0x6c, 0x60, 0xff, 0x70, 0x68, 0x68, 0xff,
    0x70, 0x68, 0x60, 0xff, 0x70, 0x68, 0x60, 0xff, 0x70, 0x68, 0x68, 0xff,
    0x70, 0x6c, 0x60, 0xff, 0x70, 0x68, 0x60, 0xff, 0x70, 0x6c, 0x68, 0xff,
    0x70, 0x68, 0x60, 0xff, 0x70, 0x6c, 0x68, 0xff, 0x70, 0x68, 0x60, 0xff,
    0x70, 0x68, 0x60, 0xff, 0x70, 0x68, 0x68, 0xff, 0x70, 0x6c, 0x60, 0xff,
    0x70, 0x68, 0x60, 0xff, 0x70, 0x68, 0x60, 0xff, 0x70, 0x6c, 0x68, 0xff,
    0x70, 0x68, 0x60, 0xff, 0x70, 0x68, 0x60, 0xff, 0x70, 0x68, 0x68, 0xff,
    0x70, 0x6c, 0x60, 0xff, 0x70, 0x68, 0x60, 0xff, 0x70, 0x68, 0x68, 0xff,
    0x70, 0x68, 0x60, 0xff, 0x70, 0x68, 0x60, 0xff, 0x70, 0x6c, 0x68, 0xff,
    0x70, 0x68, 0x60, 0xff, 0x70, 0x68, 0x68, 0xff, 0x70, 0x6c, 0x60, 0xff,
    0x70, 0x68, 0x60, 0xff, 0x70, 0x6c, 0x68, 0xff, 0x70, 0x6c, 0x60, 0xff,
    0x70, 0x68, 0x60, 0xff, 0x70, 0x68, 0x60, 0xff, 0x70, 0x6c, 0x68, 0xff,
    0x70, 0x68, 0x60, 0xff, 0x70, 0x68, 0x60, 0xff, 0x70, 0x6c, 0x68, 0xff,
    0x70, 0x68, 0x60, 0xff, 0x70, 0x68, 0x60, 0xff, 0x70, 0x6c, 0x68, 0xff,
    0x70, 0x68, 0x60, 0xff, 0x70, 0x68, 0x60, 0xff, 0x70, 0x68, 0x68, 0xff,
    0x70, 0x68, 0x60, 0xff, 0x70, 0x68, 0x68, 0xff, 0x70, 0x6c, 0x60, 0xff,
    0x70, 0x68, 0x60, 0xff, 0x70, 0x68, 0x68, 0xff, 0x70, 0x68, 0x60, 0xff,
    0x70, 0x68, 0x60, 0xff, 0x70, 0x6c, 0x68, 0xff, 0x70, 0x68, 0x60, 0xff,
    0x70, 0x68, 0x60, 0xff, 0x70, 0x68, 0x68, 0xff, 0x70, 0x68, 0x60, 0xff,
    0x70, 0x68, 0x60, 0xff, 0x70, 0x68, 0x68, 0xff, 0x70, 0x68, 0x60, 0xff,
    0x70, 0x68, 0x60, 0xff, 0x70, 0x68, 0x68, 0xff, 0x70, 0x68, 0x60, 0xff,
    0x70, 0x68, 0x68, 0xff, 0x70, 0x6c, 0x60, 0xff, 0x70, 0x68, 0x60, 0xff,
    0x70, 0x68, 0x68, 0xff, 0x70, 0x68, 0x60, 0xff, 0x70, 0x68, 0x68, 0xff,
    0x70, 0x6c, 0x60, 0xff, 0x70, 0x68, 0x60, 0xff, 0x70, 0x68, 0x68, 0xff,
    0x70, 0x68, 0x60, 0xff, 0x70, 0x68, 0x60, 0xff, 0x70, 0x68, 0x68, 0xff,
    0x70, 0x68, 0x60, 0xff, 0x70, 0x6c, 0x68, 0xff, 0x70, 0x68, 0x60, 0xff,
    0x70, 0x68, 0x60, 0xff, 0x70, 0x68, 0x68, 0xff, 0x70, 0x6c, 0x60, 0xff,
    0x70, 0x68, 0x68, 0xff, 0x70, 0x68, 0x68, 0xff, 0x70, 0x68, 0x60, 0xff,
    0x70, 0x68, 0x60, 0xff, 0x70, 0x68, 0x68, 0xff, 0x70, 0x68, 0x60, 0xff,
    0x70, 0x68, 0x68, 0xff, 0x70, 0x6c, 0x60, 0xff, 0x70, 0x68, 0x60, 0xff,
    0x70, 0x68, 0x68, 0xff, 0x70, 0x68, 0x60, 0xff, 0x70, 0x68, 0x60, 0xff,
    0x70, 0x68, 0x68, 0xff, 0x70, 0x68, 0x60, 0xff, 0x70, 0x68, 0x68, 0xff,
    0x70, 0x6c, 0x60, 0xff, 0x70, 0x6c, 0x68, 0xff, 0x70, 0x68, 0x60, 0xff,
    0x70, 0x68, 0x68, 0xff, 0x70, 0x68, 0x60, 0xff, 0x70, 0x6c, 0x60, 0xff,
    0x70, 0x68, 0x68, 0xff, 0x70, 0x68, 0x68, 0xff, 0x70, 0x68, 0x60, 0xff,
    0x70, 0x68, 0x60, 0xff, 0x70, 0x68, 0x68, 0xff, 0x70, 0x6c, 0x60, 0xff,
    0x70, 0x68, 0x60, 0xff, 0x70, 0x68, 0x68, 0xff, 0x70, 0x6c, 0x60, 0xff,
    0x70, 0x68, 0x60, 0xff, 0x70, 0x68, 0x60, 0xff, 0x70, 0x68, 0x60, 0xff,
    0x70, 0x68, 0x68, 0xff, 0x70, 0x68, 0x60, 0xff, 0x70, 0x68, 0x60, 0xff,
    0x70, 0x68, 0x68, 0xff, 0x70, 0x68, 0x60, 0xff, 0x70, 0x6c, 0x60, 0xff,
    0x70, 0x68, 0x68, 0xff, 0x70, 0x68, 0x60, 0xff, 0x70, 0x6c, 0x68, 0xff,
    0x70, 0x68, 0x60, 0xff, 0x70, 0x68, 0x60, 0xff, 0x70, 0x6c, 0x68, 0xff,
    0x70, 0x68, 0x60, 0xff, 0x70, 0x6c, 0x68, 0xff, 0x70, 0x68, 0x60, 0xff,
    0x70, 0x68, 0x60, 0xff, 0x70, 0x6c, 0x68, 0xff, 0x70, 0x68, 0x60, 0xff,
    0x70, 0x68, 0x68, 0xff, 0x70, 0x68, 0x60, 0xff, 0x70, 0x6c, 0x60, 0xff,
    0x70, 0x68, 0x68, 0xff, 0x70, 0x68, 0x60, 0xff, 0x70, 0x68, 0x68, 0xff,
    0x70, 0x6c, 0x60, 0xff, 0x70, 0x68, 0x60, 0xff, 0x70, 0x68, 0x68, 0xff,
    0x70, 0x6c, 0x60, 0xff, 0x70, 0x68, 0x60, 0xff, 0x70, 0x6c, 0x68, 0xff,
    0x70, 0x68, 0x60, 0xff, 0x70, 0x68, 0x60, 0xff, 0x70, 0x68, 0x68, 0xff,
    0x70, 0x6c, 0x60, 0xff, 0x70, 0x68, 0x60, 0xff, 0x70, 0x68, 0x68, 0xff,
    0x70, 0x68, 0x60, 0xff, 0x70, 0x6c, 0x60, 0xff, 0x70, 0x68, 0x68, 0xff,
    0x70, 0x68, 0x60, 0xff, 0x70, 0x68, 0x68, 0xff, 0x70, 0x6c, 0x60, 0xff,
    0x70, 0x68, 0x68, 0xff, 0x70, 0x68, 0x68, 0xff, 0x70, 0x6c, 0x60, 0xff,
    0x70, 0x68, 0x60, 0xff, 0x70, 0x6c, 0x68, 0xff, 0x70, 0x6c, 0x60, 0xff,
    0x70, 0x68, 0x60, 0xff, 0x70, 0x68, 0x68, 0xff, 0x70, 0x68, 0x68, 0xff,
    0x70, 0x68, 0x60, 0xff, 0x70, 0x6c, 0x60, 0xff, 0x70, 0x68, 0x68, 0xff,
    0x70, 0x68, 0x60, 0xff, 0x70, 0x68, 0x68, 0xff, 0x70, 0x68, 0x60, 0xff,
    0x70, 0x68, 0x68, 0xff, 0x70, 0x68, 0x60, 0xff, 0x70, 0x68, 0x60, 0xff,
    0x70, 0x68, 0x68, 0xff, 0x70, 0x6c, 0x60, 0xff, 0x70, 0x68, 0x60, 0xff,
    0x70, 0x68, 0x68, 0xff, 0x70, 0x6c, 0x60, 0xff, 0x70, 0x68, 0x60, 0xff,
    0x70, 0x68, 0x68, 0xff, 0x70, 0x68, 0x60, 0xff, 0x70, 0x6c, 0x60, 0xff,
    0x70, 0x68, 0x68, 0xff, 0x70, 0x68, 0x60, 0xff, 0x70, 0x68, 0x60, 0xff,
    0x70, 0x6c, 0x68, 0xff, 0x70, 0x68, 0x60, 0xff, 0x70, 0x68, 0x68, 0xff,
    0x70, 0x68, 0x68, 0xff, 0x70, 0x6c, 0x60, 0xff, 0x70, 0x68, 0x60, 0xff,
    0x70, 0x68, 0x68, 0xff, 0x70, 0x68, 0x60, 0xff, 0x70, 0x68, 0x60, 0xff,
    0x70, 0x68, 0x68, 0xff, 0x70, 0x68, 0x60, 0xff, 0x70, 0x6c, 0x60, 0xff,
    0x70, 0x68, 0x68, 0xff, 0x70, 0x68, 0x60, 0xff, 0x70, 0x6c, 0x60, 0xff,
    0x70, 0x68, 0x68, 0xff, 0x70, 0x68, 0x60, 0xff, 0x70, 0x6c, 0x60, 0xff,
    0x70, 0x68, 0x68, 0xff, 0x70, 0x68, 0x60, 0xff, 0x70, 0x68, 0x68, 0xff,
    0x70, 0x68, 0x68, 0xff, 0x70, 0x68, 0x60, 0xff, 0x70, 0x6c, 0x60, 0xff,
    0x70, 0x68, 0x68, 0xff, 0x70, 0x68, 0x60, 0xff, 0x70, 0x68, 0x60, 0xff,
    0x70, 0x68, 0x68, 0xff, 0x70, 0x6c, 0x60, 0xff, 0x70, 0x68, 0x60, 0xff,
    0x70, 0x68, 0x68, 0xff, 0x70, 0x68, 0x60, 0xff, 0x70, 0x6c, 0x68, 0xff,
    0x70, 0x68, 0x60, 0xff, 0x70, 0x6c, 0x60, 0xff, 0x70, 0x68, 0x68, 0xff,
    0x70, 0x68, 0x60, 0xff, 0x70, 0x6c, 0x60, 0xff, 0x70, 0x68, 0x68, 0xff,
    0x70, 0x68, 0x60, 0xff, 0x70, 0x6c, 0x60, 0xff, 0x70, 0x68, 0x68, 0xff,
    0x70, 0x68, 0x60, 0xff, 0x70, 0x6c, 0x60, 0xff, 0x70, 0x6c, 0x68, 0xff,
    0x70, 0x68, 0x60, 0xff, 0x70, 0x6c, 0x68, 0xff, 0x70, 0x68, 0x60, 0xff,
    0x70, 0x6c, 0x60, 0xff, 0x70, 0x68, 0x68, 0xff, 0x70, 0x6c, 0x60, 0xff,
    0x70, 0x68, 0x60, 0xff, 0x70, 0x68, 0x68, 0xff, 0x70, 0x6c, 0x60, 0xff,
    0x70, 0x68, 0x60, 0xff, 0x70, 0x68, 0x68, 0xff, 0x70, 0x68, 0x60, 0xff,
    0x70, 0x68, 0x68, 0xff, 0x70, 0x6c, 0x60, 0xff, 0x70, 0x68, 0x68, 0xff,
    0x70, 0x68, 0x60, 0xff, 0x70, 0x6c, 0x60, 0xff, 0x70, 0x68, 0x68, 0xff,
    0x70, 0x68, 0x60, 0xff, 0x70, 0x68, 0x60, 0xff, 0x70, 0x68, 0x68, 0xff,
    0x70, 0x6c, 0x60, 0xff, 0x70, 0x68, 0x60, 0xff, 0x70, 0x68, 0x68, 0xff,
    0x70, 0x6c, 0x60, 0xff, 0x70, 0x68, 0x60, 0xff, 0x70, 0x68, 0x60, 0xff,
    0x70, 0x6c, 0x68, 0xff, 0x70, 0x68, 0x60, 0xff, 0x70, 0x68, 0x60, 0xff,
    0x70, 0x68, 0x68, 0xff, 0x70, 0x68, 0x60, 0xff, 0x70, 0x68, 0x60, 0xff,
    0x70, 0x6c, 0x68, 0xff, 0x70, 0x68, 0x60, 0xff, 0x70, 0x68, 0x60, 0xff,
    0x70, 0x6c, 0x68, 0xff, 0x70, 0x68, 0x60, 0xff, 0x70, 0x68, 0x60, 0xff,
    0x70, 0x68, 0x68, 0xff, 0x70, 0x68, 0x60, 0xff, 0x70, 0x68, 0x60, 0xff,
    0x70, 0x6c, 0x68, 0xff, 0x70, 0x68, 0x60, 0xff, 0x70, 0x68, 0x60, 0xff,
    0x70, 0x68, 0x68, 0xff, 0x70, 0x6c, 0x60, 0xff, 0x70, 0x68, 0x60, 0xff,
    0x70, 0x6c, 0x68, 0xff, 0x70, 0x68, 0x60, 0xff, 0x70, 0x68, 0x60, 0xff,
    0x70, 0x68, 0x68, 0xff, 0x70, 0x68, 0x60, 0xff, 0x70, 0x68, 0x68, 0xff,
    0x70, 0x68, 0x68, 0xff, 0x70, 0x6c, 0x60, 0xff, 0x70, 0x68, 0x68, 0xff,
    0x70, 0x68, 0x60, 0xff, 0x70, 0x6c, 0x60, 0xff, 0x70, 0x68, 0x68, 0xff,
    0x70, 0x68, 0x60, 0xff, 0x70, 0x68, 0x60, 0xff, 0x70, 0x68, 0x68, 0xff,
    0x70, 0x68, 0x60, 0xff, 0x70, 0x68, 0x60, 0xff, 0x70, 0x68, 0x68, 0xff,
    0x70, 0x6c, 0x60, 0xff, 0x70, 0x68, 0x60, 0xff, 0x70, 0x68, 0x68, 0xff,
    0x70, 0x68, 0x60, 0xff, 0x70, 0x68, 0x60, 0xff, 0x70, 0x6c, 0x68, 0xff,
    0x70, 0x68, 0x60, 0xff, 0x70, 0x68, 0x68, 0xff, 0x70, 0x68, 0x60, 0xff,
    0x70, 0x68, 0x60, 0xff, 0x70, 0x6c, 0x68, 0xff, 0x70, 0x68, 0x60, 0xff,
    0x70, 0x68, 0x68, 0xff, 0x70, 0x68, 0x60, 0xff, 0x70, 0x68, 0x60, 0xff,
    0x70, 0x6c, 0x68, 0xff, 0x70, 0x68, 0x60, 0xff, 0x70, 0x68, 0x60, 0xff,
    0x70, 0x68, 0x68, 0xff, 0x70, 0x68, 0x60, 0xff, 0x70, 0x68, 0x60, 0xff,
    0x70, 0x68, 0x68, 0xff, 0x70, 0x6c, 0x68, 0xff, 0x70, 0x68, 0x60, 0xff,
    0x70, 0x68, 0x68, 0xff, 0x70, 0x68, 0x60, 0xff, 0x70, 0x6c, 0x60, 0xff,
    0x70, 0x68, 0x68, 0xff, 0x70, 0x68, 0x60, 0xff, 0x70, 0x68, 0x60, 0xff,
    0x70, 0x6c, 0x68, 0xff, 0x70, 0x68, 0x60, 0xff, 0x70, 0x68, 0x60, 0xff,
    0x70, 0x68, 0x60, 0xff, 0x70, 0x68, 0x60, 0xff, 0x70, 0x68, 0x68, 0xff,
    0x70, 0x6c, 0x60, 0xff, 0x70, 0x68, 0x60, 0xff, 0x70, 0x68, 0x68, 0xff,
    0x70, 0x68, 0x60, 0xff, 0x70, 0x68, 0x60, 0xff, 0x70, 0x6c, 0x68, 0xff,
    0x70, 0x68, 0x60, 0xff, 0x70, 0x68, 0x60, 0xff, 0x70, 0x6c, 0x68, 0xff,
    0x70, 0x68, 0x60, 0xff, 0x70, 0x68, 0x60, 0xff, 0x70, 0x6c, 0x68, 0xff,
    0x70, 0x68, 0x60, 0xff, 0x70, 0x68, 0x60, 0xff, 0x70, 0x6c, 0x68, 0xff,
    0x70, 0x68, 0x60, 0xff, 0x70, 0x68, 0x68, 0xff, 0x70, 0x68, 0x60, 0xff,
    0x70, 0x68, 0x60, 0xff, 0x70, 0x68, 0x68, 0xff, 0x70, 0x6c, 0x60, 0xff,
    0x70, 0x68, 0x68, 0xff, 0x70, 0x68, 0x60, 0xff, 0x70, 0x68, 0x68, 0xff,
    0x70, 0x68, 0x60, 0xff, 0x70, 0x68, 0x68, 0xff, 0x70, 0x68, 0x60, 0xff,
    0x70, 0x68, 0x60, 0xff, 0x70, 0x6c, 0x68, 0xff, 0x70, 0x68, 0x60, 0xff,
    0x70, 0x68, 0x60, 0xff, 0x70, 0x68, 0x68, 0xff, 0x70, 0x68, 0x60, 0xff,
    0x70, 0x6c, 0x60, 0xff, 0x70, 0x68, 0x68, 0xff, 0x70, 0x6c, 0x60, 0xff,
    0x70, 0x68, 0x60, 0xff, 0x70, 0x68, 0x68, 0xff, 0x70, 0x6c, 0x60, 0xff,
    0x70, 0x68, 0x68, 0xff, 0x70, 0x68, 0x60, 0xff, 0x70, 0x68, 0x68, 0xff,
    0x70, 0x68, 0x60, 0xff, 0x70, 0x68, 0x68, 0xff, 0x70, 0x68, 0x60, 0xff,
    0x70, 0x68, 0x60, 0xff, 0x70, 0x68, 0x68, 0xff, 0x70, 0x68, 0x60, 0xff,
    0x70, 0x6c, 0x60, 0xff, 0x70, 0x68, 0x68, 0xff, 0x70, 0x68, 0x60, 0xff,
    0x70, 0x68, 0x60, 0xff, 0x70, 0x68, 0x68, 0xff, 0x70, 0x6c, 0x60, 0xff,
    0x70, 0x68, 0x60, 0xff, 0x70, 0x68, 0x68, 0xff, 0x70, 0x68, 0x60, 0xff,
    0x70, 0x68, 0x68, 0xff, 0x70, 0x68, 0x60, 0xff, 0x70, 0x6c, 0x60, 0xff,
    0x70, 0x68, 0x68, 0xff, 0x70, 0x68, 0x60, 0xff, 0x70, 0x68, 0x60, 0xff,
    0x70, 0x68, 0x68, 0xff, 0x70, 0x68, 0x60, 0xff, 0x70, 0x68, 0x68, 0xff,
    0x70, 0x6c, 0x60, 0xff, 0x70, 0x68, 0x68, 0xff, 0x70, 0x68, 0x60, 0xff,
    0x70, 0x68, 0x68, 0xff, 0x70, 0x68, 0x68, 0xff, 0x70, 0x68, 0x60, 0xff,
    0x70, 0x68, 0x60, 0xff, 0x70, 0x68, 0x68, 0xff, 0x70, 0x68, 0x60, 0xff,
    0x70, 0x6c, 0x60, 0xff, 0x70, 0x68, 0x68, 0xff, 0x70, 0x68, 0x68, 0xff,
    0x70, 0x68, 0x60, 0xff, 0x70, 0x6c, 0x60, 0xff, 0x70, 0x68, 0x68, 0xff,
    0x70, 0x68, 0x60, 0xff, 0x70, 0x68, 0x60, 0xff, 0x70, 0x68, 0x60, 0xff,
    0x70, 0x68, 0x60, 0xff, 0x70, 0x68, 0x60, 0xff, 0x70, 0x68, 0x68, 0xff,
    0x70, 0x68, 0x60, 0xff, 0x70, 0x6c, 0x68, 0xff, 0x70, 0x68, 0x60, 0xff,
    0x70, 0x6c, 0x68, 0xff, 0x70, 0x68, 0x60, 0xff, 0x70, 0x6c, 0x60, 0xff,
    0x70, 0x68, 0x68, 0xff, 0x70, 0x68, 0x60, 0xff, 0x70, 0x68, 0x68, 0xff,
    0x70, 0x68, 0x60, 0xff, 0x70, 0x68, 0x60, 0xff, 0x70, 0x68, 0x68, 0xff,
    0x70, 0x6c, 0x60, 0xff, 0x70, 0x68, 0x60, 0xff, 0x70, 0x68, 0x68, 0xff,
    0x70, 0x6c, 0x60, 0xff, 0x70, 0x6c, 0x60, 0xff, 0x70, 0x68, 0x68, 0xff,
    0x70, 0x68, 0x60, 0xff, 0x70, 0x68, 0x68, 0xff, 0x70, 0x6c, 0x60, 0xff,
    0x70, 0x68, 0x68, 0xff, 0x70, 0x68, 0x68, 0xff, 0x70, 0x6c, 0x60, 0xff,
    0x70, 0x6c, 0x60, 0xff, 0x70, 0x68, 0x68, 0xff, 0x70, 0x68, 0x60, 0xff,
    0x70, 0x68, 0x60, 0xff, 0x70, 0x68, 0x68, 0xff, 0x70, 0x6c, 0x60, 0xff,
    0x70, 0x68, 0x68, 0xff, 0x70, 0x68, 0x60, 0xff, 0x70, 0x68, 0x60, 0xff,
    0x70, 0x68, 0x60, 0xff, 0x70, 0x68, 0x68, 0xff, 0x70, 0x6c, 0x60, 0xff,
    0x70, 0x68, 0x60, 0xff, 0x70, 0x6c, 0x68, 0xff, 0x70, 0x68, 0x60, 0xff,
    0x70, 0x68, 0x60, 0xff, 0x70, 0x6c, 0x60, 0xff, 0x70, 0x68, 0x68, 0xff,
    0x70, 0x68, 0x60, 0xff, 0x70, 0x6c, 0x68, 0xff, 0x70, 0x68, 0x60, 0xff,
    0x70, 0x6c, 0x68, 0xff, 0x70, 0x68, 0x60, 0xff, 0x70, 0x6c, 0x60, 0xff,
    0x70, 0x6c, 0x68, 0xff, 0x70, 0x68, 0x60, 0xff, 0x70, 0x68, 0x60, 0xff,
    0x70, 0x6c, 0x68, 0xff, 0x70, 0x68, 0x60, 0xff, 0x70, 0x68, 0x68, 0xff,
    0x70, 0x6c, 0x60, 0xff, 0x70, 0x68, 0x60, 0xff, 0x70, 0x68, 0x68, 0xff,
    0x70, 0x68, 0x60, 0xff, 0x70, 0x6c, 0x60, 0xff, 0x70, 0x68, 0x68, 0xff,
    0x70, 0x68, 0x60, 0xff, 0x70, 0x6c, 0x60, 0xff, 0x70, 0x68, 0x68, 0xff,
    0x70, 0x68, 0x60, 0xff, 0x70, 0x6c, 0x60, 0xff, 0x70, 0x68, 0x68, 0xff,
    0x70, 0x68, 0x60, 0xff, 0x70, 0x68, 0x60, 0xff, 0x70, 0x68, 0x68, 0xff,
    0x70, 0x6c, 0x60, 0xff, 0x70, 0x68, 0x60, 0xff, 0x70, 0x68, 0x68, 0xff,
    0x70, 0x6c, 0x60, 0xff, 0x70, 0x68, 0x60, 0xff, 0x70, 0x68, 0x60, 0xff,
    0x70, 0x6c, 0x68, 0xff, 0x70, 0x68, 0x60, 0xff, 0x70, 0x68, 0x60, 0xff,
    0x70, 0x68, 0x68, 0xff, 0x70, 0x6c, 0x60, 0xff, 0x70, 0x68, 0x68, 0xff,
    0x70, 0x68, 0x60, 0xff, 0x70, 0x68, 0x60, 0xff, 0x70, 0x6c, 0x68, 0xff,
    0x70, 0x68, 0x60, 0xff, 0x70, 0x68, 0x68, 0xff, 0x70, 0x6c, 0x60, 0xff,
    0x70, 0x68, 0x60, 0xff, 0x70, 0x68, 0x68, 0xff, 0x70, 0x68, 0x60, 0xff,
    0x70, 0x68, 0x68, 0xff, 0x70, 0x68, 0x60, 0xff, 0x70, 0x6c, 0x60, 0xff,
    0x70, 0x68, 0x68, 0xff, 0x70, 0x68, 0x60, 0xff, 0x70, 0x68, 0x60, 0xff,
    0x70, 0x68, 0x68, 0xff, 0x70, 0x68, 0x60, 0xff, 0x70, 0x6c, 0x60, 0xff,
    0x70, 0x68, 0x68, 0xff, 0x70, 0x68, 0x60, 0xff, 0x70, 0x6c, 0x60, 0xff,
    0x70, 0x68, 0x68, 0xff, 0x70, 0x68, 0x60, 0xff, 0x70, 0x6c, 0x60, 0xff,
    0x70, 0x68, 0x68, 0xff, 0x70, 0x68, 0x60, 0xff, 0x70, 0x6c, 0x60, 0xff,
    0x70, 0x68, 0x68, 0xff, 0x70, 0x68, 0x60, 0xff, 0x70, 0x6c, 0x60, 0xff,
    0x70, 0x6c, 0x68, 0xff, 0x70, 0x68, 0x60, 0xff, 0x70, 0x6c, 0x60, 0xff,
    0x70, 0x68, 0x68, 0xff, 0x70, 0x68, 0x60, 0xff, 0x70, 0x68, 0x68, 0xff,
    0x70, 0x6c, 0x60, 0xff, 0x70, 0x68, 0x60, 0xff, 0x70, 0x68, 0x68, 0xff,
    0x70, 0x6c, 0x60, 0xff, 0x70, 0x68, 0x60, 0xff, 0x70, 0x68, 0x68, 0xff,
    0x70, 0x68, 0x60, 0xff, 0x70, 0x6c, 0x68, 0xff, 0x70, 0x68, 0x60, 0xff,
    0x70, 0x68, 0x60, 0xff, 0x70, 0x68, 0x68, 0xff, 0x70, 0x6c, 0x60, 0xff,
    0x70, 0x68, 0x60, 0xff, 0x70, 0x6c, 0x68, 0xff, 0x70, 0x68, 0x60, 0xff,
    0x70, 0x6c, 0x68, 0xff, 0x70, 0x68, 0x60, 0xff, 0x70, 0x68, 0x60, 0xff,
    0x70, 0x6c, 0x68, 0xff, 0x70, 0x68, 0x60, 0xff, 0x70, 0x68, 0x60, 0xff,
    0x70, 0x6c, 0x68, 0xff, 0x70, 0x68, 0x60, 0xff, 0x70, 0x68, 0x68, 0xff,
    0x70, 0x6c, 0x60, 0xff, 0x70, 0x68, 0x68, 0xff, 0x70, 0x68, 0x60, 0xff,
    0x70, 0x6c, 0x60, 0xff, 0x70, 0x68, 0x68, 0xff, 0x70, 0x68, 0x60, 0xff,
    0x70, 0x68, 0x60, 0xff, 0x70, 0x68, 0x68, 0xff, 0x70, 0x6c, 0x60, 0xff,
    0x70, 0x68, 0x68, 0xff, 0x70, 0x6c, 0x60, 0xff, 0x70, 0x68, 0x60, 0xff,
    0x70, 0x68, 0x68, 0xff, 0x70, 0x68, 0x60, 0xff, 0x70, 0x6c, 0x60, 0xff,
    0x70, 0x68, 0x60, 0xff, 0x70, 0x6c, 0x60, 0xff, 0x70, 0x68, 0x68, 0xff,
    0x70, 0x68, 0x60, 0xff, 0x70, 0x6c, 0x60, 0xff, 0x70, 0x68, 0x68, 0xff,
    0x70, 0x68, 0x60, 0xff, 0x70, 0x68, 0x60, 0xff, 0x70, 0x68, 0x68, 0xff,
    0x70, 0x68, 0x60, 0xff, 0x70, 0x68, 0x60, 0xff, 0x70, 0x68, 0x68, 0xff,
    0x70, 0x6c, 0x60, 0xff, 0x70, 0x68, 0x68, 0xff, 0x70, 0x68, 0x68, 0xff,
    0x70, 0x6c, 0x60, 0xff, 0x70, 0x68, 0x60, 0xff, 0x70, 0x68, 0x68, 0xff,
    0x70, 0x6c, 0x60, 0xff, 0x70, 0x68, 0x60, 0xff, 0x70, 0x68, 0x60, 0xff,
    0x70, 0x68, 0x68, 0xff, 0x70, 0x68, 0x60, 0xff, 0x70, 0x68, 0x68, 0xff,
    0x70, 0x68, 0x60, 0xff, 0x70, 0x6c, 0x60, 0xff, 0x70, 0x68, 0x68, 0xff,
    0x70, 0x68, 0x60, 0xff, 0x70, 0x6c, 0x60, 0xff, 0x70, 0x68, 0x68, 0xff,
    0x70, 0x68, 0x68, 0xff, 0x70, 0x68, 0x60, 0xff, 0x70, 0x68, 0x60, 0xff,
    0x70, 0x68, 0x68, 0xff, 0x70, 0x68, 0x60, 0xff, 0x70, 0x68, 0x68, 0xff,
    0x70, 0x6c, 0x60, 0xff, 0x70, 0x68, 0x60, 0xff, 0x70, 0x68, 0x68, 0xff,
    0x70, 0x68, 0x60, 0xff, 0x70, 0x68, 0x60, 0xff, 0x70, 0x68, 0x60, 0xff,
    0x70, 0x68, 0x68, 0xff, 0x70, 0x68, 0x60, 0xff, 0x70, 0x6c, 0x60, 0xff,
    0x70, 0x68, 0x68, 0xff, 0x70, 0x68, 0x60, 0xff, 0x70, 0x68, 0x60, 0xff,
    0x70, 0x68, 0x68, 0xff, 0x70, 0x6c, 0x60, 0xff, 0x70, 0x68, 0x68, 0xff,
    0x70, 0x68, 0x60, 0xff, 0x70, 0x6c, 0x68, 0xff, 0x70, 0x68, 0x60, 0xff,
    0x70, 0x68, 0x68, 0xff, 0x70, 0x68, 0x60, 0xff, 0x70, 0x68, 0x68, 0xff,
    0x70, 0x6c, 0x60, 0xff, 0x70, 0x68, 0x60, 0xff, 0x70, 0x68, 0x68, 0xff,
    0x70, 0x68, 0x60, 0xff, 0x70, 0x68, 0x60, 0xff, 0x70, 0x68, 0x60, 0xff,
    0x70, 0x68, 0x68, 0xff, 0x70, 0x68, 0x60, 0xff, 0x70, 0x68, 0x60, 0xff,
    0x70, 0x68, 0x68, 0xff, 0x70, 0x68, 0x60, 0xff, 0x70, 0x68, 0x68, 0xff,
    0x70, 0x6c, 0x60, 0xff, 0x70, 0x68, 0x60, 0xff, 0x70, 0x68, 0x68, 0xff,
    0x70, 0x68, 0x60, 0xff, 0x70, 0x68, 0x60, 0xff, 0x70, 0x6c, 0x68, 0xff,
    0x70, 0x68, 0x68, 0xff, 0x70, 0x68, 0x60, 0xff, 0x70, 0x68, 0x60, 0xff,
    0x70, 0x6c, 0x68, 0xff, 0x70, 0x68, 0x60, 0xff, 0x70, 0x68, 0x68, 0xff,
    0x70, 0x68, 0x60, 0xff, 0x70, 0x68, 0x60, 0xff, 0x70, 0x6c, 0x68, 0xff,
    0x70, 0x68, 0x60, 0xff, 0x70, 0x68, 0x68, 0xff, 0x70, 0x6c, 0x60, 0xff,
    0x70, 0x68, 0x68, 0xff, 0x70, 0x68, 0x60, 0xff, 0x70, 0x6c, 0x68, 0xff,
    0x70, 0x68, 0x60, 0xff, 0x70, 0x68, 0x68, 0xff, 0x70, 0x68, 0x60, 0xff,
    0x70, 0x68, 0x60, 0xff, 0x70, 0x68, 0x68, 0xff, 0x70, 0x6c, 0x60, 0xff,
    0x70, 0x68, 0x68, 0xff, 0x70, 0x68, 0x60, 0xff, 0x70, 0x68, 0x60, 0xff,
    0x70, 0x6c, 0x68, 0xff, 0x70, 0x68, 0x60, 0xff, 0x70, 0x68, 0x60, 0xff,
    0x70, 0x68, 0x68, 0xff, 0x70, 0x6c, 0x60, 0xff, 0x70, 0x68, 0x68, 0xff,
    0x70, 0x68, 0x60, 0xff, 0x70, 0x6c, 0x60, 0xff, 0x70, 0x68, 0x68, 0xff,
    0x70, 0x68, 0x60, 0xff, 0x70, 0x6c, 0x60, 0xff, 0x70, 0x68, 0x68, 0xff,
    0x70, 0x68, 0x60, 0xff, 0x70, 0x6c, 0x68, 0xff, 0x70, 0x68, 0x60, 0xff,
    0x70, 0x6c, 0x68, 0xff, 0x70, 0x68, 0x60, 0xff, 0x70, 0x68, 0x68, 0xff,
    0x70, 0x68, 0x60, 0xff, 0x70, 0x68, 0x68, 0xff, 0x70, 0x68, 0x60, 0xff,
    0x70, 0x68, 0x68, 0xff, 0x70, 0x68, 0x60, 0xff, 0x70, 0x68, 0x60, 0xff,
    0x70, 0x6c, 0x68, 0xff, 0x70, 0x68, 0x68, 0xff, 0x70, 0x68, 0x60, 0xff,
    0x70, 0x68, 0x60, 0xff, 0x70, 0x68, 0x68, 0xff, 0x70, 0x68, 0x60, 0xff,
    0x70, 0x68, 0x60, 0xff, 0x70, 0x68, 0x68, 0xff, 0x70, 0x68, 0x60, 0xff,
    0x70, 0x68, 0x60, 0xff, 0x70, 0x6c, 0x68, 0xff, 0x70, 0x68, 0x60, 0xff,
    0x70, 0x68, 0x60, 0xff, 0x70, 0x68, 0x68, 0xff, 0x70, 0x6c, 0x60, 0xff,
    0x70, 0x68, 0x60, 0xff, 0x70, 0x68, 0x68, 0xff, 0x70, 0x68, 0x60, 0xff,
    0x70, 0x68, 0x60, 0xff, 0x70, 0x68, 0x68, 0xff, 0x70, 0x68, 0x60, 0xff,
    0x70, 0x6c, 0x60, 0xff, 0x70, 0x68, 0x68, 0xff, 0x70, 0x68, 0x60, 0xff,
    0x70, 0x68, 0x60, 0xff, 0x70, 0x6c, 0x68, 0xff, 0x70, 0x68, 0x60, 0xff,
    0x70, 0x68, 0x60, 0xff, 0x70, 0x68, 0x68, 0xff, 0x70, 0x6c, 0x60, 0xff,
    0x70, 0x68, 0x60, 0xff, 0x70, 0x68, 0x68, 0xff, 0x70, 0x68, 0x60, 0xff,
    0x70, 0x68, 0x60, 0xff, 0x70, 0x6c, 0x68, 0xff, 0x70, 0x68, 0x60, 0xff,
    0x70, 0x68, 0x60, 0xff, 0x70, 0x68, 0x68, 0xff, 0x70, 0x68, 0x60, 0xff,
    0x70, 0x6c, 0x60, 0xff, 0x70, 0x68, 0x68, 0xff, 0x70, 0x6c, 0x60, 0xff,
    0x70, 0x68, 0x68, 0xff, 0x70, 0x68, 0x60, 0xff, 0x70, 0x6c, 0x60, 0xff,
    0x70, 0x68, 0x68, 0xff, 0x70, 0x68, 0x60, 0xff, 0x70, 0x68, 0x60, 0xff,
    0x70, 0x6c, 0x68, 0xff, 0x70, 0x68, 0x60, 0xff, 0x70, 0x68, 0x68, 0xff,
    0x70, 0x68, 0x60, 0xff, 0x70, 0x68, 0x68, 0xff, 0x70, 0x68, 0x60, 0xff,
    0x70, 0x6c, 0x60, 0xff, 0x70, 0x68, 0x68, 0xff, 0x70, 0x68, 0x60, 0xff,
    0x70, 0x6c, 0x68, 0xff, 0x70, 0x68, 0x60, 0xff, 0x70, 0x68, 0x60, 0xff,
    0x70, 0x6c, 0x68, 0xff, 0x70, 0x6c, 0x60, 0xff, 0x70, 0x68, 0x60, 0xff,
    0x70, 0x68, 0x68, 0xff, 0x70, 0x68, 0x60, 0xff, 0x70, 0x6c, 0x60, 0xff,
    0x70, 0x68, 0x68, 0xff, 0x70, 0x68, 0x60, 0xff, 0x70, 0x68, 0x60, 0xff,
    0x70, 0x68, 0x68, 0xff, 0x70, 0x6c, 0x60, 0xff, 0x70, 0x68, 0x60, 0xff,
    0x70, 0x68, 0x68, 0xff, 0x70, 0x6c, 0x60, 0xff, 0x70, 0x68, 0x60, 0xff,
    0x70, 0x68, 0x68, 0xff, 0x70, 0x68, 0x60, 0xff, 0x70, 0x68, 0x60, 0xff,
    0x70, 0x6c, 0x68, 0xff, 0x70, 0x68, 0x60, 0xff, 0x70, 0x68, 0x60, 0xff,
    0x70, 0x6c, 0x68, 0xff, 0x70, 0x68, 0x60, 0xff, 0x70, 0x6c, 0x60, 0xff,
    0x70, 0x6c, 0x68, 0xff, 0x70, 0x68, 0x60, 0xff, 0x70, 0x68, 0x60, 0xff,
    0x70, 0x68, 0x68, 0xff, 0x70, 0x68, 0x60, 0xff, 0x70, 0x6c, 0x60, 0xff,
    0x70, 0x68, 0x68, 0xff, 0x70, 0x68, 0x60, 0xff, 0x70, 0x6c, 0x60, 0xff,
    0x70, 0x68, 0x68, 0xff, 0x70, 0x68, 0x60, 0xff, 0x70, 0x68, 0x60, 0xff,
    0x70, 0x68, 0x68, 0xff, 0x70, 0x6c, 0x68, 0xff, 0x70, 0x6c, 0x60, 0xff,
    0x70, 0x68, 0x60, 0xff, 0x70, 0x68, 0x68, 0xff, 0x70, 0x68, 0x60, 0xff,
    0x70, 0x6c, 0x60, 0xff, 0x70, 0x68, 0x68, 0xff, 0x70, 0x68, 0x60, 0xff,
    0x70, 0x6c, 0x60, 0xff, 0x70, 0x68, 0x68, 0xff, 0x70, 0x68, 0x60, 0xff,
    0x70, 0x68, 0x60, 0xff, 0x70, 0x68, 0x68, 0xff, 0x70, 0x6c, 0x68, 0xff,
    0x70, 0x68, 0x60, 0xff, 0x70, 0x6c, 0x68, 0xff, 0x70, 0x68, 0x60, 0xff,
    0x70, 0x68, 0x60, 0xff, 0x70, 0x6c, 0x68, 0xff, 0x70, 0x68, 0x60, 0xff,
    0x70, 0x68, 0x68, 0xff, 0x70, 0x6c, 0x60, 0xff, 0x70, 0x68, 0x60, 0xff,
    0x70, 0x68, 0x68, 0xff, 0x70, 0x68, 0x60, 0xff, 0x70, 0x68, 0x60, 0xff,
    0x70, 0x6c, 0x68, 0xff, 0x70, 0x68, 0x60, 0xff, 0x70, 0x68, 0x60, 0xff,
    0x70, 0x68, 0x68, 0xff, 0x70, 0x6c, 0x60, 0xff, 0x70, 0x68, 0x60, 0xff,
    0x70, 0x68, 0x68, 0xff, 0x70, 0x68, 0x60, 0xff, 0x70, 0x68, 0x60, 0xff,
    0x70, 0x6c, 0x68, 0xff, 0x70, 0x68, 0x60, 0xff, 0x70, 0x68, 0x68, 0xff,
    0x70, 0x68, 0x60, 0xff, 0x70, 0x68, 0x60, 0xff, 0x70, 0x6c, 0x68, 0xff,
    0x70, 0x68, 0x60, 0xff, 0x70, 0x68, 0x60, 0xff, 0x70, 0x68, 0x68, 0xff,
    0x70, 0x68, 0x60, 0xff, 0x70, 0x6c, 0x60, 0xff, 0x70, 0x68, 0x68, 0xff,
    0x70, 0x68, 0x68, 0xff, 0x70, 0x6c, 0x60, 0xff, 0x70, 0x68, 0x60, 0xff,
    0x70, 0x68, 0x68, 0xff, 0x70, 0x6c, 0x60, 0xff, 0x70, 0x68, 0x60, 0xff,
    0x70, 0x68, 0x68, 0xff, 0x70, 0x68, 0x60, 0xff, 0x70, 0x6c, 0x68, 0xff,
    0x70, 0x68, 0x60, 0xff, 0x70, 0x68, 0x60, 0xff, 0x70, 0x68, 0x68, 0xff,
    0x70, 0x68, 0x60, 0xff, 0x70, 0x68, 0x68, 0xff, 0x70, 0x68, 0x60, 0xff,
    0x70, 0x6c, 0x60, 0xff, 0x70, 0x68, 0x68, 0xff, 0x70, 0x68, 0x60, 0xff,
    0x70, 0x68, 0x60, 0xff, 0x70, 0x68, 0x68, 0xff, 0x70, 0x68, 0x60, 0xff,
    0x70, 0x68, 0x60, 0xff, 0x70, 0x6c, 0x60, 0xff, 0x70, 0x68, 0x68, 0xff,
    0x70, 0x68, 0x60, 0xff, 0x70, 0x6c, 0x60, 0xff, 0x70, 0x6c, 0x60, 0xff,
    0x70, 0x68, 0x68, 0xff, 0x70, 0x6c, 0x60, 0xff, 0x70, 0x68, 0x60, 0xff,
    0x70, 0x68, 0x68, 0xff, 0x70, 0x68, 0x60, 0xff, 0x70, 0x6c, 0x60, 0xff,
    0x70, 0x68, 0x68, 0xff, 0x70, 0x68, 0x60, 0xff, 0x70, 0x6c, 0x68, 0xff,
    0x70, 0x68, 0x60, 0xff, 0x70, 0x68, 0x60, 0xff, 0x70, 0x6c, 0x68, 0xff,
    0x70, 0x68, 0x60, 0xff, 0x70, 0x68, 0x68, 0xff, 0x70, 0x68, 0x60, 0xff,
    0x70, 0x6c, 0x60, 0xff, 0x70, 0x68, 0x68, 0xff, 0x70, 0x68, 0x60, 0xff,
    0x70, 0x68, 0x60, 0xff, 0x70, 0x6c, 0x68, 0xff, 0x70, 0x68, 0x68, 0xff,
    0x70, 0x6c, 0x60, 0xff, 0x70, 0x68, 0x60, 0xff, 0x70, 0x68, 0x68, 0xff,
    0x70, 0x6c, 0x60, 0xff, 0x70, 0x68, 0x68, 0xff, 0x70, 0x68, 0x60, 0xff,
    0x70, 0x6c, 0x60, 0xff, 0x70, 0x68, 0x68, 0xff, 0x70, 0x68, 0x60, 0xff,
    0x70, 0x68, 0x60, 0xff, 0x70, 0x68, 0x68, 0xff, 0x70, 0x68, 0x60, 0xff,
    0x70, 0x68, 0x68, 0xff, 0x70, 0x6c, 0x60, 0xff, 0x70, 0x68, 0x68, 0xff,
    0x70, 0x68, 0x60, 0xff, 0x70, 0x6c, 0x60, 0xff, 0x70, 0x68, 0x68, 0xff,
    0x70, 0x68, 0x60, 0xff, 0x70, 0x6c, 0x60, 0xff, 0x70, 0x68, 0x68, 0xff,
    0x70, 0x68, 0x60, 0xff, 0x70, 0x68, 0x68, 0xff, 0x70, 0x68, 0x60, 0xff,
    0x70, 0x68, 0x60, 0xff, 0x70, 0x6c, 0x68, 0xff, 0x70, 0x68, 0x60, 0xff,
    0x70, 0x68, 0x60, 0xff, 0x70, 0x68, 0x68, 0xff, 0x70, 0x68, 0x60, 0xff,
    0x70, 0x68, 0x68, 0xff, 0x70, 0x68, 0x60, 0xff, 0x70, 0x6c, 0x60, 0xff,
    0x70, 0x68, 0x68, 0xff, 0x70, 0x68, 0x60, 0xff, 0x70, 0x6c, 0x68, 0xff,
    0x70, 0x68, 0x60, 0xff, 0x70, 0x68, 0x60, 0xff, 0x70, 0x68, 0x68, 0xff,
    0x70, 0x68, 0x60, 0xff, 0x70, 0x68, 0x60, 0xff, 0x70, 0x6c, 0x68, 0xff,
    0x70, 0x68, 0x60, 0xff, 0x70, 0x68, 0x68, 0xff, 0x70, 0x68, 0x60, 0xff,
    0x70, 0x6c, 0x60, 0xff, 0x70, 0x68, 0x68, 0xff, 0x70, 0x68, 0x60, 0xff,
    0x70, 0x68, 0x60, 0xff, 0x70, 0x68, 0x60, 0xff, 0x70, 0x68, 0x68, 0xff,
    0x70, 0x68, 0x60, 0xff, 0x70, 0x68, 0x60, 0xff, 0x70, 0x68, 0x68, 0xff,
    0x70, 0x68, 0x68, 0xff, 0x70, 0x68, 0x60, 0xff, 0x70, 0x6c, 0x60, 0xff,
    0x70, 0x68, 0x68, 0xff, 0x70, 0x6c, 0x60, 0xff, 0x70, 0x68, 0x68, 0xff,
    0x70, 0x68, 0x60, 0xff, 0x70, 0x68, 0x68, 0xff, 0x70, 0x68, 0x60, 0xff,
    0x70, 0x68, 0x60, 0xff, 0x70, 0x68, 0x68, 0xff, 0x70, 0x68, 0x60, 0xff,
    0x70, 0x68, 0x60, 0xff, 0x70, 0x68, 0x68, 0xff, 0x70, 0x6c, 0x60, 0xff,
    0x70, 0x68, 0x60, 0xff, 0x70, 0x68, 0x68, 0xff, 0x70, 0x6c, 0x60, 0xff,
    0x70, 0x68, 0x68, 0xff, 0x70, 0x68, 0x60, 0xff, 0x70, 0x6c, 0x68, 0xff,
    0x70, 0x68, 0x60, 0xff, 0x70, 0x6c, 0x68, 0xff, 0x70, 0x68, 0x60, 0xff,
    0x70, 0x68, 0x60, 0xff, 0x70, 0x68, 0x68, 0xff, 0x70, 0x68, 0x60, 0xff,
    0x70, 0x68, 0x60, 0xff, 0x70, 0x6c, 0x68, 0xff, 0x70, 0x68, 0x60, 0xff,
    0x70, 0x68, 0x60, 0xff, 0x70, 0x68, 0x68, 0xff, 0x70, 0x68, 0x60, 0xff,
    0x70, 0x68, 0x60, 0xff, 0x70, 0x68, 0x68, 0xff, 0x70, 0x6c, 0x60, 0xff,
    0x70, 0x68, 0x60, 0xff, 0x70, 0x6c, 0x60, 0xff, 0x70, 0x68, 0x68, 0xff,
    0x70, 0x68, 0x60, 0xff, 0x70, 0x68, 0x60, 0xff, 0x70, 0x68, 0x68, 0xff,
    0x70, 0x6c, 0x60, 0xff, 0x70, 0x68, 0x68, 0xff, 0x70, 0x68, 0x60, 0xff,
    0x70, 0x6c, 0x60, 0xff, 0x70, 0x68, 0x68, 0xff, 0x70, 0x68, 0x60, 0xff,
    0x70, 0x6c, 0x60, 0xff, 0x70, 0x68, 0x68, 0xff, 0x70, 0x68, 0x60, 0xff,
    0x70, 0x6c, 0x68, 0xff, 0x70, 0x68, 0x60, 0xff, 0x70, 0x68, 0x68, 0xff,
    0x70, 0x68, 0x60, 0xff, 0x70, 0x68, 0x60, 0xff, 0x70, 0x68, 0x68, 0xff,
    0x70, 0x6c, 0x60, 0xff, 0x70, 0x68, 0x60, 0xff, 0x70, 0x68, 0x68, 0xff,
    0x70, 0x6c, 0x60, 0xff, 0x70, 0x68, 0x60, 0xff, 0x70, 0x68, 0x68, 0xff,
    0x70, 0x6c, 0x60, 0xff, 0x70, 0x68, 0x60, 0xff, 0x70, 0x68, 0x68, 0xff,
    0x70, 0x68, 0x60, 0xff, 0x70, 0x6c, 0x60, 0xff, 0x70, 0x68, 0x68, 0xff,
    0x70, 0x68, 0x60, 0xff, 0x70, 0x68, 0x60, 0xff, 0x70, 0x6c, 0x68, 0xff,
    0x70, 0x68, 0x60, 0xff, 0x70, 0x68, 0x60, 0xff, 0x70, 0x6c, 0x68, 0xff,
    0x70, 0x68, 0x60, 0xff, 0x70, 0x68, 0x60, 0xff, 0x70, 0x68, 0x68, 0xff,
    0x70, 0x6c, 0x60, 0xff, 0x70, 0x68, 0x60, 0xff, 0x70, 0x68, 0x68, 0xff,
    0x70, 0x68, 0x60, 0xff, 0x70, 0x6c, 0x68, 0xff, 0x70, 0x68, 0x60, 0xff,
    0x70, 0x68, 0x60, 0xff, 0x70, 0x6c, 0x68, 0xff, 0x70, 0x68, 0x60, 0xff,
    0x70, 0x68, 0x68, 0xff, 0x70, 0x68, 0x60, 0xff, 0x70, 0x6c, 0x68, 0xff,
    0x70, 0x68, 0x60, 0xff, 0x70, 0x6c, 0x60, 0xff, 0x70, 0x68, 0x68, 0xff,
    0x70, 0x68, 0x60, 0xff, 0x70, 0x68, 0x68, 0xff, 0x70, 0x68, 0x60, 0xff,
    0x70, 0x68, 0x60, 0xff, 0x70, 0x68, 0x68, 0xff, 0x70, 0x68, 0x60, 0xff,
    0x70, 0x68, 0x68, 0xff, 0x70, 0x68, 0x60, 0xff, 0x70, 0x68, 0x60, 0xff,
    0x70, 0x6c, 0x68, 0xff, 0x70, 0x68, 0x60, 0xff, 0x70, 0x68, 0x60, 0xff,
    0x70, 0x68, 0x68, 0xff, 0x70, 0x6c, 0x60, 0xff, 0x70, 0x68, 0x60, 0xff,
    0x70, 0x68, 0x68, 0xff, 0x70, 0x6c, 0x60, 0xff, 0x70, 0x68, 0x68, 0xff,
    0x70, 0x68, 0x60, 0xff, 0x70, 0x6c, 0x60, 0xff, 0x70, 0x68, 0x68, 0xff,
    0x70, 0x68, 0x60, 0xff, 0x70, 0x68, 0x68, 0xff, 0x70, 0x6c, 0x60, 0xff,
    0x70, 0x68, 0x68, 0xff, 0x70, 0x68, 0x60, 0xff, 0x70, 0x68, 0x60, 0xff,
    0x70, 0x68, 0x68, 0xff, 0x70, 0x68, 0x60, 0xff, 0x70, 0x6c, 0x68, 0xff,
    0x70, 0x68, 0x60, 0xff, 0x70, 0x68, 0x60, 0xff, 0x70, 0x68, 0x68, 0xff,
    0x70, 0x68, 0x60, 0xff, 0x70, 0x68, 0x68, 0xff, 0x70, 0x6c, 0x68, 0xff,
    0x70, 0x68, 0x60, 0xff, 0x70, 0x68, 0x60, 0xff, 0x70, 0x6c, 0x68, 0xff,
    0x70, 0x68, 0x60, 0xff, 0x70, 0x68, 0x60, 0xff, 0x70, 0x6c, 0x68, 0xff,
    0x70, 0x68, 0x60, 0xff, 0x70, 0x68, 0x68, 0xff, 0x70, 0x68, 0x60, 0xff,
    0x70, 0x68, 0x68, 0xff, 0x70, 0x68, 0x60, 0xff, 0x70, 0x6c, 0x60, 0xff,
    0x70, 0x68, 0x68, 0xff, 0x70, 0x68, 0x60, 0xff, 0x70, 0x6c, 0x60, 0xff,
    0x70, 0x68, 0x68, 0xff, 0x70, 0x68, 0x60, 0xff, 0x70, 0x68, 0x60, 0xff,
    0x70, 0x6c, 0x68, 0xff, 0x70, 0x68, 0x60, 0xff, 0x70, 0x6c, 0x60, 0xff,
    0x70, 0x6c, 0x68, 0xff, 0x70, 0x68, 0x60, 0xff, 0x70, 0x68, 0x60, 0xff,
    0x70, 0x68, 0x68, 0xff, 0x70, 0x6c, 0x60, 0xff, 0x70, 0x68, 0x60, 0xff,
    0x70, 0x68, 0x68, 0xff, 0x70, 0x6c, 0x60, 0xff, 0x70, 0x68, 0x68, 0xff,
    0x70, 0x6c, 0x60, 0xff, 0x70, 0x68, 0x60, 0xff, 0x70, 0x68, 0x68, 0xff,
    0x70, 0x68, 0x60, 0xff, 0x70, 0x68, 0x60, 0xff, 0x70, 0x68, 0x68, 0xff,
    0x70, 0x68, 0x60, 0xff, 0x70, 0x68, 0x68, 0xff, 0x70, 0x6c, 0x60, 0xff,
    0x70, 0x68, 0x68, 0xff, 0x70, 0x68, 0x60, 0xff, 0x70, 0x6c, 0x60, 0xff,
    0x70, 0x68, 0x68, 0xff, 0x70, 0x68, 0x60, 0xff, 0x70, 0x68, 0x60, 0xff,
    0x70, 0x6c, 0x68, 0xff, 0x70, 0x68, 0x60, 0xff, 0x70, 0x68, 0x60, 0xff,
    0x70, 0x68, 0x68, 0xff, 0x70, 0x68, 0x60, 0xff, 0x70, 0x68, 0x60, 0xff,
    0x70, 0x6c, 0x60, 0xff, 0x70, 0x68, 0x68, 0xff, 0x70, 0x6c, 0x60, 0xff,
    0x70, 0x6c, 0x68, 0xff, 0x70, 0x68, 0x60, 0xff, 0x70, 0x68, 0x60, 0xff,
    0x70, 0x6c, 0x68, 0xff, 0x70, 0x68, 0x60, 0xff, 0x70, 0x68, 0x68, 0xff,
    0x70, 0x68, 0x60, 0xff, 0x70, 0x6c, 0x68, 0xff, 0x70, 0x68, 0x60, 0xff,
    0x70, 0x68, 0x60, 0xff, 0x70, 0x68, 0x68, 0xff, 0x70, 0x68, 0x60, 0xff,
    0x70, 0x68, 0x60, 0xff, 0x70, 0x68, 0x68, 0xff, 0x70, 0x68, 0x60, 0xff,
    0x70, 0x6c, 0x68, 0xff, 0x70, 0x6c, 0x60, 0xff, 0x70, 0x68, 0x60, 0xff,
    0x70, 0x68, 0x68, 0xff, 0x70, 0x68, 0x60, 0xff, 0x70, 0x68, 0x68, 0xff,
    0x70, 0x6c, 0x60, 0xff, 0x70, 0x68, 0x60, 0xff, 0x70, 0x68, 0x68, 0xff,
    0x70, 0x6c, 0x60, 0xff, 0x70, 0x68, 0x68, 0xff, 0x70, 0x68, 0x60, 0xff,
    0x70, 0x68, 0x68, 0xff, 0x70, 0x68, 0x68, 0xff, 0x70, 0x68, 0x60, 0xff,
    0x70, 0x6c, 0x60, 0xff, 0x70, 0x68, 0x60, 0xff, 0x70, 0x68, 0x68, 0xff,
    0x70, 0x68, 0x60, 0xff, 0x70, 0x68, 0x60, 0xff, 0x70, 0x68, 0x68, 0xff,
    0x70, 0x68, 0x60, 0xff, 0x70, 0x68, 0x60, 0xff, 0x70, 0x68, 0x68, 0xff,
    0x70, 0x68, 0x60, 0xff, 0x70, 0x68, 0x68, 0xff, 0x70, 0x6c, 0x60, 0xff,
    0x70, 0x68, 0x60, 0xff, 0x70, 0x68, 0x68, 0xff, 0x70, 0x68, 0x60, 0xff,
    0x70, 0x6c, 0x60, 0xff, 0x70, 0x6c, 0x68, 0xff, 0x70, 0x68, 0x60, 0xff,
    0x70, 0x68, 0x68, 0xff, 0x70, 0x68, 0x60, 0xff, 0x70, 0x6c, 0x60, 0xff,
    0x70, 0x68, 0x68, 0xff, 0x70, 0x68, 0x60, 0xff, 0x70, 0x68, 0x60, 0xff,
    0x70, 0x68, 0x68, 0xff, 0x70, 0x6c, 0x60, 0xff, 0x70, 0x68, 0x68, 0xff,
    0x70, 0x68, 0x60, 0xff, 0x70, 0x6c, 0x60, 0xff, 0x70, 0x68, 0x68, 0xff,
    0x70, 0x68, 0x60, 0xff, 0x70, 0x6c, 0x60, 0xff, 0x70, 0x68, 0x68, 0xff,
    0x70, 0x68, 0x60, 0xff, 0x70, 0x68, 0x60, 0xff, 0x70, 0x68, 0x60, 0xff,
    0x70, 0x68, 0x68, 0xff, 0x70, 0x68, 0x60, 0xff, 0x70, 0x68, 0x60, 0xff,
    0x70, 0x68, 0x68, 0xff, 0x70, 0x68, 0x60, 0xff, 0x70, 0x6c, 0x60, 0xff,
    0x70, 0x68, 0x68, 0xff, 0x70, 0x68, 0x60, 0xff, 0x70, 0x68, 0x60, 0xff,
    0x70, 0x6c, 0x68, 0xff, 0x70, 0x68, 0x60, 0xff, 0x70, 0x68, 0x60, 0xff,
    0x70, 0x6c, 0x60, 0xff, 0x70, 0x68, 0x60, 0xff, 0x70, 0x68, 0x68, 0xff,
    0x70, 0x68, 0x60, 0xff, 0x70, 0x68, 0x68, 0xff, 0x70, 0x6c, 0x60, 0xff,
    0x70, 0x68, 0x60, 0xff, 0x70, 0x6c, 0x68, 0xff, 0x70, 0x6c, 0x60, 0xff,
    0x70, 0x68, 0x68, 0xff, 0x70, 0x6c, 0x60, 0xff, 0x70, 0x68, 0x60, 0xff,
    0x70, 0x68, 0x68, 0xff, 0x70, 0x6c, 0x60, 0xff, 0x70, 0x68, 0x68, 0xff,
    0x70, 0x68, 0x60, 0xff, 0x70, 0x68, 0x68, 0xff, 0x70, 0x6c, 0x60, 0xff,
    0x70, 0x68, 0x60, 0xff, 0x70, 0x68, 0x68, 0xff, 0x70, 0x68, 0x60, 0xff,
    0x70, 0x68, 0x60, 0xff, 0x70, 0x68, 0x68, 0xff, 0x70, 0x6c, 0x60, 0xff,
    0x70, 0x68, 0x60, 0xff, 0x70, 0x68, 0x68, 0xff, 0x70, 0x68, 0x60, 0xff,
    0x70, 0x6c, 0x60, 0xff, 0x70, 0x68, 0x68, 0xff, 0x70, 0x68, 0x60, 0xff,
    0x70, 0x68, 0x60, 0xff, 0x70, 0x6c, 0x68, 0xff, 0x70, 0x68, 0x60, 0xff,
    0x70, 0x68, 0x60, 0xff, 0x70, 0x6c, 0x60, 0xff, 0x70, 0x68, 0x68, 0xff,
    0x70, 0x68, 0x60, 0xff, 0x70, 0x6c, 0x60, 0xff, 0x70, 0x68, 0x68, 0xff,
    0x70, 0x68, 0x60, 0xff, 0x70, 0x6c, 0x60, 0xff, 0x70, 0x68, 0x60, 0xff,
    0x70, 0x68, 0x60, 0xff, 0x70, 0x68, 0x68, 0xff, 0x70, 0x6c, 0x60, 0xff,
    0x70, 0x68, 0x60, 0xff, 0x70, 0x68, 0x68, 0xff, 0x70, 0x68, 0x60, 0xff,
    0x70, 0x68, 0x60, 0xff, 0x70, 0x6c, 0x68, 0xff, 0x70, 0x68, 0x60, 0xff,
    0x70, 0x68, 0x60, 0xff, 0x70, 0x6c, 0x68, 0xff, 0x70, 0x68, 0x60, 0xff,
    0x70, 0x68, 0x68, 0xff, 0x70, 0x68, 0x60, 0xff, 0x70, 0x6c, 0x60, 0xff,
    0x70, 0x68, 0x68, 0xff, 0x70, 0x68, 0x60, 0xff, 0x70, 0x6c, 0x68, 0xff,
    0x70, 0x68, 0x60, 0xff, 0x70, 0x68, 0x68, 0xff, 0x70, 0x68, 0x60, 0xff,
    0x70, 0x68, 0x60, 0xff, 0x70, 0x68, 0x68, 0xff, 0x70, 0x6c, 0x60, 0xff,
    0x70, 0x68, 0x60, 0xff, 0x70, 0x68, 0x68, 0xff, 0x70, 0x68, 0x60, 0xff,
    0x70, 0x68, 0x60, 0xff, 0x70, 0x68, 0x68, 0xff, 0x70, 0x68, 0x60, 0xff,
    0x70, 0x68, 0x60, 0xff, 0x70, 0x68, 0x68, 0xff, 0x70, 0x6c, 0x60, 0xff,
    0x70, 0x68, 0x68, 0xff, 0x70, 0x6c, 0x60, 0xff, 0x70, 0x68, 0x60, 0xff,
    0x70, 0x6c, 0x68, 0xff, 0x70, 0x68, 0x60, 0xff, 0x70, 0x68, 0x60, 0xff,
    0x70, 0x68, 0x68, 0xff, 0x70, 0x6c, 0x60, 0xff, 0x70, 0x68, 0x68, 0xff,
    0x70, 0x68, 0x60, 0xff, 0x70, 0x68, 0x60, 0xff, 0x70, 0x68, 0x60, 0xff,
    0x70, 0x68, 0x68, 0xff, 0x70, 0x6c, 0x60, 0xff, 0x70, 0x68, 0x60, 0xff,
    0x70, 0x68, 0x68, 0xff, 0x70, 0x6c, 0x60, 0xff, 0x70, 0x68, 0x68, 0xff,
    0x70, 0x68, 0x60, 0xff, 0x70, 0x68, 0x68, 0xff, 0x70, 0x68, 0x60, 0xff,
    0x70, 0x68, 0x60, 0xff, 0x70, 0x68, 0x68, 0xff, 0x70, 0x68, 0x60, 0xff,
    0x70, 0x6c, 0x68, 0xff, 0x70, 0x68, 0x60, 0xff, 0x70, 0x68, 0x60, 0xff,
    0x70, 0x6c, 0x68, 0xff, 0x70, 0x68, 0x60, 0xff, 0x70, 0x68, 0x60, 0xff,
    0x70, 0x68, 0x68, 0xff, 0x70, 0x6c, 0x60, 0xff, 0x70, 0x68, 0x60, 0xff,
    0x70, 0x6c, 0x68, 0xff, 0x70, 0x68, 0x60, 0xff, 0x70, 0x68, 0x60, 0xff,
    0x70, 0x68, 0x68, 0xff, 0x70, 0x68, 0x60, 0xff, 0x70, 0x68, 0x60, 0xff,
    0x70, 0x6c, 0x68, 0xff, 0x70, 0x68, 0x60, 0xff, 0x70, 0x68, 0x60, 0xff,
    0x70, 0x6c, 0x68, 0xff, 0x70, 0x68, 0x60, 0xff, 0x70, 0x68, 0x68, 0xff,
    0x70, 0x6c, 0x60, 0xff, 0x70, 0x68, 0x60, 0xff, 0x70, 0x68, 0x60, 0xff,
    0x70, 0x6c, 0x60, 0xff, 0x70, 0x68, 0x60, 0xff, 0x70, 0x68, 0x68, 0xff,
    0x70, 0x68, 0x60, 0xff, 0x70, 0x68, 0x68, 0xff, 0x70, 0x6c, 0x60, 0xff,
    0x70, 0x68, 0x60, 0xff, 0x70, 0x6c, 0x68, 0xff, 0x70, 0x68, 0x60, 0xff,
    0x70, 0x6c, 0x60, 0xff, 0x70, 0x6c, 0x68, 0xff, 0x70, 0x68, 0x60, 0xff,
    0x70, 0x6c, 0x60, 0xff, 0x70, 0x68, 0x68, 0xff, 0x70, 0x68, 0x60, 0xff,
    0x70, 0x68, 0x60, 0xff, 0x70, 0x6c, 0x68, 0xff, 0x70, 0x68, 0x60, 0xff,
    0x70, 0x68, 0x60, 0xff, 0x70, 0x68, 0x68, 0xff, 0x70, 0x68, 0x60, 0xff,
    0x70, 0x6c, 0x60, 0xff, 0x70, 0x68, 0x68, 0xff, 0x70, 0x68, 0x60, 0xff,
    0x70, 0x68, 0x68, 0xff, 0x70, 0x6c, 0x60, 0xff, 0x70, 0x68, 0x68, 0xff,
    0x70, 0x68, 0x60, 0xff, 0x70, 0x6c, 0x60, 0xff, 0x70, 0x68, 0x68, 0xff,
    0x70, 0x68, 0x60, 0xff, 0x70, 0x68, 0x60, 0xff, 0x70, 0x68, 0x68, 0xff,
    0x70, 0x68, 0x68, 0xff, 0x70, 0x68, 0x60, 0xff, 0x70, 0x6c, 0x68, 0xff,
    0x70, 0x68, 0x60, 0xff, 0x70, 0x68, 0x68, 0xff, 0x70, 0x6c, 0x60, 0xff,
    0x70, 0x68, 0x68, 0xff, 0x70, 0x68, 0x60, 0xff, 0x70, 0x6c, 0x68, 0xff,
    0x70, 0x6c, 0x60, 0xff, 0x70, 0x68, 0x68, 0xff, 0x70, 0x68, 0x60, 0xff,
    0x70, 0x68, 0x68, 0xff, 0x70, 0x6c, 0x60, 0xff, 0x70, 0x68, 0x60, 0xff,
    0x70, 0x68, 0x68, 0xff, 0x70, 0x68, 0x60, 0xff, 0x70, 0x68, 0x68, 0xff,
    0x70, 0x68, 0x68, 0xff, 0x70, 0x6c, 0x60, 0xff, 0x70, 0x68, 0x68, 0xff,
    0x70, 0x68, 0x60, 0xff, 0x70, 0x6c, 0x60, 0xff, 0x70, 0x68, 0x68, 0xff,
    0x70, 0x68, 0x60, 0xff, 0x70, 0x68, 0x60, 0xff, 0x70, 0x68, 0x68, 0xff,
    0x70, 0x68, 0x60, 0xff, 0x70, 0x68, 0x60, 0xff, 0x70, 0x6c, 0x68, 0xff,
    0x70, 0x68, 0x60, 0xff, 0x70, 0x68, 0x60, 0xff, 0x70, 0x6c, 0x68, 0xff,
    0x70, 0x68, 0x60, 0xff, 0x70, 0x68, 0x60, 0xff, 0x70, 0x68, 0x68, 0xff,
    0x70, 0x6c, 0x60, 0xff, 0x70, 0x68, 0x68, 0xff, 0x70, 0x68, 0x60, 0xff,
    0x70, 0x6c, 0x60, 0xff, 0x70, 0x68, 0x68, 0xff, 0x70, 0x68, 0x60, 0xff,
    0x70, 0x68, 0x60, 0xff, 0x70, 0x68, 0x68, 0xff, 0x70, 0x68, 0x60, 0xff,
    0x70, 0x68, 0x68, 0xff, 0x70, 0x68, 0x60, 0xff, 0x70, 0x6c, 0x60, 0xff,
    0x70, 0x68, 0x68, 0xff, 0x70, 0x68, 0x60, 0xff, 0x70, 0x68, 0x60, 0xff,
    0x70, 0x6c, 0x68, 0xff, 0x70, 0x68, 0x68, 0xff, 0x70, 0x68, 0x60, 0xff,
    0x70, 0x68, 0x60, 0xff, 0x70, 0x68, 0x68, 0xff, 0x70, 0x68, 0x60, 0xff,
    0x70, 0x6c, 0x68, 0xff, 0x70, 0x68, 0x60, 0xff, 0x70, 0x68, 0x68, 0xff,
    0x70, 0x6c, 0x60, 0xff, 0x70, 0x68, 0x60, 0xff, 0x70, 0x68, 0x68, 0xff,
    0x70, 0x68, 0x60, 0xff, 0x70, 0x6c, 0x60, 0xff, 0x70, 0x68, 0x68, 0xff,
    0x70, 0x68, 0x60, 0xff, 0x70, 0x6c, 0x60, 0xff, 0x70, 0x68, 0x68, 0xff,
    0x70, 0x68, 0x60, 0xff, 0x70, 0x6c, 0x60, 0xff, 0x70, 0x68, 0x68, 0xff,
    0x70, 0x68, 0x60, 0xff, 0x70, 0x68, 0x60, 0xff, 0x70, 0x6c, 0x68, 0xff,
    0x70, 0x68, 0x60, 0xff, 0x70, 0x68, 0x60, 0xff, 0x70, 0x68, 0x68, 0xff,
    0x70, 0x68, 0x60, 0xff, 0x70, 0x6c, 0x60, 0xff, 0x70, 0x68, 0x68, 0xff,
    0x70, 0x68, 0x60, 0xff, 0x70, 0x68, 0x68, 0xff, 0x70, 0x68, 0x60, 0xff,
    0x70, 0x68, 0x68, 0xff, 0x70, 0x6c, 0x60, 0xff, 0x70, 0x68, 0x68, 0xff,
    0x70, 0x6c, 0x60, 0xff, 0x70, 0x68, 0x60, 0xff, 0x70, 0x6c, 0x68, 0xff,
    0x70, 0x68, 0x60, 0xff, 0x70, 0x68, 0x60, 0xff, 0x70, 0x68, 0x68, 0xff,
    0x70, 0x68, 0x60, 0xff, 0x70, 0x68, 0x60, 0xff, 0x70, 0x68, 0x68, 0xff,
    0x70, 0x6c, 0x60, 0xff, 0x70, 0x68, 0x60, 0xff, 0x70, 0x68, 0x68, 0xff,
    0x70, 0x6c, 0x60, 0xff, 0x70, 0x68, 0x60, 0xff, 0x70, 0x68, 0x68, 0xff,
    0x70, 0x68, 0x60, 0xff, 0x70, 0x68, 0x68, 0xff, 0x70, 0x68, 0x60, 0xff,
    0x70, 0x68, 0x60, 0xff, 0x70, 0x68, 0x68, 0xff, 0x70, 0x68, 0x60, 0xff,
    0x70, 0x68, 0x68, 0xff, 0x70, 0x6c, 0x60, 0xff, 0x70, 0x68, 0x60, 0xff,
    0x70, 0x68, 0x68, 0xff, 0x70, 0x6c, 0x60, 0xff, 0x70, 0x68, 0x60, 0xff,
    0x70, 0x68, 0x68, 0xff, 0x70, 0x6c, 0x60, 0xff, 0x70, 0x68, 0x60, 0xff,
    0x70, 0x68, 0x68, 0xff, 0x70, 0x68, 0x60, 0xff, 0x70, 0x68, 0x60, 0xff,
    0x70, 0x68, 0x68, 0xff, 0x70, 0x68, 0x60, 0xff, 0x70, 0x6c, 0x60, 0xff,
    0x70, 0x68, 0x68, 0xff, 0x70, 0x68, 0x60, 0xff, 0x70, 0x68, 0x68, 0xff,
    0x70, 0x6c, 0x60, 0xff, 0x70, 0x68, 0x68, 0xff, 0x70, 0x68, 0x60, 0xff,
    0x70, 0x6c, 0x60, 0xff, 0x70, 0x6c, 0x68, 0xff, 0x70, 0x68, 0x60, 0xff,
    0x70, 0x68, 0x60, 0xff, 0x70, 0x68, 0x68, 0xff, 0x70, 0x6c, 0x60, 0xff,
    0x70, 0x68, 0x60, 0xff, 0x70, 0x68, 0x68, 0xff, 0x70, 0x68, 0x60, 0xff,
    0x70, 0x68, 0x60, 0xff, 0x70, 0x68, 0x68, 0xff, 0x70, 0x68, 0x68, 0xff,
    0x70, 0x6c, 0x60, 0xff, 0x70, 0x68, 0x68, 0xff, 0x70, 0x6c, 0x60, 0xff,
    0x70, 0x6c, 0x60, 0xff, 0x70, 0x68, 0x68, 0xff, 0x70, 0x68, 0x60, 0xff,
    0x70, 0x68, 0x68, 0xff, 0x70, 0x68, 0x60, 0xff, 0x70, 0x68, 0x68, 0xff,
    0x70, 0x68, 0x60, 0xff, 0x70, 0x68, 0x60, 0xff, 0x70, 0x68, 0x68, 0xff,
    0x70, 0x68, 0x68, 0xff, 0x70, 0x68, 0x60, 0xff, 0x70, 0x6c, 0x60, 0xff,
    0x70, 0x68, 0x68, 0xff, 0x70, 0x68, 0x60, 0xff, 0x70, 0x68, 0x68, 0xff,
    0x70, 0x6c, 0x60, 0xff, 0x70, 0x68, 0x60, 0xff, 0x70, 0x68, 0x68, 0xff,
    0x70, 0x68, 0x60, 0xff, 0x70, 0x68, 0x60, 0xff, 0x70, 0x6c, 0x68, 0xff,
    0x70, 0x68, 0x60, 0xff, 0x70, 0x68, 0x60, 0xff, 0x70, 0x68, 0x68, 0xff,
    0x70, 0x6c, 0x60, 0xff, 0x70, 0x68, 0x68, 0xff, 0x70, 0x68, 0x60, 0xff,
    0x70, 0x68, 0x60, 0xff, 0x70, 0x6c, 0x68, 0xff, 0x70, 0x68, 0x60, 0xff,
    0x70, 0x6c, 0x60, 0xff, 0x70, 0x68, 0x60, 0xff, 0x70, 0x68, 0x68, 0xff,
    0x70, 0x68, 0x60, 0xff, 0x70, 0x68, 0x60, 0xff, 0x70, 0x6c, 0x68, 0xff,
    0x70, 0x68, 0x60, 0xff, 0x70, 0x68, 0x60, 0xff, 0x70, 0x6c, 0x68, 0xff,
    0x70, 0x68, 0x60, 0xff, 0x70, 0x68, 0x60, 0xff, 0x70, 0x68, 0x60, 0xff,
    0x70, 0x6c, 0x68, 0xff, 0x70, 0x68, 0x60, 0xff, 0x70, 0x68, 0x60, 0xff,
    0x70, 0x6c, 0x68, 0xff, 0x70, 0x68, 0x60, 0xff, 0x70, 0x68, 0x60, 0xff,
    0x70, 0x6c, 0x60, 0xff, 0x70, 0x68, 0x68, 0xff, 0x70, 0x68, 0x60, 0xff,
    0x70, 0x68, 0x60, 0xff, 0x70, 0x6c, 0x68, 0xff, 0x70, 0x68, 0x60, 0xff,
    0x70, 0x68, 0x60, 0xff, 0x70, 0x68, 0x68, 0xff, 0x70, 0x6c, 0x60, 0xff,
    0x70, 0x68, 0x68, 0xff, 0x70, 0x68, 0x60, 0xff, 0x70, 0x68, 0x60, 0xff,
    0x70, 0x68, 0x68, 0xff, 0x70, 0x68, 0x68, 0xff, 0x70, 0x68, 0x60, 0xff,
    0x70, 0x68, 0x60, 0xff, 0x70, 0x6c, 0x68, 0xff, 0x70, 0x68, 0x60, 0xff,
    0x70, 0x68, 0x60, 0xff, 0x70, 0x68, 0x68, 0xff, 0x70, 0x68, 0x60, 0xff,
    0x70, 0x6c, 0x68, 0xff, 0x70, 0x68, 0x60, 0xff, 0x70, 0x6c, 0x68, 0xff,
    0x70, 0x68, 0x60, 0xff, 0x70, 0x6c, 0x68, 0xff, 0x70, 0x68, 0x60, 0xff,
    0x70, 0x6c, 0x60, 0xff, 0x70, 0x68, 0x68, 0xff, 0x70, 0x68, 0x60, 0xff,
    0x70, 0x6c, 0x60, 0xff, 0x70, 0x68, 0x68, 0xff, 0x70, 0x68, 0x60, 0xff,
    0x70, 0x6c, 0x60, 0xff, 0x70, 0x68, 0x68, 0xff, 0x70, 0x68, 0x60, 0xff,
    0x70, 0x6c, 0x60, 0xff, 0x70, 0x68, 0x68, 0xff, 0x70, 0x68, 0x60, 0xff,
    0x70, 0x68, 0x60, 0xff, 0x70, 0x68, 0x60, 0xff, 0x70, 0x68, 0x68, 0xff,
    0x70, 0x68, 0x60, 0xff, 0x70, 0x68, 0x68, 0xff, 0x70, 0x6c, 0x68, 0xff,
    0x70, 0x68, 0x60, 0xff, 0x70, 0x68, 0x68, 0xff, 0x70, 0x68, 0x60, 0xff,
    0x70, 0x6c, 0x68, 0xff, 0x70, 0x68, 0x60, 0xff, 0x70, 0x68, 0x60, 0xff,
    0x70, 0x68, 0x68, 0xff, 0x70, 0x68, 0x60, 0xff, 0x70, 0x68, 0x60, 0xff,
    0x70, 0x68, 0x68, 0xff, 0x70, 0x6c, 0x60, 0xff, 0x70, 0x68, 0x60, 0xff,
    0x70, 0x68, 0x68, 0xff, 0x70, 0x68, 0x60, 0xff, 0x70, 0x6c, 0x60, 0xff,
    0x70, 0x68, 0x68, 0xff, 0x70, 0x68, 0x60, 0xff, 0x70, 0x68, 0x60, 0xff,
    0x70, 0x6c, 0x68, 0xff, 0x70, 0x68, 0x60, 0xff, 0x70, 0x6c, 0x60, 0xff,
    0x70, 0x68, 0x68, 0xff, 0x70, 0x68, 0x60, 0xff, 0x70, 0x68, 0x60, 0xff,
    0x70, 0x68, 0x68, 0xff, 0x70, 0x68, 0x60, 0xff, 0x70, 0x6c, 0x68, 0xff,
    0x70, 0x68, 0x60, 0xff, 0x70, 0x68, 0x68, 0xff, 0x70, 0x6c, 0x60, 0xff,
    0x70, 0x6c, 0x60, 0xff, 0x70, 0x68, 0x68, 0xff, 0x70, 0x68, 0x60, 0xff,
    0x70, 0x68, 0x68, 0xff, 0x70, 0x68, 0x60, 0xff, 0x70, 0x68, 0x60, 0xff,
    0x70, 0x68, 0x68, 0xff, 0x70, 0x6c, 0x60, 0xff, 0x70, 0x68, 0x60, 0xff,
    0x70, 0x68, 0x68, 0xff, 0x70, 0x6c, 0x60, 0xff, 0x70, 0x6c, 0x60, 0xff,
    0x70, 0x68, 0x68, 0xff, 0x70, 0x68, 0x60, 0xff, 0x70, 0x6c, 0x60, 0xff,
    0x70, 0x68, 0x68, 0xff, 0x70, 0x68, 0x60, 0xff, 0x70, 0x68, 0x60, 0xff,
    0x70, 0x68, 0x68, 0xff, 0x70, 0x6c, 0x60, 0xff, 0x70, 0x68, 0x60, 0xff,
    0x70, 0x68, 0x68, 0xff, 0x70, 0x6c, 0x60, 0xff, 0x70, 0x68, 0x60, 0xff,
    0x70, 0x68, 0x68, 0xff, 0x70, 0x6c, 0x60, 0xff, 0x70, 0x68, 0x60, 0xff,
    0x70, 0x6c, 0x68, 0xff, 0x70, 0x68, 0x60, 0xff, 0x70, 0x68, 0x68, 0xff,
    0x70, 0x68, 0x60, 0xff, 0x70, 0x6c, 0x60, 0xff, 0x70, 0x68, 0x68, 0xff,
    0x70, 0x68, 0x60, 0xff, 0x70, 0x68, 0x60, 0xff, 0x70, 0x68, 0x68, 0xff,
    0x70, 0x68, 0x60, 0xff, 0x70, 0x68, 0x60, 0xff, 0x70, 0x68, 0x68, 0xff,
    0x70, 0x68, 0x60, 0xff, 0x70, 0x68, 0x68, 0xff, 0x70, 0x68, 0x60, 0xff,
    0x70, 0x68, 0x68, 0xff, 0x70, 0x6c, 0x60, 0xff, 0x70, 0x68, 0x60, 0xff,
    0x70, 0x68, 0x68, 0xff, 0x70, 0x6c, 0x60, 0xff, 0x70, 0x68, 0x60, 0xff,
    0x70, 0x68, 0x68, 0xff, 0x70, 0x68, 0x60, 0xff, 0x70, 0x68, 0x68, 0xff,
    0x70, 0x68, 0x60, 0xff, 0x70, 0x68, 0x60, 0xff, 0x70, 0x68, 0x68, 0xff,
    0x70, 0x6c, 0x60, 0xff, 0x70, 0x68, 0x60, 0xff, 0x70, 0x6c, 0x68, 0xff,
    0x70, 0x68, 0x60, 0xff, 0x70, 0x68, 0x68, 0xff, 0x70, 0x6c, 0x60, 0xff,
    0x70, 0x68, 0x60, 0xff, 0x70, 0x68, 0x68, 0xff, 0x70, 0x68, 0x60, 0xff,
    0x70, 0x68, 0x60, 0xff, 0x70, 0x6c, 0x68, 0xff, 0x70, 0x68, 0x60, 0xff,
    0x70, 0x68, 0x60, 0xff, 0x70, 0x68, 0x68, 0xff, 0x70, 0x6c, 0x60, 0xff,
    0x70, 0x68, 0x68, 0xff, 0x70, 0x68, 0x60, 0xff, 0x70, 0x68, 0x68, 0xff,
    0x70, 0x68, 0x60, 0xff, 0x70, 0x6c, 0x60, 0xff, 0x70, 0x68, 0x68, 0xff,
    0x70, 0x68, 0x60, 0xff, 0x70, 0x68, 0x60, 0xff, 0x70, 0x68, 0x68, 0xff,
    0x70, 0x68, 0x60, 0xff, 0x70, 0x6c, 0x60, 0xff, 0x70, 0x68, 0x68, 0xff,
    0x70, 0x68, 0x68, 0xff, 0x70, 0x68, 0x60, 0xff, 0x70, 0x6c, 0x60, 0xff,
    0x70, 0x68, 0x68, 0xff, 0x70, 0x68, 0x60, 0xff, 0x70, 0x6c, 0x60, 0xff,
    0x70, 0x68, 0x68, 0xff, 0x70, 0x68, 0x60, 0xff, 0x70, 0x68, 0x60, 0xff,
    0x70, 0x68, 0x68, 0xff, 0x70, 0x68, 0x60, 0xff, 0x70, 0x68, 0x68, 0xff,
    0x70, 0x68, 0x60, 0xff, 0x70, 0x68, 0x60, 0xff, 0x70, 0x68, 0x68, 0xff,
    0x70, 0x68, 0x60, 0xff, 0x70, 0x68, 0x68, 0xff, 0x70, 0x6c, 0x60, 0xff,
    0x70, 0x68, 0x60, 0xff, 0x70, 0x68, 0x68, 0xff, 0x70, 0x6c, 0x60, 0xff,
    0x70, 0x68, 0x60, 0xff, 0x70, 0x68, 0x68, 0xff, 0x70, 0x68, 0x60, 0xff,
    0x70, 0x68, 0x68, 0xff, 0x70, 0x68, 0x60, 0xff, 0x70, 0x6c, 0x60, 0xff,
    0x70, 0x68, 0x68, 0xff, 0x70, 0x68, 0x60, 0xff, 0x70, 0x6c, 0x68, 0xff,
    0x70, 0x68, 0x60, 0xff, 0x70, 0x68, 0x60, 0xff, 0x70, 0x6c, 0x68, 0xff,
    0x70, 0x68, 0x60, 0xff, 0x70, 0x68, 0x60, 0xff, 0x70, 0x6c, 0x68, 0xff,
    0x70, 0x68, 0x60, 0xff, 0x70, 0x68, 0x60, 0xff, 0x70, 0x6c, 0x68, 0xff,
    0x70, 0x68, 0x60, 0xff, 0x70, 0x68, 0x60, 0xff, 0x70, 0x68, 0x68, 0xff,
    0x70, 0x68, 0x60, 0xff, 0x70, 0x68, 0x60, 0xff, 0x70, 0x68, 0x68, 0xff,
    0x70, 0x6c, 0x60, 0xff, 0x70, 0x68, 0x60, 0xff, 0x70, 0x68, 0x68, 0xff,
    0x70, 0x68, 0x60, 0xff, 0x70, 0x68, 0x68, 0xff, 0x70, 0x68, 0x60, 0xff,
    0x70, 0x68, 0x68, 0xff, 0x70, 0x68, 0x60, 0xff, 0x70, 0x68, 0x60, 0xff,
    0x70, 0x68, 0x68, 0xff, 0x70, 0x6c, 0x60, 0xff, 0x70, 0x68, 0x68, 0xff,
    0x70, 0x6c, 0x60, 0xff, 0x70, 0x6c, 0x68, 0xff, 0x70, 0x68, 0x60, 0xff,
    0x70, 0x6c, 0x60, 0xff, 0x70, 0x68, 0x60, 0xff, 0x70, 0x68, 0x60, 0xff,
    0x70, 0x68, 0x60, 0xff, 0x70, 0x6c, 0x60, 0xff, 0x70, 0x68, 0x68, 0xff,
    0x70, 0x68, 0x60, 0xff, 0x70, 0x68, 0x60, 0xff, 0x70, 0x6c, 0x68, 0xff,
    0x70, 0x68, 0x60, 0xff, 0x70, 0x68, 0x68, 0xff, 0x70, 0x6c, 0x60, 0xff,
    0x70, 0x68, 0x68, 0xff, 0x70, 0x68, 0x60, 0xff, 0x70, 0x6c, 0x68, 0xff,
    0x70, 0x68, 0x60, 0xff, 0x70, 0x68, 0x68, 0xff, 0x70, 0x6c, 0x60, 0xff,
    0x70, 0x68, 0x68, 0xff, 0x70, 0x68, 0x60, 0xff, 0x70, 0x6c, 0x68, 0xff,
    0x70, 0x68, 0x60, 0xff, 0x70, 0x68, 0x60, 0xff, 0x70, 0x68, 0x68, 0xff,
    0x70, 0x68, 0x60, 0xff, 0x70, 0x6c, 0x60, 0xff, 0x70, 0x68, 0x68, 0xff,
    0x70, 0x68, 0x60, 0xff, 0x70, 0x6c, 0x60, 0xff, 0x70, 0x68, 0x68, 0xff,
    0x70, 0x68, 0x60, 0xff, 0x70, 0x68, 0x60, 0xff, 0x70, 0x68, 0x68, 0xff,
    0x70, 0x68, 0x60, 0xff, 0x70, 0x68, 0x60, 0xff, 0x70, 0x6c, 0x68, 0xff,
    0x70, 0x68, 0x60, 0xff, 0x70, 0x6c, 0x60, 0xff, 0x70, 0x68, 0x68, 0xff,
    0x70, 0x68, 0x68, 0xff, 0x70, 0x6c, 0x60, 0xff, 0x70, 0x68, 0x60, 0xff,
    0x70, 0x68, 0x68, 0xff, 0x70, 0x68, 0x60, 0xff, 0x70, 0x68, 0x60, 0xff,
    0x70, 0x68, 0x60, 0xff, 0x70, 0x68, 0x60, 0xff, 0x70, 0x68, 0x60, 0xff,
    0x70, 0x68, 0x68, 0xff, 0x70, 0x6c, 0x60, 0xff, 0x70, 0x68, 0x60, 0xff,
    0x70, 0x68, 0x68, 0xff, 0x70, 0x6c, 0x60, 0xff, 0x70, 0x68, 0x60, 0xff,
    0x70, 0x68, 0x68, 0xff, 0x70, 0x68, 0x68, 0xff, 0x70, 0x68, 0x60, 0xff,
    0x70, 0x68, 0x60, 0xff, 0x70, 0x68, 0x68, 0xff, 0x70, 0x68, 0x60, 0xff,
    0x70, 0x6c, 0x68, 0xff, 0x70, 0x68, 0x60, 0xff, 0x70, 0x68, 0x60, 0xff,
    0x70, 0x6c, 0x68, 0xff, 0x70, 0x68, 0x60, 0xff, 0x70, 0x68, 0x60, 0xff,
    0x70, 0x6c, 0x68, 0xff, 0x70, 0x68, 0x60, 0xff, 0x70, 0x68, 0x60, 0xff,
    0x70, 0x6c, 0x68, 0xff, 0x70, 0x68, 0x60, 0xff, 0x70, 0x68, 0x68, 0xff,
    0x70, 0x6c, 0x60, 0xff, 0x70, 0x68, 0x60, 0xff, 0x70, 0x6c, 0x68, 0xff,
    0x70, 0x68, 0x60, 0xff, 0x70, 0x68, 0x60, 0xff, 0x70, 0x68, 0x68, 0xff,
    0x70, 0x6c, 0x60, 0xff, 0x70, 0x68, 0x68, 0xff, 0x70, 0x68, 0x60, 0xff,
    0x70, 0x6c, 0x60, 0xff, 0x70, 0x68, 0x60, 0xff, 0x70, 0x68, 0x68, 0xff,
    0x70, 0x6c, 0x60, 0xff, 0x70, 0x68, 0x60, 0xff, 0x70, 0x68, 0x68, 0xff,
    0x70, 0x68, 0x60, 0xff, 0x70, 0x68, 0x60, 0xff, 0x70, 0x6c, 0x68, 0xff,
    0x70, 0x68, 0x60, 0xff, 0x70, 0x68, 0x60, 0xff, 0x70, 0x6c, 0x68, 0xff,
    0x70, 0x68, 0x60, 0xff, 0x70, 0x68, 0x60, 0xff, 0x70, 0x6c, 0x68, 0xff,
    0x70, 0x68, 0x60, 0xff, 0x70, 0x68, 0x60, 0xff, 0x70, 0x6c, 0x68, 0xff,
    0x70, 0x68, 0x60, 0xff, 0x70, 0x68, 0x60, 0xff, 0x70, 0x68, 0x68, 0xff,
    0x70, 0x68, 0x60, 0xff, 0x70, 0x6c, 0x60, 0xff, 0x70, 0x6c, 0x68, 0xff,
    0x70, 0x68, 0x60, 0xff, 0x70, 0x68, 0x60, 0xff, 0x70, 0x68, 0x68, 0xff,
    0x70, 0x6c, 0x60, 0xff, 0x70, 0x68, 0x60, 0xff, 0x70, 0x68, 0x68, 0xff,
    0x70, 0x6c, 0x60, 0xff, 0x70, 0x68, 0x68, 0xff, 0x70, 0x68, 0x60, 0xff,
    0x70, 0x68, 0x60, 0xff, 0x70, 0x68, 0x68, 0xff, 0x70, 0x68, 0x60, 0xff,
    0x70, 0x6c, 0x60, 0xff, 0x70, 0x68, 0x68, 0xff, 0x70, 0x68, 0x60, 0xff,
    0x70, 0x68, 0x60, 0xff, 0x70, 0x68, 0x68, 0xff, 0x70, 0x6c, 0x60, 0xff,
    0x70, 0x68, 0x68, 0xff, 0x70, 0x68, 0x60, 0xff, 0x70, 0x6c, 0x60, 0xff,
    0x70, 0x6c, 0x68, 0xff, 0x70, 0x68, 0x68, 0xff, 0x70, 0x6c, 0x60, 0xff,
    0x70, 0x68, 0x60, 0xff, 0x70, 0x68, 0x68, 0xff, 0x70, 0x6c, 0x60, 0xff,
    0x70, 0x68, 0x68, 0xff, 0x70, 0x68, 0x68, 0xff, 0x70, 0x68, 0x60, 0xff,
    0x70, 0x68, 0x60, 0xff, 0x70, 0x6c, 0x68, 0xff, 0x70, 0x68, 0x60, 0xff,
    0x70, 0x68, 0x60, 0xff, 0x70, 0x6c, 0x68, 0xff, 0x70, 0x68, 0x60, 0xff,
    0x70, 0x68, 0x60, 0xff, 0x70, 0x68, 0x68, 0xff, 0x70, 0x68, 0x60, 0xff,
    0x70, 0x6c, 0x60, 0xff, 0x70, 0x68, 0x68, 0xff, 0x70, 0x68, 0x60, 0xff,
    0x70, 0x6c, 0x60, 0xff, 0x70, 0x68, 0x68, 0xff, 0x70, 0x68, 0x60, 0xff,
    0x70, 0x68, 0x68, 0xff, 0x70, 0x68, 0x60, 0xff, 0x70, 0x6c, 0x68, 0xff,
    0x70, 0x68, 0x60, 0xff, 0x70, 0x68, 0x60, 0xff, 0x70, 0x68, 0x68, 0xff,
    0x70, 0x6c, 0x60, 0xff, 0x70, 0x68, 0x60, 0xff, 0x70, 0x68, 0x68, 0xff,
    0x70, 0x68, 0x60, 0xff, 0x70, 0x68, 0x68, 0xff, 0x70, 0x68, 0x60, 0xff,
    0x70, 0x6c, 0x60, 0xff, 0x70, 0x6c, 0x68, 0xff, 0x70, 0x68, 0x60, 0xff,
    0x70, 0x6c, 0x60, 0xff, 0x70, 0x68, 0x68, 0xff, 0x70, 0x6c, 0x60, 0xff,
    0x70, 0x68, 0x60, 0xff, 0x70, 0x68, 0x68, 0xff, 0x70, 0x68, 0x60, 0xff,
    0x70, 0x68, 0x60, 0xff, 0x70, 0x68, 0x68, 0xff, 0x70, 0x68, 0x60, 0xff,
    0x70, 0x68, 0x68, 0xff, 0x70, 0x68, 0x68, 0xff, 0x70, 0x6c, 0x60, 0xff,
    0x70, 0x68, 0x68, 0xff, 0x70, 0x68, 0x60, 0xff, 0x70, 0x68, 0x68, 0xff,
    0x70, 0x6c, 0x60, 0xff, 0x70, 0x68, 0x60, 0xff, 0x70, 0x68, 0x68, 0xff,
    0x70, 0x68, 0x60, 0xff, 0x70, 0x6c, 0x60, 0xff, 0x70, 0x68, 0x68, 0xff,
    0x70, 0x68, 0x60, 0xff, 0x70, 0x6c, 0x60, 0xff, 0x70, 0x68, 0x68, 0xff,
    0x70, 0x68, 0x60, 0xff, 0x70, 0x68, 0x60, 0xff, 0x70, 0x68, 0x60, 0xff,
    0x70, 0x68, 0x68, 0xff, 0x70, 0x68, 0x60, 0xff, 0x70, 0x68, 0x60, 0xff,
    0x70, 0x68, 0x68, 0xff, 0x70, 0x6c, 0x60, 0xff, 0x70, 0x68, 0x60, 0xff,
    0x70, 0x68, 0x68, 0xff, 0x70, 0x68, 0x60, 0xff, 0x70, 0x6c, 0x60, 0xff,
    0x70, 0x68, 0x68, 0xff, 0x70, 0x68, 0x60, 0xff, 0x70, 0x6c, 0x60, 0xff,
    0x70, 0x68, 0x68, 0xff, 0x70, 0x68, 0x60, 0xff, 0x70, 0x6c, 0x60, 0xff,
    0x70, 0x68, 0x68, 0xff, 0x70, 0x68, 0x60, 0xff, 0x70, 0x68, 0x68, 0xff,
    0x70, 0x68, 0x60, 0xff, 0x70, 0x68, 0x60, 0xff, 0x70, 0x6c, 0x68, 0xff,
    0x70, 0x68, 0x60, 0xff, 0x70, 0x68, 0x60, 0xff, 0x70, 0x68, 0x68, 0xff,
    0x70, 0x68, 0x60, 0xff, 0x70, 0x6c, 0x68, 0xff, 0x70, 0x68, 0x68, 0xff,
    0x70, 0x68, 0x60, 0xff, 0x70, 0x68, 0x68, 0xff, 0x70, 0x68, 0x60, 0xff,
    0x70, 0x68, 0x60, 0xff, 0x70, 0x68, 0x68, 0xff, 0x70, 0x68, 0x60, 0xff,
    0x70, 0x6c, 0x68, 0xff, 0x70, 0x68, 0x60, 0xff, 0x70, 0x68, 0x68, 0xff,
    0x70, 0x68, 0x60, 0xff, 0x70, 0x6c, 0x60, 0xff, 0x70, 0x68, 0x68, 0xff,
    0x70, 0x6c, 0x60, 0xff, 0x70, 0x6c, 0x68, 0xff, 0x70, 0x68, 0x60, 0xff,
    0x70, 0x68, 0x60, 0xff, 0x70, 0x68, 0x68, 0xff, 0x70, 0x68, 0x60, 0xff,
    0x70, 0x68, 0x60, 0xff, 0x70, 0x6c, 0x68, 0xff, 0x70, 0x68, 0x60, 0xff,
    0x70, 0x68, 0x68, 0xff, 0x70, 0x68, 0x60, 0xff, 0x70, 0x68, 0x68, 0xff,
    0x70, 0x6c, 0x60, 0xff, 0x70, 0x68, 0x60, 0xff, 0x70, 0x68, 0x68, 0xff,
    0x70, 0x6c, 0x60, 0xff, 0x70, 0x68, 0x60, 0xff, 0x70, 0x68, 0x68, 0xff,
    0x70, 0x6c, 0x60, 0xff, 0x70, 0x68, 0x60, 0xff, 0x70, 0x68, 0x68, 0xff,
    0x70, 0x6c, 0x60, 0xff, 0x70, 0x68, 0x60, 0xff, 0x70, 0x68, 0x68, 0xff,
    0x70, 0x68, 0x68, 0xff, 0x70, 0x6c, 0x60, 0xff, 0x70, 0x68, 0x60, 0xff,
    0x70, 0x68, 0x68, 0xff, 0x70, 0x6c, 0x60, 0xff, 0x70, 0x68, 0x68, 0xff,
    0x70, 0x6c, 0x60, 0xff, 0x70, 0x68, 0x60, 0xff, 0x70, 0x68, 0x68, 0xff,
    0x70, 0x68, 0x60, 0xff, 0x70, 0x68, 0x60, 0xff, 0x70, 0x68, 0x68, 0xff,
    0x70, 0x68, 0x60, 0xff, 0x70, 0x68, 0x60, 0xff, 0x70, 0x6c, 0x68, 0xff,
    0x70, 0x68, 0x60, 0xff, 0x70, 0x68, 0x68, 0xff, 0x70, 0x68, 0x60, 0xff,
    0x70, 0x68, 0x68, 0xff, 0x70, 0x6c, 0x60, 0xff, 0x70, 0x68, 0x68, 0xff,
    0x70, 0x68, 0x60, 0xff, 0x70, 0x68, 0x60, 0xff, 0x70, 0x68, 0x68, 0xff,
    0x70, 0x68, 0x60, 0xff, 0x70, 0x6c, 0x60, 0xff, 0x70, 0x68, 0x68, 0xff,
    0x70, 0x68, 0x68, 0xff, 0x70, 0x68, 0x60, 0xff, 0x70, 0x6c, 0x60, 0xff,
    0x70, 0x68, 0x68, 0xff, 0x70, 0x68, 0x60, 0xff, 0x70, 0x6c, 0x60, 0xff,
    0x70, 0x68, 0x68, 0xff, 0x70, 0x6c, 0x60, 0xff, 0x70, 0x68, 0x60, 0xff,
    0x70, 0x68, 0x68, 0xff, 0x70, 0x68, 0x60, 0xff, 0x70, 0x6c, 0x68, 0xff,
    0x70, 0x68, 0x60, 0xff, 0x70, 0x68, 0x68, 0xff, 0x70, 0x6c, 0x60, 0xff,
    0x70, 0x68, 0x60, 0xff, 0x70, 0x68, 0x68, 0xff, 0x70, 0x6c, 0x60, 0xff,
    0x70, 0x68, 0x60, 0xff, 0x70, 0x68, 0x60, 0xff, 0x70, 0x68, 0x68, 0xff,
    0x70, 0x68, 0x60, 0xff, 0x70, 0x6c, 0x60, 0xff, 0x70, 0x68, 0x68, 0xff,
    0x70, 0x68, 0x60, 0xff, 0x70, 0x68, 0x60, 0xff, 0x70, 0x6c, 0x60, 0xff,
    0x70, 0x68, 0x68, 0xff, 0x70, 0x68, 0x60, 0xff, 0x70, 0x68, 0x68, 0xff,
    0x70, 0x6c, 0x60, 0xff, 0x70, 0x68, 0x60, 0xff, 0x70, 0x68, 0x68, 0xff,
    0x70, 0x6c, 0x60, 0xff, 0x70, 0x68, 0x68, 0xff, 0x70, 0x68, 0x60, 0xff,
    0x70, 0x6c, 0x60, 0xff, 0x70, 0x68, 0x68, 0xff, 0x70, 0x68, 0x60, 0xff,
    0x70, 0x68, 0x60, 0xff, 0x70, 0x68, 0x68, 0xff, 0x70, 0x6c, 0x60, 0xff,
    0x70, 0x68, 0x60, 0xff, 0x70, 0x68, 0x60, 0xff, 0x70, 0x6c, 0x68, 0xff,
    0x70, 0x68, 0x60, 0xff, 0x70, 0x68, 0x60, 0xff, 0x70, 0x68, 0x68, 0xff,
    0x70, 0x6c, 0x60, 0xff, 0x70, 0x68, 0x60, 0xff, 0x70, 0x68, 0x68, 0xff,
    0x70, 0x6c, 0x60, 0xff, 0x70, 0x6c, 0x60, 0xff, 0x70, 0x68, 0x68, 0xff,
    0x70, 0x68, 0x60, 0xff, 0x70, 0x68, 0x60, 0xff, 0x70, 0x68, 0x68, 0xff,
    0x70, 0x68, 0x60, 0xff, 0x70, 0x68, 0x60, 0xff, 0x70, 0x6c, 0x68, 0xff,
    0x70, 0x68, 0x60, 0xff, 0x70, 0x68, 0x68, 0xff, 0x70, 0x6c, 0x60, 0xff,
    0x70, 0x68, 0x60, 0xff, 0x70, 0x68, 0x68, 0xff, 0x70, 0x6c, 0x60, 0xff,
    0x70, 0x68, 0x60, 0xff, 0x70, 0x68, 0x60, 0xff, 0x70, 0x68, 0x68, 0xff,
    0x70, 0x68, 0x60, 0xff, 0x70, 0x6c, 0x68, 0xff, 0x70, 0x68, 0x60, 0xff,
    0x70, 0x68, 0x60, 0xff, 0x70, 0x68, 0x68, 0xff, 0x70, 0x6c, 0x60, 0xff,
    0x70, 0x68, 0x68, 0xff, 0x70, 0x68, 0x60, 0xff, 0x70, 0x68, 0x60, 0xff,
    0x70, 0x68, 0x68, 0xff, 0x70, 0x68, 0x60, 0xff, 0x70, 0x68, 0x60, 0xff,
    0x70, 0x6c, 0x68, 0xff, 0x70, 0x68, 0x60, 0xff, 0x70, 0x68, 0x68, 0xff,
    0x70, 0x6c, 0x60, 0xff, 0x70, 0x68, 0x60, 0xff, 0x70, 0x6c, 0x68, 0xff,
    0x70, 0x68, 0x60, 0xff, 0x70, 0x68, 0x60, 0xff, 0x70, 0x68, 0x68, 0xff,
    0x70, 0x6c, 0x68, 0xff, 0x70, 0x68, 0x60, 0xff, 0x70, 0x68, 0x68, 0xff,
    0x70, 0x68, 0x60, 0xff, 0x70, 0x68, 0x68, 0xff, 0x70, 0x68, 0x60, 0xff,
    0x70, 0x68, 0x68, 0xff, 0x70, 0x68, 0x60, 0xff, 0x70, 0x68, 0x60, 0xff,
    0x70, 0x6c, 0x68, 0xff, 0x70, 0x68, 0x60, 0xff, 0x70, 0x6c, 0x60, 0xff,
    0x70, 0x6c, 0x68, 0xff, 0x70, 0x68, 0x60, 0xff, 0x70, 0x68, 0x68, 0xff,
    0x70, 0x68, 0x60, 0xff, 0x70, 0x6c, 0x60, 0xff, 0x70, 0x68, 0x68, 0xff,
    0x70, 0x68, 0x60, 0xff, 0x70, 0x6c, 0x60, 0xff, 0x70, 0x68, 0x60, 0xff,
    0x70, 0x68, 0x60, 0xff, 0x70, 0x6c, 0x68, 0xff, 0x70, 0x6c, 0x60, 0xff,
    0x70, 0x68, 0x68, 0xff, 0x70, 0x68, 0x60, 0xff, 0x70, 0x68, 0x60, 0xff,
    0x70, 0x68, 0x68, 0xff, 0x70, 0x68, 0x60, 0xff, 0x70, 0x6c, 0x60, 0xff,
    0x70, 0x68, 0x68, 0xff, 0x70, 0x68, 0x60, 0xff, 0x70, 0x68, 0x60, 0xff,
    0x70, 0x68, 0x60, 0xff, 0x70, 0x68, 0x68, 0xff, 0x70, 0x68, 0x60, 0xff,
    0x70, 0x6c, 0x60, 0xff, 0x70, 0x68, 0x68, 0xff, 0x70, 0x68, 0x60, 0xff,
    0x70, 0x6c, 0x68, 0xff, 0x70, 0x68, 0x60, 0xff, 0x70, 0x68, 0x60, 0xff,
    0x70, 0x68, 0x68, 0xff, 0x70, 0x6c, 0x60, 0xff, 0x70, 0x68, 0x60, 0xff,
    0x70, 0x68, 0x68, 0xff, 0x70, 0x68, 0x60, 0xff, 0x70, 0x68, 0x60, 0xff,
    0x70, 0x68, 0x68, 0xff, 0x70, 0x68, 0x60, 0xff, 0x70, 0x68, 0x68, 0xff,
    0x70, 0x68, 0x60, 0xff, 0x70, 0x68, 0x60, 0xff, 0x70, 0x68, 0x68, 0xff,
    0x70, 0x6c, 0x60, 0xff, 0x70, 0x68, 0x60, 0xff, 0x70, 0x68, 0x68, 0xff,
    0x70, 0x68, 0x60, 0xff, 0x70, 0x6c, 0x60, 0xff, 0x70, 0x68, 0x68, 0xff,
    0x70, 0x68, 0x60, 0xff, 0x70, 0x68, 0x60, 0xff, 0x70, 0x68, 0x68, 0xff,
    0x70, 0x68, 0x60, 0xff, 0x70, 0x68, 0x68, 0xff, 0x70, 0x6c, 0x60, 0xff,
    0x70, 0x68, 0x68, 0xff, 0x70, 0x6c, 0x60, 0xff, 0x70, 0x68, 0x60, 0xff,
    0x70, 0x6c, 0x68, 0xff, 0x70, 0x68, 0x60, 0xff, 0x70, 0x68, 0x68, 0xff,
    0x70, 0x68, 0x60, 0xff, 0x70, 0x6c, 0x60, 0xff, 0x70, 0x68, 0x60, 0xff,
    0x70, 0x68, 0x68, 0xff, 0x70, 0x6c, 0x60, 0xff, 0x70, 0x68, 0x60, 0xff,
    0x70, 0x68, 0x68, 0xff, 0x70, 0x6c, 0x60, 0xff, 0x70, 0x6c, 0x68, 0xff,
    0x70, 0x68, 0x60, 0xff, 0x70, 0x68, 0x60, 0xff, 0x70, 0x68, 0x68, 0xff,
    0x70, 0x6c, 0x60, 0xff, 0x70, 0x68, 0x60, 0xff, 0x70, 0x68, 0x68, 0xff,
    0x70, 0x68, 0x60, 0xff, 0x70, 0x68, 0x60, 0xff, 0x70, 0x68, 0x68, 0xff,
    0x70, 0x68, 0x60, 0xff, 0x70, 0x68, 0x68, 0xff, 0x70, 0x6c, 0x60, 0xff,
    0x70, 0x68, 0x60, 0xff, 0x70, 0x68, 0x68, 0xff, 0x70, 0x6c, 0x60, 0xff,
    0x70, 0x68, 0x60, 0xff, 0x70, 0x68, 0x68, 0xff, 0x70, 0x6c, 0x60, 0xff,
    0x70, 0x68, 0x60, 0xff, 0x70, 0x68, 0x68, 0xff, 0x70, 0x68, 0x60, 0xff,
    0x70, 0x68, 0x68, 0xff, 0x70, 0x68, 0x60, 0xff, 0x70, 0x68, 0x60, 0xff,
    0x70, 0x68, 0x68, 0xff, 0x70, 0x68, 0x60, 0xff, 0x70, 0x68, 0x60, 0xff,
    0x70, 0x6c, 0x68, 0xff, 0x70, 0x68, 0x60, 0xff, 0x70, 0x68, 0x60, 0xff,
    0x70, 0x6c, 0x68, 0xff, 0x70, 0x68, 0x60, 0xff, 0x70, 0x68, 0x60, 0xff,
    0x70, 0x6c, 0x68, 0xff, 0x70, 0x68, 0x60, 0xff, 0x70, 0x68, 0x68, 0xff,
    0x70, 0x68, 0x60, 0xff, 0x70, 0x68, 0x60, 0xff, 0x70, 0x6c, 0x68, 0xff,
    0x70, 0x68, 0x60, 0xff, 0x70, 0x68, 0x60, 0xff, 0x70, 0x68, 0x68, 0xff,
    0x70, 0x6c, 0x60, 0xff, 0x70, 0x68, 0x68, 0xff, 0x70, 0x68, 0x60, 0xff,
    0x70, 0x68, 0x68, 0xff, 0x70, 0x6c, 0x60, 0xff, 0x70, 0x68, 0x68, 0xff,
    0x70, 0x68, 0x60, 0xff, 0x70, 0x68, 0x60, 0xff, 0x70, 0x6c, 0x68, 0xff,
    0x70, 0x68, 0x60, 0xff, 0x70, 0x68, 0x68, 0xff, 0x70, 0x68, 0x60, 0xff,
    0x70, 0x68, 0x68, 0xff, 0x70, 0x68, 0x60, 0xff, 0x70, 0x68, 0x60, 0xff,
    0x70, 0x6c, 0x68, 0xff, 0x70, 0x68, 0x60, 0xff, 0x70, 0x68, 0x68, 0xff,
    0x70, 0x6c, 0x60, 0xff, 0x70, 0x68, 0x68, 0xff, 0x70, 0x68, 0x60, 0xff,
    0x70, 0x68, 0x60, 0xff, 0x70, 0x68, 0x68, 0xff, 0x70, 0x68, 0x60, 0xff,
    0x70, 0x6c, 0x60, 0xff, 0x70, 0x68, 0x68, 0xff, 0x70, 0x68, 0x60, 0xff,
    0x70, 0x6c, 0x68, 0xff, 0x70, 0x68, 0x60, 0xff, 0x70, 0x6c, 0x60, 0xff,
    0x70, 0x68, 0x60, 0xff, 0x70, 0x68, 0x68, 0xff, 0x70, 0x68, 0x60, 0xff,
    0x70, 0x6c, 0x60, 0xff, 0x70, 0x68, 0x68, 0xff, 0x70, 0x68, 0x60, 0xff,
    0x70, 0x68, 0x60, 0xff, 0x70, 0x6c, 0x68, 0xff, 0x70, 0x68, 0x60, 0xff,
    0x70, 0x68, 0x68, 0xff, 0x70, 0x6c, 0x60, 0xff, 0x70, 0x68, 0x60, 0xff,
    0x70, 0x68, 0x68, 0xff, 0x70, 0x68, 0x60, 0xff, 0x70, 0x6c, 0x60, 0xff,
    0x70, 0x68, 0x68, 0xff, 0x70, 0x68, 0x68, 0xff, 0x70, 0x6c, 0x60, 0xff,
    0x70, 0x68, 0x68, 0xff, 0x70, 0x68, 0x60, 0xff, 0x70, 0x6c, 0x60, 0xff,
    0x70, 0x68, 0x68, 0xff, 0x70, 0x68, 0x60, 0xff, 0x70, 0x6c, 0x60, 0xff,
    0x70, 0x68, 0x60, 0xff, 0x70, 0x6c, 0x68, 0xff, 0x70, 0x68, 0x60, 0xff,
    0x70, 0x6c, 0x60, 0xff, 0x70, 0x68, 0x68, 0xff, 0x70, 0x68, 0x60, 0xff,
    0x70, 0x6c, 0x68, 0xff, 0x70, 0x68, 0x60, 0xff, 0x70, 0x68, 0x60, 0xff,
    0x70, 0x68, 0x68, 0xff, 0x70, 0x68, 0x60, 0xff, 0x70, 0x68, 0x60, 0xff,
    0x70, 0x6c, 0x68, 0xff, 0x70, 0x68, 0x60, 0xff, 0x70, 0x68, 0x60, 0xff,
    0x70, 0x68, 0x68, 0xff, 0x70, 0x6c, 0x60, 0xff, 0x70, 0x68, 0x68, 0xff,
    0x70, 0x68, 0x60, 0xff, 0x70, 0x68, 0x60, 0xff, 0x70, 0x68, 0x68, 0xff,
    0x70, 0x68, 0x60, 0xff, 0x70, 0x68, 0x60, 0xff, 0x70, 0x68, 0x60, 0xff,
    0x70, 0x6c, 0x68, 0xff, 0x70, 0x68, 0x60, 0xff, 0x70, 0x68, 0x60, 0xff,
    0x70, 0x68, 0x68, 0xff, 0x70, 0x6c, 0x60, 0xff, 0x70, 0x68, 0x68, 0xff,
    0x70, 0x68, 0x60, 0xff, 0x70, 0x6c, 0x68, 0xff, 0x70, 0x68, 0x60, 0xff,
    0x70, 0x68, 0x60, 0xff, 0x70, 0x68, 0x68, 0xff, 0x70, 0x68, 0x60, 0xff,
    0x70, 0x6c, 0x60, 0xff, 0x70, 0x68, 0x68, 0xff, 0x70, 0x68, 0x60, 0xff,
    0x70, 0x68, 0x60, 0xff, 0x70, 0x6c, 0x68, 0xff, 0x70, 0x68, 0x60, 0xff,
    0x70, 0x68, 0x60, 0xff, 0x70, 0x6c, 0x68, 0xff, 0x70, 0x68, 0x60, 0xff,
    0x70, 0x6c, 0x68, 0xff, 0x70, 0x6c, 0x60, 0xff, 0x70, 0x68, 0x60, 0xff,
    0x70, 0x6c, 0x68, 0xff, 0x70, 0x68, 0x60, 0xff, 0x70, 0x68, 0x68, 0xff,
    0x70, 0x6c, 0x68, 0xff, 0x70, 0x68, 0x60, 0xff, 0x70, 0x68, 0x60, 0xff,
    0x70, 0x68, 0x68, 0xff, 0x70, 0x6c, 0x60, 0xff, 0x70, 0x68, 0x60, 0xff,
    0x70, 0x68, 0x68, 0xff, 0x70, 0x6c, 0x60, 0xff, 0x70, 0x68, 0x60, 0xff,
    0x70, 0x68, 0x68, 0xff, 0x70, 0x6c, 0x60, 0xff, 0x70, 0x68, 0x60, 0xff,
    0x70, 0x68, 0x68, 0xff, 0x70, 0x68, 0x60, 0xff, 0x70, 0x68, 0x68, 0xff,
    0x70, 0x6c, 0x60, 0xff, 0x70, 0x68, 0x60, 0xff, 0x70, 0x68, 0x68, 0xff,
    0x70, 0x6c, 0x60, 0xff, 0x70, 0x68, 0x68, 0xff, 0x70, 0x68, 0x60, 0xff,
    0x70, 0x6c, 0x68, 0xff, 0x70, 0x68, 0x60, 0xff, 0x70, 0x68, 0x60, 0xff,
    0x70, 0x68, 0x68, 0xff, 0x70, 0x68, 0x60, 0xff, 0x70, 0x68, 0x60, 0xff,
    0x70, 0x68, 0x68, 0xff, 0x70, 0x68, 0x60, 0xff, 0x70, 0x68, 0x68, 0xff,
    0x70, 0x68, 0x60, 0xff, 0x70, 0x68, 0x60, 0xff, 0x70, 0x6c, 0x68, 0xff,
    0x70, 0x68, 0x60, 0xff, 0x70, 0x6c, 0x60, 0xff, 0x70, 0x68, 0x68, 0xff,
    0x70, 0x6c, 0x60, 0xff, 0x70, 0x68, 0x60, 0xff, 0x70, 0x68, 0x68, 0xff,
    0x70, 0x68, 0x60, 0xff, 0x70, 0x68, 0x68, 0xff, 0x70, 0x6c, 0x60, 0xff,
    0x70, 0x68, 0x60, 0xff, 0x70, 0x68, 0x68, 0xff, 0x70, 0x68, 0x60, 0xff,
    0x70, 0x68, 0x60, 0xff, 0x70, 0x68, 0x68, 0xff, 0x70, 0x6c, 0x60, 0xff,
    0x70, 0x68, 0x60, 0xff, 0x70, 0x68, 0x68, 0xff, 0x70, 0x6c, 0x68, 0xff,
    0x70, 0x6c, 0x60, 0xff, 0x70, 0x68, 0x60, 0xff, 0x70, 0x6c, 0x68, 0xff,
    0x70, 0x68, 0x60, 0xff, 0x70, 0x68, 0x68, 0xff, 0x70, 0x68, 0x60, 0xff,
    0x70, 0x68, 0x68, 0xff, 0x70, 0x68, 0x60, 0xff, 0x70, 0x68, 0x60, 0xff,
    0x70, 0x68, 0x68, 0xff, 0x70, 0x68, 0x60, 0xff, 0x70, 0x68, 0x60, 0xff,
    0x70, 0x6c, 0x68, 0xff, 0x70, 0x68, 0x60, 0xff, 0x70, 0x68, 0x60, 0xff,
    0x70, 0x68, 0x68, 0xff, 0x70, 0x6c, 0x60, 0xff, 0x70, 0x68, 0x68, 0xff,
    0x70, 0x68, 0x60, 0xff, 0x70, 0x6c, 0x60, 0xff, 0x70, 0x68, 0x68, 0xff,
    0x70, 0x68, 0x60, 0xff, 0x70, 0x68, 0x60, 0xff, 0x70, 0x68, 0x68, 0xff,
    0x70, 0x6c, 0x60, 0xff, 0x70, 0x68, 0x60, 0xff, 0x70, 0x68, 0x68, 0xff,
    0x70, 0x68, 0x60, 0xff, 0x70, 0x6c, 0x60, 0xff, 0x70, 0x68, 0x68, 0xff,
    0x70, 0x6c, 0x60, 0xff, 0x70, 0x68, 0x60, 0xff, 0x70, 0x68, 0x68, 0xff,
    0x70, 0x68, 0x60, 0xff, 0x70, 0x68, 0x60, 0xff, 0x70, 0x68, 0x68, 0xff,
    0x70, 0x6c, 0x60, 0xff, 0x70, 0x68, 0x60, 0xff, 0x70, 0x68, 0x68, 0xff,
    0x70, 0x6c, 0x60, 0xff, 0x70, 0x68, 0x60, 0xff, 0x70, 0x68, 0x68, 0xff,
    0x70, 0x6c, 0x60, 0xff, 0x70, 0x68, 0x68, 0xff, 0x70, 0x68, 0x60, 0xff,
    0x70, 0x68, 0x60, 0xff, 0x70, 0x68, 0x68, 0xff, 0x70, 0x68, 0x68, 0xff,
    0x70, 0x68, 0x60, 0xff, 0x70, 0x6c, 0x68, 0xff, 0x70, 0x68, 0x60, 0xff,
    0x70, 0x68, 0x60, 0xff, 0x70, 0x68, 0x68, 0xff, 0x70, 0x6c, 0x68, 0xff,
    0x70, 0x68, 0x60, 0xff, 0x70, 0x68, 0x60, 0xff, 0x70, 0x68, 0x68, 0xff,
    0x70, 0x6c, 0x60, 0xff, 0x70, 0x68, 0x60, 0xff, 0x70, 0x68, 0x68, 0xff,
    0x70, 0x6c, 0x60, 0xff, 0x70, 0x68, 0x68, 0xff, 0x70, 0x68, 0x60, 0xff,
    0x70, 0x68, 0x60, 0xff, 0x70, 0x68, 0x60, 0xff, 0x70, 0x68, 0x60, 0xff,
    0x70, 0x68, 0x60, 0xff, 0x70, 0x68, 0x68, 0xff, 0x70, 0x68, 0x60, 0xff,
    0x70, 0x6c, 0x60, 0xff, 0x70, 0x68, 0x68, 0xff, 0x70, 0x68, 0x60, 0xff,
    0x70, 0x68, 0x60, 0xff, 0x70, 0x68, 0x68, 0xff, 0x70, 0x68, 0x60, 0xff,
    0x70, 0x6c, 0x60, 0xff, 0x70, 0x68, 0x68, 0xff, 0x70, 0x68, 0x60, 0xff,
    0x70, 0x6c, 0x60, 0xff, 0x70, 0x68, 0x68, 0xff, 0x70, 0x68, 0x60, 0xff,
    0x70, 0x68, 0x68, 0xff, 0x70, 0x68, 0x60, 0xff, 0x70, 0x68, 0x60, 0xff,
    0x70, 0x68, 0x68, 0xff, 0x70, 0x68, 0x60, 0xff, 0x70, 0x6c, 0x68, 0xff,
    0x70, 0x68, 0x60, 0xff, 0x70, 0x68, 0x60, 0xff, 0x70, 0x68, 0x68, 0xff,
    0x70, 0x68, 0x60, 0xff, 0x70, 0x6c, 0x68, 0xff, 0x70, 0x68, 0x60, 0xff,
    0x70, 0x68, 0x60, 0xff, 0x70, 0x68, 0x68, 0xff, 0x70, 0x68, 0x60, 0xff,
    0x70, 0x68, 0x60, 0xff, 0x70, 0x68, 0x68, 0xff, 0x70, 0x6c, 0x60, 0xff,
    0x70, 0x68, 0x60, 0xff, 0x70, 0x68, 0x68, 0xff, 0x70, 0x68, 0x60, 0xff,
    0x70, 0x6c, 0x60, 0xff, 0x70, 0x68, 0x68, 0xff, 0x70, 0x68, 0x60, 0xff,
    0x70, 0x6c, 0x60, 0xff, 0x70, 0x68, 0x68, 0xff, 0x70, 0x68, 0x68, 0xff,
    0x70, 0x6c, 0x60, 0xff, 0x70, 0x68, 0x60, 0xff, 0x70, 0x68, 0x68, 0xff,
    0x70, 0x68, 0x60, 0xff, 0x70, 0x6c, 0x68, 0xff, 0x70, 0x68, 0x60, 0xff,
    0x70, 0x68, 0x68, 0xff, 0x70, 0x68, 0x60, 0xff, 0x70, 0x68, 0x60, 0xff,
    0x70, 0x68, 0x68, 0xff, 0x70, 0x68, 0x60, 0xff, 0x70, 0x68, 0x60, 0xff,
    0x70, 0x68, 0x68, 0xff, 0x70, 0x68, 0x60, 0xff, 0x70, 0x6c, 0x60, 0xff,
    0x70, 0x68, 0x60, 0xff, 0x70, 0x68, 0x60, 0xff, 0x70, 0x68, 0x68, 0xff,
    0x70, 0x68, 0x60, 0xff, 0x70, 0x6c, 0x60, 0xff, 0x70, 0x68, 0x68, 0xff,
    0x70, 0x68, 0x60, 0xff, 0x70, 0x68, 0x68, 0xff, 0x70, 0x68, 0x60, 0xff,
    0x70, 0x6c, 0x68, 0xff, 0x70, 0x68, 0x60, 0xff, 0x70, 0x68, 0x60, 0xff,
    0x70, 0x6c, 0x68, 0xff, 0x70, 0x68, 0x60, 0xff, 0x70, 0x68, 0x60, 0xff,
    0x70, 0x68, 0x68, 0xff, 0x70, 0x68, 0x60, 0xff, 0x70, 0x68, 0x60, 0xff,
    0x70, 0x68, 0x68, 0xff, 0x70, 0x6c, 0x60, 0xff, 0x70, 0x68, 0x60, 0xff,
    0x70, 0x68, 0x68, 0xff, 0x70, 0x68, 0x60, 0xff, 0x70, 0x68, 0x60, 0xff,
    0x70, 0x6c, 0x68, 0xff, 0x70, 0x68, 0x60, 0xff, 0x70, 0x6c, 0x60, 0xff,
    0x70, 0x68, 0x68, 0xff, 0x70, 0x68, 0x60, 0xff, 0x70, 0x6c, 0x60, 0xff,
    0x70, 0x6c, 0x68, 0xff, 0x70, 0x68, 0x60, 0xff, 0x70, 0x68, 0x60, 0xff,
    0x70, 0x68, 0x68, 0xff, 0x70, 0x68, 0x60, 0xff, 0x70, 0x68, 0x68, 0xff,
    0x70, 0x6c, 0x60, 0xff, 0x70, 0x68, 0x60, 0xff, 0x70, 0x68, 0x68, 0xff,
    0x70, 0x6c, 0x60, 0xff, 0x70, 0x68, 0x60, 0xff, 0x70, 0x68, 0x68, 0xff,
    0x70, 0x68, 0x60, 0xff, 0x70, 0x68, 0x60, 0xff, 0x70, 0x6c, 0x68, 0xff,
    0x70, 0x68, 0x60, 0xff, 0x70, 0x68, 0x68, 0xff, 0x70, 0x6c, 0x60, 0xff,
    0x70, 0x68, 0x60, 0xff, 0x70, 0x68, 0x68, 0xff, 0x70, 0x68, 0x60, 0xff,
    0x70, 0x68, 0x60, 0xff, 0x70, 0x68, 0x68, 0xff, 0x70, 0x68, 0x60, 0xff,
    0x70, 0x68, 0x60, 0xff, 0x70, 0x6c, 0x68, 0xff, 0x70, 0x68, 0x60, 0xff,
    0x70, 0x68, 0x60, 0xff, 0x70, 0x6c, 0x68, 0xff, 0x70, 0x68, 0x60, 0xff,
    0x70, 0x6c, 0x68, 0xff, 0x70, 0x68, 0x60, 0xff, 0x70, 0x68, 0x60, 0xff,
    0x70, 0x6c, 0x68, 0xff, 0x70, 0x68, 0x60, 0xff, 0x70, 0x68, 0x68, 0xff,
    0x70, 0x6c, 0x60, 0xff, 0x70, 0x68, 0x60, 0xff, 0x70, 0x68, 0x68, 0xff,
    0x70, 0x68, 0x60, 0xff, 0x70, 0x68, 0x60, 0xff, 0x70, 0x68, 0x68, 0xff,
    0x70, 0x6c, 0x60, 0xff, 0x70, 0x68, 0x60, 0xff, 0x70, 0x68, 0x68, 0xff,
    0x70, 0x6c, 0x60, 0xff, 0x70, 0x68, 0x60, 0xff, 0x70, 0x68, 0x68, 0xff,
    0x70, 0x68, 0x68, 0xff, 0x70, 0x6c, 0x60, 0xff, 0x70, 0x68, 0x60, 0xff,
    0x70, 0x68, 0x68, 0xff, 0x70, 0x68, 0x60, 0xff, 0x70, 0x6c, 0x60, 0xff,
    0x70, 0x68, 0x68, 0xff, 0x70, 0x6c, 0x60, 0xff, 0x70, 0x68, 0x60, 0xff,
    0x70, 0x68, 0x68, 0xff, 0x70, 0x68, 0x60, 0xff, 0x70, 0x68, 0x60, 0xff,
    0x70, 0x68, 0x68, 0xff, 0x70, 0x6c, 0x60, 0xff, 0x70, 0x68, 0x68, 0xff,
    0x70, 0x68, 0x60, 0xff, 0x70, 0x68, 0x60, 0xff, 0x70, 0x68, 0x68, 0xff,
    0x70, 0x6c, 0x60, 0xff, 0x70, 0x68, 0x60, 0xff, 0x70, 0x68, 0x60, 0xff,
    0x70, 0x6c, 0x60, 0xff, 0x70, 0x68, 0x68, 0xff, 0x70, 0x68, 0x60, 0xff,
    0x70, 0x6c, 0x60, 0xff, 0x70, 0x68, 0x68, 0xff, 0x70, 0x68, 0x60, 0xff,
    0x70, 0x68, 0x60, 0xff, 0x70, 0x6c, 0x68, 0xff, 0x70, 0x68, 0x60, 0xff,
    0x70, 0x68, 0x60, 0xff, 0x70, 0x68, 0x68, 0xff, 0x70, 0x68, 0x60, 0xff,
    0x70, 0x68, 0x60, 0xff, 0x70, 0x6c, 0x68, 0xff, 0x70, 0x68, 0x60, 0xff,
    0x70, 0x68, 0x68, 0xff, 0x70, 0x6c, 0x68, 0xff, 0x70, 0x68, 0x60, 0xff,
    0x70, 0x6c, 0x68, 0xff, 0x70, 0x68, 0x60, 0xff, 0x70, 0x68, 0x60, 0xff,
    0x70, 0x6c, 0x68, 0xff, 0x70, 0x68, 0x60, 0xff, 0x70, 0x68, 0x68, 0xff,
    0x70, 0x68, 0x60, 0xff, 0x70, 0x6c, 0x68, 0xff, 0x70, 0x68, 0x68, 0xff,
    0x70, 0x68, 0x60, 0xff, 0x70, 0x68, 0x60, 0xff, 0x70, 0x68, 0x68, 0xff,
    0x70, 0x68, 0x60, 0xff, 0x70, 0x68, 0x60, 0xff, 0x70, 0x68, 0x68, 0xff,
    0x70, 0x6c, 0x60, 0xff, 0x70, 0x68, 0x60, 0xff, 0x70, 0x6c, 0x68, 0xff,
    0x70, 0x6c, 0x60, 0xff, 0x70, 0x68, 0x60, 0xff, 0x70, 0x68, 0x68, 0xff,
    0x70, 0x68, 0x60, 0xff, 0x70, 0x6c, 0x68, 0xff, 0x70, 0x68, 0x60, 0xff,
    0x70, 0x68, 0x60, 0xff, 0x70, 0x6c, 0x68, 0xff, 0x70, 0x68, 0x60, 0xff,
    0x70, 0x68, 0x68, 0xff, 0x70, 0x6c, 0x60, 0xff, 0x70, 0x6c, 0x60, 0xff,
    0x70, 0x68, 0x68, 0xff, 0x70, 0x68, 0x60, 0xff, 0x70, 0x68, 0x60, 0xff,
    0x70, 0x68, 0x68, 0xff, 0x70, 0x6c, 0x60, 0xff, 0x70, 0x68, 0x60, 0xff,
    0x70, 0x68, 0x68, 0xff, 0x70, 0x68, 0x60, 0xff, 0x70, 0x68, 0x60, 0xff,
    0x70, 0x68, 0x68, 0xff, 0x70, 0x68, 0x60, 0xff, 0x70, 0x6c, 0x60, 0xff,
    0x70, 0x68, 0x60, 0xff, 0x70, 0x68, 0x68, 0xff, 0x70, 0x68, 0x60, 0xff,
    0x70, 0x6c, 0x60, 0xff, 0x70, 0x68, 0x68, 0xff, 0x70, 0x68, 0x60, 0xff,
    0x70, 0x68, 0x60, 0xff, 0x70, 0x6c, 0x68, 0xff, 0x70, 0x68, 0x60, 0xff,
    0x70, 0x68, 0x60, 0xff, 0x70, 0x6c, 0x68, 0xff, 0x70, 0x68, 0x60, 0xff,
    0x70, 0x68, 0x68, 0xff, 0x70, 0x68, 0x60, 0xff, 0x70, 0x68, 0x68, 0xff,
    0x70, 0x68, 0x60, 0xff, 0x70, 0x6c, 0x60, 0xff, 0x70, 0x68, 0x68, 0xff,
    0x70, 0x68, 0x60, 0xff, 0x70, 0x6c, 0x68, 0xff, 0x70, 0x68, 0x60, 0xff,
    0x70, 0x68, 0x60, 0xff, 0x70, 0x68, 0x68, 0xff, 0x70, 0x6c, 0x60, 0xff,
    0x70, 0x68, 0x60, 0xff, 0x70, 0x68, 0x68, 0xff, 0x70, 0x68, 0x60, 0xff,
    0x70, 0x68, 0x60, 0xff, 0x70, 0x68, 0x68, 0xff, 0x70, 0x6c, 0x60, 0xff,
    0x70, 0x68, 0x60, 0xff, 0x70, 0x6c, 0x68, 0xff, 0x70, 0x68, 0x60, 0xff,
    0x70, 0x68, 0x68, 0xff, 0x70, 0x6c, 0x60, 0xff, 0x70, 0x68, 0x60, 0xff,
    0x70, 0x68, 0x68, 0xff, 0x70, 0x68, 0x60, 0xff, 0x70, 0x6c, 0x60, 0xff,
    0x70, 0x68, 0x68, 0xff, 0x70, 0x68, 0x68, 0xff, 0x70, 0x68, 0x60, 0xff,
    0x70, 0x68, 0x60, 0xff, 0x70, 0x6c, 0x68, 0xff, 0x70, 0x68, 0x60, 0xff,
    0x70, 0x68, 0x60, 0xff, 0x70, 0x68, 0x68, 0xff, 0x70, 0x6c, 0x60, 0xff,
    0x70, 0x68, 0x68, 0xff, 0x70, 0x68, 0x60, 0xff, 0x70, 0x6c, 0x60, 0xff,
    0x70, 0x68, 0x68, 0xff, 0x70, 0x68, 0x60, 0xff, 0x70, 0x68, 0x68, 0xff,
    0x70, 0x68, 0x60, 0xff, 0x70, 0x6c, 0x60, 0xff, 0x70, 0x68, 0x68, 0xff,
    0x70, 0x68, 0x60, 0xff, 0x70, 0x6c, 0x68, 0xff, 0x70, 0x68, 0x60, 0xff,
    0x70, 0x68, 0x60, 0xff, 0x70, 0x6c, 0x68, 0xff, 0x70, 0x68, 0x60, 0xff,
    0x70, 0x68, 0x60, 0xff, 0x70, 0x68, 0x68, 0xff, 0x70, 0x6c, 0x60, 0xff,
    0x70, 0x6c, 0x60, 0xff, 0x70, 0x68, 0x60, 0xff, 0x70, 0x68, 0x68, 0xff,
    0x70, 0x6c, 0x60, 0xff, 0x70, 0x68, 0x60, 0xff, 0x70, 0x68, 0x68, 0xff,
    0x70, 0x6c, 0x60, 0xff, 0x70, 0x68, 0x60, 0xff, 0x70, 0x68, 0x68, 0xff,
    0x70, 0x6c, 0x60, 0xff, 0x70, 0x68, 0x60, 0xff, 0x70, 0x68, 0x68, 0xff,
    0x70, 0x6c, 0x60, 0xff, 0x70, 0x68, 0x60, 0xff, 0x70, 0x68, 0x68, 0xff,
    0x70, 0x68, 0x60, 0xff, 0x70, 0x68, 0x68, 0xff, 0x70, 0x6c, 0x60, 0xff,
    0x70, 0x68, 0x60, 0xff, 0x70, 0x68, 0x68, 0xff, 0x70, 0x6c, 0x60, 0xff,
    0x70, 0x68, 0x68, 0xff, 0x70, 0x68, 0x60, 0xff, 0x70, 0x6c, 0x60, 0xff,
    0x70, 0x68, 0x68, 0xff, 0x70, 0x68, 0x60, 0xff, 0x70, 0x68, 0x60, 0xff,
    0x70, 0x68, 0x68, 0xff, 0x70, 0x6c, 0x60, 0xff, 0x70, 0x68, 0x60, 0xff,
    0x70, 0x68, 0x68, 0xff, 0x70, 0x68, 0x60, 0xff, 0x70, 0x68, 0x68, 0xff,
    0x70, 0x68, 0x60, 0xff, 0x70, 0x6c, 0x68, 0xff, 0x70, 0x68, 0x60, 0xff,
    0x70, 0x68, 0x68, 0xff, 0x70, 0x6c, 0x60, 0xff, 0x70, 0x68, 0x68, 0xff,
    0x70, 0x68, 0x60, 0xff, 0x70, 0x6c, 0x60, 0xff, 0x70, 0x68, 0x68, 0xff,
    0x70, 0x68, 0x60, 0xff, 0x70, 0x6c, 0x60, 0xff, 0x70, 0x68, 0x68, 0xff,
    0x70, 0x68, 0x60, 0xff, 0x70, 0x6c, 0x68, 0xff, 0x70, 0x68, 0x68, 0xff,
    0x70, 0x68, 0x60, 0xff, 0x70, 0x6c, 0x60, 0xff, 0x70, 0x68, 0x68, 0xff,
    0x70, 0x68, 0x60, 0xff, 0x70, 0x68, 0x60, 0xff, 0x70, 0x6c, 0x68, 0xff,
    0x70, 0x68, 0x60, 0xff, 0x70, 0x68, 0x60, 0xff, 0x70, 0x68, 0x68, 0xff,
    0x70, 0x6c, 0x60, 0xff, 0x70, 0x68, 0x60, 0xff, 0x70, 0x6c, 0x68, 0xff,
    0x70, 0x68, 0x60, 0xff, 0x70, 0x68, 0x60, 0xff, 0x70, 0x68, 0x68, 0xff,
    0x70, 0x6c, 0x60, 0xff, 0x70, 0x68, 0x60, 0xff, 0x70, 0x68, 0x60, 0xff,
    0x70, 0x6c, 0x68, 0xff, 0x70, 0x68, 0x60, 0xff, 0x70, 0x68, 0x68, 0xff,
    0x70, 0x6c, 0x60, 0xff, 0x70, 0x68, 0x60, 0xff, 0x70, 0x68, 0x68, 0xff,
    0x70, 0x68, 0x60, 0xff, 0x70, 0x6c, 0x60, 0xff, 0x70, 0x68, 0x60, 0xff,
    0x70, 0x68, 0x60, 0xff, 0x70, 0x6c, 0x68, 0xff, 0x70, 0x68, 0x60, 0xff,
    0x70, 0x6c, 0x68, 0xff, 0x70, 0x68, 0x60, 0xff, 0x70, 0x68, 0x68, 0xff,
    0x70, 0x6c, 0x60, 0xff, 0x70, 0x68, 0x60, 0xff, 0x70, 0x68, 0x68, 0xff,
    0x70, 0x68, 0x68, 0xff, 0x70, 0x68, 0x60, 0xff, 0x70, 0x6c, 0x60, 0xff,
    0x70, 0x68, 0x68, 0xff, 0x70, 0x68, 0x60, 0xff, 0x70, 0x68, 0x60, 0xff,
    0x70, 0x6c, 0x68, 0xff, 0x70, 0x68, 0x60, 0xff, 0x70, 0x68, 0x60, 0xff,
    0x70, 0x68, 0x68, 0xff, 0x70, 0x68, 0x60, 0xff, 0x70, 0x68, 0x68, 0xff,
    0x70, 0x68, 0x60, 0xff, 0x70, 0x68, 0x60, 0xff, 0x70, 0x68, 0x60, 0xff,
    0x70, 0x68, 0x68, 0xff, 0x70, 0x68, 0x60, 0xff, 0x70, 0x68, 0x68, 0xff,
    0x70, 0x6c, 0x60, 0xff, 0x70, 0x68, 0x68, 0xff, 0x70, 0x68, 0x60, 0xff,
    0x70, 0x6c, 0x60, 0xff, 0x70, 0x68, 0x68, 0xff, 0x70, 0x68, 0x68, 0xff,
    0x70, 0x68, 0x60, 0xff, 0x70, 0x6c, 0x60, 0xff, 0x70, 0x68, 0x68, 0xff,
    0x70, 0x68, 0x60, 0xff, 0x70, 0x68, 0x60, 0xff, 0x70, 0x6c, 0x68, 0xff,
    0x70, 0x68, 0x60, 0xff, 0x70, 0x68, 0x60, 0xff, 0x70, 0x6c, 0x68, 0xff,
    0x70, 0x68, 0x60, 0xff, 0x70, 0x68, 0x68, 0xff, 0x70, 0x6c, 0x60, 0xff,
    0x70, 0x68, 0x60, 0xff, 0x70, 0x6c, 0x68, 0xff, 0x70, 0x6c, 0x60, 0xff,
    0x70, 0x68, 0x60, 0xff, 0x70, 0x68, 0x68, 0xff, 0x70, 0x68, 0x68, 0xff,
    0x70, 0x6c, 0x60, 0xff, 0x70, 0x68, 0x60, 0xff, 0x70, 0x68, 0x68, 0xff,
    0x70, 0x68, 0x60, 0xff, 0x70, 0x68, 0x60, 0xff, 0x70, 0x6c, 0x68, 0xff,
    0x70, 0x68, 0x60, 0xff, 0x70, 0x68, 0x60, 0xff, 0x70, 0x6c, 0x68, 0xff,
    0x70, 0x68, 0x60, 0xff, 0x70, 0x68, 0x68, 0xff, 0x70, 0x68, 0x60, 0xff,
    0x70, 0x68, 0x60, 0xff, 0x70, 0x68, 0x68, 0xff, 0x70, 0x6c, 0x60, 0xff,
    0x70, 0x68, 0x60, 0xff, 0x70, 0x68, 0x68, 0xff, 0x70, 0x68, 0x60, 0xff,
    0x70, 0x68, 0x60, 0xff, 0x70, 0x68, 0x68, 0xff, 0x70, 0x6c, 0x60, 0xff,
    0x70, 0x68, 0x60, 0xff, 0x70, 0x68, 0x68, 0xff, 0x70, 0x6c, 0x60, 0xff,
    0x70, 0x68, 0x60, 0xff, 0x70, 0x68, 0x68, 0xff, 0x70, 0x68, 0x60, 0xff,
    0x70, 0x68, 0x68, 0xff, 0x70, 0x68, 0x60, 0xff, 0x70, 0x68, 0x60, 0xff,
    0x70, 0x68, 0x68, 0xff, 0x70, 0x6c, 0x60, 0xff, 0x70, 0x68, 0x60, 0xff,
    0x70, 0x68, 0x68, 0xff, 0x70, 0x6c, 0x60, 0xff, 0x70, 0x68, 0x60, 0xff,
    0x70, 0x68, 0x68, 0xff, 0x70, 0x6c, 0x60, 0xff, 0x70, 0x68, 0x68, 0xff,
    0x70, 0x68, 0x60, 0xff, 0x70, 0x6c, 0x60, 0xff, 0x70, 0x68, 0x68, 0xff,
    0x70, 0x68, 0x60, 0xff, 0x70, 0x68, 0x60, 0xff, 0x70, 0x68, 0x68, 0xff,
    0x70, 0x6c, 0x60, 0xff, 0x70, 0x68, 0x68, 0xff, 0x70, 0x68, 0x60, 0xff,
    0x70, 0x68, 0x68, 0xff, 0x70, 0x68, 0x68, 0xff, 0x70, 0x68, 0x60, 0xff,
    0x70, 0x6c, 0x68, 0xff, 0x70, 0x68, 0x60, 0xff, 0x70, 0x68, 0x68, 0xff,
    0x70, 0x68, 0x60, 0xff, 0x70, 0x68, 0x68, 0xff, 0x70, 0x68, 0x60, 0xff,
    0x70, 0x68, 0x60, 0xff, 0x70, 0x68, 0x68, 0xff, 0x70, 0x68, 0x60, 0xff,
    0x70, 0x68, 0x68, 0xff, 0x70, 0x68, 0x60, 0xff, 0x70, 0x68, 0x60, 0xff,
    0x70, 0x6c, 0x68, 0xff, 0x70, 0x68, 0x60, 0xff, 0x70, 0x68, 0x60, 0xff,
    0x70, 0x68, 0x68, 0xff, 0x70, 0x6c, 0x60, 0xff, 0x70, 0x68, 0x60, 0xff,
    0x70, 0x68, 0x68, 0xff, 0x70, 0x68, 0x60, 0xff, 0x70, 0x68, 0x68, 0xff,
    0x70, 0x68, 0x60, 0xff, 0x70, 0x6c, 0x68, 0xff, 0x70, 0x68, 0x60, 0xff,
    0x70, 0x68, 0x68, 0xff, 0x70, 0x6c, 0x60, 0xff, 0x70, 0x68, 0x60, 0xff,
    0x70, 0x68, 0x68, 0xff, 0x70, 0x6c, 0x60, 0xff, 0x70, 0x68, 0x60, 0xff,
    0x70, 0x68, 0x68, 0xff, 0x70, 0x6c, 0x60, 0xff, 0x70, 0x68, 0x60, 0xff,
    0x70, 0x68, 0x68, 0xff, 0x70, 0x68, 0x60, 0xff, 0x70, 0x6c, 0x60, 0xff,
    0x70, 0x68, 0x68, 0xff, 0x70, 0x68, 0x60, 0xff, 0x70, 0x68, 0x60, 0xff,
    0x70, 0x68, 0x68, 0xff, 0x70, 0x68, 0x60, 0xff, 0x70, 0x6c, 0x68, 0xff,
    0x70, 0x68, 0x60, 0xff, 0x70, 0x68, 0x60, 0xff, 0x70, 0x68, 0x60, 0xff,
    0x70, 0x68, 0x68, 0xff, 0x70, 0x68, 0x60, 0xff, 0x70, 0x68, 0x68, 0xff,
    0x70, 0x68, 0x60, 0xff, 0x70, 0x68, 0x68, 0xff, 0x70, 0x68, 0x60, 0xff,
    0x70, 0x68, 0x68, 0xff, 0x70, 0x6c, 0x60, 0xff, 0x70, 0x68, 0x60, 0xff,
    0x70, 0x68, 0x68, 0xff, 0x70, 0x68, 0x60, 0xff, 0x70, 0x68, 0x68, 0xff,
    0x70, 0x6c, 0x60, 0xff, 0x70, 0x68, 0x68, 0xff, 0x70, 0x68, 0x60, 0xff,
    0x70, 0x6c, 0x60, 0xff, 0x70, 0x68, 0x68, 0xff, 0x70, 0x68, 0x60, 0xff,
    0x70, 0x68, 0x60, 0xff, 0x70, 0x68, 0x68, 0xff, 0x70, 0x68, 0x60, 0xff,
    0x70, 0x68, 0x60, 0xff, 0x70, 0x68, 0x68, 0xff, 0x70, 0x68, 0x60, 0xff,
    0x70, 0x68, 0x60, 0xff, 0x70, 0x6c, 0x68, 0xff, 0x70, 0x68, 0x60, 0xff,
    0x70, 0x68, 0x68, 0xff, 0x70, 0x68, 0x60, 0xff, 0x70, 0x68, 0x60, 0xff,
    0x70, 0x68, 0x68, 0xff, 0x70, 0x6c, 0x60, 0xff, 0x70, 0x68, 0x60, 0xff,
    0x70, 0x68, 0x68, 0xff, 0x70, 0x68, 0x60, 0xff, 0x70, 0x68, 0x60, 0xff,
    0x70, 0x68, 0x68, 0xff, 0x70, 0x68, 0x60, 0xff, 0x70, 0x68, 0x60, 0xff,
    0x70, 0x68, 0x68, 0xff, 0x70, 0x6c, 0x60, 0xff, 0x70, 0x68, 0x60, 0xff,
    0x70, 0x68, 0x68, 0xff, 0x70, 0x68, 0x60, 0xff, 0x70, 0x6c, 0x68, 0xff,
    0x70, 0x68, 0x60, 0xff, 0x70, 0x6c, 0x60, 0xff, 0x70, 0x68, 0x60, 0xff,
    0x70, 0x68, 0x68, 0xff, 0x70, 0x68, 0x60, 0xff, 0x70, 0x68, 0x60, 0xff,
    0x70, 0x68, 0x60, 0xff, 0x70, 0x6c, 0x60, 0xff, 0x70, 0x68, 0x68, 0xff,
    0x70, 0x68, 0x60, 0xff, 0x70, 0x68, 0x60, 0xff, 0x70, 0x6c, 0x68, 0xff,
    0x70, 0x68, 0x60, 0xff, 0x70, 0x68, 0x60, 0xff, 0x70, 0x6c, 0x68, 0xff,
    0x70, 0x68, 0x60, 0xff, 0x70, 0x68, 0x60, 0xff, 0x70, 0x68, 0x68, 0xff,
    0x70, 0x6c, 0x60, 0xff, 0x70, 0x68, 0x68, 0xff, 0x70, 0x68, 0x60, 0xff,
    0x70, 0x68, 0x68, 0xff, 0x70, 0x68, 0x60, 0xff, 0x70, 0x68, 0x68, 0xff,
    0x70, 0x68, 0x60, 0xff, 0x70, 0x68, 0x60, 0xff, 0x70, 0x68, 0x68, 0xff,
    0x70, 0x68, 0x60, 0xff, 0x70, 0x68, 0x60, 0xff, 0x70, 0x68, 0x68, 0xff,
    0x70, 0x68, 0x60, 0xff, 0x70, 0x6c, 0x60, 0xff, 0x70, 0x68, 0x68, 0xff,
    0x70, 0x68, 0x60, 0xff, 0x70, 0x68, 0x60, 0xff, 0x70, 0x6c, 0x68, 0xff,
    0x70, 0x68, 0x60, 0xff, 0x70, 0x68, 0x68, 0xff, 0x70, 0x6c, 0x60, 0xff,
    0x70, 0x68, 0x68, 0xff, 0x70, 0x68, 0x60, 0xff, 0x70, 0x68, 0x68, 0xff,
    0x70, 0x6c, 0x60, 0xff, 0x70, 0x68, 0x60, 0xff, 0x70, 0x6c, 0x68, 0xff,
    0x70, 0x6c, 0x60, 0xff, 0x70, 0x68, 0x68, 0xff, 0x70, 0x68, 0x60, 0xff,
    0x70, 0x68, 0x60, 0xff, 0x70, 0x6c, 0x68, 0xff, 0x70, 0x68, 0x60, 0xff,
    0x70, 0x68, 0x68, 0xff, 0x70, 0x6c, 0x60, 0xff, 0x70, 0x68, 0x68, 0xff,
    0x70, 0x68, 0x60, 0xff, 0x70, 0x68, 0x60, 0xff, 0x70, 0x68, 0x68, 0xff,
    0x70, 0x6c, 0x60, 0xff, 0x70, 0x68, 0x60, 0xff, 0x70, 0x68, 0x68, 0xff,
    0x70, 0x6c, 0x60, 0xff, 0x70, 0x6c, 0x60, 0xff, 0x70, 0x68, 0x68, 0xff,
    0x70, 0x68, 0x60, 0xff, 0x70, 0x6c, 0x68, 0xff, 0x70, 0x68, 0x60, 0xff,
    0x70, 0x68, 0x68, 0xff, 0x70, 0x68, 0x60, 0xff, 0x70, 0x68, 0x60, 0xff,
    0x70, 0x68, 0x68, 0xff, 0x70, 0x68, 0x60, 0xff, 0x70, 0x68, 0x60, 0xff,
    0x70, 0x68, 0x68, 0xff, 0x70, 0x68, 0x60, 0xff, 0x70, 0x68, 0x60, 0xff,
    0x70, 0x68, 0x68, 0xff, 0x70, 0x6c, 0x60, 0xff, 0x70, 0x68, 0x68, 0xff,
    0x70, 0x68, 0x60, 0xff, 0x70, 0x68, 0x60, 0xff, 0x70, 0x6c, 0x68, 0xff,
    0x70, 0x68, 0x60, 0xff, 0x70, 0x68, 0x60, 0xff, 0x70, 0x68, 0x60, 0xff,
    0x70, 0x68, 0x68, 0xff, 0x70, 0x68, 0x60, 0xff, 0x70, 0x68, 0x60, 0xff,
    0x70, 0x6c, 0x68, 0xff, 0x70, 0x68, 0x60, 0xff, 0x70, 0x68, 0x60, 0xff,
    0x70, 0x6c, 0x68, 0xff, 0x70, 0x68, 0x60, 0xff, 0x70, 0x6c, 0x60, 0xff,
    0x70, 0x68, 0x68, 0xff, 0x70, 0x6c, 0x60, 0xff, 0x70, 0x68, 0x68, 0xff,
    0x70, 0x68, 0x60, 0xff, 0x70, 0x6c, 0x60, 0xff, 0x70, 0x68, 0x68, 0xff,
    0x70, 0x68, 0x60, 0xff, 0x70, 0x68, 0x68, 0xff, 0x70, 0x68, 0x60, 0xff,
    0x70, 0x6c, 0x60, 0xff, 0x70, 0x68, 0x68, 0xff, 0x70, 0x6c, 0x60, 0xff,
    0x70, 0x68, 0x60, 0xff, 0x70, 0x68, 0x68, 0xff, 0x70, 0x68, 0x60, 0xff,
    0x70, 0x6c, 0x60, 0xff, 0x70, 0x68, 0x68, 0xff, 0x70, 0x68, 0x60, 0xff,
    0x70, 0x68, 0x60, 0xff, 0x70, 0x68, 0x68, 0xff, 0x70, 0x6c, 0x60, 0xff,
    0x70, 0x68, 0x60, 0xff, 0x70, 0x68, 0x68, 0xff, 0x70, 0x68, 0x60, 0xff,
    0x70, 0x68, 0x60, 0xff, 0x70, 0x68, 0x68, 0xff, 0x70, 0x6c, 0x60, 0xff,
    0x70, 0x68, 0x60, 0xff, 0x70, 0x68, 0x68, 0xff, 0x70, 0x6c, 0x60, 0xff,
    0x70, 0x68, 0x68, 0xff, 0x70, 0x68, 0x60, 0xff, 0x70, 0x6c, 0x60, 0xff,
    0x70, 0x68, 0x68, 0xff, 0x70, 0x68, 0x60, 0xff, 0x70, 0x6c, 0x60, 0xff,
    0x70, 0x68, 0x68, 0xff, 0x70, 0x6c, 0x60, 0xff, 0x70, 0x68, 0x60, 0xff,
    0x70, 0x68, 0x60, 0xff, 0x70, 0x6c, 0x68, 0xff, 0x70, 0x6c, 0x60, 0xff,
    0x70, 0x68, 0x60, 0xff, 0x70, 0x68, 0x68, 0xff, 0x70, 0x68, 0x60, 0xff,
    0x70, 0x6c, 0x68, 0xff, 0x70, 0x68, 0x60, 0xff, 0x70, 0x68, 0x60, 0xff,
    0x70, 0x68, 0x68, 0xff, 0x70, 0x68, 0x60, 0xff, 0x70, 0x68, 0x60, 0xff,
    0x70, 0x6c, 0x68, 0xff, 0x70, 0x68, 0x60, 0xff, 0x70, 0x68, 0x68, 0xff,
    0x70, 0x6c, 0x60, 0xff, 0x70, 0x68, 0x68, 0xff, 0x70, 0x68, 0x60, 0xff,
    0x70, 0x6c, 0x60, 0xff, 0x70, 0x68, 0x68, 0xff, 0x70, 0x6c, 0x68, 0xff,
    0x70, 0x68, 0x60, 0xff, 0x70, 0x68, 0x60, 0xff, 0x70, 0x68, 0x68, 0xff,
    0x70, 0x68, 0x60, 0xff, 0x70, 0x6c, 0x68, 0xff, 0x70, 0x68, 0x60, 0xff,
    0x70, 0x68, 0x60, 0xff, 0x70, 0x68, 0x68, 0xff, 0x70, 0x68, 0x60, 0xff,
    0x70, 0x6c, 0x60, 0xff, 0x70, 0x68, 0x68, 0xff, 0x70, 0x68, 0x60, 0xff,
    0x70, 0x6c, 0x60, 0xff, 0x70, 0x6c, 0x68, 0xff, 0x70, 0x68, 0x60, 0xff,
    0x70, 0x68, 0x60, 0xff, 0x70, 0x6c, 0x68, 0xff, 0x70, 0x68, 0x60, 0xff,
    0x70, 0x68, 0x68, 0xff, 0x70, 0x68, 0x60, 0xff, 0x70, 0x68, 0x60, 0xff,
    0x70, 0x68, 0x68, 0xff, 0x70, 0x68, 0x68, 0xff, 0x70, 0x68, 0x60, 0xff,
    0x70, 0x6c, 0x68, 0xff, 0x70, 0x6c, 0x60, 0xff, 0x70, 0x68, 0x68, 0xff,
    0x70, 0x68, 0x60, 0xff, 0x70, 0x68, 0x60, 0xff, 0x70, 0x68, 0x68, 0xff,
    0x70, 0x6c, 0x60, 0xff, 0x70, 0x68, 0x60, 0xff, 0x70, 0x68, 0x68, 0xff,
    0x70, 0x68, 0x60, 0xff, 0x70, 0x68, 0x68, 0xff, 0x70, 0x68, 0x60, 0xff,
    0x70, 0x6c, 0x60, 0xff, 0x70, 0x68, 0x68, 0xff, 0x70, 0x68, 0x60, 0xff,
    0x70, 0x68, 0x60, 0xff, 0x70, 0x68, 0x68, 0xff, 0x70, 0x6c, 0x60, 0xff,
    0x70, 0x68, 0x60, 0xff, 0x70, 0x68, 0x60, 0xff, 0x70, 0x6c, 0x68, 0xff,
    0x70, 0x6c, 0x60, 0xff, 0x70, 0x68, 0x60, 0xff, 0x70, 0x6c, 0x68, 0xff,
    0x70, 0x68, 0x60, 0xff, 0x70, 0x68, 0x68, 0xff, 0x70, 0x6c, 0x60, 0xff,
    0x70, 0x68, 0x60, 0xff, 0x70, 0x68, 0x68, 0xff, 0x70, 0x68, 0x60, 0xff,
    0x70, 0x6c, 0x60, 0xff, 0x70, 0x68, 0x68, 0xff, 0x70, 0x68, 0x60, 0xff,
    0x70, 0x68, 0x60, 0xff, 0x70, 0x6c, 0x68, 0xff, 0x70, 0x68, 0x60, 0xff,
    0x70, 0x68, 0x60, 0xff, 0x70, 0x68, 0x60, 0xff, 0x70, 0x68, 0x68, 0xff,
    0x70, 0x68, 0x60, 0xff, 0x70, 0x68, 0x60, 0xff, 0x70, 0x68, 0x68, 0xff,
    0x70, 0x68, 0x60, 0xff, 0x70, 0x68, 0x60, 0xff, 0x70, 0x68, 0x68, 0xff,
    0x70, 0x6c, 0x60, 0xff, 0x70, 0x68, 0x68, 0xff, 0x70, 0x68, 0x60, 0xff,
    0x70, 0x68, 0x60, 0xff, 0x70, 0x6c, 0x68, 0xff, 0x70, 0x68, 0x60, 0xff,
    0x70, 0x68, 0x60, 0xff, 0x70, 0x6c, 0x68, 0xff, 0x70, 0x68, 0x60, 0xff,
    0x70, 0x68, 0x68, 0xff, 0x70, 0x68, 0x60, 0xff, 0x70, 0x68, 0x68, 0xff,
    0x70, 0x68, 0x60, 0xff, 0x70, 0x68, 0x60, 0xff, 0x70, 0x68, 0x68, 0xff,
    0x70, 0x68, 0x60, 0xff, 0x70, 0x6c, 0x60, 0xff, 0x70, 0x68, 0x60, 0xff,
    0x70, 0x68, 0x68, 0xff, 0x70, 0x6c, 0x60, 0xff, 0x70, 0x68, 0x60, 0xff,
    0x70, 0x68, 0x68, 0xff, 0x70, 0x6c, 0x68, 0xff, 0x70, 0x6c, 0x60, 0xff,
    0x70, 0x68, 0x60, 0xff, 0x70, 0x68, 0x68, 0xff, 0x70, 0x6c, 0x60, 0xff,
    0x70, 0x68, 0x68, 0xff, 0x70, 0x68, 0x60, 0xff, 0x70, 0x6c, 0x60, 0xff,
    0x70, 0x68, 0x68, 0xff, 0x70, 0x68, 0x60, 0xff, 0x70, 0x68, 0x60, 0xff,
    0x70, 0x68, 0x68, 0xff, 0x70, 0x6c, 0x60, 0xff, 0x70, 0x6c, 0x60, 0xff,
    0x70, 0x68, 0x68, 0xff, 0x70, 0x6c, 0x60, 0xff, 0x70, 0x68, 0x60, 0xff,
    0x70, 0x68, 0x68, 0xff, 0x70, 0x6c, 0x60, 0xff, 0x70, 0x68, 0x60, 0xff,
    0x70, 0x68, 0x68, 0xff, 0x70, 0x6c, 0x60, 0xff, 0x70, 0x68, 0x68, 0xff,
    0x70, 0x68, 0x60, 0xff, 0x70, 0x68, 0x60, 0xff, 0x70, 0x6c, 0x68, 0xff,
    0x70, 0x68, 0x60, 0xff, 0x70, 0x68, 0x60, 0xff, 0x70, 0x68, 0x68, 0xff,
    0x70, 0x6c, 0x60, 0xff, 0x70, 0x68, 0x60, 0xff, 0x70, 0x6c, 0x68, 0xff,
    0x70, 0x68, 0x60, 0xff, 0x70, 0x68, 0x68, 0xff, 0x70, 0x68, 0x60, 0xff,
    0x70, 0x68, 0x60, 0xff, 0x70, 0x6c, 0x68, 0xff, 0x70, 0x68, 0x60, 0xff,
    0x70, 0x68, 0x60, 0xff, 0x70, 0x68, 0x68, 0xff, 0x70, 0x6c, 0x60, 0xff,
    0x70, 0x68, 0x68, 0xff, 0x70, 0x68, 0x60, 0xff, 0x70, 0x68, 0x68, 0xff,
    0x70, 0x68, 0x60, 0xff, 0x70, 0x6c, 0x68, 0xff, 0x70, 0x68, 0x60, 0xff,
    0x70, 0x68, 0x60, 0xff, 0x70, 0x6c, 0x68, 0xff, 0x70, 0x68, 0x60, 0xff,
    0x70, 0x68, 0x68, 0xff, 0x70, 0x68, 0x60, 0xff, 0x70, 0x68, 0x60, 0xff,
    0x70, 0x6c, 0x68, 0xff, 0x70, 0x68, 0x60, 0xff, 0x70, 0x68, 0x60, 0xff,
    0x70, 0x68, 0x68, 0xff, 0x70, 0x68, 0x60, 0xff, 0x70, 0x68, 0x68, 0xff,
    0x70, 0x68, 0x68, 0xff, 0x70, 0x68, 0x60, 0xff, 0x70, 0x6c, 0x68, 0xff,
    0x70, 0x68, 0x60, 0xff, 0x70, 0x68, 0x60, 0xff, 0x70, 0x68, 0x68, 0xff,
    0x70, 0x68, 0x60, 0xff, 0x70, 0x6c, 0x60, 0xff, 0x70, 0x68, 0x68, 0xff,
    0x70, 0x68, 0x60, 0xff, 0x70, 0x68, 0x60, 0xff, 0x70, 0x6c, 0x68, 0xff,
    0x70, 0x68, 0x60, 0xff, 0x70, 0x6c, 0x60, 0xff, 0x70, 0x68, 0x68, 0xff,
    0x70, 0x68, 0x60, 0xff, 0x70, 0x68, 0x60, 0xff, 0x70, 0x68, 0x68, 0xff,
    0x70, 0x68, 0x60, 0xff, 0x70, 0x6c, 0x60, 0xff, 0x70, 0x68, 0x68, 0xff,
    0x70, 0x68, 0x60, 0xff, 0x70, 0x6c, 0x60, 0xff, 0x70, 0x68, 0x68, 0xff,
    0x70, 0x68, 0x60, 0xff, 0x70, 0x6c, 0x60, 0xff, 0x70, 0x68, 0x68, 0xff,
    0x70, 0x68, 0x60, 0xff, 0x70, 0x6c, 0x60, 0xff, 0x70, 0x68, 0x68, 0xff,
    0x70, 0x6c, 0x60, 0xff, 0x70, 0x68, 0x68, 0xff, 0x70, 0x6c, 0x60, 0xff,
    0x70, 0x68, 0x60, 0xff, 0x70, 0x68, 0x68, 0xff, 0x70, 0x6c, 0x60, 0xff,
    0x70, 0x68, 0x68, 0xff, 0x70, 0x68, 0x60, 0xff, 0x70, 0x68, 0x60, 0xff,
    0x70, 0x6c, 0x68, 0xff, 0x70, 0x68, 0x60, 0xff, 0x70, 0x68, 0x60, 0xff,
    0x70, 0x68, 0x68, 0xff, 0x70, 0x6c, 0x60, 0xff, 0x70, 0x6c, 0x60, 0xff,
    0x70, 0x68, 0x68, 0xff, 0x70, 0x68, 0x60, 0xff, 0x70, 0x6c, 0x60, 0xff,
    0x70, 0x68, 0x60, 0xff, 0x70, 0x68, 0x68, 0xff, 0x70, 0x68, 0x60, 0xff,
    0x70, 0x68, 0x60, 0xff, 0x70, 0x6c, 0x68, 0xff, 0x70, 0x68, 0x60, 0xff,
    0x70, 0x68, 0x68, 0xff, 0x70, 0x68, 0x60, 0xff, 0x70, 0x6c, 0x68, 0xff,
    0x70, 0x68, 0x60, 0xff, 0x70, 0x6c, 0x60, 0xff, 0x70, 0x68, 0x68, 0xff,
    0x70, 0x68, 0x60, 0xff, 0x70, 0x68, 0x60, 0xff, 0x70, 0x6c, 0x68, 0xff,
    0x70, 0x68, 0x60, 0xff, 0x70, 0x68, 0x60, 0xff, 0x70, 0x6c, 0x68, 0xff,
    0x70, 0x68, 0x60, 0xff, 0x70, 0x68, 0x68, 0xff, 0x70, 0x68, 0x60, 0xff,
    0x70, 0x68, 0x60, 0xff, 0x70, 0x68, 0x68, 0xff, 0x70, 0x68, 0x60, 0xff,
    0x70, 0x6c, 0x60, 0xff, 0x70, 0x68, 0x68, 0xff, 0x70, 0x68, 0x60, 0xff,
    0x70, 0x6c, 0x68, 0xff, 0x70, 0x68, 0x60, 0xff, 0x70, 0x68, 0x68, 0xff,
    0x70, 0x68, 0x60, 0xff, 0x70, 0x68, 0x60, 0xff, 0x70, 0x6c, 0x68, 0xff,
    0x70, 0x68, 0x60, 0xff, 0x70, 0x68, 0x60, 0xff, 0x70, 0x68, 0x68, 0xff,
    0x70, 0x68, 0x60, 0xff, 0x70, 0x6c, 0x68, 0xff, 0x70, 0x68, 0x60, 0xff,
    0x70, 0x6c, 0x60, 0xff, 0x70, 0x6c, 0x68, 0xff, 0x70, 0x68, 0x60, 0xff,
    0x70, 0x68, 0x68, 0xff, 0x70, 0x68, 0x60, 0xff, 0x70, 0x68, 0x60, 0xff,
    0x70, 0x6c, 0x68, 0xff, 0x70, 0x68, 0x60, 0xff, 0x70, 0x68, 0x60, 0xff,
    0x70, 0x68, 0x68, 0xff, 0x70, 0x6c, 0x60, 0xff, 0x70, 0x68, 0x60, 0xff,
    0x70, 0x68, 0x68, 0xff, 0x70, 0x68, 0x60, 0xff, 0x70, 0x6c, 0x60, 0xff,
    0x70, 0x68, 0x68, 0xff, 0x70, 0x68, 0x60, 0xff, 0x70, 0x6c, 0x60, 0xff,
    0x70, 0x6c, 0x68, 0xff, 0x70, 0x68, 0x60, 0xff, 0x70, 0x68, 0x68, 0xff,
    0x70, 0x6c, 0x68, 0xff, 0x70, 0x68, 0x60, 0xff, 0x70, 0x68, 0x68, 0xff,
    0x70, 0x68, 0x60, 0xff, 0x70, 0x68, 0x60, 0xff, 0x70, 0x6c, 0x68, 0xff,
    0x70, 0x68, 0x60, 0xff, 0x70, 0x68, 0x60, 0xff, 0x70, 0x68, 0x60, 0xff,
    0x70, 0x68, 0x68, 0xff, 0x70, 0x6c, 0x60, 0xff, 0x70, 0x68, 0x60, 0xff,
    0x70, 0x68, 0x68, 0xff, 0x70, 0x6c, 0x60, 0xff, 0x70, 0x68, 0x60, 0xff,
    0x70, 0x68, 0x68, 0xff, 0x70, 0x6c, 0x60, 0xff, 0x70, 0x68, 0x68, 0xff,
    0x70, 0x68, 0x60, 0xff, 0x70, 0x68, 0x60, 0xff, 0x70, 0x68, 0x68, 0xff,
    0x70, 0x68, 0x68, 0xff, 0x70, 0x68, 0x60, 0xff, 0x70, 0x6c, 0x60, 0xff,
    0x70, 0x68, 0x68, 0xff, 0x70, 0x68, 0x60, 0xff, 0x70, 0x68, 0x60, 0xff,
    0x70, 0x68, 0x68, 0xff, 0x70, 0x68, 0x60, 0xff, 0x70, 0x68, 0x60, 0xff,
    0x70, 0x68, 0x68, 0xff, 0x70, 0x68, 0x60, 0xff, 0x70, 0x68, 0x60, 0xff,
    0x70, 0x68, 0x68, 0xff, 0x70, 0x6c, 0x60, 0xff, 0x70, 0x68, 0x68, 0xff,
    0x70, 0x68, 0x60, 0xff, 0x70, 0x68, 0x60, 0xff, 0x70, 0x68, 0x68, 0xff,
    0x70, 0x68, 0x60, 0xff, 0x70, 0x6c, 0x60, 0xff, 0x70, 0x68, 0x68, 0xff,
    0x70, 0x68, 0x60, 0xff, 0x70, 0x68, 0x60, 0xff, 0x70, 0x68, 0x68, 0xff,
    0x70, 0x6c, 0x60, 0xff, 0x70, 0x68, 0x60, 0xff, 0x70, 0x68, 0x68, 0xff,
    0x70, 0x68, 0x60, 0xff, 0x70, 0x6c, 0x60, 0xff, 0x70, 0x68, 0x68, 0xff,
    0x70, 0x68, 0x60, 0xff, 0x70, 0x6c, 0x60, 0xff, 0x70, 0x68, 0x68, 0xff,
    0x70, 0x68, 0x60, 0xff, 0x70, 0x6c, 0x68, 0xff, 0x70, 0x68, 0x60, 0xff,
    0x70, 0x68, 0x60, 0xff, 0x70, 0x6c, 0x68, 0xff, 0x70, 0x68, 0x60, 0xff,
    0x70, 0x68, 0x60, 0xff, 0x70, 0x68, 0x68, 0xff, 0x70, 0x6c, 0x60, 0xff,
    0x70, 0x68, 0x68, 0xff, 0x70, 0x68, 0x60, 0xff, 0x70, 0x6c, 0x60, 0xff,
    0x70, 0x68, 0x60, 0xff, 0x70, 0x68, 0x60, 0xff, 0x70, 0x68, 0x60, 0xff,
    0x70, 0x68, 0x68, 0xff, 0x70, 0x6c, 0x68, 0xff, 0x70, 0x68, 0x60, 0xff,
    0x70, 0x68, 0x68, 0xff, 0x70, 0x68, 0x60, 0xff, 0x70, 0x68, 0x60, 0xff,
    0x70, 0x6c, 0x68, 0xff, 0x70, 0x68, 0x60, 0xff, 0x70, 0x68, 0x60, 0xff,
    0x70, 0x68, 0x68, 0xff, 0x70, 0x6c, 0x60, 0xff, 0x70, 0x68, 0x68, 0xff,
    0x70, 0x68, 0x60, 0xff, 0x70, 0x6c, 0x68, 0xff, 0x70, 0x68, 0x60, 0xff,
    0x70, 0x68, 0x68, 0xff, 0x70, 0x6c, 0x60, 0xff, 0x70, 0x68, 0x60, 0xff,
    0x70, 0x68, 0x68, 0xff, 0x70, 0x68, 0x60, 0xff, 0x70, 0x68, 0x60, 0xff,
    0x70, 0x68, 0x68, 0xff, 0x70, 0x68, 0x60, 0xff, 0x70, 0x6c, 0x60, 0xff,
    0x70, 0x68, 0x68, 0xff, 0x70, 0x68, 0x60, 0xff, 0x70, 0x68, 0x60, 0xff,
    0x70, 0x68, 0x68, 0xff, 0x70, 0x68, 0x60, 0xff, 0x70, 0x68, 0x60, 0xff,
    0x70, 0x68, 0x68, 0xff, 0x70, 0x68, 0x60, 0xff, 0x70, 0x68, 0x60, 0xff,
    0x70, 0x68, 0x68, 0xff, 0x70, 0x68, 0x60, 0xff, 0x70, 0x68, 0x68, 0xff,
    0x70, 0x68, 0x60, 0xff, 0x70, 0x68, 0x68, 0xff, 0x70, 0x6c, 0x60, 0xff,
    0x70, 0x68, 0x60, 0xff, 0x70, 0x68, 0x68, 0xff, 0x70, 0x68, 0x60, 0xff,
    0x70, 0x68, 0x60, 0xff, 0x70, 0x68, 0x68, 0xff, 0x70, 0x6c, 0x60, 0xff,
    0x70, 0x68, 0x60, 0xff, 0x70, 0x68, 0x68, 0xff, 0x70, 0x68, 0x60, 0xff,
    0x70, 0x68, 0x60, 0xff, 0x70, 0x68, 0x68, 0xff, 0x70, 0x68, 0x60, 0xff,
    0x70, 0x68, 0x60, 0xff, 0x70, 0x68, 0x60, 0xff, 0x70, 0x68, 0x68, 0xff,
    0x70, 0x68, 0x60, 0xff, 0x70, 0x68, 0x60, 0xff, 0x70, 0x6c, 0x68, 0xff,
    0x70, 0x68, 0x60, 0xff, 0x70, 0x68, 0x68, 0xff, 0x70, 0x6c, 0x60, 0xff,
    0x70, 0x68, 0x68, 0xff, 0x70, 0x68, 0x60, 0xff, 0x70, 0x6c, 0x68, 0xff,
    0x70, 0x68, 0x60, 0xff, 0x70, 0x68, 0x60, 0xff, 0x70, 0x6c, 0x68, 0xff,
    0x70, 0x68, 0x68, 0xff, 0x70, 0x68, 0x60, 0xff, 0x70, 0x68, 0x68, 0xff,
    0x70, 0x68, 0x60, 0xff, 0x70, 0x68, 0x60, 0xff, 0x70, 0x68, 0x68, 0xff,
    0x70, 0x68, 0x60, 0xff, 0x70, 0x68, 0x60, 0xff, 0x70, 0x6c, 0x68, 0xff,
    0x70, 0x68, 0x60, 0xff, 0x70, 0x68, 0x68, 0xff, 0x70, 0x68, 0x60, 0xff,
    0x70, 0x68, 0x68, 0xff, 0x70, 0x6c, 0x60, 0xff, 0x70, 0x68, 0x68, 0xff,
    0x70, 0x68, 0x60, 0xff, 0x70, 0x6c, 0x60, 0xff, 0x70, 0x68, 0x68, 0xff,
    0x70, 0x68, 0x68, 0xff, 0x70, 0x68, 0x60, 0xff, 0x70, 0x68, 0x60, 0xff,
    0x70, 0x6c, 0x68, 0xff, 0x70, 0x68, 0x60, 0xff, 0x70, 0x6c, 0x60, 0xff,
    0x70, 0x68, 0x68, 0xff, 0x70, 0x68, 0x60, 0xff, 0x70, 0x68, 0x60, 0xff,
    0x70, 0x68, 0x68, 0xff, 0x70, 0x6c, 0x60, 0xff, 0x70, 0x68, 0x68, 0xff,
    0x70, 0x68, 0x60, 0xff, 0x70, 0x68, 0x68, 0xff, 0x70, 0x6c, 0x60, 0xff,
    0x70, 0x68, 0x60, 0xff, 0x70, 0x68, 0x68, 0xff, 0x70, 0x68, 0x60, 0xff,
    0x70, 0x68, 0x60, 0xff, 0x70, 0x68, 0x68, 0xff, 0x70, 0x68, 0x60, 0xff,
    0x70, 0x6c, 0x60, 0xff, 0x70, 0x68, 0x60, 0xff, 0x70, 0x68, 0x68, 0xff,
    0x70, 0x6c, 0x60, 0xff, 0x70, 0x68, 0x68, 0xff, 0x70, 0x68, 0x60, 0xff,
    0x70, 0x68, 0x68, 0xff, 0x70, 0x68, 0x68, 0xff, 0x70, 0x6c, 0x60, 0xff,
    0x70, 0x68, 0x60, 0xff, 0x70, 0x68, 0x68, 0xff, 0x70, 0x68, 0x60, 0xff,
    0x70, 0x68, 0x60, 0xff, 0x70, 0x68, 0x68, 0xff, 0x70, 0x68, 0x60, 0xff,
    0x70, 0x68, 0x68, 0xff, 0x70, 0x68, 0x60, 0xff, 0x70, 0x68, 0x60, 0xff,
    0x70, 0x6c, 0x68, 0xff, 0x70, 0x6c, 0x60, 0xff, 0x70, 0x68, 0x60, 0xff,
    0x70, 0x68, 0x68, 0xff, 0x70, 0x68, 0x60, 0xff, 0x70, 0x68, 0x60, 0xff,
    0x70, 0x68, 0x68, 0xff, 0x70, 0x6c, 0x60, 0xff, 0x70, 0x68, 0x60, 0xff,
    0x70, 0x68, 0x68, 0xff, 0x70, 0x6c, 0x68, 0xff, 0x70, 0x6c, 0x60, 0xff,
    0x70, 0x68, 0x60, 0xff, 0x70, 0x6c, 0x68, 0xff, 0x70, 0x6c, 0x60, 0xff,
    0x70, 0x68, 0x68, 0xff, 0x70, 0x68, 0x60, 0xff, 0x70, 0x68, 0x60, 0xff,
    0x70, 0x6c, 0x68, 0xff, 0x70, 0x68, 0x60, 0xff, 0x70, 0x68, 0x68, 0xff,
    0x70, 0x6c, 0x60, 0xff, 0x70, 0x68, 0x60, 0xff, 0x70, 0x68, 0x68, 0xff,
    0x70, 0x6c, 0x60, 0xff, 0x70, 0x68, 0x68, 0xff, 0x70, 0x68, 0x60, 0xff,
    0x70, 0x6c, 0x68, 0xff, 0x70, 0x68, 0x60, 0xff, 0x70, 0x68, 0x68, 0xff,
    0x70, 0x6c, 0x60, 0xff, 0x70, 0x68, 0x60, 0xff, 0x70, 0x68, 0x68, 0xff,
    0x70, 0x6c, 0x60, 0xff, 0x70, 0x68, 0x60, 0xff, 0x70, 0x68, 0x68, 0xff,
    0x70, 0x68, 0x60, 0xff, 0x70, 0x68, 0x60, 0xff, 0x70, 0x68, 0x68, 0xff,
    0x70, 0x68, 0x60, 0xff, 0x70, 0x68, 0x60, 0xff, 0x70, 0x6c, 0x68, 0xff,
    0x70, 0x68, 0x60, 0xff, 0x70, 0x68, 0x68, 0xff, 0x70, 0x68, 0x60, 0xff,
    0x70, 0x6c, 0x60, 0xff, 0x70, 0x68, 0x68, 0xff, 0x70, 0x68, 0x60, 0xff,
    0x70, 0x6c, 0x68, 0xff, 0x70, 0x68, 0x68, 0xff, 0x70, 0x6c, 0x60, 0xff,
    0x70, 0x68, 0x60, 0xff, 0x70, 0x68, 0x60, 0xff, 0x70, 0x68, 0x60, 0xff,
    0x70, 0x6c, 0x68, 0xff, 0x70, 0x68, 0x60, 0xff, 0x70, 0x68, 0x60, 0xff,
    0x70, 0x6c, 0x68, 0xff, 0x70, 0x68, 0x60, 0xff, 0x70, 0x68, 0x68, 0xff,
    0x70, 0x6c, 0x60, 0xff, 0x70, 0x68, 0x60, 0xff, 0x70, 0x68, 0x68, 0xff,
    0x70, 0x68, 0x60, 0xff, 0x70, 0x68, 0x60, 0xff, 0x70, 0x6c, 0x68, 0xff,
    0x70, 0x68, 0x60, 0xff, 0x70, 0x68, 0x60, 0xff, 0x70, 0x68, 0x68, 0xff,
    0x70, 0x68, 0x60, 0xff, 0x70, 0x6c, 0x68, 0xff, 0x70, 0x68, 0x60, 0xff,
    0x70, 0x68, 0x68, 0xff, 0x70, 0x6c, 0x60, 0xff, 0x70, 0x68, 0x60, 0xff,
    0x70, 0x68, 0x68, 0xff, 0x70, 0x68, 0x60, 0xff, 0x70, 0x6c, 0x68, 0xff,
    0x70, 0x68, 0x60, 0xff, 0x70, 0x68, 0x60, 0xff, 0x70, 0x6c, 0x68, 0xff,
    0x70, 0x68, 0x60, 0xff, 0x70, 0x68, 0x68, 0xff, 0x70, 0x6c, 0x60, 0xff,
    0x70, 0x6c, 0x60, 0xff, 0x70, 0x68, 0x68, 0xff, 0x70, 0x6c, 0x60, 0xff,
    0x70, 0x6c, 0x60, 0xff, 0x70, 0x68, 0x68, 0xff, 0x70, 0x68, 0x60, 0xff,
    0x70, 0x68, 0x68, 0xff, 0x70, 0x6c, 0x60, 0xff, 0x70, 0x68, 0x68, 0xff,
    0x70, 0x68, 0x60, 0xff, 0x70, 0x68, 0x68, 0xff, 0x70, 0x6c, 0x60, 0xff,
    0x70, 0x68, 0x68, 0xff, 0x70, 0x68, 0x60, 0xff, 0x70, 0x6c, 0x68, 0xff,
    0x70, 0x6c, 0x60, 0xff, 0x70, 0x68, 0x60, 0xff, 0x70, 0x68, 0x68, 0xff,
    0x70, 0x68, 0x60, 0xff, 0x70, 0x68, 0x60, 0xff, 0x70, 0x6c, 0x68, 0xff,
    0x70, 0x68, 0x60, 0xff, 0x70, 0x68, 0x60, 0xff, 0x70, 0x68, 0x68, 0xff,
    0x70, 0x68, 0x60, 0xff, 0x70, 0x68, 0x60, 0xff, 0x70, 0x6c, 0x68, 0xff,
    0x70, 0x68, 0x60, 0xff, 0x70, 0x68, 0x60, 0xff, 0x70, 0x68, 0x68, 0xff,
    0x70, 0x68, 0x60, 0xff, 0x70, 0x68, 0x60, 0xff, 0x70, 0x68, 0x68, 0xff,
    0x70, 0x6c, 0x60, 0xff, 0x70, 0x68, 0x60, 0xff, 0x70, 0x6c, 0x60, 0xff,
    0x70, 0x6c, 0x68, 0xff, 0x70, 0x68, 0x60, 0xff, 0x70, 0x6c, 0x68, 0xff,
    0x70, 0x68, 0x60, 0xff, 0x70, 0x68, 0x60, 0xff, 0x70, 0x6c, 0x68, 0xff,
    0x70, 0x68, 0x60, 0xff, 0x70, 0x68, 0x60, 0xff, 0x70, 0x6c, 0x60, 0xff,
    0x70, 0x68, 0x68, 0xff, 0x70, 0x68, 0x60, 0xff, 0x70, 0x6c, 0x60, 0xff,
    0x70, 0x68, 0x68, 0xff, 0x70, 0x68, 0x60, 0xff, 0x70, 0x68, 0x60, 0xff,
    0x70, 0x68, 0x60, 0xff, 0x70, 0x68, 0x68, 0xff, 0x70, 0x68, 0x60, 0xff,
    0x70, 0x68, 0x60, 0xff, 0x70, 0x68, 0x68, 0xff, 0x70, 0x68, 0x60, 0xff,
    0x70, 0x68, 0x68, 0xff, 0x70, 0x6c, 0x60, 0xff, 0x70, 0x68, 0x68, 0xff,
    0x70, 0x68, 0x60, 0xff, 0x70, 0x6c, 0x60, 0xff, 0x70, 0x68, 0x68, 0xff,
    0x70, 0x68, 0x60, 0xff, 0x70, 0x68, 0x60, 0xff, 0x70, 0x6c, 0x68, 0xff,
    0x70, 0x68, 0x60, 0xff, 0x70, 0x68, 0x68, 0xff, 0x70, 0x6c, 0x60, 0xff,
    0x70, 0x68, 0x68, 0xff, 0x70, 0x68, 0x60, 0xff, 0x70, 0x6c, 0x60, 0xff,
    0x70, 0x68, 0x68, 0xff, 0x70, 0x68, 0x60, 0xff, 0x70, 0x68, 0x60, 0xff,
    0x70, 0x68, 0x60, 0xff, 0x70, 0x6c, 0x68, 0xff, 0x70, 0x68, 0x60, 0xff,
    0x70, 0x68, 0x60, 0xff, 0x70, 0x6c, 0x60, 0xff, 0x70, 0x68, 0x68, 0xff,
    0x70, 0x68, 0x60, 0xff, 0x70, 0x6c, 0x68, 0xff, 0x70, 0x68, 0x60, 0xff,
    0x70, 0x68, 0x68, 0xff, 0x70, 0x6c, 0x60, 0xff, 0x70, 0x6c, 0x60, 0xff,
    0x70, 0x68, 0x68, 0xff, 0x70, 0x6c, 0x60, 0xff, 0x70, 0x68, 0x60, 0xff,
    0x70, 0x68, 0x68, 0xff, 0x70, 0x68, 0x60, 0xff, 0x70, 0x68, 0x68, 0xff,
    0x70, 0x6c, 0x60, 0xff, 0x70, 0x68, 0x60, 0xff, 0x70, 0x6c, 0x68, 0xff,
    0x70, 0x68, 0x60, 0xff, 0x70, 0x68, 0x68, 0xff, 0x70, 0x68, 0x60, 0xff,
    0x70, 0x6c, 0x60, 0xff, 0x70, 0x68, 0x68, 0xff, 0x70, 0x68, 0x60, 0xff,
    0x70, 0x68, 0x60, 0xff, 0x70, 0x68, 0x68, 0xff, 0x70, 0x68, 0x60, 0xff,
    0x70, 0x68, 0x60, 0xff, 0x70, 0x6c, 0x68, 0xff, 0x70, 0x68, 0x60, 0xff,
    0x70, 0x68, 0x60, 0xff, 0x70, 0x68, 0x68, 0xff, 0x70, 0x6c, 0x60, 0xff,
    0x70, 0x68, 0x60, 0xff, 0x70, 0x68, 0x68, 0xff, 0x70, 0x68, 0x60, 0xff,
    0x70, 0x68, 0x60, 0xff, 0x70, 0x68, 0x68, 0xff, 0x70, 0x6c, 0x60, 0xff,
    0x70, 0x68, 0x60, 0xff, 0x70, 0x68, 0x60, 0xff, 0x70, 0x68, 0x68, 0xff,
    0x70, 0x68, 0x60, 0xff, 0x70, 0x68, 0x60, 0xff, 0x70, 0x68, 0x68, 0xff,
    0x70, 0x68, 0x60, 0xff, 0x70, 0x68, 0x60, 0xff, 0x70, 0x6c, 0x68, 0xff,
    0x70, 0x68, 0x60, 0xff, 0x70, 0x68, 0x60, 0xff, 0x70, 0x6c, 0x68, 0xff,
    0x70, 0x68, 0x60, 0xff, 0x70, 0x68, 0x68, 0xff, 0x70, 0x6c, 0x60, 0xff,
    0x70, 0x68, 0x60, 0xff, 0x70, 0x68, 0x68, 0xff, 0x70, 0x6c, 0x60, 0xff,
    0x70, 0x68, 0x60, 0xff, 0x70, 0x68, 0x68, 0xff, 0x70, 0x68, 0x60, 0xff,
    0x70, 0x68, 0x60, 0xff, 0x70, 0x68, 0x68, 0xff, 0x70, 0x68, 0x60, 0xff,
    0x70, 0x6c, 0x68, 0xff, 0x70, 0x68, 0x68, 0xff, 0x70, 0x68, 0x60, 0xff,
    0x70, 0x6c, 0x60, 0xff, 0x70, 0x68, 0x68, 0xff, 0x70, 0x68, 0x60, 0xff,
    0x70, 0x6c, 0x68, 0xff, 0x70, 0x68, 0x60, 0xff, 0x70, 0x68, 0x60, 0xff,
    0x70, 0x68, 0x68, 0xff, 0x70, 0x68, 0x60, 0xff, 0x70, 0x6c, 0x60, 0xff,
    0x70, 0x68, 0x68, 0xff, 0x70, 0x68, 0x60, 0xff, 0x70, 0x6c, 0x60, 0xff,
    0x70, 0x68, 0x68, 0xff, 0x70, 0x68, 0x60, 0xff, 0x70, 0x6c, 0x60, 0xff,
    0x70, 0x68, 0x68, 0xff, 0x70, 0x68, 0x60, 0xff, 0x70, 0x6c, 0x60, 0xff,
    0x70, 0x68, 0x68, 0xff, 0x70, 0x68, 0x60, 0xff, 0x70, 0x6c, 0x60, 0xff,
    0x70, 0x68, 0x68, 0xff, 0x70, 0x68, 0x60, 0xff, 0x70, 0x6c, 0x60, 0xff,
    0x70, 0x68, 0x68, 0xff, 0x70, 0x68, 0x60, 0xff, 0x70, 0x6c, 0x68, 0xff,
    0x70, 0x68, 0x60, 0xff, 0x70, 0x68, 0x60, 0xff, 0x70, 0x6c, 0x68, 0xff,
    0x70, 0x68, 0x60, 0xff, 0x70, 0x68, 0x68, 0xff, 0x70, 0x68, 0x60, 0xff,
    0x70, 0x68, 0x60, 0xff, 0x70, 0x68, 0x68, 0xff, 0x70, 0x68, 0x60, 0xff,
    0x70, 0x6c, 0x60, 0xff, 0x70, 0x68, 0x60, 0xff, 0x70, 0x68, 0x68, 0xff,
    0x70, 0x6c, 0x60, 0xff, 0x70, 0x68, 0x60, 0xff, 0x70, 0x68, 0x68, 0xff,
    0x70, 0x6c, 0x60, 0xff, 0x70, 0x68, 0x60, 0xff, 0x70, 0x68, 0x68, 0xff,
    0x70, 0x68, 0x60, 0xff, 0x70, 0x68, 0x60, 0xff, 0x70, 0x6c, 0x68, 0xff,
    0x70, 0x68, 0x60, 0xff, 0x70, 0x68, 0x60, 0xff, 0x70, 0x68, 0x60, 0xff,
    0x70, 0x68, 0x68, 0xff, 0x70, 0x6c, 0x60, 0xff, 0x70, 0x68, 0x68, 0xff,
    0x70, 0x6c, 0x60, 0xff, 0x70, 0x68, 0x60, 0xff, 0x70, 0x68, 0x68, 0xff,
    0x70, 0x68, 0x60, 0xff, 0x70, 0x68, 0x60, 0xff, 0x70, 0x6c, 0x68, 0xff,
    0x70, 0x68, 0x60, 0xff, 0x70, 0x68, 0x60, 0xff, 0x70, 0x6c, 0x68, 0xff,
    0x70, 0x68, 0x60, 0xff, 0x70, 0x68, 0x60, 0xff, 0x70, 0x68, 0x68, 0xff,
    0x70, 0x68, 0x60, 0xff, 0x70, 0x68, 0x60, 0xff, 0x70, 0x68, 0x68, 0xff,
    0x70, 0x6c, 0x60, 0xff, 0x70, 0x68, 0x60, 0xff, 0x70, 0x68, 0x68, 0xff,
    0x70, 0x6c, 0x60, 0xff, 0x70, 0x68, 0x68, 0xff, 0x70, 0x68, 0x60, 0xff,
    0x70, 0x6c, 0x60, 0xff, 0x70, 0x68, 0x68, 0xff, 0x70, 0x68, 0x60, 0xff,
    0x70, 0x68, 0x60, 0xff, 0x70, 0x6c, 0x68, 0xff, 0x70, 0x68, 0x68, 0xff,
    0x70, 0x68, 0x60, 0xff, 0x70, 0x6c, 0x60, 0xff, 0x70, 0x6c, 0x68, 0xff,
    0x70, 0x68, 0x60, 0xff, 0x70, 0x6c, 0x60, 0xff, 0x70, 0x68, 0x68, 0xff,
    0x70, 0x68, 0x60, 0xff, 0x70, 0x68, 0x60, 0xff, 0x70, 0x6c, 0x68, 0xff,
    0x70, 0x68, 0x60, 0xff, 0x70, 0x68, 0x68, 0xff, 0x70, 0x68, 0x60, 0xff,
    0x70, 0x68, 0x60, 0xff, 0x70, 0x6c, 0x68, 0xff, 0x70, 0x68, 0x60, 0xff,
    0x70, 0x68, 0x60, 0xff, 0x70, 0x68, 0x68, 0xff, 0x70, 0x68, 0x60, 0xff,
    0x70, 0x6c, 0x60, 0xff, 0x70, 0x68, 0x68, 0xff, 0x70, 0x68, 0x60, 0xff,
    0x70, 0x6c, 0x60, 0xff, 0x70, 0x68, 0x68, 0xff, 0x70, 0x68, 0x68, 0xff,
    0x70, 0x6c, 0x60, 0xff, 0x70, 0x68, 0x60, 0xff, 0x70, 0x68, 0x68, 0xff,
    0x70, 0x68, 0x60, 0xff, 0x70, 0x68, 0x60, 0xff, 0x70, 0x6c, 0x68, 0xff,
    0x70, 0x68, 0x60, 0xff, 0x70, 0x68, 0x60, 0xff, 0x70, 0x68, 0x60, 0xff,
    0x70, 0x6c, 0x68, 0xff, 0x70, 0x68, 0x60, 0xff, 0x70, 0x68, 0x68, 0xff,
    0x70, 0x68, 0x60, 0xff, 0x70, 0x68, 0x60, 0xff, 0x70, 0x68, 0x68, 0xff,
    0x70, 0x6c, 0x60, 0xff, 0x70, 0x68, 0x60, 0xff, 0x70, 0x68, 0x68, 0xff,
    0x70, 0x68, 0x60, 0xff, 0x70, 0x68, 0x60, 0xff, 0x70, 0x68, 0x68, 0xff,
    0x70, 0x6c, 0x60, 0xff, 0x70, 0x68, 0x60, 0xff, 0x70, 0x68, 0x68, 0xff,
    0x70, 0x68, 0x60, 0xff, 0x70, 0x68, 0x60, 0xff, 0x70, 0x6c, 0x68, 0xff,
    0x70, 0x68, 0x60, 0xff, 0x70, 0x68, 0x60, 0xff, 0x70, 0x68, 0x68, 0xff,
    0x70, 0x68, 0x60, 0xff, 0x70, 0x68, 0x60, 0xff, 0x70, 0x68, 0x68, 0xff,
    0x70, 0x6c, 0x60, 0xff, 0x70, 0x68, 0x68, 0xff, 0x70, 0x68, 0x60, 0xff,
    0x70, 0x68, 0x60, 0xff, 0x70, 0x6c, 0x68, 0xff, 0x70, 0x68, 0x68, 0xff,
    0x70, 0x6c, 0x60, 0xff, 0x70, 0x68, 0x60, 0xff, 0x70, 0x68, 0x68, 0xff,
    0x70, 0x68, 0x60, 0xff, 0x70, 0x6c, 0x68, 0xff, 0x70, 0x68, 0x60, 0xff,
    0x70, 0x6c, 0x60, 0xff, 0x70, 0x68, 0x68, 0xff, 0x70, 0x6c, 0x60, 0xff,
    0x70, 0x68, 0x68, 0xff, 0x70, 0x68, 0x60, 0xff, 0x70, 0x6c, 0x68, 0xff,
    0x70, 0x68, 0x60, 0xff, 0x70, 0x68, 0x60, 0xff, 0x70, 0x6c, 0x68, 0xff,
    0x70, 0x68, 0x60, 0xff, 0x70, 0x68, 0x60, 0xff, 0x70, 0x6c, 0x68, 0xff,
    0x70, 0x68, 0x60, 0xff, 0x70, 0x68, 0x60, 0xff, 0x70, 0x68, 0x68, 0xff,
    0x70, 0x68, 0x60, 0xff, 0x70, 0x6c, 0x68, 0xff, 0x70, 0x68, 0x60, 0xff,
    0x70, 0x6c, 0x60, 0xff, 0x70, 0x68, 0x68, 0xff, 0x70, 0x68, 0x60, 0xff,
    0x70, 0x68, 0x60, 0xff, 0x70, 0x68, 0x60, 0xff, 0x70, 0x68, 0x68, 0xff,
    0x70, 0x6c, 0x60, 0xff, 0x70, 0x68, 0x68, 0xff, 0x70, 0x68, 0x60, 0xff,
    0x70, 0x68, 0x60, 0xff, 0x70, 0x68, 0x68, 0xff, 0x70, 0x68, 0x60, 0xff,
    0x70, 0x6c, 0x60, 0xff, 0x70, 0x68, 0x68, 0xff, 0x70, 0x68, 0x60, 0xff,
    0x70, 0x68, 0x68, 0xff, 0x70, 0x68, 0x60, 0xff, 0x70, 0x6c, 0x68, 0xff,
    0x70, 0x68, 0x60, 0xff, 0x70, 0x68, 0x60, 0xff, 0x70, 0x68, 0x68, 0xff,
    0x70, 0x6c, 0x60, 0xff, 0x70, 0x68, 0x60, 0xff, 0x70, 0x68, 0x68, 0xff,
    0x70, 0x68, 0x60, 0xff, 0x70, 0x68, 0x60, 0xff, 0x70, 0x68, 0x68, 0xff,
    0x70, 0x68, 0x60, 0xff, 0x70, 0x68, 0x68, 0xff, 0x70, 0x68, 0x60, 0xff,
    0x70, 0x68, 0x60, 0xff, 0x70, 0x68, 0x68, 0xff, 0x70, 0x68, 0x60, 0xff,
    0x70, 0x68, 0x60, 0xff, 0x70, 0x68, 0x68, 0xff, 0x70, 0x68, 0x60, 0xff,
    0x70, 0x68, 0x60, 0xff, 0x70, 0x68, 0x68, 0xff, 0x70, 0x68, 0x60, 0xff,
    0x70, 0x68, 0x60, 0xff, 0x70, 0x68, 0x68, 0xff, 0x70, 0x68, 0x60, 0xff,
    0x70, 0x6c, 0x68, 0xff, 0x70, 0x68, 0x60, 0xff, 0x70, 0x68, 0x60, 0xff,
    0x70, 0x68, 0x68, 0xff, 0x70, 0x68, 0x60, 0xff, 0x70, 0x68, 0x60, 0xff,
    0x70, 0x68, 0x68, 0xff, 0x70, 0x68, 0x60, 0xff, 0x70, 0x68, 0x60, 0xff,
    0x70, 0x68, 0x68, 0xff, 0x70, 0x68, 0x60, 0xff, 0x70, 0x68, 0x68, 0xff,
    0x70, 0x68, 0x60, 0xff, 0x70, 0x6c, 0x60, 0xff, 0x70, 0x68, 0x68, 0xff,
    0x70, 0x68, 0x60, 0xbe, 0x70, 0x68, 0x60, 0xff, 0x70, 0x68, 0x68, 0xff,
    0x70, 0x68, 0x60, 0xff, 0x70, 0x6c, 0x60, 0xff, 0x70, 0x68, 0x68, 0xff,
    0x70, 0x68, 0x68, 0xff, 0x70, 0x6c, 0x60, 0xff, 0x70, 0x68, 0x60, 0xff,
    0x70, 0x68, 0x68, 0xff, 0x70, 0x6c, 0x60, 0xff, 0x70, 0x68, 0x68, 0xff,
    0x70, 0x68, 0x60, 0xff, 0x70, 0x6c, 0x60, 0xff, 0x70, 0x68, 0x68, 0xff,
    0x70, 0x68, 0x68, 0xff, 0x70, 0x68, 0x60, 0xff, 0x70, 0x68, 0x60, 0xff,
    0x70, 0x68, 0x68, 0xff, 0x70, 0x68, 0x60, 0xff, 0x70, 0x68, 0x68, 0xff,
    0x70, 0x68, 0x60, 0xff, 0x70, 0x68, 0x60, 0xff, 0x70, 0x68, 0x68, 0xff,
    0x70, 0x68, 0x68, 0xff, 0x70, 0x68, 0x60, 0xff, 0x70, 0x6c, 0x60, 0xff,
    0x70, 0x68, 0x68, 0xff, 0x70, 0x68, 0x60, 0xff, 0x70, 0x68, 0x60, 0xff,
    0x70, 0x6c, 0x68, 0xff, 0x70, 0x68, 0x60, 0xff, 0x70, 0x68, 0x68, 0xff,
    0x70, 0x68, 0x60, 0xff, 0x70, 0x68, 0x60, 0xff, 0x70, 0x6c, 0x68, 0xff,
    0x70, 0x68, 0x60, 0xff, 0x70, 0x68, 0x60, 0xff, 0x70, 0x6c, 0x68, 0xff,
    0x70, 0x68, 0x60, 0xff, 0x70, 0x68, 0x60, 0xff, 0x70, 0x6c, 0x68, 0xff,
    0x70, 0x68, 0x60, 0xff, 0x70, 0x68, 0x60, 0xff, 0x70, 0x6c, 0x68, 0xff,
    0x70, 0x68, 0x60, 0xff, 0x70, 0x68, 0x60, 0xff, 0x70, 0x6c, 0x68, 0xff,
    0x70, 0x68, 0x60, 0xff, 0x70, 0x68, 0x60, 0xff, 0x70, 0x68, 0x68, 0xff,
    0x70, 0x68, 0x60, 0xff, 0x70, 0x68, 0x60, 0xff, 0x70, 0x68, 0x68, 0xff,
    0x70, 0x6c, 0x60, 0xff, 0x70, 0x68, 0x60, 0xff, 0x70, 0x68, 0x68, 0xff,
    0x70, 0x6c, 0x60, 0xff, 0x70, 0x68, 0x68, 0xff, 0x70, 0x68, 0x60, 0xff,
    0x70, 0x68, 0x68, 0xff, 0x70, 0x68, 0x60, 0xff, 0x70, 0x68, 0x60, 0xff,
    0x70, 0x68, 0x68, 0xff, 0x70, 0x68, 0x60, 0xff, 0x70, 0x68, 0x60, 0xff,
    0x70, 0x68, 0x68, 0xff, 0x70, 0x6c, 0x60, 0xff, 0x70, 0x68, 0x60, 0xff,
    0x70, 0x68, 0x68, 0xff, 0x70, 0x68, 0x60, 0xff, 0x70, 0x6c, 0x60, 0xff,
    0x70, 0x68, 0x68, 0xff, 0x70, 0x6c, 0x60, 0xff, 0x70, 0x68, 0x68, 0xff,
    0x70, 0x68, 0x60, 0xff, 0x70, 0x68, 0x60, 0xff, 0x70, 0x6c, 0x68, 0xff,
    0x70, 0x68, 0x60, 0xff, 0x70, 0x6c, 0x68, 0xff, 0x70, 0x68, 0x60, 0xff,
    0x70, 0x68, 0x60, 0xff, 0x70, 0x6c, 0x68, 0xff, 0x70, 0x68, 0x60, 0xff,
    0x70, 0x6c, 0x68, 0xff, 0x70, 0x6c, 0x60, 0xff, 0x70, 0x68, 0x68, 0xff,
    0x70, 0x68, 0x60, 0xff, 0x70, 0x68, 0x60, 0xff, 0x70, 0x6c, 0x68, 0xff,
    0x70, 0x68, 0x60, 0xff, 0x70, 0x68, 0x60, 0xff, 0x70, 0x68, 0x68, 0xff,
    0x70, 0x68, 0x60, 0xff, 0x70, 0x68, 0x60, 0xff, 0x70, 0x6c, 0x68, 0xff,
    0x70, 0x68, 0x60, 0xff, 0x70, 0x68, 0x60, 0xff, 0x70, 0x68, 0x68, 0xff,
    0x70, 0x68, 0x68, 0xff, 0x70, 0x68, 0x60, 0xff, 0x70, 0x6c, 0x60, 0xff,
    0x70, 0x68, 0x68, 0xff, 0x70, 0x68, 0x60, 0xff, 0x70, 0x6c, 0x60, 0xff,
    0x70, 0x68, 0x68, 0xff, 0x70, 0x68, 0x60, 0xff, 0x70, 0x68, 0x68, 0xff,
    0x70, 0x68, 0x68, 0xff, 0x70, 0x68, 0x60, 0xff, 0x70, 0x68, 0x60, 0xff,
    0x70, 0x68, 0x68, 0xff, 0x70, 0x68, 0x60, 0xff, 0x70, 0x6c, 0x68, 0xff,
    0x70, 0x68, 0x60, 0xff, 0x70, 0x68, 0x60, 0xff, 0x70, 0x68, 0x68, 0xff,
    0x70, 0x68, 0x60, 0xff, 0x70, 0x68, 0x60, 0xff, 0x70, 0x6c, 0x68, 0xff,
    0x70, 0x6c, 0x60, 0xff, 0x70, 0x68, 0x60, 0xff, 0x70, 0x68, 0x68, 0xff,
    0x70, 0x6c, 0x60, 0xff, 0x70, 0x68, 0x60, 0xff, 0x70, 0x68, 0x68, 0xff,
    0x70, 0x6c, 0x60, 0xff, 0x70, 0x68, 0x60, 0xff, 0x70, 0x68, 0x68, 0xff,
    0x70, 0x6c, 0x60, 0xff, 0x70, 0x68, 0x68, 0xff, 0x70, 0x68, 0x60, 0xff,
    0x70, 0x6c, 0x60, 0xff, 0x70, 0x68, 0x68, 0xff, 0x70, 0x68, 0x60, 0xff,
    0x70, 0x68, 0x60, 0xff, 0x70, 0x68, 0x68, 0xff, 0x70, 0x68, 0x60, 0xff,
    0x70, 0x68, 0x68, 0xff, 0x70, 0x68, 0x60, 0xff, 0x70, 0x6c, 0x68, 0xff,
    0x70, 0x68, 0x60, 0xff, 0x70, 0x68, 0x68, 0xff, 0x70, 0x6c, 0x60, 0xff,
    0x70, 0x68, 0x60, 0xff, 0x70, 0x6c, 0x68, 0xff, 0x70, 0x68, 0x60, 0xff,
    0x70, 0x6c, 0x68, 0xff, 0x70, 0x68, 0x60, 0xff, 0x70, 0x6c, 0x68, 0xff,
    0x70, 0x68, 0x60, 0xff, 0x70, 0x6c, 0x60, 0xff, 0x70, 0x6c, 0x68, 0xff,
    0x70, 0x68, 0x60, 0xff, 0x70, 0x68, 0x60, 0xff, 0x70, 0x6c, 0x68, 0xff,
    0x70, 0x6c, 0x60, 0xff, 0x70, 0x68, 0x68, 0xff, 0x70, 0x6c, 0x60, 0xff,
    0x70, 0x68, 0x60, 0xff, 0x70, 0x68, 0x68, 0xff, 0x70, 0x68, 0x68, 0xff,
    0x70, 0x6c, 0x60, 0xff, 0x70, 0x68, 0x68, 0xff, 0x70, 0x6c, 0x60, 0xff,
    0x70, 0x68, 0x60, 0xff, 0x70, 0x6c, 0x68, 0xff, 0x70, 0x68, 0x60, 0xff,
    0x70, 0x6c, 0x60, 0xff, 0x70, 0x6c, 0x68, 0xff, 0x70, 0x68, 0x60, 0xff,
    0x70, 0x68, 0x60, 0xff, 0x70, 0x6c, 0x68, 0xff, 0x70, 0x68, 0x60, 0xff,
    0x70, 0x68, 0x60, 0xcf, 0x70, 0x68, 0x60, 0x7d, 0x70, 0x68, 0x60, 0xff,
    0x70, 0x68, 0x68, 0xff, 0x70, 0x68, 0x60, 0xff, 0x70, 0x68, 0x60, 0xff,
    0x70, 0x6c, 0x68, 0xff, 0x70, 0x68, 0x60, 0xff, 0x70, 0x68, 0x60, 0xff,
    0x70, 0x68, 0x68, 0xff, 0x70, 0x68, 0x60, 0xff, 0x70, 0x68, 0x60, 0xff,
    0x70, 0x68, 0x68, 0xff, 0x70, 0x68, 0x60, 0xff, 0x70, 0x68, 0x60, 0xff,
    0x70, 0x6c, 0x68, 0xff, 0x70, 0x68, 0x60, 0xff, 0x70, 0x6c, 0x60, 0xff,
    0x70, 0x6c, 0x68, 0xff, 0x70, 0x68, 0x60, 0xff, 0x70, 0x6c, 0x60, 0xff,
    0x70, 0x68, 0x68, 0xff, 0x70, 0x6c, 0x60, 0xff, 0x70, 0x68, 0x60, 0xff,
    0x70, 0x6c, 0x60, 0xff, 0x70, 0x68, 0x68, 0xff, 0x70, 0x68, 0x60, 0xff,
    0x70, 0x68, 0x60, 0xff, 0x70, 0x6c, 0x68, 0xff, 0x70, 0x68, 0x60, 0xff,
    0x70, 0x68, 0x60, 0xff, 0x70, 0x68, 0x60, 0xff, 0x70, 0x68, 0x68, 0xff,
    0x70, 0x68, 0x60, 0xff, 0x70, 0x68, 0x60, 0xff, 0x70, 0x68, 0x68, 0xff,
    0x70, 0x68, 0x68, 0xff, 0x70, 0x68, 0x60, 0xff, 0x70, 0x6c, 0x60, 0xff,
    0x70, 0x68, 0x68, 0xff, 0x70, 0x68, 0x60, 0xff, 0x70, 0x68, 0x60, 0xff,
    0x70, 0x6c, 0x68, 0xff, 0x70, 0x68, 0x60, 0xff, 0x70, 0x68, 0x68, 0xff,
    0x70, 0x68, 0x60, 0xff, 0x70, 0x68, 0x68, 0xff, 0x70, 0x68, 0x60, 0xff,
    0x70, 0x6c, 0x68, 0xff, 0x70, 0x68, 0x60, 0xff, 0x70, 0x68, 0x60, 0xff,
    0x70, 0x6c, 0x68, 0xff, 0x70, 0x68, 0x60, 0xff, 0x70, 0x68, 0x68, 0xff,
    0x70, 0x6c, 0x60, 0xff, 0x70, 0x68, 0x60, 0xff, 0x70, 0x68, 0x68, 0xff,
    0x70, 0x68, 0x60, 0xff, 0x70, 0x68, 0x60, 0xff, 0x70, 0x6c, 0x68, 0xff,
    0x70, 0x68, 0x60, 0xff, 0x70, 0x6c, 0x60, 0xff, 0x70, 0x68, 0x68, 0xff,
    0x70, 0x6c, 0x68, 0xff, 0x70, 0x6c, 0x60, 0xff, 0x70, 0x68, 0x60, 0xff,
    0x70, 0x68, 0x68, 0xff, 0x70, 0x6c, 0x60, 0xff, 0x70, 0x68, 0x68, 0xff,
    0x70, 0x68, 0x60, 0xff, 0x70, 0x6c, 0x68, 0xff, 0x70, 0x68, 0x60, 0xff,
    0x70, 0x68, 0x68, 0xff, 0x70, 0x68, 0x60, 0xff, 0x70, 0x68, 0x60, 0xff,
    0x70, 0x6c, 0x68, 0xff, 0x70, 0x68, 0x60, 0xff, 0x70, 0x68, 0x68, 0xff,
    0x70, 0x68, 0x60, 0xff, 0x70, 0x68, 0x60, 0xff, 0x70, 0x68, 0x68, 0xff,
    0x70, 0x68, 0x60, 0xff, 0x70, 0x68, 0x68, 0xff, 0x70, 0x68, 0x60, 0xff,
    0x70, 0x68, 0x60, 0xff, 0x70, 0x68, 0x60, 0xff, 0x70, 0x68, 0x68, 0xff,
    0x70, 0x6c, 0x60, 0xff, 0x70, 0x68, 0x60, 0xff, 0x70, 0x68, 0x68, 0xff,
    0x70, 0x68, 0x60, 0xff, 0x70, 0x6c, 0x68, 0xff, 0x70, 0x68, 0x60, 0xff,
    0x70, 0x68, 0x60, 0xff, 0x70, 0x6c, 0x60, 0xff, 0x70, 0x68, 0x68, 0xff,
    0x70, 0x68, 0x60, 0xff, 0x70, 0x6c, 0x60, 0xff, 0x70, 0x68, 0x68, 0xff,
    0x70, 0x68, 0x60, 0xff, 0x70, 0x6c, 0x60, 0xff, 0x70, 0x68, 0x68, 0xff,
    0x70, 0x68, 0x60, 0xff, 0x70, 0x68, 0x60, 0xff, 0x70, 0x68, 0x68, 0xff,
    0x70, 0x68, 0x60, 0xff, 0x70, 0x68, 0x60, 0xff, 0x70, 0x6c, 0x68, 0xff,
    0x70, 0x68, 0x60, 0xff, 0x70, 0x6c, 0x60, 0xff, 0x70, 0x68, 0x68, 0xff,
    0x70, 0x6c, 0x60, 0xff, 0x70, 0x68, 0x60, 0xff, 0x70, 0x68, 0x68, 0xff,
    0x70, 0x6c, 0x60, 0xff, 0x70, 0x68, 0x60, 0xff, 0x70, 0x68, 0x68, 0xff,
    0x70, 0x6c, 0x60, 0xff, 0x70, 0x68, 0x68, 0xff, 0x70, 0x68, 0x60, 0xff,
    0x70, 0x68, 0x68, 0xff, 0x70, 0x68, 0x60, 0xff, 0x70, 0x68, 0x68, 0xff,
    0x70, 0x6c, 0x60, 0xff, 0x70, 0x68, 0x60, 0xff, 0x70, 0x68, 0x68, 0xff,
    0x70, 0x68, 0x60, 0xff, 0x70, 0x68, 0x60, 0xff, 0x70, 0x6c, 0x68, 0xff,
    0x70, 0x68, 0x60, 0xff, 0x70, 0x68, 0x60, 0xff, 0x70, 0x68, 0x68, 0xff,
    0x70, 0x68, 0x60, 0xff, 0x70, 0x6c, 0x60, 0xff, 0x70, 0x68, 0x68, 0xff,
    0x70, 0x68, 0x60, 0xff, 0x70, 0x6c, 0x60, 0xff, 0x70, 0x6c, 0x68, 0xff,
    0x70, 0x68, 0x60, 0xff, 0x70, 0x68, 0x60, 0xff, 0x70, 0x68, 0x68, 0xff,
    0x70, 0x68, 0x60, 0xff, 0x70, 0x6c, 0x60, 0xff, 0x70, 0x68, 0x68, 0xff,
    0x70, 0x68, 0x60, 0xff, 0x70, 0x6c, 0x60, 0xff, 0x70, 0x68, 0x68, 0xff,
    0x70, 0x68, 0x60, 0xff, 0x70, 0x68, 0x60, 0xff, 0x70, 0x6c, 0x68, 0xff,
    0x70, 0x68, 0x60, 0xff, 0x70, 0x68, 0x68, 0xff, 0x70, 0x68, 0x60, 0xff,
    0x70, 0x68, 0x68, 0xff, 0x70, 0x68, 0x60, 0xff, 0x70, 0x6c, 0x68, 0xff,
    0x70, 0x68, 0x60, 0xff, 0x70, 0x68, 0x60, 0xff, 0x70, 0x68, 0x68, 0xff,
    0x70, 0x68, 0x60, 0xff, 0x70, 0x6c, 0x60, 0xff, 0x70, 0x68, 0x60, 0xff,
    0x70, 0x68, 0x60, 0xff, 0x70, 0x68, 0x68, 0xff, 0x70, 0x68, 0x60, 0xff,
    0x70, 0x68, 0x60, 0xff, 0x70, 0x6c, 0x68, 0xff, 0x70, 0x68, 0x60, 0xff,
    0x70, 0x68, 0x68, 0xff, 0x70, 0x68, 0x60, 0xff, 0x70, 0x68, 0x60, 0xff,
    0x70, 0x68, 0x68, 0xff, 0x70, 0x6c, 0x60, 0xff, 0x70, 0x68, 0x68, 0xff,
    0x70, 0x68, 0x60, 0xff, 0x70, 0x68, 0x60, 0x5d, 0x70, 0x70, 0x60, 0x10,
    0x70, 0x68, 0x60, 0xdf, 0x70, 0x6c, 0x68, 0xff, 0x70, 0x68, 0x60, 0xff,
    0x70, 0x68, 0x60, 0xff, 0x70, 0x68, 0x68, 0xff, 0x70, 0x6c, 0x60, 0xff,
    0x70, 0x68, 0x60, 0xff, 0x70, 0x6c, 0x68, 0xff, 0x70, 0x68, 0x60, 0xff,
    0x70, 0x6c, 0x60, 0xff, 0x70, 0x68, 0x68, 0xff, 0x70, 0x68, 0x60, 0xff,
    0x70, 0x6c, 0x68, 0xff, 0x70, 0x68, 0x60, 0xff, 0x70, 0x68, 0x60, 0xff,
    0x70, 0x68, 0x68, 0xff, 0x70, 0x68, 0x60, 0xff, 0x70, 0x68, 0x60, 0xff,
    0x70, 0x68, 0x68, 0xff, 0x70, 0x6c, 0x60, 0xff, 0x70, 0x68, 0x68, 0xff,
    0x70, 0x68, 0x60, 0xff, 0x70, 0x68, 0x60, 0xff, 0x70, 0x6c, 0x68, 0xff,
    0x70, 0x68, 0x60, 0xff, 0x70, 0x68, 0x68, 0xff, 0x70, 0x68, 0x60, 0xff,
    0x70, 0x6c, 0x68, 0xff, 0x70, 0x68, 0x68, 0xff, 0x70, 0x68, 0x60, 0xff,
    0x70, 0x6c, 0x60, 0xff, 0x70, 0x6c, 0x68, 0xff, 0x70, 0x68, 0x60, 0xff,
    0x70, 0x6c, 0x60, 0xff, 0x70, 0x68, 0x68, 0xff, 0x70, 0x68, 0x60, 0xff,
    0x70, 0x68, 0x60, 0xff, 0x70, 0x68, 0x68, 0xff, 0x70, 0x68, 0x60, 0xff,
    0x70, 0x68, 0x68, 0xff, 0x70, 0x68, 0x60, 0xff, 0x70, 0x6c, 0x60, 0xff,
    0x70, 0x68, 0x68, 0xff, 0x70, 0x68, 0x60, 0xff, 0x70, 0x6c, 0x60, 0xff,
    0x70, 0x68, 0x68, 0xff, 0x70, 0x68, 0x60, 0xff, 0x70, 0x68, 0x68, 0xff,
    0x70, 0x68, 0x60, 0xff, 0x70, 0x6c, 0x60, 0xff, 0x70, 0x68, 0x68, 0xff,
    0x70, 0x68, 0x60, 0xff, 0x70, 0x68, 0x60, 0xff, 0x70, 0x68, 0x68, 0xff,
    0x70, 0x6c, 0x68, 0xff, 0x70, 0x68, 0x60, 0xff, 0x70, 0x68, 0x60, 0xff,
    0x70, 0x68, 0x68, 0xff, 0x70, 0x68, 0x60, 0xff, 0x70, 0x68, 0x60, 0xff,
    0x70, 0x68, 0x68, 0xff, 0x70, 0x68, 0x60, 0xff, 0x70, 0x68, 0x60, 0xff,
    0x70, 0x68, 0x68, 0xff, 0x70, 0x6c, 0x60, 0xff, 0x70, 0x68, 0x60, 0xff,
    0x70, 0x68, 0x68, 0xff, 0x70, 0x68, 0x60, 0xff, 0x70, 0x68, 0x60, 0xff,
    0x70, 0x6c, 0x68, 0xff, 0x70, 0x68, 0x60, 0xff, 0x70, 0x68, 0x60, 0xff,
    0x70, 0x68, 0x68, 0xff, 0x70, 0x68, 0x60, 0xff, 0x70, 0x6c, 0x60, 0xff,
    0x70, 0x68, 0x68, 0xff, 0x70, 0x68, 0x60, 0xff, 0x70, 0x6c, 0x60, 0xff,
    0x70, 0x68, 0x68, 0xff, 0x70, 0x6c, 0x60, 0xff, 0x70, 0x68, 0x60, 0xff,
    0x70, 0x68, 0x68, 0xff, 0x70, 0x6c, 0x60, 0xff, 0x70, 0x68, 0x68, 0xff,
    0x70, 0x68, 0x60, 0xff, 0x70, 0x68, 0x60, 0xff, 0x70, 0x6c, 0x68, 0xff,
    0x70, 0x68, 0x60, 0xff, 0x70, 0x68, 0x60, 0xff, 0x70, 0x68, 0x68, 0xff,
    0x70, 0x6c, 0x68, 0xff, 0x70, 0x68, 0x60, 0xff, 0x70, 0x68, 0x68, 0xff,
    0x70, 0x68, 0x60, 0xff, 0x70, 0x68, 0x68, 0xff, 0x70, 0x68, 0x60, 0xff,
    0x70, 0x6c, 0x68, 0xff, 0x70, 0x68, 0x60, 0xff, 0x70, 0x68, 0x60, 0xff,
    0x70, 0x68, 0x68, 0xff, 0x70, 0x68, 0x60, 0xff, 0x70, 0x6c, 0x60, 0xff,
    0x70, 0x68, 0x68, 0xff, 0x70, 0x68, 0x60, 0xff, 0x70, 0x6c, 0x60, 0xff,
    0x70, 0x68, 0x68, 0xff, 0x70, 0x68, 0x60, 0xff, 0x70, 0x68, 0x60, 0xff,
    0x70, 0x6c, 0x68, 0xff, 0x70, 0x68, 0x60, 0xff, 0x70, 0x68, 0x60, 0xff,
    0x70, 0x68, 0x68, 0xff, 0x70, 0x68, 0x60, 0xff, 0x70, 0x68, 0x68, 0xff,
    0x70, 0x6c, 0x60, 0xff, 0x70, 0x68, 0x60, 0xff, 0x70, 0x68, 0x68, 0xff,
    0x70, 0x6c, 0x60, 0xff, 0x70, 0x68, 0x60, 0xff, 0x70, 0x68, 0x68, 0xff,
    0x70, 0x68, 0x60, 0xff, 0x70, 0x68, 0x60, 0xff, 0x70, 0x68, 0x68, 0xff,
    0x70, 0x6c, 0x60, 0xff, 0x70, 0x68, 0x60, 0xff, 0x70, 0x68, 0x68, 0xff,
    0x70, 0x68, 0x60, 0xff, 0x70, 0x6c, 0x60, 0xff, 0x70, 0x68, 0x68, 0xff,
    0x70, 0x68, 0x60, 0xff, 0x70, 0x6c, 0x68, 0xff, 0x70, 0x68, 0x60, 0xff,
    0x70, 0x68, 0x68, 0xff, 0x70, 0x68, 0x60, 0xff, 0x70, 0x68, 0x68, 0xff,
    0x70, 0x68, 0x60, 0xff, 0x70, 0x6c, 0x60, 0xff, 0x70, 0x6c, 0x68, 0xff,
    0x70, 0x68, 0x60, 0xff, 0x70, 0x68, 0x60, 0xff, 0x70, 0x68, 0x68, 0xff,
    0x70, 0x68, 0x60, 0xff, 0x70, 0x68, 0x68, 0xff, 0x70, 0x68, 0x60, 0xff,
    0x70, 0x68, 0x60, 0xff, 0x70, 0x68, 0x68, 0xff, 0x70, 0x68, 0x60, 0xff,
    0x70, 0x68, 0x60, 0xff, 0x70, 0x68, 0x60, 0xff, 0x70, 0x68, 0x60, 0xff,
    0x70, 0x6c, 0x68, 0xff, 0x70, 0x68, 0x60, 0xff, 0x70, 0x68, 0x60, 0xff,
    0x70, 0x68, 0x68, 0xff, 0x70, 0x68, 0x60, 0xff, 0x70, 0x68, 0x60, 0xff,
    0x70, 0x68, 0x68, 0xff, 0x70, 0x68, 0x68, 0xff, 0x70, 0x6c, 0x60, 0xff,
    0x70, 0x68, 0x68, 0xff, 0x70, 0x68, 0x60, 0xff, 0x70, 0x6c, 0x60, 0xff,
    0x70, 0x68, 0x68, 0xff, 0x70, 0x68, 0x60, 0xff, 0x70, 0x68, 0x60, 0xff,
    0x70, 0x68, 0x68, 0xff, 0x70, 0x68, 0x60, 0xff, 0x70, 0x6c, 0x68, 0xff,
    0x70, 0x68, 0x60, 0xff, 0x70, 0x68, 0x60, 0xff, 0x70, 0x68, 0x68, 0xff,
    0x70, 0x68, 0x60, 0xff, 0x70, 0x68, 0x60, 0xdf, 0x00, 0x00, 0x00, 0x00,
    0x00, 0x00, 0x00, 0x00, 0x70, 0x68, 0x60, 0x20, 0x70, 0x68, 0x60, 0xdf,
    0x70, 0x6c, 0x68, 0xff, 0x70, 0x68, 0x60, 0xff, 0x70, 0x68, 0x60, 0xff,
    0x70, 0x68, 0x68, 0xff, 0x70, 0x68, 0x60, 0xff, 0x70, 0x68, 0x68, 0xff,
    0x70, 0x6c, 0x60, 0xff, 0x70, 0x68, 0x68, 0xff, 0x70, 0x68, 0x60, 0xff,
    0x70, 0x6c, 0x60, 0xff, 0x70, 0x68, 0x68, 0xff, 0x70, 0x68, 0x60, 0xff,
    0x70, 0x68, 0x60, 0xff, 0x70, 0x68, 0x68, 0xff, 0x70, 0x6c, 0x60, 0xff,
    0x70, 0x68, 0x68, 0xff, 0x70, 0x68, 0x60, 0xff, 0x70, 0x68, 0x60, 0xff,
    0x70, 0x68, 0x68, 0xff, 0x70, 0x68, 0x68, 0xff, 0x70, 0x68, 0x60, 0xff,
    0x70, 0x68, 0x60, 0xff, 0x70, 0x6c, 0x68, 0xff, 0x70, 0x68, 0x60, 0xff,
    0x70, 0x68, 0x60, 0xff, 0x70, 0x68, 0x60, 0xff, 0x70, 0x6c, 0x68, 0xff,
    0x70, 0x68, 0x60, 0xff, 0x70, 0x68, 0x60, 0xff, 0x70, 0x68, 0x68, 0xff,
    0x70, 0x68, 0x60, 0xff, 0x70, 0x6c, 0x60, 0xff, 0x70, 0x68, 0x68, 0xff,
    0x70, 0x68, 0x60, 0xff, 0x70, 0x6c, 0x68, 0xff, 0x70, 0x6c, 0x60, 0xff,
    0x70, 0x68, 0x60, 0xff, 0x70, 0x68, 0x68, 0xff, 0x70, 0x6c, 0x60, 0xff,
    0x70, 0x68, 0x60, 0xff, 0x70, 0x68, 0x68, 0xff, 0x70, 0x6c, 0x60, 0xff,
    0x70, 0x68, 0x60, 0xff, 0x70, 0x68, 0x68, 0xff, 0x70, 0x6c, 0x60, 0xff,
    0x70, 0x68, 0x60, 0xff, 0x70, 0x68, 0x68, 0xff, 0x70, 0x68, 0x60, 0xff,
    0x70, 0x6c, 0x68, 0xff, 0x70, 0x68, 0x60, 0xff, 0x70, 0x68, 0x60, 0xff,
    0x70, 0x6c, 0x68, 0xff, 0x70, 0x68, 0x60, 0xff, 0x70, 0x68, 0x60, 0xff,
    0x70, 0x6c, 0x68, 0xff, 0x70, 0x68, 0x60, 0xff, 0x70, 0x68, 0x60, 0xff,
    0x70, 0x6c, 0x68, 0xff, 0x70, 0x68, 0x60, 0xff, 0x70, 0x68, 0x60, 0xff,
    0x70, 0x68, 0x68, 0xff, 0x70, 0x6c, 0x60, 0xff, 0x70, 0x68, 0x60, 0xff,
    0x70, 0x68, 0x68, 0xff, 0x70, 0x6c, 0x60, 0xff, 0x70, 0x68, 0x60, 0xff,
    0x70, 0x68, 0x68, 0xff, 0x70, 0x68, 0x60, 0xff, 0x70, 0x6c, 0x60, 0xff,
    0x70, 0x68, 0x68, 0xff, 0x70, 0x68, 0x60, 0xff, 0x70, 0x6c, 0x60, 0xff,
    0x70, 0x68, 0x68, 0xff, 0x70, 0x68, 0x60, 0xff, 0x70, 0x6c, 0x60, 0xff,
    0x70, 0x68, 0x68, 0xff, 0x70, 0x68, 0x60, 0xff, 0x70, 0x6c, 0x60, 0xff,
    0x70, 0x68, 0x68, 0xff, 0x70, 0x68, 0x60, 0xff, 0x70, 0x6c, 0x68, 0xff,
    0x70, 0x68, 0x60, 0xff, 0x70, 0x68, 0x68, 0xff, 0x70, 0x68, 0x60, 0xff,
    0x70, 0x68, 0x68, 0xff, 0x70, 0x6c, 0x60, 0xff, 0x70, 0x68, 0x60, 0xff,
    0x70, 0x68, 0x60, 0xff, 0x70, 0x68, 0x60, 0xff, 0x70, 0x6c, 0x68, 0xff,
    0x70, 0x68, 0x60, 0xff, 0x70, 0x68, 0x60, 0xff, 0x70, 0x6c, 0x68, 0xff,
    0x70, 0x68, 0x60, 0xff, 0x70, 0x68, 0x60, 0xff, 0x70, 0x68, 0x68, 0xff,
    0x70, 0x6c, 0x60, 0xff, 0x70, 0x68, 0x60, 0xff, 0x70, 0x68, 0x68, 0xff,
    0x70, 0x6c, 0x60, 0xff, 0x70, 0x68, 0x68, 0xff, 0x70, 0x68, 0x60, 0xff,
    0x70, 0x68, 0x68, 0xff, 0x70, 0x68, 0x60, 0xff, 0x70, 0x68, 0x60, 0xff,
    0x70, 0x68, 0x68, 0xff, 0x70, 0x68, 0x60, 0xff, 0x70, 0x68, 0x60, 0xff,
    0x70, 0x6c, 0x68, 0xff, 0x70, 0x6c, 0x60, 0xff, 0x70, 0x68, 0x60, 0xff,
    0x70, 0x68, 0x68, 0xff, 0x70, 0x68, 0x60, 0xff, 0x70, 0x68, 0x60, 0xff,
    0x70, 0x68, 0x68, 0xff, 0x70, 0x6c, 0x60, 0xff, 0x70, 0x68, 0x60, 0xff,
    0x70, 0x6c, 0x68, 0xff, 0x70, 0x6c, 0x60, 0xff, 0x70, 0x68, 0x68, 0xff,
    0x70, 0x68, 0x60, 0xff, 0x70, 0x6c, 0x60, 0xff, 0x70, 0x68, 0x68, 0xff,
    0x70, 0x68, 0x68, 0xff, 0x70, 0x68, 0x60, 0xff, 0x70, 0x68, 0x68, 0xff,
    0x70, 0x6c, 0x60, 0xff, 0x70, 0x68, 0x60, 0xff, 0x70, 0x68, 0x68, 0xff,
    0x70, 0x68, 0x60, 0xff, 0x70, 0x6c, 0x60, 0xff, 0x70, 0x68, 0x68, 0xff,
    0x70, 0x68, 0x60, 0xff, 0x70, 0x68, 0x60, 0xff, 0x70, 0x68, 0x68, 0xff,
    0x70, 0x68, 0x60, 0xff, 0x70, 0x6c, 0x60, 0xff, 0x70, 0x68, 0x68, 0xff,
    0x70, 0x68, 0x60, 0xff, 0x70, 0x6c, 0x60, 0xff, 0x70, 0x68, 0x68, 0xff,
    0x70, 0x6c, 0x60, 0xff, 0x70, 0x68, 0x60, 0xff, 0x70, 0x6c, 0x68, 0xff,
    0x70, 0x6c, 0x68, 0xff, 0x70, 0x68, 0x60, 0xff, 0x70, 0x68, 0x68, 0xff,
    0x70, 0x6c, 0x60, 0xff, 0x70, 0x68, 0x60, 0xff, 0x70, 0x68, 0x68, 0xff,
    0x70, 0x6c, 0x60, 0xff, 0x70, 0x68, 0x60, 0xff, 0x70, 0x6c, 0x68, 0xff,
    0x70, 0x6c, 0x60, 0xff, 0x70, 0x68, 0x60, 0xff, 0x70, 0x68, 0x60, 0xff,
    0x70, 0x68, 0x68, 0xff, 0x70, 0x68, 0x60, 0xff, 0x70, 0x6c, 0x68, 0xff,
    0x70, 0x68, 0x60, 0xff, 0x70, 0x68, 0x68, 0xff, 0x70, 0x6c, 0x60, 0xff,
    0x70, 0x68, 0x60, 0xff, 0x70, 0x68, 0x68, 0xff, 0x70, 0x6c, 0x60, 0xff,
    0x70, 0x68, 0x60, 0xff, 0x70, 0x68, 0x68, 0xff, 0x70, 0x6c, 0x60, 0xff,
    0x70, 0x68, 0x60, 0xff, 0x70, 0x6c, 0x60, 0xdf, 0x70, 0x68, 0x60, 0x20,
    0x00, 0x00, 0x00, 0x00, 0x00, 0x00, 0x00, 0x00, 0x00, 0x00, 0x00, 0x00,
    0x00, 0x00, 0x00, 0x00, 0x70, 0x68, 0x60, 0x61, 0x70, 0x68, 0x60, 0xcf,
    0x70, 0x6c, 0x68, 0xff, 0x70, 0x68, 0x60, 0xff, 0x70, 0x68, 0x60, 0xff,
    0x70, 0x68, 0x60, 0xff, 0x70, 0x68, 0x68, 0xff, 0x70, 0x68, 0x60, 0xff,
    0x70, 0x68, 0x60, 0xff, 0x70, 0x68, 0x68, 0xff, 0x70, 0x68, 0x60, 0xff,
    0x70, 0x6c, 0x68, 0xff, 0x70, 0x68, 0x60, 0xff, 0x70, 0x68, 0x60, 0xff,
    0x70, 0x6c, 0x68, 0xff, 0x70, 0x68, 0x60, 0xff, 0x70, 0x68, 0x60, 0xff,
    0x70, 0x6c, 0x68, 0xff, 0x70, 0x68, 0x60, 0xff, 0x70, 0x6c, 0x60, 0xff,
    0x70, 0x68, 0x68, 0xff, 0x70, 0x68, 0x60, 0xff, 0x70, 0x68, 0x60, 0xff,
    0x70, 0x6c, 0x68, 0xff, 0x70, 0x68, 0x60, 0xff, 0x70, 0x68, 0x60, 0xff,
    0x70, 0x68, 0x68, 0xff, 0x70, 0x68, 0x60, 0xff, 0x70, 0x68, 0x68, 0xff,
    0x70, 0x68, 0x60, 0xff, 0x70, 0x68, 0x68, 0xff, 0x70, 0x68, 0x60, 0xff,
    0x70, 0x6c, 0x60, 0xff, 0x70, 0x68, 0x68, 0xff, 0x70, 0x68, 0x60, 0xff,
    0x70, 0x68, 0x60, 0xff, 0x70, 0x68, 0x68, 0xff, 0x70, 0x6c, 0x60, 0xff,
    0x70, 0x68, 0x68, 0xff, 0x70, 0x68, 0x60, 0xff, 0x70, 0x68, 0x60, 0xff,
    0x70, 0x68, 0x68, 0xff, 0x70, 0x68, 0x60, 0xff, 0x70, 0x68, 0x60, 0xff,
    0x70, 0x6c, 0x68, 0xff, 0x70, 0x68, 0x60, 0xff, 0x70, 0x68, 0x60, 0xff,
    0x70, 0x68, 0x68, 0xff, 0x70, 0x6c, 0x60, 0xff, 0x70, 0x68, 0x60, 0xff,
    0x70, 0x68, 0x68, 0xff, 0x70, 0x68, 0x60, 0xff, 0x70, 0x68, 0x60, 0xff,
    0x70, 0x68, 0x68, 0xff, 0x70, 0x6c, 0x60, 0xff, 0x70, 0x68, 0x60, 0xff,
    0x70, 0x68, 0x68, 0xff, 0x70, 0x6c, 0x60, 0xff, 0x70, 0x68, 0x60, 0xff,
    0x70, 0x6c, 0x68, 0xff, 0x70, 0x68, 0x60, 0xff, 0x70, 0x68, 0x60, 0xff,
    0x70, 0x68, 0x68, 0xff, 0x70, 0x68, 0x60, 0xff, 0x70, 0x6c, 0x60, 0xff,
    0x70, 0x68, 0x68, 0xff, 0x70, 0x68, 0x60, 0xff, 0x70, 0x68, 0x68, 0xff,
    0x70, 0x6c, 0x60, 0xff, 0x70, 0x68, 0x68, 0xff, 0x70, 0x68, 0x60, 0xff,
    0x70, 0x6c, 0x68, 0xff, 0x70, 0x68, 0x60, 0xff, 0x70, 0x68, 0x68, 0xff,
    0x70, 0x68, 0x60, 0xff, 0x70, 0x68, 0x68, 0xff, 0x70, 0x68, 0x60, 0xff,
    0x70, 0x68, 0x68, 0xff, 0x70, 0x68, 0x60, 0xff, 0x70, 0x68, 0x60, 0xff,
    0x70, 0x68, 0x60, 0xff, 0x70, 0x6c, 0x68, 0xff, 0x70, 0x68, 0x60, 0xff,
    0x70, 0x68, 0x60, 0xff, 0x70, 0x68, 0x68, 0xff, 0x70, 0x68, 0x68, 0xff,
    0x70, 0x6c, 0x60, 0xff, 0x70, 0x68, 0x68, 0xff, 0x70, 0x68, 0x60, 0xff,
    0x70, 0x68, 0x60, 0xff, 0x70, 0x6c, 0x68, 0xff, 0x70, 0x68, 0x60, 0xff,
    0x70, 0x68, 0x60, 0xff, 0x70, 0x6c, 0x68, 0xff, 0x70, 0x68, 0x60, 0xff,
    0x70, 0x68, 0x68, 0xff, 0x70, 0x6c, 0x60, 0xff, 0x70, 0x68, 0x60, 0xff,
    0x70, 0x68, 0x68, 0xff, 0x70, 0x68, 0x60, 0xff, 0x70, 0x6c, 0x60, 0xff,
    0x70, 0x68, 0x68, 0xff, 0x70, 0x6c, 0x60, 0xff, 0x70, 0x68, 0x60, 0xff,
    0x70, 0x6c, 0x68, 0xff, 0x70, 0x6c, 0x60, 0xff, 0x70, 0x68, 0x60, 0xff,
    0x70, 0x68, 0x68, 0xff, 0x70, 0x68, 0x68, 0xff, 0x70, 0x68, 0x60, 0xff,
    0x70, 0x6c, 0x60, 0xff, 0x70, 0x68, 0x68, 0xff, 0x70, 0x6c, 0x60, 0xff,
    0x70, 0x68, 0x68, 0xff, 0x70, 0x68, 0x60, 0xff, 0x70, 0x68, 0x60, 0xff,
    0x70, 0x68, 0x68, 0xff, 0x70, 0x68, 0x60, 0xff, 0x70, 0x68, 0x60, 0xff,
    0x70, 0x68, 0x68, 0xff, 0x70, 0x68, 0x60, 0xff, 0x70, 0x68, 0x60, 0xff,
    0x70, 0x6c, 0x68, 0xff, 0x70, 0x68, 0x60, 0xff, 0x70, 0x68, 0x60, 0xff,
    0x70, 0x6c, 0x68, 0xff, 0x70, 0x68, 0x60, 0xff, 0x70, 0x68, 0x60, 0xff,
    0x70, 0x68, 0x68, 0xff, 0x70, 0x6c, 0x60, 0xff, 0x70, 0x68, 0x60, 0xff,
    0x70, 0x68, 0x68, 0xff, 0x70, 0x6c, 0x60, 0xff, 0x70, 0x68, 0x68, 0xff,
    0x70, 0x68, 0x60, 0xff, 0x70, 0x68, 0x68, 0xff, 0x70, 0x68, 0x60, 0xff,
    0x70, 0x6c, 0x68, 0xff, 0x70, 0x68, 0x60, 0xff, 0x70, 0x68, 0x60, 0xff,
    0x70, 0x6c, 0x68, 0xff, 0x70, 0x68, 0x60, 0xff, 0x70, 0x68, 0x60, 0xff,
    0x70, 0x68, 0x68, 0xff, 0x70, 0x68, 0x60, 0xff, 0x70, 0x68, 0x60, 0xff,
    0x70, 0x6c, 0x68, 0xff, 0x70, 0x68, 0x68, 0xff, 0x70, 0x68, 0x60, 0xff,
    0x70, 0x68, 0x68, 0xff, 0x70, 0x68, 0x60, 0xff, 0x70, 0x68, 0x60, 0xff,
    0x70, 0x68, 0x68, 0xff, 0x70, 0x68, 0x68, 0xff, 0x70, 0x6c, 0x60, 0xff,
    0x70, 0x68, 0x60, 0xff, 0x70, 0x68, 0x60, 0xff, 0x70, 0x6c, 0x68, 0xff,
    0x70, 0x68, 0x60, 0xff, 0x70, 0x68, 0x60, 0xff, 0x70, 0x68, 0x68, 0xff,
    0x70, 0x6c, 0x60, 0xff, 0x70, 0x68, 0x68, 0xff, 0x70, 0x68, 0x60, 0xff,
    0x70, 0x6c, 0x60, 0xff, 0x70, 0x68, 0x68, 0xff, 0x70, 0x68, 0x60, 0xff,
    0x70, 0x68, 0x68, 0xbe, 0x70, 0x68, 0x60, 0x7d, 0x70, 0x70, 0x60, 0x10,
    0x00, 0x00, 0x00, 0x00, 0x00, 0x00, 0x00, 0x00
};
