// 4.25.0 0x76abf9e5 D2 AY R0 FARGB8888 U565 N0 SExtFlashSection
// Generated by imageconverter. Please, do not edit!

#include <touchgfx/hal/Config.hpp>

LOCATION_PRAGMA("ExtFlashSection")
KEEP extern const unsigned char image_dark_theme_images_widgets_button_regular_height_60_small_round_pressed[] LOCATION_ATTRIBUTE("ExtFlashSection") = { // 228x60 ARGB8888 pixels.
    0x00, 0x00, 0x00, 0x00, 0x00, 0x00, 0x00, 0x00, 0x00, 0x00, 0x00, 0x00,
    0x00, 0x00, 0x00, 0x00, 0x00, 0x00, 0x00, 0x00, 0x00, 0x00, 0x00, 0x00,
    0x00, 0x00, 0x00, 0x00, 0x00, 0x00, 0x00, 0x00, 0x00, 0x00, 0x00, 0x00,
    0x00, 0x00, 0x00, 0x00, 0x00, 0x00, 0x00, 0x00, 0x00, 0x00, 0x00, 0x00,
    0x00, 0x00, 0x00, 0x00, 0x00, 0x00, 0x00, 0x00, 0x00, 0x00, 0x00, 0x00,
    0x00, 0x00, 0x00, 0x00, 0x00, 0x00, 0x00, 0x00, 0x00, 0x00, 0x00, 0x00,
    0x00, 0x00, 0x00, 0x00, 0x00, 0x00, 0x00, 0x00, 0x00, 0x00, 0x00, 0x00,
    0x00, 0x00, 0x00, 0x00, 0x50, 0x50, 0x40, 0x10, 0x50, 0x48, 0x48, 0x51,
    0x50, 0x4c, 0x48, 0x6d, 0x50, 0x4c, 0x48, 0x9e, 0x50, 0x48, 0x48, 0xcf,
    0x50, 0x48, 0x48, 0xdf, 0x50, 0x4c, 0x48, 0xff, 0x50, 0x4c, 0x48, 0xff,
    0x50, 0x4c, 0x48, 0xff, 0x50, 0x4c, 0x48, 0xff, 0x50, 0x4c, 0x48, 0xff,
    0x50, 0x4c, 0x48, 0xff, 0x50, 0x4c, 0x48, 0xff, 0x50, 0x4c, 0x48, 0xff,
    0x50, 0x4c, 0x48, 0xff, 0x50, 0x4c, 0x48, 0xff, 0x50, 0x4c, 0x48, 0xff,
    0x50, 0x4c, 0x48, 0xff, 0x50, 0x4c, 0x48, 0xff, 0x50, 0x4c, 0x48, 0xff,
    0x50, 0x4c, 0x48, 0xff, 0x50, 0x4c, 0x48, 0xff, 0x50, 0x4c, 0x48, 0xff,
    0x50, 0x4c, 0x48, 0xff, 0x50, 0x4c, 0x48, 0xff, 0x50, 0x4c, 0x48, 0xff,
    0x50, 0x4c, 0x48, 0xff, 0x50, 0x4c, 0x48, 0xff, 0x50, 0x4c, 0x48, 0xff,
    0x50, 0x4c, 0x48, 0xff, 0x50, 0x4c, 0x48, 0xff, 0x50, 0x4c, 0x48, 0xff,
    0x50, 0x4c, 0x48, 0xff, 0x50, 0x4c, 0x48, 0xff, 0x50, 0x4c, 0x48, 0xff,
    0x50, 0x4c, 0x48, 0xff, 0x50, 0x4c, 0x48, 0xff, 0x50, 0x4c, 0x48, 0xff,
    0x50, 0x4c, 0x48, 0xff, 0x50, 0x4c, 0x48, 0xff, 0x50, 0x4c, 0x48, 0xff,
    0x50, 0x4c, 0x48, 0xff, 0x50, 0x4c, 0x48, 0xff, 0x50, 0x4c, 0x48, 0xff,
    0x50, 0x4c, 0x48, 0xff, 0x50, 0x4c, 0x48, 0xff, 0x50, 0x4c, 0x48, 0xff,
    0x50, 0x4c, 0x48, 0xff, 0x50, 0x4c, 0x48, 0xff, 0x50, 0x4c, 0x48, 0xff,
    0x50, 0x4c, 0x48, 0xff, 0x50, 0x4c, 0x48, 0xff, 0x50, 0x4c, 0x48, 0xff,
    0x50, 0x4c, 0x48, 0xff, 0x50, 0x4c, 0x48, 0xff, 0x50, 0x4c, 0x48, 0xff,
    0x50, 0x4c, 0x48, 0xff, 0x50, 0x4c, 0x48, 0xff, 0x50, 0x4c, 0x48, 0xff,
    0x50, 0x4c, 0x48, 0xff, 0x50, 0x4c, 0x48, 0xff, 0x50, 0x4c, 0x48, 0xff,
    0x50, 0x4c, 0x48, 0xff, 0x50, 0x4c, 0x48, 0xff, 0x50, 0x4c, 0x48, 0xff,
    0x50, 0x4c, 0x48, 0xff, 0x50, 0x4c, 0x48, 0xff, 0x50, 0x4c, 0x48, 0xff,
    0x50, 0x4c, 0x48, 0xff, 0x50, 0x4c, 0x48, 0xff, 0x50, 0x4c, 0x48, 0xff,
    0x50, 0x4c, 0x48, 0xff, 0x50, 0x4c, 0x48, 0xff, 0x50, 0x4c, 0x48, 0xff,
    0x50, 0x4c, 0x48, 0xff, 0x50, 0x4c, 0x48, 0xff, 0x50, 0x4c, 0x48, 0xff,
    0x50, 0x4c, 0x48, 0xff, 0x50, 0x4c, 0x48, 0xff, 0x50, 0x4c, 0x48, 0xff,
    0x50, 0x4c, 0x48, 0xff, 0x50, 0x4c, 0x48, 0xff, 0x50, 0x4c, 0x48, 0xff,
    0x50, 0x4c, 0x48, 0xff, 0x50, 0x4c, 0x48, 0xff, 0x50, 0x4c, 0x48, 0xff,
    0x50, 0x4c, 0x48, 0xff, 0x50, 0x4c, 0x48, 0xff, 0x50, 0x4c, 0x48, 0xff,
    0x50, 0x4c, 0x48, 0xff, 0x50, 0x4c, 0x48, 0xff, 0x50, 0x4c, 0x48, 0xff,
    0x50, 0x4c, 0x48, 0xff, 0x50, 0x4c, 0x48, 0xff, 0x50, 0x4c, 0x48, 0xff,
    0x50, 0x4c, 0x48, 0xff, 0x50, 0x4c, 0x48, 0xff, 0x50, 0x4c, 0x48, 0xff,
    0x50, 0x4c, 0x48, 0xff, 0x50, 0x4c, 0x48, 0xff, 0x50, 0x4c, 0x48, 0xff,
    0x50, 0x4c, 0x48, 0xff, 0x50, 0x4c, 0x48, 0xff, 0x50, 0x4c, 0x48, 0xff,
    0x50, 0x4c, 0x48, 0xff, 0x50, 0x4c, 0x48, 0xff, 0x50, 0x4c, 0x48, 0xff,
    0x50, 0x4c, 0x48, 0xff, 0x50, 0x4c, 0x48, 0xff, 0x50, 0x4c, 0x48, 0xff,
    0x50, 0x4c, 0x48, 0xff, 0x50, 0x4c, 0x48, 0xff, 0x50, 0x4c, 0x48, 0xff,
    0x50, 0x4c, 0x48, 0xff, 0x50, 0x4c, 0x48, 0xff, 0x50, 0x4c, 0x48, 0xff,
    0x50, 0x4c, 0x48, 0xff, 0x50, 0x4c, 0x48, 0xff, 0x50, 0x4c, 0x48, 0xff,
    0x50, 0x4c, 0x48, 0xff, 0x50, 0x4c, 0x48, 0xff, 0x50, 0x4c, 0x48, 0xff,
    0x50, 0x4c, 0x48, 0xff, 0x50, 0x4c, 0x48, 0xff, 0x50, 0x4c, 0x48, 0xff,
    0x50, 0x4c, 0x48, 0xff, 0x50, 0x4c, 0x48, 0xff, 0x50, 0x4c, 0x48, 0xff,
    0x50, 0x4c, 0x48, 0xff, 0x50, 0x4c, 0x48, 0xff, 0x50, 0x4c, 0x48, 0xff,
    0x50, 0x4c, 0x48, 0xff, 0x50, 0x4c, 0x48, 0xff, 0x50, 0x4c, 0x48, 0xff,
    0x50, 0x4c, 0x48, 0xff, 0x50, 0x4c, 0x48, 0xff, 0x50, 0x4c, 0x48, 0xff,
    0x50, 0x4c, 0x48, 0xff, 0x50, 0x4c, 0x48, 0xff, 0x50, 0x4c, 0x48, 0xff,
    0x50, 0x4c, 0x48, 0xff, 0x50, 0x4c, 0x48, 0xff, 0x50, 0x4c, 0x48, 0xff,
    0x50, 0x4c, 0x48, 0xff, 0x50, 0x4c, 0x48, 0xff, 0x50, 0x4c, 0x48, 0xff,
    0x50, 0x4c, 0x48, 0xff, 0x50, 0x4c, 0x48, 0xff, 0x50, 0x4c, 0x48, 0xff,
    0x50, 0x4c, 0x48, 0xff, 0x50, 0x4c, 0x48, 0xff, 0x50, 0x4c, 0x48, 0xff,
    0x50, 0x4c, 0x48, 0xff, 0x50, 0x4c, 0x48, 0xff, 0x50, 0x4c, 0x48, 0xff,
    0x50, 0x4c, 0x48, 0xff, 0x50, 0x4c, 0x48, 0xff, 0x50, 0x4c, 0x48, 0xff,
    0x50, 0x4c, 0x48, 0xff, 0x50, 0x4c, 0x48, 0xff, 0x50, 0x4c, 0x48, 0xff,
    0x50, 0x4c, 0x48, 0xff, 0x50, 0x4c, 0x48, 0xff, 0x50, 0x4c, 0x48, 0xff,
    0x50, 0x4c, 0x48, 0xff, 0x50, 0x4c, 0x48, 0xff, 0x50, 0x4c, 0x48, 0xff,
    0x50, 0x4c, 0x48, 0xff, 0x50, 0x4c, 0x48, 0xff, 0x50, 0x4c, 0x48, 0xff,
    0x50, 0x4c, 0x48, 0xff, 0x50, 0x4c, 0x48, 0xff, 0x50, 0x4c, 0x48, 0xff,
    0x50, 0x4c, 0x48, 0xff, 0x50, 0x4c, 0x48, 0xff, 0x50, 0x4c, 0x48, 0xff,
    0x50, 0x4c, 0x48, 0xff, 0x50, 0x4c, 0x48, 0xff, 0x50, 0x48, 0x48, 0xdf,
    0x50, 0x4c, 0x48, 0xbe, 0x50, 0x48, 0x48, 0xae, 0x50, 0x48, 0x48, 0x7d,
    0x50, 0x4c, 0x48, 0x41, 0x50, 0x50, 0x40, 0x10, 0x00, 0x00, 0x00, 0x00,
    0x00, 0x00, 0x00, 0x00, 0x00, 0x00, 0x00, 0x00, 0x00, 0x00, 0x00, 0x00,
    0x00, 0x00, 0x00, 0x00, 0x00, 0x00, 0x00, 0x00, 0x00, 0x00, 0x00, 0x00,
    0x00, 0x00, 0x00, 0x00, 0x00, 0x00, 0x00, 0x00, 0x00, 0x00, 0x00, 0x00,
    0x00, 0x00, 0x00, 0x00, 0x00, 0x00, 0x00, 0x00, 0x00, 0x00, 0x00, 0x00,
    0x00, 0x00, 0x00, 0x00, 0x00, 0x00, 0x00, 0x00, 0x00, 0x00, 0x00, 0x00,
    0x00, 0x00, 0x00, 0x00, 0x00, 0x00, 0x00, 0x00, 0x00, 0x00, 0x00, 0x00,
    0x00, 0x00, 0x00, 0x00, 0x00, 0x00, 0x00, 0x00, 0x00, 0x00, 0x00, 0x00,
    0x00, 0x00, 0x00, 0x00, 0x00, 0x00, 0x00, 0x00, 0x00, 0x00, 0x00, 0x00,
    0x00, 0x00, 0x00, 0x00, 0x00, 0x00, 0x00, 0x00, 0x00, 0x00, 0x00, 0x00,
    0x00, 0x00, 0x00, 0x00, 0x00, 0x00, 0x00, 0x00, 0x00, 0x00, 0x00, 0x00,
    0x00, 0x00, 0x00, 0x00, 0x00, 0x00, 0x00, 0x00, 0x00, 0x00, 0x00, 0x00,
    0x00, 0x00, 0x00, 0x00, 0x00, 0x00, 0x00, 0x00, 0x00, 0x00, 0x00, 0x00,
    0x00, 0x00, 0x00, 0x00, 0x00, 0x00, 0x00, 0x00, 0x00, 0x00, 0x00, 0x00,
    0x00, 0x00, 0x00, 0x00, 0x50, 0x50, 0x40, 0x10, 0x50, 0x4c, 0x48, 0x82,
    0x50, 0x4c, 0x48, 0xbe, 0x50, 0x4c, 0x48, 0xff, 0x50, 0x4c, 0x48, 0xff,
    0x50, 0x4c, 0x48, 0xff, 0x50, 0x4c, 0x48, 0xff, 0x50, 0x4c, 0x48, 0xff,
    0x50, 0x4c, 0x48, 0xff, 0x50, 0x4c, 0x48, 0xff, 0x50, 0x4c, 0x48, 0xff,
    0x50, 0x48, 0x48, 0xff, 0x50, 0x4c, 0x48, 0xff, 0x50, 0x48, 0x48, 0xff,
    0x50, 0x4c, 0x48, 0xff, 0x50, 0x48, 0x48, 0xff, 0x50, 0x4c, 0x48, 0xff,
    0x50, 0x48, 0x48, 0xff, 0x50, 0x4c, 0x48, 0xff, 0x50, 0x48, 0x48, 0xff,
    0x50, 0x4c, 0x48, 0xff, 0x50, 0x48, 0x48, 0xff, 0x50, 0x4c, 0x48, 0xff,
    0x50, 0x48, 0x48, 0xff, 0x50, 0x4c, 0x48, 0xff, 0x50, 0x48, 0x48, 0xff,
    0x50, 0x4c, 0x48, 0xff, 0x50, 0x48, 0x48, 0xff, 0x50, 0x4c, 0x48, 0xff,
    0x50, 0x48, 0x48, 0xff, 0x50, 0x4c, 0x48, 0xff, 0x50, 0x48, 0x48, 0xff,
    0x50, 0x4c, 0x48, 0xff, 0x50, 0x48, 0x48, 0xff, 0x50, 0x4c, 0x48, 0xff,
    0x50, 0x48, 0x48, 0xff, 0x50, 0x4c, 0x48, 0xff, 0x50, 0x48, 0x48, 0xff,
    0x50, 0x4c, 0x48, 0xff, 0x50, 0x48, 0x48, 0xff, 0x50, 0x4c, 0x48, 0xff,
    0x50, 0x48, 0x48, 0xff, 0x50, 0x4c, 0x48, 0xff, 0x50, 0x48, 0x48, 0xff,
    0x50, 0x4c, 0x48, 0xff, 0x50, 0x48, 0x48, 0xff, 0x50, 0x4c, 0x48, 0xff,
    0x50, 0x48, 0x48, 0xff, 0x50, 0x4c, 0x48, 0xff, 0x50, 0x48, 0x48, 0xff,
    0x50, 0x4c, 0x48, 0xff, 0x50, 0x48, 0x48, 0xff, 0x50, 0x4c, 0x48, 0xff,
    0x50, 0x48, 0x48, 0xff, 0x50, 0x4c, 0x48, 0xff, 0x50, 0x48, 0x48, 0xff,
    0x50, 0x4c, 0x48, 0xff, 0x50, 0x48, 0x48, 0xff, 0x50, 0x4c, 0x48, 0xff,
    0x50, 0x48, 0x48, 0xff, 0x50, 0x4c, 0x48, 0xff, 0x50, 0x48, 0x48, 0xff,
    0x50, 0x4c, 0x48, 0xff, 0x50, 0x48, 0x48, 0xff, 0x50, 0x4c, 0x48, 0xff,
    0x50, 0x48, 0x48, 0xff, 0x50, 0x4c, 0x48, 0xff, 0x50, 0x48, 0x48, 0xff,
    0x50, 0x4c, 0x48, 0xff, 0x50, 0x48, 0x48, 0xff, 0x50, 0x4c, 0x48, 0xff,
    0x50, 0x48, 0x48, 0xff, 0x50, 0x4c, 0x48, 0xff, 0x50, 0x48, 0x48, 0xff,
    0x50, 0x4c, 0x48, 0xff, 0x50, 0x48, 0x48, 0xff, 0x50, 0x4c, 0x48, 0xff,
    0x50, 0x48, 0x48, 0xff, 0x50, 0x4c, 0x48, 0xff, 0x50, 0x48, 0x48, 0xff,
    0x50, 0x4c, 0x48, 0xff, 0x50, 0x48, 0x48, 0xff, 0x50, 0x4c, 0x48, 0xff,
    0x50, 0x48, 0x48, 0xff, 0x50, 0x4c, 0x48, 0xff, 0x50, 0x48, 0x48, 0xff,
    0x50, 0x4c, 0x48, 0xff, 0x50, 0x48, 0x48, 0xff, 0x50, 0x4c, 0x48, 0xff,
    0x50, 0x48, 0x48, 0xff, 0x50, 0x4c, 0x48, 0xff, 0x50, 0x48, 0x48, 0xff,
    0x50, 0x4c, 0x48, 0xff, 0x50, 0x48, 0x48, 0xff, 0x50, 0x4c, 0x48, 0xff,
    0x50, 0x48, 0x48, 0xff, 0x50, 0x4c, 0x48, 0xff, 0x50, 0x48, 0x48, 0xff,
    0x50, 0x4c, 0x48, 0xff, 0x50, 0x48, 0x48, 0xff, 0x50, 0x4c, 0x48, 0xff,
    0x50, 0x48, 0x48, 0xff, 0x50, 0x4c, 0x48, 0xff, 0x50, 0x48, 0x48, 0xff,
    0x50, 0x4c, 0x48, 0xff, 0x50, 0x48, 0x48, 0xff, 0x50, 0x4c, 0x48, 0xff,
    0x50, 0x48, 0x48, 0xff, 0x50, 0x4c, 0x48, 0xff, 0x50, 0x48, 0x48, 0xff,
    0x50, 0x4c, 0x48, 0xff, 0x50, 0x48, 0x48, 0xff, 0x50, 0x4c, 0x48, 0xff,
    0x50, 0x48, 0x48, 0xff, 0x50, 0x4c, 0x48, 0xff, 0x50, 0x48, 0x48, 0xff,
    0x50, 0x4c, 0x48, 0xff, 0x50, 0x48, 0x48, 0xff, 0x50, 0x4c, 0x48, 0xff,
    0x50, 0x48, 0x48, 0xff, 0x50, 0x4c, 0x48, 0xff, 0x50, 0x48, 0x48, 0xff,
    0x50, 0x4c, 0x48, 0xff, 0x50, 0x48, 0x48, 0xff, 0x50, 0x4c, 0x48, 0xff,
    0x50, 0x48, 0x48, 0xff, 0x50, 0x4c, 0x48, 0xff, 0x50, 0x48, 0x48, 0xff,
    0x50, 0x4c, 0x48, 0xff, 0x50, 0x48, 0x48, 0xff, 0x50, 0x4c, 0x48, 0xff,
    0x50, 0x48, 0x48, 0xff, 0x50, 0x4c, 0x48, 0xff, 0x50, 0x48, 0x48, 0xff,
    0x50, 0x4c, 0x48, 0xff, 0x50, 0x48, 0x48, 0xff, 0x50, 0x4c, 0x48, 0xff,
    0x50, 0x48, 0x48, 0xff, 0x50, 0x4c, 0x48, 0xff, 0x50, 0x48, 0x48, 0xff,
    0x50, 0x4c, 0x48, 0xff, 0x50, 0x48, 0x48, 0xff, 0x50, 0x4c, 0x48, 0xff,
    0x50, 0x48, 0x48, 0xff, 0x50, 0x4c, 0x48, 0xff, 0x50, 0x48, 0x48, 0xff,
    0x50, 0x4c, 0x48, 0xff, 0x50, 0x48, 0x48, 0xff, 0x50, 0x4c, 0x48, 0xff,
    0x50, 0x48, 0x48, 0xff, 0x50, 0x4c, 0x48, 0xff, 0x50, 0x48, 0x48, 0xff,
    0x50, 0x4c, 0x48, 0xff, 0x50, 0x48, 0x48, 0xff, 0x50, 0x4c, 0x48, 0xff,
    0x50, 0x48, 0x48, 0xff, 0x50, 0x4c, 0x48, 0xff, 0x50, 0x48, 0x48, 0xff,
    0x50, 0x4c, 0x48, 0xff, 0x50, 0x48, 0x48, 0xff, 0x50, 0x4c, 0x48, 0xff,
    0x50, 0x48, 0x48, 0xff, 0x50, 0x4c, 0x48, 0xff, 0x50, 0x48, 0x48, 0xff,
    0x50, 0x4c, 0x48, 0xff, 0x50, 0x48, 0x48, 0xff, 0x50, 0x4c, 0x48, 0xff,
    0x50, 0x48, 0x48, 0xff, 0x50, 0x4c, 0x48, 0xff, 0x50, 0x48, 0x48, 0xff,
    0x50, 0x4c, 0x48, 0xff, 0x50, 0x48, 0x48, 0xff, 0x50, 0x4c, 0x48, 0xff,
    0x50, 0x48, 0x48, 0xff, 0x50, 0x4c, 0x48, 0xff, 0x50, 0x48, 0x48, 0xff,
    0x50, 0x4c, 0x48, 0xff, 0x50, 0x48, 0x48, 0xff, 0x50, 0x4c, 0x48, 0xff,
    0x50, 0x4c, 0x48, 0xff, 0x50, 0x48, 0x48, 0xff, 0x50, 0x4c, 0x48, 0xff,
    0x50, 0x4c, 0x48, 0xff, 0x50, 0x4c, 0x48, 0xff, 0x50, 0x4c, 0x48, 0xff,
    0x50, 0x4c, 0x48, 0xff, 0x50, 0x4c, 0x48, 0xff, 0x50, 0x4c, 0x48, 0xbe,
    0x50, 0x4c, 0x48, 0x6d, 0x50, 0x50, 0x48, 0x20, 0x00, 0x00, 0x00, 0x00,
    0x00, 0x00, 0x00, 0x00, 0x00, 0x00, 0x00, 0x00, 0x00, 0x00, 0x00, 0x00,
    0x00, 0x00, 0x00, 0x00, 0x00, 0x00, 0x00, 0x00, 0x00, 0x00, 0x00, 0x00,
    0x00, 0x00, 0x00, 0x00, 0x00, 0x00, 0x00, 0x00, 0x00, 0x00, 0x00, 0x00,
    0x00, 0x00, 0x00, 0x00, 0x00, 0x00, 0x00, 0x00, 0x00, 0x00, 0x00, 0x00,
    0x00, 0x00, 0x00, 0x00, 0x00, 0x00, 0x00, 0x00, 0x00, 0x00, 0x00, 0x00,
    0x00, 0x00, 0x00, 0x00, 0x00, 0x00, 0x00, 0x00, 0x00, 0x00, 0x00, 0x00,
    0x00, 0x00, 0x00, 0x00, 0x00, 0x00, 0x00, 0x00, 0x00, 0x00, 0x00, 0x00,
    0x00, 0x00, 0x00, 0x00, 0x00, 0x00, 0x00, 0x00, 0x00, 0x00, 0x00, 0x00,
    0x00, 0x00, 0x00, 0x00, 0x00, 0x00, 0x00, 0x00, 0x00, 0x00, 0x00, 0x00,
    0x00, 0x00, 0x00, 0x00, 0x00, 0x00, 0x00, 0x00, 0x00, 0x00, 0x00, 0x00,
    0x00, 0x00, 0x00, 0x00, 0x00, 0x00, 0x00, 0x00, 0x00, 0x00, 0x00, 0x00,
    0x00, 0x00, 0x00, 0x00, 0x00, 0x00, 0x00, 0x00, 0x50, 0x4c, 0x48, 0x41,
    0x50, 0x4c, 0x48, 0xbe, 0x50, 0x4c, 0x48, 0xff, 0x50, 0x4c, 0x48, 0xff,
    0x50, 0x48, 0x48, 0xff, 0x50, 0x4c, 0x48, 0xff, 0x50, 0x4c, 0x48, 0xff,
    0x50, 0x48, 0x48, 0xff, 0x50, 0x4c, 0x48, 0xff, 0x50, 0x4c, 0x48, 0xff,
    0x50, 0x4c, 0x48, 0xff, 0x50, 0x48, 0x48, 0xff, 0x50, 0x4c, 0x48, 0xff,
    0x50, 0x4c, 0x48, 0xff, 0x50, 0x48, 0x48, 0xff, 0x50, 0x4c, 0x48, 0xff,
    0x50, 0x4c, 0x48, 0xff, 0x50, 0x4c, 0x48, 0xff, 0x50, 0x48, 0x48, 0xff,
    0x50, 0x4c, 0x48, 0xff, 0x50, 0x4c, 0x48, 0xff, 0x50, 0x4c, 0x48, 0xff,
    0x50, 0x48, 0x48, 0xff, 0x50, 0x4c, 0x48, 0xff, 0x50, 0x4c, 0x48, 0xff,
    0x50, 0x4c, 0x48, 0xff, 0x50, 0x48, 0x48, 0xff, 0x50, 0x4c, 0x48, 0xff,
    0x50, 0x4c, 0x48, 0xff, 0x50, 0x4c, 0x48, 0xff, 0x50, 0x48, 0x48, 0xff,
    0x50, 0x4c, 0x48, 0xff, 0x50, 0x4c, 0x48, 0xff, 0x50, 0x4c, 0x48, 0xff,
    0x50, 0x48, 0x48, 0xff, 0x50, 0x4c, 0x48, 0xff, 0x50, 0x4c, 0x48, 0xff,
    0x50, 0x4c, 0x48, 0xff, 0x50, 0x48, 0x48, 0xff, 0x50, 0x4c, 0x48, 0xff,
    0x50, 0x4c, 0x48, 0xff, 0x50, 0x4c, 0x48, 0xff, 0x50, 0x48, 0x48, 0xff,
    0x50, 0x4c, 0x48, 0xff, 0x50, 0x4c, 0x48, 0xff, 0x50, 0x4c, 0x48, 0xff,
    0x50, 0x48, 0x48, 0xff, 0x50, 0x4c, 0x48, 0xff, 0x50, 0x4c, 0x48, 0xff,
    0x50, 0x4c, 0x48, 0xff, 0x50, 0x48, 0x48, 0xff, 0x50, 0x4c, 0x48, 0xff,
    0x50, 0x4c, 0x48, 0xff, 0x50, 0x4c, 0x48, 0xff, 0x50, 0x48, 0x48, 0xff,
    0x50, 0x4c, 0x48, 0xff, 0x50, 0x4c, 0x48, 0xff, 0x50, 0x4c, 0x48, 0xff,
    0x50, 0x48, 0x48, 0xff, 0x50, 0x4c, 0x48, 0xff, 0x50, 0x4c, 0x48, 0xff,
    0x50, 0x4c, 0x48, 0xff, 0x50, 0x48, 0x48, 0xff, 0x50, 0x4c, 0x48, 0xff,
    0x50, 0x4c, 0x48, 0xff, 0x50, 0x4c, 0x48, 0xff, 0x50, 0x48, 0x48, 0xff,
    0x50, 0x4c, 0x48, 0xff, 0x50, 0x4c, 0x48, 0xff, 0x50, 0x4c, 0x48, 0xff,
    0x50, 0x48, 0x48, 0xff, 0x50, 0x4c, 0x48, 0xff, 0x50, 0x4c, 0x48, 0xff,
    0x50, 0x4c, 0x48, 0xff, 0x50, 0x48, 0x48, 0xff, 0x50, 0x4c, 0x48, 0xff,
    0x50, 0x4c, 0x48, 0xff, 0x50, 0x4c, 0x48, 0xff, 0x50, 0x48, 0x48, 0xff,
    0x50, 0x4c, 0x48, 0xff, 0x50, 0x4c, 0x48, 0xff, 0x50, 0x4c, 0x48, 0xff,
    0x50, 0x48, 0x48, 0xff, 0x50, 0x4c, 0x48, 0xff, 0x50, 0x4c, 0x48, 0xff,
    0x50, 0x4c, 0x48, 0xff, 0x50, 0x48, 0x48, 0xff, 0x50, 0x4c, 0x48, 0xff,
    0x50, 0x4c, 0x48, 0xff, 0x50, 0x4c, 0x48, 0xff, 0x50, 0x48, 0x48, 0xff,
    0x50, 0x4c, 0x48, 0xff, 0x50, 0x4c, 0x48, 0xff, 0x50, 0x4c, 0x48, 0xff,
    0x50, 0x48, 0x48, 0xff, 0x50, 0x4c, 0x48, 0xff, 0x50, 0x4c, 0x48, 0xff,
    0x50, 0x4c, 0x48, 0xff, 0x50, 0x48, 0x48, 0xff, 0x50, 0x4c, 0x48, 0xff,
    0x50, 0x4c, 0x48, 0xff, 0x50, 0x4c, 0x48, 0xff, 0x50, 0x48, 0x48, 0xff,
    0x50, 0x4c, 0x48, 0xff, 0x50, 0x4c, 0x48, 0xff, 0x50, 0x4c, 0x48, 0xff,
    0x50, 0x48, 0x48, 0xff, 0x50, 0x4c, 0x48, 0xff, 0x50, 0x4c, 0x48, 0xff,
    0x50, 0x4c, 0x48, 0xff, 0x50, 0x48, 0x48, 0xff, 0x50, 0x4c, 0x48, 0xff,
    0x50, 0x4c, 0x48, 0xff, 0x50, 0x4c, 0x48, 0xff, 0x50, 0x48, 0x48, 0xff,
    0x50, 0x4c, 0x48, 0xff, 0x50, 0x4c, 0x48, 0xff, 0x50, 0x4c, 0x48, 0xff,
    0x50, 0x48, 0x48, 0xff, 0x50, 0x4c, 0x48, 0xff, 0x50, 0x4c, 0x48, 0xff,
    0x50, 0x4c, 0x48, 0xff, 0x50, 0x48, 0x48, 0xff, 0x50, 0x4c, 0x48, 0xff,
    0x50, 0x4c, 0x48, 0xff, 0x50, 0x4c, 0x48, 0xff, 0x50, 0x48, 0x48, 0xff,
    0x50, 0x4c, 0x48, 0xff, 0x50, 0x4c, 0x48, 0xff, 0x50, 0x4c, 0x48, 0xff,
    0x50, 0x48, 0x48, 0xff, 0x50, 0x4c, 0x48, 0xff, 0x50, 0x4c, 0x48, 0xff,
    0x50, 0x4c, 0x48, 0xff, 0x50, 0x48, 0x48, 0xff, 0x50, 0x4c, 0x48, 0xff,
    0x50, 0x4c, 0x48, 0xff, 0x50, 0x4c, 0x48, 0xff, 0x50, 0x48, 0x48, 0xff,
    0x50, 0x4c, 0x48, 0xff, 0x50, 0x4c, 0x48, 0xff, 0x50, 0x4c, 0x48, 0xff,
    0x50, 0x48, 0x48, 0xff, 0x50, 0x4c, 0x48, 0xff, 0x50, 0x4c, 0x48, 0xff,
    0x50, 0x4c, 0x48, 0xff, 0x50, 0x48, 0x48, 0xff, 0x50, 0x4c, 0x48, 0xff,
    0x50, 0x4c, 0x48, 0xff, 0x50, 0x4c, 0x48, 0xff, 0x50, 0x48, 0x48, 0xff,
    0x50, 0x4c, 0x48, 0xff, 0x50, 0x4c, 0x48, 0xff, 0x50, 0x4c, 0x48, 0xff,
    0x50, 0x48, 0x48, 0xff, 0x50, 0x4c, 0x48, 0xff, 0x50, 0x4c, 0x48, 0xff,
    0x50, 0x4c, 0x48, 0xff, 0x50, 0x48, 0x48, 0xff, 0x50, 0x4c, 0x48, 0xff,
    0x50, 0x4c, 0x48, 0xff, 0x50, 0x4c, 0x48, 0xff, 0x50, 0x48, 0x48, 0xff,
    0x50, 0x4c, 0x48, 0xff, 0x50, 0x4c, 0x48, 0xff, 0x50, 0x4c, 0x48, 0xff,
    0x50, 0x48, 0x48, 0xff, 0x50, 0x4c, 0x48, 0xff, 0x50, 0x4c, 0x48, 0xff,
    0x50, 0x4c, 0x48, 0xff, 0x50, 0x48, 0x48, 0xff, 0x50, 0x4c, 0x48, 0xff,
    0x50, 0x4c, 0x48, 0xff, 0x50, 0x4c, 0x48, 0xff, 0x50, 0x48, 0x48, 0xff,
    0x50, 0x4c, 0x48, 0xff, 0x50, 0x4c, 0x48, 0xff, 0x50, 0x4c, 0x48, 0xff,
    0x50, 0x48, 0x48, 0xff, 0x50, 0x4c, 0x48, 0xff, 0x50, 0x4c, 0x48, 0xff,
    0x50, 0x48, 0x48, 0xff, 0x50, 0x4c, 0x48, 0xff, 0x50, 0x4c, 0x48, 0xff,
    0x50, 0x4c, 0x48, 0xff, 0x50, 0x4c, 0x48, 0xff, 0x50, 0x4c, 0x48, 0xff,
    0x50, 0x4c, 0x48, 0xff, 0x50, 0x48, 0x48, 0xff, 0x50, 0x4c, 0x48, 0xff,
    0x50, 0x4c, 0x48, 0xff, 0x50, 0x4c, 0x48, 0xff, 0x50, 0x4c, 0x48, 0xbe,
    0x50, 0x4c, 0x48, 0x41, 0x00, 0x00, 0x00, 0x00, 0x00, 0x00, 0x00, 0x00,
    0x00, 0x00, 0x00, 0x00, 0x00, 0x00, 0x00, 0x00, 0x00, 0x00, 0x00, 0x00,
    0x00, 0x00, 0x00, 0x00, 0x00, 0x00, 0x00, 0x00, 0x00, 0x00, 0x00, 0x00,
    0x00, 0x00, 0x00, 0x00, 0x00, 0x00, 0x00, 0x00, 0x00, 0x00, 0x00, 0x00,
    0x00, 0x00, 0x00, 0x00, 0x00, 0x00, 0x00, 0x00, 0x00, 0x00, 0x00, 0x00,
    0x00, 0x00, 0x00, 0x00, 0x00, 0x00, 0x00, 0x00, 0x00, 0x00, 0x00, 0x00,
    0x00, 0x00, 0x00, 0x00, 0x00, 0x00, 0x00, 0x00, 0x00, 0x00, 0x00, 0x00,
    0x00, 0x00, 0x00, 0x00, 0x00, 0x00, 0x00, 0x00, 0x00, 0x00, 0x00, 0x00,
    0x00, 0x00, 0x00, 0x00, 0x00, 0x00, 0x00, 0x00, 0x00, 0x00, 0x00, 0x00,
    0x00, 0x00, 0x00, 0x00, 0x00, 0x00, 0x00, 0x00, 0x00, 0x00, 0x00, 0x00,
    0x00, 0x00, 0x00, 0x00, 0x00, 0x00, 0x00, 0x00, 0x00, 0x00, 0x00, 0x00,
    0x50, 0x4c, 0x48, 0x41, 0x50, 0x4c, 0x48, 0xbe, 0x50, 0x4c, 0x48, 0xff,
    0x50, 0x48, 0x48, 0xff, 0x50, 0x4c, 0x48, 0xff, 0x50, 0x4c, 0x48, 0xff,
    0x50, 0x48, 0x48, 0xff, 0x50, 0x4c, 0x48, 0xff, 0x50, 0x4c, 0x48, 0xff,
    0x50, 0x48, 0x40, 0xff, 0x50, 0x4c, 0x48, 0xff, 0x50, 0x4c, 0x48, 0xff,
    0x50, 0x48, 0x40, 0xff, 0x50, 0x4c, 0x48, 0xff, 0x50, 0x4c, 0x48, 0xff,
    0x50, 0x4c, 0x40, 0xff, 0x50, 0x4c, 0x48, 0xff, 0x50, 0x4c, 0x48, 0xff,
    0x50, 0x4c, 0x40, 0xff, 0x50, 0x4c, 0x48, 0xff, 0x50, 0x4c, 0x48, 0xff,
    0x50, 0x4c, 0x40, 0xff, 0x50, 0x4c, 0x48, 0xff, 0x50, 0x4c, 0x48, 0xff,
    0x50, 0x4c, 0x40, 0xff, 0x50, 0x4c, 0x48, 0xff, 0x50, 0x4c, 0x48, 0xff,
    0x50, 0x4c, 0x40, 0xff, 0x50, 0x4c, 0x48, 0xff, 0x50, 0x4c, 0x48, 0xff,
    0x50, 0x4c, 0x40, 0xff, 0x50, 0x4c, 0x48, 0xff, 0x50, 0x4c, 0x48, 0xff,
    0x50, 0x4c, 0x40, 0xff, 0x50, 0x4c, 0x48, 0xff, 0x50, 0x4c, 0x48, 0xff,
    0x50, 0x4c, 0x40, 0xff, 0x50, 0x4c, 0x48, 0xff, 0x50, 0x4c, 0x48, 0xff,
    0x50, 0x4c, 0x40, 0xff, 0x50, 0x4c, 0x48, 0xff, 0x50, 0x4c, 0x48, 0xff,
    0x50, 0x4c, 0x40, 0xff, 0x50, 0x4c, 0x48, 0xff, 0x50, 0x4c, 0x48, 0xff,
    0x50, 0x4c, 0x40, 0xff, 0x50, 0x4c, 0x48, 0xff, 0x50, 0x4c, 0x48, 0xff,
    0x50, 0x4c, 0x40, 0xff, 0x50, 0x4c, 0x48, 0xff, 0x50, 0x4c, 0x48, 0xff,
    0x50, 0x4c, 0x40, 0xff, 0x50, 0x4c, 0x48, 0xff, 0x50, 0x4c, 0x48, 0xff,
    0x50, 0x4c, 0x40, 0xff, 0x50, 0x4c, 0x48, 0xff, 0x50, 0x4c, 0x48, 0xff,
    0x50, 0x4c, 0x40, 0xff, 0x50, 0x4c, 0x48, 0xff, 0x50, 0x4c, 0x48, 0xff,
    0x50, 0x4c, 0x40, 0xff, 0x50, 0x4c, 0x48, 0xff, 0x50, 0x4c, 0x48, 0xff,
    0x50, 0x4c, 0x40, 0xff, 0x50, 0x4c, 0x48, 0xff, 0x50, 0x4c, 0x48, 0xff,
    0x50, 0x4c, 0x40, 0xff, 0x50, 0x4c, 0x48, 0xff, 0x50, 0x4c, 0x48, 0xff,
    0x50, 0x4c, 0x40, 0xff, 0x50, 0x4c, 0x48, 0xff, 0x50, 0x4c, 0x48, 0xff,
    0x50, 0x4c, 0x40, 0xff, 0x50, 0x4c, 0x48, 0xff, 0x50, 0x4c, 0x48, 0xff,
    0x50, 0x4c, 0x40, 0xff, 0x50, 0x4c, 0x48, 0xff, 0x50, 0x4c, 0x48, 0xff,
    0x50, 0x4c, 0x40, 0xff, 0x50, 0x4c, 0x48, 0xff, 0x50, 0x4c, 0x48, 0xff,
    0x50, 0x4c, 0x40, 0xff, 0x50, 0x4c, 0x48, 0xff, 0x50, 0x4c, 0x48, 0xff,
    0x50, 0x4c, 0x40, 0xff, 0x50, 0x4c, 0x48, 0xff, 0x50, 0x4c, 0x48, 0xff,
    0x50, 0x4c, 0x40, 0xff, 0x50, 0x4c, 0x48, 0xff, 0x50, 0x4c, 0x48, 0xff,
    0x50, 0x4c, 0x40, 0xff, 0x50, 0x4c, 0x48, 0xff, 0x50, 0x4c, 0x48, 0xff,
    0x50, 0x4c, 0x40, 0xff, 0x50, 0x4c, 0x48, 0xff, 0x50, 0x4c, 0x48, 0xff,
    0x50, 0x4c, 0x40, 0xff, 0x50, 0x4c, 0x48, 0xff, 0x50, 0x4c, 0x48, 0xff,
    0x50, 0x4c, 0x40, 0xff, 0x50, 0x4c, 0x48, 0xff, 0x50, 0x4c, 0x48, 0xff,
    0x50, 0x4c, 0x40, 0xff, 0x50, 0x4c, 0x48, 0xff, 0x50, 0x4c, 0x48, 0xff,
    0x50, 0x4c, 0x40, 0xff, 0x50, 0x4c, 0x48, 0xff, 0x50, 0x4c, 0x48, 0xff,
    0x50, 0x4c, 0x40, 0xff, 0x50, 0x4c, 0x48, 0xff, 0x50, 0x4c, 0x48, 0xff,
    0x50, 0x4c, 0x40, 0xff, 0x50, 0x4c, 0x48, 0xff, 0x50, 0x4c, 0x48, 0xff,
    0x50, 0x4c, 0x40, 0xff, 0x50, 0x4c, 0x48, 0xff, 0x50, 0x4c, 0x48, 0xff,
    0x50, 0x4c, 0x40, 0xff, 0x50, 0x4c, 0x48, 0xff, 0x50, 0x4c, 0x48, 0xff,
    0x50, 0x4c, 0x40, 0xff, 0x50, 0x4c, 0x48, 0xff, 0x50, 0x4c, 0x48, 0xff,
    0x50, 0x4c, 0x40, 0xff, 0x50, 0x4c, 0x48, 0xff, 0x50, 0x4c, 0x48, 0xff,
    0x50, 0x4c, 0x40, 0xff, 0x50, 0x4c, 0x48, 0xff, 0x50, 0x4c, 0x48, 0xff,
    0x50, 0x4c, 0x40, 0xff, 0x50, 0x4c, 0x48, 0xff, 0x50, 0x4c, 0x48, 0xff,
    0x50, 0x4c, 0x40, 0xff, 0x50, 0x4c, 0x48, 0xff, 0x50, 0x4c, 0x48, 0xff,
    0x50, 0x4c, 0x40, 0xff, 0x50, 0x4c, 0x48, 0xff, 0x50, 0x4c, 0x48, 0xff,
    0x50, 0x4c, 0x40, 0xff, 0x50, 0x4c, 0x48, 0xff, 0x50, 0x4c, 0x48, 0xff,
    0x50, 0x4c, 0x40, 0xff, 0x50, 0x4c, 0x48, 0xff, 0x50, 0x4c, 0x48, 0xff,
    0x50, 0x4c, 0x40, 0xff, 0x50, 0x4c, 0x48, 0xff, 0x50, 0x4c, 0x48, 0xff,
    0x50, 0x4c, 0x40, 0xff, 0x50, 0x4c, 0x48, 0xff, 0x50, 0x4c, 0x48, 0xff,
    0x50, 0x4c, 0x40, 0xff, 0x50, 0x4c, 0x48, 0xff, 0x50, 0x4c, 0x48, 0xff,
    0x50, 0x4c, 0x40, 0xff, 0x50, 0x4c, 0x48, 0xff, 0x50, 0x4c, 0x48, 0xff,
    0x50, 0x4c, 0x40, 0xff, 0x50, 0x4c, 0x48, 0xff, 0x50, 0x4c, 0x48, 0xff,
    0x50, 0x4c, 0x40, 0xff, 0x50, 0x4c, 0x48, 0xff, 0x50, 0x4c, 0x48, 0xff,
    0x50, 0x4c, 0x40, 0xff, 0x50, 0x4c, 0x48, 0xff, 0x50, 0x4c, 0x48, 0xff,
    0x50, 0x4c, 0x40, 0xff, 0x50, 0x4c, 0x48, 0xff, 0x50, 0x4c, 0x48, 0xff,
    0x50, 0x4c, 0x40, 0xff, 0x50, 0x4c, 0x48, 0xff, 0x50, 0x4c, 0x48, 0xff,
    0x50, 0x4c, 0x40, 0xff, 0x50, 0x4c, 0x48, 0xff, 0x50, 0x4c, 0x48, 0xff,
    0x50, 0x4c, 0x40, 0xff, 0x50, 0x4c, 0x48, 0xff, 0x50, 0x4c, 0x48, 0xff,
    0x50, 0x4c, 0x40, 0xff, 0x50, 0x4c, 0x48, 0xff, 0x50, 0x4c, 0x48, 0xff,
    0x50, 0x4c, 0x40, 0xff, 0x50, 0x4c, 0x48, 0xff, 0x50, 0x4c, 0x48, 0xff,
    0x50, 0x4c, 0x40, 0xff, 0x50, 0x4c, 0x48, 0xff, 0x50, 0x48, 0x48, 0xff,
    0x50, 0x4c, 0x40, 0xff, 0x50, 0x48, 0x48, 0xff, 0x50, 0x4c, 0x48, 0xff,
    0x50, 0x4c, 0x40, 0xff, 0x50, 0x48, 0x48, 0xff, 0x50, 0x4c, 0x48, 0xff,
    0x50, 0x4c, 0x48, 0xff, 0x50, 0x48, 0x48, 0xff, 0x50, 0x4c, 0x48, 0xff,
    0x50, 0x4c, 0x48, 0xff, 0x50, 0x4c, 0x48, 0xdf, 0x50, 0x48, 0x48, 0x4d,
    0x00, 0x00, 0x00, 0x00, 0x00, 0x00, 0x00, 0x00, 0x00, 0x00, 0x00, 0x00,
    0x00, 0x00, 0x00, 0x00, 0x00, 0x00, 0x00, 0x00, 0x00, 0x00, 0x00, 0x00,
    0x00, 0x00, 0x00, 0x00, 0x00, 0x00, 0x00, 0x00, 0x00, 0x00, 0x00, 0x00,
    0x00, 0x00, 0x00, 0x00, 0x00, 0x00, 0x00, 0x00, 0x00, 0x00, 0x00, 0x00,
    0x00, 0x00, 0x00, 0x00, 0x00, 0x00, 0x00, 0x00, 0x00, 0x00, 0x00, 0x00,
    0x00, 0x00, 0x00, 0x00, 0x00, 0x00, 0x00, 0x00, 0x00, 0x00, 0x00, 0x00,
    0x00, 0x00, 0x00, 0x00, 0x00, 0x00, 0x00, 0x00, 0x00, 0x00, 0x00, 0x00,
    0x00, 0x00, 0x00, 0x00, 0x00, 0x00, 0x00, 0x00, 0x00, 0x00, 0x00, 0x00,
    0x00, 0x00, 0x00, 0x00, 0x00, 0x00, 0x00, 0x00, 0x00, 0x00, 0x00, 0x00,
    0x00, 0x00, 0x00, 0x00, 0x50, 0x50, 0x48, 0x20, 0x50, 0x4c, 0x48, 0xbe,
    0x50, 0x4c, 0x48, 0xff, 0x50, 0x4c, 0x48, 0xff, 0x50, 0x48, 0x48, 0xff,
    0x50, 0x4c, 0x48, 0xff, 0x50, 0x4c, 0x48, 0xff, 0x50, 0x4c, 0x48, 0xff,
    0x50, 0x4c, 0x40, 0xff, 0x50, 0x4c, 0x48, 0xff, 0x50, 0x4c, 0x48, 0xff,
    0x50, 0x4c, 0x48, 0xff, 0x50, 0x4c, 0x48, 0xff, 0x50, 0x48, 0x48, 0xff,
    0x50, 0x4c, 0x48, 0xff, 0x50, 0x4c, 0x48, 0xff, 0x50, 0x48, 0x48, 0xff,
    0x50, 0x4c, 0x48, 0xff, 0x50, 0x4c, 0x48, 0xff, 0x50, 0x48, 0x48, 0xff,
    0x50, 0x48, 0x48, 0xff, 0x50, 0x4c, 0x48, 0xff, 0x50, 0x4c, 0x48, 0xff,
    0x50, 0x48, 0x48, 0xff, 0x50, 0x48, 0x48, 0xff, 0x50, 0x4c, 0x48, 0xff,
    0x50, 0x4c, 0x48, 0xff, 0x50, 0x48, 0x48, 0xff, 0x50, 0x48, 0x48, 0xff,
    0x50, 0x4c, 0x48, 0xff, 0x50, 0x4c, 0x48, 0xff, 0x50, 0x48, 0x48, 0xff,
    0x50, 0x48, 0x48, 0xff, 0x50, 0x4c, 0x48, 0xff, 0x50, 0x4c, 0x48, 0xff,
    0x50, 0x48, 0x48, 0xff, 0x50, 0x48, 0x48, 0xff, 0x50, 0x4c, 0x48, 0xff,
    0x50, 0x4c, 0x48, 0xff, 0x50, 0x48, 0x48, 0xff, 0x50, 0x48, 0x48, 0xff,
    0x50, 0x4c, 0x48, 0xff, 0x50, 0x4c, 0x48, 0xff, 0x50, 0x48, 0x48, 0xff,
    0x50, 0x48, 0x48, 0xff, 0x50, 0x4c, 0x48, 0xff, 0x50, 0x4c, 0x48, 0xff,
    0x50, 0x48, 0x48, 0xff, 0x50, 0x48, 0x48, 0xff, 0x50, 0x4c, 0x48, 0xff,
    0x50, 0x4c, 0x48, 0xff, 0x50, 0x48, 0x48, 0xff, 0x50, 0x48, 0x48, 0xff,
    0x50, 0x4c, 0x48, 0xff, 0x50, 0x4c, 0x48, 0xff, 0x50, 0x48, 0x48, 0xff,
    0x50, 0x48, 0x48, 0xff, 0x50, 0x4c, 0x48, 0xff, 0x50, 0x4c, 0x48, 0xff,
    0x50, 0x48, 0x48, 0xff, 0x50, 0x48, 0x48, 0xff, 0x50, 0x4c, 0x48, 0xff,
    0x50, 0x4c, 0x48, 0xff, 0x50, 0x48, 0x48, 0xff, 0x50, 0x48, 0x48, 0xff,
    0x50, 0x4c, 0x48, 0xff, 0x50, 0x4c, 0x48, 0xff, 0x50, 0x48, 0x48, 0xff,
    0x50, 0x48, 0x48, 0xff, 0x50, 0x4c, 0x48, 0xff, 0x50, 0x4c, 0x48, 0xff,
    0x50, 0x48, 0x48, 0xff, 0x50, 0x48, 0x48, 0xff, 0x50, 0x4c, 0x48, 0xff,
    0x50, 0x4c, 0x48, 0xff, 0x50, 0x48, 0x48, 0xff, 0x50, 0x48, 0x48, 0xff,
    0x50, 0x4c, 0x48, 0xff, 0x50, 0x4c, 0x48, 0xff, 0x50, 0x48, 0x48, 0xff,
    0x50, 0x48, 0x48, 0xff, 0x50, 0x4c, 0x48, 0xff, 0x50, 0x4c, 0x48, 0xff,
    0x50, 0x48, 0x48, 0xff, 0x50, 0x48, 0x48, 0xff, 0x50, 0x4c, 0x48, 0xff,
    0x50, 0x4c, 0x48, 0xff, 0x50, 0x48, 0x48, 0xff, 0x50, 0x48, 0x48, 0xff,
    0x50, 0x4c, 0x48, 0xff, 0x50, 0x4c, 0x48, 0xff, 0x50, 0x48, 0x48, 0xff,
    0x50, 0x48, 0x48, 0xff, 0x50, 0x4c, 0x48, 0xff, 0x50, 0x4c, 0x48, 0xff,
    0x50, 0x48, 0x48, 0xff, 0x50, 0x48, 0x48, 0xff, 0x50, 0x4c, 0x48, 0xff,
    0x50, 0x4c, 0x48, 0xff, 0x50, 0x48, 0x48, 0xff, 0x50, 0x48, 0x48, 0xff,
    0x50, 0x4c, 0x48, 0xff, 0x50, 0x4c, 0x48, 0xff, 0x50, 0x48, 0x48, 0xff,
    0x50, 0x48, 0x48, 0xff, 0x50, 0x4c, 0x48, 0xff, 0x50, 0x4c, 0x48, 0xff,
    0x50, 0x48, 0x48, 0xff, 0x50, 0x48, 0x48, 0xff, 0x50, 0x4c, 0x48, 0xff,
    0x50, 0x4c, 0x48, 0xff, 0x50, 0x48, 0x48, 0xff, 0x50, 0x48, 0x48, 0xff,
    0x50, 0x4c, 0x48, 0xff, 0x50, 0x4c, 0x48, 0xff, 0x50, 0x48, 0x48, 0xff,
    0x50, 0x48, 0x48, 0xff, 0x50, 0x4c, 0x48, 0xff, 0x50, 0x4c, 0x48, 0xff,
    0x50, 0x48, 0x48, 0xff, 0x50, 0x48, 0x48, 0xff, 0x50, 0x4c, 0x48, 0xff,
    0x50, 0x4c, 0x48, 0xff, 0x50, 0x48, 0x48, 0xff, 0x50, 0x48, 0x48, 0xff,
    0x50, 0x4c, 0x48, 0xff, 0x50, 0x4c, 0x48, 0xff, 0x50, 0x48, 0x48, 0xff,
    0x50, 0x48, 0x48, 0xff, 0x50, 0x4c, 0x48, 0xff, 0x50, 0x4c, 0x48, 0xff,
    0x50, 0x48, 0x48, 0xff, 0x50, 0x48, 0x48, 0xff, 0x50, 0x4c, 0x48, 0xff,
    0x50, 0x4c, 0x48, 0xff, 0x50, 0x48, 0x48, 0xff, 0x50, 0x48, 0x48, 0xff,
    0x50, 0x4c, 0x48, 0xff, 0x50, 0x4c, 0x48, 0xff, 0x50, 0x48, 0x48, 0xff,
    0x50, 0x48, 0x48, 0xff, 0x50, 0x4c, 0x48, 0xff, 0x50, 0x4c, 0x48, 0xff,
    0x50, 0x48, 0x48, 0xff, 0x50, 0x48, 0x48, 0xff, 0x50, 0x4c, 0x48, 0xff,
    0x50, 0x4c, 0x48, 0xff, 0x50, 0x48, 0x48, 0xff, 0x50, 0x48, 0x48, 0xff,
    0x50, 0x4c, 0x48, 0xff, 0x50, 0x4c, 0x48, 0xff, 0x50, 0x48, 0x48, 0xff,
    0x50, 0x48, 0x48, 0xff, 0x50, 0x4c, 0x48, 0xff, 0x50, 0x4c, 0x48, 0xff,
    0x50, 0x48, 0x48, 0xff, 0x50, 0x48, 0x48, 0xff, 0x50, 0x4c, 0x48, 0xff,
    0x50, 0x4c, 0x48, 0xff, 0x50, 0x48, 0x48, 0xff, 0x50, 0x48, 0x48, 0xff,
    0x50, 0x4c, 0x48, 0xff, 0x50, 0x4c, 0x48, 0xff, 0x50, 0x48, 0x48, 0xff,
    0x50, 0x48, 0x48, 0xff, 0x50, 0x4c, 0x48, 0xff, 0x50, 0x4c, 0x48, 0xff,
    0x50, 0x48, 0x48, 0xff, 0x50, 0x48, 0x48, 0xff, 0x50, 0x4c, 0x48, 0xff,
    0x50, 0x4c, 0x48, 0xff, 0x50, 0x48, 0x48, 0xff, 0x50, 0x48, 0x48, 0xff,
    0x50, 0x4c, 0x48, 0xff, 0x50, 0x4c, 0x48, 0xff, 0x50, 0x48, 0x48, 0xff,
    0x50, 0x48, 0x48, 0xff, 0x50, 0x4c, 0x48, 0xff, 0x50, 0x4c, 0x48, 0xff,
    0x50, 0x48, 0x48, 0xff, 0x50, 0x48, 0x48, 0xff, 0x50, 0x4c, 0x48, 0xff,
    0x50, 0x4c, 0x48, 0xff, 0x50, 0x48, 0x48, 0xff, 0x50, 0x48, 0x48, 0xff,
    0x50, 0x4c, 0x48, 0xff, 0x50, 0x4c, 0x48, 0xff, 0x50, 0x4c, 0x48, 0xff,
    0x50, 0x48, 0x48, 0xff, 0x50, 0x4c, 0x48, 0xff, 0x50, 0x4c, 0x48, 0xff,
    0x50, 0x4c, 0x48, 0xff, 0x50, 0x4c, 0x48, 0xff, 0x50, 0x4c, 0x48, 0xff,
    0x50, 0x48, 0x40, 0xff, 0x50, 0x4c, 0x48, 0xff, 0x50, 0x48, 0x48, 0xff,
    0x50, 0x4c, 0x48, 0xff, 0x50, 0x4c, 0x48, 0xff, 0x50, 0x4c, 0x48, 0xff,
    0x50, 0x4c, 0x48, 0x9e, 0x50, 0x50, 0x48, 0x20, 0x00, 0x00, 0x00, 0x00,
    0x00, 0x00, 0x00, 0x00, 0x00, 0x00, 0x00, 0x00, 0x00, 0x00, 0x00, 0x00,
    0x00, 0x00, 0x00, 0x00, 0x00, 0x00, 0x00, 0x00, 0x00, 0x00, 0x00, 0x00,
    0x00, 0x00, 0x00, 0x00, 0x00, 0x00, 0x00, 0x00, 0x00, 0x00, 0x00, 0x00,
    0x00, 0x00, 0x00, 0x00, 0x00, 0x00, 0x00, 0x00, 0x00, 0x00, 0x00, 0x00,
    0x00, 0x00, 0x00, 0x00, 0x00, 0x00, 0x00, 0x00, 0x00, 0x00, 0x00, 0x00,
    0x00, 0x00, 0x00, 0x00, 0x00, 0x00, 0x00, 0x00, 0x00, 0x00, 0x00, 0x00,
    0x00, 0x00, 0x00, 0x00, 0x00, 0x00, 0x00, 0x00, 0x00, 0x00, 0x00, 0x00,
    0x00, 0x00, 0x00, 0x00, 0x00, 0x00, 0x00, 0x00, 0x00, 0x00, 0x00, 0x00,
    0x50, 0x4c, 0x48, 0x71, 0x50, 0x4c, 0x48, 0xef, 0x50, 0x48, 0x48, 0xff,
    0x50, 0x4c, 0x48, 0xff, 0x50, 0x4c, 0x48, 0xff, 0x50, 0x4c, 0x48, 0xff,
    0x50, 0x4c, 0x48, 0xff, 0x50, 0x48, 0x48, 0xff, 0x50, 0x4c, 0x48, 0xff,
    0x50, 0x48, 0x48, 0xff, 0x50, 0x4c, 0x48, 0xff, 0x50, 0x48, 0x48, 0xff,
    0x50, 0x4c, 0x48, 0xff, 0x50, 0x4c, 0x48, 0xff, 0x50, 0x4c, 0x48, 0xff,
    0x50, 0x4c, 0x48, 0xff, 0x50, 0x4c, 0x40, 0xff, 0x50, 0x48, 0x48, 0xff,
    0x50, 0x4c, 0x48, 0xff, 0x50, 0x4c, 0x48, 0xff, 0x50, 0x4c, 0x48, 0xff,
    0x50, 0x4c, 0x48, 0xff, 0x50, 0x4c, 0x48, 0xff, 0x50, 0x48, 0x48, 0xff,
    0x50, 0x4c, 0x48, 0xff, 0x50, 0x4c, 0x48, 0xff, 0x50, 0x4c, 0x48, 0xff,
    0x50, 0x4c, 0x48, 0xff, 0x50, 0x4c, 0x48, 0xff, 0x50, 0x4c, 0x48, 0xff,
    0x50, 0x48, 0x48, 0xff, 0x50, 0x4c, 0x48, 0xff, 0x50, 0x4c, 0x48, 0xff,
    0x50, 0x4c, 0x48, 0xff, 0x50, 0x4c, 0x48, 0xff, 0x50, 0x48, 0x48, 0xff,
    0x50, 0x4c, 0x48, 0xff, 0x50, 0x4c, 0x48, 0xff, 0x50, 0x4c, 0x48, 0xff,
    0x50, 0x4c, 0x48, 0xff, 0x50, 0x4c, 0x48, 0xff, 0x50, 0x4c, 0x48, 0xff,
    0x50, 0x48, 0x48, 0xff, 0x50, 0x4c, 0x48, 0xff, 0x50, 0x4c, 0x48, 0xff,
    0x50, 0x4c, 0x48, 0xff, 0x50, 0x4c, 0x48, 0xff, 0x50, 0x48, 0x48, 0xff,
    0x50, 0x4c, 0x48, 0xff, 0x50, 0x4c, 0x48, 0xff, 0x50, 0x4c, 0x48, 0xff,
    0x50, 0x4c, 0x48, 0xff, 0x50, 0x4c, 0x48, 0xff, 0x50, 0x4c, 0x48, 0xff,
    0x50, 0x48, 0x48, 0xff, 0x50, 0x4c, 0x48, 0xff, 0x50, 0x4c, 0x48, 0xff,
    0x50, 0x4c, 0x48, 0xff, 0x50, 0x4c, 0x48, 0xff, 0x50, 0x48, 0x48, 0xff,
    0x50, 0x4c, 0x48, 0xff, 0x50, 0x4c, 0x48, 0xff, 0x50, 0x4c, 0x48, 0xff,
    0x50, 0x4c, 0x48, 0xff, 0x50, 0x4c, 0x48, 0xff, 0x50, 0x4c, 0x48, 0xff,
    0x50, 0x48, 0x48, 0xff, 0x50, 0x4c, 0x48, 0xff, 0x50, 0x4c, 0x48, 0xff,
    0x50, 0x4c, 0x48, 0xff, 0x50, 0x4c, 0x48, 0xff, 0x50, 0x48, 0x48, 0xff,
    0x50, 0x4c, 0x48, 0xff, 0x50, 0x4c, 0x48, 0xff, 0x50, 0x4c, 0x48, 0xff,
    0x50, 0x4c, 0x48, 0xff, 0x50, 0x4c, 0x48, 0xff, 0x50, 0x4c, 0x48, 0xff,
    0x50, 0x48, 0x48, 0xff, 0x50, 0x4c, 0x48, 0xff, 0x50, 0x4c, 0x48, 0xff,
    0x50, 0x4c, 0x48, 0xff, 0x50, 0x4c, 0x48, 0xff, 0x50, 0x48, 0x48, 0xff,
    0x50, 0x4c, 0x48, 0xff, 0x50, 0x4c, 0x48, 0xff, 0x50, 0x4c, 0x48, 0xff,
    0x50, 0x4c, 0x48, 0xff, 0x50, 0x4c, 0x48, 0xff, 0x50, 0x4c, 0x48, 0xff,
    0x50, 0x48, 0x48, 0xff, 0x50, 0x4c, 0x48, 0xff, 0x50, 0x4c, 0x48, 0xff,
    0x50, 0x4c, 0x48, 0xff, 0x50, 0x4c, 0x48, 0xff, 0x50, 0x48, 0x48, 0xff,
    0x50, 0x4c, 0x48, 0xff, 0x50, 0x4c, 0x48, 0xff, 0x50, 0x4c, 0x48, 0xff,
    0x50, 0x4c, 0x48, 0xff, 0x50, 0x4c, 0x48, 0xff, 0x50, 0x4c, 0x48, 0xff,
    0x50, 0x48, 0x48, 0xff, 0x50, 0x4c, 0x48, 0xff, 0x50, 0x4c, 0x48, 0xff,
    0x50, 0x4c, 0x48, 0xff, 0x50, 0x4c, 0x48, 0xff, 0x50, 0x48, 0x48, 0xff,
    0x50, 0x4c, 0x48, 0xff, 0x50, 0x4c, 0x48, 0xff, 0x50, 0x4c, 0x48, 0xff,
    0x50, 0x4c, 0x48, 0xff, 0x50, 0x4c, 0x48, 0xff, 0x50, 0x4c, 0x48, 0xff,
    0x50, 0x48, 0x48, 0xff, 0x50, 0x4c, 0x48, 0xff, 0x50, 0x4c, 0x48, 0xff,
    0x50, 0x4c, 0x48, 0xff, 0x50, 0x4c, 0x48, 0xff, 0x50, 0x48, 0x48, 0xff,
    0x50, 0x4c, 0x48, 0xff, 0x50, 0x4c, 0x48, 0xff, 0x50, 0x4c, 0x48, 0xff,
    0x50, 0x4c, 0x48, 0xff, 0x50, 0x4c, 0x48, 0xff, 0x50, 0x4c, 0x48, 0xff,
    0x50, 0x48, 0x48, 0xff, 0x50, 0x4c, 0x48, 0xff, 0x50, 0x4c, 0x48, 0xff,
    0x50, 0x4c, 0x48, 0xff, 0x50, 0x4c, 0x48, 0xff, 0x50, 0x48, 0x48, 0xff,
    0x50, 0x4c, 0x48, 0xff, 0x50, 0x4c, 0x48, 0xff, 0x50, 0x4c, 0x48, 0xff,
    0x50, 0x4c, 0x48, 0xff, 0x50, 0x4c, 0x48, 0xff, 0x50, 0x4c, 0x48, 0xff,
    0x50, 0x48, 0x48, 0xff, 0x50, 0x4c, 0x48, 0xff, 0x50, 0x4c, 0x48, 0xff,
    0x50, 0x4c, 0x48, 0xff, 0x50, 0x4c, 0x48, 0xff, 0x50, 0x48, 0x48, 0xff,
    0x50, 0x4c, 0x48, 0xff, 0x50, 0x4c, 0x48, 0xff, 0x50, 0x4c, 0x48, 0xff,
    0x50, 0x4c, 0x48, 0xff, 0x50, 0x4c, 0x48, 0xff, 0x50, 0x4c, 0x48, 0xff,
    0x50, 0x48, 0x48, 0xff, 0x50, 0x4c, 0x48, 0xff, 0x50, 0x4c, 0x48, 0xff,
    0x50, 0x4c, 0x48, 0xff, 0x50, 0x4c, 0x48, 0xff, 0x50, 0x48, 0x48, 0xff,
    0x50, 0x4c, 0x48, 0xff, 0x50, 0x4c, 0x48, 0xff, 0x50, 0x4c, 0x48, 0xff,
    0x50, 0x4c, 0x48, 0xff, 0x50, 0x4c, 0x48, 0xff, 0x50, 0x4c, 0x48, 0xff,
    0x50, 0x48, 0x48, 0xff, 0x50, 0x4c, 0x48, 0xff, 0x50, 0x4c, 0x48, 0xff,
    0x50, 0x4c, 0x48, 0xff, 0x50, 0x4c, 0x48, 0xff, 0x50, 0x48, 0x48, 0xff,
    0x50, 0x4c, 0x48, 0xff, 0x50, 0x4c, 0x48, 0xff, 0x50, 0x4c, 0x48, 0xff,
    0x50, 0x4c, 0x48, 0xff, 0x50, 0x4c, 0x48, 0xff, 0x50, 0x4c, 0x48, 0xff,
    0x50, 0x48, 0x48, 0xff, 0x50, 0x4c, 0x48, 0xff, 0x50, 0x4c, 0x48, 0xff,
    0x50, 0x4c, 0x48, 0xff, 0x50, 0x4c, 0x48, 0xff, 0x50, 0x48, 0x48, 0xff,
    0x50, 0x4c, 0x48, 0xff, 0x50, 0x4c, 0x48, 0xff, 0x50, 0x4c, 0x48, 0xff,
    0x50, 0x4c, 0x48, 0xff, 0x50, 0x4c, 0x48, 0xff, 0x50, 0x4c, 0x48, 0xff,
    0x50, 0x48, 0x48, 0xff, 0x50, 0x4c, 0x48, 0xff, 0x50, 0x4c, 0x40, 0xff,
    0x50, 0x4c, 0x48, 0xff, 0x50, 0x4c, 0x48, 0xff, 0x50, 0x48, 0x48, 0xff,
    0x50, 0x48, 0x48, 0xff, 0x50, 0x4c, 0x48, 0xff, 0x50, 0x4c, 0x48, 0xff,
    0x50, 0x4c, 0x48, 0xff, 0x50, 0x4c, 0x48, 0xff, 0x50, 0x4c, 0x48, 0xff,
    0x50, 0x48, 0x40, 0xff, 0x50, 0x4c, 0x48, 0xff, 0x50, 0x4c, 0x48, 0xff,
    0x50, 0x48, 0x48, 0xff, 0x50, 0x4c, 0x48, 0xdf, 0x50, 0x4c, 0x48, 0x5d,
    0x00, 0x00, 0x00, 0x00, 0x00, 0x00, 0x00, 0x00, 0x00, 0x00, 0x00, 0x00,
    0x00, 0x00, 0x00, 0x00, 0x00, 0x00, 0x00, 0x00, 0x00, 0x00, 0x00, 0x00,
    0x00, 0x00, 0x00, 0x00, 0x00, 0x00, 0x00, 0x00, 0x00, 0x00, 0x00, 0x00,
    0x00, 0x00, 0x00, 0x00, 0x00, 0x00, 0x00, 0x00, 0x00, 0x00, 0x00, 0x00,
    0x00, 0x00, 0x00, 0x00, 0x00, 0x00, 0x00, 0x00, 0x00, 0x00, 0x00, 0x00,
    0x00, 0x00, 0x00, 0x00, 0x00, 0x00, 0x00, 0x00, 0x00, 0x00, 0x00, 0x00,
    0x00, 0x00, 0x00, 0x00, 0x00, 0x00, 0x00, 0x00, 0x00, 0x00, 0x00, 0x00,
    0x00, 0x00, 0x00, 0x00, 0x50, 0x50, 0x40, 0x10, 0x50, 0x4c, 0x48, 0x8e,
    0x50, 0x4c, 0x48, 0xff, 0x50, 0x4c, 0x48, 0xff, 0x50, 0x4c, 0x48, 0xff,
    0x50, 0x48, 0x48, 0xff, 0x50, 0x4c, 0x48, 0xff, 0x50, 0x4c, 0x40, 0xff,
    0x50, 0x48, 0x48, 0xff, 0x50, 0x4c, 0x48, 0xff, 0x50, 0x4c, 0x40, 0xff,
    0x50, 0x4c, 0x48, 0xff, 0x50, 0x48, 0x48, 0xff, 0x50, 0x4c, 0x40, 0xff,
    0x50, 0x4c, 0x48, 0xff, 0x50, 0x48, 0x48, 0xff, 0x50, 0x4c, 0x40, 0xff,
    0x50, 0x4c, 0x48, 0xff, 0x50, 0x48, 0x48, 0xff, 0x50, 0x4c, 0x48, 0xff,
    0x50, 0x4c, 0x48, 0xff, 0x50, 0x48, 0x40, 0xff, 0x50, 0x4c, 0x48, 0xff,
    0x50, 0x4c, 0x48, 0xff, 0x50, 0x4c, 0x40, 0xff, 0x50, 0x4c, 0x48, 0xff,
    0x50, 0x4c, 0x48, 0xff, 0x50, 0x4c, 0x40, 0xff, 0x50, 0x48, 0x48, 0xff,
    0x50, 0x4c, 0x48, 0xff, 0x50, 0x4c, 0x40, 0xff, 0x50, 0x4c, 0x48, 0xff,
    0x50, 0x4c, 0x48, 0xff, 0x50, 0x4c, 0x40, 0xff, 0x50, 0x4c, 0x48, 0xff,
    0x50, 0x4c, 0x48, 0xff, 0x50, 0x48, 0x40, 0xff, 0x50, 0x4c, 0x48, 0xff,
    0x50, 0x4c, 0x48, 0xff, 0x50, 0x4c, 0x40, 0xff, 0x50, 0x48, 0x48, 0xff,
    0x50, 0x4c, 0x48, 0xff, 0x50, 0x4c, 0x40, 0xff, 0x50, 0x4c, 0x48, 0xff,
    0x50, 0x4c, 0x48, 0xff, 0x50, 0x4c, 0x40, 0xff, 0x50, 0x4c, 0x48, 0xff,
    0x50, 0x4c, 0x48, 0xff, 0x50, 0x48, 0x40, 0xff, 0x50, 0x4c, 0x48, 0xff,
    0x50, 0x4c, 0x48, 0xff, 0x50, 0x4c, 0x40, 0xff, 0x50, 0x48, 0x48, 0xff,
    0x50, 0x4c, 0x48, 0xff, 0x50, 0x4c, 0x40, 0xff, 0x50, 0x4c, 0x48, 0xff,
    0x50, 0x4c, 0x48, 0xff, 0x50, 0x4c, 0x40, 0xff, 0x50, 0x4c, 0x48, 0xff,
    0x50, 0x4c, 0x48, 0xff, 0x50, 0x48, 0x40, 0xff, 0x50, 0x4c, 0x48, 0xff,
    0x50, 0x4c, 0x48, 0xff, 0x50, 0x4c, 0x40, 0xff, 0x50, 0x48, 0x48, 0xff,
    0x50, 0x4c, 0x48, 0xff, 0x50, 0x4c, 0x40, 0xff, 0x50, 0x4c, 0x48, 0xff,
    0x50, 0x4c, 0x48, 0xff, 0x50, 0x4c, 0x40, 0xff, 0x50, 0x4c, 0x48, 0xff,
    0x50, 0x4c, 0x48, 0xff, 0x50, 0x48, 0x40, 0xff, 0x50, 0x4c, 0x48, 0xff,
    0x50, 0x4c, 0x48, 0xff, 0x50, 0x4c, 0x40, 0xff, 0x50, 0x48, 0x48, 0xff,
    0x50, 0x4c, 0x48, 0xff, 0x50, 0x4c, 0x40, 0xff, 0x50, 0x4c, 0x48, 0xff,
    0x50, 0x4c, 0x48, 0xff, 0x50, 0x4c, 0x40, 0xff, 0x50, 0x4c, 0x48, 0xff,
    0x50, 0x4c, 0x48, 0xff, 0x50, 0x48, 0x40, 0xff, 0x50, 0x4c, 0x48, 0xff,
    0x50, 0x4c, 0x48, 0xff, 0x50, 0x4c, 0x40, 0xff, 0x50, 0x48, 0x48, 0xff,
    0x50, 0x4c, 0x48, 0xff, 0x50, 0x4c, 0x40, 0xff, 0x50, 0x4c, 0x48, 0xff,
    0x50, 0x4c, 0x48, 0xff, 0x50, 0x4c, 0x40, 0xff, 0x50, 0x4c, 0x48, 0xff,
    0x50, 0x4c, 0x48, 0xff, 0x50, 0x48, 0x40, 0xff, 0x50, 0x4c, 0x48, 0xff,
    0x50, 0x4c, 0x48, 0xff, 0x50, 0x4c, 0x40, 0xff, 0x50, 0x48, 0x48, 0xff,
    0x50, 0x4c, 0x48, 0xff, 0x50, 0x4c, 0x40, 0xff, 0x50, 0x4c, 0x48, 0xff,
    0x50, 0x4c, 0x48, 0xff, 0x50, 0x4c, 0x40, 0xff, 0x50, 0x4c, 0x48, 0xff,
    0x50, 0x4c, 0x48, 0xff, 0x50, 0x48, 0x40, 0xff, 0x50, 0x4c, 0x48, 0xff,
    0x50, 0x4c, 0x48, 0xff, 0x50, 0x4c, 0x40, 0xff, 0x50, 0x48, 0x48, 0xff,
    0x50, 0x4c, 0x48, 0xff, 0x50, 0x4c, 0x40, 0xff, 0x50, 0x4c, 0x48, 0xff,
    0x50, 0x4c, 0x48, 0xff, 0x50, 0x4c, 0x40, 0xff, 0x50, 0x4c, 0x48, 0xff,
    0x50, 0x4c, 0x48, 0xff, 0x50, 0x48, 0x40, 0xff, 0x50, 0x4c, 0x48, 0xff,
    0x50, 0x4c, 0x48, 0xff, 0x50, 0x4c, 0x40, 0xff, 0x50, 0x48, 0x48, 0xff,
    0x50, 0x4c, 0x48, 0xff, 0x50, 0x4c, 0x40, 0xff, 0x50, 0x4c, 0x48, 0xff,
    0x50, 0x4c, 0x48, 0xff, 0x50, 0x4c, 0x40, 0xff, 0x50, 0x4c, 0x48, 0xff,
    0x50, 0x4c, 0x48, 0xff, 0x50, 0x48, 0x40, 0xff, 0x50, 0x4c, 0x48, 0xff,
    0x50, 0x4c, 0x48, 0xff, 0x50, 0x4c, 0x40, 0xff, 0x50, 0x48, 0x48, 0xff,
    0x50, 0x4c, 0x48, 0xff, 0x50, 0x4c, 0x40, 0xff, 0x50, 0x4c, 0x48, 0xff,
    0x50, 0x4c, 0x48, 0xff, 0x50, 0x4c, 0x40, 0xff, 0x50, 0x4c, 0x48, 0xff,
    0x50, 0x4c, 0x48, 0xff, 0x50, 0x48, 0x40, 0xff, 0x50, 0x4c, 0x48, 0xff,
    0x50, 0x4c, 0x48, 0xff, 0x50, 0x4c, 0x40, 0xff, 0x50, 0x48, 0x48, 0xff,
    0x50, 0x4c, 0x48, 0xff, 0x50, 0x4c, 0x40, 0xff, 0x50, 0x4c, 0x48, 0xff,
    0x50, 0x4c, 0x48, 0xff, 0x50, 0x4c, 0x40, 0xff, 0x50, 0x4c, 0x48, 0xff,
    0x50, 0x4c, 0x48, 0xff, 0x50, 0x48, 0x40, 0xff, 0x50, 0x4c, 0x48, 0xff,
    0x50, 0x4c, 0x48, 0xff, 0x50, 0x4c, 0x40, 0xff, 0x50, 0x48, 0x48, 0xff,
    0x50, 0x4c, 0x48, 0xff, 0x50, 0x4c, 0x40, 0xff, 0x50, 0x4c, 0x48, 0xff,
    0x50, 0x4c, 0x48, 0xff, 0x50, 0x4c, 0x40, 0xff, 0x50, 0x4c, 0x48, 0xff,
    0x50, 0x4c, 0x48, 0xff, 0x50, 0x48, 0x40, 0xff, 0x50, 0x4c, 0x48, 0xff,
    0x50, 0x4c, 0x48, 0xff, 0x50, 0x4c, 0x40, 0xff, 0x50, 0x48, 0x48, 0xff,
    0x50, 0x4c, 0x48, 0xff, 0x50, 0x4c, 0x40, 0xff, 0x50, 0x4c, 0x48, 0xff,
    0x50, 0x4c, 0x48, 0xff, 0x50, 0x4c, 0x40, 0xff, 0x50, 0x4c, 0x48, 0xff,
    0x50, 0x4c, 0x48, 0xff, 0x50, 0x48, 0x40, 0xff, 0x50, 0x4c, 0x48, 0xff,
    0x50, 0x4c, 0x48, 0xff, 0x50, 0x4c, 0x40, 0xff, 0x50, 0x48, 0x48, 0xff,
    0x50, 0x4c, 0x48, 0xff, 0x50, 0x4c, 0x40, 0xff, 0x50, 0x4c, 0x48, 0xff,
    0x50, 0x4c, 0x48, 0xff, 0x50, 0x48, 0x48, 0xff, 0x50, 0x4c, 0x48, 0xff,
    0x50, 0x4c, 0x48, 0xff, 0x50, 0x4c, 0x48, 0xff, 0x50, 0x4c, 0x40, 0xff,
    0x50, 0x4c, 0x48, 0xff, 0x50, 0x48, 0x48, 0xff, 0x50, 0x4c, 0x40, 0xff,
    0x50, 0x4c, 0x48, 0xff, 0x50, 0x48, 0x48, 0xff, 0x50, 0x4c, 0x48, 0xff,
    0x50, 0x4c, 0x48, 0xff, 0x50, 0x48, 0x48, 0xff, 0x50, 0x4c, 0x48, 0xff,
    0x50, 0x4c, 0x48, 0xff, 0x50, 0x48, 0x48, 0xff, 0x50, 0x4c, 0x48, 0xff,
    0x50, 0x4c, 0x48, 0x8e, 0x00, 0x00, 0x00, 0x00, 0x00, 0x00, 0x00, 0x00,
    0x00, 0x00, 0x00, 0x00, 0x00, 0x00, 0x00, 0x00, 0x00, 0x00, 0x00, 0x00,
    0x00, 0x00, 0x00, 0x00, 0x00, 0x00, 0x00, 0x00, 0x00, 0x00, 0x00, 0x00,
    0x00, 0x00, 0x00, 0x00, 0x00, 0x00, 0x00, 0x00, 0x00, 0x00, 0x00, 0x00,
    0x00, 0x00, 0x00, 0x00, 0x00, 0x00, 0x00, 0x00, 0x00, 0x00, 0x00, 0x00,
    0x00, 0x00, 0x00, 0x00, 0x00, 0x00, 0x00, 0x00, 0x00, 0x00, 0x00, 0x00,
    0x00, 0x00, 0x00, 0x00, 0x00, 0x00, 0x00, 0x00, 0x00, 0x00, 0x00, 0x00,
    0x50, 0x50, 0x40, 0x10, 0x50, 0x4c, 0x48, 0xcf, 0x50, 0x4c, 0x48, 0xff,
    0x50, 0x48, 0x48, 0xff, 0x50, 0x4c, 0x48, 0xff, 0x50, 0x4c, 0x48, 0xff,
    0x50, 0x4c, 0x48, 0xff, 0x50, 0x48, 0x48, 0xff, 0x50, 0x4c, 0x48, 0xff,
    0x50, 0x4c, 0x48, 0xff, 0x50, 0x4c, 0x48, 0xff, 0x50, 0x4c, 0x48, 0xff,
    0x50, 0x4c, 0x48, 0xff, 0x50, 0x4c, 0x48, 0xff, 0x50, 0x4c, 0x48, 0xff,
    0x50, 0x4c, 0x48, 0xff, 0x50, 0x48, 0x48, 0xff, 0x50, 0x4c, 0x48, 0xff,
    0x50, 0x4c, 0x48, 0xff, 0x50, 0x4c, 0x48, 0xff, 0x50, 0x4c, 0x48, 0xff,
    0x50, 0x4c, 0x48, 0xff, 0x50, 0x48, 0x48, 0xff, 0x50, 0x4c, 0x48, 0xff,
    0x50, 0x48, 0x48, 0xff, 0x50, 0x48, 0x48, 0xff, 0x50, 0x4c, 0x48, 0xff,
    0x50, 0x4c, 0x48, 0xff, 0x50, 0x48, 0x48, 0xff, 0x50, 0x4c, 0x48, 0xff,
    0x50, 0x48, 0x48, 0xff, 0x50, 0x48, 0x48, 0xff, 0x50, 0x4c, 0x48, 0xff,
    0x50, 0x48, 0x48, 0xff, 0x50, 0x48, 0x48, 0xff, 0x50, 0x4c, 0x48, 0xff,
    0x50, 0x4c, 0x48, 0xff, 0x50, 0x4c, 0x48, 0xff, 0x50, 0x4c, 0x48, 0xff,
    0x50, 0x4c, 0x48, 0xff, 0x50, 0x48, 0x48, 0xff, 0x50, 0x4c, 0x48, 0xff,
    0x50, 0x48, 0x48, 0xff, 0x50, 0x48, 0x48, 0xff, 0x50, 0x4c, 0x48, 0xff,
    0x50, 0x48, 0x48, 0xff, 0x50, 0x48, 0x48, 0xff, 0x50, 0x4c, 0x48, 0xff,
    0x50, 0x4c, 0x48, 0xff, 0x50, 0x4c, 0x48, 0xff, 0x50, 0x4c, 0x48, 0xff,
    0x50, 0x4c, 0x48, 0xff, 0x50, 0x48, 0x48, 0xff, 0x50, 0x4c, 0x48, 0xff,
    0x50, 0x48, 0x48, 0xff, 0x50, 0x48, 0x48, 0xff, 0x50, 0x4c, 0x48, 0xff,
    0x50, 0x48, 0x48, 0xff, 0x50, 0x48, 0x48, 0xff, 0x50, 0x4c, 0x48, 0xff,
    0x50, 0x4c, 0x48, 0xff, 0x50, 0x4c, 0x48, 0xff, 0x50, 0x4c, 0x48, 0xff,
    0x50, 0x4c, 0x48, 0xff, 0x50, 0x48, 0x48, 0xff, 0x50, 0x4c, 0x48, 0xff,
    0x50, 0x48, 0x48, 0xff, 0x50, 0x48, 0x48, 0xff, 0x50, 0x4c, 0x48, 0xff,
    0x50, 0x48, 0x48, 0xff, 0x50, 0x48, 0x48, 0xff, 0x50, 0x4c, 0x48, 0xff,
    0x50, 0x4c, 0x48, 0xff, 0x50, 0x4c, 0x48, 0xff, 0x50, 0x4c, 0x48, 0xff,
    0x50, 0x4c, 0x48, 0xff, 0x50, 0x48, 0x48, 0xff, 0x50, 0x4c, 0x48, 0xff,
    0x50, 0x48, 0x48, 0xff, 0x50, 0x48, 0x48, 0xff, 0x50, 0x4c, 0x48, 0xff,
    0x50, 0x48, 0x48, 0xff, 0x50, 0x48, 0x48, 0xff, 0x50, 0x4c, 0x48, 0xff,
    0x50, 0x4c, 0x48, 0xff, 0x50, 0x4c, 0x48, 0xff, 0x50, 0x4c, 0x48, 0xff,
    0x50, 0x4c, 0x48, 0xff, 0x50, 0x48, 0x48, 0xff, 0x50, 0x4c, 0x48, 0xff,
    0x50, 0x48, 0x48, 0xff, 0x50, 0x48, 0x48, 0xff, 0x50, 0x4c, 0x48, 0xff,
    0x50, 0x48, 0x48, 0xff, 0x50, 0x48, 0x48, 0xff, 0x50, 0x4c, 0x48, 0xff,
    0x50, 0x4c, 0x48, 0xff, 0x50, 0x4c, 0x48, 0xff, 0x50, 0x4c, 0x48, 0xff,
    0x50, 0x4c, 0x48, 0xff, 0x50, 0x48, 0x48, 0xff, 0x50, 0x4c, 0x48, 0xff,
    0x50, 0x48, 0x48, 0xff, 0x50, 0x48, 0x48, 0xff, 0x50, 0x4c, 0x48, 0xff,
    0x50, 0x48, 0x48, 0xff, 0x50, 0x48, 0x48, 0xff, 0x50, 0x4c, 0x48, 0xff,
    0x50, 0x4c, 0x48, 0xff, 0x50, 0x4c, 0x48, 0xff, 0x50, 0x4c, 0x48, 0xff,
    0x50, 0x4c, 0x48, 0xff, 0x50, 0x48, 0x48, 0xff, 0x50, 0x4c, 0x48, 0xff,
    0x50, 0x48, 0x48, 0xff, 0x50, 0x48, 0x48, 0xff, 0x50, 0x4c, 0x48, 0xff,
    0x50, 0x48, 0x48, 0xff, 0x50, 0x48, 0x48, 0xff, 0x50, 0x4c, 0x48, 0xff,
    0x50, 0x4c, 0x48, 0xff, 0x50, 0x4c, 0x48, 0xff, 0x50, 0x4c, 0x48, 0xff,
    0x50, 0x4c, 0x48, 0xff, 0x50, 0x48, 0x48, 0xff, 0x50, 0x4c, 0x48, 0xff,
    0x50, 0x48, 0x48, 0xff, 0x50, 0x48, 0x48, 0xff, 0x50, 0x4c, 0x48, 0xff,
    0x50, 0x48, 0x48, 0xff, 0x50, 0x48, 0x48, 0xff, 0x50, 0x4c, 0x48, 0xff,
    0x50, 0x4c, 0x48, 0xff, 0x50, 0x4c, 0x48, 0xff, 0x50, 0x4c, 0x48, 0xff,
    0x50, 0x4c, 0x48, 0xff, 0x50, 0x48, 0x48, 0xff, 0x50, 0x4c, 0x48, 0xff,
    0x50, 0x48, 0x48, 0xff, 0x50, 0x48, 0x48, 0xff, 0x50, 0x4c, 0x48, 0xff,
    0x50, 0x48, 0x48, 0xff, 0x50, 0x48, 0x48, 0xff, 0x50, 0x4c, 0x48, 0xff,
    0x50, 0x4c, 0x48, 0xff, 0x50, 0x4c, 0x48, 0xff, 0x50, 0x4c, 0x48, 0xff,
    0x50, 0x4c, 0x48, 0xff, 0x50, 0x48, 0x48, 0xff, 0x50, 0x4c, 0x48, 0xff,
    0x50, 0x48, 0x48, 0xff, 0x50, 0x48, 0x48, 0xff, 0x50, 0x4c, 0x48, 0xff,
    0x50, 0x48, 0x48, 0xff, 0x50, 0x48, 0x48, 0xff, 0x50, 0x4c, 0x48, 0xff,
    0x50, 0x4c, 0x48, 0xff, 0x50, 0x4c, 0x48, 0xff, 0x50, 0x4c, 0x48, 0xff,
    0x50, 0x4c, 0x48, 0xff, 0x50, 0x48, 0x48, 0xff, 0x50, 0x4c, 0x48, 0xff,
    0x50, 0x48, 0x48, 0xff, 0x50, 0x48, 0x48, 0xff, 0x50, 0x4c, 0x48, 0xff,
    0x50, 0x48, 0x48, 0xff, 0x50, 0x48, 0x48, 0xff, 0x50, 0x4c, 0x48, 0xff,
    0x50, 0x4c, 0x48, 0xff, 0x50, 0x4c, 0x48, 0xff, 0x50, 0x4c, 0x48, 0xff,
    0x50, 0x4c, 0x48, 0xff, 0x50, 0x48, 0x48, 0xff, 0x50, 0x4c, 0x48, 0xff,
    0x50, 0x48, 0x48, 0xff, 0x50, 0x48, 0x48, 0xff, 0x50, 0x4c, 0x48, 0xff,
    0x50, 0x48, 0x48, 0xff, 0x50, 0x48, 0x48, 0xff, 0x50, 0x4c, 0x48, 0xff,
    0x50, 0x4c, 0x48, 0xff, 0x50, 0x4c, 0x48, 0xff, 0x50, 0x4c, 0x48, 0xff,
    0x50, 0x4c, 0x48, 0xff, 0x50, 0x48, 0x48, 0xff, 0x50, 0x4c, 0x48, 0xff,
    0x50, 0x48, 0x48, 0xff, 0x50, 0x4c, 0x48, 0xff, 0x50, 0x4c, 0x40, 0xff,
    0x50, 0x48, 0x48, 0xff, 0x50, 0x4c, 0x48, 0xff, 0x50, 0x4c, 0x48, 0xff,
    0x50, 0x48, 0x48, 0xff, 0x50, 0x4c, 0x48, 0xff, 0x50, 0x4c, 0x48, 0xff,
    0x50, 0x4c, 0x48, 0xff, 0x50, 0x4c, 0x48, 0xff, 0x50, 0x48, 0x48, 0xff,
    0x50, 0x4c, 0x48, 0xff, 0x50, 0x4c, 0x48, 0xff, 0x50, 0x4c, 0x48, 0xff,
    0x50, 0x4c, 0x48, 0xff, 0x50, 0x4c, 0x48, 0xff, 0x50, 0x4c, 0x40, 0xff,
    0x50, 0x4c, 0x48, 0xff, 0x50, 0x4c, 0x48, 0xff, 0x50, 0x48, 0x48, 0xff,
    0x50, 0x4c, 0x48, 0xff, 0x50, 0x48, 0x48, 0xcf, 0x50, 0x50, 0x48, 0x20,
    0x00, 0x00, 0x00, 0x00, 0x00, 0x00, 0x00, 0x00, 0x00, 0x00, 0x00, 0x00,
    0x00, 0x00, 0x00, 0x00, 0x00, 0x00, 0x00, 0x00, 0x00, 0x00, 0x00, 0x00,
    0x00, 0x00, 0x00, 0x00, 0x00, 0x00, 0x00, 0x00, 0x00, 0x00, 0x00, 0x00,
    0x00, 0x00, 0x00, 0x00, 0x00, 0x00, 0x00, 0x00, 0x00, 0x00, 0x00, 0x00,
    0x00, 0x00, 0x00, 0x00, 0x00, 0x00, 0x00, 0x00, 0x00, 0x00, 0x00, 0x00,
    0x00, 0x00, 0x00, 0x00, 0x00, 0x00, 0x00, 0x00, 0x50, 0x50, 0x48, 0x20,
    0x50, 0x4c, 0x48, 0xdf, 0x50, 0x4c, 0x48, 0xff, 0x50, 0x48, 0x48, 0xff,
    0x50, 0x4c, 0x48, 0xff, 0x50, 0x4c, 0x40, 0xff, 0x50, 0x48, 0x48, 0xff,
    0x50, 0x4c, 0x48, 0xff, 0x50, 0x4c, 0x40, 0xff, 0x50, 0x48, 0x48, 0xff,
    0x50, 0x4c, 0x48, 0xff, 0x50, 0x48, 0x48, 0xff, 0x50, 0x48, 0x48, 0xff,
    0x50, 0x4c, 0x48, 0xff, 0x50, 0x4c, 0x48, 0xff, 0x50, 0x48, 0x48, 0xff,
    0x50, 0x4c, 0x48, 0xff, 0x50, 0x4c, 0x48, 0xff, 0x50, 0x48, 0x48, 0xff,
    0x50, 0x4c, 0x48, 0xff, 0x50, 0x48, 0x40, 0xff, 0x50, 0x4c, 0x48, 0xff,
    0x50, 0x4c, 0x48, 0xff, 0x50, 0x4c, 0x48, 0xff, 0x50, 0x4c, 0x48, 0xff,
    0x50, 0x4c, 0x40, 0xff, 0x50, 0x4c, 0x48, 0xff, 0x50, 0x4c, 0x48, 0xff,
    0x50, 0x48, 0x48, 0xff, 0x50, 0x4c, 0x48, 0xff, 0x50, 0x4c, 0x40, 0xff,
    0x50, 0x4c, 0x48, 0xff, 0x50, 0x4c, 0x48, 0xff, 0x50, 0x4c, 0x40, 0xff,
    0x50, 0x4c, 0x48, 0xff, 0x50, 0x4c, 0x48, 0xff, 0x50, 0x48, 0x48, 0xff,
    0x50, 0x4c, 0x40, 0xff, 0x50, 0x48, 0x48, 0xff, 0x50, 0x4c, 0x48, 0xff,
    0x50, 0x4c, 0x40, 0xff, 0x50, 0x4c, 0x48, 0xff, 0x50, 0x4c, 0x48, 0xff,
    0x50, 0x4c, 0x48, 0xff, 0x50, 0x4c, 0x48, 0xff, 0x50, 0x4c, 0x40, 0xff,
    0x50, 0x4c, 0x48, 0xff, 0x50, 0x4c, 0x48, 0xff, 0x50, 0x48, 0x40, 0xff,
    0x50, 0x4c, 0x48, 0xff, 0x50, 0x48, 0x48, 0xff, 0x50, 0x4c, 0x48, 0xff,
    0x50, 0x4c, 0x40, 0xff, 0x50, 0x4c, 0x48, 0xff, 0x50, 0x4c, 0x48, 0xff,
    0x50, 0x4c, 0x40, 0xff, 0x50, 0x4c, 0x48, 0xff, 0x50, 0x4c, 0x48, 0xff,
    0x50, 0x4c, 0x48, 0xff, 0x50, 0x4c, 0x48, 0xff, 0x50, 0x48, 0x40, 0xff,
    0x50, 0x4c, 0x48, 0xff, 0x50, 0x48, 0x48, 0xff, 0x50, 0x4c, 0x40, 0xff,
    0x50, 0x4c, 0x48, 0xff, 0x50, 0x4c, 0x48, 0xff, 0x50, 0x4c, 0x48, 0xff,
    0x50, 0x4c, 0x40, 0xff, 0x50, 0x4c, 0x48, 0xff, 0x50, 0x4c, 0x48, 0xff,
    0x50, 0x4c, 0x40, 0xff, 0x50, 0x4c, 0x48, 0xff, 0x50, 0x48, 0x48, 0xff,
    0x50, 0x4c, 0x48, 0xff, 0x50, 0x48, 0x48, 0xff, 0x50, 0x4c, 0x40, 0xff,
    0x50, 0x4c, 0x48, 0xff, 0x50, 0x4c, 0x48, 0xff, 0x50, 0x4c, 0x40, 0xff,
    0x50, 0x4c, 0x48, 0xff, 0x50, 0x4c, 0x48, 0xff, 0x50, 0x4c, 0x48, 0xff,
    0x50, 0x4c, 0x40, 0xff, 0x50, 0x4c, 0x48, 0xff, 0x50, 0x48, 0x48, 0xff,
    0x50, 0x4c, 0x40, 0xff, 0x50, 0x48, 0x48, 0xff, 0x50, 0x4c, 0x48, 0xff,
    0x50, 0x4c, 0x48, 0xff, 0x50, 0x4c, 0x48, 0xff, 0x50, 0x4c, 0x40, 0xff,
    0x50, 0x4c, 0x48, 0xff, 0x50, 0x4c, 0x48, 0xff, 0x50, 0x4c, 0x40, 0xff,
    0x50, 0x4c, 0x48, 0xff, 0x50, 0x4c, 0x48, 0xff, 0x50, 0x48, 0x48, 0xff,
    0x50, 0x4c, 0x40, 0xff, 0x50, 0x48, 0x48, 0xff, 0x50, 0x4c, 0x48, 0xff,
    0x50, 0x4c, 0x40, 0xff, 0x50, 0x4c, 0x48, 0xff, 0x50, 0x4c, 0x48, 0xff,
    0x50, 0x4c, 0x48, 0xff, 0x50, 0x4c, 0x48, 0xff, 0x50, 0x4c, 0x40, 0xff,
    0x50, 0x4c, 0x48, 0xff, 0x50, 0x4c, 0x48, 0xff, 0x50, 0x48, 0x40, 0xff,
    0x50, 0x4c, 0x48, 0xff, 0x50, 0x48, 0x48, 0xff, 0x50, 0x4c, 0x48, 0xff,
    0x50, 0x4c, 0x40, 0xff, 0x50, 0x4c, 0x48, 0xff, 0x50, 0x4c, 0x48, 0xff,
    0x50, 0x4c, 0x40, 0xff, 0x50, 0x4c, 0x48, 0xff, 0x50, 0x4c, 0x48, 0xff,
    0x50, 0x4c, 0x48, 0xff, 0x50, 0x4c, 0x48, 0xff, 0x50, 0x48, 0x40, 0xff,
    0x50, 0x4c, 0x48, 0xff, 0x50, 0x48, 0x48, 0xff, 0x50, 0x4c, 0x40, 0xff,
    0x50, 0x4c, 0x48, 0xff, 0x50, 0x4c, 0x48, 0xff, 0x50, 0x4c, 0x48, 0xff,
    0x50, 0x4c, 0x40, 0xff, 0x50, 0x4c, 0x48, 0xff, 0x50, 0x4c, 0x48, 0xff,
    0x50, 0x4c, 0x40, 0xff, 0x50, 0x4c, 0x48, 0xff, 0x50, 0x48, 0x48, 0xff,
    0x50, 0x4c, 0x48, 0xff, 0x50, 0x48, 0x48, 0xff, 0x50, 0x4c, 0x40, 0xff,
    0x50, 0x4c, 0x48, 0xff, 0x50, 0x4c, 0x48, 0xff, 0x50, 0x4c, 0x40, 0xff,
    0x50, 0x4c, 0x48, 0xff, 0x50, 0x4c, 0x48, 0xff, 0x50, 0x4c, 0x48, 0xff,
    0x50, 0x4c, 0x40, 0xff, 0x50, 0x4c, 0x48, 0xff, 0x50, 0x48, 0x48, 0xff,
    0x50, 0x4c, 0x40, 0xff, 0x50, 0x48, 0x48, 0xff, 0x50, 0x4c, 0x48, 0xff,
    0x50, 0x4c, 0x48, 0xff, 0x50, 0x4c, 0x48, 0xff, 0x50, 0x4c, 0x40, 0xff,
    0x50, 0x4c, 0x48, 0xff, 0x50, 0x4c, 0x48, 0xff, 0x50, 0x4c, 0x40, 0xff,
    0x50, 0x4c, 0x48, 0xff, 0x50, 0x4c, 0x48, 0xff, 0x50, 0x48, 0x48, 0xff,
    0x50, 0x4c, 0x40, 0xff, 0x50, 0x48, 0x48, 0xff, 0x50, 0x4c, 0x48, 0xff,
    0x50, 0x4c, 0x40, 0xff, 0x50, 0x4c, 0x48, 0xff, 0x50, 0x4c, 0x48, 0xff,
    0x50, 0x4c, 0x48, 0xff, 0x50, 0x4c, 0x48, 0xff, 0x50, 0x4c, 0x40, 0xff,
    0x50, 0x4c, 0x48, 0xff, 0x50, 0x4c, 0x48, 0xff, 0x50, 0x48, 0x40, 0xff,
    0x50, 0x4c, 0x48, 0xff, 0x50, 0x48, 0x48, 0xff, 0x50, 0x4c, 0x48, 0xff,
    0x50, 0x4c, 0x40, 0xff, 0x50, 0x4c, 0x48, 0xff, 0x50, 0x4c, 0x48, 0xff,
    0x50, 0x4c, 0x40, 0xff, 0x50, 0x4c, 0x48, 0xff, 0x50, 0x4c, 0x48, 0xff,
    0x50, 0x4c, 0x48, 0xff, 0x50, 0x4c, 0x48, 0xff, 0x50, 0x48, 0x40, 0xff,
    0x50, 0x4c, 0x48, 0xff, 0x50, 0x48, 0x48, 0xff, 0x50, 0x4c, 0x40, 0xff,
    0x50, 0x4c, 0x48, 0xff, 0x50, 0x4c, 0x48, 0xff, 0x50, 0x4c, 0x48, 0xff,
    0x50, 0x4c, 0x48, 0xff, 0x50, 0x48, 0x48, 0xff, 0x50, 0x4c, 0x48, 0xff,
    0x50, 0x4c, 0x48, 0xff, 0x50, 0x4c, 0x48, 0xff, 0x50, 0x4c, 0x40, 0xff,
    0x50, 0x48, 0x48, 0xff, 0x50, 0x4c, 0x48, 0xff, 0x50, 0x48, 0x48, 0xff,
    0x50, 0x4c, 0x48, 0xff, 0x50, 0x4c, 0x48, 0xff, 0x50, 0x4c, 0x48, 0xff,
    0x50, 0x48, 0x48, 0xff, 0x50, 0x4c, 0x40, 0xff, 0x50, 0x4c, 0x48, 0xff,
    0x50, 0x48, 0x48, 0xff, 0x50, 0x4c, 0x48, 0xff, 0x50, 0x48, 0x48, 0xff,
    0x50, 0x4c, 0x48, 0xff, 0x50, 0x4c, 0x48, 0xff, 0x50, 0x4c, 0x40, 0xff,
    0x50, 0x4c, 0x48, 0xff, 0x50, 0x4c, 0x48, 0xff, 0x50, 0x4c, 0x48, 0xdf,
    0x50, 0x50, 0x48, 0x20, 0x00, 0x00, 0x00, 0x00, 0x00, 0x00, 0x00, 0x00,
    0x00, 0x00, 0x00, 0x00, 0x00, 0x00, 0x00, 0x00, 0x00, 0x00, 0x00, 0x00,
    0x00, 0x00, 0x00, 0x00, 0x00, 0x00, 0x00, 0x00, 0x00, 0x00, 0x00, 0x00,
    0x00, 0x00, 0x00, 0x00, 0x00, 0x00, 0x00, 0x00, 0x00, 0x00, 0x00, 0x00,
    0x00, 0x00, 0x00, 0x00, 0x00, 0x00, 0x00, 0x00, 0x00, 0x00, 0x00, 0x00,
    0x00, 0x00, 0x00, 0x00, 0x50, 0x50, 0x48, 0x20, 0x50, 0x4c, 0x48, 0xdf,
    0x50, 0x4c, 0x48, 0xff, 0x50, 0x48, 0x48, 0xff, 0x50, 0x4c, 0x48, 0xff,
    0x50, 0x4c, 0x48, 0xff, 0x50, 0x4c, 0x48, 0xff, 0x50, 0x48, 0x48, 0xff,
    0x50, 0x4c, 0x48, 0xff, 0x50, 0x4c, 0x48, 0xff, 0x50, 0x4c, 0x48, 0xff,
    0x50, 0x4c, 0x48, 0xff, 0x50, 0x4c, 0x40, 0xff, 0x50, 0x4c, 0x48, 0xff,
    0x50, 0x4c, 0x48, 0xff, 0x50, 0x48, 0x40, 0xff, 0x50, 0x4c, 0x48, 0xff,
    0x50, 0x4c, 0x48, 0xff, 0x50, 0x4c, 0x40, 0xff, 0x50, 0x4c, 0x48, 0xff,
    0x50, 0x4c, 0x48, 0xff, 0x50, 0x4c, 0x48, 0xff, 0x50, 0x48, 0x48, 0xff,
    0x50, 0x4c, 0x48, 0xff, 0x50, 0x4c, 0x40, 0xff, 0x50, 0x48, 0x48, 0xff,
    0x50, 0x4c, 0x48, 0xff, 0x50, 0x4c, 0x48, 0xff, 0x50, 0x4c, 0x48, 0xff,
    0x50, 0x4c, 0x40, 0xff, 0x50, 0x4c, 0x48, 0xff, 0x50, 0x4c, 0x48, 0xff,
    0x50, 0x4c, 0x48, 0xff, 0x50, 0x4c, 0x48, 0xff, 0x50, 0x48, 0x48, 0xff,
    0x50, 0x4c, 0x48, 0xff, 0x50, 0x4c, 0x48, 0xff, 0x50, 0x4c, 0x48, 0xff,
    0x50, 0x4c, 0x48, 0xff, 0x50, 0x48, 0x48, 0xff, 0x50, 0x4c, 0x48, 0xff,
    0x50, 0x4c, 0x48, 0xff, 0x50, 0x48, 0x48, 0xff, 0x50, 0x4c, 0x40, 0xff,
    0x50, 0x4c, 0x48, 0xff, 0x50, 0x4c, 0x48, 0xff, 0x50, 0x4c, 0x48, 0xff,
    0x50, 0x4c, 0x48, 0xff, 0x50, 0x4c, 0x48, 0xff, 0x50, 0x4c, 0x48, 0xff,
    0x50, 0x4c, 0x48, 0xff, 0x50, 0x48, 0x48, 0xff, 0x50, 0x4c, 0x48, 0xff,
    0x50, 0x4c, 0x48, 0xff, 0x50, 0x48, 0x48, 0xff, 0x50, 0x4c, 0x48, 0xff,
    0x50, 0x4c, 0x48, 0xff, 0x50, 0x4c, 0x48, 0xff, 0x50, 0x4c, 0x40, 0xff,
    0x50, 0x4c, 0x48, 0xff, 0x50, 0x4c, 0x48, 0xff, 0x50, 0x4c, 0x48, 0xff,
    0x50, 0x4c, 0x48, 0xff, 0x50, 0x48, 0x48, 0xff, 0x50, 0x4c, 0x48, 0xff,
    0x50, 0x4c, 0x48, 0xff, 0x50, 0x48, 0x48, 0xff, 0x50, 0x4c, 0x48, 0xff,
    0x50, 0x4c, 0x48, 0xff, 0x50, 0x4c, 0x48, 0xff, 0x50, 0x4c, 0x48, 0xff,
    0x50, 0x4c, 0x48, 0xff, 0x50, 0x4c, 0x48, 0xff, 0x50, 0x4c, 0x40, 0xff,
    0x50, 0x4c, 0x48, 0xff, 0x50, 0x48, 0x48, 0xff, 0x50, 0x4c, 0x48, 0xff,
    0x50, 0x4c, 0x48, 0xff, 0x50, 0x48, 0x48, 0xff, 0x50, 0x4c, 0x48, 0xff,
    0x50, 0x4c, 0x48, 0xff, 0x50, 0x4c, 0x48, 0xff, 0x50, 0x4c, 0x48, 0xff,
    0x50, 0x4c, 0x48, 0xff, 0x50, 0x4c, 0x48, 0xff, 0x50, 0x4c, 0x48, 0xff,
    0x50, 0x4c, 0x48, 0xff, 0x50, 0x48, 0x48, 0xff, 0x50, 0x4c, 0x40, 0xff,
    0x50, 0x4c, 0x48, 0xff, 0x50, 0x48, 0x48, 0xff, 0x50, 0x4c, 0x48, 0xff,
    0x50, 0x4c, 0x48, 0xff, 0x50, 0x4c, 0x48, 0xff, 0x50, 0x4c, 0x48, 0xff,
    0x50, 0x4c, 0x48, 0xff, 0x50, 0x4c, 0x48, 0xff, 0x50, 0x4c, 0x48, 0xff,
    0x50, 0x4c, 0x48, 0xff, 0x50, 0x48, 0x48, 0xff, 0x50, 0x4c, 0x48, 0xff,
    0x50, 0x4c, 0x48, 0xff, 0x50, 0x48, 0x48, 0xff, 0x50, 0x4c, 0x40, 0xff,
    0x50, 0x4c, 0x48, 0xff, 0x50, 0x4c, 0x48, 0xff, 0x50, 0x4c, 0x48, 0xff,
    0x50, 0x4c, 0x48, 0xff, 0x50, 0x4c, 0x48, 0xff, 0x50, 0x4c, 0x48, 0xff,
    0x50, 0x4c, 0x48, 0xff, 0x50, 0x48, 0x48, 0xff, 0x50, 0x4c, 0x48, 0xff,
    0x50, 0x4c, 0x48, 0xff, 0x50, 0x48, 0x48, 0xff, 0x50, 0x4c, 0x48, 0xff,
    0x50, 0x4c, 0x48, 0xff, 0x50, 0x4c, 0x48, 0xff, 0x50, 0x4c, 0x40, 0xff,
    0x50, 0x4c, 0x48, 0xff, 0x50, 0x4c, 0x48, 0xff, 0x50, 0x4c, 0x48, 0xff,
    0x50, 0x4c, 0x48, 0xff, 0x50, 0x48, 0x48, 0xff, 0x50, 0x4c, 0x48, 0xff,
    0x50, 0x4c, 0x48, 0xff, 0x50, 0x48, 0x48, 0xff, 0x50, 0x4c, 0x48, 0xff,
    0x50, 0x4c, 0x48, 0xff, 0x50, 0x4c, 0x48, 0xff, 0x50, 0x4c, 0x48, 0xff,
    0x50, 0x4c, 0x48, 0xff, 0x50, 0x4c, 0x48, 0xff, 0x50, 0x4c, 0x40, 0xff,
    0x50, 0x4c, 0x48, 0xff, 0x50, 0x48, 0x48, 0xff, 0x50, 0x4c, 0x48, 0xff,
    0x50, 0x4c, 0x48, 0xff, 0x50, 0x48, 0x48, 0xff, 0x50, 0x4c, 0x48, 0xff,
    0x50, 0x4c, 0x48, 0xff, 0x50, 0x4c, 0x48, 0xff, 0x50, 0x4c, 0x48, 0xff,
    0x50, 0x4c, 0x48, 0xff, 0x50, 0x4c, 0x48, 0xff, 0x50, 0x4c, 0x48, 0xff,
    0x50, 0x4c, 0x48, 0xff, 0x50, 0x48, 0x48, 0xff, 0x50, 0x4c, 0x40, 0xff,
    0x50, 0x4c, 0x48, 0xff, 0x50, 0x48, 0x48, 0xff, 0x50, 0x4c, 0x48, 0xff,
    0x50, 0x4c, 0x48, 0xff, 0x50, 0x4c, 0x48, 0xff, 0x50, 0x4c, 0x48, 0xff,
    0x50, 0x4c, 0x48, 0xff, 0x50, 0x4c, 0x48, 0xff, 0x50, 0x4c, 0x48, 0xff,
    0x50, 0x4c, 0x48, 0xff, 0x50, 0x48, 0x48, 0xff, 0x50, 0x4c, 0x48, 0xff,
    0x50, 0x4c, 0x48, 0xff, 0x50, 0x48, 0x48, 0xff, 0x50, 0x4c, 0x40, 0xff,
    0x50, 0x4c, 0x48, 0xff, 0x50, 0x4c, 0x48, 0xff, 0x50, 0x4c, 0x48, 0xff,
    0x50, 0x4c, 0x48, 0xff, 0x50, 0x4c, 0x48, 0xff, 0x50, 0x4c, 0x48, 0xff,
    0x50, 0x4c, 0x48, 0xff, 0x50, 0x48, 0x48, 0xff, 0x50, 0x4c, 0x48, 0xff,
    0x50, 0x4c, 0x48, 0xff, 0x50, 0x48, 0x48, 0xff, 0x50, 0x4c, 0x48, 0xff,
    0x50, 0x4c, 0x48, 0xff, 0x50, 0x4c, 0x48, 0xff, 0x50, 0x4c, 0x40, 0xff,
    0x50, 0x4c, 0x48, 0xff, 0x50, 0x4c, 0x48, 0xff, 0x50, 0x4c, 0x48, 0xff,
    0x50, 0x4c, 0x48, 0xff, 0x50, 0x48, 0x48, 0xff, 0x50, 0x4c, 0x48, 0xff,
    0x50, 0x4c, 0x48, 0xff, 0x50, 0x48, 0x40, 0xff, 0x50, 0x4c, 0x48, 0xff,
    0x50, 0x4c, 0x48, 0xff, 0x50, 0x4c, 0x40, 0xff, 0x50, 0x48, 0x48, 0xff,
    0x50, 0x4c, 0x48, 0xff, 0x50, 0x4c, 0x48, 0xff, 0x50, 0x48, 0x48, 0xff,
    0x50, 0x4c, 0x48, 0xff, 0x50, 0x4c, 0x40, 0xff, 0x50, 0x4c, 0x48, 0xff,
    0x50, 0x48, 0x48, 0xff, 0x50, 0x4c, 0x40, 0xff, 0x50, 0x4c, 0x48, 0xff,
    0x50, 0x4c, 0x48, 0xff, 0x50, 0x48, 0x48, 0xff, 0x50, 0x4c, 0x48, 0xff,
    0x50, 0x4c, 0x48, 0xff, 0x50, 0x48, 0x40, 0xff, 0x50, 0x4c, 0x48, 0xff,
    0x50, 0x4c, 0x48, 0xff, 0x50, 0x48, 0x48, 0xff, 0x50, 0x4c, 0x48, 0xff,
    0x50, 0x4c, 0x48, 0xff, 0x50, 0x48, 0x48, 0xff, 0x50, 0x4c, 0x48, 0xff,
    0x50, 0x4c, 0x48, 0xdf, 0x50, 0x40, 0x40, 0x10, 0x00, 0x00, 0x00, 0x00,
    0x00, 0x00, 0x00, 0x00, 0x00, 0x00, 0x00, 0x00, 0x00, 0x00, 0x00, 0x00,
    0x00, 0x00, 0x00, 0x00, 0x00, 0x00, 0x00, 0x00, 0x00, 0x00, 0x00, 0x00,
    0x00, 0x00, 0x00, 0x00, 0x00, 0x00, 0x00, 0x00, 0x00, 0x00, 0x00, 0x00,
    0x00, 0x00, 0x00, 0x00, 0x00, 0x00, 0x00, 0x00, 0x00, 0x00, 0x00, 0x00,
    0x00, 0x00, 0x00, 0x00, 0x50, 0x4c, 0x48, 0xcf, 0x50, 0x48, 0x48, 0xff,
    0x50, 0x4c, 0x48, 0xff, 0x50, 0x4c, 0x48, 0xff, 0x50, 0x4c, 0x40, 0xff,
    0x50, 0x4c, 0x48, 0xff, 0x50, 0x48, 0x48, 0xff, 0x50, 0x4c, 0x48, 0xff,
    0x50, 0x4c, 0x48, 0xff, 0x50, 0x4c, 0x48, 0xff, 0x50, 0x48, 0x48, 0xff,
    0x50, 0x4c, 0x48, 0xff, 0x50, 0x4c, 0x48, 0xff, 0x50, 0x4c, 0x48, 0xff,
    0x50, 0x48, 0x48, 0xff, 0x50, 0x4c, 0x48, 0xff, 0x50, 0x4c, 0x48, 0xff,
    0x50, 0x48, 0x48, 0xff, 0x50, 0x4c, 0x48, 0xff, 0x50, 0x4c, 0x48, 0xff,
    0x50, 0x48, 0x48, 0xff, 0x50, 0x4c, 0x48, 0xff, 0x50, 0x4c, 0x48, 0xff,
    0x50, 0x48, 0x48, 0xff, 0x50, 0x4c, 0x48, 0xff, 0x50, 0x4c, 0x48, 0xff,
    0x50, 0x48, 0x48, 0xff, 0x50, 0x4c, 0x48, 0xff, 0x50, 0x48, 0x48, 0xff,
    0x50, 0x4c, 0x48, 0xff, 0x50, 0x48, 0x48, 0xff, 0x50, 0x48, 0x48, 0xff,
    0x50, 0x4c, 0x48, 0xff, 0x50, 0x4c, 0x48, 0xff, 0x50, 0x48, 0x48, 0xff,
    0x50, 0x4c, 0x48, 0xff, 0x50, 0x4c, 0x40, 0xff, 0x50, 0x4c, 0x48, 0xff,
    0x50, 0x4c, 0x48, 0xff, 0x50, 0x4c, 0x48, 0xff, 0x50, 0x4c, 0x48, 0xff,
    0x50, 0x48, 0x48, 0xff, 0x50, 0x4c, 0x48, 0xff, 0x50, 0x4c, 0x48, 0xff,
    0x50, 0x48, 0x48, 0xff, 0x50, 0x48, 0x48, 0xff, 0x50, 0x4c, 0x48, 0xff,
    0x50, 0x48, 0x48, 0xff, 0x50, 0x48, 0x48, 0xff, 0x50, 0x4c, 0x48, 0xff,
    0x50, 0x4c, 0x48, 0xff, 0x50, 0x4c, 0x40, 0xff, 0x50, 0x4c, 0x48, 0xff,
    0x50, 0x48, 0x48, 0xff, 0x50, 0x4c, 0x48, 0xff, 0x50, 0x4c, 0x48, 0xff,
    0x50, 0x48, 0x48, 0xff, 0x50, 0x48, 0x48, 0xff, 0x50, 0x4c, 0x48, 0xff,
    0x50, 0x48, 0x48, 0xff, 0x50, 0x48, 0x48, 0xff, 0x50, 0x4c, 0x48, 0xff,
    0x50, 0x4c, 0x48, 0xff, 0x50, 0x4c, 0x48, 0xff, 0x50, 0x4c, 0x48, 0xff,
    0x50, 0x48, 0x48, 0xff, 0x50, 0x4c, 0x40, 0xff, 0x50, 0x4c, 0x48, 0xff,
    0x50, 0x48, 0x48, 0xff, 0x50, 0x48, 0x48, 0xff, 0x50, 0x4c, 0x48, 0xff,
    0x50, 0x48, 0x48, 0xff, 0x50, 0x48, 0x48, 0xff, 0x50, 0x4c, 0x48, 0xff,
    0x50, 0x4c, 0x48, 0xff, 0x50, 0x4c, 0x48, 0xff, 0x50, 0x4c, 0x48, 0xff,
    0x50, 0x48, 0x48, 0xff, 0x50, 0x4c, 0x48, 0xff, 0x50, 0x4c, 0x48, 0xff,
    0x50, 0x48, 0x48, 0xff, 0x50, 0x48, 0x40, 0xff, 0x50, 0x4c, 0x48, 0xff,
    0x50, 0x48, 0x48, 0xff, 0x50, 0x48, 0x48, 0xff, 0x50, 0x4c, 0x48, 0xff,
    0x50, 0x4c, 0x48, 0xff, 0x50, 0x4c, 0x48, 0xff, 0x50, 0x4c, 0x48, 0xff,
    0x50, 0x48, 0x48, 0xff, 0x50, 0x4c, 0x48, 0xff, 0x50, 0x4c, 0x48, 0xff,
    0x50, 0x48, 0x48, 0xff, 0x50, 0x48, 0x48, 0xff, 0x50, 0x4c, 0x48, 0xff,
    0x50, 0x48, 0x48, 0xff, 0x50, 0x48, 0x40, 0xff, 0x50, 0x4c, 0x48, 0xff,
    0x50, 0x4c, 0x48, 0xff, 0x50, 0x4c, 0x48, 0xff, 0x50, 0x4c, 0x48, 0xff,
    0x50, 0x48, 0x48, 0xff, 0x50, 0x4c, 0x48, 0xff, 0x50, 0x4c, 0x48, 0xff,
    0x50, 0x48, 0x48, 0xff, 0x50, 0x48, 0x48, 0xff, 0x50, 0x4c, 0x48, 0xff,
    0x50, 0x48, 0x48, 0xff, 0x50, 0x48, 0x48, 0xff, 0x50, 0x4c, 0x48, 0xff,
    0x50, 0x4c, 0x48, 0xff, 0x50, 0x4c, 0x40, 0xff, 0x50, 0x4c, 0x48, 0xff,
    0x50, 0x48, 0x48, 0xff, 0x50, 0x4c, 0x48, 0xff, 0x50, 0x4c, 0x48, 0xff,
    0x50, 0x48, 0x48, 0xff, 0x50, 0x48, 0x48, 0xff, 0x50, 0x4c, 0x48, 0xff,
    0x50, 0x48, 0x48, 0xff, 0x50, 0x48, 0x48, 0xff, 0x50, 0x4c, 0x48, 0xff,
    0x50, 0x4c, 0x48, 0xff, 0x50, 0x4c, 0x48, 0xff, 0x50, 0x4c, 0x48, 0xff,
    0x50, 0x48, 0x48, 0xff, 0x50, 0x4c, 0x40, 0xff, 0x50, 0x4c, 0x48, 0xff,
    0x50, 0x48, 0x48, 0xff, 0x50, 0x48, 0x48, 0xff, 0x50, 0x4c, 0x48, 0xff,
    0x50, 0x48, 0x48, 0xff, 0x50, 0x48, 0x48, 0xff, 0x50, 0x4c, 0x48, 0xff,
    0x50, 0x4c, 0x48, 0xff, 0x50, 0x4c, 0x48, 0xff, 0x50, 0x4c, 0x48, 0xff,
    0x50, 0x48, 0x48, 0xff, 0x50, 0x4c, 0x48, 0xff, 0x50, 0x4c, 0x48, 0xff,
    0x50, 0x48, 0x48, 0xff, 0x50, 0x48, 0x40, 0xff, 0x50, 0x4c, 0x48, 0xff,
    0x50, 0x48, 0x48, 0xff, 0x50, 0x48, 0x48, 0xff, 0x50, 0x4c, 0x48, 0xff,
    0x50, 0x4c, 0x48, 0xff, 0x50, 0x4c, 0x48, 0xff, 0x50, 0x4c, 0x48, 0xff,
    0x50, 0x48, 0x48, 0xff, 0x50, 0x4c, 0x48, 0xff, 0x50, 0x4c, 0x48, 0xff,
    0x50, 0x48, 0x48, 0xff, 0x50, 0x48, 0x48, 0xff, 0x50, 0x4c, 0x48, 0xff,
    0x50, 0x48, 0x48, 0xff, 0x50, 0x48, 0x40, 0xff, 0x50, 0x4c, 0x48, 0xff,
    0x50, 0x4c, 0x48, 0xff, 0x50, 0x4c, 0x48, 0xff, 0x50, 0x4c, 0x48, 0xff,
    0x50, 0x48, 0x48, 0xff, 0x50, 0x4c, 0x48, 0xff, 0x50, 0x4c, 0x48, 0xff,
    0x50, 0x48, 0x48, 0xff, 0x50, 0x48, 0x48, 0xff, 0x50, 0x4c, 0x48, 0xff,
    0x50, 0x48, 0x48, 0xff, 0x50, 0x48, 0x48, 0xff, 0x50, 0x4c, 0x48, 0xff,
    0x50, 0x4c, 0x48, 0xff, 0x50, 0x4c, 0x40, 0xff, 0x50, 0x4c, 0x48, 0xff,
    0x50, 0x48, 0x48, 0xff, 0x50, 0x4c, 0x48, 0xff, 0x50, 0x4c, 0x48, 0xff,
    0x50, 0x48, 0x48, 0xff, 0x50, 0x48, 0x48, 0xff, 0x50, 0x4c, 0x48, 0xff,
    0x50, 0x48, 0x48, 0xff, 0x50, 0x48, 0x48, 0xff, 0x50, 0x4c, 0x48, 0xff,
    0x50, 0x4c, 0x48, 0xff, 0x50, 0x4c, 0x48, 0xff, 0x50, 0x4c, 0x48, 0xff,
    0x50, 0x48, 0x48, 0xff, 0x50, 0x4c, 0x48, 0xff, 0x50, 0x4c, 0x48, 0xff,
    0x50, 0x48, 0x48, 0xff, 0x50, 0x4c, 0x48, 0xff, 0x50, 0x4c, 0x48, 0xff,
    0x50, 0x4c, 0x48, 0xff, 0x50, 0x48, 0x48, 0xff, 0x50, 0x4c, 0x48, 0xff,
    0x50, 0x4c, 0x48, 0xff, 0x50, 0x4c, 0x48, 0xff, 0x50, 0x4c, 0x48, 0xff,
    0x50, 0x4c, 0x48, 0xff, 0x50, 0x48, 0x48, 0xff, 0x50, 0x4c, 0x48, 0xff,
    0x50, 0x4c, 0x48, 0xff, 0x50, 0x4c, 0x48, 0xff, 0x50, 0x4c, 0x48, 0xff,
    0x50, 0x4c, 0x48, 0xff, 0x50, 0x4c, 0x48, 0xff, 0x50, 0x4c, 0x48, 0xff,
    0x50, 0x4c, 0x48, 0xff, 0x50, 0x48, 0x40, 0xff, 0x50, 0x4c, 0x48, 0xff,
    0x50, 0x4c, 0x48, 0xff, 0x50, 0x48, 0x40, 0xff, 0x50, 0x4c, 0x48, 0xff,
    0x50, 0x4c, 0x48, 0xff, 0x50, 0x48, 0x40, 0xcf, 0x50, 0x40, 0x40, 0x10,
    0x00, 0x00, 0x00, 0x00, 0x00, 0x00, 0x00, 0x00, 0x00, 0x00, 0x00, 0x00,
    0x00, 0x00, 0x00, 0x00, 0x00, 0x00, 0x00, 0x00, 0x00, 0x00, 0x00, 0x00,
    0x00, 0x00, 0x00, 0x00, 0x00, 0x00, 0x00, 0x00, 0x00, 0x00, 0x00, 0x00,
    0x00, 0x00, 0x00, 0x00, 0x00, 0x00, 0x00, 0x00, 0x00, 0x00, 0x00, 0x00,
    0x50, 0x4c, 0x48, 0x8e, 0x50, 0x4c, 0x48, 0xff, 0x50, 0x4c, 0x48, 0xff,
    0x50, 0x48, 0x48, 0xff, 0x50, 0x4c, 0x48, 0xff, 0x50, 0x4c, 0x48, 0xff,
    0x50, 0x48, 0x48, 0xff, 0x50, 0x4c, 0x48, 0xff, 0x50, 0x4c, 0x40, 0xff,
    0x50, 0x4c, 0x48, 0xff, 0x50, 0x48, 0x48, 0xff, 0x50, 0x4c, 0x40, 0xff,
    0x50, 0x4c, 0x48, 0xff, 0x50, 0x48, 0x48, 0xff, 0x50, 0x4c, 0x48, 0xff,
    0x50, 0x4c, 0x48, 0xff, 0x50, 0x4c, 0x48, 0xff, 0x50, 0x4c, 0x48, 0xff,
    0x50, 0x48, 0x48, 0xff, 0x50, 0x4c, 0x48, 0xff, 0x50, 0x4c, 0x40, 0xff,
    0x50, 0x48, 0x48, 0xff, 0x50, 0x4c, 0x48, 0xff, 0x50, 0x4c, 0x40, 0xff,
    0x50, 0x4c, 0x48, 0xff, 0x50, 0x4c, 0x48, 0xff, 0x50, 0x4c, 0x48, 0xff,
    0x50, 0x4c, 0x48, 0xff, 0x50, 0x4c, 0x40, 0xff, 0x50, 0x4c, 0x48, 0xff,
    0x50, 0x4c, 0x48, 0xff, 0x50, 0x4c, 0x48, 0xff, 0x50, 0x4c, 0x48, 0xff,
    0x50, 0x4c, 0x40, 0xff, 0x50, 0x4c, 0x48, 0xff, 0x50, 0x4c, 0x48, 0xff,
    0x50, 0x48, 0x48, 0xff, 0x50, 0x4c, 0x48, 0xff, 0x50, 0x48, 0x48, 0xff,
    0x50, 0x48, 0x48, 0xff, 0x50, 0x4c, 0x40, 0xff, 0x50, 0x4c, 0x48, 0xff,
    0x50, 0x4c, 0x48, 0xff, 0x50, 0x4c, 0x48, 0xff, 0x50, 0x4c, 0x48, 0xff,
    0x50, 0x4c, 0x48, 0xff, 0x50, 0x4c, 0x40, 0xff, 0x50, 0x4c, 0x48, 0xff,
    0x50, 0x4c, 0x48, 0xff, 0x50, 0x4c, 0x40, 0xff, 0x50, 0x4c, 0x48, 0xff,
    0x50, 0x48, 0x48, 0xff, 0x50, 0x4c, 0x48, 0xff, 0x50, 0x4c, 0x48, 0xff,
    0x50, 0x4c, 0x48, 0xff, 0x50, 0x4c, 0x40, 0xff, 0x50, 0x4c, 0x48, 0xff,
    0x50, 0x4c, 0x48, 0xff, 0x50, 0x4c, 0x48, 0xff, 0x50, 0x4c, 0x48, 0xff,
    0x50, 0x4c, 0x48, 0xff, 0x50, 0x4c, 0x40, 0xff, 0x50, 0x4c, 0x48, 0xff,
    0x50, 0x48, 0x48, 0xff, 0x50, 0x4c, 0x40, 0xff, 0x50, 0x4c, 0x48, 0xff,
    0x50, 0x4c, 0x48, 0xff, 0x50, 0x4c, 0x48, 0xff, 0x50, 0x4c, 0x48, 0xff,
    0x50, 0x4c, 0x48, 0xff, 0x50, 0x4c, 0x40, 0xff, 0x50, 0x4c, 0x48, 0xff,
    0x50, 0x4c, 0x48, 0xff, 0x50, 0x4c, 0x48, 0xff, 0x50, 0x4c, 0x48, 0xff,
    0x50, 0x48, 0x48, 0xff, 0x50, 0x4c, 0x40, 0xff, 0x50, 0x4c, 0x48, 0xff,
    0x50, 0x4c, 0x48, 0xff, 0x50, 0x4c, 0x40, 0xff, 0x50, 0x4c, 0x48, 0xff,
    0x50, 0x4c, 0x48, 0xff, 0x50, 0x4c, 0x48, 0xff, 0x50, 0x4c, 0x48, 0xff,
    0x50, 0x4c, 0x48, 0xff, 0x50, 0x4c, 0x40, 0xff, 0x50, 0x4c, 0x48, 0xff,
    0x50, 0x48, 0x48, 0xff, 0x50, 0x4c, 0x48, 0xff, 0x50, 0x4c, 0x48, 0xff,
    0x50, 0x4c, 0x48, 0xff, 0x50, 0x4c, 0x40, 0xff, 0x50, 0x4c, 0x48, 0xff,
    0x50, 0x4c, 0x48, 0xff, 0x50, 0x4c, 0x40, 0xff, 0x50, 0x4c, 0x48, 0xff,
    0x50, 0x4c, 0x48, 0xff, 0x50, 0x4c, 0x48, 0xff, 0x50, 0x4c, 0x48, 0xff,
    0x50, 0x48, 0x48, 0xff, 0x50, 0x4c, 0x40, 0xff, 0x50, 0x4c, 0x48, 0xff,
    0x50, 0x4c, 0x48, 0xff, 0x50, 0x4c, 0x48, 0xff, 0x50, 0x4c, 0x48, 0xff,
    0x50, 0x4c, 0x48, 0xff, 0x50, 0x4c, 0x40, 0xff, 0x50, 0x4c, 0x48, 0xff,
    0x50, 0x4c, 0x48, 0xff, 0x50, 0x4c, 0x40, 0xff, 0x50, 0x4c, 0x48, 0xff,
    0x50, 0x48, 0x48, 0xff, 0x50, 0x4c, 0x48, 0xff, 0x50, 0x4c, 0x48, 0xff,
    0x50, 0x4c, 0x48, 0xff, 0x50, 0x4c, 0x40, 0xff, 0x50, 0x4c, 0x48, 0xff,
    0x50, 0x4c, 0x48, 0xff, 0x50, 0x4c, 0x48, 0xff, 0x50, 0x4c, 0x48, 0xff,
    0x50, 0x4c, 0x48, 0xff, 0x50, 0x4c, 0x40, 0xff, 0x50, 0x4c, 0x48, 0xff,
    0x50, 0x48, 0x48, 0xff, 0x50, 0x4c, 0x40, 0xff, 0x50, 0x4c, 0x48, 0xff,
    0x50, 0x4c, 0x48, 0xff, 0x50, 0x4c, 0x48, 0xff, 0x50, 0x4c, 0x48, 0xff,
    0x50, 0x4c, 0x48, 0xff, 0x50, 0x4c, 0x40, 0xff, 0x50, 0x4c, 0x48, 0xff,
    0x50, 0x4c, 0x48, 0xff, 0x50, 0x4c, 0x48, 0xff, 0x50, 0x4c, 0x48, 0xff,
    0x50, 0x48, 0x48, 0xff, 0x50, 0x4c, 0x40, 0xff, 0x50, 0x4c, 0x48, 0xff,
    0x50, 0x4c, 0x48, 0xff, 0x50, 0x4c, 0x40, 0xff, 0x50, 0x4c, 0x48, 0xff,
    0x50, 0x4c, 0x48, 0xff, 0x50, 0x4c, 0x48, 0xff, 0x50, 0x4c, 0x48, 0xff,
    0x50, 0x4c, 0x48, 0xff, 0x50, 0x4c, 0x40, 0xff, 0x50, 0x4c, 0x48, 0xff,
    0x50, 0x48, 0x48, 0xff, 0x50, 0x4c, 0x48, 0xff, 0x50, 0x4c, 0x48, 0xff,
    0x50, 0x4c, 0x48, 0xff, 0x50, 0x4c, 0x40, 0xff, 0x50, 0x4c, 0x48, 0xff,
    0x50, 0x4c, 0x48, 0xff, 0x50, 0x4c, 0x40, 0xff, 0x50, 0x4c, 0x48, 0xff,
    0x50, 0x4c, 0x48, 0xff, 0x50, 0x4c, 0x48, 0xff, 0x50, 0x4c, 0x48, 0xff,
    0x50, 0x48, 0x48, 0xff, 0x50, 0x4c, 0x40, 0xff, 0x50, 0x4c, 0x48, 0xff,
    0x50, 0x4c, 0x48, 0xff, 0x50, 0x4c, 0x48, 0xff, 0x50, 0x4c, 0x48, 0xff,
    0x50, 0x4c, 0x48, 0xff, 0x50, 0x4c, 0x40, 0xff, 0x50, 0x4c, 0x48, 0xff,
    0x50, 0x4c, 0x48, 0xff, 0x50, 0x4c, 0x40, 0xff, 0x50, 0x4c, 0x48, 0xff,
    0x50, 0x48, 0x48, 0xff, 0x50, 0x4c, 0x48, 0xff, 0x50, 0x4c, 0x48, 0xff,
    0x50, 0x4c, 0x48, 0xff, 0x50, 0x4c, 0x40, 0xff, 0x50, 0x4c, 0x48, 0xff,
    0x50, 0x4c, 0x48, 0xff, 0x50, 0x4c, 0x48, 0xff, 0x50, 0x4c, 0x48, 0xff,
    0x50, 0x4c, 0x48, 0xff, 0x50, 0x4c, 0x40, 0xff, 0x50, 0x4c, 0x48, 0xff,
    0x50, 0x48, 0x48, 0xff, 0x50, 0x4c, 0x40, 0xff, 0x50, 0x4c, 0x48, 0xff,
    0x50, 0x4c, 0x48, 0xff, 0x50, 0x4c, 0x48, 0xff, 0x50, 0x4c, 0x48, 0xff,
    0x50, 0x48, 0x48, 0xff, 0x50, 0x4c, 0x48, 0xff, 0x50, 0x4c, 0x48, 0xff,
    0x50, 0x4c, 0x40, 0xff, 0x50, 0x4c, 0x48, 0xff, 0x50, 0x4c, 0x48, 0xff,
    0x50, 0x48, 0x40, 0xff, 0x50, 0x4c, 0x48, 0xff, 0x50, 0x4c, 0x48, 0xff,
    0x50, 0x48, 0x48, 0xff, 0x50, 0x4c, 0x48, 0xff, 0x50, 0x4c, 0x40, 0xff,
    0x50, 0x48, 0x48, 0xff, 0x50, 0x4c, 0x48, 0xff, 0x50, 0x48, 0x40, 0xff,
    0x50, 0x4c, 0x48, 0xff, 0x50, 0x48, 0x48, 0xff, 0x50, 0x4c, 0x48, 0xff,
    0x50, 0x4c, 0x48, 0xff, 0x50, 0x4c, 0x48, 0xff, 0x50, 0x4c, 0x48, 0xff,
    0x50, 0x4c, 0x48, 0xff, 0x50, 0x4c, 0x48, 0xff, 0x50, 0x4c, 0x48, 0xff,
    0x50, 0x48, 0x48, 0xff, 0x50, 0x4c, 0x48, 0xff, 0x50, 0x4c, 0x48, 0x8e,
    0x00, 0x00, 0x00, 0x00, 0x00, 0x00, 0x00, 0x00, 0x00, 0x00, 0x00, 0x00,
    0x00, 0x00, 0x00, 0x00, 0x00, 0x00, 0x00, 0x00, 0x00, 0x00, 0x00, 0x00,
    0x00, 0x00, 0x00, 0x00, 0x00, 0x00, 0x00, 0x00, 0x00, 0x00, 0x00, 0x00,
    0x00, 0x00, 0x00, 0x00, 0x00, 0x00, 0x00, 0x00, 0x50, 0x48, 0x48, 0x61,
    0x50, 0x4c, 0x48, 0xff, 0x50, 0x4c, 0x48, 0xff, 0x50, 0x4c, 0x48, 0xff,
    0x50, 0x4c, 0x40, 0xff, 0x50, 0x48, 0x48, 0xff, 0x50, 0x4c, 0x48, 0xff,
    0x50, 0x4c, 0x48, 0xff, 0x50, 0x4c, 0x48, 0xff, 0x50, 0x4c, 0x48, 0xff,
    0x50, 0x48, 0x48, 0xff, 0x50, 0x4c, 0x48, 0xff, 0x50, 0x4c, 0x48, 0xff,
    0x50, 0x4c, 0x48, 0xff, 0x50, 0x48, 0x48, 0xff, 0x50, 0x4c, 0x40, 0xff,
    0x50, 0x4c, 0x48, 0xff, 0x50, 0x48, 0x48, 0xff, 0x50, 0x4c, 0x40, 0xff,
    0x50, 0x4c, 0x48, 0xff, 0x50, 0x4c, 0x48, 0xff, 0x50, 0x4c, 0x48, 0xff,
    0x50, 0x4c, 0x48, 0xff, 0x50, 0x4c, 0x48, 0xff, 0x50, 0x48, 0x48, 0xff,
    0x50, 0x4c, 0x48, 0xff, 0x50, 0x48, 0x48, 0xff, 0x50, 0x4c, 0x48, 0xff,
    0x50, 0x4c, 0x48, 0xff, 0x50, 0x48, 0x48, 0xff, 0x50, 0x4c, 0x48, 0xff,
    0x50, 0x4c, 0x48, 0xff, 0x50, 0x48, 0x48, 0xff, 0x50, 0x4c, 0x48, 0xff,
    0x50, 0x4c, 0x48, 0xff, 0x50, 0x48, 0x48, 0xff, 0x50, 0x4c, 0x48, 0xff,
    0x50, 0x4c, 0x40, 0xff, 0x50, 0x4c, 0x48, 0xff, 0x50, 0x4c, 0x48, 0xff,
    0x50, 0x4c, 0x48, 0xff, 0x50, 0x48, 0x48, 0xff, 0x50, 0x4c, 0x48, 0xff,
    0x50, 0x48, 0x40, 0xff, 0x50, 0x4c, 0x48, 0xff, 0x50, 0x48, 0x48, 0xff,
    0x50, 0x4c, 0x48, 0xff, 0x50, 0x4c, 0x48, 0xff, 0x50, 0x48, 0x48, 0xff,
    0x50, 0x4c, 0x48, 0xff, 0x50, 0x4c, 0x48, 0xff, 0x50, 0x4c, 0x48, 0xff,
    0x50, 0x48, 0x48, 0xff, 0x50, 0x4c, 0x48, 0xff, 0x50, 0x4c, 0x48, 0xff,
    0x50, 0x48, 0x48, 0xff, 0x50, 0x48, 0x48, 0xff, 0x50, 0x4c, 0x48, 0xff,
    0x50, 0x4c, 0x40, 0xff, 0x50, 0x48, 0x48, 0xff, 0x50, 0x4c, 0x48, 0xff,
    0x50, 0x4c, 0x48, 0xff, 0x50, 0x4c, 0x48, 0xff, 0x50, 0x48, 0x48, 0xff,
    0x50, 0x4c, 0x48, 0xff, 0x50, 0x4c, 0x48, 0xff, 0x50, 0x48, 0x48, 0xff,
    0x50, 0x4c, 0x48, 0xff, 0x50, 0x48, 0x48, 0xff, 0x50, 0x4c, 0x48, 0xff,
    0x50, 0x4c, 0x48, 0xff, 0x50, 0x48, 0x48, 0xff, 0x50, 0x4c, 0x48, 0xff,
    0x50, 0x4c, 0x40, 0xff, 0x50, 0x4c, 0x48, 0xff, 0x50, 0x48, 0x48, 0xff,
    0x50, 0x4c, 0x48, 0xff, 0x50, 0x4c, 0x48, 0xff, 0x50, 0x48, 0x48, 0xff,
    0x50, 0x4c, 0x48, 0xff, 0x50, 0x48, 0x48, 0xff, 0x50, 0x4c, 0x48, 0xff,
    0x50, 0x4c, 0x48, 0xff, 0x50, 0x48, 0x48, 0xff, 0x50, 0x4c, 0x48, 0xff,
    0x50, 0x4c, 0x48, 0xff, 0x50, 0x4c, 0x48, 0xff, 0x50, 0x48, 0x48, 0xff,
    0x50, 0x4c, 0x40, 0xff, 0x50, 0x4c, 0x48, 0xff, 0x50, 0x48, 0x48, 0xff,
    0x50, 0x4c, 0x48, 0xff, 0x50, 0x48, 0x48, 0xff, 0x50, 0x4c, 0x48, 0xff,
    0x50, 0x4c, 0x48, 0xff, 0x50, 0x48, 0x48, 0xff, 0x50, 0x4c, 0x48, 0xff,
    0x50, 0x4c, 0x48, 0xff, 0x50, 0x4c, 0x48, 0xff, 0x50, 0x48, 0x48, 0xff,
    0x50, 0x4c, 0x48, 0xff, 0x50, 0x4c, 0x48, 0xff, 0x50, 0x48, 0x48, 0xff,
    0x50, 0x4c, 0x40, 0xff, 0x50, 0x48, 0x48, 0xff, 0x50, 0x4c, 0x48, 0xff,
    0x50, 0x4c, 0x48, 0xff, 0x50, 0x48, 0x48, 0xff, 0x50, 0x4c, 0x48, 0xff,
    0x50, 0x4c, 0x48, 0xff, 0x50, 0x4c, 0x48, 0xff, 0x50, 0x48, 0x48, 0xff,
    0x50, 0x4c, 0x48, 0xff, 0x50, 0x4c, 0x48, 0xff, 0x50, 0x48, 0x48, 0xff,
    0x50, 0x4c, 0x48, 0xff, 0x50, 0x48, 0x48, 0xff, 0x50, 0x4c, 0x48, 0xff,
    0x50, 0x4c, 0x40, 0xff, 0x50, 0x48, 0x48, 0xff, 0x50, 0x4c, 0x48, 0xff,
    0x50, 0x4c, 0x48, 0xff, 0x50, 0x4c, 0x48, 0xff, 0x50, 0x48, 0x48, 0xff,
    0x50, 0x4c, 0x48, 0xff, 0x50, 0x4c, 0x48, 0xff, 0x50, 0x48, 0x48, 0xff,
    0x50, 0x4c, 0x48, 0xff, 0x50, 0x48, 0x48, 0xff, 0x50, 0x4c, 0x48, 0xff,
    0x50, 0x4c, 0x48, 0xff, 0x50, 0x48, 0x48, 0xff, 0x50, 0x4c, 0x48, 0xff,
    0x50, 0x4c, 0x40, 0xff, 0x50, 0x4c, 0x48, 0xff, 0x50, 0x48, 0x48, 0xff,
    0x50, 0x4c, 0x48, 0xff, 0x50, 0x4c, 0x48, 0xff, 0x50, 0x48, 0x48, 0xff,
    0x50, 0x4c, 0x48, 0xff, 0x50, 0x48, 0x48, 0xff, 0x50, 0x4c, 0x48, 0xff,
    0x50, 0x4c, 0x48, 0xff, 0x50, 0x48, 0x48, 0xff, 0x50, 0x4c, 0x48, 0xff,
    0x50, 0x4c, 0x48, 0xff, 0x50, 0x4c, 0x48, 0xff, 0x50, 0x48, 0x48, 0xff,
    0x50, 0x4c, 0x40, 0xff, 0x50, 0x4c, 0x48, 0xff, 0x50, 0x48, 0x48, 0xff,
    0x50, 0x4c, 0x48, 0xff, 0x50, 0x48, 0x48, 0xff, 0x50, 0x4c, 0x48, 0xff,
    0x50, 0x4c, 0x48, 0xff, 0x50, 0x48, 0x48, 0xff, 0x50, 0x4c, 0x48, 0xff,
    0x50, 0x4c, 0x48, 0xff, 0x50, 0x4c, 0x48, 0xff, 0x50, 0x48, 0x48, 0xff,
    0x50, 0x4c, 0x48, 0xff, 0x50, 0x4c, 0x48, 0xff, 0x50, 0x48, 0x48, 0xff,
    0x50, 0x4c, 0x40, 0xff, 0x50, 0x48, 0x48, 0xff, 0x50, 0x4c, 0x48, 0xff,
    0x50, 0x4c, 0x48, 0xff, 0x50, 0x48, 0x48, 0xff, 0x50, 0x4c, 0x48, 0xff,
    0x50, 0x4c, 0x48, 0xff, 0x50, 0x4c, 0x48, 0xff, 0x50, 0x48, 0x48, 0xff,
    0x50, 0x4c, 0x48, 0xff, 0x50, 0x4c, 0x48, 0xff, 0x50, 0x48, 0x48, 0xff,
    0x50, 0x4c, 0x48, 0xff, 0x50, 0x48, 0x48, 0xff, 0x50, 0x4c, 0x48, 0xff,
    0x50, 0x4c, 0x40, 0xff, 0x50, 0x48, 0x48, 0xff, 0x50, 0x4c, 0x48, 0xff,
    0x50, 0x4c, 0x48, 0xff, 0x50, 0x4c, 0x48, 0xff, 0x50, 0x48, 0x48, 0xff,
    0x50, 0x4c, 0x48, 0xff, 0x50, 0x4c, 0x48, 0xff, 0x50, 0x48, 0x48, 0xff,
    0x50, 0x4c, 0x48, 0xff, 0x50, 0x4c, 0x40, 0xff, 0x50, 0x48, 0x48, 0xff,
    0x50, 0x4c, 0x48, 0xff, 0x50, 0x4c, 0x40, 0xff, 0x50, 0x48, 0x48, 0xff,
    0x50, 0x48, 0x48, 0xff, 0x50, 0x4c, 0x48, 0xff, 0x50, 0x4c, 0x48, 0xff,
    0x50, 0x48, 0x48, 0xff, 0x50, 0x4c, 0x48, 0xff, 0x50, 0x4c, 0x48, 0xff,
    0x50, 0x48, 0x40, 0xff, 0x50, 0x4c, 0x48, 0xff, 0x50, 0x4c, 0x48, 0xff,
    0x50, 0x4c, 0x48, 0xff, 0x50, 0x48, 0x48, 0xff, 0x50, 0x4c, 0x48, 0xff,
    0x50, 0x4c, 0x48, 0xff, 0x50, 0x4c, 0x40, 0xff, 0x50, 0x48, 0x48, 0xff,
    0x50, 0x4c, 0x48, 0xff, 0x50, 0x48, 0x48, 0xff, 0x50, 0x4c, 0x48, 0xff,
    0x50, 0x48, 0x48, 0xff, 0x50, 0x4c, 0x48, 0xff, 0x50, 0x4c, 0x48, 0xff,
    0x50, 0x4c, 0x48, 0xff, 0x50, 0x4c, 0x48, 0xff, 0x50, 0x4c, 0x48, 0xff,
    0x50, 0x48, 0x48, 0x71, 0x00, 0x00, 0x00, 0x00, 0x00, 0x00, 0x00, 0x00,
    0x00, 0x00, 0x00, 0x00, 0x00, 0x00, 0x00, 0x00, 0x00, 0x00, 0x00, 0x00,
    0x00, 0x00, 0x00, 0x00, 0x00, 0x00, 0x00, 0x00, 0x00, 0x00, 0x00, 0x00,
    0x00, 0x00, 0x00, 0x00, 0x50, 0x50, 0x48, 0x20, 0x50, 0x4c, 0x48, 0xdf,
    0x50, 0x4c, 0x48, 0xff, 0x50, 0x48, 0x48, 0xff, 0x50, 0x4c, 0x48, 0xff,
    0x50, 0x4c, 0x48, 0xff, 0x50, 0x4c, 0x48, 0xff, 0x50, 0x48, 0x48, 0xff,
    0x50, 0x4c, 0x40, 0xff, 0x50, 0x4c, 0x48, 0xff, 0x50, 0x48, 0x48, 0xff,
    0x50, 0x4c, 0x48, 0xff, 0x50, 0x4c, 0x48, 0xff, 0x50, 0x4c, 0x48, 0xff,
    0x50, 0x4c, 0x48, 0xff, 0x50, 0x4c, 0x48, 0xff, 0x50, 0x4c, 0x48, 0xff,
    0x50, 0x48, 0x48, 0xff, 0x50, 0x4c, 0x48, 0xff, 0x50, 0x4c, 0x48, 0xff,
    0x50, 0x48, 0x48, 0xff, 0x50, 0x4c, 0x48, 0xff, 0x50, 0x48, 0x48, 0xff,
    0x50, 0x4c, 0x48, 0xff, 0x50, 0x4c, 0x48, 0xff, 0x50, 0x4c, 0x48, 0xff,
    0x50, 0x4c, 0x40, 0xff, 0x50, 0x48, 0x48, 0xff, 0x50, 0x4c, 0x48, 0xff,
    0x50, 0x4c, 0x40, 0xff, 0x50, 0x48, 0x48, 0xff, 0x50, 0x4c, 0x48, 0xff,
    0x50, 0x4c, 0x40, 0xff, 0x50, 0x48, 0x48, 0xff, 0x50, 0x4c, 0x48, 0xff,
    0x50, 0x4c, 0x48, 0xff, 0x50, 0x48, 0x48, 0xff, 0x50, 0x4c, 0x48, 0xff,
    0x50, 0x4c, 0x48, 0xff, 0x50, 0x48, 0x48, 0xff, 0x50, 0x4c, 0x48, 0xff,
    0x50, 0x4c, 0x40, 0xff, 0x50, 0x4c, 0x48, 0xff, 0x50, 0x4c, 0x48, 0xff,
    0x50, 0x4c, 0x48, 0xff, 0x50, 0x48, 0x48, 0xff, 0x50, 0x4c, 0x48, 0xff,
    0x50, 0x4c, 0x40, 0xff, 0x50, 0x48, 0x48, 0xff, 0x50, 0x4c, 0x48, 0xff,
    0x50, 0x4c, 0x48, 0xff, 0x50, 0x48, 0x48, 0xff, 0x50, 0x4c, 0x40, 0xff,
    0x50, 0x4c, 0x48, 0xff, 0x50, 0x4c, 0x48, 0xff, 0x50, 0x4c, 0x40, 0xff,
    0x50, 0x4c, 0x48, 0xff, 0x50, 0x4c, 0x48, 0xff, 0x50, 0x4c, 0x48, 0xff,
    0x50, 0x48, 0x48, 0xff, 0x50, 0x4c, 0x48, 0xff, 0x50, 0x4c, 0x48, 0xff,
    0x50, 0x48, 0x40, 0xff, 0x50, 0x4c, 0x48, 0xff, 0x50, 0x4c, 0x48, 0xff,
    0x50, 0x4c, 0x48, 0xff, 0x50, 0x4c, 0x48, 0xff, 0x50, 0x48, 0x40, 0xff,
    0x50, 0x4c, 0x48, 0xff, 0x50, 0x4c, 0x48, 0xff, 0x50, 0x48, 0x40, 0xff,
    0x50, 0x4c, 0x48, 0xff, 0x50, 0x4c, 0x48, 0xff, 0x50, 0x48, 0x48, 0xff,
    0x50, 0x4c, 0x48, 0xff, 0x50, 0x4c, 0x48, 0xff, 0x50, 0x48, 0x48, 0xff,
    0x50, 0x4c, 0x40, 0xff, 0x50, 0x4c, 0x48, 0xff, 0x50, 0x4c, 0x48, 0xff,
    0x50, 0x48, 0x48, 0xff, 0x50, 0x4c, 0x48, 0xff, 0x50, 0x4c, 0x40, 0xff,
    0x50, 0x48, 0x48, 0xff, 0x50, 0x4c, 0x48, 0xff, 0x50, 0x4c, 0x40, 0xff,
    0x50, 0x48, 0x48, 0xff, 0x50, 0x4c, 0x48, 0xff, 0x50, 0x4c, 0x48, 0xff,
    0x50, 0x4c, 0x48, 0xff, 0x50, 0x4c, 0x48, 0xff, 0x50, 0x48, 0x48, 0xff,
    0x50, 0x4c, 0x40, 0xff, 0x50, 0x4c, 0x48, 0xff, 0x50, 0x48, 0x48, 0xff,
    0x50, 0x4c, 0x48, 0xff, 0x50, 0x4c, 0x48, 0xff, 0x50, 0x48, 0x40, 0xff,
    0x50, 0x4c, 0x48, 0xff, 0x50, 0x4c, 0x48, 0xff, 0x50, 0x48, 0x40, 0xff,
    0x50, 0x4c, 0x48, 0xff, 0x50, 0x4c, 0x48, 0xff, 0x50, 0x4c, 0x48, 0xff,
    0x50, 0x48, 0x48, 0xff, 0x50, 0x4c, 0x48, 0xff, 0x50, 0x4c, 0x48, 0xff,
    0x50, 0x48, 0x40, 0xff, 0x50, 0x4c, 0x48, 0xff, 0x50, 0x4c, 0x48, 0xff,
    0x50, 0x48, 0x48, 0xff, 0x50, 0x4c, 0x48, 0xff, 0x50, 0x4c, 0x40, 0xff,
    0x50, 0x4c, 0x48, 0xff, 0x50, 0x4c, 0x48, 0xff, 0x50, 0x48, 0x40, 0xff,
    0x50, 0x4c, 0x48, 0xff, 0x50, 0x4c, 0x48, 0xff, 0x50, 0x48, 0x48, 0xff,
    0x50, 0x4c, 0x48, 0xff, 0x50, 0x4c, 0x48, 0xff, 0x50, 0x48, 0x48, 0xff,
    0x50, 0x4c, 0x40, 0xff, 0x50, 0x4c, 0x48, 0xff, 0x50, 0x48, 0x48, 0xff,
    0x50, 0x4c, 0x48, 0xff, 0x50, 0x4c, 0x48, 0xff, 0x50, 0x4c, 0x40, 0xff,
    0x50, 0x48, 0x48, 0xff, 0x50, 0x4c, 0x48, 0xff, 0x50, 0x4c, 0x40, 0xff,
    0x50, 0x48, 0x48, 0xff, 0x50, 0x4c, 0x48, 0xff, 0x50, 0x4c, 0x48, 0xff,
    0x50, 0x48, 0x48, 0xff, 0x50, 0x4c, 0x48, 0xff, 0x50, 0x4c, 0x48, 0xff,
    0x50, 0x4c, 0x40, 0xff, 0x50, 0x4c, 0x48, 0xff, 0x50, 0x48, 0x48, 0xff,
    0x50, 0x4c, 0x48, 0xff, 0x50, 0x4c, 0x48, 0xff, 0x50, 0x48, 0x40, 0xff,
    0x50, 0x4c, 0x48, 0xff, 0x50, 0x4c, 0x48, 0xff, 0x50, 0x48, 0x40, 0xff,
    0x50, 0x4c, 0x48, 0xff, 0x50, 0x4c, 0x48, 0xff, 0x50, 0x48, 0x48, 0xff,
    0x50, 0x4c, 0x48, 0xff, 0x50, 0x4c, 0x48, 0xff, 0x50, 0x4c, 0x48, 0xff,
    0x50, 0x48, 0x40, 0xff, 0x50, 0x4c, 0x48, 0xff, 0x50, 0x4c, 0x48, 0xff,
    0x50, 0x48, 0x48, 0xff, 0x50, 0x4c, 0x48, 0xff, 0x50, 0x4c, 0x40, 0xff,
    0x50, 0x48, 0x48, 0xff, 0x50, 0x4c, 0x48, 0xff, 0x50, 0x4c, 0x40, 0xff,
    0x50, 0x4c, 0x48, 0xff, 0x50, 0x4c, 0x48, 0xff, 0x50, 0x48, 0x48, 0xff,
    0x50, 0x4c, 0x48, 0xff, 0x50, 0x4c, 0x48, 0xff, 0x50, 0x48, 0x48, 0xff,
    0x50, 0x4c, 0x40, 0xff, 0x50, 0x4c, 0x48, 0xff, 0x50, 0x48, 0x48, 0xff,
    0x50, 0x4c, 0x48, 0xff, 0x50, 0x4c, 0x48, 0xff, 0x50, 0x48, 0x40, 0xff,
    0x50, 0x4c, 0x48, 0xff, 0x50, 0x4c, 0x48, 0xff, 0x50, 0x4c, 0x40, 0xff,
    0x50, 0x48, 0x48, 0xff, 0x50, 0x4c, 0x48, 0xff, 0x50, 0x4c, 0x48, 0xff,
    0x50, 0x48, 0x48, 0xff, 0x50, 0x4c, 0x48, 0xff, 0x50, 0x4c, 0x48, 0xff,
    0x50, 0x48, 0x40, 0xff, 0x50, 0x4c, 0x48, 0xff, 0x50, 0x4c, 0x48, 0xff,
    0x50, 0x4c, 0x48, 0xff, 0x50, 0x4c, 0x48, 0xff, 0x50, 0x48, 0x48, 0xff,
    0x50, 0x4c, 0x48, 0xff, 0x50, 0x4c, 0x48, 0xff, 0x50, 0x48, 0x48, 0xff,
    0x50, 0x4c, 0x48, 0xff, 0x50, 0x4c, 0x48, 0xff, 0x50, 0x4c, 0x48, 0xff,
    0x50, 0x4c, 0x48, 0xff, 0x50, 0x4c, 0x48, 0xff, 0x50, 0x4c, 0x48, 0xff,
    0x50, 0x4c, 0x48, 0xff, 0x50, 0x4c, 0x48, 0xff, 0x50, 0x4c, 0x48, 0xff,
    0x50, 0x4c, 0x48, 0xff, 0x50, 0x4c, 0x48, 0xff, 0x50, 0x4c, 0x48, 0xff,
    0x50, 0x4c, 0x48, 0xff, 0x50, 0x4c, 0x48, 0xff, 0x50, 0x4c, 0x48, 0xff,
    0x50, 0x4c, 0x48, 0xff, 0x50, 0x4c, 0x48, 0xff, 0x50, 0x4c, 0x48, 0xff,
    0x50, 0x4c, 0x48, 0xff, 0x50, 0x4c, 0x40, 0xff, 0x50, 0x48, 0x48, 0xff,
    0x50, 0x4c, 0x48, 0xff, 0x50, 0x4c, 0x40, 0xff, 0x50, 0x48, 0x48, 0xff,
    0x50, 0x4c, 0x48, 0xff, 0x50, 0x48, 0x48, 0xff, 0x50, 0x4c, 0x48, 0xff,
    0x50, 0x4c, 0x40, 0xef, 0x50, 0x50, 0x48, 0x20, 0x00, 0x00, 0x00, 0x00,
    0x00, 0x00, 0x00, 0x00, 0x00, 0x00, 0x00, 0x00, 0x00, 0x00, 0x00, 0x00,
    0x00, 0x00, 0x00, 0x00, 0x00, 0x00, 0x00, 0x00, 0x00, 0x00, 0x00, 0x00,
    0x00, 0x00, 0x00, 0x00, 0x50, 0x4c, 0x48, 0x9e, 0x50, 0x4c, 0x48, 0xff,
    0x50, 0x48, 0x48, 0xff, 0x50, 0x4c, 0x48, 0xff, 0x50, 0x4c, 0x40, 0xff,
    0x50, 0x48, 0x48, 0xff, 0x50, 0x4c, 0x48, 0xff, 0x50, 0x4c, 0x48, 0xff,
    0x50, 0x4c, 0x48, 0xff, 0x50, 0x48, 0x48, 0xff, 0x50, 0x4c, 0x48, 0xff,
    0x50, 0x4c, 0x40, 0xff, 0x50, 0x48, 0x48, 0xff, 0x50, 0x4c, 0x48, 0xff,
    0x50, 0x48, 0x40, 0xff, 0x50, 0x4c, 0x48, 0xff, 0x50, 0x4c, 0x48, 0xff,
    0x50, 0x4c, 0x48, 0xff, 0x50, 0x4c, 0x40, 0xff, 0x50, 0x4c, 0x48, 0xff,
    0x50, 0x4c, 0x48, 0xff, 0x50, 0x4c, 0x40, 0xff, 0x50, 0x48, 0x48, 0xff,
    0x50, 0x4c, 0x48, 0xff, 0x50, 0x4c, 0x40, 0xff, 0x50, 0x48, 0x48, 0xff,
    0x50, 0x4c, 0x48, 0xff, 0x50, 0x4c, 0x48, 0xff, 0x50, 0x4c, 0x48, 0xff,
    0x50, 0x4c, 0x48, 0xff, 0x50, 0x4c, 0x48, 0xff, 0x50, 0x4c, 0x48, 0xff,
    0x50, 0x4c, 0x48, 0xff, 0x50, 0x4c, 0x48, 0xff, 0x50, 0x4c, 0x40, 0xff,
    0x50, 0x4c, 0x48, 0xff, 0x50, 0x4c, 0x48, 0xff, 0x50, 0x4c, 0x40, 0xff,
    0x50, 0x4c, 0x48, 0xff, 0x50, 0x48, 0x48, 0xff, 0x50, 0x4c, 0x48, 0xff,
    0x50, 0x4c, 0x48, 0xff, 0x50, 0x48, 0x48, 0xff, 0x50, 0x4c, 0x48, 0xff,
    0x50, 0x4c, 0x48, 0xff, 0x50, 0x4c, 0x48, 0xff, 0x50, 0x4c, 0x48, 0xff,
    0x50, 0x4c, 0x48, 0xff, 0x50, 0x4c, 0x48, 0xff, 0x50, 0x4c, 0x48, 0xff,
    0x50, 0x4c, 0x40, 0xff, 0x50, 0x48, 0x48, 0xff, 0x50, 0x4c, 0x48, 0xff,
    0x50, 0x4c, 0x48, 0xff, 0x50, 0x48, 0x48, 0xff, 0x50, 0x4c, 0x48, 0xff,
    0x50, 0x4c, 0x48, 0xff, 0x50, 0x48, 0x48, 0xff, 0x50, 0x4c, 0x48, 0xff,
    0x50, 0x4c, 0x48, 0xff, 0x50, 0x4c, 0x48, 0xff, 0x50, 0x4c, 0x48, 0xff,
    0x50, 0x48, 0x48, 0xff, 0x50, 0x4c, 0x48, 0xff, 0x50, 0x4c, 0x48, 0xff,
    0x50, 0x48, 0x40, 0xff, 0x50, 0x4c, 0x48, 0xff, 0x50, 0x4c, 0x48, 0xff,
    0x50, 0x4c, 0x48, 0xff, 0x50, 0x4c, 0x48, 0xff, 0x50, 0x4c, 0x48, 0xff,
    0x50, 0x4c, 0x48, 0xff, 0x50, 0x4c, 0x48, 0xff, 0x50, 0x48, 0x48, 0xff,
    0x50, 0x4c, 0x48, 0xff, 0x50, 0x4c, 0x48, 0xff, 0x50, 0x4c, 0x48, 0xff,
    0x50, 0x4c, 0x48, 0xff, 0x50, 0x4c, 0x48, 0xff, 0x50, 0x4c, 0x48, 0xff,
    0x50, 0x4c, 0x40, 0xff, 0x50, 0x4c, 0x48, 0xff, 0x50, 0x4c, 0x48, 0xff,
    0x50, 0x4c, 0x48, 0xff, 0x50, 0x4c, 0x48, 0xff, 0x50, 0x48, 0x48, 0xff,
    0x50, 0x4c, 0x48, 0xff, 0x50, 0x4c, 0x48, 0xff, 0x50, 0x48, 0x48, 0xff,
    0x50, 0x4c, 0x48, 0xff, 0x50, 0x4c, 0x48, 0xff, 0x50, 0x4c, 0x48, 0xff,
    0x50, 0x4c, 0x48, 0xff, 0x50, 0x4c, 0x48, 0xff, 0x50, 0x4c, 0x48, 0xff,
    0x50, 0x4c, 0x40, 0xff, 0x50, 0x4c, 0x48, 0xff, 0x50, 0x48, 0x48, 0xff,
    0x50, 0x4c, 0x48, 0xff, 0x50, 0x4c, 0x48, 0xff, 0x50, 0x4c, 0x48, 0xff,
    0x50, 0x4c, 0x48, 0xff, 0x50, 0x4c, 0x48, 0xff, 0x50, 0x4c, 0x48, 0xff,
    0x50, 0x4c, 0x48, 0xff, 0x50, 0x4c, 0x48, 0xff, 0x50, 0x4c, 0x48, 0xff,
    0x50, 0x4c, 0x48, 0xff, 0x50, 0x4c, 0x48, 0xff, 0x50, 0x48, 0x48, 0xff,
    0x50, 0x4c, 0x40, 0xff, 0x50, 0x4c, 0x48, 0xff, 0x50, 0x48, 0x48, 0xff,
    0x50, 0x4c, 0x48, 0xff, 0x50, 0x4c, 0x48, 0xff, 0x50, 0x4c, 0x48, 0xff,
    0x50, 0x4c, 0x48, 0xff, 0x50, 0x4c, 0x48, 0xff, 0x50, 0x4c, 0x48, 0xff,
    0x50, 0x4c, 0x48, 0xff, 0x50, 0x4c, 0x48, 0xff, 0x50, 0x48, 0x48, 0xff,
    0x50, 0x4c, 0x48, 0xff, 0x50, 0x4c, 0x48, 0xff, 0x50, 0x4c, 0x48, 0xff,
    0x50, 0x4c, 0x40, 0xff, 0x50, 0x4c, 0x48, 0xff, 0x50, 0x4c, 0x48, 0xff,
    0x50, 0x4c, 0x48, 0xff, 0x50, 0x4c, 0x48, 0xff, 0x50, 0x4c, 0x48, 0xff,
    0x50, 0x4c, 0x48, 0xff, 0x50, 0x4c, 0x48, 0xff, 0x50, 0x48, 0x48, 0xff,
    0x50, 0x4c, 0x48, 0xff, 0x50, 0x4c, 0x48, 0xff, 0x50, 0x48, 0x48, 0xff,
    0x50, 0x4c, 0x48, 0xff, 0x50, 0x4c, 0x48, 0xff, 0x50, 0x4c, 0x48, 0xff,
    0x50, 0x4c, 0x40, 0xff, 0x50, 0x4c, 0x48, 0xff, 0x50, 0x4c, 0x48, 0xff,
    0x50, 0x4c, 0x48, 0xff, 0x50, 0x4c, 0x48, 0xff, 0x50, 0x48, 0x48, 0xff,
    0x50, 0x4c, 0x48, 0xff, 0x50, 0x4c, 0x48, 0xff, 0x50, 0x4c, 0x48, 0xff,
    0x50, 0x4c, 0x48, 0xff, 0x50, 0x4c, 0x48, 0xff, 0x50, 0x4c, 0x48, 0xff,
    0x50, 0x4c, 0x48, 0xff, 0x50, 0x4c, 0x48, 0xff, 0x50, 0x4c, 0x48, 0xff,
    0x50, 0x4c, 0x40, 0xff, 0x50, 0x4c, 0x48, 0xff, 0x50, 0x48, 0x48, 0xff,
    0x50, 0x4c, 0x48, 0xff, 0x50, 0x4c, 0x48, 0xff, 0x50, 0x48, 0x48, 0xff,
    0x50, 0x4c, 0x48, 0xff, 0x50, 0x4c, 0x48, 0xff, 0x50, 0x4c, 0x48, 0xff,
    0x50, 0x4c, 0x48, 0xff, 0x50, 0x4c, 0x48, 0xff, 0x50, 0x4c, 0x48, 0xff,
    0x50, 0x4c, 0x48, 0xff, 0x50, 0x4c, 0x48, 0xff, 0x50, 0x48, 0x48, 0xff,
    0x50, 0x4c, 0x40, 0xff, 0x50, 0x4c, 0x48, 0xff, 0x50, 0x4c, 0x48, 0xff,
    0x50, 0x4c, 0x48, 0xff, 0x50, 0x4c, 0x48, 0xff, 0x50, 0x4c, 0x48, 0xff,
    0x50, 0x4c, 0x48, 0xff, 0x50, 0x4c, 0x48, 0xff, 0x50, 0x4c, 0x48, 0xff,
    0x50, 0x4c, 0x48, 0xff, 0x50, 0x4c, 0x48, 0xff, 0x50, 0x48, 0x48, 0xff,
    0x50, 0x4c, 0x48, 0xff, 0x50, 0x4c, 0x48, 0xff, 0x50, 0x48, 0x48, 0xff,
    0x50, 0x4c, 0x40, 0xff, 0x50, 0x4c, 0x48, 0xff, 0x50, 0x4c, 0x48, 0xff,
    0x50, 0x4c, 0x40, 0xff, 0x50, 0x4c, 0x48, 0xff, 0x50, 0x4c, 0x48, 0xff,
    0x50, 0x4c, 0x48, 0xff, 0x50, 0x4c, 0x48, 0xff, 0x50, 0x48, 0x48, 0xff,
    0x50, 0x4c, 0x40, 0xff, 0x50, 0x4c, 0x48, 0xff, 0x50, 0x48, 0x48, 0xff,
    0x50, 0x4c, 0x40, 0xff, 0x50, 0x48, 0x48, 0xff, 0x50, 0x4c, 0x48, 0xff,
    0x50, 0x48, 0x48, 0xff, 0x50, 0x4c, 0x48, 0xff, 0x50, 0x48, 0x40, 0xff,
    0x50, 0x48, 0x48, 0xff, 0x50, 0x4c, 0x48, 0xff, 0x50, 0x48, 0x40, 0xff,
    0x50, 0x48, 0x48, 0xff, 0x50, 0x4c, 0x48, 0xff, 0x50, 0x4c, 0x48, 0xff,
    0x50, 0x48, 0x48, 0xff, 0x50, 0x4c, 0x48, 0xff, 0x50, 0x4c, 0x48, 0xff,
    0x50, 0x4c, 0x48, 0xff, 0x50, 0x4c, 0x48, 0xff, 0x50, 0x48, 0x48, 0xff,
    0x50, 0x4c, 0x48, 0xff, 0x50, 0x4c, 0x48, 0xff, 0x50, 0x48, 0x48, 0xff,
    0x50, 0x4c, 0x48, 0xff, 0x50, 0x4c, 0x48, 0xbe, 0x00, 0x00, 0x00, 0x00,
    0x00, 0x00, 0x00, 0x00, 0x00, 0x00, 0x00, 0x00, 0x00, 0x00, 0x00, 0x00,
    0x00, 0x00, 0x00, 0x00, 0x00, 0x00, 0x00, 0x00, 0x00, 0x00, 0x00, 0x00,
    0x50, 0x4c, 0x48, 0x51, 0x50, 0x4c, 0x48, 0xff, 0x50, 0x4c, 0x48, 0xff,
    0x50, 0x4c, 0x48, 0xff, 0x50, 0x4c, 0x48, 0xff, 0x50, 0x4c, 0x48, 0xff,
    0x50, 0x48, 0x48, 0xff, 0x50, 0x4c, 0x48, 0xff, 0x50, 0x4c, 0x48, 0xff,
    0x50, 0x4c, 0x48, 0xff, 0x50, 0x4c, 0x48, 0xff, 0x50, 0x4c, 0x48, 0xff,
    0x50, 0x4c, 0x48, 0xff, 0x50, 0x4c, 0x48, 0xff, 0x50, 0x48, 0x48, 0xff,
    0x50, 0x4c, 0x48, 0xff, 0x50, 0x4c, 0x48, 0xff, 0x50, 0x48, 0x48, 0xff,
    0x50, 0x4c, 0x48, 0xff, 0x50, 0x48, 0x48, 0xff, 0x50, 0x4c, 0x48, 0xff,
    0x50, 0x4c, 0x48, 0xff, 0x50, 0x4c, 0x48, 0xff, 0x50, 0x4c, 0x48, 0xff,
    0x50, 0x4c, 0x48, 0xff, 0x50, 0x48, 0x48, 0xff, 0x50, 0x4c, 0x48, 0xff,
    0x50, 0x4c, 0x48, 0xff, 0x50, 0x48, 0x48, 0xff, 0x50, 0x4c, 0x48, 0xff,
    0x50, 0x48, 0x48, 0xff, 0x50, 0x4c, 0x48, 0xff, 0x50, 0x48, 0x48, 0xff,
    0x50, 0x48, 0x48, 0xff, 0x50, 0x4c, 0x48, 0xff, 0x50, 0x48, 0x48, 0xff,
    0x50, 0x4c, 0x48, 0xff, 0x50, 0x48, 0x48, 0xff, 0x50, 0x4c, 0x48, 0xff,
    0x50, 0x4c, 0x48, 0xff, 0x50, 0x4c, 0x48, 0xff, 0x50, 0x4c, 0x48, 0xff,
    0x50, 0x4c, 0x48, 0xff, 0x50, 0x48, 0x48, 0xff, 0x50, 0x4c, 0x48, 0xff,
    0x50, 0x4c, 0x40, 0xff, 0x50, 0x48, 0x48, 0xff, 0x50, 0x4c, 0x48, 0xff,
    0x50, 0x48, 0x48, 0xff, 0x50, 0x4c, 0x48, 0xff, 0x50, 0x4c, 0x48, 0xff,
    0x50, 0x48, 0x48, 0xff, 0x50, 0x4c, 0x48, 0xff, 0x50, 0x4c, 0x48, 0xff,
    0x50, 0x4c, 0x48, 0xff, 0x50, 0x48, 0x48, 0xff, 0x50, 0x4c, 0x48, 0xff,
    0x50, 0x4c, 0x40, 0xff, 0x50, 0x48, 0x48, 0xff, 0x50, 0x4c, 0x48, 0xff,
    0x50, 0x4c, 0x40, 0xff, 0x50, 0x48, 0x48, 0xff, 0x50, 0x4c, 0x48, 0xff,
    0x50, 0x4c, 0x48, 0xff, 0x50, 0x4c, 0x48, 0xff, 0x50, 0x48, 0x48, 0xff,
    0x50, 0x4c, 0x48, 0xff, 0x50, 0x4c, 0x48, 0xff, 0x50, 0x48, 0x48, 0xff,
    0x50, 0x4c, 0x48, 0xff, 0x50, 0x48, 0x48, 0xff, 0x50, 0x4c, 0x48, 0xff,
    0x50, 0x4c, 0x40, 0xff, 0x50, 0x48, 0x48, 0xff, 0x50, 0x4c, 0x48, 0xff,
    0x50, 0x4c, 0x40, 0xff, 0x50, 0x48, 0x48, 0xff, 0x50, 0x4c, 0x48, 0xff,
    0x50, 0x48, 0x48, 0xff, 0x50, 0x48, 0x48, 0xff, 0x50, 0x4c, 0x48, 0xff,
    0x50, 0x48, 0x48, 0xff, 0x50, 0x4c, 0x48, 0xff, 0x50, 0x48, 0x48, 0xff,
    0x50, 0x4c, 0x48, 0xff, 0x50, 0x4c, 0x48, 0xff, 0x50, 0x4c, 0x48, 0xff,
    0x50, 0x4c, 0x40, 0xff, 0x50, 0x4c, 0x48, 0xff, 0x50, 0x48, 0x48, 0xff,
    0x50, 0x4c, 0x40, 0xff, 0x50, 0x4c, 0x48, 0xff, 0x50, 0x48, 0x48, 0xff,
    0x50, 0x4c, 0x48, 0xff, 0x50, 0x48, 0x48, 0xff, 0x50, 0x4c, 0x48, 0xff,
    0x50, 0x4c, 0x48, 0xff, 0x50, 0x48, 0x48, 0xff, 0x50, 0x4c, 0x48, 0xff,
    0x50, 0x4c, 0x48, 0xff, 0x50, 0x48, 0x48, 0xff, 0x50, 0x4c, 0x48, 0xff,
    0x50, 0x48, 0x40, 0xff, 0x50, 0x48, 0x48, 0xff, 0x50, 0x4c, 0x48, 0xff,
    0x50, 0x48, 0x40, 0xff, 0x50, 0x4c, 0x48, 0xff, 0x50, 0x48, 0x48, 0xff,
    0x50, 0x4c, 0x48, 0xff, 0x50, 0x4c, 0x48, 0xff, 0x50, 0x4c, 0x48, 0xff,
    0x50, 0x4c, 0x48, 0xff, 0x50, 0x4c, 0x48, 0xff, 0x50, 0x48, 0x48, 0xff,
    0x50, 0x4c, 0x48, 0xff, 0x50, 0x4c, 0x48, 0xff, 0x50, 0x48, 0x48, 0xff,
    0x50, 0x4c, 0x40, 0xff, 0x50, 0x48, 0x48, 0xff, 0x50, 0x4c, 0x48, 0xff,
    0x50, 0x4c, 0x40, 0xff, 0x50, 0x48, 0x48, 0xff, 0x50, 0x4c, 0x48, 0xff,
    0x50, 0x4c, 0x48, 0xff, 0x50, 0x48, 0x48, 0xff, 0x50, 0x4c, 0x48, 0xff,
    0x50, 0x48, 0x48, 0xff, 0x50, 0x48, 0x48, 0xff, 0x50, 0x4c, 0x48, 0xff,
    0x50, 0x48, 0x48, 0xff, 0x50, 0x4c, 0x48, 0xff, 0x50, 0x48, 0x48, 0xff,
    0x50, 0x4c, 0x40, 0xff, 0x50, 0x4c, 0x48, 0xff, 0x50, 0x4c, 0x48, 0xff,
    0x50, 0x4c, 0x40, 0xff, 0x50, 0x4c, 0x48, 0xff, 0x50, 0x48, 0x48, 0xff,
    0x50, 0x4c, 0x48, 0xff, 0x50, 0x4c, 0x48, 0xff, 0x50, 0x48, 0x48, 0xff,
    0x50, 0x4c, 0x48, 0xff, 0x50, 0x48, 0x48, 0xff, 0x50, 0x4c, 0x48, 0xff,
    0x50, 0x4c, 0x48, 0xff, 0x50, 0x48, 0x48, 0xff, 0x50, 0x4c, 0x48, 0xff,
    0x50, 0x4c, 0x40, 0xff, 0x50, 0x48, 0x48, 0xff, 0x50, 0x4c, 0x48, 0xff,
    0x50, 0x48, 0x40, 0xff, 0x50, 0x48, 0x48, 0xff, 0x50, 0x4c, 0x48, 0xff,
    0x50, 0x48, 0x48, 0xff, 0x50, 0x4c, 0x48, 0xff, 0x50, 0x48, 0x48, 0xff,
    0x50, 0x4c, 0x48, 0xff, 0x50, 0x4c, 0x48, 0xff, 0x50, 0x4c, 0x48, 0xff,
    0x50, 0x4c, 0x48, 0xff, 0x50, 0x4c, 0x48, 0xff, 0x50, 0x48, 0x48, 0xff,
    0x50, 0x4c, 0x40, 0xff, 0x50, 0x4c, 0x48, 0xff, 0x50, 0x48, 0x48, 0xff,
    0x50, 0x4c, 0x40, 0xff, 0x50, 0x48, 0x48, 0xff, 0x50, 0x4c, 0x48, 0xff,
    0x50, 0x4c, 0x48, 0xff, 0x50, 0x48, 0x48, 0xff, 0x50, 0x4c, 0x48, 0xff,
    0x50, 0x4c, 0x48, 0xff, 0x50, 0x48, 0x48, 0xff, 0x50, 0x4c, 0x48, 0xff,
    0x50, 0x48, 0x48, 0xff, 0x50, 0x48, 0x48, 0xff, 0x50, 0x4c, 0x48, 0xff,
    0x50, 0x48, 0x40, 0xff, 0x50, 0x4c, 0x48, 0xff, 0x50, 0x48, 0x48, 0xff,
    0x50, 0x4c, 0x40, 0xff, 0x50, 0x4c, 0x48, 0xff, 0x50, 0x4c, 0x48, 0xff,
    0x50, 0x4c, 0x48, 0xff, 0x50, 0x4c, 0x48, 0xff, 0x50, 0x48, 0x48, 0xff,
    0x50, 0x4c, 0x48, 0xff, 0x50, 0x4c, 0x48, 0xff, 0x50, 0x48, 0x48, 0xff,
    0x50, 0x48, 0x48, 0xff, 0x50, 0x4c, 0x48, 0xff, 0x50, 0x4c, 0x48, 0xff,
    0x50, 0x48, 0x40, 0xff, 0x50, 0x4c, 0x48, 0xff, 0x50, 0x4c, 0x48, 0xff,
    0x50, 0x48, 0x48, 0xff, 0x50, 0x4c, 0x48, 0xff, 0x50, 0x4c, 0x48, 0xff,
    0x50, 0x48, 0x48, 0xff, 0x50, 0x4c, 0x48, 0xff, 0x50, 0x4c, 0x48, 0xff,
    0x50, 0x4c, 0x40, 0xff, 0x50, 0x4c, 0x48, 0xff, 0x50, 0x4c, 0x48, 0xff,
    0x50, 0x4c, 0x48, 0xff, 0x50, 0x4c, 0x48, 0xff, 0x50, 0x4c, 0x48, 0xff,
    0x50, 0x4c, 0x48, 0xff, 0x50, 0x4c, 0x48, 0xff, 0x50, 0x48, 0x40, 0xff,
    0x50, 0x4c, 0x48, 0xff, 0x50, 0x4c, 0x48, 0xff, 0x50, 0x48, 0x48, 0xff,
    0x50, 0x4c, 0x48, 0xff, 0x50, 0x4c, 0x48, 0xff, 0x50, 0x4c, 0x40, 0xff,
    0x50, 0x4c, 0x48, 0xff, 0x50, 0x4c, 0x48, 0xff, 0x50, 0x4c, 0x48, 0xff,
    0x50, 0x48, 0x48, 0xff, 0x50, 0x4c, 0x48, 0xff, 0x50, 0x4c, 0x48, 0x41,
    0x00, 0x00, 0x00, 0x00, 0x00, 0x00, 0x00, 0x00, 0x00, 0x00, 0x00, 0x00,
    0x00, 0x00, 0x00, 0x00, 0x00, 0x00, 0x00, 0x00, 0x00, 0x00, 0x00, 0x00,
    0x50, 0x4c, 0x48, 0xdf, 0x50, 0x48, 0x48, 0xff, 0x50, 0x4c, 0x40, 0xff,
    0x50, 0x48, 0x48, 0xff, 0x50, 0x4c, 0x48, 0xff, 0x50, 0x4c, 0x48, 0xff,
    0x50, 0x4c, 0x48, 0xff, 0x50, 0x48, 0x40, 0xff, 0x50, 0x4c, 0x48, 0xff,
    0x50, 0x48, 0x48, 0xff, 0x50, 0x4c, 0x40, 0xff, 0x50, 0x48, 0x48, 0xff,
    0x50, 0x4c, 0x48, 0xff, 0x50, 0x4c, 0x48, 0xff, 0x50, 0x4c, 0x40, 0xff,
    0x50, 0x4c, 0x48, 0xff, 0x50, 0x4c, 0x48, 0xff, 0x50, 0x4c, 0x40, 0xff,
    0x50, 0x48, 0x48, 0xff, 0x50, 0x4c, 0x48, 0xff, 0x50, 0x48, 0x48, 0xff,
    0x50, 0x4c, 0x48, 0xff, 0x50, 0x48, 0x48, 0xff, 0x50, 0x4c, 0x48, 0xff,
    0x50, 0x4c, 0x48, 0xff, 0x50, 0x4c, 0x48, 0xff, 0x50, 0x4c, 0x48, 0xff,
    0x50, 0x4c, 0x40, 0xff, 0x50, 0x4c, 0x48, 0xff, 0x50, 0x48, 0x48, 0xff,
    0x50, 0x4c, 0x40, 0xff, 0x50, 0x4c, 0x48, 0xff, 0x50, 0x4c, 0x48, 0xff,
    0x50, 0x4c, 0x40, 0xff, 0x50, 0x4c, 0x48, 0xff, 0x50, 0x4c, 0x48, 0xff,
    0x50, 0x48, 0x48, 0xff, 0x50, 0x4c, 0x48, 0xff, 0x50, 0x4c, 0x48, 0xff,
    0x50, 0x48, 0x48, 0xff, 0x50, 0x4c, 0x40, 0xff, 0x50, 0x4c, 0x48, 0xff,
    0x50, 0x48, 0x48, 0xff, 0x50, 0x4c, 0x40, 0xff, 0x50, 0x4c, 0x48, 0xff,
    0x50, 0x4c, 0x48, 0xff, 0x50, 0x4c, 0x48, 0xff, 0x50, 0x48, 0x48, 0xff,
    0x50, 0x4c, 0x40, 0xff, 0x50, 0x4c, 0x48, 0xff, 0x50, 0x48, 0x48, 0xff,
    0x50, 0x4c, 0x48, 0xff, 0x50, 0x4c, 0x48, 0xff, 0x50, 0x4c, 0x40, 0xff,
    0x50, 0x48, 0x48, 0xff, 0x50, 0x4c, 0x48, 0xff, 0x50, 0x4c, 0x48, 0xff,
    0x50, 0x4c, 0x48, 0xff, 0x50, 0x4c, 0x48, 0xff, 0x50, 0x4c, 0x48, 0xff,
    0x50, 0x48, 0x48, 0xff, 0x50, 0x4c, 0x48, 0xff, 0x50, 0x4c, 0x40, 0xff,
    0x50, 0x4c, 0x48, 0xff, 0x50, 0x48, 0x48, 0xff, 0x50, 0x4c, 0x40, 0xff,
    0x50, 0x4c, 0x48, 0xff, 0x50, 0x4c, 0x48, 0xff, 0x50, 0x4c, 0x48, 0xff,
    0x50, 0x4c, 0x40, 0xff, 0x50, 0x48, 0x48, 0xff, 0x50, 0x4c, 0x48, 0xff,
    0x50, 0x4c, 0x48, 0xff, 0x50, 0x4c, 0x48, 0xff, 0x50, 0x4c, 0x48, 0xff,
    0x50, 0x4c, 0x48, 0xff, 0x50, 0x4c, 0x48, 0xff, 0x50, 0x4c, 0x40, 0xff,
    0x50, 0x4c, 0x48, 0xff, 0x50, 0x4c, 0x48, 0xff, 0x50, 0x4c, 0x40, 0xff,
    0x50, 0x4c, 0x48, 0xff, 0x50, 0x48, 0x48, 0xff, 0x50, 0x4c, 0x48, 0xff,
    0x50, 0x4c, 0x40, 0xff, 0x50, 0x48, 0x48, 0xff, 0x50, 0x4c, 0x48, 0xff,
    0x50, 0x4c, 0x48, 0xff, 0x50, 0x48, 0x48, 0xff, 0x50, 0x4c, 0x48, 0xff,
    0x50, 0x4c, 0x48, 0xff, 0x50, 0x48, 0x48, 0xff, 0x50, 0x4c, 0x40, 0xff,
    0x50, 0x4c, 0x48, 0xff, 0x50, 0x48, 0x48, 0xff, 0x50, 0x4c, 0x40, 0xff,
    0x50, 0x4c, 0x48, 0xff, 0x50, 0x4c, 0x48, 0xff, 0x50, 0x4c, 0x48, 0xff,
    0x50, 0x4c, 0x40, 0xff, 0x50, 0x4c, 0x48, 0xff, 0x50, 0x4c, 0x48, 0xff,
    0x50, 0x4c, 0x48, 0xff, 0x50, 0x4c, 0x48, 0xff, 0x50, 0x4c, 0x48, 0xff,
    0x50, 0x4c, 0x48, 0xff, 0x50, 0x48, 0x48, 0xff, 0x50, 0x4c, 0x40, 0xff,
    0x50, 0x4c, 0x48, 0xff, 0x50, 0x48, 0x48, 0xff, 0x50, 0x4c, 0x40, 0xff,
    0x50, 0x4c, 0x48, 0xff, 0x50, 0x48, 0x48, 0xff, 0x50, 0x4c, 0x48, 0xff,
    0x50, 0x4c, 0x40, 0xff, 0x50, 0x48, 0x48, 0xff, 0x50, 0x4c, 0x48, 0xff,
    0x50, 0x4c, 0x48, 0xff, 0x50, 0x48, 0x48, 0xff, 0x50, 0x4c, 0x48, 0xff,
    0x50, 0x4c, 0x48, 0xff, 0x50, 0x4c, 0x48, 0xff, 0x50, 0x4c, 0x40, 0xff,
    0x50, 0x4c, 0x48, 0xff, 0x50, 0x4c, 0x48, 0xff, 0x50, 0x4c, 0x40, 0xff,
    0x50, 0x4c, 0x48, 0xff, 0x50, 0x4c, 0x48, 0xff, 0x50, 0x4c, 0x48, 0xff,
    0x50, 0x4c, 0x40, 0xff, 0x50, 0x48, 0x48, 0xff, 0x50, 0x4c, 0x48, 0xff,
    0x50, 0x4c, 0x48, 0xff, 0x50, 0x48, 0x48, 0xff, 0x50, 0x4c, 0x48, 0xff,
    0x50, 0x4c, 0x48, 0xff, 0x50, 0x48, 0x48, 0xff, 0x50, 0x4c, 0x40, 0xff,
    0x50, 0x4c, 0x48, 0xff, 0x50, 0x48, 0x48, 0xff, 0x50, 0x4c, 0x40, 0xff,
    0x50, 0x4c, 0x48, 0xff, 0x50, 0x48, 0x48, 0xff, 0x50, 0x4c, 0x48, 0xff,
    0x50, 0x4c, 0x40, 0xff, 0x50, 0x4c, 0x48, 0xff, 0x50, 0x4c, 0x48, 0xff,
    0x50, 0x4c, 0x48, 0xff, 0x50, 0x4c, 0x48, 0xff, 0x50, 0x4c, 0x48, 0xff,
    0x50, 0x4c, 0x48, 0xff, 0x50, 0x4c, 0x48, 0xff, 0x50, 0x4c, 0x40, 0xff,
    0x50, 0x4c, 0x48, 0xff, 0x50, 0x48, 0x48, 0xff, 0x50, 0x4c, 0x40, 0xff,
    0x50, 0x4c, 0x48, 0xff, 0x50, 0x48, 0x48, 0xff, 0x50, 0x4c, 0x48, 0xff,
    0x50, 0x4c, 0x40, 0xff, 0x50, 0x48, 0x48, 0xff, 0x50, 0x4c, 0x48, 0xff,
    0x50, 0x4c, 0x48, 0xff, 0x50, 0x48, 0x48, 0xff, 0x50, 0x4c, 0x48, 0xff,
    0x50, 0x4c, 0x48, 0xff, 0x50, 0x48, 0x48, 0xff, 0x50, 0x4c, 0x40, 0xff,
    0x50, 0x4c, 0x48, 0xff, 0x50, 0x4c, 0x48, 0xff, 0x50, 0x4c, 0x40, 0xff,
    0x50, 0x4c, 0x48, 0xff, 0x50, 0x4c, 0x48, 0xff, 0x50, 0x4c, 0x48, 0xff,
    0x50, 0x4c, 0x40, 0xff, 0x50, 0x4c, 0x48, 0xff, 0x50, 0x4c, 0x48, 0xff,
    0x50, 0x4c, 0x48, 0xff, 0x50, 0x48, 0x48, 0xff, 0x50, 0x4c, 0x48, 0xff,
    0x50, 0x4c, 0x48, 0xff, 0x50, 0x48, 0x48, 0xff, 0x50, 0x4c, 0x40, 0xff,
    0x50, 0x4c, 0x48, 0xff, 0x50, 0x48, 0x48, 0xff, 0x50, 0x4c, 0x40, 0xff,
    0x50, 0x4c, 0x48, 0xff, 0x50, 0x4c, 0x48, 0xff, 0x50, 0x4c, 0x48, 0xff,
    0x50, 0x4c, 0x48, 0xff, 0x50, 0x48, 0x48, 0xff, 0x50, 0x4c, 0x48, 0xff,
    0x50, 0x4c, 0x48, 0xff, 0x50, 0x4c, 0x48, 0xff, 0x50, 0x4c, 0x48, 0xff,
    0x50, 0x4c, 0x48, 0xff, 0x50, 0x4c, 0x48, 0xff, 0x50, 0x4c, 0x48, 0xff,
    0x50, 0x4c, 0x48, 0xff, 0x50, 0x4c, 0x48, 0xff, 0x50, 0x48, 0x48, 0xff,
    0x50, 0x4c, 0x48, 0xff, 0x50, 0x4c, 0x48, 0xff, 0x50, 0x48, 0x48, 0xff,
    0x50, 0x4c, 0x48, 0xff, 0x50, 0x4c, 0x48, 0xff, 0x50, 0x4c, 0x48, 0xff,
    0x50, 0x4c, 0x48, 0xff, 0x50, 0x48, 0x48, 0xff, 0x50, 0x4c, 0x48, 0xff,
    0x50, 0x4c, 0x48, 0xff, 0x50, 0x4c, 0x48, 0xff, 0x50, 0x4c, 0x40, 0xff,
    0x50, 0x48, 0x48, 0xff, 0x50, 0x4c, 0x48, 0xff, 0x50, 0x4c, 0x48, 0xff,
    0x50, 0x48, 0x48, 0xff, 0x50, 0x4c, 0x40, 0xff, 0x50, 0x4c, 0x48, 0xff,
    0x50, 0x4c, 0x48, 0xff, 0x50, 0x48, 0x48, 0xff, 0x50, 0x4c, 0x48, 0xbe,
    0x00, 0x00, 0x00, 0x00, 0x00, 0x00, 0x00, 0x00, 0x00, 0x00, 0x00, 0x00,
    0x00, 0x00, 0x00, 0x00, 0x00, 0x00, 0x00, 0x00, 0x50, 0x4c, 0x48, 0x41,
    0x50, 0x4c, 0x48, 0xff, 0x50, 0x4c, 0x48, 0xff, 0x50, 0x48, 0x48, 0xff,
    0x50, 0x4c, 0x48, 0xff, 0x50, 0x4c, 0x48, 0xff, 0x50, 0x48, 0x40, 0xff,
    0x50, 0x4c, 0x48, 0xff, 0x50, 0x4c, 0x48, 0xff, 0x50, 0x4c, 0x48, 0xff,
    0x50, 0x4c, 0x48, 0xff, 0x50, 0x48, 0x48, 0xff, 0x50, 0x4c, 0x48, 0xff,
    0x50, 0x4c, 0x48, 0xff, 0x50, 0x48, 0x48, 0xff, 0x50, 0x4c, 0x48, 0xff,
    0x50, 0x48, 0x48, 0xff, 0x50, 0x4c, 0x48, 0xff, 0x50, 0x4c, 0x48, 0xff,
    0x50, 0x4c, 0x48, 0xff, 0x50, 0x4c, 0x48, 0xff, 0x50, 0x4c, 0x40, 0xff,
    0x50, 0x4c, 0x48, 0xff, 0x50, 0x48, 0x48, 0xff, 0x50, 0x4c, 0x40, 0xff,
    0x50, 0x4c, 0x48, 0xff, 0x50, 0x48, 0x48, 0xff, 0x50, 0x48, 0x48, 0xff,
    0x50, 0x4c, 0x48, 0xff, 0x50, 0x4c, 0x48, 0xff, 0x50, 0x4c, 0x48, 0xff,
    0x50, 0x4c, 0x48, 0xff, 0x50, 0x4c, 0x48, 0xff, 0x50, 0x48, 0x48, 0xff,
    0x50, 0x4c, 0x48, 0xff, 0x50, 0x4c, 0x48, 0xff, 0x50, 0x4c, 0x48, 0xff,
    0x50, 0x4c, 0x40, 0xff, 0x50, 0x4c, 0x48, 0xff, 0x50, 0x4c, 0x48, 0xff,
    0x50, 0x48, 0x48, 0xff, 0x50, 0x4c, 0x48, 0xff, 0x50, 0x4c, 0x48, 0xff,
    0x50, 0x4c, 0x48, 0xff, 0x50, 0x4c, 0x48, 0xff, 0x50, 0x48, 0x48, 0xff,
    0x50, 0x4c, 0x48, 0xff, 0x50, 0x4c, 0x48, 0xff, 0x50, 0x4c, 0x48, 0xff,
    0x50, 0x4c, 0x48, 0xff, 0x50, 0x4c, 0x48, 0xff, 0x50, 0x4c, 0x40, 0xff,
    0x50, 0x4c, 0x48, 0xff, 0x50, 0x4c, 0x48, 0xff, 0x50, 0x48, 0x48, 0xff,
    0x50, 0x4c, 0x48, 0xff, 0x50, 0x4c, 0x48, 0xff, 0x50, 0x48, 0x40, 0xff,
    0x50, 0x4c, 0x48, 0xff, 0x50, 0x4c, 0x48, 0xff, 0x50, 0x48, 0x48, 0xff,
    0x50, 0x4c, 0x48, 0xff, 0x50, 0x4c, 0x48, 0xff, 0x50, 0x4c, 0x48, 0xff,
    0x50, 0x48, 0x48, 0xff, 0x50, 0x4c, 0x48, 0xff, 0x50, 0x4c, 0x48, 0xff,
    0x50, 0x4c, 0x48, 0xff, 0x50, 0x48, 0x48, 0xff, 0x50, 0x4c, 0x48, 0xff,
    0x50, 0x4c, 0x48, 0xff, 0x50, 0x4c, 0x48, 0xff, 0x50, 0x48, 0x48, 0xff,
    0x50, 0x4c, 0x48, 0xff, 0x50, 0x4c, 0x48, 0xff, 0x50, 0x48, 0x48, 0xff,
    0x50, 0x4c, 0x48, 0xff, 0x50, 0x4c, 0x48, 0xff, 0x50, 0x48, 0x48, 0xff,
    0x50, 0x4c, 0x48, 0xff, 0x50, 0x4c, 0x48, 0xff, 0x50, 0x4c, 0x48, 0xff,
    0x50, 0x4c, 0x48, 0xff, 0x50, 0x4c, 0x48, 0xff, 0x50, 0x4c, 0x48, 0xff,
    0x50, 0x4c, 0x48, 0xff, 0x50, 0x48, 0x48, 0xff, 0x50, 0x4c, 0x48, 0xff,
    0x50, 0x4c, 0x48, 0xff, 0x50, 0x48, 0x48, 0xff, 0x50, 0x4c, 0x48, 0xff,
    0x50, 0x4c, 0x48, 0xff, 0x50, 0x4c, 0x48, 0xff, 0x50, 0x4c, 0x48, 0xff,
    0x50, 0x4c, 0x48, 0xff, 0x50, 0x4c, 0x48, 0xff, 0x50, 0x48, 0x48, 0xff,
    0x50, 0x4c, 0x48, 0xff, 0x50, 0x48, 0x48, 0xff, 0x50, 0x4c, 0x48, 0xff,
    0x50, 0x48, 0x48, 0xff, 0x50, 0x4c, 0x48, 0xff, 0x50, 0x4c, 0x48, 0xff,
    0x50, 0x48, 0x48, 0xff, 0x50, 0x4c, 0x48, 0xff, 0x50, 0x4c, 0x48, 0xff,
    0x50, 0x4c, 0x48, 0xff, 0x50, 0x4c, 0x48, 0xff, 0x50, 0x4c, 0x48, 0xff,
    0x50, 0x4c, 0x48, 0xff, 0x50, 0x48, 0x48, 0xff, 0x50, 0x4c, 0x48, 0xff,
    0x50, 0x4c, 0x48, 0xff, 0x50, 0x48, 0x48, 0xff, 0x50, 0x4c, 0x48, 0xff,
    0x50, 0x4c, 0x48, 0xff, 0x50, 0x4c, 0x48, 0xff, 0x50, 0x4c, 0x48, 0xff,
    0x50, 0x4c, 0x48, 0xff, 0x50, 0x4c, 0x48, 0xff, 0x50, 0x48, 0x48, 0xff,
    0x50, 0x4c, 0x48, 0xff, 0x50, 0x48, 0x48, 0xff, 0x50, 0x4c, 0x48, 0xff,
    0x50, 0x48, 0x48, 0xff, 0x50, 0x4c, 0x48, 0xff, 0x50, 0x4c, 0x48, 0xff,
    0x50, 0x48, 0x48, 0xff, 0x50, 0x4c, 0x48, 0xff, 0x50, 0x4c, 0x48, 0xff,
    0x50, 0x4c, 0x48, 0xff, 0x50, 0x4c, 0x48, 0xff, 0x50, 0x4c, 0x48, 0xff,
    0x50, 0x4c, 0x48, 0xff, 0x50, 0x48, 0x48, 0xff, 0x50, 0x4c, 0x48, 0xff,
    0x50, 0x4c, 0x48, 0xff, 0x50, 0x48, 0x48, 0xff, 0x50, 0x4c, 0x48, 0xff,
    0x50, 0x4c, 0x48, 0xff, 0x50, 0x4c, 0x48, 0xff, 0x50, 0x4c, 0x48, 0xff,
    0x50, 0x4c, 0x48, 0xff, 0x50, 0x4c, 0x48, 0xff, 0x50, 0x48, 0x48, 0xff,
    0x50, 0x4c, 0x48, 0xff, 0x50, 0x48, 0x48, 0xff, 0x50, 0x4c, 0x48, 0xff,
    0x50, 0x48, 0x48, 0xff, 0x50, 0x4c, 0x48, 0xff, 0x50, 0x4c, 0x48, 0xff,
    0x50, 0x48, 0x48, 0xff, 0x50, 0x4c, 0x48, 0xff, 0x50, 0x4c, 0x48, 0xff,
    0x50, 0x4c, 0x48, 0xff, 0x50, 0x4c, 0x48, 0xff, 0x50, 0x4c, 0x48, 0xff,
    0x50, 0x4c, 0x48, 0xff, 0x50, 0x48, 0x48, 0xff, 0x50, 0x4c, 0x48, 0xff,
    0x50, 0x4c, 0x48, 0xff, 0x50, 0x48, 0x48, 0xff, 0x50, 0x4c, 0x48, 0xff,
    0x50, 0x4c, 0x48, 0xff, 0x50, 0x4c, 0x48, 0xff, 0x50, 0x4c, 0x48, 0xff,
    0x50, 0x4c, 0x48, 0xff, 0x50, 0x4c, 0x48, 0xff, 0x50, 0x48, 0x48, 0xff,
    0x50, 0x4c, 0x48, 0xff, 0x50, 0x48, 0x48, 0xff, 0x50, 0x4c, 0x48, 0xff,
    0x50, 0x48, 0x48, 0xff, 0x50, 0x4c, 0x48, 0xff, 0x50, 0x4c, 0x48, 0xff,
    0x50, 0x48, 0x48, 0xff, 0x50, 0x4c, 0x48, 0xff, 0x50, 0x4c, 0x48, 0xff,
    0x50, 0x4c, 0x48, 0xff, 0x50, 0x4c, 0x48, 0xff, 0x50, 0x4c, 0x48, 0xff,
    0x50, 0x4c, 0x48, 0xff, 0x50, 0x48, 0x48, 0xff, 0x50, 0x4c, 0x48, 0xff,
    0x50, 0x4c, 0x48, 0xff, 0x50, 0x48, 0x48, 0xff, 0x50, 0x4c, 0x48, 0xff,
    0x50, 0x4c, 0x48, 0xff, 0x50, 0x48, 0x48, 0xff, 0x50, 0x4c, 0x40, 0xff,
    0x50, 0x4c, 0x48, 0xff, 0x50, 0x4c, 0x48, 0xff, 0x50, 0x48, 0x40, 0xff,
    0x50, 0x4c, 0x48, 0xff, 0x50, 0x48, 0x48, 0xff, 0x50, 0x4c, 0x40, 0xff,
    0x50, 0x48, 0x48, 0xff, 0x50, 0x4c, 0x48, 0xff, 0x50, 0x48, 0x40, 0xff,
    0x50, 0x4c, 0x48, 0xff, 0x50, 0x4c, 0x48, 0xff, 0x50, 0x48, 0x40, 0xff,
    0x50, 0x4c, 0x48, 0xff, 0x50, 0x4c, 0x48, 0xff, 0x50, 0x48, 0x48, 0xff,
    0x50, 0x4c, 0x40, 0xff, 0x50, 0x48, 0x48, 0xff, 0x50, 0x4c, 0x48, 0xff,
    0x50, 0x4c, 0x40, 0xff, 0x50, 0x48, 0x48, 0xff, 0x50, 0x4c, 0x48, 0xff,
    0x50, 0x4c, 0x48, 0xff, 0x50, 0x48, 0x48, 0xff, 0x50, 0x4c, 0x48, 0xff,
    0x50, 0x4c, 0x48, 0xff, 0x50, 0x48, 0x48, 0xff, 0x50, 0x4c, 0x48, 0xff,
    0x50, 0x4c, 0x48, 0xff, 0x50, 0x48, 0x48, 0xff, 0x50, 0x4c, 0x48, 0xff,
    0x50, 0x4c, 0x48, 0xff, 0x50, 0x4c, 0x40, 0xff, 0x50, 0x4c, 0x48, 0xff,
    0x50, 0x4c, 0x48, 0x41, 0x00, 0x00, 0x00, 0x00, 0x00, 0x00, 0x00, 0x00,
    0x00, 0x00, 0x00, 0x00, 0x00, 0x00, 0x00, 0x00, 0x50, 0x4c, 0x48, 0xbe,
    0x50, 0x4c, 0x48, 0xff, 0x50, 0x4c, 0x48, 0xff, 0x50, 0x4c, 0x48, 0xff,
    0x50, 0x4c, 0x48, 0xff, 0x50, 0x4c, 0x48, 0xff, 0x50, 0x48, 0x48, 0xff,
    0x50, 0x4c, 0x48, 0xff, 0x50, 0x4c, 0x48, 0xff, 0x50, 0x4c, 0x48, 0xff,
    0x50, 0x4c, 0x48, 0xff, 0x50, 0x4c, 0x48, 0xff, 0x50, 0x4c, 0x40, 0xff,
    0x50, 0x4c, 0x48, 0xff, 0x50, 0x4c, 0x48, 0xff, 0x50, 0x48, 0x48, 0xff,
    0x50, 0x4c, 0x48, 0xff, 0x50, 0x4c, 0x48, 0xff, 0x50, 0x48, 0x48, 0xff,
    0x50, 0x4c, 0x48, 0xff, 0x50, 0x4c, 0x48, 0xff, 0x50, 0x4c, 0x48, 0xff,
    0x50, 0x4c, 0x48, 0xff, 0x50, 0x4c, 0x48, 0xff, 0x50, 0x48, 0x48, 0xff,
    0x50, 0x4c, 0x48, 0xff, 0x50, 0x4c, 0x48, 0xff, 0x50, 0x4c, 0x40, 0xff,
    0x50, 0x4c, 0x48, 0xff, 0x50, 0x48, 0x48, 0xff, 0x50, 0x4c, 0x48, 0xff,
    0x50, 0x4c, 0x48, 0xff, 0x50, 0x48, 0x48, 0xff, 0x50, 0x4c, 0x48, 0xff,
    0x50, 0x4c, 0x48, 0xff, 0x50, 0x48, 0x48, 0xff, 0x50, 0x48, 0x48, 0xff,
    0x50, 0x4c, 0x48, 0xff, 0x50, 0x4c, 0x48, 0xff, 0x50, 0x48, 0x40, 0xff,
    0x50, 0x4c, 0x48, 0xff, 0x50, 0x4c, 0x48, 0xff, 0x50, 0x48, 0x48, 0xff,
    0x50, 0x4c, 0x48, 0xff, 0x50, 0x4c, 0x48, 0xff, 0x50, 0x48, 0x48, 0xff,
    0x50, 0x4c, 0x40, 0xff, 0x50, 0x4c, 0x48, 0xff, 0x50, 0x48, 0x48, 0xff,
    0x50, 0x4c, 0x48, 0xff, 0x50, 0x48, 0x48, 0xff, 0x50, 0x4c, 0x48, 0xff,
    0x50, 0x4c, 0x48, 0xff, 0x50, 0x48, 0x48, 0xff, 0x50, 0x4c, 0x48, 0xff,
    0x50, 0x4c, 0x48, 0xff, 0x50, 0x4c, 0x48, 0xff, 0x50, 0x48, 0x48, 0xff,
    0x50, 0x4c, 0x48, 0xff, 0x50, 0x4c, 0x48, 0xff, 0x50, 0x4c, 0x40, 0xff,
    0x50, 0x4c, 0x48, 0xff, 0x50, 0x48, 0x48, 0xff, 0x50, 0x4c, 0x48, 0xff,
    0x50, 0x4c, 0x48, 0xff, 0x50, 0x4c, 0x48, 0xff, 0x50, 0x4c, 0x48, 0xff,
    0x50, 0x48, 0x48, 0xff, 0x50, 0x4c, 0x40, 0xff, 0x50, 0x4c, 0x48, 0xff,
    0x50, 0x48, 0x48, 0xff, 0x50, 0x4c, 0x48, 0xff, 0x50, 0x4c, 0x40, 0xff,
    0x50, 0x48, 0x48, 0xff, 0x50, 0x4c, 0x48, 0xff, 0x50, 0x4c, 0x40, 0xff,
    0x50, 0x48, 0x48, 0xff, 0x50, 0x4c, 0x48, 0xff, 0x50, 0x4c, 0x48, 0xff,
    0x50, 0x48, 0x48, 0xff, 0x50, 0x48, 0x48, 0xff, 0x50, 0x4c, 0x48, 0xff,
    0x50, 0x48, 0x48, 0xff, 0x50, 0x4c, 0x40, 0xff, 0x50, 0x4c, 0x48, 0xff,
    0x50, 0x48, 0x48, 0xff, 0x50, 0x4c, 0x48, 0xff, 0x50, 0x4c, 0x40, 0xff,
    0x50, 0x4c, 0x48, 0xff, 0x50, 0x4c, 0x48, 0xff, 0x50, 0x4c, 0x40, 0xff,
    0x50, 0x48, 0x48, 0xff, 0x50, 0x4c, 0x48, 0xff, 0x50, 0x4c, 0x48, 0xff,
    0x50, 0x48, 0x48, 0xff, 0x50, 0x4c, 0x48, 0xff, 0x50, 0x4c, 0x48, 0xff,
    0x50, 0x4c, 0x48, 0xff, 0x50, 0x4c, 0x40, 0xff, 0x50, 0x48, 0x48, 0xff,
    0x50, 0x4c, 0x48, 0xff, 0x50, 0x4c, 0x48, 0xff, 0x50, 0x48, 0x40, 0xff,
    0x50, 0x4c, 0x48, 0xff, 0x50, 0x4c, 0x48, 0xff, 0x50, 0x48, 0x40, 0xff,
    0x50, 0x4c, 0x48, 0xff, 0x50, 0x48, 0x48, 0xff, 0x50, 0x4c, 0x48, 0xff,
    0x50, 0x4c, 0x48, 0xff, 0x50, 0x4c, 0x48, 0xff, 0x50, 0x4c, 0x48, 0xff,
    0x50, 0x4c, 0x48, 0xff, 0x50, 0x4c, 0x40, 0xff, 0x50, 0x4c, 0x48, 0xff,
    0x50, 0x48, 0x48, 0xff, 0x50, 0x4c, 0x48, 0xff, 0x50, 0x4c, 0x40, 0xff,
    0x50, 0x48, 0x48, 0xff, 0x50, 0x4c, 0x48, 0xff, 0x50, 0x4c, 0x40, 0xff,
    0x50, 0x4c, 0x48, 0xff, 0x50, 0x4c, 0x48, 0xff, 0x50, 0x48, 0x48, 0xff,
    0x50, 0x4c, 0x48, 0xff, 0x50, 0x4c, 0x48, 0xff, 0x50, 0x48, 0x48, 0xff,
    0x50, 0x4c, 0x48, 0xff, 0x50, 0x4c, 0x40, 0xff, 0x50, 0x48, 0x48, 0xff,
    0x50, 0x4c, 0x48, 0xff, 0x50, 0x48, 0x48, 0xff, 0x50, 0x4c, 0x40, 0xff,
    0x50, 0x4c, 0x48, 0xff, 0x50, 0x4c, 0x48, 0xff, 0x50, 0x4c, 0x40, 0xff,
    0x50, 0x4c, 0x48, 0xff, 0x50, 0x4c, 0x48, 0xff, 0x50, 0x4c, 0x48, 0xff,
    0x50, 0x48, 0x48, 0xff, 0x50, 0x4c, 0x48, 0xff, 0x50, 0x4c, 0x48, 0xff,
    0x50, 0x48, 0x48, 0xff, 0x50, 0x4c, 0x40, 0xff, 0x50, 0x4c, 0x48, 0xff,
    0x50, 0x4c, 0x48, 0xff, 0x50, 0x4c, 0x48, 0xff, 0x50, 0x48, 0x40, 0xff,
    0x50, 0x4c, 0x48, 0xff, 0x50, 0x4c, 0x48, 0xff, 0x50, 0x48, 0x40, 0xff,
    0x50, 0x4c, 0x48, 0xff, 0x50, 0x4c, 0x48, 0xff, 0x50, 0x48, 0x48, 0xff,
    0x50, 0x4c, 0x48, 0xff, 0x50, 0x48, 0x48, 0xff, 0x50, 0x4c, 0x48, 0xff,
    0x50, 0x4c, 0x48, 0xff, 0x50, 0x4c, 0x40, 0xff, 0x50, 0x4c, 0x48, 0xff,
    0x50, 0x4c, 0x48, 0xff, 0x50, 0x4c, 0x48, 0xff, 0x50, 0x4c, 0x40, 0xff,
    0x50, 0x48, 0x48, 0xff, 0x50, 0x4c, 0x48, 0xff, 0x50, 0x4c, 0x40, 0xff,
    0x50, 0x48, 0x48, 0xff, 0x50, 0x4c, 0x48, 0xff, 0x50, 0x4c, 0x48, 0xff,
    0x50, 0x4c, 0x48, 0xff, 0x50, 0x4c, 0x48, 0xff, 0x50, 0x48, 0x48, 0xff,
    0x50, 0x4c, 0x48, 0xff, 0x50, 0x4c, 0x40, 0xff, 0x50, 0x48, 0x48, 0xff,
    0x50, 0x4c, 0x48, 0xff, 0x50, 0x4c, 0x48, 0xff, 0x50, 0x48, 0x40, 0xff,
    0x50, 0x4c, 0x48, 0xff, 0x50, 0x48, 0x48, 0xff, 0x50, 0x4c, 0x40, 0xff,
    0x50, 0x4c, 0x48, 0xff, 0x50, 0x4c, 0x48, 0xff, 0x50, 0x4c, 0x48, 0xff,
    0x50, 0x4c, 0x48, 0xff, 0x50, 0x4c, 0x48, 0xff, 0x50, 0x4c, 0x48, 0xff,
    0x50, 0x48, 0x48, 0xff, 0x50, 0x4c, 0x48, 0xff, 0x50, 0x4c, 0x48, 0xff,
    0x50, 0x48, 0x48, 0xff, 0x50, 0x4c, 0x48, 0xff, 0x50, 0x4c, 0x48, 0xff,
    0x50, 0x4c, 0x48, 0xff, 0x50, 0x4c, 0x48, 0xff, 0x50, 0x48, 0x48, 0xff,
    0x50, 0x4c, 0x48, 0xff, 0x50, 0x4c, 0x48, 0xff, 0x50, 0x4c, 0x48, 0xff,
    0x50, 0x48, 0x48, 0xff, 0x50, 0x4c, 0x48, 0xff, 0x50, 0x4c, 0x48, 0xff,
    0x50, 0x4c, 0x48, 0xff, 0x50, 0x4c, 0x48, 0xff, 0x50, 0x4c, 0x48, 0xff,
    0x50, 0x4c, 0x48, 0xff, 0x50, 0x4c, 0x48, 0xff, 0x50, 0x48, 0x48, 0xff,
    0x50, 0x4c, 0x48, 0xff, 0x50, 0x4c, 0x48, 0xff, 0x50, 0x4c, 0x48, 0xff,
    0x50, 0x4c, 0x40, 0xff, 0x50, 0x48, 0x48, 0xff, 0x50, 0x4c, 0x48, 0xff,
    0x50, 0x4c, 0x48, 0xff, 0x50, 0x4c, 0x40, 0xff, 0x50, 0x4c, 0x48, 0xff,
    0x50, 0x4c, 0x48, 0xff, 0x50, 0x48, 0x48, 0xff, 0x50, 0x4c, 0x48, 0xff,
    0x50, 0x4c, 0x48, 0xff, 0x50, 0x48, 0x48, 0xff, 0x50, 0x4c, 0x48, 0xff,
    0x50, 0x4c, 0x48, 0xbe, 0x00, 0x00, 0x00, 0x00, 0x00, 0x00, 0x00, 0x00,
    0x00, 0x00, 0x00, 0x00, 0x50, 0x50, 0x48, 0x20, 0x50, 0x48, 0x48, 0xff,
    0x50, 0x4c, 0x48, 0xff, 0x50, 0x48, 0x48, 0xff, 0x50, 0x4c, 0x40, 0xff,
    0x50, 0x4c, 0x48, 0xff, 0x50, 0x48, 0x48, 0xff, 0x50, 0x4c, 0x48, 0xff,
    0x50, 0x4c, 0x48, 0xff, 0x50, 0x48, 0x40, 0xff, 0x50, 0x48, 0x48, 0xff,
    0x50, 0x4c, 0x48, 0xff, 0x50, 0x4c, 0x48, 0xff, 0x50, 0x48, 0x48, 0xff,
    0x50, 0x4c, 0x48, 0xff, 0x50, 0x4c, 0x40, 0xff, 0x50, 0x4c, 0x48, 0xff,
    0x50, 0x4c, 0x48, 0xff, 0x50, 0x4c, 0x40, 0xff, 0x50, 0x48, 0x48, 0xff,
    0x50, 0x4c, 0x48, 0xff, 0x50, 0x48, 0x40, 0xff, 0x50, 0x48, 0x48, 0xff,
    0x50, 0x4c, 0x48, 0xff, 0x50, 0x4c, 0x48, 0xff, 0x50, 0x4c, 0x48, 0xff,
    0x50, 0x4c, 0x48, 0xff, 0x50, 0x4c, 0x48, 0xff, 0x50, 0x4c, 0x48, 0xff,
    0x50, 0x48, 0x48, 0xff, 0x50, 0x4c, 0x48, 0xff, 0x50, 0x4c, 0x40, 0xff,
    0x50, 0x48, 0x48, 0xff, 0x50, 0x4c, 0x48, 0xff, 0x50, 0x4c, 0x40, 0xff,
    0x50, 0x4c, 0x48, 0xff, 0x50, 0x4c, 0x48, 0xff, 0x50, 0x4c, 0x40, 0xff,
    0x50, 0x4c, 0x48, 0xff, 0x50, 0x48, 0x48, 0xff, 0x50, 0x4c, 0x48, 0xff,
    0x50, 0x4c, 0x48, 0xff, 0x50, 0x4c, 0x48, 0xff, 0x50, 0x48, 0x40, 0xff,
    0x50, 0x4c, 0x48, 0xff, 0x50, 0x4c, 0x48, 0xff, 0x50, 0x4c, 0x48, 0xff,
    0x50, 0x4c, 0x48, 0xff, 0x50, 0x48, 0x48, 0xff, 0x50, 0x4c, 0x48, 0xff,
    0x50, 0x4c, 0x40, 0xff, 0x50, 0x48, 0x48, 0xff, 0x50, 0x4c, 0x48, 0xff,
    0x50, 0x4c, 0x48, 0xff, 0x50, 0x48, 0x40, 0xff, 0x50, 0x4c, 0x48, 0xff,
    0x50, 0x4c, 0x48, 0xff, 0x50, 0x4c, 0x48, 0xff, 0x50, 0x4c, 0x48, 0xff,
    0x50, 0x48, 0x48, 0xff, 0x50, 0x4c, 0x48, 0xff, 0x50, 0x4c, 0x48, 0xff,
    0x50, 0x48, 0x48, 0xff, 0x50, 0x4c, 0x48, 0xff, 0x50, 0x4c, 0x40, 0xff,
    0x50, 0x48, 0x48, 0xff, 0x50, 0x4c, 0x48, 0xff, 0x50, 0x4c, 0x40, 0xff,
    0x50, 0x48, 0x48, 0xff, 0x50, 0x4c, 0x48, 0xff, 0x50, 0x4c, 0x48, 0xff,
    0x50, 0x4c, 0x48, 0xff, 0x50, 0x4c, 0x48, 0xff, 0x50, 0x4c, 0x48, 0xff,
    0x50, 0x4c, 0x48, 0xff, 0x50, 0x4c, 0x48, 0xff, 0x50, 0x4c, 0x48, 0xff,
    0x50, 0x48, 0x48, 0xff, 0x50, 0x4c, 0x40, 0xff, 0x50, 0x4c, 0x48, 0xff,
    0x50, 0x4c, 0x48, 0xff, 0x50, 0x4c, 0x40, 0xff, 0x50, 0x4c, 0x48, 0xff,
    0x50, 0x48, 0x48, 0xff, 0x50, 0x4c, 0x48, 0xff, 0x50, 0x4c, 0x48, 0xff,
    0x50, 0x4c, 0x48, 0xff, 0x50, 0x4c, 0x48, 0xff, 0x50, 0x48, 0x48, 0xff,
    0x50, 0x4c, 0x48, 0xff, 0x50, 0x4c, 0x48, 0xff, 0x50, 0x48, 0x48, 0xff,
    0x50, 0x4c, 0x48, 0xff, 0x50, 0x4c, 0x40, 0xff, 0x50, 0x48, 0x48, 0xff,
    0x50, 0x4c, 0x48, 0xff, 0x50, 0x4c, 0x40, 0xff, 0x50, 0x4c, 0x48, 0xff,
    0x50, 0x48, 0x48, 0xff, 0x50, 0x4c, 0x48, 0xff, 0x50, 0x4c, 0x48, 0xff,
    0x50, 0x4c, 0x48, 0xff, 0x50, 0x4c, 0x48, 0xff, 0x50, 0x4c, 0x48, 0xff,
    0x50, 0x4c, 0x48, 0xff, 0x50, 0x4c, 0x48, 0xff, 0x50, 0x4c, 0x48, 0xff,
    0x50, 0x48, 0x48, 0xff, 0x50, 0x4c, 0x40, 0xff, 0x50, 0x4c, 0x48, 0xff,
    0x50, 0x48, 0x48, 0xff, 0x50, 0x4c, 0x40, 0xff, 0x50, 0x48, 0x48, 0xff,
    0x50, 0x4c, 0x48, 0xff, 0x50, 0x4c, 0x48, 0xff, 0x50, 0x48, 0x48, 0xff,
    0x50, 0x4c, 0x48, 0xff, 0x50, 0x4c, 0x48, 0xff, 0x50, 0x48, 0x48, 0xff,
    0x50, 0x4c, 0x48, 0xff, 0x50, 0x4c, 0x48, 0xff, 0x50, 0x4c, 0x48, 0xff,
    0x50, 0x48, 0x48, 0xff, 0x50, 0x4c, 0x40, 0xff, 0x50, 0x4c, 0x48, 0xff,
    0x50, 0x4c, 0x48, 0xff, 0x50, 0x4c, 0x40, 0xff, 0x50, 0x4c, 0x48, 0xff,
    0x50, 0x4c, 0x48, 0xff, 0x50, 0x4c, 0x48, 0xff, 0x50, 0x4c, 0x48, 0xff,
    0x50, 0x48, 0x48, 0xff, 0x50, 0x4c, 0x48, 0xff, 0x50, 0x4c, 0x48, 0xff,
    0x50, 0x48, 0x48, 0xff, 0x50, 0x4c, 0x48, 0xff, 0x50, 0x48, 0x48, 0xff,
    0x50, 0x4c, 0x48, 0xff, 0x50, 0x4c, 0x40, 0xff, 0x50, 0x48, 0x48, 0xff,
    0x50, 0x4c, 0x48, 0xff, 0x50, 0x4c, 0x40, 0xff, 0x50, 0x48, 0x48, 0xff,
    0x50, 0x4c, 0x48, 0xff, 0x50, 0x4c, 0x48, 0xff, 0x50, 0x4c, 0x48, 0xff,
    0x50, 0x48, 0x48, 0xff, 0x50, 0x4c, 0x48, 0xff, 0x50, 0x4c, 0x48, 0xff,
    0x50, 0x4c, 0x48, 0xff, 0x50, 0x4c, 0x48, 0xff, 0x50, 0x4c, 0x48, 0xff,
    0x50, 0x4c, 0x48, 0xff, 0x50, 0x4c, 0x40, 0xff, 0x50, 0x4c, 0x48, 0xff,
    0x50, 0x48, 0x48, 0xff, 0x50, 0x4c, 0x40, 0xff, 0x50, 0x4c, 0x48, 0xff,
    0x50, 0x48, 0x48, 0xff, 0x50, 0x4c, 0x48, 0xff, 0x50, 0x48, 0x48, 0xff,
    0x50, 0x4c, 0x48, 0xff, 0x50, 0x4c, 0x48, 0xff, 0x50, 0x48, 0x48, 0xff,
    0x50, 0x4c, 0x48, 0xff, 0x50, 0x4c, 0x48, 0xff, 0x50, 0x48, 0x48, 0xff,
    0x50, 0x4c, 0x48, 0xff, 0x50, 0x4c, 0x40, 0xff, 0x50, 0x4c, 0x48, 0xff,
    0x50, 0x48, 0x48, 0xff, 0x50, 0x4c, 0x40, 0xff, 0x50, 0x4c, 0x48, 0xff,
    0x50, 0x4c, 0x48, 0xff, 0x50, 0x4c, 0x48, 0xff, 0x50, 0x4c, 0x48, 0xff,
    0x50, 0x4c, 0x48, 0xff, 0x50, 0x4c, 0x48, 0xff, 0x50, 0x4c, 0x48, 0xff,
    0x50, 0x48, 0x48, 0xff, 0x50, 0x4c, 0x48, 0xff, 0x50, 0x4c, 0x48, 0xff,
    0x50, 0x48, 0x48, 0xff, 0x50, 0x4c, 0x40, 0xff, 0x50, 0x48, 0x48, 0xff,
    0x50, 0x48, 0x48, 0xff, 0x50, 0x4c, 0x40, 0xff, 0x50, 0x4c, 0x48, 0xff,
    0x50, 0x4c, 0x48, 0xff, 0x50, 0x4c, 0x40, 0xff, 0x50, 0x4c, 0x48, 0xff,
    0x50, 0x4c, 0x48, 0xff, 0x50, 0x48, 0x48, 0xff, 0x50, 0x4c, 0x48, 0xff,
    0x50, 0x4c, 0x48, 0xff, 0x50, 0x4c, 0x48, 0xff, 0x50, 0x4c, 0x48, 0xff,
    0x50, 0x4c, 0x48, 0xff, 0x50, 0x4c, 0x48, 0xff, 0x50, 0x4c, 0x48, 0xff,
    0x50, 0x4c, 0x48, 0xff, 0x50, 0x4c, 0x48, 0xff, 0x50, 0x48, 0x48, 0xff,
    0x50, 0x4c, 0x48, 0xff, 0x50, 0x48, 0x40, 0xff, 0x50, 0x4c, 0x48, 0xff,
    0x50, 0x4c, 0x48, 0xff, 0x50, 0x4c, 0x48, 0xff, 0x50, 0x4c, 0x48, 0xff,
    0x50, 0x48, 0x48, 0xff, 0x50, 0x4c, 0x48, 0xff, 0x50, 0x4c, 0x48, 0xff,
    0x50, 0x4c, 0x48, 0xff, 0x50, 0x4c, 0x48, 0xff, 0x50, 0x4c, 0x48, 0xff,
    0x50, 0x48, 0x48, 0xff, 0x50, 0x4c, 0x48, 0xff, 0x50, 0x4c, 0x48, 0xff,
    0x50, 0x48, 0x48, 0xff, 0x50, 0x4c, 0x40, 0xff, 0x50, 0x4c, 0x48, 0xff,
    0x50, 0x48, 0x48, 0xff, 0x50, 0x4c, 0x48, 0xff, 0x50, 0x4c, 0x48, 0xff,
    0x50, 0x48, 0x48, 0xff, 0x50, 0x40, 0x40, 0x10, 0x00, 0x00, 0x00, 0x00,
    0x00, 0x00, 0x00, 0x00, 0x50, 0x4c, 0x48, 0x6d, 0x50, 0x4c, 0x48, 0xff,
    0x50, 0x4c, 0x48, 0xff, 0x50, 0x48, 0x48, 0xff, 0x50, 0x4c, 0x48, 0xff,
    0x50, 0x4c, 0x48, 0xff, 0x50, 0x4c, 0x48, 0xff, 0x50, 0x4c, 0x40, 0xff,
    0x50, 0x4c, 0x48, 0xff, 0x50, 0x4c, 0x48, 0xff, 0x50, 0x4c, 0x48, 0xff,
    0x50, 0x4c, 0x48, 0xff, 0x50, 0x48, 0x40, 0xff, 0x50, 0x4c, 0x48, 0xff,
    0x50, 0x4c, 0x48, 0xff, 0x50, 0x48, 0x48, 0xff, 0x50, 0x4c, 0x48, 0xff,
    0x50, 0x4c, 0x48, 0xff, 0x50, 0x48, 0x48, 0xff, 0x50, 0x4c, 0x48, 0xff,
    0x50, 0x4c, 0x48, 0xff, 0x50, 0x4c, 0x48, 0xff, 0x50, 0x4c, 0x48, 0xff,
    0x50, 0x48, 0x48, 0xff, 0x50, 0x4c, 0x40, 0xff, 0x50, 0x4c, 0x48, 0xff,
    0x50, 0x48, 0x48, 0xff, 0x50, 0x48, 0x40, 0xff, 0x50, 0x4c, 0x48, 0xff,
    0x50, 0x4c, 0x48, 0xff, 0x50, 0x4c, 0x48, 0xff, 0x50, 0x4c, 0x48, 0xff,
    0x50, 0x4c, 0x48, 0xff, 0x50, 0x4c, 0x48, 0xff, 0x50, 0x48, 0x48, 0xff,
    0x50, 0x4c, 0x48, 0xff, 0x50, 0x4c, 0x48, 0xff, 0x50, 0x4c, 0x48, 0xff,
    0x50, 0x4c, 0x48, 0xff, 0x50, 0x4c, 0x48, 0xff, 0x50, 0x4c, 0x48, 0xff,
    0x50, 0x4c, 0x48, 0xff, 0x50, 0x48, 0x48, 0xff, 0x50, 0x4c, 0x48, 0xff,
    0x50, 0x4c, 0x48, 0xff, 0x50, 0x48, 0x48, 0xff, 0x50, 0x4c, 0x40, 0xff,
    0x50, 0x4c, 0x48, 0xff, 0x50, 0x4c, 0x48, 0xff, 0x50, 0x4c, 0x48, 0xff,
    0x50, 0x4c, 0x48, 0xff, 0x50, 0x4c, 0x48, 0xff, 0x50, 0x4c, 0x48, 0xff,
    0x50, 0x4c, 0x48, 0xff, 0x50, 0x4c, 0x48, 0xff, 0x50, 0x48, 0x48, 0xff,
    0x50, 0x4c, 0x40, 0xff, 0x50, 0x4c, 0x48, 0xff, 0x50, 0x4c, 0x48, 0xff,
    0x50, 0x48, 0x40, 0xff, 0x50, 0x4c, 0x48, 0xff, 0x50, 0x4c, 0x48, 0xff,
    0x50, 0x4c, 0x48, 0xff, 0x50, 0x4c, 0x48, 0xff, 0x50, 0x4c, 0x48, 0xff,
    0x50, 0x48, 0x48, 0xff, 0x50, 0x4c, 0x48, 0xff, 0x50, 0x4c, 0x48, 0xff,
    0x50, 0x4c, 0x48, 0xff, 0x50, 0x4c, 0x48, 0xff, 0x50, 0x48, 0x48, 0xff,
    0x50, 0x4c, 0x48, 0xff, 0x50, 0x48, 0x40, 0xff, 0x50, 0x4c, 0x48, 0xff,
    0x50, 0x48, 0x48, 0xff, 0x50, 0x4c, 0x48, 0xff, 0x50, 0x4c, 0x48, 0xff,
    0x50, 0x4c, 0x48, 0xff, 0x50, 0x4c, 0x48, 0xff, 0x50, 0x48, 0x48, 0xff,
    0x50, 0x4c, 0x48, 0xff, 0x50, 0x4c, 0x48, 0xff, 0x50, 0x4c, 0x48, 0xff,
    0x50, 0x4c, 0x48, 0xff, 0x50, 0x48, 0x48, 0xff, 0x50, 0x4c, 0x48, 0xff,
    0x50, 0x4c, 0x40, 0xff, 0x50, 0x48, 0x48, 0xff, 0x50, 0x4c, 0x48, 0xff,
    0x50, 0x4c, 0x48, 0xff, 0x50, 0x48, 0x48, 0xff, 0x50, 0x4c, 0x48, 0xff,
    0x50, 0x4c, 0x48, 0xff, 0x50, 0x4c, 0x48, 0xff, 0x50, 0x4c, 0x48, 0xff,
    0x50, 0x4c, 0x48, 0xff, 0x50, 0x48, 0x48, 0xff, 0x50, 0x4c, 0x48, 0xff,
    0x50, 0x4c, 0x48, 0xff, 0x50, 0x4c, 0x48, 0xff, 0x50, 0x4c, 0x48, 0xff,
    0x50, 0x48, 0x40, 0xff, 0x50, 0x4c, 0x48, 0xff, 0x50, 0x48, 0x48, 0xff,
    0x50, 0x4c, 0x48, 0xff, 0x50, 0x4c, 0x48, 0xff, 0x50, 0x48, 0x48, 0xff,
    0x50, 0x4c, 0x48, 0xff, 0x50, 0x4c, 0x48, 0xff, 0x50, 0x4c, 0x48, 0xff,
    0x50, 0x4c, 0x48, 0xff, 0x50, 0x48, 0x48, 0xff, 0x50, 0x4c, 0x48, 0xff,
    0x50, 0x4c, 0x48, 0xff, 0x50, 0x48, 0x48, 0xff, 0x50, 0x4c, 0x48, 0xff,
    0x50, 0x4c, 0x40, 0xff, 0x50, 0x4c, 0x48, 0xff, 0x50, 0x4c, 0x48, 0xff,
    0x50, 0x4c, 0x48, 0xff, 0x50, 0x48, 0x48, 0xff, 0x50, 0x4c, 0x48, 0xff,
    0x50, 0x4c, 0x48, 0xff, 0x50, 0x4c, 0x48, 0xff, 0x50, 0x4c, 0x48, 0xff,
    0x50, 0x48, 0x48, 0xff, 0x50, 0x4c, 0x48, 0xff, 0x50, 0x48, 0x48, 0xff,
    0x50, 0x4c, 0x48, 0xff, 0x50, 0x4c, 0x48, 0xff, 0x50, 0x48, 0x48, 0xff,
    0x50, 0x4c, 0x40, 0xff, 0x50, 0x4c, 0x48, 0xff, 0x50, 0x4c, 0x48, 0xff,
    0x50, 0x4c, 0x48, 0xff, 0x50, 0x48, 0x48, 0xff, 0x50, 0x4c, 0x48, 0xff,
    0x50, 0x4c, 0x48, 0xff, 0x50, 0x48, 0x48, 0xff, 0x50, 0x4c, 0x48, 0xff,
    0x50, 0x4c, 0x48, 0xff, 0x50, 0x4c, 0x48, 0xff, 0x50, 0x4c, 0x48, 0xff,
    0x50, 0x4c, 0x48, 0xff, 0x50, 0x48, 0x48, 0xff, 0x50, 0x4c, 0x48, 0xff,
    0x50, 0x4c, 0x40, 0xff, 0x50, 0x4c, 0x48, 0xff, 0x50, 0x4c, 0x48, 0xff,
    0x50, 0x48, 0x48, 0xff, 0x50, 0x4c, 0x48, 0xff, 0x50, 0x48, 0x48, 0xff,
    0x50, 0x4c, 0x48, 0xff, 0x50, 0x4c, 0x48, 0xff, 0x50, 0x48, 0x48, 0xff,
    0x50, 0x4c, 0x48, 0xff, 0x50, 0x4c, 0x48, 0xff, 0x50, 0x4c, 0x48, 0xff,
    0x50, 0x4c, 0x48, 0xff, 0x50, 0x48, 0x48, 0xff, 0x50, 0x4c, 0x48, 0xff,
    0x50, 0x4c, 0x40, 0xff, 0x50, 0x48, 0x48, 0xff, 0x50, 0x4c, 0x48, 0xff,
    0x50, 0x4c, 0x48, 0xff, 0x50, 0x4c, 0x48, 0xff, 0x50, 0x4c, 0x48, 0xff,
    0x50, 0x4c, 0x48, 0xff, 0x50, 0x48, 0x48, 0xff, 0x50, 0x4c, 0x48, 0xff,
    0x50, 0x4c, 0x48, 0xff, 0x50, 0x4c, 0x48, 0xff, 0x50, 0x4c, 0x48, 0xff,
    0x50, 0x48, 0x48, 0xff, 0x50, 0x4c, 0x48, 0xff, 0x50, 0x48, 0x48, 0xff,
    0x50, 0x4c, 0x40, 0xff, 0x50, 0x4c, 0x48, 0xff, 0x50, 0x48, 0x48, 0xff,
    0x50, 0x4c, 0x48, 0xff, 0x50, 0x4c, 0x48, 0xff, 0x50, 0x4c, 0x48, 0xff,
    0x50, 0x4c, 0x48, 0xff, 0x50, 0x4c, 0x48, 0xff, 0x50, 0x4c, 0x48, 0xff,
    0x50, 0x4c, 0x48, 0xff, 0x50, 0x48, 0x48, 0xff, 0x50, 0x4c, 0x48, 0xff,
    0x50, 0x4c, 0x48, 0xff, 0x50, 0x48, 0x48, 0xff, 0x50, 0x4c, 0x48, 0xff,
    0x50, 0x4c, 0x48, 0xff, 0x50, 0x4c, 0x40, 0xff, 0x50, 0x48, 0x48, 0xff,
    0x50, 0x4c, 0x48, 0xff, 0x50, 0x48, 0x40, 0xff, 0x50, 0x4c, 0x48, 0xff,
    0x50, 0x48, 0x48, 0xff, 0x50, 0x48, 0x40, 0xff, 0x50, 0x4c, 0x48, 0xff,
    0x50, 0x4c, 0x48, 0xff, 0x50, 0x48, 0x40, 0xff, 0x50, 0x4c, 0x48, 0xff,
    0x50, 0x4c, 0x48, 0xff, 0x50, 0x4c, 0x48, 0xff, 0x50, 0x48, 0x48, 0xff,
    0x50, 0x4c, 0x48, 0xff, 0x50, 0x48, 0x40, 0xff, 0x50, 0x4c, 0x48, 0xff,
    0x50, 0x4c, 0x48, 0xff, 0x50, 0x48, 0x40, 0xff, 0x50, 0x4c, 0x48, 0xff,
    0x50, 0x48, 0x48, 0xff, 0x50, 0x4c, 0x48, 0xff, 0x50, 0x4c, 0x40, 0xff,
    0x50, 0x48, 0x48, 0xff, 0x50, 0x4c, 0x48, 0xff, 0x50, 0x4c, 0x48, 0xff,
    0x50, 0x4c, 0x48, 0xff, 0x50, 0x4c, 0x48, 0xff, 0x50, 0x4c, 0x48, 0xff,
    0x50, 0x4c, 0x40, 0xff, 0x50, 0x4c, 0x48, 0xff, 0x50, 0x4c, 0x48, 0xff,
    0x50, 0x48, 0x48, 0xff, 0x50, 0x48, 0x40, 0x7d, 0x00, 0x00, 0x00, 0x00,
    0x00, 0x00, 0x00, 0x00, 0x50, 0x4c, 0x48, 0xbe, 0x50, 0x4c, 0x48, 0xff,
    0x50, 0x4c, 0x40, 0xff, 0x50, 0x4c, 0x48, 0xff, 0x50, 0x48, 0x48, 0xff,
    0x50, 0x4c, 0x48, 0xff, 0x50, 0x4c, 0x48, 0xff, 0x50, 0x48, 0x48, 0xff,
    0x50, 0x4c, 0x48, 0xff, 0x50, 0x4c, 0x48, 0xff, 0x50, 0x4c, 0x48, 0xff,
    0x50, 0x48, 0x48, 0xff, 0x50, 0x4c, 0x48, 0xff, 0x50, 0x4c, 0x48, 0xff,
    0x50, 0x4c, 0x48, 0xff, 0x50, 0x48, 0x48, 0xff, 0x50, 0x4c, 0x48, 0xff,
    0x50, 0x4c, 0x48, 0xff, 0x50, 0x4c, 0x48, 0xff, 0x50, 0x4c, 0x48, 0xff,
    0x50, 0x4c, 0x48, 0xff, 0x50, 0x4c, 0x48, 0xff, 0x50, 0x4c, 0x48, 0xff,
    0x50, 0x4c, 0x48, 0xff, 0x50, 0x48, 0x48, 0xff, 0x50, 0x4c, 0x48, 0xff,
    0x50, 0x4c, 0x48, 0xff, 0x50, 0x4c, 0x48, 0xff, 0x50, 0x4c, 0x48, 0xff,
    0x50, 0x48, 0x48, 0xff, 0x50, 0x4c, 0x48, 0xff, 0x50, 0x48, 0x48, 0xff,
    0x50, 0x4c, 0x48, 0xff, 0x50, 0x4c, 0x40, 0xff, 0x50, 0x48, 0x48, 0xff,
    0x50, 0x4c, 0x48, 0xff, 0x50, 0x48, 0x48, 0xff, 0x50, 0x48, 0x48, 0xff,
    0x50, 0x4c, 0x48, 0xff, 0x50, 0x48, 0x40, 0xff, 0x50, 0x4c, 0x48, 0xff,
    0x50, 0x4c, 0x48, 0xff, 0x50, 0x4c, 0x40, 0xff, 0x50, 0x4c, 0x48, 0xff,
    0x50, 0x4c, 0x48, 0xff, 0x50, 0x48, 0x48, 0xff, 0x50, 0x4c, 0x48, 0xff,
    0x50, 0x4c, 0x48, 0xff, 0x50, 0x48, 0x48, 0xff, 0x50, 0x4c, 0x48, 0xff,
    0x50, 0x48, 0x48, 0xff, 0x50, 0x4c, 0x48, 0xff, 0x50, 0x48, 0x40, 0xff,
    0x50, 0x4c, 0x48, 0xff, 0x50, 0x4c, 0x48, 0xff, 0x50, 0x4c, 0x48, 0xff,
    0x50, 0x48, 0x48, 0xff, 0x50, 0x4c, 0x48, 0xff, 0x50, 0x4c, 0x48, 0xff,
    0x50, 0x4c, 0x48, 0xff, 0x50, 0x48, 0x48, 0xff, 0x50, 0x4c, 0x48, 0xff,
    0x50, 0x4c, 0x40, 0xff, 0x50, 0x48, 0x48, 0xff, 0x50, 0x4c, 0x48, 0xff,
    0x50, 0x4c, 0x48, 0xff, 0x50, 0x4c, 0x48, 0xff, 0x50, 0x48, 0x48, 0xff,
    0x50, 0x4c, 0x48, 0xff, 0x50, 0x4c, 0x40, 0xff, 0x50, 0x4c, 0x48, 0xff,
    0x50, 0x48, 0x48, 0xff, 0x50, 0x4c, 0x48, 0xff, 0x50, 0x4c, 0x48, 0xff,
    0x50, 0x4c, 0x48, 0xff, 0x50, 0x48, 0x40, 0xff, 0x50, 0x4c, 0x48, 0xff,
    0x50, 0x4c, 0x48, 0xff, 0x50, 0x48, 0x48, 0xff, 0x50, 0x4c, 0x48, 0xff,
    0x50, 0x4c, 0x48, 0xff, 0x50, 0x48, 0x48, 0xff, 0x50, 0x4c, 0x40, 0xff,
    0x50, 0x4c, 0x48, 0xff, 0x50, 0x4c, 0x48, 0xff, 0x50, 0x48, 0x48, 0xff,
    0x50, 0x4c, 0x48, 0xff, 0x50, 0x4c, 0x48, 0xff, 0x50, 0x4c, 0x48, 0xff,
    0x50, 0x4c, 0x40, 0xff, 0x50, 0x4c, 0x48, 0xff, 0x50, 0x4c, 0x48, 0xff,
    0x50, 0x48, 0x40, 0xff, 0x50, 0x4c, 0x48, 0xff, 0x50, 0x4c, 0x48, 0xff,
    0x50, 0x48, 0x48, 0xff, 0x50, 0x4c, 0x48, 0xff, 0x50, 0x4c, 0x40, 0xff,
    0x50, 0x48, 0x48, 0xff, 0x50, 0x4c, 0x48, 0xff, 0x50, 0x4c, 0x48, 0xff,
    0x50, 0x48, 0x48, 0xff, 0x50, 0x4c, 0x48, 0xff, 0x50, 0x4c, 0x48, 0xff,
    0x50, 0x48, 0x40, 0xff, 0x50, 0x4c, 0x48, 0xff, 0x50, 0x4c, 0x48, 0xff,
    0x50, 0x4c, 0x40, 0xff, 0x50, 0x48, 0x48, 0xff, 0x50, 0x4c, 0x48, 0xff,
    0x50, 0x4c, 0x48, 0xff, 0x50, 0x4c, 0x48, 0xff, 0x50, 0x4c, 0x40, 0xff,
    0x50, 0x4c, 0x48, 0xff, 0x50, 0x4c, 0x48, 0xff, 0x50, 0x4c, 0x48, 0xff,
    0x50, 0x48, 0x48, 0xff, 0x50, 0x4c, 0x48, 0xff, 0x50, 0x4c, 0x48, 0xff,
    0x50, 0x48, 0x40, 0xff, 0x50, 0x4c, 0x48, 0xff, 0x50, 0x4c, 0x48, 0xff,
    0x50, 0x48, 0x40, 0xff, 0x50, 0x4c, 0x48, 0xff, 0x50, 0x4c, 0x48, 0xff,
    0x50, 0x48, 0x48, 0xff, 0x50, 0x4c, 0x48, 0xff, 0x50, 0x4c, 0x40, 0xff,
    0x50, 0x48, 0x48, 0xff, 0x50, 0x4c, 0x48, 0xff, 0x50, 0x4c, 0x48, 0xff,
    0x50, 0x4c, 0x48, 0xff, 0x50, 0x48, 0x48, 0xff, 0x50, 0x4c, 0x48, 0xff,
    0x50, 0x4c, 0x40, 0xff, 0x50, 0x4c, 0x48, 0xff, 0x50, 0x4c, 0x48, 0xff,
    0x50, 0x4c, 0x40, 0xff, 0x50, 0x4c, 0x48, 0xff, 0x50, 0x4c, 0x48, 0xff,
    0x50, 0x48, 0x48, 0xff, 0x50, 0x4c, 0x48, 0xff, 0x50, 0x4c, 0x40, 0xff,
    0x50, 0x48, 0x48, 0xff, 0x50, 0x4c, 0x48, 0xff, 0x50, 0x4c, 0x48, 0xff,
    0x50, 0x48, 0x48, 0xff, 0x50, 0x4c, 0x48, 0xff, 0x50, 0x4c, 0x48, 0xff,
    0x50, 0x48, 0x40, 0xff, 0x50, 0x4c, 0x48, 0xff, 0x50, 0x4c, 0x48, 0xff,
    0x50, 0x48, 0x40, 0xff, 0x50, 0x4c, 0x48, 0xff, 0x50, 0x4c, 0x48, 0xff,
    0x50, 0x4c, 0x48, 0xff, 0x50, 0x48, 0x48, 0xff, 0x50, 0x4c, 0x40, 0xff,
    0x50, 0x4c, 0x48, 0xff, 0x50, 0x4c, 0x48, 0xff, 0x50, 0x4c, 0x48, 0xff,
    0x50, 0x4c, 0x48, 0xff, 0x50, 0x4c, 0x48, 0xff, 0x50, 0x4c, 0x48, 0xff,
    0x50, 0x48, 0x40, 0xff, 0x50, 0x4c, 0x48, 0xff, 0x50, 0x4c, 0x48, 0xff,
    0x50, 0x48, 0x40, 0xff, 0x50, 0x4c, 0x48, 0xff, 0x50, 0x4c, 0x48, 0xff,
    0x50, 0x48, 0x48, 0xff, 0x50, 0x4c, 0x48, 0xff, 0x50, 0x4c, 0x40, 0xff,
    0x50, 0x48, 0x48, 0xff, 0x50, 0x4c, 0x48, 0xff, 0x50, 0x4c, 0x48, 0xff,
    0x50, 0x48, 0x48, 0xff, 0x50, 0x4c, 0x48, 0xff, 0x50, 0x4c, 0x48, 0xff,
    0x50, 0x4c, 0x40, 0xff, 0x50, 0x48, 0x48, 0xff, 0x50, 0x4c, 0x48, 0xff,
    0x50, 0x4c, 0x40, 0xff, 0x50, 0x48, 0x48, 0xff, 0x50, 0x4c, 0x48, 0xff,
    0x50, 0x4c, 0x48, 0xff, 0x50, 0x4c, 0x48, 0xff, 0x50, 0x48, 0x48, 0xff,
    0x50, 0x4c, 0x48, 0xff, 0x50, 0x4c, 0x48, 0xff, 0x50, 0x48, 0x48, 0xff,
    0x50, 0x4c, 0x48, 0xff, 0x50, 0x4c, 0x48, 0xff, 0x50, 0x4c, 0x48, 0xff,
    0x50, 0x4c, 0x48, 0xff, 0x50, 0x4c, 0x48, 0xff, 0x50, 0x4c, 0x48, 0xff,
    0x50, 0x4c, 0x48, 0xff, 0x50, 0x4c, 0x48, 0xff, 0x50, 0x4c, 0x48, 0xff,
    0x50, 0x48, 0x48, 0xff, 0x50, 0x4c, 0x48, 0xff, 0x50, 0x4c, 0x48, 0xff,
    0x50, 0x4c, 0x48, 0xff, 0x50, 0x4c, 0x48, 0xff, 0x50, 0x4c, 0x48, 0xff,
    0x50, 0x4c, 0x48, 0xff, 0x50, 0x4c, 0x48, 0xff, 0x50, 0x4c, 0x48, 0xff,
    0x50, 0x4c, 0x48, 0xff, 0x50, 0x4c, 0x48, 0xff, 0x50, 0x4c, 0x48, 0xff,
    0x50, 0x48, 0x48, 0xff, 0x50, 0x4c, 0x48, 0xff, 0x50, 0x4c, 0x48, 0xff,
    0x50, 0x4c, 0x48, 0xff, 0x50, 0x48, 0x48, 0xff, 0x50, 0x4c, 0x40, 0xff,
    0x50, 0x4c, 0x48, 0xff, 0x50, 0x48, 0x48, 0xff, 0x50, 0x4c, 0x48, 0xff,
    0x50, 0x48, 0x48, 0xff, 0x50, 0x4c, 0x48, 0xff, 0x50, 0x4c, 0x48, 0xff,
    0x50, 0x4c, 0x48, 0xff, 0x50, 0x4c, 0x48, 0xbe, 0x00, 0x00, 0x00, 0x00,
    0x50, 0x50, 0x50, 0x10, 0x50, 0x4c, 0x48, 0xff, 0x50, 0x48, 0x48, 0xff,
    0x50, 0x4c, 0x48, 0xff, 0x50, 0x4c, 0x48, 0xff, 0x50, 0x4c, 0x48, 0xff,
    0x50, 0x48, 0x40, 0xff, 0x50, 0x4c, 0x48, 0xff, 0x50, 0x4c, 0x48, 0xff,
    0x50, 0x48, 0x48, 0xff, 0x50, 0x4c, 0x48, 0xff, 0x50, 0x48, 0x40, 0xff,
    0x50, 0x4c, 0x48, 0xff, 0x50, 0x4c, 0x48, 0xff, 0x50, 0x4c, 0x48, 0xff,
    0x50, 0x48, 0x48, 0xff, 0x50, 0x4c, 0x40, 0xff, 0x50, 0x4c, 0x48, 0xff,
    0x50, 0x48, 0x48, 0xff, 0x50, 0x4c, 0x40, 0xff, 0x50, 0x48, 0x48, 0xff,
    0x50, 0x48, 0x48, 0xff, 0x50, 0x4c, 0x40, 0xff, 0x50, 0x4c, 0x48, 0xff,
    0x50, 0x4c, 0x48, 0xff, 0x50, 0x4c, 0x48, 0xff, 0x50, 0x48, 0x48, 0xff,
    0x50, 0x4c, 0x40, 0xff, 0x50, 0x4c, 0x48, 0xff, 0x50, 0x4c, 0x48, 0xff,
    0x50, 0x4c, 0x40, 0xff, 0x50, 0x48, 0x48, 0xff, 0x50, 0x4c, 0x48, 0xff,
    0x50, 0x4c, 0x48, 0xff, 0x50, 0x4c, 0x48, 0xff, 0x50, 0x4c, 0x48, 0xff,
    0x50, 0x4c, 0x48, 0xff, 0x50, 0x4c, 0x40, 0xff, 0x50, 0x4c, 0x48, 0xff,
    0x50, 0x4c, 0x48, 0xff, 0x50, 0x48, 0x48, 0xff, 0x50, 0x4c, 0x48, 0xff,
    0x50, 0x4c, 0x48, 0xff, 0x50, 0x48, 0x48, 0xff, 0x50, 0x4c, 0x48, 0xff,
    0x50, 0x4c, 0x48, 0xff, 0x50, 0x4c, 0x48, 0xff, 0x50, 0x4c, 0x48, 0xff,
    0x50, 0x48, 0x40, 0xff, 0x50, 0x4c, 0x48, 0xff, 0x50, 0x4c, 0x48, 0xff,
    0x50, 0x4c, 0x40, 0xff, 0x50, 0x48, 0x48, 0xff, 0x50, 0x4c, 0x48, 0xff,
    0x50, 0x4c, 0x48, 0xff, 0x50, 0x48, 0x48, 0xff, 0x50, 0x4c, 0x48, 0xff,
    0x50, 0x4c, 0x48, 0xff, 0x50, 0x48, 0x48, 0xff, 0x50, 0x4c, 0x48, 0xff,
    0x50, 0x4c, 0x48, 0xff, 0x50, 0x4c, 0x48, 0xff, 0x50, 0x48, 0x48, 0xff,
    0x50, 0x4c, 0x48, 0xff, 0x50, 0x4c, 0x48, 0xff, 0x50, 0x48, 0x40, 0xff,
    0x50, 0x4c, 0x48, 0xff, 0x50, 0x4c, 0x48, 0xff, 0x50, 0x48, 0x40, 0xff,
    0x50, 0x4c, 0x48, 0xff, 0x50, 0x4c, 0x48, 0xff, 0x50, 0x4c, 0x48, 0xff,
    0x50, 0x4c, 0x48, 0xff, 0x50, 0x4c, 0x48, 0xff, 0x50, 0x4c, 0x48, 0xff,
    0x50, 0x4c, 0x48, 0xff, 0x50, 0x48, 0x48, 0xff, 0x50, 0x4c, 0x48, 0xff,
    0x50, 0x4c, 0x48, 0xff, 0x50, 0x4c, 0x40, 0xff, 0x50, 0x4c, 0x48, 0xff,
    0x50, 0x4c, 0x48, 0xff, 0x50, 0x48, 0x48, 0xff, 0x50, 0x4c, 0x48, 0xff,
    0x50, 0x4c, 0x48, 0xff, 0x50, 0x4c, 0x48, 0xff, 0x50, 0x4c, 0x40, 0xff,
    0x50, 0x48, 0x48, 0xff, 0x50, 0x4c, 0x48, 0xff, 0x50, 0x48, 0x48, 0xff,
    0x50, 0x4c, 0x48, 0xff, 0x50, 0x4c, 0x48, 0xff, 0x50, 0x48, 0x48, 0xff,
    0x50, 0x4c, 0x48, 0xff, 0x50, 0x4c, 0x48, 0xff, 0x50, 0x48, 0x48, 0xff,
    0x50, 0x4c, 0x48, 0xff, 0x50, 0x4c, 0x48, 0xff, 0x50, 0x4c, 0x48, 0xff,
    0x50, 0x48, 0x48, 0xff, 0x50, 0x4c, 0x48, 0xff, 0x50, 0x4c, 0x40, 0xff,
    0x50, 0x4c, 0x48, 0xff, 0x50, 0x4c, 0x48, 0xff, 0x50, 0x4c, 0x48, 0xff,
    0x50, 0x4c, 0x48, 0xff, 0x50, 0x48, 0x48, 0xff, 0x50, 0x4c, 0x48, 0xff,
    0x50, 0x4c, 0x48, 0xff, 0x50, 0x4c, 0x48, 0xff, 0x50, 0x48, 0x48, 0xff,
    0x50, 0x4c, 0x48, 0xff, 0x50, 0x48, 0x48, 0xff, 0x50, 0x4c, 0x48, 0xff,
    0x50, 0x48, 0x48, 0xff, 0x50, 0x4c, 0x48, 0xff, 0x50, 0x4c, 0x40, 0xff,
    0x50, 0x48, 0x48, 0xff, 0x50, 0x4c, 0x48, 0xff, 0x50, 0x4c, 0x48, 0xff,
    0x50, 0x4c, 0x48, 0xff, 0x50, 0x4c, 0x48, 0xff, 0x50, 0x4c, 0x48, 0xff,
    0x50, 0x48, 0x48, 0xff, 0x50, 0x4c, 0x48, 0xff, 0x50, 0x4c, 0x48, 0xff,
    0x50, 0x4c, 0x48, 0xff, 0x50, 0x4c, 0x48, 0xff, 0x50, 0x4c, 0x48, 0xff,
    0x50, 0x4c, 0x48, 0xff, 0x50, 0x48, 0x48, 0xff, 0x50, 0x4c, 0x40, 0xff,
    0x50, 0x4c, 0x48, 0xff, 0x50, 0x4c, 0x48, 0xff, 0x50, 0x48, 0x48, 0xff,
    0x50, 0x4c, 0x48, 0xff, 0x50, 0x48, 0x48, 0xff, 0x50, 0x4c, 0x48, 0xff,
    0x50, 0x48, 0x48, 0xff, 0x50, 0x4c, 0x48, 0xff, 0x50, 0x4c, 0x48, 0xff,
    0x50, 0x48, 0x48, 0xff, 0x50, 0x4c, 0x48, 0xff, 0x50, 0x4c, 0x48, 0xff,
    0x50, 0x4c, 0x48, 0xff, 0x50, 0x4c, 0x48, 0xff, 0x50, 0x4c, 0x40, 0xff,
    0x50, 0x48, 0x48, 0xff, 0x50, 0x4c, 0x48, 0xff, 0x50, 0x4c, 0x48, 0xff,
    0x50, 0x4c, 0x48, 0xff, 0x50, 0x4c, 0x48, 0xff, 0x50, 0x4c, 0x48, 0xff,
    0x50, 0x4c, 0x48, 0xff, 0x50, 0x48, 0x48, 0xff, 0x50, 0x4c, 0x48, 0xff,
    0x50, 0x4c, 0x48, 0xff, 0x50, 0x4c, 0x48, 0xff, 0x50, 0x48, 0x48, 0xff,
    0x50, 0x4c, 0x48, 0xff, 0x50, 0x48, 0x48, 0xff, 0x50, 0x4c, 0x40, 0xff,
    0x50, 0x48, 0x48, 0xff, 0x50, 0x4c, 0x48, 0xff, 0x50, 0x4c, 0x48, 0xff,
    0x50, 0x48, 0x48, 0xff, 0x50, 0x4c, 0x48, 0xff, 0x50, 0x4c, 0x48, 0xff,
    0x50, 0x4c, 0x48, 0xff, 0x50, 0x4c, 0x48, 0xff, 0x50, 0x4c, 0x48, 0xff,
    0x50, 0x48, 0x48, 0xff, 0x50, 0x4c, 0x48, 0xff, 0x50, 0x4c, 0x48, 0xff,
    0x50, 0x4c, 0x48, 0xff, 0x50, 0x4c, 0x48, 0xff, 0x50, 0x4c, 0x40, 0xff,
    0x50, 0x4c, 0x48, 0xff, 0x50, 0x48, 0x48, 0xff, 0x50, 0x4c, 0x48, 0xff,
    0x50, 0x4c, 0x48, 0xff, 0x50, 0x48, 0x48, 0xff, 0x50, 0x4c, 0x48, 0xff,
    0x50, 0x4c, 0x48, 0xff, 0x50, 0x48, 0x48, 0xff, 0x50, 0x4c, 0x48, 0xff,
    0x50, 0x4c, 0x40, 0xff, 0x50, 0x4c, 0x48, 0xff, 0x50, 0x4c, 0x48, 0xff,
    0x50, 0x4c, 0x40, 0xff, 0x50, 0x4c, 0x48, 0xff, 0x50, 0x48, 0x48, 0xff,
    0x50, 0x4c, 0x40, 0xff, 0x50, 0x4c, 0x48, 0xff, 0x50, 0x48, 0x48, 0xff,
    0x50, 0x4c, 0x48, 0xff, 0x50, 0x4c, 0x48, 0xff, 0x50, 0x48, 0x48, 0xff,
    0x50, 0x4c, 0x40, 0xff, 0x50, 0x4c, 0x48, 0xff, 0x50, 0x4c, 0x48, 0xff,
    0x50, 0x4c, 0x48, 0xff, 0x50, 0x4c, 0x48, 0xff, 0x50, 0x48, 0x40, 0xff,
    0x50, 0x48, 0x48, 0xff, 0x50, 0x4c, 0x48, 0xff, 0x50, 0x4c, 0x40, 0xff,
    0x50, 0x48, 0x48, 0xff, 0x50, 0x4c, 0x48, 0xff, 0x50, 0x48, 0x48, 0xff,
    0x50, 0x4c, 0x48, 0xff, 0x50, 0x4c, 0x48, 0xff, 0x50, 0x4c, 0x40, 0xff,
    0x50, 0x4c, 0x48, 0xff, 0x50, 0x48, 0x48, 0xff, 0x50, 0x4c, 0x48, 0xff,
    0x50, 0x4c, 0x48, 0xff, 0x50, 0x4c, 0x48, 0xff, 0x50, 0x48, 0x48, 0xff,
    0x50, 0x4c, 0x48, 0xff, 0x50, 0x4c, 0x48, 0xff, 0x50, 0x48, 0x48, 0xff,
    0x50, 0x4c, 0x48, 0xff, 0x50, 0x4c, 0x40, 0xff, 0x50, 0x48, 0x48, 0xff,
    0x50, 0x4c, 0x48, 0xff, 0x50, 0x4c, 0x48, 0xff, 0x50, 0x40, 0x40, 0x10,
    0x50, 0x4c, 0x48, 0x41, 0x50, 0x4c, 0x48, 0xff, 0x50, 0x48, 0x48, 0xff,
    0x50, 0x4c, 0x48, 0xff, 0x50, 0x4c, 0x48, 0xff, 0x50, 0x4c, 0x48, 0xff,
    0x50, 0x4c, 0x48, 0xff, 0x50, 0x4c, 0x48, 0xff, 0x50, 0x4c, 0x48, 0xff,
    0x50, 0x4c, 0x48, 0xff, 0x50, 0x4c, 0x48, 0xff, 0x50, 0x4c, 0x48, 0xff,
    0x50, 0x4c, 0x48, 0xff, 0x50, 0x48, 0x48, 0xff, 0x50, 0x4c, 0x48, 0xff,
    0x50, 0x4c, 0x48, 0xff, 0x50, 0x4c, 0x48, 0xff, 0x50, 0x4c, 0x48, 0xff,
    0x50, 0x4c, 0x48, 0xff, 0x50, 0x4c, 0x48, 0xff, 0x50, 0x4c, 0x48, 0xff,
    0x50, 0x4c, 0x48, 0xff, 0x50, 0x48, 0x48, 0xff, 0x50, 0x4c, 0x48, 0xff,
    0x50, 0x4c, 0x40, 0xff, 0x50, 0x48, 0x48, 0xff, 0x50, 0x4c, 0x48, 0xff,
    0x50, 0x4c, 0x48, 0xff, 0x50, 0x48, 0x48, 0xff, 0x50, 0x4c, 0x48, 0xff,
    0x50, 0x4c, 0x48, 0xff, 0x50, 0x4c, 0x48, 0xff, 0x50, 0x4c, 0x48, 0xff,
    0x50, 0x48, 0x40, 0xff, 0x50, 0x4c, 0x48, 0xff, 0x50, 0x4c, 0x48, 0xff,
    0x50, 0x48, 0x48, 0xff, 0x50, 0x4c, 0x48, 0xff, 0x50, 0x4c, 0x48, 0xff,
    0x50, 0x4c, 0x48, 0xff, 0x50, 0x4c, 0x48, 0xff, 0x50, 0x4c, 0x48, 0xff,
    0x50, 0x48, 0x48, 0xff, 0x50, 0x4c, 0x48, 0xff, 0x50, 0x4c, 0x48, 0xff,
    0x50, 0x48, 0x40, 0xff, 0x50, 0x4c, 0x48, 0xff, 0x50, 0x4c, 0x48, 0xff,
    0x50, 0x4c, 0x48, 0xff, 0x50, 0x4c, 0x48, 0xff, 0x50, 0x4c, 0x48, 0xff,
    0x50, 0x4c, 0x48, 0xff, 0x50, 0x4c, 0x48, 0xff, 0x50, 0x4c, 0x48, 0xff,
    0x50, 0x4c, 0x48, 0xff, 0x50, 0x48, 0x40, 0xff, 0x50, 0x4c, 0x48, 0xff,
    0x50, 0x4c, 0x48, 0xff, 0x50, 0x4c, 0x40, 0xff, 0x50, 0x48, 0x48, 0xff,
    0x50, 0x4c, 0x48, 0xff, 0x50, 0x4c, 0x40, 0xff, 0x50, 0x4c, 0x48, 0xff,
    0x50, 0x4c, 0x48, 0xff, 0x50, 0x4c, 0x48, 0xff, 0x50, 0x4c, 0x48, 0xff,
    0x50, 0x4c, 0x48, 0xff, 0x50, 0x4c, 0x48, 0xff, 0x50, 0x4c, 0x48, 0xff,
    0x50, 0x48, 0x48, 0xff, 0x50, 0x4c, 0x48, 0xff, 0x50, 0x48, 0x48, 0xff,
    0x50, 0x4c, 0x48, 0xff, 0x50, 0x48, 0x40, 0xff, 0x50, 0x4c, 0x48, 0xff,
    0x50, 0x4c, 0x48, 0xff, 0x50, 0x4c, 0x48, 0xff, 0x50, 0x48, 0x48, 0xff,
    0x50, 0x4c, 0x48, 0xff, 0x50, 0x48, 0x48, 0xff, 0x50, 0x4c, 0x48, 0xff,
    0x50, 0x4c, 0x40, 0xff, 0x50, 0x4c, 0x48, 0xff, 0x50, 0x48, 0x48, 0xff,
    0x50, 0x4c, 0x48, 0xff, 0x50, 0x4c, 0x48, 0xff, 0x50, 0x48, 0x48, 0xff,
    0x50, 0x4c, 0x48, 0xff, 0x50, 0x4c, 0x48, 0xff, 0x50, 0x4c, 0x48, 0xff,
    0x50, 0x48, 0x48, 0xff, 0x50, 0x4c, 0x48, 0xff, 0x50, 0x4c, 0x48, 0xff,
    0x50, 0x4c, 0x48, 0xff, 0x50, 0x4c, 0x48, 0xff, 0x50, 0x4c, 0x40, 0xff,
    0x50, 0x4c, 0x48, 0xff, 0x50, 0x4c, 0x48, 0xff, 0x50, 0x48, 0x48, 0xff,
    0x50, 0x4c, 0x48, 0xff, 0x50, 0x4c, 0x48, 0xff, 0x50, 0x48, 0x48, 0xff,
    0x50, 0x4c, 0x48, 0xff, 0x50, 0x48, 0x48, 0xff, 0x50, 0x4c, 0x48, 0xff,
    0x50, 0x4c, 0x48, 0xff, 0x50, 0x4c, 0x48, 0xff, 0x50, 0x48, 0x48, 0xff,
    0x50, 0x4c, 0x48, 0xff, 0x50, 0x4c, 0x48, 0xff, 0x50, 0x4c, 0x40, 0xff,
    0x50, 0x4c, 0x48, 0xff, 0x50, 0x4c, 0x48, 0xff, 0x50, 0x48, 0x48, 0xff,
    0x50, 0x4c, 0x48, 0xff, 0x50, 0x4c, 0x48, 0xff, 0x50, 0x4c, 0x48, 0xff,
    0x50, 0x4c, 0x48, 0xff, 0x50, 0x48, 0x48, 0xff, 0x50, 0x4c, 0x48, 0xff,
    0x50, 0x48, 0x48, 0xff, 0x50, 0x4c, 0x48, 0xff, 0x50, 0x4c, 0x48, 0xff,
    0x50, 0x4c, 0x48, 0xff, 0x50, 0x48, 0x48, 0xff, 0x50, 0x4c, 0x40, 0xff,
    0x50, 0x4c, 0x48, 0xff, 0x50, 0x48, 0x48, 0xff, 0x50, 0x4c, 0x48, 0xff,
    0x50, 0x4c, 0x48, 0xff, 0x50, 0x4c, 0x48, 0xff, 0x50, 0x48, 0x48, 0xff,
    0x50, 0x4c, 0x48, 0xff, 0x50, 0x4c, 0x48, 0xff, 0x50, 0x4c, 0x48, 0xff,
    0x50, 0x4c, 0x48, 0xff, 0x50, 0x4c, 0x48, 0xff, 0x50, 0x48, 0x48, 0xff,
    0x50, 0x4c, 0x48, 0xff, 0x50, 0x4c, 0x48, 0xff, 0x50, 0x4c, 0x40, 0xff,
    0x50, 0x4c, 0x48, 0xff, 0x50, 0x48, 0x48, 0xff, 0x50, 0x4c, 0x48, 0xff,
    0x50, 0x48, 0x48, 0xff, 0x50, 0x4c, 0x48, 0xff, 0x50, 0x4c, 0x48, 0xff,
    0x50, 0x4c, 0x48, 0xff, 0x50, 0x48, 0x48, 0xff, 0x50, 0x4c, 0x48, 0xff,
    0x50, 0x4c, 0x48, 0xff, 0x50, 0x48, 0x48, 0xff, 0x50, 0x4c, 0x48, 0xff,
    0x50, 0x4c, 0x48, 0xff, 0x50, 0x4c, 0x48, 0xff, 0x50, 0x48, 0x40, 0xff,
    0x50, 0x4c, 0x48, 0xff, 0x50, 0x4c, 0x48, 0xff, 0x50, 0x4c, 0x48, 0xff,
    0x50, 0x4c, 0x48, 0xff, 0x50, 0x4c, 0x48, 0xff, 0x50, 0x48, 0x48, 0xff,
    0x50, 0x4c, 0x48, 0xff, 0x50, 0x4c, 0x48, 0xff, 0x50, 0x4c, 0x48, 0xff,
    0x50, 0x4c, 0x48, 0xff, 0x50, 0x48, 0x48, 0xff, 0x50, 0x4c, 0x48, 0xff,
    0x50, 0x48, 0x48, 0xff, 0x50, 0x4c, 0x48, 0xff, 0x50, 0x4c, 0x40, 0xff,
    0x50, 0x4c, 0x48, 0xff, 0x50, 0x48, 0x48, 0xff, 0x50, 0x4c, 0x48, 0xff,
    0x50, 0x4c, 0x48, 0xff, 0x50, 0x48, 0x48, 0xff, 0x50, 0x4c, 0x48, 0xff,
    0x50, 0x4c, 0x48, 0xff, 0x50, 0x4c, 0x48, 0xff, 0x50, 0x4c, 0x48, 0xff,
    0x50, 0x4c, 0x48, 0xff, 0x50, 0x4c, 0x48, 0xff, 0x50, 0x4c, 0x48, 0xff,
    0x50, 0x4c, 0x48, 0xff, 0x50, 0x4c, 0x48, 0xff, 0x50, 0x48, 0x48, 0xff,
    0x50, 0x4c, 0x48, 0xff, 0x50, 0x48, 0x48, 0xff, 0x50, 0x4c, 0x48, 0xff,
    0x50, 0x4c, 0x48, 0xff, 0x50, 0x48, 0x48, 0xff, 0x50, 0x4c, 0x48, 0xff,
    0x50, 0x4c, 0x48, 0xff, 0x50, 0x48, 0x48, 0xff, 0x50, 0x4c, 0x48, 0xff,
    0x50, 0x4c, 0x40, 0xff, 0x50, 0x48, 0x48, 0xff, 0x50, 0x4c, 0x48, 0xff,
    0x50, 0x4c, 0x48, 0xff, 0x50, 0x48, 0x48, 0xff, 0x50, 0x48, 0x48, 0xff,
    0x50, 0x4c, 0x40, 0xff, 0x50, 0x4c, 0x48, 0xff, 0x50, 0x4c, 0x48, 0xff,
    0x50, 0x4c, 0x48, 0xff, 0x50, 0x4c, 0x48, 0xff, 0x50, 0x48, 0x48, 0xff,
    0x50, 0x4c, 0x48, 0xff, 0x50, 0x4c, 0x48, 0xff, 0x50, 0x48, 0x40, 0xff,
    0x50, 0x4c, 0x48, 0xff, 0x50, 0x48, 0x48, 0xff, 0x50, 0x4c, 0x48, 0xff,
    0x50, 0x4c, 0x48, 0xff, 0x50, 0x4c, 0x40, 0xff, 0x50, 0x48, 0x48, 0xff,
    0x50, 0x4c, 0x48, 0xff, 0x50, 0x4c, 0x40, 0xff, 0x50, 0x4c, 0x48, 0xff,
    0x50, 0x4c, 0x48, 0xff, 0x50, 0x4c, 0x40, 0xff, 0x50, 0x4c, 0x48, 0xff,
    0x50, 0x4c, 0x48, 0xff, 0x50, 0x4c, 0x48, 0xff, 0x50, 0x48, 0x48, 0xff,
    0x50, 0x4c, 0x48, 0xff, 0x50, 0x4c, 0x48, 0xff, 0x50, 0x48, 0x48, 0x51,
    0x50, 0x48, 0x48, 0x7d, 0x50, 0x4c, 0x48, 0xff, 0x50, 0x4c, 0x48, 0xff,
    0x50, 0x48, 0x40, 0xff, 0x50, 0x4c, 0x48, 0xff, 0x50, 0x48, 0x48, 0xff,
    0x50, 0x4c, 0x48, 0xff, 0x50, 0x48, 0x48, 0xff, 0x50, 0x48, 0x40, 0xff,
    0x50, 0x4c, 0x48, 0xff, 0x50, 0x4c, 0x48, 0xff, 0x50, 0x48, 0x48, 0xff,
    0x50, 0x4c, 0x40, 0xff, 0x50, 0x4c, 0x48, 0xff, 0x50, 0x48, 0x48, 0xff,
    0x50, 0x4c, 0x40, 0xff, 0x50, 0x4c, 0x48, 0xff, 0x50, 0x48, 0x48, 0xff,
    0x50, 0x4c, 0x48, 0xff, 0x50, 0x4c, 0x48, 0xff, 0x50, 0x4c, 0x40, 0xff,
    0x50, 0x4c, 0x48, 0xff, 0x50, 0x4c, 0x48, 0xff, 0x50, 0x48, 0x48, 0xff,
    0x50, 0x4c, 0x48, 0xff, 0x50, 0x4c, 0x48, 0xff, 0x50, 0x4c, 0x48, 0xff,
    0x50, 0x4c, 0x48, 0xff, 0x50, 0x48, 0x48, 0xff, 0x50, 0x4c, 0x48, 0xff,
    0x50, 0x4c, 0x48, 0xff, 0x50, 0x48, 0x48, 0xff, 0x50, 0x4c, 0x48, 0xff,
    0x50, 0x4c, 0x48, 0xff, 0x50, 0x48, 0x48, 0xff, 0x50, 0x4c, 0x48, 0xff,
    0x50, 0x4c, 0x48, 0xff, 0x50, 0x48, 0x48, 0xff, 0x50, 0x4c, 0x40, 0xff,
    0x50, 0x48, 0x48, 0xff, 0x50, 0x4c, 0x48, 0xff, 0x50, 0x4c, 0x40, 0xff,
    0x50, 0x4c, 0x48, 0xff, 0x50, 0x4c, 0x48, 0xff, 0x50, 0x48, 0x48, 0xff,
    0x50, 0x4c, 0x48, 0xff, 0x50, 0x4c, 0x48, 0xff, 0x50, 0x48, 0x48, 0xff,
    0x50, 0x4c, 0x48, 0xff, 0x50, 0x48, 0x48, 0xff, 0x50, 0x48, 0x48, 0xff,
    0x50, 0x4c, 0x48, 0xff, 0x50, 0x4c, 0x48, 0xff, 0x50, 0x48, 0x48, 0xff,
    0x50, 0x4c, 0x48, 0xff, 0x50, 0x4c, 0x48, 0xff, 0x50, 0x4c, 0x48, 0xff,
    0x50, 0x4c, 0x48, 0xff, 0x50, 0x4c, 0x48, 0xff, 0x50, 0x4c, 0x48, 0xff,
    0x50, 0x48, 0x48, 0xff, 0x50, 0x4c, 0x48, 0xff, 0x50, 0x48, 0x48, 0xff,
    0x50, 0x4c, 0x48, 0xff, 0x50, 0x48, 0x48, 0xff, 0x50, 0x4c, 0x48, 0xff,
    0x50, 0x48, 0x48, 0xff, 0x50, 0x4c, 0x48, 0xff, 0x50, 0x4c, 0x48, 0xff,
    0x50, 0x4c, 0x48, 0xff, 0x50, 0x4c, 0x48, 0xff, 0x50, 0x4c, 0x48, 0xff,
    0x50, 0x48, 0x48, 0xff, 0x50, 0x4c, 0x48, 0xff, 0x50, 0x4c, 0x48, 0xff,
    0x50, 0x48, 0x40, 0xff, 0x50, 0x4c, 0x48, 0xff, 0x50, 0x4c, 0x48, 0xff,
    0x50, 0x4c, 0x40, 0xff, 0x50, 0x4c, 0x48, 0xff, 0x50, 0x48, 0x48, 0xff,
    0x50, 0x4c, 0x48, 0xff, 0x50, 0x4c, 0x48, 0xff, 0x50, 0x4c, 0x48, 0xff,
    0x50, 0x48, 0x40, 0xff, 0x50, 0x4c, 0x48, 0xff, 0x50, 0x4c, 0x48, 0xff,
    0x50, 0x4c, 0x48, 0xff, 0x50, 0x4c, 0x40, 0xff, 0x50, 0x4c, 0x48, 0xff,
    0x50, 0x4c, 0x48, 0xff, 0x50, 0x48, 0x40, 0xff, 0x50, 0x4c, 0x48, 0xff,
    0x50, 0x48, 0x48, 0xff, 0x50, 0x4c, 0x48, 0xff, 0x50, 0x48, 0x48, 0xff,
    0x50, 0x4c, 0x48, 0xff, 0x50, 0x4c, 0x40, 0xff, 0x50, 0x4c, 0x48, 0xff,
    0x50, 0x4c, 0x48, 0xff, 0x50, 0x4c, 0x40, 0xff, 0x50, 0x4c, 0x48, 0xff,
    0x50, 0x4c, 0x48, 0xff, 0x50, 0x4c, 0x40, 0xff, 0x50, 0x48, 0x48, 0xff,
    0x50, 0x4c, 0x48, 0xff, 0x50, 0x4c, 0x40, 0xff, 0x50, 0x4c, 0x48, 0xff,
    0x50, 0x48, 0x48, 0xff, 0x50, 0x4c, 0x48, 0xff, 0x50, 0x4c, 0x48, 0xff,
    0x50, 0x48, 0x48, 0xff, 0x50, 0x4c, 0x40, 0xff, 0x50, 0x4c, 0x48, 0xff,
    0x50, 0x4c, 0x48, 0xff, 0x50, 0x48, 0x40, 0xff, 0x50, 0x4c, 0x48, 0xff,
    0x50, 0x4c, 0x48, 0xff, 0x50, 0x4c, 0x40, 0xff, 0x50, 0x4c, 0x48, 0xff,
    0x50, 0x48, 0x48, 0xff, 0x50, 0x4c, 0x40, 0xff, 0x50, 0x4c, 0x48, 0xff,
    0x50, 0x4c, 0x48, 0xff, 0x50, 0x4c, 0x48, 0xff, 0x50, 0x48, 0x48, 0xff,
    0x50, 0x4c, 0x48, 0xff, 0x50, 0x4c, 0x40, 0xff, 0x50, 0x48, 0x48, 0xff,
    0x50, 0x4c, 0x48, 0xff, 0x50, 0x4c, 0x40, 0xff, 0x50, 0x4c, 0x48, 0xff,
    0x50, 0x48, 0x48, 0xff, 0x50, 0x4c, 0x40, 0xff, 0x50, 0x4c, 0x48, 0xff,
    0x50, 0x48, 0x48, 0xff, 0x50, 0x4c, 0x40, 0xff, 0x50, 0x4c, 0x48, 0xff,
    0x50, 0x4c, 0x48, 0xff, 0x50, 0x48, 0x48, 0xff, 0x50, 0x4c, 0x48, 0xff,
    0x50, 0x4c, 0x48, 0xff, 0x50, 0x4c, 0x40, 0xff, 0x50, 0x4c, 0x48, 0xff,
    0x50, 0x48, 0x48, 0xff, 0x50, 0x4c, 0x40, 0xff, 0x50, 0x4c, 0x48, 0xff,
    0x50, 0x4c, 0x48, 0xff, 0x50, 0x4c, 0x40, 0xff, 0x50, 0x48, 0x48, 0xff,
    0x50, 0x4c, 0x48, 0xff, 0x50, 0x4c, 0x40, 0xff, 0x50, 0x48, 0x48, 0xff,
    0x50, 0x4c, 0x48, 0xff, 0x50, 0x4c, 0x48, 0xff, 0x50, 0x4c, 0x48, 0xff,
    0x50, 0x48, 0x48, 0xff, 0x50, 0x4c, 0x40, 0xff, 0x50, 0x4c, 0x48, 0xff,
    0x50, 0x48, 0x48, 0xff, 0x50, 0x4c, 0x40, 0xff, 0x50, 0x4c, 0x48, 0xff,
    0x50, 0x4c, 0x48, 0xff, 0x50, 0x48, 0x40, 0xff, 0x50, 0x4c, 0x48, 0xff,
    0x50, 0x4c, 0x48, 0xff, 0x50, 0x4c, 0x40, 0xff, 0x50, 0x4c, 0x48, 0xff,
    0x50, 0x48, 0x48, 0xff, 0x50, 0x4c, 0x48, 0xff, 0x50, 0x4c, 0x48, 0xff,
    0x50, 0x4c, 0x48, 0xff, 0x50, 0x4c, 0x40, 0xff, 0x50, 0x48, 0x48, 0xff,
    0x50, 0x4c, 0x48, 0xff, 0x50, 0x4c, 0x40, 0xff, 0x50, 0x48, 0x48, 0xff,
    0x50, 0x4c, 0x48, 0xff, 0x50, 0x48, 0x40, 0xff, 0x50, 0x4c, 0x48, 0xff,
    0x50, 0x48, 0x48, 0xff, 0x50, 0x4c, 0x40, 0xff, 0x50, 0x48, 0x48, 0xff,
    0x50, 0x4c, 0x48, 0xff, 0x50, 0x4c, 0x40, 0xff, 0x50, 0x4c, 0x48, 0xff,
    0x50, 0x4c, 0x48, 0xff, 0x50, 0x48, 0x48, 0xff, 0x50, 0x4c, 0x40, 0xff,
    0x50, 0x4c, 0x48, 0xff, 0x50, 0x48, 0x48, 0xff, 0x50, 0x4c, 0x48, 0xff,
    0x50, 0x4c, 0x48, 0xff, 0x50, 0x4c, 0x48, 0xff, 0x50, 0x4c, 0x48, 0xff,
    0x50, 0x4c, 0x48, 0xff, 0x50, 0x48, 0x48, 0xff, 0x50, 0x4c, 0x48, 0xff,
    0x50, 0x4c, 0x48, 0xff, 0x50, 0x4c, 0x48, 0xff, 0x50, 0x4c, 0x48, 0xff,
    0x50, 0x48, 0x48, 0xff, 0x50, 0x4c, 0x48, 0xff, 0x50, 0x4c, 0x48, 0xff,
    0x50, 0x4c, 0x48, 0xff, 0x50, 0x48, 0x48, 0xff, 0x50, 0x4c, 0x48, 0xff,
    0x50, 0x4c, 0x48, 0xff, 0x50, 0x4c, 0x48, 0xff, 0x50, 0x4c, 0x48, 0xff,
    0x50, 0x4c, 0x48, 0xff, 0x50, 0x4c, 0x48, 0xff, 0x50, 0x48, 0x48, 0xff,
    0x50, 0x4c, 0x48, 0xff, 0x50, 0x4c, 0x48, 0xff, 0x50, 0x4c, 0x48, 0xff,
    0x50, 0x48, 0x48, 0xff, 0x50, 0x4c, 0x48, 0xff, 0x50, 0x4c, 0x48, 0xff,
    0x50, 0x48, 0x48, 0xff, 0x50, 0x4c, 0x48, 0xff, 0x50, 0x48, 0x48, 0xff,
    0x50, 0x4c, 0x48, 0xff, 0x50, 0x4c, 0x48, 0xff, 0x50, 0x4c, 0x48, 0xff,
    0x50, 0x4c, 0x40, 0xff, 0x50, 0x4c, 0x48, 0xff, 0x50, 0x48, 0x48, 0x6d,
    0x50, 0x4c, 0x48, 0xae, 0x50, 0x4c, 0x48, 0xff, 0x50, 0x4c, 0x48, 0xff,
    0x50, 0x4c, 0x48, 0xff, 0x50, 0x4c, 0x48, 0xff, 0x50, 0x4c, 0x48, 0xff,
    0x50, 0x4c, 0x40, 0xff, 0x50, 0x4c, 0x48, 0xff, 0x50, 0x4c, 0x48, 0xff,
    0x50, 0x4c, 0x48, 0xff, 0x50, 0x48, 0x48, 0xff, 0x50, 0x4c, 0x48, 0xff,
    0x50, 0x4c, 0x48, 0xff, 0x50, 0x4c, 0x48, 0xff, 0x50, 0x4c, 0x48, 0xff,
    0x50, 0x48, 0x48, 0xff, 0x50, 0x4c, 0x48, 0xff, 0x50, 0x4c, 0x48, 0xff,
    0x50, 0x48, 0x40, 0xff, 0x50, 0x48, 0x48, 0xff, 0x50, 0x4c, 0x48, 0xff,
    0x50, 0x48, 0x48, 0xff, 0x50, 0x4c, 0x48, 0xff, 0x50, 0x4c, 0x48, 0xff,
    0x50, 0x48, 0x48, 0xff, 0x50, 0x4c, 0x48, 0xff, 0x50, 0x4c, 0x40, 0xff,
    0x50, 0x48, 0x48, 0xff, 0x50, 0x4c, 0x48, 0xff, 0x50, 0x4c, 0x40, 0xff,
    0x50, 0x48, 0x48, 0xff, 0x50, 0x4c, 0x48, 0xff, 0x50, 0x4c, 0x40, 0xff,
    0x50, 0x4c, 0x48, 0xff, 0x50, 0x4c, 0x48, 0xff, 0x50, 0x4c, 0x40, 0xff,
    0x50, 0x4c, 0x48, 0xff, 0x50, 0x4c, 0x48, 0xff, 0x50, 0x4c, 0x48, 0xff,
    0x50, 0x4c, 0x48, 0xff, 0x50, 0x48, 0x48, 0xff, 0x50, 0x4c, 0x48, 0xff,
    0x50, 0x4c, 0x48, 0xff, 0x50, 0x48, 0x40, 0xff, 0x50, 0x4c, 0x48, 0xff,
    0x50, 0x4c, 0x48, 0xff, 0x50, 0x4c, 0x48, 0xff, 0x50, 0x48, 0x40, 0xff,
    0x50, 0x4c, 0x48, 0xff, 0x50, 0x4c, 0x48, 0xff, 0x50, 0x4c, 0x40, 0xff,
    0x50, 0x4c, 0x48, 0xff, 0x50, 0x48, 0x48, 0xff, 0x50, 0x4c, 0x40, 0xff,
    0x50, 0x4c, 0x48, 0xff, 0x50, 0x48, 0x48, 0xff, 0x50, 0x4c, 0x48, 0xff,
    0x50, 0x48, 0x48, 0xff, 0x50, 0x4c, 0x48, 0xff, 0x50, 0x4c, 0x40, 0xff,
    0x50, 0x4c, 0x48, 0xff, 0x50, 0x4c, 0x48, 0xff, 0x50, 0x4c, 0x48, 0xff,
    0x50, 0x48, 0x40, 0xff, 0x50, 0x4c, 0x48, 0xff, 0x50, 0x4c, 0x48, 0xff,
    0x50, 0x4c, 0x40, 0xff, 0x50, 0x48, 0x48, 0xff, 0x50, 0x4c, 0x48, 0xff,
    0x50, 0x48, 0x40, 0xff, 0x50, 0x4c, 0x48, 0xff, 0x50, 0x4c, 0x48, 0xff,
    0x50, 0x4c, 0x40, 0xff, 0x50, 0x4c, 0x48, 0xff, 0x50, 0x4c, 0x48, 0xff,
    0x50, 0x48, 0x48, 0xff, 0x50, 0x4c, 0x48, 0xff, 0x50, 0x4c, 0x48, 0xff,
    0x50, 0x48, 0x48, 0xff, 0x50, 0x4c, 0x48, 0xff, 0x50, 0x4c, 0x48, 0xff,
    0x50, 0x48, 0x48, 0xff, 0x50, 0x4c, 0x48, 0xff, 0x50, 0x4c, 0x48, 0xff,
    0x50, 0x4c, 0x48, 0xff, 0x50, 0x48, 0x48, 0xff, 0x50, 0x4c, 0x48, 0xff,
    0x50, 0x48, 0x48, 0xff, 0x50, 0x4c, 0x48, 0xff, 0x50, 0x4c, 0x48, 0xff,
    0x50, 0x48, 0x48, 0xff, 0x50, 0x4c, 0x48, 0xff, 0x50, 0x4c, 0x48, 0xff,
    0x50, 0x4c, 0x40, 0xff, 0x50, 0x4c, 0x48, 0xff, 0x50, 0x48, 0x48, 0xff,
    0x50, 0x4c, 0x48, 0xff, 0x50, 0x4c, 0x48, 0xff, 0x50, 0x48, 0x48, 0xff,
    0x50, 0x4c, 0x48, 0xff, 0x50, 0x48, 0x48, 0xff, 0x50, 0x4c, 0x48, 0xff,
    0x50, 0x4c, 0x48, 0xff, 0x50, 0x4c, 0x48, 0xff, 0x50, 0x48, 0x48, 0xff,
    0x50, 0x4c, 0x48, 0xff, 0x50, 0x4c, 0x48, 0xff, 0x50, 0x4c, 0x48, 0xff,
    0x50, 0x4c, 0x40, 0xff, 0x50, 0x48, 0x48, 0xff, 0x50, 0x4c, 0x48, 0xff,
    0x50, 0x4c, 0x48, 0xff, 0x50, 0x48, 0x48, 0xff, 0x50, 0x4c, 0x48, 0xff,
    0x50, 0x4c, 0x48, 0xff, 0x50, 0x48, 0x48, 0xff, 0x50, 0x4c, 0x48, 0xff,
    0x50, 0x4c, 0x48, 0xff, 0x50, 0x48, 0x48, 0xff, 0x50, 0x4c, 0x48, 0xff,
    0x50, 0x4c, 0x48, 0xff, 0x50, 0x48, 0x48, 0xff, 0x50, 0x4c, 0x48, 0xff,
    0x50, 0x4c, 0x40, 0xff, 0x50, 0x48, 0x48, 0xff, 0x50, 0x4c, 0x48, 0xff,
    0x50, 0x4c, 0x48, 0xff, 0x50, 0x4c, 0x48, 0xff, 0x50, 0x4c, 0x48, 0xff,
    0x50, 0x48, 0x48, 0xff, 0x50, 0x4c, 0x48, 0xff, 0x50, 0x4c, 0x48, 0xff,
    0x50, 0x4c, 0x48, 0xff, 0x50, 0x48, 0x48, 0xff, 0x50, 0x4c, 0x48, 0xff,
    0x50, 0x4c, 0x48, 0xff, 0x50, 0x48, 0x48, 0xff, 0x50, 0x4c, 0x48, 0xff,
    0x50, 0x4c, 0x40, 0xff, 0x50, 0x48, 0x48, 0xff, 0x50, 0x4c, 0x48, 0xff,
    0x50, 0x4c, 0x48, 0xff, 0x50, 0x48, 0x48, 0xff, 0x50, 0x4c, 0x48, 0xff,
    0x50, 0x4c, 0x48, 0xff, 0x50, 0x48, 0x48, 0xff, 0x50, 0x4c, 0x48, 0xff,
    0x50, 0x4c, 0x48, 0xff, 0x50, 0x48, 0x48, 0xff, 0x50, 0x4c, 0x48, 0xff,
    0x50, 0x4c, 0x48, 0xff, 0x50, 0x4c, 0x48, 0xff, 0x50, 0x4c, 0x48, 0xff,
    0x50, 0x48, 0x40, 0xff, 0x50, 0x4c, 0x48, 0xff, 0x50, 0x4c, 0x48, 0xff,
    0x50, 0x4c, 0x48, 0xff, 0x50, 0x48, 0x48, 0xff, 0x50, 0x4c, 0x48, 0xff,
    0x50, 0x4c, 0x48, 0xff, 0x50, 0x48, 0x48, 0xff, 0x50, 0x4c, 0x48, 0xff,
    0x50, 0x4c, 0x48, 0xff, 0x50, 0x48, 0x48, 0xff, 0x50, 0x4c, 0x48, 0xff,
    0x50, 0x4c, 0x48, 0xff, 0x50, 0x48, 0x48, 0xff, 0x50, 0x4c, 0x48, 0xff,
    0x50, 0x4c, 0x40, 0xff, 0x50, 0x48, 0x48, 0xff, 0x50, 0x4c, 0x48, 0xff,
    0x50, 0x4c, 0x48, 0xff, 0x50, 0x48, 0x48, 0xff, 0x50, 0x4c, 0x48, 0xff,
    0x50, 0x4c, 0x48, 0xff, 0x50, 0x4c, 0x48, 0xff, 0x50, 0x4c, 0x48, 0xff,
    0x50, 0x4c, 0x48, 0xff, 0x50, 0x4c, 0x48, 0xff, 0x50, 0x48, 0x48, 0xff,
    0x50, 0x4c, 0x48, 0xff, 0x50, 0x4c, 0x48, 0xff, 0x50, 0x4c, 0x48, 0xff,
    0x50, 0x48, 0x48, 0xff, 0x50, 0x4c, 0x48, 0xff, 0x50, 0x4c, 0x48, 0xff,
    0x50, 0x4c, 0x48, 0xff, 0x50, 0x4c, 0x48, 0xff, 0x50, 0x4c, 0x48, 0xff,
    0x50, 0x4c, 0x48, 0xff, 0x50, 0x4c, 0x48, 0xff, 0x50, 0x4c, 0x40, 0xff,
    0x50, 0x48, 0x48, 0xff, 0x50, 0x4c, 0x48, 0xff, 0x50, 0x4c, 0x40, 0xff,
    0x50, 0x48, 0x48, 0xff, 0x50, 0x4c, 0x48, 0xff, 0x50, 0x4c, 0x40, 0xff,
    0x50, 0x4c, 0x48, 0xff, 0x50, 0x4c, 0x48, 0xff, 0x50, 0x4c, 0x40, 0xff,
    0x50, 0x4c, 0x48, 0xff, 0x50, 0x48, 0x48, 0xff, 0x50, 0x4c, 0x48, 0xff,
    0x50, 0x4c, 0x40, 0xff, 0x50, 0x4c, 0x48, 0xff, 0x50, 0x4c, 0x48, 0xff,
    0x50, 0x48, 0x40, 0xff, 0x50, 0x4c, 0x48, 0xff, 0x50, 0x4c, 0x48, 0xff,
    0x50, 0x48, 0x48, 0xff, 0x50, 0x4c, 0x40, 0xff, 0x50, 0x4c, 0x48, 0xff,
    0x50, 0x48, 0x48, 0xff, 0x50, 0x4c, 0x48, 0xff, 0x50, 0x4c, 0x48, 0xff,
    0x50, 0x4c, 0x48, 0xff, 0x50, 0x48, 0x48, 0xff, 0x50, 0x4c, 0x48, 0xff,
    0x50, 0x4c, 0x48, 0xff, 0x50, 0x48, 0x48, 0xff, 0x50, 0x4c, 0x48, 0xff,
    0x50, 0x4c, 0x40, 0xff, 0x50, 0x48, 0x48, 0xff, 0x50, 0x4c, 0x48, 0xff,
    0x50, 0x4c, 0x48, 0xff, 0x50, 0x48, 0x48, 0xff, 0x50, 0x4c, 0x48, 0x9e,
    0x50, 0x4c, 0x48, 0xbe, 0x50, 0x4c, 0x48, 0xff, 0x50, 0x48, 0x48, 0xff,
    0x50, 0x4c, 0x48, 0xff, 0x50, 0x4c, 0x48, 0xff, 0x50, 0x48, 0x48, 0xff,
    0x50, 0x4c, 0x48, 0xff, 0x50, 0x4c, 0x48, 0xff, 0x50, 0x4c, 0x48, 0xff,
    0x50, 0x48, 0x48, 0xff, 0x50, 0x4c, 0x40, 0xff, 0x50, 0x4c, 0x48, 0xff,
    0x50, 0x48, 0x48, 0xff, 0x50, 0x4c, 0x48, 0xff, 0x50, 0x4c, 0x48, 0xff,
    0x50, 0x4c, 0x48, 0xff, 0x50, 0x4c, 0x48, 0xff, 0x50, 0x4c, 0x48, 0xff,
    0x50, 0x4c, 0x48, 0xff, 0x50, 0x4c, 0x48, 0xff, 0x50, 0x4c, 0x48, 0xff,
    0x50, 0x4c, 0x48, 0xff, 0x50, 0x4c, 0x40, 0xff, 0x50, 0x4c, 0x48, 0xff,
    0x50, 0x4c, 0x48, 0xff, 0x50, 0x48, 0x48, 0xff, 0x50, 0x4c, 0x48, 0xff,
    0x50, 0x4c, 0x48, 0xff, 0x50, 0x4c, 0x48, 0xff, 0x50, 0x4c, 0x48, 0xff,
    0x50, 0x4c, 0x48, 0xff, 0x50, 0x4c, 0x48, 0xff, 0x50, 0x48, 0x48, 0xff,
    0x50, 0x4c, 0x48, 0xff, 0x50, 0x48, 0x48, 0xff, 0x50, 0x4c, 0x48, 0xff,
    0x50, 0x48, 0x48, 0xff, 0x50, 0x4c, 0x48, 0xff, 0x50, 0x4c, 0x48, 0xff,
    0x50, 0x48, 0x48, 0xff, 0x50, 0x4c, 0x48, 0xff, 0x50, 0x4c, 0x48, 0xff,
    0x50, 0x48, 0x48, 0xff, 0x50, 0x4c, 0x48, 0xff, 0x50, 0x4c, 0x48, 0xff,
    0x50, 0x4c, 0x48, 0xff, 0x50, 0x48, 0x48, 0xff, 0x50, 0x4c, 0x48, 0xff,
    0x50, 0x4c, 0x48, 0xff, 0x50, 0x4c, 0x48, 0xff, 0x50, 0x4c, 0x48, 0xff,
    0x50, 0x48, 0x48, 0xff, 0x50, 0x4c, 0x48, 0xff, 0x50, 0x4c, 0x48, 0xff,
    0x50, 0x4c, 0x48, 0xff, 0x50, 0x4c, 0x48, 0xff, 0x50, 0x48, 0x40, 0xff,
    0x50, 0x4c, 0x48, 0xff, 0x50, 0x4c, 0x48, 0xff, 0x50, 0x48, 0x48, 0xff,
    0x50, 0x4c, 0x48, 0xff, 0x50, 0x4c, 0x48, 0xff, 0x50, 0x4c, 0x48, 0xff,
    0x50, 0x4c, 0x48, 0xff, 0x50, 0x4c, 0x48, 0xff, 0x50, 0x4c, 0x48, 0xff,
    0x50, 0x4c, 0x48, 0xff, 0x50, 0x4c, 0x48, 0xff, 0x50, 0x4c, 0x48, 0xff,
    0x50, 0x48, 0x48, 0xff, 0x50, 0x4c, 0x48, 0xff, 0x50, 0x4c, 0x48, 0xff,
    0x50, 0x48, 0x48, 0xff, 0x50, 0x4c, 0x48, 0xff, 0x50, 0x4c, 0x48, 0xff,
    0x50, 0x4c, 0x48, 0xff, 0x50, 0x4c, 0x48, 0xff, 0x50, 0x4c, 0x48, 0xff,
    0x50, 0x48, 0x48, 0xff, 0x50, 0x4c, 0x48, 0xff, 0x50, 0x4c, 0x40, 0xff,
    0x50, 0x4c, 0x48, 0xff, 0x50, 0x48, 0x48, 0xff, 0x50, 0x4c, 0x40, 0xff,
    0x50, 0x4c, 0x48, 0xff, 0x50, 0x4c, 0x48, 0xff, 0x50, 0x4c, 0x48, 0xff,
    0x50, 0x4c, 0x40, 0xff, 0x50, 0x48, 0x48, 0xff, 0x50, 0x4c, 0x48, 0xff,
    0x50, 0x4c, 0x48, 0xff, 0x50, 0x4c, 0x48, 0xff, 0x50, 0x4c, 0x48, 0xff,
    0x50, 0x4c, 0x48, 0xff, 0x50, 0x4c, 0x48, 0xff, 0x50, 0x4c, 0x48, 0xff,
    0x50, 0x4c, 0x48, 0xff, 0x50, 0x48, 0x48, 0xff, 0x50, 0x4c, 0x48, 0xff,
    0x50, 0x4c, 0x48, 0xff, 0x50, 0x48, 0x48, 0xff, 0x50, 0x4c, 0x48, 0xff,
    0x50, 0x4c, 0x48, 0xff, 0x50, 0x48, 0x48, 0xff, 0x50, 0x4c, 0x48, 0xff,
    0x50, 0x4c, 0x48, 0xff, 0x50, 0x48, 0x48, 0xff, 0x50, 0x4c, 0x48, 0xff,
    0x50, 0x4c, 0x48, 0xff, 0x50, 0x4c, 0x48, 0xff, 0x50, 0x4c, 0x48, 0xff,
    0x50, 0x4c, 0x48, 0xff, 0x50, 0x4c, 0x48, 0xff, 0x50, 0x4c, 0x48, 0xff,
    0x50, 0x4c, 0x48, 0xff, 0x50, 0x4c, 0x48, 0xff, 0x50, 0x4c, 0x48, 0xff,
    0x50, 0x48, 0x48, 0xff, 0x50, 0x4c, 0x48, 0xff, 0x50, 0x4c, 0x48, 0xff,
    0x50, 0x4c, 0x48, 0xff, 0x50, 0x4c, 0x48, 0xff, 0x50, 0x48, 0x48, 0xff,
    0x50, 0x4c, 0x48, 0xff, 0x50, 0x4c, 0x48, 0xff, 0x50, 0x4c, 0x48, 0xff,
    0x50, 0x48, 0x48, 0xff, 0x50, 0x4c, 0x48, 0xff, 0x50, 0x4c, 0x48, 0xff,
    0x50, 0x4c, 0x48, 0xff, 0x50, 0x48, 0x48, 0xff, 0x50, 0x4c, 0x48, 0xff,
    0x50, 0x4c, 0x48, 0xff, 0x50, 0x4c, 0x48, 0xff, 0x50, 0x4c, 0x48, 0xff,
    0x50, 0x4c, 0x48, 0xff, 0x50, 0x4c, 0x48, 0xff, 0x50, 0x4c, 0x48, 0xff,
    0x50, 0x4c, 0x48, 0xff, 0x50, 0x4c, 0x48, 0xff, 0x50, 0x4c, 0x48, 0xff,
    0x50, 0x48, 0x48, 0xff, 0x50, 0x4c, 0x48, 0xff, 0x50, 0x4c, 0x48, 0xff,
    0x50, 0x4c, 0x48, 0xff, 0x50, 0x4c, 0x48, 0xff, 0x50, 0x48, 0x48, 0xff,
    0x50, 0x4c, 0x48, 0xff, 0x50, 0x4c, 0x48, 0xff, 0x50, 0x4c, 0x48, 0xff,
    0x50, 0x48, 0x48, 0xff, 0x50, 0x4c, 0x48, 0xff, 0x50, 0x4c, 0x48, 0xff,
    0x50, 0x4c, 0x48, 0xff, 0x50, 0x48, 0x48, 0xff, 0x50, 0x4c, 0x48, 0xff,
    0x50, 0x4c, 0x48, 0xff, 0x50, 0x4c, 0x48, 0xff, 0x50, 0x4c, 0x48, 0xff,
    0x50, 0x4c, 0x48, 0xff, 0x50, 0x4c, 0x48, 0xff, 0x50, 0x4c, 0x48, 0xff,
    0x50, 0x4c, 0x48, 0xff, 0x50, 0x4c, 0x48, 0xff, 0x50, 0x4c, 0x48, 0xff,
    0x50, 0x48, 0x48, 0xff, 0x50, 0x4c, 0x48, 0xff, 0x50, 0x4c, 0x48, 0xff,
    0x50, 0x4c, 0x48, 0xff, 0x50, 0x4c, 0x48, 0xff, 0x50, 0x48, 0x48, 0xff,
    0x50, 0x4c, 0x48, 0xff, 0x50, 0x4c, 0x48, 0xff, 0x50, 0x4c, 0x48, 0xff,
    0x50, 0x48, 0x48, 0xff, 0x50, 0x4c, 0x48, 0xff, 0x50, 0x4c, 0x48, 0xff,
    0x50, 0x48, 0x48, 0xff, 0x50, 0x4c, 0x48, 0xff, 0x50, 0x4c, 0x48, 0xff,
    0x50, 0x4c, 0x48, 0xff, 0x50, 0x4c, 0x48, 0xff, 0x50, 0x4c, 0x40, 0xff,
    0x50, 0x48, 0x48, 0xff, 0x50, 0x4c, 0x48, 0xff, 0x50, 0x48, 0x48, 0xff,
    0x50, 0x48, 0x40, 0xff, 0x50, 0x4c, 0x48, 0xff, 0x50, 0x48, 0x48, 0xff,
    0x50, 0x4c, 0x48, 0xff, 0x50, 0x4c, 0x48, 0xff, 0x50, 0x48, 0x48, 0xff,
    0x50, 0x4c, 0x48, 0xff, 0x50, 0x4c, 0x48, 0xff, 0x50, 0x48, 0x48, 0xff,
    0x50, 0x4c, 0x48, 0xff, 0x50, 0x4c, 0x48, 0xff, 0x50, 0x48, 0x48, 0xff,
    0x50, 0x48, 0x48, 0xff, 0x50, 0x4c, 0x48, 0xff, 0x50, 0x4c, 0x48, 0xff,
    0x50, 0x48, 0x48, 0xff, 0x50, 0x4c, 0x48, 0xff, 0x50, 0x4c, 0x48, 0xff,
    0x50, 0x48, 0x48, 0xff, 0x50, 0x4c, 0x48, 0xff, 0x50, 0x4c, 0x48, 0xff,
    0x50, 0x48, 0x48, 0xff, 0x50, 0x4c, 0x48, 0xff, 0x50, 0x4c, 0x48, 0xff,
    0x50, 0x48, 0x48, 0xff, 0x50, 0x4c, 0x48, 0xff, 0x50, 0x4c, 0x48, 0xff,
    0x50, 0x4c, 0x48, 0xff, 0x50, 0x48, 0x40, 0xff, 0x50, 0x4c, 0x48, 0xff,
    0x50, 0x4c, 0x48, 0xff, 0x50, 0x4c, 0x40, 0xff, 0x50, 0x4c, 0x48, 0xff,
    0x50, 0x4c, 0x48, 0xff, 0x50, 0x4c, 0x40, 0xff, 0x50, 0x4c, 0x48, 0xff,
    0x50, 0x4c, 0x48, 0xff, 0x50, 0x48, 0x48, 0xff, 0x50, 0x4c, 0x48, 0xff,
    0x50, 0x4c, 0x48, 0xff, 0x50, 0x48, 0x48, 0xff, 0x50, 0x48, 0x40, 0xcf,
    0x50, 0x48, 0x48, 0xdf, 0x50, 0x4c, 0x48, 0xff, 0x50, 0x4c, 0x40, 0xff,
    0x50, 0x48, 0x48, 0xff, 0x50, 0x4c, 0x48, 0xff, 0x50, 0x4c, 0x40, 0xff,
    0x50, 0x48, 0x48, 0xff, 0x50, 0x4c, 0x48, 0xff, 0x50, 0x48, 0x48, 0xff,
    0x50, 0x4c, 0x48, 0xff, 0x50, 0x4c, 0x48, 0xff, 0x50, 0x4c, 0x48, 0xff,
    0x50, 0x48, 0x48, 0xff, 0x50, 0x4c, 0x40, 0xff, 0x50, 0x4c, 0x48, 0xff,
    0x50, 0x48, 0x48, 0xff, 0x50, 0x4c, 0x40, 0xff, 0x50, 0x48, 0x48, 0xff,
    0x50, 0x4c, 0x48, 0xff, 0x50, 0x4c, 0x48, 0xff, 0x50, 0x48, 0x48, 0xff,
    0x50, 0x4c, 0x48, 0xff, 0x50, 0x48, 0x48, 0xff, 0x50, 0x4c, 0x48, 0xff,
    0x50, 0x4c, 0x48, 0xff, 0x50, 0x4c, 0x40, 0xff, 0x50, 0x4c, 0x48, 0xff,
    0x50, 0x48, 0x48, 0xff, 0x50, 0x4c, 0x48, 0xff, 0x50, 0x4c, 0x48, 0xff,
    0x50, 0x48, 0x48, 0xff, 0x50, 0x4c, 0x48, 0xff, 0x50, 0x4c, 0x48, 0xff,
    0x50, 0x48, 0x48, 0xff, 0x50, 0x4c, 0x48, 0xff, 0x50, 0x4c, 0x48, 0xff,
    0x50, 0x4c, 0x48, 0xff, 0x50, 0x48, 0x40, 0xff, 0x50, 0x4c, 0x48, 0xff,
    0x50, 0x4c, 0x48, 0xff, 0x50, 0x4c, 0x40, 0xff, 0x50, 0x4c, 0x48, 0xff,
    0x50, 0x4c, 0x48, 0xff, 0x50, 0x4c, 0x48, 0xff, 0x50, 0x48, 0x48, 0xff,
    0x50, 0x4c, 0x40, 0xff, 0x50, 0x4c, 0x48, 0xff, 0x50, 0x4c, 0x48, 0xff,
    0x50, 0x48, 0x48, 0xff, 0x50, 0x4c, 0x48, 0xff, 0x50, 0x4c, 0x48, 0xff,
    0x50, 0x4c, 0x48, 0xff, 0x50, 0x4c, 0x48, 0xff, 0x50, 0x48, 0x48, 0xff,
    0x50, 0x4c, 0x48, 0xff, 0x50, 0x4c, 0x48, 0xff, 0x50, 0x4c, 0x48, 0xff,
    0x50, 0x4c, 0x48, 0xff, 0x50, 0x4c, 0x48, 0xff, 0x50, 0x48, 0x48, 0xff,
    0x50, 0x4c, 0x48, 0xff, 0x50, 0x48, 0x40, 0xff, 0x50, 0x48, 0x48, 0xff,
    0x50, 0x4c, 0x48, 0xff, 0x50, 0x48, 0x48, 0xff, 0x50, 0x48, 0x48, 0xff,
    0x50, 0x4c, 0x48, 0xff, 0x50, 0x4c, 0x40, 0xff, 0x50, 0x4c, 0x48, 0xff,
    0x50, 0x4c, 0x48, 0xff, 0x50, 0x4c, 0x48, 0xff, 0x50, 0x48, 0x48, 0xff,
    0x50, 0x4c, 0x48, 0xff, 0x50, 0x4c, 0x48, 0xff, 0x50, 0x48, 0x40, 0xff,
    0x50, 0x4c, 0x48, 0xff, 0x50, 0x4c, 0x48, 0xff, 0x50, 0x48, 0x40, 0xff,
    0x50, 0x4c, 0x48, 0xff, 0x50, 0x4c, 0x48, 0xff, 0x50, 0x4c, 0x48, 0xff,
    0x50, 0x4c, 0x48, 0xff, 0x50, 0x4c, 0x48, 0xff, 0x50, 0x48, 0x48, 0xff,
    0x50, 0x4c, 0x48, 0xff, 0x50, 0x4c, 0x48, 0xff, 0x50, 0x48, 0x48, 0xff,
    0x50, 0x4c, 0x48, 0xff, 0x50, 0x4c, 0x48, 0xff, 0x50, 0x48, 0x48, 0xff,
    0x50, 0x4c, 0x40, 0xff, 0x50, 0x48, 0x48, 0xff, 0x50, 0x48, 0x48, 0xff,
    0x50, 0x4c, 0x48, 0xff, 0x50, 0x48, 0x48, 0xff, 0x50, 0x4c, 0x40, 0xff,
    0x50, 0x4c, 0x48, 0xff, 0x50, 0x4c, 0x48, 0xff, 0x50, 0x4c, 0x40, 0xff,
    0x50, 0x4c, 0x48, 0xff, 0x50, 0x4c, 0x48, 0xff, 0x50, 0x4c, 0x40, 0xff,
    0x50, 0x48, 0x48, 0xff, 0x50, 0x4c, 0x48, 0xff, 0x50, 0x4c, 0x40, 0xff,
    0x50, 0x4c, 0x48, 0xff, 0x50, 0x48, 0x48, 0xff, 0x50, 0x4c, 0x40, 0xff,
    0x50, 0x48, 0x48, 0xff, 0x50, 0x4c, 0x48, 0xff, 0x50, 0x48, 0x40, 0xff,
    0x50, 0x4c, 0x48, 0xff, 0x50, 0x48, 0x48, 0xff, 0x50, 0x4c, 0x40, 0xff,
    0x50, 0x48, 0x48, 0xff, 0x50, 0x4c, 0x48, 0xff, 0x50, 0x4c, 0x40, 0xff,
    0x50, 0x4c, 0x48, 0xff, 0x50, 0x4c, 0x48, 0xff, 0x50, 0x48, 0x40, 0xff,
    0x50, 0x4c, 0x48, 0xff, 0x50, 0x4c, 0x48, 0xff, 0x50, 0x4c, 0x40, 0xff,
    0x50, 0x48, 0x48, 0xff, 0x50, 0x4c, 0x48, 0xff, 0x50, 0x4c, 0x40, 0xff,
    0x50, 0x48, 0x48, 0xff, 0x50, 0x4c, 0x48, 0xff, 0x50, 0x4c, 0x40, 0xff,
    0x50, 0x48, 0x48, 0xff, 0x50, 0x4c, 0x48, 0xff, 0x50, 0x4c, 0x40, 0xff,
    0x50, 0x48, 0x48, 0xff, 0x50, 0x4c, 0x48, 0xff, 0x50, 0x48, 0x40, 0xff,
    0x50, 0x4c, 0x48, 0xff, 0x50, 0x4c, 0x48, 0xff, 0x50, 0x48, 0x40, 0xff,
    0x50, 0x4c, 0x48, 0xff, 0x50, 0x4c, 0x48, 0xff, 0x50, 0x48, 0x40, 0xff,
    0x50, 0x4c, 0x48, 0xff, 0x50, 0x4c, 0x48, 0xff, 0x50, 0x4c, 0x40, 0xff,
    0x50, 0x48, 0x48, 0xff, 0x50, 0x4c, 0x48, 0xff, 0x50, 0x4c, 0x40, 0xff,
    0x50, 0x4c, 0x48, 0xff, 0x50, 0x4c, 0x48, 0xff, 0x50, 0x48, 0x40, 0xff,
    0x50, 0x4c, 0x48, 0xff, 0x50, 0x4c, 0x48, 0xff, 0x50, 0x48, 0x40, 0xff,
    0x50, 0x4c, 0x48, 0xff, 0x50, 0x4c, 0x48, 0xff, 0x50, 0x48, 0x40, 0xff,
    0x50, 0x4c, 0x48, 0xff, 0x50, 0x4c, 0x48, 0xff, 0x50, 0x48, 0x40, 0xff,
    0x50, 0x4c, 0x48, 0xff, 0x50, 0x48, 0x48, 0xff, 0x50, 0x4c, 0x40, 0xff,
    0x50, 0x48, 0x48, 0xff, 0x50, 0x4c, 0x48, 0xff, 0x50, 0x4c, 0x40, 0xff,
    0x50, 0x4c, 0x48, 0xff, 0x50, 0x4c, 0x48, 0xff, 0x50, 0x48, 0x40, 0xff,
    0x50, 0x4c, 0x48, 0xff, 0x50, 0x4c, 0x48, 0xff, 0x50, 0x4c, 0x40, 0xff,
    0x50, 0x48, 0x48, 0xff, 0x50, 0x4c, 0x48, 0xff, 0x50, 0x4c, 0x40, 0xff,
    0x50, 0x48, 0x48, 0xff, 0x50, 0x4c, 0x48, 0xff, 0x50, 0x4c, 0x40, 0xff,
    0x50, 0x48, 0x48, 0xff, 0x50, 0x4c, 0x48, 0xff, 0x50, 0x4c, 0x40, 0xff,
    0x50, 0x48, 0x48, 0xff, 0x50, 0x4c, 0x48, 0xff, 0x50, 0x4c, 0x48, 0xff,
    0x50, 0x4c, 0x48, 0xff, 0x50, 0x4c, 0x48, 0xff, 0x50, 0x4c, 0x48, 0xff,
    0x50, 0x4c, 0x48, 0xff, 0x50, 0x4c, 0x48, 0xff, 0x50, 0x4c, 0x48, 0xff,
    0x50, 0x48, 0x40, 0xff, 0x50, 0x4c, 0x48, 0xff, 0x50, 0x4c, 0x48, 0xff,
    0x50, 0x4c, 0x48, 0xff, 0x50, 0x4c, 0x48, 0xff, 0x50, 0x4c, 0x48, 0xff,
    0x50, 0x4c, 0x48, 0xff, 0x50, 0x4c, 0x48, 0xff, 0x50, 0x4c, 0x48, 0xff,
    0x50, 0x4c, 0x48, 0xff, 0x50, 0x4c, 0x48, 0xff, 0x50, 0x48, 0x48, 0xff,
    0x50, 0x4c, 0x48, 0xff, 0x50, 0x4c, 0x40, 0xff, 0x50, 0x4c, 0x48, 0xff,
    0x50, 0x48, 0x48, 0xff, 0x50, 0x4c, 0x48, 0xff, 0x50, 0x4c, 0x48, 0xff,
    0x50, 0x4c, 0x48, 0xff, 0x50, 0x4c, 0x40, 0xff, 0x50, 0x4c, 0x48, 0xff,
    0x50, 0x4c, 0x48, 0xff, 0x50, 0x4c, 0x48, 0xff, 0x50, 0x4c, 0x48, 0xff,
    0x50, 0x4c, 0x48, 0xff, 0x50, 0x4c, 0x48, 0xff, 0x50, 0x48, 0x48, 0xff,
    0x50, 0x4c, 0x48, 0xff, 0x50, 0x48, 0x48, 0xff, 0x50, 0x4c, 0x48, 0xff,
    0x50, 0x48, 0x48, 0xff, 0x50, 0x4c, 0x48, 0xff, 0x50, 0x4c, 0x48, 0xff,
    0x50, 0x48, 0x48, 0xff, 0x50, 0x4c, 0x48, 0xff, 0x50, 0x4c, 0x40, 0xff,
    0x50, 0x4c, 0x48, 0xff, 0x50, 0x4c, 0x48, 0xff, 0x50, 0x48, 0x48, 0xdf,
    0x50, 0x4c, 0x48, 0xff, 0x50, 0x4c, 0x48, 0xff, 0x50, 0x4c, 0x48, 0xff,
    0x50, 0x4c, 0x48, 0xff, 0x50, 0x4c, 0x48, 0xff, 0x50, 0x4c, 0x48, 0xff,
    0x50, 0x4c, 0x48, 0xff, 0x50, 0x4c, 0x48, 0xff, 0x50, 0x4c, 0x40, 0xff,
    0x50, 0x4c, 0x48, 0xff, 0x50, 0x4c, 0x48, 0xff, 0x50, 0x4c, 0x48, 0xff,
    0x50, 0x4c, 0x48, 0xff, 0x50, 0x4c, 0x48, 0xff, 0x50, 0x48, 0x48, 0xff,
    0x50, 0x4c, 0x48, 0xff, 0x50, 0x4c, 0x48, 0xff, 0x50, 0x48, 0x48, 0xff,
    0x50, 0x4c, 0x48, 0xff, 0x50, 0x4c, 0x40, 0xff, 0x50, 0x48, 0x48, 0xff,
    0x50, 0x4c, 0x48, 0xff, 0x50, 0x4c, 0x48, 0xff, 0x50, 0x48, 0x48, 0xff,
    0x50, 0x4c, 0x48, 0xff, 0x50, 0x4c, 0x48, 0xff, 0x50, 0x48, 0x48, 0xff,
    0x50, 0x4c, 0x48, 0xff, 0x50, 0x4c, 0x40, 0xff, 0x50, 0x48, 0x48, 0xff,
    0x50, 0x4c, 0x48, 0xff, 0x50, 0x4c, 0x40, 0xff, 0x50, 0x4c, 0x48, 0xff,
    0x50, 0x4c, 0x48, 0xff, 0x50, 0x4c, 0x40, 0xff, 0x50, 0x4c, 0x48, 0xff,
    0x50, 0x4c, 0x48, 0xff, 0x50, 0x4c, 0x48, 0xff, 0x50, 0x48, 0x48, 0xff,
    0x50, 0x4c, 0x48, 0xff, 0x50, 0x48, 0x48, 0xff, 0x50, 0x4c, 0x48, 0xff,
    0x50, 0x4c, 0x40, 0xff, 0x50, 0x48, 0x48, 0xff, 0x50, 0x4c, 0x48, 0xff,
    0x50, 0x4c, 0x48, 0xff, 0x50, 0x4c, 0x48, 0xff, 0x50, 0x48, 0x48, 0xff,
    0x50, 0x4c, 0x40, 0xff, 0x50, 0x4c, 0x48, 0xff, 0x50, 0x48, 0x48, 0xff,
    0x50, 0x4c, 0x40, 0xff, 0x50, 0x4c, 0x48, 0xff, 0x50, 0x48, 0x48, 0xff,
    0x50, 0x4c, 0x40, 0xff, 0x50, 0x4c, 0x48, 0xff, 0x50, 0x48, 0x48, 0xff,
    0x50, 0x4c, 0x48, 0xff, 0x50, 0x4c, 0x40, 0xff, 0x50, 0x4c, 0x48, 0xff,
    0x50, 0x4c, 0x48, 0xff, 0x50, 0x4c, 0x48, 0xff, 0x50, 0x4c, 0x48, 0xff,
    0x50, 0x4c, 0x40, 0xff, 0x50, 0x4c, 0x48, 0xff, 0x50, 0x4c, 0x48, 0xff,
    0x50, 0x48, 0x48, 0xff, 0x50, 0x4c, 0x48, 0xff, 0x50, 0x48, 0x48, 0xff,
    0x50, 0x4c, 0x48, 0xff, 0x50, 0x4c, 0x40, 0xff, 0x50, 0x4c, 0x48, 0xff,
    0x50, 0x4c, 0x48, 0xff, 0x50, 0x48, 0x48, 0xff, 0x50, 0x4c, 0x48, 0xff,
    0x50, 0x4c, 0x48, 0xff, 0x50, 0x48, 0x48, 0xff, 0x50, 0x4c, 0x48, 0xff,
    0x50, 0x4c, 0x48, 0xff, 0x50, 0x48, 0x48, 0xff, 0x50, 0x4c, 0x48, 0xff,
    0x50, 0x4c, 0x48, 0xff, 0x50, 0x48, 0x48, 0xff, 0x50, 0x4c, 0x48, 0xff,
    0x50, 0x4c, 0x48, 0xff, 0x50, 0x48, 0x40, 0xff, 0x50, 0x4c, 0x48, 0xff,
    0x50, 0x4c, 0x48, 0xff, 0x50, 0x4c, 0x48, 0xff, 0x50, 0x4c, 0x48, 0xff,
    0x50, 0x4c, 0x48, 0xff, 0x50, 0x4c, 0x48, 0xff, 0x50, 0x4c, 0x40, 0xff,
    0x50, 0x4c, 0x48, 0xff, 0x50, 0x48, 0x48, 0xff, 0x50, 0x4c, 0x48, 0xff,
    0x50, 0x4c, 0x48, 0xff, 0x50, 0x48, 0x48, 0xff, 0x50, 0x48, 0x48, 0xff,
    0x50, 0x4c, 0x48, 0xff, 0x50, 0x4c, 0x48, 0xff, 0x50, 0x48, 0x48, 0xff,
    0x50, 0x4c, 0x48, 0xff, 0x50, 0x4c, 0x48, 0xff, 0x50, 0x4c, 0x48, 0xff,
    0x50, 0x4c, 0x48, 0xff, 0x50, 0x4c, 0x48, 0xff, 0x50, 0x4c, 0x48, 0xff,
    0x50, 0x4c, 0x48, 0xff, 0x50, 0x48, 0x48, 0xff, 0x50, 0x4c, 0x48, 0xff,
    0x50, 0x4c, 0x48, 0xff, 0x50, 0x4c, 0x48, 0xff, 0x50, 0x4c, 0x48, 0xff,
    0x50, 0x48, 0x48, 0xff, 0x50, 0x4c, 0x48, 0xff, 0x50, 0x4c, 0x48, 0xff,
    0x50, 0x48, 0x48, 0xff, 0x50, 0x4c, 0x48, 0xff, 0x50, 0x4c, 0x48, 0xff,
    0x50, 0x48, 0x48, 0xff, 0x50, 0x4c, 0x48, 0xff, 0x50, 0x4c, 0x48, 0xff,
    0x50, 0x4c, 0x48, 0xff, 0x50, 0x4c, 0x48, 0xff, 0x50, 0x4c, 0x48, 0xff,
    0x50, 0x4c, 0x48, 0xff, 0x50, 0x4c, 0x48, 0xff, 0x50, 0x4c, 0x48, 0xff,
    0x50, 0x48, 0x48, 0xff, 0x50, 0x4c, 0x48, 0xff, 0x50, 0x4c, 0x48, 0xff,
    0x50, 0x4c, 0x48, 0xff, 0x50, 0x48, 0x48, 0xff, 0x50, 0x4c, 0x48, 0xff,
    0x50, 0x4c, 0x48, 0xff, 0x50, 0x48, 0x48, 0xff, 0x50, 0x4c, 0x48, 0xff,
    0x50, 0x4c, 0x48, 0xff, 0x50, 0x48, 0x48, 0xff, 0x50, 0x4c, 0x48, 0xff,
    0x50, 0x4c, 0x48, 0xff, 0x50, 0x4c, 0x48, 0xff, 0x50, 0x48, 0x48, 0xff,
    0x50, 0x4c, 0x48, 0xff, 0x50, 0x4c, 0x48, 0xff, 0x50, 0x48, 0x48, 0xff,
    0x50, 0x4c, 0x48, 0xff, 0x50, 0x4c, 0x48, 0xff, 0x50, 0x48, 0x48, 0xff,
    0x50, 0x4c, 0x48, 0xff, 0x50, 0x4c, 0x48, 0xff, 0x50, 0x4c, 0x48, 0xff,
    0x50, 0x4c, 0x48, 0xff, 0x50, 0x4c, 0x48, 0xff, 0x50, 0x4c, 0x48, 0xff,
    0x50, 0x48, 0x48, 0xff, 0x50, 0x4c, 0x48, 0xff, 0x50, 0x4c, 0x48, 0xff,
    0x50, 0x48, 0x48, 0xff, 0x50, 0x4c, 0x48, 0xff, 0x50, 0x4c, 0x48, 0xff,
    0x50, 0x4c, 0x48, 0xff, 0x50, 0x48, 0x48, 0xff, 0x50, 0x4c, 0x48, 0xff,
    0x50, 0x4c, 0x48, 0xff, 0x50, 0x48, 0x48, 0xff, 0x50, 0x4c, 0x48, 0xff,
    0x50, 0x4c, 0x48, 0xff, 0x50, 0x4c, 0x48, 0xff, 0x50, 0x4c, 0x48, 0xff,
    0x50, 0x4c, 0x48, 0xff, 0x50, 0x4c, 0x48, 0xff, 0x50, 0x4c, 0x48, 0xff,
    0x50, 0x4c, 0x48, 0xff, 0x50, 0x4c, 0x48, 0xff, 0x50, 0x4c, 0x48, 0xff,
    0x50, 0x4c, 0x48, 0xff, 0x50, 0x4c, 0x48, 0xff, 0x50, 0x48, 0x48, 0xff,
    0x50, 0x4c, 0x48, 0xff, 0x50, 0x4c, 0x48, 0xff, 0x50, 0x48, 0x48, 0xff,
    0x50, 0x4c, 0x48, 0xff, 0x50, 0x4c, 0x40, 0xff, 0x50, 0x48, 0x48, 0xff,
    0x50, 0x4c, 0x48, 0xff, 0x50, 0x4c, 0x48, 0xff, 0x50, 0x4c, 0x48, 0xff,
    0x50, 0x4c, 0x48, 0xff, 0x50, 0x48, 0x48, 0xff, 0x50, 0x4c, 0x40, 0xff,
    0x50, 0x4c, 0x48, 0xff, 0x50, 0x48, 0x48, 0xff, 0x50, 0x4c, 0x40, 0xff,
    0x50, 0x48, 0x48, 0xff, 0x50, 0x4c, 0x48, 0xff, 0x50, 0x4c, 0x40, 0xff,
    0x50, 0x4c, 0x48, 0xff, 0x50, 0x48, 0x48, 0xff, 0x50, 0x4c, 0x40, 0xff,
    0x50, 0x4c, 0x48, 0xff, 0x50, 0x4c, 0x48, 0xff, 0x50, 0x48, 0x48, 0xff,
    0x50, 0x4c, 0x48, 0xff, 0x50, 0x4c, 0x40, 0xff, 0x50, 0x48, 0x48, 0xff,
    0x50, 0x4c, 0x48, 0xff, 0x50, 0x48, 0x48, 0xff, 0x50, 0x4c, 0x48, 0xff,
    0x50, 0x48, 0x40, 0xff, 0x50, 0x4c, 0x48, 0xff, 0x50, 0x48, 0x48, 0xff,
    0x50, 0x4c, 0x40, 0xff, 0x50, 0x4c, 0x48, 0xff, 0x50, 0x4c, 0x48, 0xff,
    0x50, 0x4c, 0x48, 0xff, 0x50, 0x4c, 0x48, 0xff, 0x50, 0x48, 0x48, 0xff,
    0x50, 0x4c, 0x48, 0xff, 0x50, 0x4c, 0x48, 0xff, 0x50, 0x48, 0x48, 0xff,
    0x50, 0x4c, 0x48, 0xff, 0x50, 0x4c, 0x48, 0xff, 0x50, 0x48, 0x48, 0xff,
    0x50, 0x4c, 0x48, 0xff, 0x50, 0x4c, 0x48, 0xff, 0x50, 0x4c, 0x48, 0xff,
    0x50, 0x4c, 0x48, 0xff, 0x50, 0x48, 0x48, 0xff, 0x50, 0x4c, 0x48, 0xff,
    0x50, 0x48, 0x48, 0xff, 0x50, 0x48, 0x48, 0xff, 0x50, 0x4c, 0x48, 0xff,
    0x50, 0x48, 0x48, 0xff, 0x50, 0x4c, 0x48, 0xff, 0x50, 0x4c, 0x48, 0xff,
    0x50, 0x48, 0x48, 0xff, 0x50, 0x48, 0x48, 0xff, 0x50, 0x4c, 0x40, 0xff,
    0x50, 0x4c, 0x48, 0xff, 0x50, 0x48, 0x48, 0xff, 0x50, 0x4c, 0x48, 0xff,
    0x50, 0x4c, 0x48, 0xff, 0x50, 0x4c, 0x48, 0xff, 0x50, 0x4c, 0x48, 0xff,
    0x50, 0x4c, 0x48, 0xff, 0x50, 0x4c, 0x48, 0xff, 0x50, 0x4c, 0x48, 0xff,
    0x50, 0x4c, 0x40, 0xff, 0x50, 0x4c, 0x48, 0xff, 0x50, 0x4c, 0x48, 0xff,
    0x50, 0x48, 0x40, 0xff, 0x50, 0x4c, 0x48, 0xff, 0x50, 0x4c, 0x48, 0xff,
    0x50, 0x4c, 0x48, 0xff, 0x50, 0x4c, 0x48, 0xff, 0x50, 0x4c, 0x48, 0xff,
    0x50, 0x4c, 0x48, 0xff, 0x50, 0x48, 0x48, 0xff, 0x50, 0x4c, 0x48, 0xff,
    0x50, 0x4c, 0x48, 0xff, 0x50, 0x48, 0x48, 0xff, 0x50, 0x48, 0x48, 0xff,
    0x50, 0x4c, 0x48, 0xff, 0x50, 0x4c, 0x48, 0xff, 0x50, 0x4c, 0x48, 0xff,
    0x50, 0x4c, 0x48, 0xff, 0x50, 0x4c, 0x48, 0xff, 0x50, 0x48, 0x48, 0xff,
    0x50, 0x4c, 0x48, 0xff, 0x50, 0x4c, 0x48, 0xff, 0x50, 0x4c, 0x48, 0xff,
    0x50, 0x4c, 0x48, 0xff, 0x50, 0x48, 0x48, 0xff, 0x50, 0x4c, 0x48, 0xff,
    0x50, 0x4c, 0x48, 0xff, 0x50, 0x4c, 0x48, 0xff, 0x50, 0x48, 0x48, 0xff,
    0x50, 0x4c, 0x48, 0xff, 0x50, 0x4c, 0x48, 0xff, 0x50, 0x4c, 0x48, 0xff,
    0x50, 0x4c, 0x48, 0xff, 0x50, 0x48, 0x48, 0xff, 0x50, 0x4c, 0x48, 0xff,
    0x50, 0x4c, 0x48, 0xff, 0x50, 0x48, 0x48, 0xff, 0x50, 0x4c, 0x48, 0xff,
    0x50, 0x4c, 0x48, 0xff, 0x50, 0x48, 0x48, 0xff, 0x50, 0x4c, 0x48, 0xff,
    0x50, 0x4c, 0x48, 0xff, 0x50, 0x4c, 0x48, 0xff, 0x50, 0x4c, 0x48, 0xff,
    0x50, 0x4c, 0x40, 0xff, 0x50, 0x4c, 0x48, 0xff, 0x50, 0x48, 0x48, 0xff,
    0x50, 0x4c, 0x48, 0xff, 0x50, 0x4c, 0x48, 0xff, 0x50, 0x48, 0x48, 0xff,
    0x50, 0x4c, 0x40, 0xff, 0x50, 0x4c, 0x48, 0xff, 0x50, 0x4c, 0x48, 0xff,
    0x50, 0x4c, 0x48, 0xff, 0x50, 0x4c, 0x48, 0xff, 0x50, 0x4c, 0x48, 0xff,
    0x50, 0x4c, 0x48, 0xff, 0x50, 0x48, 0x40, 0xff, 0x50, 0x4c, 0x48, 0xff,
    0x50, 0x4c, 0x48, 0xff, 0x50, 0x4c, 0x40, 0xff, 0x50, 0x4c, 0x48, 0xff,
    0x50, 0x4c, 0x48, 0xff, 0x50, 0x4c, 0x48, 0xff, 0x50, 0x4c, 0x48, 0xff,
    0x50, 0x48, 0x48, 0xff, 0x50, 0x4c, 0x40, 0xff, 0x50, 0x4c, 0x48, 0xff,
    0x50, 0x48, 0x48, 0xff, 0x50, 0x4c, 0x48, 0xff, 0x50, 0x4c, 0x48, 0xff,
    0x50, 0x4c, 0x48, 0xff, 0x50, 0x4c, 0x48, 0xff, 0x50, 0x4c, 0x48, 0xff,
    0x50, 0x4c, 0x48, 0xff, 0x50, 0x4c, 0x40, 0xff, 0x50, 0x4c, 0x48, 0xff,
    0x50, 0x4c, 0x48, 0xff, 0x50, 0x48, 0x48, 0xff, 0x50, 0x4c, 0x48, 0xff,
    0x50, 0x4c, 0x40, 0xff, 0x50, 0x48, 0x48, 0xff, 0x50, 0x4c, 0x48, 0xff,
    0x50, 0x48, 0x48, 0xff, 0x50, 0x4c, 0x48, 0xff, 0x50, 0x4c, 0x48, 0xff,
    0x50, 0x4c, 0x48, 0xff, 0x50, 0x4c, 0x48, 0xff, 0x50, 0x4c, 0x48, 0xff,
    0x50, 0x48, 0x48, 0xff, 0x50, 0x4c, 0x48, 0xff, 0x50, 0x4c, 0x48, 0xff,
    0x50, 0x4c, 0x40, 0xff, 0x50, 0x4c, 0x48, 0xff, 0x50, 0x48, 0x48, 0xff,
    0x50, 0x4c, 0x48, 0xff, 0x50, 0x4c, 0x48, 0xff, 0x50, 0x4c, 0x48, 0xff,
    0x50, 0x4c, 0x40, 0xff, 0x50, 0x48, 0x48, 0xff, 0x50, 0x4c, 0x48, 0xff,
    0x50, 0x4c, 0x48, 0xff, 0x50, 0x48, 0x48, 0xff, 0x50, 0x4c, 0x48, 0xff,
    0x50, 0x48, 0x48, 0xff, 0x50, 0x4c, 0x48, 0xff, 0x50, 0x4c, 0x48, 0xff,
    0x50, 0x4c, 0x40, 0xff, 0x50, 0x4c, 0x48, 0xff, 0x50, 0x4c, 0x48, 0xff,
    0x50, 0x4c, 0x48, 0xff, 0x50, 0x4c, 0x48, 0xff, 0x50, 0x4c, 0x48, 0xff,
    0x50, 0x4c, 0x40, 0xff, 0x50, 0x48, 0x48, 0xff, 0x50, 0x4c, 0x48, 0xff,
    0x50, 0x4c, 0x48, 0xff, 0x50, 0x4c, 0x48, 0xff, 0x50, 0x4c, 0x48, 0xff,
    0x50, 0x48, 0x48, 0xff, 0x50, 0x4c, 0x48, 0xff, 0x50, 0x4c, 0x48, 0xff,
    0x50, 0x4c, 0x40, 0xff, 0x50, 0x4c, 0x48, 0xff, 0x50, 0x48, 0x48, 0xff,
    0x50, 0x4c, 0x48, 0xff, 0x50, 0x4c, 0x48, 0xff, 0x50, 0x4c, 0x48, 0xff,
    0x50, 0x4c, 0x40, 0xff, 0x50, 0x48, 0x48, 0xff, 0x50, 0x4c, 0x48, 0xff,
    0x50, 0x48, 0x48, 0xff, 0x50, 0x4c, 0x48, 0xff, 0x50, 0x4c, 0x48, 0xff,
    0x50, 0x4c, 0x48, 0xff, 0x50, 0x4c, 0x48, 0xff, 0x50, 0x4c, 0x48, 0xff,
    0x50, 0x4c, 0x40, 0xff, 0x50, 0x4c, 0x48, 0xff, 0x50, 0x4c, 0x48, 0xff,
    0x50, 0x4c, 0x48, 0xff, 0x50, 0x48, 0x48, 0xff, 0x50, 0x4c, 0x48, 0xff,
    0x50, 0x4c, 0x40, 0xff, 0x50, 0x4c, 0x48, 0xff, 0x50, 0x48, 0x48, 0xff,
    0x50, 0x4c, 0x48, 0xff, 0x50, 0x48, 0x48, 0xff, 0x50, 0x48, 0x48, 0xff,
    0x50, 0x4c, 0x48, 0xff, 0x50, 0x48, 0x48, 0xff, 0x50, 0x4c, 0x48, 0xff,
    0x50, 0x48, 0x40, 0xff, 0x50, 0x4c, 0x48, 0xff, 0x50, 0x48, 0x48, 0xff,
    0x50, 0x4c, 0x48, 0xff, 0x50, 0x4c, 0x48, 0xff, 0x50, 0x4c, 0x48, 0xff,
    0x50, 0x4c, 0x40, 0xff, 0x50, 0x48, 0x48, 0xff, 0x50, 0x4c, 0x48, 0xff,
    0x50, 0x4c, 0x48, 0xff, 0x50, 0x48, 0x48, 0xff, 0x50, 0x4c, 0x48, 0xff,
    0x50, 0x4c, 0x48, 0xff, 0x50, 0x48, 0x40, 0xff, 0x50, 0x4c, 0x48, 0xff,
    0x50, 0x4c, 0x48, 0xff, 0x50, 0x48, 0x48, 0xff, 0x50, 0x4c, 0x48, 0xff,
    0x50, 0x4c, 0x48, 0xff, 0x50, 0x48, 0x48, 0xff, 0x50, 0x4c, 0x48, 0xff,
    0x50, 0x4c, 0x48, 0xff, 0x50, 0x48, 0x48, 0xff, 0x50, 0x4c, 0x48, 0xff,
    0x50, 0x4c, 0x48, 0xff, 0x50, 0x4c, 0x48, 0xff, 0x50, 0x4c, 0x48, 0xff,
    0x50, 0x4c, 0x48, 0xff, 0x50, 0x48, 0x48, 0xff, 0x50, 0x4c, 0x48, 0xff,
    0x50, 0x4c, 0x48, 0xff, 0x50, 0x4c, 0x48, 0xff, 0x50, 0x4c, 0x48, 0xff,
    0x50, 0x48, 0x48, 0xff, 0x50, 0x4c, 0x48, 0xff, 0x50, 0x4c, 0x48, 0xff,
    0x50, 0x4c, 0x48, 0xff, 0x50, 0x48, 0x48, 0xff, 0x50, 0x4c, 0x48, 0xff,
    0x50, 0x4c, 0x48, 0xff, 0x50, 0x48, 0x48, 0xff, 0x50, 0x4c, 0x48, 0xff,
    0x50, 0x4c, 0x40, 0xff, 0x50, 0x4c, 0x48, 0xff, 0x50, 0x4c, 0x48, 0xff,
    0x50, 0x4c, 0x40, 0xff, 0x50, 0x4c, 0x48, 0xff, 0x50, 0x4c, 0x48, 0xff,
    0x50, 0x4c, 0x40, 0xff, 0x50, 0x4c, 0x48, 0xff, 0x50, 0x4c, 0x48, 0xff,
    0x50, 0x48, 0x48, 0xff, 0x50, 0x4c, 0x48, 0xff, 0x50, 0x4c, 0x48, 0xff,
    0x50, 0x4c, 0x48, 0xff, 0x50, 0x4c, 0x48, 0xff, 0x50, 0x4c, 0x40, 0xff,
    0x50, 0x4c, 0x48, 0xff, 0x50, 0x4c, 0x48, 0xff, 0x50, 0x4c, 0x40, 0xff,
    0x50, 0x48, 0x48, 0xff, 0x50, 0x4c, 0x48, 0xff, 0x50, 0x4c, 0x48, 0xff,
    0x50, 0x4c, 0x48, 0xff, 0x50, 0x4c, 0x48, 0xff, 0x50, 0x48, 0x48, 0xff,
    0x50, 0x4c, 0x48, 0xff, 0x50, 0x4c, 0x40, 0xff, 0x50, 0x4c, 0x48, 0xff,
    0x50, 0x48, 0x48, 0xff, 0x50, 0x4c, 0x40, 0xff, 0x50, 0x4c, 0x48, 0xff,
    0x50, 0x48, 0x48, 0xff, 0x50, 0x4c, 0x48, 0xff, 0x50, 0x48, 0x48, 0xff,
    0x50, 0x4c, 0x48, 0xff, 0x50, 0x4c, 0x48, 0xff, 0x50, 0x48, 0x48, 0xff,
    0x50, 0x4c, 0x48, 0xff, 0x50, 0x4c, 0x48, 0xff, 0x50, 0x48, 0x48, 0xff,
    0x50, 0x4c, 0x40, 0xff, 0x50, 0x48, 0x48, 0xff, 0x50, 0x4c, 0x48, 0xff,
    0x50, 0x4c, 0x48, 0xff, 0x50, 0x48, 0x48, 0xff, 0x50, 0x4c, 0x40, 0xff,
    0x50, 0x4c, 0x48, 0xff, 0x50, 0x4c, 0x48, 0xff, 0x50, 0x4c, 0x48, 0xff,
    0x50, 0x48, 0x40, 0xff, 0x50, 0x4c, 0x48, 0xff, 0x50, 0x4c, 0x48, 0xff,
    0x50, 0x48, 0x40, 0xff, 0x50, 0x4c, 0x48, 0xff, 0x50, 0x4c, 0x48, 0xff,
    0x50, 0x48, 0x48, 0xff, 0x50, 0x4c, 0x48, 0xff, 0x50, 0x4c, 0x40, 0xff,
    0x50, 0x48, 0x48, 0xff, 0x50, 0x4c, 0x48, 0xff, 0x50, 0x4c, 0x40, 0xff,
    0x50, 0x4c, 0x48, 0xff, 0x50, 0x48, 0x48, 0xff, 0x50, 0x4c, 0x48, 0xff,
    0x50, 0x4c, 0x48, 0xff, 0x50, 0x48, 0x40, 0xff, 0x50, 0x4c, 0x48, 0xff,
    0x50, 0x4c, 0x48, 0xff, 0x50, 0x4c, 0x48, 0xff, 0x50, 0x4c, 0x40, 0xff,
    0x50, 0x48, 0x48, 0xff, 0x50, 0x4c, 0x48, 0xff, 0x50, 0x4c, 0x48, 0xff,
    0x50, 0x48, 0x40, 0xff, 0x50, 0x4c, 0x48, 0xff, 0x50, 0x4c, 0x48, 0xff,
    0x50, 0x48, 0x48, 0xff, 0x50, 0x48, 0x48, 0xff, 0x50, 0x4c, 0x48, 0xff,
    0x50, 0x4c, 0x48, 0xff, 0x50, 0x4c, 0x48, 0xff, 0x50, 0x4c, 0x48, 0xff,
    0x50, 0x48, 0x40, 0xff, 0x50, 0x4c, 0x48, 0xff, 0x50, 0x4c, 0x48, 0xff,
    0x50, 0x48, 0x48, 0xff, 0x50, 0x4c, 0x48, 0xff, 0x50, 0x48, 0x48, 0xff,
    0x50, 0x4c, 0x40, 0xff, 0x50, 0x48, 0x48, 0xff, 0x50, 0x4c, 0x48, 0xff,
    0x50, 0x4c, 0x48, 0xff, 0x50, 0x4c, 0x48, 0xff, 0x50, 0x48, 0x48, 0xff,
    0x50, 0x4c, 0x48, 0xff, 0x50, 0x4c, 0x48, 0xff, 0x50, 0x48, 0x48, 0xff,
    0x50, 0x48, 0x48, 0xff, 0x50, 0x4c, 0x48, 0xff, 0x50, 0x4c, 0x48, 0xff,
    0x50, 0x48, 0x48, 0xff, 0x50, 0x4c, 0x48, 0xff, 0x50, 0x4c, 0x48, 0xff,
    0x50, 0x48, 0x48, 0xff, 0x50, 0x4c, 0x48, 0xff, 0x50, 0x4c, 0x48, 0xff,
    0x50, 0x48, 0x48, 0xff, 0x50, 0x4c, 0x40, 0xff, 0x50, 0x48, 0x48, 0xff,
    0x50, 0x48, 0x48, 0xff, 0x50, 0x4c, 0x48, 0xff, 0x50, 0x4c, 0x48, 0xff,
    0x50, 0x4c, 0x48, 0xff, 0x50, 0x4c, 0x40, 0xff, 0x50, 0x4c, 0x48, 0xff,
    0x50, 0x4c, 0x48, 0xff, 0x50, 0x4c, 0x48, 0xff, 0x50, 0x48, 0x48, 0xff,
    0x50, 0x4c, 0x40, 0xff, 0x50, 0x4c, 0x48, 0xff, 0x50, 0x48, 0x48, 0xff,
    0x50, 0x48, 0x40, 0xff, 0x50, 0x4c, 0x48, 0xff, 0x50, 0x4c, 0x48, 0xff,
    0x50, 0x4c, 0x40, 0xff, 0x50, 0x48, 0x48, 0xff, 0x50, 0x4c, 0x48, 0xff,
    0x50, 0x4c, 0x48, 0xff, 0x50, 0x48, 0x48, 0xff, 0x50, 0x4c, 0x48, 0xff,
    0x50, 0x4c, 0x40, 0xff, 0x50, 0x48, 0x48, 0xff, 0x50, 0x4c, 0x48, 0xff,
    0x50, 0x4c, 0x48, 0xff, 0x50, 0x4c, 0x48, 0xff, 0x50, 0x48, 0x48, 0xff,
    0x50, 0x4c, 0x40, 0xff, 0x50, 0x4c, 0x48, 0xff, 0x50, 0x48, 0x48, 0xff,
    0x50, 0x4c, 0x40, 0xff, 0x50, 0x4c, 0x48, 0xff, 0x50, 0x48, 0x48, 0xff,
    0x50, 0x4c, 0x48, 0xff, 0x50, 0x48, 0x48, 0xff, 0x50, 0x48, 0x48, 0xff,
    0x50, 0x4c, 0x40, 0xff, 0x50, 0x4c, 0x48, 0xff, 0x50, 0x48, 0x48, 0xff,
    0x50, 0x4c, 0x48, 0xff, 0x50, 0x4c, 0x48, 0xff, 0x50, 0x4c, 0x48, 0xff,
    0x50, 0x48, 0x40, 0xff, 0x50, 0x4c, 0x48, 0xff, 0x50, 0x4c, 0x48, 0xff,
    0x50, 0x4c, 0x40, 0xff, 0x50, 0x48, 0x48, 0xff, 0x50, 0x4c, 0x48, 0xff,
    0x50, 0x4c, 0x48, 0xff, 0x50, 0x48, 0x48, 0xff, 0x50, 0x4c, 0x48, 0xff,
    0x50, 0x4c, 0x40, 0xff, 0x50, 0x48, 0x48, 0xff, 0x50, 0x4c, 0x48, 0xff,
    0x50, 0x4c, 0x48, 0xff, 0x50, 0x4c, 0x48, 0xff, 0x50, 0x48, 0x48, 0xff,
    0x50, 0x4c, 0x40, 0xff, 0x50, 0x4c, 0x48, 0xff, 0x50, 0x48, 0x48, 0xff,
    0x50, 0x4c, 0x40, 0xff, 0x50, 0x48, 0x48, 0xff, 0x50, 0x4c, 0x48, 0xff,
    0x50, 0x48, 0x48, 0xff, 0x50, 0x4c, 0x48, 0xff, 0x50, 0x48, 0x48, 0xff,
    0x50, 0x4c, 0x40, 0xff, 0x50, 0x4c, 0x48, 0xff, 0x50, 0x48, 0x48, 0xff,
    0x50, 0x4c, 0x48, 0xff, 0x50, 0x4c, 0x48, 0xff, 0x50, 0x4c, 0x48, 0xff,
    0x50, 0x4c, 0x40, 0xff, 0x50, 0x4c, 0x48, 0xff, 0x50, 0x4c, 0x48, 0xff,
    0x50, 0x4c, 0x40, 0xff, 0x50, 0x4c, 0x48, 0xff, 0x50, 0x48, 0x48, 0xff,
    0x50, 0x4c, 0x48, 0xff, 0x50, 0x4c, 0x48, 0xff, 0x50, 0x4c, 0x48, 0xff,
    0x50, 0x48, 0x40, 0xff, 0x50, 0x4c, 0x48, 0xff, 0x50, 0x4c, 0x48, 0xff,
    0x50, 0x48, 0x48, 0xff, 0x50, 0x4c, 0x48, 0xff, 0x50, 0x4c, 0x48, 0xff,
    0x50, 0x4c, 0x40, 0xff, 0x50, 0x4c, 0x48, 0xff, 0x50, 0x4c, 0x48, 0xff,
    0x50, 0x4c, 0x48, 0xff, 0x50, 0x48, 0x48, 0xff, 0x50, 0x4c, 0x48, 0xff,
    0x50, 0x4c, 0x48, 0xff, 0x50, 0x4c, 0x48, 0xff, 0x50, 0x4c, 0x48, 0xff,
    0x50, 0x4c, 0x48, 0xff, 0x50, 0x4c, 0x48, 0xff, 0x50, 0x4c, 0x48, 0xff,
    0x50, 0x4c, 0x40, 0xff, 0x50, 0x4c, 0x48, 0xff, 0x50, 0x48, 0x48, 0xff,
    0x50, 0x4c, 0x48, 0xff, 0x50, 0x48, 0x48, 0xff, 0x50, 0x4c, 0x48, 0xff,
    0x50, 0x4c, 0x48, 0xff, 0x50, 0x4c, 0x40, 0xff, 0x50, 0x4c, 0x48, 0xff,
    0x50, 0x48, 0x48, 0xff, 0x50, 0x4c, 0x48, 0xff, 0x50, 0x4c, 0x48, 0xff,
    0x50, 0x4c, 0x40, 0xff, 0x50, 0x4c, 0x48, 0xff, 0x50, 0x4c, 0x48, 0xff,
    0x50, 0x4c, 0x48, 0xff, 0x50, 0x4c, 0x48, 0xff, 0x50, 0x4c, 0x48, 0xff,
    0x50, 0x4c, 0x48, 0xff, 0x50, 0x48, 0x48, 0xff, 0x50, 0x4c, 0x48, 0xff,
    0x50, 0x48, 0x48, 0xff, 0x50, 0x48, 0x48, 0xff, 0x50, 0x4c, 0x48, 0xff,
    0x50, 0x4c, 0x48, 0xff, 0x50, 0x48, 0x48, 0xff, 0x50, 0x4c, 0x48, 0xff,
    0x50, 0x48, 0x48, 0xff, 0x50, 0x4c, 0x48, 0xff, 0x50, 0x4c, 0x48, 0xff,
    0x50, 0x4c, 0x40, 0xff, 0x50, 0x4c, 0x48, 0xff, 0x50, 0x48, 0x48, 0xff,
    0x50, 0x4c, 0x48, 0xff, 0x50, 0x48, 0x48, 0xff, 0x50, 0x4c, 0x48, 0xff,
    0x50, 0x4c, 0x48, 0xff, 0x50, 0x4c, 0x48, 0xff, 0x50, 0x4c, 0x48, 0xff,
    0x50, 0x4c, 0x48, 0xff, 0x50, 0x48, 0x40, 0xff, 0x50, 0x4c, 0x48, 0xff,
    0x50, 0x4c, 0x48, 0xff, 0x50, 0x4c, 0x40, 0xff, 0x50, 0x4c, 0x48, 0xff,
    0x50, 0x48, 0x48, 0xff, 0x50, 0x4c, 0x48, 0xff, 0x50, 0x4c, 0x48, 0xff,
    0x50, 0x48, 0x48, 0xff, 0x50, 0x4c, 0x48, 0xff, 0x50, 0x4c, 0x48, 0xff,
    0x50, 0x48, 0x40, 0xff, 0x50, 0x4c, 0x48, 0xff, 0x50, 0x4c, 0x48, 0xff,
    0x50, 0x48, 0x48, 0xff, 0x50, 0x4c, 0x48, 0xff, 0x50, 0x4c, 0x48, 0xff,
    0x50, 0x4c, 0x48, 0xff, 0x50, 0x4c, 0x48, 0xff, 0x50, 0x4c, 0x48, 0xff,
    0x50, 0x4c, 0x48, 0xff, 0x50, 0x48, 0x48, 0xff, 0x50, 0x4c, 0x48, 0xff,
    0x50, 0x4c, 0x40, 0xff, 0x50, 0x4c, 0x48, 0xff, 0x50, 0x48, 0x48, 0xff,
    0x50, 0x4c, 0x48, 0xff, 0x50, 0x4c, 0x48, 0xff, 0x50, 0x4c, 0x48, 0xff,
    0x50, 0x4c, 0x48, 0xff, 0x50, 0x48, 0x48, 0xff, 0x50, 0x4c, 0x48, 0xff,
    0x50, 0x4c, 0x48, 0xff, 0x50, 0x4c, 0x48, 0xff, 0x50, 0x4c, 0x40, 0xff,
    0x50, 0x4c, 0x48, 0xff, 0x50, 0x48, 0x48, 0xff, 0x50, 0x4c, 0x48, 0xff,
    0x50, 0x4c, 0x48, 0xff, 0x50, 0x4c, 0x48, 0xff, 0x50, 0x4c, 0x48, 0xff,
    0x50, 0x48, 0x48, 0xff, 0x50, 0x4c, 0x40, 0xff, 0x50, 0x4c, 0x48, 0xff,
    0x50, 0x4c, 0x48, 0xff, 0x50, 0x48, 0x48, 0xff, 0x50, 0x4c, 0x48, 0xff,
    0x50, 0x4c, 0x48, 0xff, 0x50, 0x48, 0x48, 0xff, 0x50, 0x4c, 0x48, 0xff,
    0x50, 0x4c, 0x48, 0xff, 0x50, 0x4c, 0x48, 0xff, 0x50, 0x4c, 0x48, 0xff,
    0x50, 0x4c, 0x48, 0xff, 0x50, 0x4c, 0x48, 0xff, 0x50, 0x4c, 0x48, 0xff,
    0x50, 0x4c, 0x40, 0xff, 0x50, 0x4c, 0x48, 0xff, 0x50, 0x48, 0x48, 0xff,
    0x50, 0x4c, 0x48, 0xff, 0x50, 0x4c, 0x48, 0xff, 0x50, 0x48, 0x48, 0xff,
    0x50, 0x4c, 0x48, 0xff, 0x50, 0x4c, 0x48, 0xff, 0x50, 0x4c, 0x48, 0xff,
    0x50, 0x4c, 0x48, 0xff, 0x50, 0x4c, 0x48, 0xff, 0x50, 0x4c, 0x48, 0xff,
    0x50, 0x48, 0x48, 0xff, 0x50, 0x4c, 0x48, 0xff, 0x50, 0x4c, 0x40, 0xff,
    0x50, 0x48, 0x48, 0xff, 0x50, 0x4c, 0x48, 0xff, 0x50, 0x4c, 0x48, 0xff,
    0x50, 0x48, 0x48, 0xff, 0x50, 0x4c, 0x48, 0xff, 0x50, 0x4c, 0x40, 0xff,
    0x50, 0x4c, 0x48, 0xff, 0x50, 0x4c, 0x48, 0xff, 0x50, 0x4c, 0x40, 0xff,
    0x50, 0x4c, 0x48, 0xff, 0x50, 0x4c, 0x48, 0xff, 0x50, 0x4c, 0x48, 0xff,
    0x50, 0x4c, 0x40, 0xff, 0x50, 0x4c, 0x48, 0xff, 0x50, 0x48, 0x48, 0xff,
    0x50, 0x4c, 0x48, 0xff, 0x50, 0x4c, 0x48, 0xff, 0x50, 0x4c, 0x48, 0xff,
    0x50, 0x4c, 0x48, 0xff, 0x50, 0x48, 0x48, 0xff, 0x50, 0x4c, 0x48, 0xff,
    0x50, 0x48, 0x48, 0xff, 0x50, 0x4c, 0x48, 0xff, 0x50, 0x48, 0x48, 0xff,
    0x50, 0x4c, 0x48, 0xff, 0x50, 0x4c, 0x48, 0xff, 0x50, 0x4c, 0x48, 0xff,
    0x50, 0x4c, 0x48, 0xff, 0x50, 0x4c, 0x48, 0xff, 0x50, 0x4c, 0x48, 0xff,
    0x50, 0x4c, 0x48, 0xff, 0x50, 0x48, 0x48, 0xff, 0x50, 0x4c, 0x48, 0xff,
    0x50, 0x4c, 0x48, 0xff, 0x50, 0x4c, 0x48, 0xff, 0x50, 0x48, 0x48, 0xff,
    0x50, 0x4c, 0x48, 0xff, 0x50, 0x4c, 0x48, 0xff, 0x50, 0x4c, 0x48, 0xff,
    0x50, 0x4c, 0x48, 0xff, 0x50, 0x48, 0x48, 0xff, 0x50, 0x4c, 0x48, 0xff,
    0x50, 0x4c, 0x48, 0xff, 0x50, 0x4c, 0x48, 0xff, 0x50, 0x4c, 0x48, 0xff,
    0x50, 0x4c, 0x48, 0xff, 0x50, 0x4c, 0x48, 0xff, 0x50, 0x4c, 0x48, 0xff,
    0x50, 0x4c, 0x48, 0xff, 0x50, 0x4c, 0x48, 0xff, 0x50, 0x4c, 0x48, 0xff,
    0x50, 0x4c, 0x48, 0xff, 0x50, 0x4c, 0x48, 0xff, 0x50, 0x4c, 0x48, 0xff,
    0x50, 0x4c, 0x48, 0xff, 0x50, 0x48, 0x48, 0xff, 0x50, 0x4c, 0x48, 0xff,
    0x50, 0x4c, 0x48, 0xff, 0x50, 0x4c, 0x48, 0xff, 0x50, 0x48, 0x48, 0xff,
    0x50, 0x4c, 0x48, 0xff, 0x50, 0x4c, 0x48, 0xff, 0x50, 0x48, 0x48, 0xff,
    0x50, 0x4c, 0x48, 0xff, 0x50, 0x4c, 0x48, 0xff, 0x50, 0x4c, 0x48, 0xff,
    0x50, 0x48, 0x48, 0xff, 0x50, 0x4c, 0x48, 0xff, 0x50, 0x4c, 0x48, 0xff,
    0x50, 0x4c, 0x48, 0xff, 0x50, 0x4c, 0x48, 0xff, 0x50, 0x48, 0x48, 0xff,
    0x50, 0x4c, 0x48, 0xff, 0x50, 0x4c, 0x48, 0xff, 0x50, 0x4c, 0x48, 0xff,
    0x50, 0x4c, 0x48, 0xff, 0x50, 0x4c, 0x48, 0xff, 0x50, 0x4c, 0x48, 0xff,
    0x50, 0x48, 0x48, 0xff, 0x50, 0x4c, 0x48, 0xff, 0x50, 0x4c, 0x48, 0xff,
    0x50, 0x4c, 0x48, 0xff, 0x50, 0x48, 0x48, 0xff, 0x50, 0x4c, 0x48, 0xff,
    0x50, 0x4c, 0x48, 0xff, 0x50, 0x4c, 0x48, 0xff, 0x50, 0x4c, 0x48, 0xff,
    0x50, 0x48, 0x48, 0xff, 0x50, 0x4c, 0x48, 0xff, 0x50, 0x4c, 0x48, 0xff,
    0x50, 0x48, 0x48, 0xff, 0x50, 0x4c, 0x48, 0xff, 0x50, 0x4c, 0x48, 0xff,
    0x50, 0x4c, 0x48, 0xff, 0x50, 0x4c, 0x48, 0xff, 0x50, 0x4c, 0x48, 0xff,
    0x50, 0x4c, 0x48, 0xff, 0x50, 0x4c, 0x48, 0xff, 0x50, 0x4c, 0x48, 0xff,
    0x50, 0x48, 0x48, 0xff, 0x50, 0x4c, 0x48, 0xff, 0x50, 0x4c, 0x48, 0xff,
    0x50, 0x4c, 0x48, 0xff, 0x50, 0x4c, 0x48, 0xff, 0x50, 0x48, 0x48, 0xff,
    0x50, 0x4c, 0x48, 0xff, 0x50, 0x48, 0x48, 0xff, 0x50, 0x4c, 0x48, 0xff,
    0x50, 0x4c, 0x48, 0xff, 0x50, 0x4c, 0x48, 0xff, 0x50, 0x48, 0x40, 0xff,
    0x50, 0x4c, 0x48, 0xff, 0x50, 0x4c, 0x48, 0xff, 0x50, 0x48, 0x40, 0xff,
    0x50, 0x4c, 0x48, 0xff, 0x50, 0x48, 0x48, 0xff, 0x50, 0x4c, 0x48, 0xff,
    0x50, 0x4c, 0x48, 0xff, 0x50, 0x48, 0x48, 0xff, 0x50, 0x4c, 0x48, 0xff,
    0x50, 0x4c, 0x40, 0xff, 0x50, 0x4c, 0x48, 0xff, 0x50, 0x48, 0x48, 0xff,
    0x50, 0x4c, 0x48, 0xff, 0x50, 0x4c, 0x48, 0xff, 0x50, 0x48, 0x48, 0xff,
    0x50, 0x4c, 0x48, 0xff, 0x50, 0x4c, 0x40, 0xff, 0x50, 0x48, 0x48, 0xff,
    0x50, 0x4c, 0x48, 0xff, 0x50, 0x48, 0x48, 0xff, 0x50, 0x48, 0x48, 0xff,
    0x50, 0x4c, 0x40, 0xff, 0x50, 0x4c, 0x48, 0xff, 0x50, 0x48, 0x48, 0xff,
    0x50, 0x4c, 0x40, 0xff, 0x50, 0x4c, 0x48, 0xff, 0x50, 0x4c, 0x48, 0xff,
    0x50, 0x4c, 0x48, 0xff, 0x50, 0x4c, 0x40, 0xff, 0x50, 0x4c, 0x48, 0xff,
    0x50, 0x48, 0x48, 0xff, 0x50, 0x4c, 0x48, 0xff, 0x50, 0x4c, 0x48, 0xff,
    0x50, 0x4c, 0x48, 0xff, 0x50, 0x48, 0x48, 0xff, 0x50, 0x4c, 0x48, 0xff,
    0x50, 0x4c, 0x48, 0xff, 0x50, 0x48, 0x48, 0xff, 0x50, 0x4c, 0x48, 0xff,
    0x50, 0x48, 0x48, 0xdf, 0x50, 0x4c, 0x48, 0xff, 0x50, 0x48, 0x48, 0xff,
    0x50, 0x4c, 0x48, 0xff, 0x50, 0x48, 0x48, 0xff, 0x50, 0x4c, 0x48, 0xff,
    0x50, 0x4c, 0x48, 0xff, 0x50, 0x4c, 0x48, 0xff, 0x50, 0x48, 0x48, 0xff,
    0x50, 0x4c, 0x48, 0xff, 0x50, 0x4c, 0x48, 0xff, 0x50, 0x48, 0x48, 0xff,
    0x50, 0x4c, 0x48, 0xff, 0x50, 0x4c, 0x48, 0xff, 0x50, 0x4c, 0x48, 0xff,
    0x50, 0x4c, 0x48, 0xff, 0x50, 0x4c, 0x48, 0xff, 0x50, 0x4c, 0x48, 0xff,
    0x50, 0x4c, 0x48, 0xff, 0x50, 0x4c, 0x48, 0xff, 0x50, 0x4c, 0x48, 0xff,
    0x50, 0x4c, 0x40, 0xff, 0x50, 0x4c, 0x48, 0xff, 0x50, 0x48, 0x48, 0xff,
    0x50, 0x4c, 0x40, 0xff, 0x50, 0x48, 0x48, 0xff, 0x50, 0x4c, 0x48, 0xff,
    0x50, 0x4c, 0x48, 0xff, 0x50, 0x4c, 0x48, 0xff, 0x50, 0x48, 0x48, 0xff,
    0x50, 0x4c, 0x48, 0xff, 0x50, 0x4c, 0x48, 0xff, 0x50, 0x4c, 0x48, 0xff,
    0x50, 0x48, 0x48, 0xff, 0x50, 0x4c, 0x48, 0xff, 0x50, 0x4c, 0x40, 0xff,
    0x50, 0x48, 0x48, 0xff, 0x50, 0x4c, 0x48, 0xff, 0x50, 0x4c, 0x48, 0xff,
    0x50, 0x48, 0x48, 0xff, 0x50, 0x4c, 0x48, 0xff, 0x50, 0x4c, 0x48, 0xff,
    0x50, 0x4c, 0x48, 0xff, 0x50, 0x4c, 0x48, 0xff, 0x50, 0x48, 0x48, 0xff,
    0x50, 0x4c, 0x48, 0xff, 0x50, 0x4c, 0x48, 0xff, 0x50, 0x48, 0x48, 0xff,
    0x50, 0x4c, 0x48, 0xff, 0x50, 0x4c, 0x48, 0xff, 0x50, 0x4c, 0x48, 0xff,
    0x50, 0x4c, 0x48, 0xff, 0x50, 0x4c, 0x48, 0xff, 0x50, 0x4c, 0x48, 0xff,
    0x50, 0x48, 0x40, 0xff, 0x50, 0x4c, 0x48, 0xff, 0x50, 0x4c, 0x48, 0xff,
    0x50, 0x48, 0x48, 0xff, 0x50, 0x4c, 0x40, 0xff, 0x50, 0x48, 0x48, 0xff,
    0x50, 0x4c, 0x48, 0xff, 0x50, 0x48, 0x48, 0xff, 0x50, 0x4c, 0x48, 0xff,
    0x50, 0x4c, 0x48, 0xff, 0x50, 0x4c, 0x48, 0xff, 0x50, 0x4c, 0x40, 0xff,
    0x50, 0x48, 0x48, 0xff, 0x50, 0x4c, 0x48, 0xff, 0x50, 0x4c, 0x48, 0xff,
    0x50, 0x4c, 0x48, 0xff, 0x50, 0x48, 0x48, 0xff, 0x50, 0x4c, 0x40, 0xff,
    0x50, 0x4c, 0x48, 0xff, 0x50, 0x48, 0x48, 0xff, 0x50, 0x4c, 0x40, 0xff,
    0x50, 0x4c, 0x48, 0xff, 0x50, 0x4c, 0x48, 0xff, 0x50, 0x4c, 0x48, 0xff,
    0x50, 0x4c, 0x48, 0xff, 0x50, 0x4c, 0x48, 0xff, 0x50, 0x4c, 0x40, 0xff,
    0x50, 0x4c, 0x48, 0xff, 0x50, 0x4c, 0x48, 0xff, 0x50, 0x4c, 0x48, 0xff,
    0x50, 0x48, 0x48, 0xff, 0x50, 0x4c, 0x48, 0xff, 0x50, 0x48, 0x48, 0xff,
    0x50, 0x4c, 0x48, 0xff, 0x50, 0x48, 0x48, 0xff, 0x50, 0x4c, 0x48, 0xff,
    0x50, 0x4c, 0x48, 0xff, 0x50, 0x48, 0x48, 0xff, 0x50, 0x4c, 0x40, 0xff,
    0x50, 0x4c, 0x48, 0xff, 0x50, 0x4c, 0x48, 0xff, 0x50, 0x4c, 0x48, 0xff,
    0x50, 0x4c, 0x40, 0xff, 0x50, 0x4c, 0x48, 0xff, 0x50, 0x4c, 0x48, 0xff,
    0x50, 0x4c, 0x40, 0xff, 0x50, 0x48, 0x48, 0xff, 0x50, 0x4c, 0x48, 0xff,
    0x50, 0x4c, 0x48, 0xff, 0x50, 0x48, 0x40, 0xff, 0x50, 0x4c, 0x48, 0xff,
    0x50, 0x48, 0x48, 0xff, 0x50, 0x4c, 0x48, 0xff, 0x50, 0x4c, 0x48, 0xff,
    0x50, 0x4c, 0x48, 0xff, 0x50, 0x4c, 0x40, 0xff, 0x50, 0x48, 0x48, 0xff,
    0x50, 0x4c, 0x48, 0xff, 0x50, 0x4c, 0x48, 0xff, 0x50, 0x4c, 0x40, 0xff,
    0x50, 0x4c, 0x48, 0xff, 0x50, 0x48, 0x48, 0xff, 0x50, 0x4c, 0x40, 0xff,
    0x50, 0x4c, 0x48, 0xff, 0x50, 0x4c, 0x48, 0xff, 0x50, 0x48, 0x40, 0xff,
    0x50, 0x4c, 0x48, 0xff, 0x50, 0x48, 0x48, 0xff, 0x50, 0x4c, 0x40, 0xff,
    0x50, 0x48, 0x48, 0xff, 0x50, 0x4c, 0x48, 0xff, 0x50, 0x48, 0x48, 0xff,
    0x50, 0x4c, 0x48, 0xff, 0x50, 0x48, 0x40, 0xff, 0x50, 0x4c, 0x48, 0xff,
    0x50, 0x4c, 0x48, 0xff, 0x50, 0x48, 0x40, 0xff, 0x50, 0x4c, 0x48, 0xff,
    0x50, 0x4c, 0x48, 0xff, 0x50, 0x4c, 0x48, 0xff, 0x50, 0x48, 0x40, 0xff,
    0x50, 0x4c, 0x48, 0xff, 0x50, 0x4c, 0x48, 0xff, 0x50, 0x4c, 0x40, 0xff,
    0x50, 0x4c, 0x48, 0xff, 0x50, 0x4c, 0x48, 0xff, 0x50, 0x48, 0x48, 0xff,
    0x50, 0x4c, 0x48, 0xff, 0x50, 0x4c, 0x40, 0xff, 0x50, 0x4c, 0x48, 0xff,
    0x50, 0x4c, 0x48, 0xff, 0x50, 0x4c, 0x40, 0xff, 0x50, 0x48, 0x48, 0xff,
    0x50, 0x4c, 0x48, 0xff, 0x50, 0x4c, 0x48, 0xff, 0x50, 0x4c, 0x40, 0xff,
    0x50, 0x48, 0x48, 0xff, 0x50, 0x4c, 0x48, 0xff, 0x50, 0x4c, 0x40, 0xff,
    0x50, 0x48, 0x48, 0xff, 0x50, 0x4c, 0x48, 0xff, 0x50, 0x4c, 0x48, 0xff,
    0x50, 0x4c, 0x48, 0xff, 0x50, 0x4c, 0x40, 0xff, 0x50, 0x4c, 0x48, 0xff,
    0x50, 0x4c, 0x48, 0xff, 0x50, 0x4c, 0x40, 0xff, 0x50, 0x4c, 0x48, 0xff,
    0x50, 0x48, 0x48, 0xff, 0x50, 0x4c, 0x48, 0xff, 0x50, 0x4c, 0x40, 0xff,
    0x50, 0x4c, 0x48, 0xff, 0x50, 0x48, 0x48, 0xff, 0x50, 0x4c, 0x40, 0xff,
    0x50, 0x4c, 0x48, 0xff, 0x50, 0x48, 0x48, 0xff, 0x50, 0x4c, 0x48, 0xff,
    0x50, 0x48, 0x48, 0xff, 0x50, 0x48, 0x40, 0xff, 0x50, 0x4c, 0x48, 0xff,
    0x50, 0x48, 0x48, 0xff, 0x50, 0x4c, 0x40, 0xff, 0x50, 0x4c, 0x48, 0xff,
    0x50, 0x4c, 0x48, 0xff, 0x50, 0x48, 0x48, 0xff, 0x50, 0x4c, 0x40, 0xff,
    0x50, 0x4c, 0x48, 0xff, 0x50, 0x48, 0x48, 0xff, 0x50, 0x4c, 0x40, 0xff,
    0x50, 0x4c, 0x48, 0xff, 0x50, 0x4c, 0x48, 0xff, 0x50, 0x48, 0x40, 0xff,
    0x50, 0x4c, 0x48, 0xff, 0x50, 0x4c, 0x48, 0xff, 0x50, 0x4c, 0x48, 0xff,
    0x50, 0x48, 0x48, 0xff, 0x50, 0x4c, 0x48, 0xff, 0x50, 0x4c, 0x48, 0xff,
    0x50, 0x48, 0x48, 0xff, 0x50, 0x4c, 0x40, 0xff, 0x50, 0x4c, 0x48, 0xff,
    0x50, 0x48, 0x48, 0xff, 0x50, 0x4c, 0x48, 0xff, 0x50, 0x4c, 0x48, 0xff,
    0x50, 0x4c, 0x48, 0xff, 0x50, 0x4c, 0x48, 0xff, 0x50, 0x48, 0x48, 0xff,
    0x50, 0x4c, 0x40, 0xff, 0x50, 0x4c, 0x48, 0xff, 0x50, 0x48, 0x48, 0xff,
    0x50, 0x4c, 0x48, 0xff, 0x50, 0x4c, 0x48, 0xff, 0x50, 0x4c, 0x48, 0xff,
    0x50, 0x4c, 0x48, 0xff, 0x50, 0x4c, 0x48, 0xff, 0x50, 0x4c, 0x48, 0xff,
    0x50, 0x4c, 0x48, 0xff, 0x50, 0x48, 0x48, 0xff, 0x50, 0x4c, 0x48, 0xff,
    0x50, 0x4c, 0x48, 0xff, 0x50, 0x48, 0x48, 0xff, 0x50, 0x4c, 0x48, 0xff,
    0x50, 0x4c, 0x48, 0xff, 0x50, 0x4c, 0x48, 0xff, 0x50, 0x4c, 0x48, 0xff,
    0x50, 0x48, 0x40, 0xff, 0x50, 0x4c, 0x48, 0xff, 0x50, 0x4c, 0x48, 0xff,
    0x50, 0x4c, 0x40, 0xff, 0x50, 0x48, 0x48, 0xff, 0x50, 0x4c, 0x48, 0xff,
    0x50, 0x4c, 0x48, 0xff, 0x50, 0x4c, 0x48, 0xff, 0x50, 0x48, 0x48, 0xdf,
    0x50, 0x4c, 0x48, 0xcf, 0x50, 0x4c, 0x48, 0xff, 0x50, 0x4c, 0x40, 0xff,
    0x50, 0x4c, 0x48, 0xff, 0x50, 0x48, 0x48, 0xff, 0x50, 0x4c, 0x40, 0xff,
    0x50, 0x4c, 0x48, 0xff, 0x50, 0x48, 0x48, 0xff, 0x50, 0x4c, 0x48, 0xff,
    0x50, 0x4c, 0x48, 0xff, 0x50, 0x48, 0x48, 0xff, 0x50, 0x4c, 0x48, 0xff,
    0x50, 0x4c, 0x40, 0xff, 0x50, 0x4c, 0x48, 0xff, 0x50, 0x48, 0x48, 0xff,
    0x50, 0x4c, 0x40, 0xff, 0x50, 0x48, 0x48, 0xff, 0x50, 0x4c, 0x48, 0xff,
    0x50, 0x4c, 0x48, 0xff, 0x50, 0x48, 0x48, 0xff, 0x50, 0x4c, 0x48, 0xff,
    0x50, 0x4c, 0x48, 0xff, 0x50, 0x48, 0x48, 0xff, 0x50, 0x4c, 0x48, 0xff,
    0x50, 0x4c, 0x48, 0xff, 0x50, 0x4c, 0x48, 0xff, 0x50, 0x48, 0x40, 0xff,
    0x50, 0x4c, 0x48, 0xff, 0x50, 0x4c, 0x48, 0xff, 0x50, 0x4c, 0x48, 0xff,
    0x50, 0x48, 0x48, 0xff, 0x50, 0x4c, 0x48, 0xff, 0x50, 0x4c, 0x40, 0xff,
    0x50, 0x4c, 0x48, 0xff, 0x50, 0x48, 0x48, 0xff, 0x50, 0x4c, 0x48, 0xff,
    0x50, 0x4c, 0x48, 0xff, 0x50, 0x4c, 0x48, 0xff, 0x50, 0x4c, 0x40, 0xff,
    0x50, 0x48, 0x48, 0xff, 0x50, 0x4c, 0x48, 0xff, 0x50, 0x48, 0x48, 0xff,
    0x50, 0x4c, 0x48, 0xff, 0x50, 0x4c, 0x40, 0xff, 0x50, 0x4c, 0x48, 0xff,
    0x50, 0x48, 0x48, 0xff, 0x50, 0x4c, 0x40, 0xff, 0x50, 0x4c, 0x48, 0xff,
    0x50, 0x4c, 0x48, 0xff, 0x50, 0x48, 0x48, 0xff, 0x50, 0x4c, 0x48, 0xff,
    0x50, 0x48, 0x40, 0xff, 0x50, 0x4c, 0x48, 0xff, 0x50, 0x4c, 0x48, 0xff,
    0x50, 0x4c, 0x48, 0xff, 0x50, 0x4c, 0x48, 0xff, 0x50, 0x4c, 0x48, 0xff,
    0x50, 0x4c, 0x48, 0xff, 0x50, 0x48, 0x48, 0xff, 0x50, 0x4c, 0x48, 0xff,
    0x50, 0x4c, 0x48, 0xff, 0x50, 0x4c, 0x40, 0xff, 0x50, 0x48, 0x48, 0xff,
    0x50, 0x4c, 0x48, 0xff, 0x50, 0x48, 0x48, 0xff, 0x50, 0x4c, 0x48, 0xff,
    0x50, 0x4c, 0x48, 0xff, 0x50, 0x48, 0x40, 0xff, 0x50, 0x4c, 0x48, 0xff,
    0x50, 0x4c, 0x48, 0xff, 0x50, 0x48, 0x48, 0xff, 0x50, 0x4c, 0x48, 0xff,
    0x50, 0x4c, 0x48, 0xff, 0x50, 0x48, 0x48, 0xff, 0x50, 0x4c, 0x48, 0xff,
    0x50, 0x4c, 0x48, 0xff, 0x50, 0x48, 0x48, 0xff, 0x50, 0x4c, 0x48, 0xff,
    0x50, 0x48, 0x48, 0xff, 0x50, 0x4c, 0x48, 0xff, 0x50, 0x48, 0x48, 0xff,
    0x50, 0x4c, 0x48, 0xff, 0x50, 0x4c, 0x48, 0xff, 0x50, 0x48, 0x48, 0xff,
    0x50, 0x4c, 0x48, 0xff, 0x50, 0x4c, 0x48, 0xff, 0x50, 0x4c, 0x48, 0xff,
    0x50, 0x48, 0x40, 0xff, 0x50, 0x4c, 0x48, 0xff, 0x50, 0x4c, 0x48, 0xff,
    0x50, 0x48, 0x48, 0xff, 0x50, 0x4c, 0x48, 0xff, 0x50, 0x4c, 0x48, 0xff,
    0x50, 0x48, 0x48, 0xff, 0x50, 0x48, 0x48, 0xff, 0x50, 0x4c, 0x48, 0xff,
    0x50, 0x48, 0x48, 0xff, 0x50, 0x4c, 0x48, 0xff, 0x50, 0x4c, 0x48, 0xff,
    0x50, 0x4c, 0x48, 0xff, 0x50, 0x4c, 0x48, 0xff, 0x50, 0x4c, 0x48, 0xff,
    0x50, 0x4c, 0x48, 0xff, 0x50, 0x4c, 0x48, 0xff, 0x50, 0x48, 0x48, 0xff,
    0x50, 0x4c, 0x48, 0xff, 0x50, 0x4c, 0x40, 0xff, 0x50, 0x48, 0x48, 0xff,
    0x50, 0x4c, 0x48, 0xff, 0x50, 0x4c, 0x48, 0xff, 0x50, 0x4c, 0x48, 0xff,
    0x50, 0x48, 0x48, 0xff, 0x50, 0x4c, 0x48, 0xff, 0x50, 0x4c, 0x48, 0xff,
    0x50, 0x48, 0x48, 0xff, 0x50, 0x4c, 0x48, 0xff, 0x50, 0x4c, 0x48, 0xff,
    0x50, 0x4c, 0x48, 0xff, 0x50, 0x4c, 0x48, 0xff, 0x50, 0x4c, 0x48, 0xff,
    0x50, 0x4c, 0x48, 0xff, 0x50, 0x4c, 0x48, 0xff, 0x50, 0x48, 0x48, 0xff,
    0x50, 0x4c, 0x48, 0xff, 0x50, 0x4c, 0x48, 0xff, 0x50, 0x4c, 0x48, 0xff,
    0x50, 0x48, 0x48, 0xff, 0x50, 0x4c, 0x48, 0xff, 0x50, 0x4c, 0x48, 0xff,
    0x50, 0x48, 0x48, 0xff, 0x50, 0x4c, 0x48, 0xff, 0x50, 0x4c, 0x48, 0xff,
    0x50, 0x48, 0x48, 0xff, 0x50, 0x4c, 0x48, 0xff, 0x50, 0x4c, 0x48, 0xff,
    0x50, 0x48, 0x48, 0xff, 0x50, 0x4c, 0x48, 0xff, 0x50, 0x48, 0x48, 0xff,
    0x50, 0x4c, 0x48, 0xff, 0x50, 0x4c, 0x48, 0xff, 0x50, 0x4c, 0x48, 0xff,
    0x50, 0x48, 0x48, 0xff, 0x50, 0x4c, 0x48, 0xff, 0x50, 0x48, 0x48, 0xff,
    0x50, 0x4c, 0x48, 0xff, 0x50, 0x4c, 0x48, 0xff, 0x50, 0x4c, 0x48, 0xff,
    0x50, 0x48, 0x48, 0xff, 0x50, 0x4c, 0x48, 0xff, 0x50, 0x4c, 0x48, 0xff,
    0x50, 0x4c, 0x48, 0xff, 0x50, 0x48, 0x48, 0xff, 0x50, 0x4c, 0x48, 0xff,
    0x50, 0x4c, 0x48, 0xff, 0x50, 0x48, 0x48, 0xff, 0x50, 0x4c, 0x48, 0xff,
    0x50, 0x48, 0x48, 0xff, 0x50, 0x4c, 0x48, 0xff, 0x50, 0x48, 0x48, 0xff,
    0x50, 0x48, 0x48, 0xff, 0x50, 0x4c, 0x48, 0xff, 0x50, 0x4c, 0x48, 0xff,
    0x50, 0x4c, 0x48, 0xff, 0x50, 0x48, 0x48, 0xff, 0x50, 0x4c, 0x48, 0xff,
    0x50, 0x4c, 0x48, 0xff, 0x50, 0x4c, 0x48, 0xff, 0x50, 0x4c, 0x48, 0xff,
    0x50, 0x4c, 0x48, 0xff, 0x50, 0x4c, 0x48, 0xff, 0x50, 0x4c, 0x48, 0xff,
    0x50, 0x4c, 0x48, 0xff, 0x50, 0x4c, 0x48, 0xff, 0x50, 0x4c, 0x48, 0xff,
    0x50, 0x4c, 0x48, 0xff, 0x50, 0x48, 0x48, 0xff, 0x50, 0x4c, 0x48, 0xff,
    0x50, 0x4c, 0x48, 0xff, 0x50, 0x4c, 0x48, 0xff, 0x50, 0x48, 0x48, 0xff,
    0x50, 0x4c, 0x48, 0xff, 0x50, 0x4c, 0x48, 0xff, 0x50, 0x4c, 0x48, 0xff,
    0x50, 0x4c, 0x48, 0xff, 0x50, 0x4c, 0x48, 0xff, 0x50, 0x48, 0x48, 0xff,
    0x50, 0x4c, 0x48, 0xff, 0x50, 0x4c, 0x48, 0xff, 0x50, 0x4c, 0x48, 0xff,
    0x50, 0x4c, 0x48, 0xff, 0x50, 0x4c, 0x48, 0xff, 0x50, 0x4c, 0x48, 0xff,
    0x50, 0x4c, 0x48, 0xff, 0x50, 0x4c, 0x48, 0xff, 0x50, 0x4c, 0x48, 0xff,
    0x50, 0x4c, 0x48, 0xff, 0x50, 0x4c, 0x40, 0xff, 0x50, 0x48, 0x48, 0xff,
    0x50, 0x4c, 0x48, 0xff, 0x50, 0x4c, 0x48, 0xff, 0x50, 0x4c, 0x48, 0xff,
    0x50, 0x4c, 0x48, 0xff, 0x50, 0x4c, 0x48, 0xff, 0x50, 0x4c, 0x48, 0xff,
    0x50, 0x4c, 0x48, 0xff, 0x50, 0x48, 0x48, 0xff, 0x50, 0x4c, 0x48, 0xff,
    0x50, 0x4c, 0x40, 0xff, 0x50, 0x48, 0x48, 0xff, 0x50, 0x4c, 0x48, 0xff,
    0x50, 0x4c, 0x48, 0xff, 0x50, 0x4c, 0x48, 0xff, 0x50, 0x4c, 0x40, 0xff,
    0x50, 0x4c, 0x48, 0xff, 0x50, 0x48, 0x48, 0xff, 0x50, 0x4c, 0x40, 0xff,
    0x50, 0x48, 0x48, 0xff, 0x50, 0x4c, 0x48, 0xff, 0x50, 0x4c, 0x48, 0xff,
    0x50, 0x4c, 0x48, 0xff, 0x50, 0x48, 0x48, 0xff, 0x50, 0x4c, 0x48, 0xff,
    0x50, 0x4c, 0x48, 0xff, 0x50, 0x4c, 0x48, 0xff, 0x50, 0x48, 0x40, 0xff,
    0x50, 0x4c, 0x48, 0xff, 0x50, 0x4c, 0x48, 0xff, 0x50, 0x4c, 0x48, 0xbe,
    0x50, 0x4c, 0x48, 0x9e, 0x50, 0x4c, 0x48, 0xff, 0x50, 0x4c, 0x48, 0xff,
    0x50, 0x4c, 0x48, 0xff, 0x50, 0x4c, 0x48, 0xff, 0x50, 0x4c, 0x48, 0xff,
    0x50, 0x48, 0x48, 0xff, 0x50, 0x4c, 0x48, 0xff, 0x50, 0x4c, 0x40, 0xff,
    0x50, 0x4c, 0x48, 0xff, 0x50, 0x4c, 0x48, 0xff, 0x50, 0x4c, 0x48, 0xff,
    0x50, 0x48, 0x48, 0xff, 0x50, 0x4c, 0x48, 0xff, 0x50, 0x4c, 0x48, 0xff,
    0x50, 0x48, 0x48, 0xff, 0x50, 0x4c, 0x48, 0xff, 0x50, 0x4c, 0x40, 0xff,
    0x50, 0x48, 0x48, 0xff, 0x50, 0x4c, 0x48, 0xff, 0x50, 0x4c, 0x40, 0xff,
    0x50, 0x48, 0x48, 0xff, 0x50, 0x4c, 0x48, 0xff, 0x50, 0x4c, 0x48, 0xff,
    0x50, 0x4c, 0x48, 0xff, 0x50, 0x4c, 0x48, 0xff, 0x50, 0x4c, 0x48, 0xff,
    0x50, 0x48, 0x48, 0xff, 0x50, 0x4c, 0x40, 0xff, 0x50, 0x4c, 0x48, 0xff,
    0x50, 0x4c, 0x48, 0xff, 0x50, 0x48, 0x48, 0xff, 0x50, 0x4c, 0x48, 0xff,
    0x50, 0x4c, 0x48, 0xff, 0x50, 0x4c, 0x48, 0xff, 0x50, 0x48, 0x48, 0xff,
    0x50, 0x4c, 0x48, 0xff, 0x50, 0x4c, 0x48, 0xff, 0x50, 0x48, 0x48, 0xff,
    0x50, 0x4c, 0x48, 0xff, 0x50, 0x4c, 0x48, 0xff, 0x50, 0x4c, 0x40, 0xff,
    0x50, 0x48, 0x48, 0xff, 0x50, 0x4c, 0x48, 0xff, 0x50, 0x4c, 0x48, 0xff,
    0x50, 0x4c, 0x48, 0xff, 0x50, 0x48, 0x48, 0xff, 0x50, 0x4c, 0x48, 0xff,
    0x50, 0x4c, 0x48, 0xff, 0x50, 0x4c, 0x40, 0xff, 0x50, 0x48, 0x48, 0xff,
    0x50, 0x4c, 0x48, 0xff, 0x50, 0x4c, 0x48, 0xff, 0x50, 0x48, 0x48, 0xff,
    0x50, 0x4c, 0x48, 0xff, 0x50, 0x48, 0x40, 0xff, 0x50, 0x4c, 0x48, 0xff,
    0x50, 0x4c, 0x48, 0xff, 0x50, 0x4c, 0x48, 0xff, 0x50, 0x4c, 0x48, 0xff,
    0x50, 0x4c, 0x48, 0xff, 0x50, 0x4c, 0x48, 0xff, 0x50, 0x4c, 0x48, 0xff,
    0x50, 0x48, 0x48, 0xff, 0x50, 0x4c, 0x48, 0xff, 0x50, 0x4c, 0x48, 0xff,
    0x50, 0x4c, 0x48, 0xff, 0x50, 0x4c, 0x48, 0xff, 0x50, 0x4c, 0x48, 0xff,
    0x50, 0x4c, 0x48, 0xff, 0x50, 0x4c, 0x40, 0xff, 0x50, 0x4c, 0x48, 0xff,
    0x50, 0x4c, 0x48, 0xff, 0x50, 0x4c, 0x48, 0xff, 0x50, 0x4c, 0x48, 0xff,
    0x50, 0x4c, 0x48, 0xff, 0x50, 0x4c, 0x48, 0xff, 0x50, 0x48, 0x40, 0xff,
    0x50, 0x4c, 0x48, 0xff, 0x50, 0x4c, 0x48, 0xff, 0x50, 0x4c, 0x48, 0xff,
    0x50, 0x48, 0x40, 0xff, 0x50, 0x4c, 0x48, 0xff, 0x50, 0x4c, 0x48, 0xff,
    0x50, 0x4c, 0x40, 0xff, 0x50, 0x4c, 0x48, 0xff, 0x50, 0x4c, 0x48, 0xff,
    0x50, 0x4c, 0x48, 0xff, 0x50, 0x4c, 0x48, 0xff, 0x50, 0x4c, 0x48, 0xff,
    0x50, 0x4c, 0x40, 0xff, 0x50, 0x4c, 0x48, 0xff, 0x50, 0x4c, 0x48, 0xff,
    0x50, 0x4c, 0x48, 0xff, 0x50, 0x4c, 0x40, 0xff, 0x50, 0x4c, 0x48, 0xff,
    0x50, 0x4c, 0x48, 0xff, 0x50, 0x48, 0x48, 0xff, 0x50, 0x48, 0x48, 0xff,
    0x50, 0x4c, 0x48, 0xff, 0x50, 0x4c, 0x48, 0xff, 0x50, 0x48, 0x40, 0xff,
    0x50, 0x4c, 0x48, 0xff, 0x50, 0x4c, 0x48, 0xff, 0x50, 0x4c, 0x48, 0xff,
    0x50, 0x4c, 0x48, 0xff, 0x50, 0x4c, 0x48, 0xff, 0x50, 0x48, 0x48, 0xff,
    0x50, 0x4c, 0x48, 0xff, 0x50, 0x4c, 0x48, 0xff, 0x50, 0x4c, 0x48, 0xff,
    0x50, 0x4c, 0x40, 0xff, 0x50, 0x48, 0x48, 0xff, 0x50, 0x4c, 0x48, 0xff,
    0x50, 0x4c, 0x48, 0xff, 0x50, 0x4c, 0x48, 0xff, 0x50, 0x48, 0x48, 0xff,
    0x50, 0x48, 0x48, 0xff, 0x50, 0x4c, 0x48, 0xff, 0x50, 0x48, 0x48, 0xff,
    0x50, 0x4c, 0x48, 0xff, 0x50, 0x4c, 0x48, 0xff, 0x50, 0x4c, 0x48, 0xff,
    0x50, 0x4c, 0x48, 0xff, 0x50, 0x4c, 0x40, 0xff, 0x50, 0x4c, 0x48, 0xff,
    0x50, 0x4c, 0x48, 0xff, 0x50, 0x4c, 0x48, 0xff, 0x50, 0x4c, 0x48, 0xff,
    0x50, 0x4c, 0x48, 0xff, 0x50, 0x4c, 0x48, 0xff, 0x50, 0x4c, 0x40, 0xff,
    0x50, 0x48, 0x48, 0xff, 0x50, 0x4c, 0x48, 0xff, 0x50, 0x4c, 0x48, 0xff,
    0x50, 0x4c, 0x48, 0xff, 0x50, 0x4c, 0x48, 0xff, 0x50, 0x4c, 0x48, 0xff,
    0x50, 0x48, 0x48, 0xff, 0x50, 0x4c, 0x40, 0xff, 0x50, 0x4c, 0x48, 0xff,
    0x50, 0x4c, 0x48, 0xff, 0x50, 0x4c, 0x48, 0xff, 0x50, 0x4c, 0x48, 0xff,
    0x50, 0x48, 0x48, 0xff, 0x50, 0x4c, 0x48, 0xff, 0x50, 0x4c, 0x40, 0xff,
    0x50, 0x4c, 0x48, 0xff, 0x50, 0x48, 0x48, 0xff, 0x50, 0x4c, 0x48, 0xff,
    0x50, 0x4c, 0x48, 0xff, 0x50, 0x4c, 0x48, 0xff, 0x50, 0x4c, 0x48, 0xff,
    0x50, 0x4c, 0x48, 0xff, 0x50, 0x4c, 0x40, 0xff, 0x50, 0x48, 0x48, 0xff,
    0x50, 0x4c, 0x48, 0xff, 0x50, 0x4c, 0x48, 0xff, 0x50, 0x4c, 0x48, 0xff,
    0x50, 0x4c, 0x48, 0xff, 0x50, 0x4c, 0x48, 0xff, 0x50, 0x48, 0x40, 0xff,
    0x50, 0x4c, 0x48, 0xff, 0x50, 0x4c, 0x48, 0xff, 0x50, 0x48, 0x48, 0xff,
    0x50, 0x4c, 0x48, 0xff, 0x50, 0x4c, 0x48, 0xff, 0x50, 0x48, 0x48, 0xff,
    0x50, 0x48, 0x48, 0xff, 0x50, 0x4c, 0x40, 0xff, 0x50, 0x4c, 0x48, 0xff,
    0x50, 0x48, 0x48, 0xff, 0x50, 0x4c, 0x48, 0xff, 0x50, 0x4c, 0x48, 0xff,
    0x50, 0x4c, 0x48, 0xff, 0x50, 0x48, 0x48, 0xff, 0x50, 0x4c, 0x40, 0xff,
    0x50, 0x4c, 0x48, 0xff, 0x50, 0x48, 0x48, 0xff, 0x50, 0x4c, 0x48, 0xff,
    0x50, 0x4c, 0x48, 0xff, 0x50, 0x48, 0x48, 0xff, 0x50, 0x4c, 0x48, 0xff,
    0x50, 0x48, 0x48, 0xff, 0x50, 0x4c, 0x48, 0xff, 0x50, 0x4c, 0x48, 0xff,
    0x50, 0x48, 0x48, 0xff, 0x50, 0x4c, 0x40, 0xff, 0x50, 0x48, 0x48, 0xff,
    0x50, 0x4c, 0x48, 0xff, 0x50, 0x48, 0x40, 0xff, 0x50, 0x4c, 0x48, 0xff,
    0x50, 0x48, 0x48, 0xff, 0x50, 0x4c, 0x48, 0xff, 0x50, 0x48, 0x48, 0xff,
    0x50, 0x4c, 0x48, 0xff, 0x50, 0x4c, 0x48, 0xff, 0x50, 0x48, 0x48, 0xff,
    0x50, 0x4c, 0x40, 0xff, 0x50, 0x4c, 0x48, 0xff, 0x50, 0x48, 0x48, 0xff,
    0x50, 0x48, 0x48, 0xff, 0x50, 0x4c, 0x48, 0xff, 0x50, 0x4c, 0x40, 0xff,
    0x50, 0x48, 0x48, 0xff, 0x50, 0x4c, 0x48, 0xff, 0x50, 0x4c, 0x48, 0xff,
    0x50, 0x48, 0x48, 0xff, 0x50, 0x4c, 0x48, 0xff, 0x50, 0x4c, 0x48, 0xff,
    0x50, 0x48, 0x40, 0xff, 0x50, 0x4c, 0x48, 0xff, 0x50, 0x4c, 0x48, 0xff,
    0x50, 0x48, 0x48, 0xff, 0x50, 0x4c, 0x48, 0xff, 0x50, 0x4c, 0x48, 0xff,
    0x50, 0x4c, 0x48, 0xff, 0x50, 0x48, 0x48, 0xff, 0x50, 0x4c, 0x48, 0xff,
    0x50, 0x4c, 0x48, 0xff, 0x50, 0x4c, 0x48, 0xff, 0x50, 0x48, 0x48, 0xff,
    0x50, 0x4c, 0x48, 0xff, 0x50, 0x4c, 0x48, 0xff, 0x50, 0x4c, 0x48, 0xff,
    0x50, 0x48, 0x48, 0xff, 0x50, 0x4c, 0x48, 0xff, 0x50, 0x48, 0x40, 0xae,
    0x50, 0x4c, 0x48, 0x6d, 0x50, 0x48, 0x48, 0xff, 0x50, 0x48, 0x48, 0xff,
    0x50, 0x4c, 0x48, 0xff, 0x50, 0x4c, 0x48, 0xff, 0x50, 0x48, 0x48, 0xff,
    0x50, 0x4c, 0x48, 0xff, 0x50, 0x4c, 0x48, 0xff, 0x50, 0x48, 0x48, 0xff,
    0x50, 0x4c, 0x48, 0xff, 0x50, 0x4c, 0x48, 0xff, 0x50, 0x48, 0x40, 0xff,
    0x50, 0x4c, 0x48, 0xff, 0x50, 0x4c, 0x48, 0xff, 0x50, 0x4c, 0x48, 0xff,
    0x50, 0x4c, 0x48, 0xff, 0x50, 0x4c, 0x48, 0xff, 0x50, 0x4c, 0x48, 0xff,
    0x50, 0x48, 0x48, 0xff, 0x50, 0x4c, 0x48, 0xff, 0x50, 0x4c, 0x48, 0xff,
    0x50, 0x4c, 0x48, 0xff, 0x50, 0x4c, 0x48, 0xff, 0x50, 0x48, 0x40, 0xff,
    0x50, 0x48, 0x48, 0xff, 0x50, 0x4c, 0x48, 0xff, 0x50, 0x4c, 0x48, 0xff,
    0x50, 0x4c, 0x48, 0xff, 0x50, 0x48, 0x48, 0xff, 0x50, 0x4c, 0x48, 0xff,
    0x50, 0x4c, 0x48, 0xff, 0x50, 0x4c, 0x40, 0xff, 0x50, 0x48, 0x48, 0xff,
    0x50, 0x4c, 0x48, 0xff, 0x50, 0x4c, 0x40, 0xff, 0x50, 0x4c, 0x48, 0xff,
    0x50, 0x48, 0x48, 0xff, 0x50, 0x4c, 0x40, 0xff, 0x50, 0x4c, 0x48, 0xff,
    0x50, 0x4c, 0x48, 0xff, 0x50, 0x4c, 0x48, 0xff, 0x50, 0x4c, 0x48, 0xff,
    0x50, 0x48, 0x48, 0xff, 0x50, 0x4c, 0x48, 0xff, 0x50, 0x4c, 0x48, 0xff,
    0x50, 0x4c, 0x48, 0xff, 0x50, 0x4c, 0x48, 0xff, 0x50, 0x48, 0x48, 0xff,
    0x50, 0x4c, 0x48, 0xff, 0x50, 0x4c, 0x48, 0xff, 0x50, 0x4c, 0x48, 0xff,
    0x50, 0x4c, 0x48, 0xff, 0x50, 0x4c, 0x48, 0xff, 0x50, 0x4c, 0x48, 0xff,
    0x50, 0x48, 0x48, 0xff, 0x50, 0x4c, 0x48, 0xff, 0x50, 0x4c, 0x48, 0xff,
    0x50, 0x48, 0x40, 0xff, 0x50, 0x4c, 0x48, 0xff, 0x50, 0x48, 0x48, 0xff,
    0x50, 0x48, 0x40, 0xff, 0x50, 0x4c, 0x48, 0xff, 0x50, 0x4c, 0x48, 0xff,
    0x50, 0x4c, 0x40, 0xff, 0x50, 0x4c, 0x48, 0xff, 0x50, 0x48, 0x48, 0xff,
    0x50, 0x4c, 0x48, 0xff, 0x50, 0x4c, 0x48, 0xff, 0x50, 0x48, 0x48, 0xff,
    0x50, 0x4c, 0x48, 0xff, 0x50, 0x48, 0x48, 0xff, 0x50, 0x4c, 0x48, 0xff,
    0x50, 0x48, 0x48, 0xff, 0x50, 0x4c, 0x40, 0xff, 0x50, 0x48, 0x48, 0xff,
    0x50, 0x4c, 0x48, 0xff, 0x50, 0x4c, 0x48, 0xff, 0x50, 0x4c, 0x48, 0xff,
    0x50, 0x4c, 0x48, 0xff, 0x50, 0x4c, 0x48, 0xff, 0x50, 0x4c, 0x48, 0xff,
    0x50, 0x4c, 0x48, 0xff, 0x50, 0x48, 0x48, 0xff, 0x50, 0x4c, 0x48, 0xff,
    0x50, 0x48, 0x48, 0xff, 0x50, 0x48, 0x48, 0xff, 0x50, 0x4c, 0x48, 0xff,
    0x50, 0x4c, 0x48, 0xff, 0x50, 0x48, 0x48, 0xff, 0x50, 0x4c, 0x48, 0xff,
    0x50, 0x48, 0x48, 0xff, 0x50, 0x4c, 0x48, 0xff, 0x50, 0x4c, 0x48, 0xff,
    0x50, 0x48, 0x48, 0xff, 0x50, 0x4c, 0x48, 0xff, 0x50, 0x4c, 0x48, 0xff,
    0x50, 0x4c, 0x48, 0xff, 0x50, 0x4c, 0x40, 0xff, 0x50, 0x4c, 0x48, 0xff,
    0x50, 0x4c, 0x48, 0xff, 0x50, 0x48, 0x48, 0xff, 0x50, 0x4c, 0x48, 0xff,
    0x50, 0x4c, 0x48, 0xff, 0x50, 0x48, 0x48, 0xff, 0x50, 0x4c, 0x40, 0xff,
    0x50, 0x4c, 0x48, 0xff, 0x50, 0x48, 0x48, 0xff, 0x50, 0x4c, 0x48, 0xff,
    0x50, 0x4c, 0x40, 0xff, 0x50, 0x48, 0x48, 0xff, 0x50, 0x4c, 0x48, 0xff,
    0x50, 0x4c, 0x48, 0xff, 0x50, 0x4c, 0x48, 0xff, 0x50, 0x48, 0x48, 0xff,
    0x50, 0x4c, 0x40, 0xff, 0x50, 0x4c, 0x48, 0xff, 0x50, 0x4c, 0x48, 0xff,
    0x50, 0x4c, 0x40, 0xff, 0x50, 0x4c, 0x48, 0xff, 0x50, 0x4c, 0x48, 0xff,
    0x50, 0x48, 0x40, 0xff, 0x50, 0x4c, 0x48, 0xff, 0x50, 0x4c, 0x48, 0xff,
    0x50, 0x48, 0x48, 0xff, 0x50, 0x48, 0x48, 0xff, 0x50, 0x4c, 0x48, 0xff,
    0x50, 0x4c, 0x40, 0xff, 0x50, 0x48, 0x48, 0xff, 0x50, 0x48, 0x48, 0xff,
    0x50, 0x4c, 0x40, 0xff, 0x50, 0x4c, 0x48, 0xff, 0x50, 0x48, 0x48, 0xff,
    0x50, 0x4c, 0x48, 0xff, 0x50, 0x4c, 0x48, 0xff, 0x50, 0x4c, 0x40, 0xff,
    0x50, 0x48, 0x48, 0xff, 0x50, 0x4c, 0x48, 0xff, 0x50, 0x4c, 0x40, 0xff,
    0x50, 0x4c, 0x48, 0xff, 0x50, 0x48, 0x48, 0xff, 0x50, 0x4c, 0x48, 0xff,
    0x50, 0x4c, 0x40, 0xff, 0x50, 0x48, 0x48, 0xff, 0x50, 0x4c, 0x48, 0xff,
    0x50, 0x4c, 0x40, 0xff, 0x50, 0x48, 0x48, 0xff, 0x50, 0x4c, 0x48, 0xff,
    0x50, 0x4c, 0x48, 0xff, 0x50, 0x4c, 0x48, 0xff, 0x50, 0x48, 0x40, 0xff,
    0x50, 0x4c, 0x48, 0xff, 0x50, 0x48, 0x48, 0xff, 0x50, 0x4c, 0x40, 0xff,
    0x50, 0x4c, 0x48, 0xff, 0x50, 0x48, 0x48, 0xff, 0x50, 0x4c, 0x48, 0xff,
    0x50, 0x4c, 0x40, 0xff, 0x50, 0x4c, 0x48, 0xff, 0x50, 0x4c, 0x48, 0xff,
    0x50, 0x4c, 0x40, 0xff, 0x50, 0x48, 0x48, 0xff, 0x50, 0x4c, 0x48, 0xff,
    0x50, 0x4c, 0x48, 0xff, 0x50, 0x4c, 0x48, 0xff, 0x50, 0x4c, 0x40, 0xff,
    0x50, 0x48, 0x48, 0xff, 0x50, 0x4c, 0x48, 0xff, 0x50, 0x4c, 0x40, 0xff,
    0x50, 0x4c, 0x48, 0xff, 0x50, 0x4c, 0x48, 0xff, 0x50, 0x48, 0x48, 0xff,
    0x50, 0x4c, 0x40, 0xff, 0x50, 0x4c, 0x48, 0xff, 0x50, 0x48, 0x48, 0xff,
    0x50, 0x4c, 0x40, 0xff, 0x50, 0x4c, 0x48, 0xff, 0x50, 0x4c, 0x48, 0xff,
    0x50, 0x4c, 0x48, 0xff, 0x50, 0x4c, 0x48, 0xff, 0x50, 0x4c, 0x40, 0xff,
    0x50, 0x4c, 0x48, 0xff, 0x50, 0x4c, 0x48, 0xff, 0x50, 0x48, 0x40, 0xff,
    0x50, 0x4c, 0x48, 0xff, 0x50, 0x4c, 0x48, 0xff, 0x50, 0x4c, 0x40, 0xff,
    0x50, 0x4c, 0x48, 0xff, 0x50, 0x4c, 0x48, 0xff, 0x50, 0x4c, 0x48, 0xff,
    0x50, 0x48, 0x48, 0xff, 0x50, 0x4c, 0x48, 0xff, 0x50, 0x4c, 0x48, 0xff,
    0x50, 0x4c, 0x40, 0xff, 0x50, 0x4c, 0x48, 0xff, 0x50, 0x48, 0x48, 0xff,
    0x50, 0x4c, 0x40, 0xff, 0x50, 0x4c, 0x48, 0xff, 0x50, 0x4c, 0x48, 0xff,
    0x50, 0x4c, 0x48, 0xff, 0x50, 0x4c, 0x48, 0xff, 0x50, 0x4c, 0x48, 0xff,
    0x50, 0x4c, 0x40, 0xff, 0x50, 0x4c, 0x48, 0xff, 0x50, 0x48, 0x48, 0xff,
    0x50, 0x4c, 0x48, 0xff, 0x50, 0x4c, 0x48, 0xff, 0x50, 0x4c, 0x40, 0xff,
    0x50, 0x4c, 0x48, 0xff, 0x50, 0x4c, 0x48, 0xff, 0x50, 0x4c, 0x48, 0xff,
    0x50, 0x48, 0x48, 0xff, 0x50, 0x4c, 0x48, 0xff, 0x50, 0x4c, 0x48, 0xff,
    0x50, 0x4c, 0x48, 0xff, 0x50, 0x4c, 0x48, 0xff, 0x50, 0x4c, 0x48, 0xff,
    0x50, 0x4c, 0x48, 0xff, 0x50, 0x48, 0x40, 0xff, 0x50, 0x4c, 0x48, 0xff,
    0x50, 0x4c, 0x48, 0xff, 0x50, 0x4c, 0x40, 0xff, 0x50, 0x4c, 0x48, 0xff,
    0x50, 0x48, 0x48, 0xff, 0x50, 0x4c, 0x40, 0xff, 0x50, 0x4c, 0x48, 0xff,
    0x50, 0x4c, 0x48, 0xff, 0x50, 0x4c, 0x48, 0xff, 0x50, 0x48, 0x48, 0x82,
    0x50, 0x4c, 0x48, 0x51, 0x50, 0x4c, 0x48, 0xff, 0x50, 0x4c, 0x40, 0xff,
    0x50, 0x4c, 0x48, 0xff, 0x50, 0x48, 0x48, 0xff, 0x50, 0x4c, 0x40, 0xff,
    0x50, 0x4c, 0x48, 0xff, 0x50, 0x4c, 0x48, 0xff, 0x50, 0x4c, 0x48, 0xff,
    0x50, 0x48, 0x48, 0xff, 0x50, 0x4c, 0x48, 0xff, 0x50, 0x4c, 0x48, 0xff,
    0x50, 0x4c, 0x48, 0xff, 0x50, 0x48, 0x48, 0xff, 0x50, 0x4c, 0x40, 0xff,
    0x50, 0x4c, 0x48, 0xff, 0x50, 0x48, 0x48, 0xff, 0x50, 0x4c, 0x48, 0xff,
    0x50, 0x4c, 0x48, 0xff, 0x50, 0x4c, 0x48, 0xff, 0x50, 0x48, 0x48, 0xff,
    0x50, 0x4c, 0x48, 0xff, 0x50, 0x4c, 0x48, 0xff, 0x50, 0x4c, 0x48, 0xff,
    0x50, 0x4c, 0x48, 0xff, 0x50, 0x48, 0x48, 0xff, 0x50, 0x4c, 0x40, 0xff,
    0x50, 0x4c, 0x48, 0xff, 0x50, 0x4c, 0x48, 0xff, 0x50, 0x48, 0x48, 0xff,
    0x50, 0x4c, 0x48, 0xff, 0x50, 0x4c, 0x48, 0xff, 0x50, 0x4c, 0x48, 0xff,
    0x50, 0x48, 0x48, 0xff, 0x50, 0x4c, 0x48, 0xff, 0x50, 0x4c, 0x48, 0xff,
    0x50, 0x4c, 0x48, 0xff, 0x50, 0x4c, 0x48, 0xff, 0x50, 0x48, 0x48, 0xff,
    0x50, 0x4c, 0x48, 0xff, 0x50, 0x4c, 0x48, 0xff, 0x50, 0x48, 0x48, 0xff,
    0x50, 0x4c, 0x48, 0xff, 0x50, 0x4c, 0x40, 0xff, 0x50, 0x48, 0x48, 0xff,
    0x50, 0x4c, 0x48, 0xff, 0x50, 0x4c, 0x40, 0xff, 0x50, 0x4c, 0x48, 0xff,
    0x50, 0x48, 0x48, 0xff, 0x50, 0x4c, 0x48, 0xff, 0x50, 0x4c, 0x48, 0xff,
    0x50, 0x48, 0x40, 0xff, 0x50, 0x4c, 0x48, 0xff, 0x50, 0x4c, 0x48, 0xff,
    0x50, 0x4c, 0x40, 0xff, 0x50, 0x4c, 0x48, 0xff, 0x50, 0x4c, 0x48, 0xff,
    0x50, 0x4c, 0x48, 0xff, 0x50, 0x4c, 0x48, 0xff, 0x50, 0x4c, 0x48, 0xff,
    0x50, 0x4c, 0x48, 0xff, 0x50, 0x48, 0x48, 0xff, 0x50, 0x4c, 0x48, 0xff,
    0x50, 0x4c, 0x48, 0xff, 0x50, 0x48, 0x48, 0xff, 0x50, 0x4c, 0x40, 0xff,
    0x50, 0x4c, 0x48, 0xff, 0x50, 0x48, 0x48, 0xff, 0x50, 0x4c, 0x40, 0xff,
    0x50, 0x4c, 0x48, 0xff, 0x50, 0x4c, 0x48, 0xff, 0x50, 0x48, 0x48, 0xff,
    0x50, 0x4c, 0x48, 0xff, 0x50, 0x4c, 0x48, 0xff, 0x50, 0x4c, 0x48, 0xff,
    0x50, 0x48, 0x48, 0xff, 0x50, 0x4c, 0x40, 0xff, 0x50, 0x4c, 0x48, 0xff,
    0x50, 0x48, 0x48, 0xff, 0x50, 0x48, 0x40, 0xff, 0x50, 0x4c, 0x48, 0xff,
    0x50, 0x4c, 0x48, 0xff, 0x50, 0x4c, 0x48, 0xff, 0x50, 0x4c, 0x48, 0xff,
    0x50, 0x4c, 0x48, 0xff, 0x50, 0x4c, 0x40, 0xff, 0x50, 0x4c, 0x48, 0xff,
    0x50, 0x48, 0x48, 0xff, 0x50, 0x4c, 0x40, 0xff, 0x50, 0x4c, 0x48, 0xff,
    0x50, 0x48, 0x48, 0xff, 0x50, 0x4c, 0x48, 0xff, 0x50, 0x4c, 0x40, 0xff,
    0x50, 0x48, 0x48, 0xff, 0x50, 0x4c, 0x48, 0xff, 0x50, 0x48, 0x48, 0xff,
    0x50, 0x4c, 0x48, 0xff, 0x50, 0x4c, 0x48, 0xff, 0x50, 0x4c, 0x48, 0xff,
    0x50, 0x48, 0x48, 0xff, 0x50, 0x4c, 0x40, 0xff, 0x50, 0x4c, 0x48, 0xff,
    0x50, 0x4c, 0x48, 0xff, 0x50, 0x48, 0x48, 0xff, 0x50, 0x4c, 0x48, 0xff,
    0x50, 0x4c, 0x48, 0xff, 0x50, 0x4c, 0x48, 0xff, 0x50, 0x4c, 0x48, 0xff,
    0x50, 0x4c, 0x48, 0xff, 0x50, 0x48, 0x48, 0xff, 0x50, 0x4c, 0x48, 0xff,
    0x50, 0x4c, 0x48, 0xff, 0x50, 0x48, 0x48, 0xff, 0x50, 0x4c, 0x48, 0xff,
    0x50, 0x4c, 0x48, 0xff, 0x50, 0x48, 0x48, 0xff, 0x50, 0x4c, 0x48, 0xff,
    0x50, 0x4c, 0x48, 0xff, 0x50, 0x4c, 0x48, 0xff, 0x50, 0x4c, 0x48, 0xff,
    0x50, 0x48, 0x48, 0xff, 0x50, 0x4c, 0x48, 0xff, 0x50, 0x4c, 0x40, 0xff,
    0x50, 0x4c, 0x48, 0xff, 0x50, 0x4c, 0x48, 0xff, 0x50, 0x48, 0x48, 0xff,
    0x50, 0x4c, 0x48, 0xff, 0x50, 0x4c, 0x48, 0xff, 0x50, 0x4c, 0x48, 0xff,
    0x50, 0x4c, 0x48, 0xff, 0x50, 0x48, 0x48, 0xff, 0x50, 0x4c, 0x48, 0xff,
    0x50, 0x4c, 0x48, 0xff, 0x50, 0x4c, 0x48, 0xff, 0x50, 0x48, 0x48, 0xff,
    0x50, 0x4c, 0x48, 0xff, 0x50, 0x4c, 0x48, 0xff, 0x50, 0x48, 0x48, 0xff,
    0x50, 0x4c, 0x48, 0xff, 0x50, 0x4c, 0x48, 0xff, 0x50, 0x48, 0x48, 0xff,
    0x50, 0x4c, 0x48, 0xff, 0x50, 0x4c, 0x48, 0xff, 0x50, 0x4c, 0x48, 0xff,
    0x50, 0x4c, 0x48, 0xff, 0x50, 0x4c, 0x48, 0xff, 0x50, 0x48, 0x48, 0xff,
    0x50, 0x4c, 0x48, 0xff, 0x50, 0x4c, 0x48, 0xff, 0x50, 0x4c, 0x48, 0xff,
    0x50, 0x4c, 0x48, 0xff, 0x50, 0x48, 0x48, 0xff, 0x50, 0x4c, 0x48, 0xff,
    0x50, 0x4c, 0x48, 0xff, 0x50, 0x4c, 0x48, 0xff, 0x50, 0x4c, 0x48, 0xff,
    0x50, 0x48, 0x48, 0xff, 0x50, 0x48, 0x48, 0xff, 0x50, 0x4c, 0x48, 0xff,
    0x50, 0x4c, 0x48, 0xff, 0x50, 0x4c, 0x48, 0xff, 0x50, 0x4c, 0x48, 0xff,
    0x50, 0x48, 0x48, 0xff, 0x50, 0x4c, 0x48, 0xff, 0x50, 0x4c, 0x48, 0xff,
    0x50, 0x4c, 0x48, 0xff, 0x50, 0x4c, 0x48, 0xff, 0x50, 0x4c, 0x48, 0xff,
    0x50, 0x4c, 0x48, 0xff, 0x50, 0x48, 0x48, 0xff, 0x50, 0x4c, 0x48, 0xff,
    0x50, 0x4c, 0x48, 0xff, 0x50, 0x4c, 0x48, 0xff, 0x50, 0x48, 0x48, 0xff,
    0x50, 0x4c, 0x48, 0xff, 0x50, 0x4c, 0x48, 0xff, 0x50, 0x48, 0x48, 0xff,
    0x50, 0x4c, 0x48, 0xff, 0x50, 0x48, 0x48, 0xff, 0x50, 0x4c, 0x48, 0xff,
    0x50, 0x4c, 0x48, 0xff, 0x50, 0x4c, 0x48, 0xff, 0x50, 0x4c, 0x48, 0xff,
    0x50, 0x4c, 0x48, 0xff, 0x50, 0x48, 0x48, 0xff, 0x50, 0x4c, 0x48, 0xff,
    0x50, 0x4c, 0x48, 0xff, 0x50, 0x48, 0x48, 0xff, 0x50, 0x4c, 0x48, 0xff,
    0x50, 0x4c, 0x48, 0xff, 0x50, 0x4c, 0x48, 0xff, 0x50, 0x4c, 0x48, 0xff,
    0x50, 0x48, 0x48, 0xff, 0x50, 0x4c, 0x48, 0xff, 0x50, 0x4c, 0x48, 0xff,
    0x50, 0x4c, 0x48, 0xff, 0x50, 0x48, 0x48, 0xff, 0x50, 0x4c, 0x48, 0xff,
    0x50, 0x48, 0x48, 0xff, 0x50, 0x48, 0x48, 0xff, 0x50, 0x4c, 0x48, 0xff,
    0x50, 0x4c, 0x48, 0xff, 0x50, 0x4c, 0x48, 0xff, 0x50, 0x4c, 0x48, 0xff,
    0x50, 0x4c, 0x48, 0xff, 0x50, 0x48, 0x48, 0xff, 0x50, 0x4c, 0x48, 0xff,
    0x50, 0x4c, 0x48, 0xff, 0x50, 0x48, 0x48, 0xff, 0x50, 0x4c, 0x48, 0xff,
    0x50, 0x4c, 0x48, 0xff, 0x50, 0x48, 0x48, 0xff, 0x50, 0x4c, 0x48, 0xff,
    0x50, 0x4c, 0x40, 0xff, 0x50, 0x48, 0x48, 0xff, 0x50, 0x4c, 0x48, 0xff,
    0x50, 0x4c, 0x48, 0xff, 0x50, 0x4c, 0x48, 0xff, 0x50, 0x48, 0x48, 0xff,
    0x50, 0x4c, 0x48, 0xff, 0x50, 0x4c, 0x48, 0xff, 0x50, 0x48, 0x48, 0xff,
    0x50, 0x4c, 0x48, 0xff, 0x50, 0x4c, 0x48, 0xff, 0x50, 0x48, 0x48, 0xff,
    0x50, 0x4c, 0x48, 0xff, 0x50, 0x4c, 0x48, 0xff, 0x50, 0x48, 0x40, 0x41,
    0x50, 0x50, 0x50, 0x10, 0x50, 0x4c, 0x48, 0xff, 0x50, 0x4c, 0x48, 0xff,
    0x50, 0x4c, 0x48, 0xff, 0x50, 0x4c, 0x48, 0xff, 0x50, 0x4c, 0x48, 0xff,
    0x50, 0x48, 0x48, 0xff, 0x50, 0x4c, 0x40, 0xff, 0x50, 0x4c, 0x48, 0xff,
    0x50, 0x4c, 0x48, 0xff, 0x50, 0x48, 0x40, 0xff, 0x50, 0x4c, 0x48, 0xff,
    0x50, 0x4c, 0x48, 0xff, 0x50, 0x48, 0x48, 0xff, 0x50, 0x4c, 0x48, 0xff,
    0x50, 0x4c, 0x48, 0xff, 0x50, 0x48, 0x48, 0xff, 0x50, 0x4c, 0x40, 0xff,
    0x50, 0x4c, 0x48, 0xff, 0x50, 0x4c, 0x48, 0xff, 0x50, 0x48, 0x40, 0xff,
    0x50, 0x4c, 0x48, 0xff, 0x50, 0x4c, 0x48, 0xff, 0x50, 0x4c, 0x48, 0xff,
    0x50, 0x4c, 0x48, 0xff, 0x50, 0x4c, 0x48, 0xff, 0x50, 0x48, 0x48, 0xff,
    0x50, 0x4c, 0x48, 0xff, 0x50, 0x4c, 0x48, 0xff, 0x50, 0x4c, 0x40, 0xff,
    0x50, 0x48, 0x48, 0xff, 0x50, 0x4c, 0x48, 0xff, 0x50, 0x4c, 0x48, 0xff,
    0x50, 0x4c, 0x48, 0xff, 0x50, 0x48, 0x48, 0xff, 0x50, 0x4c, 0x48, 0xff,
    0x50, 0x4c, 0x48, 0xff, 0x50, 0x48, 0x48, 0xff, 0x50, 0x4c, 0x48, 0xff,
    0x50, 0x4c, 0x40, 0xff, 0x50, 0x48, 0x48, 0xff, 0x50, 0x4c, 0x48, 0xff,
    0x50, 0x4c, 0x48, 0xff, 0x50, 0x4c, 0x48, 0xff, 0x50, 0x48, 0x48, 0xff,
    0x50, 0x4c, 0x48, 0xff, 0x50, 0x4c, 0x48, 0xff, 0x50, 0x48, 0x48, 0xff,
    0x50, 0x4c, 0x40, 0xff, 0x50, 0x4c, 0x48, 0xff, 0x50, 0x48, 0x48, 0xff,
    0x50, 0x4c, 0x48, 0xff, 0x50, 0x4c, 0x48, 0xff, 0x50, 0x48, 0x48, 0xff,
    0x50, 0x4c, 0x48, 0xff, 0x50, 0x48, 0x48, 0xff, 0x50, 0x48, 0x48, 0xff,
    0x50, 0x4c, 0x48, 0xff, 0x50, 0x4c, 0x48, 0xff, 0x50, 0x4c, 0x48, 0xff,
    0x50, 0x4c, 0x48, 0xff, 0x50, 0x4c, 0x48, 0xff, 0x50, 0x48, 0x48, 0xff,
    0x50, 0x4c, 0x48, 0xff, 0x50, 0x4c, 0x48, 0xff, 0x50, 0x4c, 0x48, 0xff,
    0x50, 0x4c, 0x48, 0xff, 0x50, 0x4c, 0x48, 0xff, 0x50, 0x48, 0x48, 0xff,
    0x50, 0x4c, 0x48, 0xff, 0x50, 0x4c, 0x48, 0xff, 0x50, 0x4c, 0x40, 0xff,
    0x50, 0x4c, 0x48, 0xff, 0x50, 0x4c, 0x48, 0xff, 0x50, 0x4c, 0x48, 0xff,
    0x50, 0x48, 0x48, 0xff, 0x50, 0x4c, 0x48, 0xff, 0x50, 0x4c, 0x48, 0xff,
    0x50, 0x4c, 0x48, 0xff, 0x50, 0x4c, 0x48, 0xff, 0x50, 0x48, 0x48, 0xff,
    0x50, 0x4c, 0x48, 0xff, 0x50, 0x4c, 0x40, 0xff, 0x50, 0x48, 0x48, 0xff,
    0x50, 0x4c, 0x48, 0xff, 0x50, 0x4c, 0x48, 0xff, 0x50, 0x4c, 0x48, 0xff,
    0x50, 0x4c, 0x48, 0xff, 0x50, 0x4c, 0x48, 0xff, 0x50, 0x4c, 0x48, 0xff,
    0x50, 0x4c, 0x48, 0xff, 0x50, 0x4c, 0x48, 0xff, 0x50, 0x4c, 0x48, 0xff,
    0x50, 0x4c, 0x48, 0xff, 0x50, 0x4c, 0x48, 0xff, 0x50, 0x4c, 0x40, 0xff,
    0x50, 0x48, 0x48, 0xff, 0x50, 0x4c, 0x48, 0xff, 0x50, 0x4c, 0x48, 0xff,
    0x50, 0x48, 0x48, 0xff, 0x50, 0x4c, 0x48, 0xff, 0x50, 0x4c, 0x48, 0xff,
    0x50, 0x48, 0x48, 0xff, 0x50, 0x4c, 0x48, 0xff, 0x50, 0x4c, 0x48, 0xff,
    0x50, 0x48, 0x40, 0xff, 0x50, 0x4c, 0x48, 0xff, 0x50, 0x4c, 0x48, 0xff,
    0x50, 0x48, 0x48, 0xff, 0x50, 0x4c, 0x48, 0xff, 0x50, 0x4c, 0x40, 0xff,
    0x50, 0x4c, 0x48, 0xff, 0x50, 0x4c, 0x48, 0xff, 0x50, 0x4c, 0x40, 0xff,
    0x50, 0x4c, 0x48, 0xff, 0x50, 0x48, 0x48, 0xff, 0x50, 0x4c, 0x48, 0xff,
    0x50, 0x48, 0x48, 0xff, 0x50, 0x4c, 0x40, 0xff, 0x50, 0x4c, 0x48, 0xff,
    0x50, 0x4c, 0x48, 0xff, 0x50, 0x48, 0x48, 0xff, 0x50, 0x4c, 0x48, 0xff,
    0x50, 0x4c, 0x48, 0xff, 0x50, 0x4c, 0x48, 0xff, 0x50, 0x4c, 0x48, 0xff,
    0x50, 0x4c, 0x48, 0xff, 0x50, 0x4c, 0x48, 0xff, 0x50, 0x4c, 0x48, 0xff,
    0x50, 0x48, 0x48, 0xff, 0x50, 0x4c, 0x48, 0xff, 0x50, 0x4c, 0x40, 0xff,
    0x50, 0x4c, 0x48, 0xff, 0x50, 0x48, 0x48, 0xff, 0x50, 0x4c, 0x48, 0xff,
    0x50, 0x4c, 0x48, 0xff, 0x50, 0x4c, 0x48, 0xff, 0x50, 0x4c, 0x48, 0xff,
    0x50, 0x4c, 0x48, 0xff, 0x50, 0x4c, 0x48, 0xff, 0x50, 0x4c, 0x48, 0xff,
    0x50, 0x48, 0x48, 0xff, 0x50, 0x4c, 0x48, 0xff, 0x50, 0x48, 0x48, 0xff,
    0x50, 0x4c, 0x48, 0xff, 0x50, 0x4c, 0x48, 0xff, 0x50, 0x4c, 0x40, 0xff,
    0x50, 0x48, 0x48, 0xff, 0x50, 0x4c, 0x48, 0xff, 0x50, 0x4c, 0x48, 0xff,
    0x50, 0x4c, 0x48, 0xff, 0x50, 0x4c, 0x48, 0xff, 0x50, 0x48, 0x48, 0xff,
    0x50, 0x4c, 0x48, 0xff, 0x50, 0x4c, 0x48, 0xff, 0x50, 0x4c, 0x48, 0xff,
    0x50, 0x4c, 0x48, 0xff, 0x50, 0x4c, 0x48, 0xff, 0x50, 0x48, 0x48, 0xff,
    0x50, 0x4c, 0x48, 0xff, 0x50, 0x4c, 0x48, 0xff, 0x50, 0x48, 0x40, 0xff,
    0x50, 0x4c, 0x48, 0xff, 0x50, 0x4c, 0x48, 0xff, 0x50, 0x48, 0x48, 0xff,
    0x50, 0x4c, 0x48, 0xff, 0x50, 0x48, 0x48, 0xff, 0x50, 0x4c, 0x48, 0xff,
    0x50, 0x4c, 0x48, 0xff, 0x50, 0x48, 0x48, 0xff, 0x50, 0x4c, 0x48, 0xff,
    0x50, 0x4c, 0x48, 0xff, 0x50, 0x4c, 0x48, 0xff, 0x50, 0x4c, 0x48, 0xff,
    0x50, 0x4c, 0x48, 0xff, 0x50, 0x48, 0x48, 0xff, 0x50, 0x4c, 0x40, 0xff,
    0x50, 0x4c, 0x48, 0xff, 0x50, 0x48, 0x48, 0xff, 0x50, 0x4c, 0x48, 0xff,
    0x50, 0x48, 0x40, 0xff, 0x50, 0x48, 0x48, 0xff, 0x50, 0x4c, 0x48, 0xff,
    0x50, 0x4c, 0x48, 0xff, 0x50, 0x48, 0x48, 0xff, 0x50, 0x4c, 0x48, 0xff,
    0x50, 0x4c, 0x48, 0xff, 0x50, 0x48, 0x40, 0xff, 0x50, 0x4c, 0x48, 0xff,
    0x50, 0x4c, 0x48, 0xff, 0x50, 0x48, 0x40, 0xff, 0x50, 0x4c, 0x48, 0xff,
    0x50, 0x4c, 0x48, 0xff, 0x50, 0x48, 0x48, 0xff, 0x50, 0x4c, 0x48, 0xff,
    0x50, 0x4c, 0x48, 0xff, 0x50, 0x4c, 0x48, 0xff, 0x50, 0x4c, 0x48, 0xff,
    0x50, 0x4c, 0x40, 0xff, 0x50, 0x4c, 0x48, 0xff, 0x50, 0x48, 0x48, 0xff,
    0x50, 0x4c, 0x48, 0xff, 0x50, 0x48, 0x48, 0xff, 0x50, 0x4c, 0x40, 0xff,
    0x50, 0x4c, 0x48, 0xff, 0x50, 0x48, 0x48, 0xff, 0x50, 0x4c, 0x48, 0xff,
    0x50, 0x4c, 0x48, 0xff, 0x50, 0x48, 0x40, 0xff, 0x50, 0x4c, 0x48, 0xff,
    0x50, 0x4c, 0x48, 0xff, 0x50, 0x4c, 0x40, 0xff, 0x50, 0x48, 0x48, 0xff,
    0x50, 0x4c, 0x48, 0xff, 0x50, 0x4c, 0x48, 0xff, 0x50, 0x48, 0x48, 0xff,
    0x50, 0x4c, 0x40, 0xff, 0x50, 0x4c, 0x48, 0xff, 0x50, 0x48, 0x48, 0xff,
    0x50, 0x4c, 0x48, 0xff, 0x50, 0x4c, 0x48, 0xff, 0x50, 0x4c, 0x48, 0xff,
    0x50, 0x4c, 0x48, 0xff, 0x50, 0x4c, 0x48, 0xff, 0x50, 0x48, 0x48, 0xff,
    0x50, 0x4c, 0x48, 0xff, 0x50, 0x4c, 0x48, 0xff, 0x50, 0x40, 0x40, 0x10,
    0x00, 0x00, 0x00, 0x00, 0x50, 0x48, 0x48, 0xbe, 0x50, 0x4c, 0x48, 0xff,
    0x50, 0x48, 0x48, 0xff, 0x50, 0x4c, 0x48, 0xff, 0x50, 0x4c, 0x48, 0xff,
    0x50, 0x48, 0x48, 0xff, 0x50, 0x4c, 0x48, 0xff, 0x50, 0x4c, 0x48, 0xff,
    0x50, 0x4c, 0x48, 0xff, 0x50, 0x4c, 0x48, 0xff, 0x50, 0x4c, 0x48, 0xff,
    0x50, 0x4c, 0x48, 0xff, 0x50, 0x4c, 0x48, 0xff, 0x50, 0x4c, 0x48, 0xff,
    0x50, 0x4c, 0x48, 0xff, 0x50, 0x4c, 0x48, 0xff, 0x50, 0x48, 0x48, 0xff,
    0x50, 0x4c, 0x48, 0xff, 0x50, 0x4c, 0x48, 0xff, 0x50, 0x4c, 0x48, 0xff,
    0x50, 0x48, 0x48, 0xff, 0x50, 0x4c, 0x40, 0xff, 0x50, 0x48, 0x48, 0xff,
    0x50, 0x4c, 0x48, 0xff, 0x50, 0x4c, 0x40, 0xff, 0x50, 0x4c, 0x48, 0xff,
    0x50, 0x48, 0x48, 0xff, 0x50, 0x4c, 0x48, 0xff, 0x50, 0x4c, 0x48, 0xff,
    0x50, 0x4c, 0x48, 0xff, 0x50, 0x48, 0x48, 0xff, 0x50, 0x4c, 0x40, 0xff,
    0x50, 0x4c, 0x48, 0xff, 0x50, 0x4c, 0x48, 0xff, 0x50, 0x48, 0x40, 0xff,
    0x50, 0x4c, 0x48, 0xff, 0x50, 0x4c, 0x48, 0xff, 0x50, 0x4c, 0x48, 0xff,
    0x50, 0x4c, 0x48, 0xff, 0x50, 0x4c, 0x48, 0xff, 0x50, 0x4c, 0x48, 0xff,
    0x50, 0x4c, 0x40, 0xff, 0x50, 0x48, 0x48, 0xff, 0x50, 0x4c, 0x48, 0xff,
    0x50, 0x4c, 0x48, 0xff, 0x50, 0x4c, 0x48, 0xff, 0x50, 0x4c, 0x48, 0xff,
    0x50, 0x4c, 0x48, 0xff, 0x50, 0x4c, 0x48, 0xff, 0x50, 0x4c, 0x48, 0xff,
    0x50, 0x4c, 0x48, 0xff, 0x50, 0x48, 0x48, 0xff, 0x50, 0x4c, 0x48, 0xff,
    0x50, 0x4c, 0x48, 0xff, 0x50, 0x4c, 0x48, 0xff, 0x50, 0x4c, 0x48, 0xff,
    0x50, 0x48, 0x40, 0xff, 0x50, 0x48, 0x48, 0xff, 0x50, 0x4c, 0x48, 0xff,
    0x50, 0x4c, 0x40, 0xff, 0x50, 0x48, 0x48, 0xff, 0x50, 0x4c, 0x48, 0xff,
    0x50, 0x4c, 0x40, 0xff, 0x50, 0x4c, 0x48, 0xff, 0x50, 0x48, 0x48, 0xff,
    0x50, 0x4c, 0x48, 0xff, 0x50, 0x4c, 0x48, 0xff, 0x50, 0x4c, 0x48, 0xff,
    0x50, 0x48, 0x48, 0xff, 0x50, 0x4c, 0x48, 0xff, 0x50, 0x4c, 0x48, 0xff,
    0x50, 0x48, 0x48, 0xff, 0x50, 0x4c, 0x48, 0xff, 0x50, 0x4c, 0x40, 0xff,
    0x50, 0x4c, 0x48, 0xff, 0x50, 0x48, 0x48, 0xff, 0x50, 0x4c, 0x48, 0xff,
    0x50, 0x4c, 0x48, 0xff, 0x50, 0x4c, 0x48, 0xff, 0x50, 0x4c, 0x48, 0xff,
    0x50, 0x48, 0x48, 0xff, 0x50, 0x4c, 0x48, 0xff, 0x50, 0x4c, 0x48, 0xff,
    0x50, 0x48, 0x48, 0xff, 0x50, 0x4c, 0x48, 0xff, 0x50, 0x48, 0x48, 0xff,
    0x50, 0x4c, 0x48, 0xff, 0x50, 0x48, 0x48, 0xff, 0x50, 0x4c, 0x40, 0xff,
    0x50, 0x48, 0x48, 0xff, 0x50, 0x4c, 0x48, 0xff, 0x50, 0x48, 0x48, 0xff,
    0x50, 0x4c, 0x48, 0xff, 0x50, 0x4c, 0x48, 0xff, 0x50, 0x4c, 0x48, 0xff,
    0x50, 0x48, 0x48, 0xff, 0x50, 0x4c, 0x48, 0xff, 0x50, 0x4c, 0x40, 0xff,
    0x50, 0x4c, 0x48, 0xff, 0x50, 0x4c, 0x48, 0xff, 0x50, 0x4c, 0x48, 0xff,
    0x50, 0x4c, 0x40, 0xff, 0x50, 0x4c, 0x48, 0xff, 0x50, 0x4c, 0x48, 0xff,
    0x50, 0x48, 0x48, 0xff, 0x50, 0x4c, 0x48, 0xff, 0x50, 0x4c, 0x48, 0xff,
    0x50, 0x48, 0x40, 0xff, 0x50, 0x4c, 0x48, 0xff, 0x50, 0x4c, 0x48, 0xff,
    0x50, 0x48, 0x48, 0xff, 0x50, 0x4c, 0x48, 0xff, 0x50, 0x4c, 0x48, 0xff,
    0x50, 0x48, 0x48, 0xff, 0x50, 0x4c, 0x48, 0xff, 0x50, 0x4c, 0x40, 0xff,
    0x50, 0x4c, 0x48, 0xff, 0x50, 0x48, 0x48, 0xff, 0x50, 0x4c, 0x48, 0xff,
    0x50, 0x4c, 0x48, 0xff, 0x50, 0x4c, 0x48, 0xff, 0x50, 0x48, 0x48, 0xff,
    0x50, 0x4c, 0x48, 0xff, 0x50, 0x48, 0x40, 0xff, 0x50, 0x4c, 0x48, 0xff,
    0x50, 0x48, 0x48, 0xff, 0x50, 0x4c, 0x40, 0xff, 0x50, 0x4c, 0x48, 0xff,
    0x50, 0x48, 0x48, 0xff, 0x50, 0x4c, 0x48, 0xff, 0x50, 0x4c, 0x48, 0xff,
    0x50, 0x48, 0x48, 0xff, 0x50, 0x4c, 0x40, 0xff, 0x50, 0x4c, 0x48, 0xff,
    0x50, 0x48, 0x48, 0xff, 0x50, 0x4c, 0x40, 0xff, 0x50, 0x48, 0x48, 0xff,
    0x50, 0x4c, 0x48, 0xff, 0x50, 0x4c, 0x40, 0xff, 0x50, 0x48, 0x48, 0xff,
    0x50, 0x4c, 0x48, 0xff, 0x50, 0x4c, 0x40, 0xff, 0x50, 0x4c, 0x48, 0xff,
    0x50, 0x48, 0x48, 0xff, 0x50, 0x4c, 0x48, 0xff, 0x50, 0x4c, 0x48, 0xff,
    0x50, 0x4c, 0x48, 0xff, 0x50, 0x48, 0x40, 0xff, 0x50, 0x4c, 0x48, 0xff,
    0x50, 0x48, 0x48, 0xff, 0x50, 0x4c, 0x40, 0xff, 0x50, 0x4c, 0x48, 0xff,
    0x50, 0x48, 0x48, 0xff, 0x50, 0x4c, 0x40, 0xff, 0x50, 0x48, 0x48, 0xff,
    0x50, 0x4c, 0x48, 0xff, 0x50, 0x4c, 0x40, 0xff, 0x50, 0x4c, 0x48, 0xff,
    0x50, 0x48, 0x48, 0xff, 0x50, 0x4c, 0x48, 0xff, 0x50, 0x4c, 0x48, 0xff,
    0x50, 0x4c, 0x48, 0xff, 0x50, 0x4c, 0x40, 0xff, 0x50, 0x4c, 0x48, 0xff,
    0x50, 0x48, 0x48, 0xff, 0x50, 0x4c, 0x40, 0xff, 0x50, 0x4c, 0x48, 0xff,
    0x50, 0x4c, 0x48, 0xff, 0x50, 0x4c, 0x40, 0xff, 0x50, 0x48, 0x48, 0xff,
    0x50, 0x4c, 0x48, 0xff, 0x50, 0x48, 0x40, 0xff, 0x50, 0x4c, 0x48, 0xff,
    0x50, 0x4c, 0x48, 0xff, 0x50, 0x4c, 0x48, 0xff, 0x50, 0x4c, 0x48, 0xff,
    0x50, 0x4c, 0x48, 0xff, 0x50, 0x4c, 0x48, 0xff, 0x50, 0x4c, 0x48, 0xff,
    0x50, 0x4c, 0x48, 0xff, 0x50, 0x4c, 0x48, 0xff, 0x50, 0x4c, 0x48, 0xff,
    0x50, 0x4c, 0x40, 0xff, 0x50, 0x4c, 0x48, 0xff, 0x50, 0x4c, 0x48, 0xff,
    0x50, 0x4c, 0x48, 0xff, 0x50, 0x4c, 0x48, 0xff, 0x50, 0x4c, 0x48, 0xff,
    0x50, 0x4c, 0x48, 0xff, 0x50, 0x48, 0x48, 0xff, 0x50, 0x4c, 0x48, 0xff,
    0x50, 0x4c, 0x48, 0xff, 0x50, 0x4c, 0x40, 0xff, 0x50, 0x48, 0x48, 0xff,
    0x50, 0x4c, 0x48, 0xff, 0x50, 0x4c, 0x40, 0xff, 0x50, 0x48, 0x48, 0xff,
    0x50, 0x4c, 0x48, 0xff, 0x50, 0x4c, 0x48, 0xff, 0x50, 0x4c, 0x48, 0xff,
    0x50, 0x4c, 0x40, 0xff, 0x50, 0x48, 0x48, 0xff, 0x50, 0x4c, 0x48, 0xff,
    0x50, 0x4c, 0x48, 0xff, 0x50, 0x4c, 0x48, 0xff, 0x50, 0x4c, 0x40, 0xff,
    0x50, 0x4c, 0x48, 0xff, 0x50, 0x4c, 0x48, 0xff, 0x50, 0x4c, 0x48, 0xff,
    0x50, 0x4c, 0x48, 0xff, 0x50, 0x4c, 0x48, 0xff, 0x50, 0x4c, 0x48, 0xff,
    0x50, 0x4c, 0x48, 0xff, 0x50, 0x4c, 0x48, 0xff, 0x50, 0x48, 0x48, 0xff,
    0x50, 0x4c, 0x48, 0xff, 0x50, 0x4c, 0x48, 0xff, 0x50, 0x4c, 0x48, 0xff,
    0x50, 0x48, 0x40, 0xff, 0x50, 0x4c, 0x48, 0xff, 0x50, 0x4c, 0x48, 0xff,
    0x50, 0x48, 0x40, 0xff, 0x50, 0x4c, 0x48, 0xff, 0x50, 0x4c, 0x40, 0xff,
    0x50, 0x4c, 0x48, 0xff, 0x50, 0x4c, 0x48, 0xbe, 0x00, 0x00, 0x00, 0x00,
    0x00, 0x00, 0x00, 0x00, 0x50, 0x48, 0x40, 0x7d, 0x50, 0x4c, 0x48, 0xff,
    0x50, 0x4c, 0x48, 0xff, 0x50, 0x48, 0x40, 0xff, 0x50, 0x4c, 0x48, 0xff,
    0x50, 0x4c, 0x48, 0xff, 0x50, 0x4c, 0x48, 0xff, 0x50, 0x48, 0x48, 0xff,
    0x50, 0x48, 0x48, 0xff, 0x50, 0x4c, 0x48, 0xff, 0x50, 0x48, 0x48, 0xff,
    0x50, 0x4c, 0x40, 0xff, 0x50, 0x48, 0x48, 0xff, 0x50, 0x4c, 0x48, 0xff,
    0x50, 0x4c, 0x40, 0xff, 0x50, 0x48, 0x48, 0xff, 0x50, 0x4c, 0x48, 0xff,
    0x50, 0x4c, 0x48, 0xff, 0x50, 0x48, 0x48, 0xff, 0x50, 0x4c, 0x48, 0xff,
    0x50, 0x4c, 0x48, 0xff, 0x50, 0x4c, 0x48, 0xff, 0x50, 0x48, 0x48, 0xff,
    0x50, 0x4c, 0x48, 0xff, 0x50, 0x4c, 0x48, 0xff, 0x50, 0x4c, 0x48, 0xff,
    0x50, 0x4c, 0x48, 0xff, 0x50, 0x48, 0x48, 0xff, 0x50, 0x4c, 0x48, 0xff,
    0x50, 0x4c, 0x48, 0xff, 0x50, 0x4c, 0x48, 0xff, 0x50, 0x48, 0x48, 0xff,
    0x50, 0x4c, 0x48, 0xff, 0x50, 0x4c, 0x48, 0xff, 0x50, 0x4c, 0x48, 0xff,
    0x50, 0x48, 0x48, 0xff, 0x50, 0x4c, 0x48, 0xff, 0x50, 0x4c, 0x40, 0xff,
    0x50, 0x48, 0x48, 0xff, 0x50, 0x4c, 0x48, 0xff, 0x50, 0x4c, 0x48, 0xff,
    0x50, 0x48, 0x48, 0xff, 0x50, 0x4c, 0x48, 0xff, 0x50, 0x4c, 0x48, 0xff,
    0x50, 0x48, 0x40, 0xff, 0x50, 0x4c, 0x48, 0xff, 0x50, 0x48, 0x48, 0xff,
    0x50, 0x4c, 0x48, 0xff, 0x50, 0x48, 0x48, 0xff, 0x50, 0x4c, 0x40, 0xff,
    0x50, 0x4c, 0x48, 0xff, 0x50, 0x4c, 0x48, 0xff, 0x50, 0x4c, 0x40, 0xff,
    0x50, 0x4c, 0x48, 0xff, 0x50, 0x4c, 0x48, 0xff, 0x50, 0x4c, 0x48, 0xff,
    0x50, 0x4c, 0x48, 0xff, 0x50, 0x4c, 0x48, 0xff, 0x50, 0x4c, 0x48, 0xff,
    0x50, 0x48, 0x48, 0xff, 0x50, 0x4c, 0x48, 0xff, 0x50, 0x4c, 0x48, 0xff,
    0x50, 0x4c, 0x48, 0xff, 0x50, 0x48, 0x48, 0xff, 0x50, 0x4c, 0x48, 0xff,
    0x50, 0x4c, 0x40, 0xff, 0x50, 0x48, 0x48, 0xff, 0x50, 0x4c, 0x48, 0xff,
    0x50, 0x4c, 0x40, 0xff, 0x50, 0x4c, 0x48, 0xff, 0x50, 0x48, 0x48, 0xff,
    0x50, 0x4c, 0x48, 0xff, 0x50, 0x48, 0x48, 0xff, 0x50, 0x4c, 0x48, 0xff,
    0x50, 0x4c, 0x48, 0xff, 0x50, 0x4c, 0x48, 0xff, 0x50, 0x48, 0x40, 0xff,
    0x50, 0x4c, 0x48, 0xff, 0x50, 0x4c, 0x48, 0xff, 0x50, 0x48, 0x40, 0xff,
    0x50, 0x4c, 0x48, 0xff, 0x50, 0x4c, 0x48, 0xff, 0x50, 0x4c, 0x48, 0xff,
    0x50, 0x4c, 0x40, 0xff, 0x50, 0x4c, 0x48, 0xff, 0x50, 0x4c, 0x48, 0xff,
    0x50, 0x48, 0x40, 0xff, 0x50, 0x4c, 0x48, 0xff, 0x50, 0x4c, 0x48, 0xff,
    0x50, 0x4c, 0x48, 0xff, 0x50, 0x48, 0x48, 0xff, 0x50, 0x4c, 0x40, 0xff,
    0x50, 0x4c, 0x48, 0xff, 0x50, 0x48, 0x48, 0xff, 0x50, 0x4c, 0x48, 0xff,
    0x50, 0x4c, 0x48, 0xff, 0x50, 0x48, 0x48, 0xff, 0x50, 0x4c, 0x48, 0xff,
    0x50, 0x4c, 0x48, 0xff, 0x50, 0x48, 0x48, 0xff, 0x50, 0x4c, 0x48, 0xff,
    0x50, 0x48, 0x48, 0xff, 0x50, 0x4c, 0x48, 0xff, 0x50, 0x4c, 0x48, 0xff,
    0x50, 0x4c, 0x48, 0xff, 0x50, 0x4c, 0x48, 0xff, 0x50, 0x4c, 0x48, 0xff,
    0x50, 0x4c, 0x48, 0xff, 0x50, 0x4c, 0x48, 0xff, 0x50, 0x48, 0x48, 0xff,
    0x50, 0x4c, 0x48, 0xff, 0x50, 0x4c, 0x48, 0xff, 0x50, 0x48, 0x48, 0xff,
    0x50, 0x4c, 0x48, 0xff, 0x50, 0x4c, 0x48, 0xff, 0x50, 0x4c, 0x48, 0xff,
    0x50, 0x4c, 0x48, 0xff, 0x50, 0x48, 0x48, 0xff, 0x50, 0x4c, 0x48, 0xff,
    0x50, 0x4c, 0x40, 0xff, 0x50, 0x48, 0x48, 0xff, 0x50, 0x4c, 0x48, 0xff,
    0x50, 0x4c, 0x48, 0xff, 0x50, 0x4c, 0x48, 0xff, 0x50, 0x48, 0x48, 0xff,
    0x50, 0x4c, 0x48, 0xff, 0x50, 0x4c, 0x48, 0xff, 0x50, 0x4c, 0x48, 0xff,
    0x50, 0x4c, 0x40, 0xff, 0x50, 0x4c, 0x48, 0xff, 0x50, 0x4c, 0x48, 0xff,
    0x50, 0x4c, 0x48, 0xff, 0x50, 0x4c, 0x48, 0xff, 0x50, 0x4c, 0x48, 0xff,
    0x50, 0x4c, 0x48, 0xff, 0x50, 0x4c, 0x48, 0xff, 0x50, 0x48, 0x48, 0xff,
    0x50, 0x4c, 0x48, 0xff, 0x50, 0x4c, 0x48, 0xff, 0x50, 0x4c, 0x48, 0xff,
    0x50, 0x4c, 0x48, 0xff, 0x50, 0x4c, 0x48, 0xff, 0x50, 0x4c, 0x48, 0xff,
    0x50, 0x4c, 0x40, 0xff, 0x50, 0x48, 0x48, 0xff, 0x50, 0x4c, 0x48, 0xff,
    0x50, 0x4c, 0x48, 0xff, 0x50, 0x4c, 0x48, 0xff, 0x50, 0x4c, 0x48, 0xff,
    0x50, 0x4c, 0x48, 0xff, 0x50, 0x4c, 0x48, 0xff, 0x50, 0x4c, 0x48, 0xff,
    0x50, 0x4c, 0x48, 0xff, 0x50, 0x4c, 0x48, 0xff, 0x50, 0x48, 0x48, 0xff,
    0x50, 0x4c, 0x48, 0xff, 0x50, 0x4c, 0x48, 0xff, 0x50, 0x4c, 0x48, 0xff,
    0x50, 0x4c, 0x40, 0xff, 0x50, 0x48, 0x48, 0xff, 0x50, 0x4c, 0x48, 0xff,
    0x50, 0x48, 0x48, 0xff, 0x50, 0x4c, 0x48, 0xff, 0x50, 0x4c, 0x48, 0xff,
    0x50, 0x4c, 0x48, 0xff, 0x50, 0x4c, 0x48, 0xff, 0x50, 0x48, 0x48, 0xff,
    0x50, 0x4c, 0x48, 0xff, 0x50, 0x4c, 0x48, 0xff, 0x50, 0x4c, 0x48, 0xff,
    0x50, 0x4c, 0x48, 0xff, 0x50, 0x4c, 0x48, 0xff, 0x50, 0x48, 0x48, 0xff,
    0x50, 0x4c, 0x40, 0xff, 0x50, 0x48, 0x48, 0xff, 0x50, 0x4c, 0x48, 0xff,
    0x50, 0x48, 0x48, 0xff, 0x50, 0x4c, 0x40, 0xff, 0x50, 0x4c, 0x48, 0xff,
    0x50, 0x4c, 0x48, 0xff, 0x50, 0x48, 0x48, 0xff, 0x50, 0x4c, 0x48, 0xff,
    0x50, 0x48, 0x48, 0xff, 0x50, 0x4c, 0x48, 0xff, 0x50, 0x48, 0x40, 0xff,
    0x50, 0x4c, 0x48, 0xff, 0x50, 0x48, 0x48, 0xff, 0x50, 0x4c, 0x48, 0xff,
    0x50, 0x4c, 0x48, 0xff, 0x50, 0x4c, 0x48, 0xff, 0x50, 0x4c, 0x48, 0xff,
    0x50, 0x4c, 0x48, 0xff, 0x50, 0x4c, 0x48, 0xff, 0x50, 0x4c, 0x48, 0xff,
    0x50, 0x48, 0x48, 0xff, 0x50, 0x4c, 0x48, 0xff, 0x50, 0x4c, 0x48, 0xff,
    0x50, 0x48, 0x48, 0xff, 0x50, 0x4c, 0x48, 0xff, 0x50, 0x4c, 0x48, 0xff,
    0x50, 0x4c, 0x48, 0xff, 0x50, 0x4c, 0x48, 0xff, 0x50, 0x48, 0x48, 0xff,
    0x50, 0x4c, 0x48, 0xff, 0x50, 0x4c, 0x48, 0xff, 0x50, 0x48, 0x48, 0xff,
    0x50, 0x48, 0x48, 0xff, 0x50, 0x4c, 0x48, 0xff, 0x50, 0x48, 0x48, 0xff,
    0x50, 0x48, 0x48, 0xff, 0x50, 0x4c, 0x48, 0xff, 0x50, 0x48, 0x48, 0xff,
    0x50, 0x4c, 0x40, 0xff, 0x50, 0x4c, 0x48, 0xff, 0x50, 0x4c, 0x48, 0xff,
    0x50, 0x48, 0x48, 0xff, 0x50, 0x4c, 0x48, 0xff, 0x50, 0x4c, 0x48, 0xff,
    0x50, 0x4c, 0x48, 0xff, 0x50, 0x48, 0x48, 0xff, 0x50, 0x4c, 0x48, 0xff,
    0x50, 0x4c, 0x48, 0xff, 0x50, 0x48, 0x48, 0xff, 0x50, 0x4c, 0x48, 0xff,
    0x50, 0x48, 0x48, 0xff, 0x50, 0x48, 0x48, 0x6d, 0x00, 0x00, 0x00, 0x00,
    0x00, 0x00, 0x00, 0x00, 0x50, 0x50, 0x50, 0x10, 0x50, 0x4c, 0x48, 0xff,
    0x50, 0x4c, 0x48, 0xff, 0x50, 0x4c, 0x48, 0xff, 0x50, 0x4c, 0x48, 0xff,
    0x50, 0x4c, 0x48, 0xff, 0x50, 0x4c, 0x40, 0xff, 0x50, 0x4c, 0x48, 0xff,
    0x50, 0x4c, 0x48, 0xff, 0x50, 0x4c, 0x40, 0xff, 0x50, 0x4c, 0x48, 0xff,
    0x50, 0x48, 0x48, 0xff, 0x50, 0x4c, 0x48, 0xff, 0x50, 0x4c, 0x48, 0xff,
    0x50, 0x48, 0x48, 0xff, 0x50, 0x4c, 0x48, 0xff, 0x50, 0x4c, 0x40, 0xff,
    0x50, 0x4c, 0x48, 0xff, 0x50, 0x4c, 0x48, 0xff, 0x50, 0x48, 0x40, 0xff,
    0x50, 0x4c, 0x48, 0xff, 0x50, 0x4c, 0x48, 0xff, 0x50, 0x4c, 0x48, 0xff,
    0x50, 0x48, 0x48, 0xff, 0x50, 0x4c, 0x48, 0xff, 0x50, 0x48, 0x48, 0xff,
    0x50, 0x4c, 0x40, 0xff, 0x50, 0x4c, 0x48, 0xff, 0x50, 0x48, 0x48, 0xff,
    0x50, 0x4c, 0x40, 0xff, 0x50, 0x4c, 0x48, 0xff, 0x50, 0x4c, 0x48, 0xff,
    0x50, 0x48, 0x48, 0xff, 0x50, 0x4c, 0x48, 0xff, 0x50, 0x4c, 0x48, 0xff,
    0x50, 0x4c, 0x48, 0xff, 0x50, 0x48, 0x48, 0xff, 0x50, 0x4c, 0x48, 0xff,
    0x50, 0x4c, 0x48, 0xff, 0x50, 0x48, 0x48, 0xff, 0x50, 0x4c, 0x40, 0xff,
    0x50, 0x4c, 0x48, 0xff, 0x50, 0x4c, 0x48, 0xff, 0x50, 0x4c, 0x48, 0xff,
    0x50, 0x4c, 0x48, 0xff, 0x50, 0x48, 0x48, 0xff, 0x50, 0x4c, 0x48, 0xff,
    0x50, 0x4c, 0x40, 0xff, 0x50, 0x4c, 0x48, 0xff, 0x50, 0x48, 0x48, 0xff,
    0x50, 0x4c, 0x48, 0xff, 0x50, 0x48, 0x48, 0xff, 0x50, 0x48, 0x48, 0xff,
    0x50, 0x4c, 0x48, 0xff, 0x50, 0x48, 0x48, 0xff, 0x50, 0x4c, 0x40, 0xff,
    0x50, 0x4c, 0x48, 0xff, 0x50, 0x4c, 0x48, 0xff, 0x50, 0x4c, 0x48, 0xff,
    0x50, 0x4c, 0x48, 0xff, 0x50, 0x4c, 0x48, 0xff, 0x50, 0x48, 0x48, 0xff,
    0x50, 0x4c, 0x48, 0xff, 0x50, 0x4c, 0x48, 0xff, 0x50, 0x4c, 0x48, 0xff,
    0x50, 0x4c, 0x48, 0xff, 0x50, 0x48, 0x48, 0xff, 0x50, 0x4c, 0x48, 0xff,
    0x50, 0x4c, 0x48, 0xff, 0x50, 0x48, 0x48, 0xff, 0x50, 0x4c, 0x48, 0xff,
    0x50, 0x4c, 0x40, 0xff, 0x50, 0x4c, 0x48, 0xff, 0x50, 0x48, 0x48, 0xff,
    0x50, 0x4c, 0x48, 0xff, 0x50, 0x4c, 0x48, 0xff, 0x50, 0x48, 0x48, 0xff,
    0x50, 0x4c, 0x48, 0xff, 0x50, 0x4c, 0x48, 0xff, 0x50, 0x4c, 0x48, 0xff,
    0x50, 0x4c, 0x48, 0xff, 0x50, 0x48, 0x48, 0xff, 0x50, 0x4c, 0x48, 0xff,
    0x50, 0x48, 0x48, 0xff, 0x50, 0x4c, 0x48, 0xff, 0x50, 0x4c, 0x48, 0xff,
    0x50, 0x4c, 0x48, 0xff, 0x50, 0x4c, 0x48, 0xff, 0x50, 0x4c, 0x48, 0xff,
    0x50, 0x4c, 0x48, 0xff, 0x50, 0x4c, 0x48, 0xff, 0x50, 0x4c, 0x48, 0xff,
    0x50, 0x4c, 0x48, 0xff, 0x50, 0x48, 0x40, 0xff, 0x50, 0x4c, 0x48, 0xff,
    0x50, 0x4c, 0x48, 0xff, 0x50, 0x4c, 0x40, 0xff, 0x50, 0x48, 0x48, 0xff,
    0x50, 0x4c, 0x48, 0xff, 0x50, 0x4c, 0x40, 0xff, 0x50, 0x48, 0x48, 0xff,
    0x50, 0x4c, 0x48, 0xff, 0x50, 0x4c, 0x48, 0xff, 0x50, 0x48, 0x40, 0xff,
    0x50, 0x4c, 0x48, 0xff, 0x50, 0x48, 0x48, 0xff, 0x50, 0x4c, 0x40, 0xff,
    0x50, 0x4c, 0x48, 0xff, 0x50, 0x48, 0x48, 0xff, 0x50, 0x4c, 0x48, 0xff,
    0x50, 0x4c, 0x40, 0xff, 0x50, 0x4c, 0x48, 0xff, 0x50, 0x4c, 0x48, 0xff,
    0x50, 0x4c, 0x40, 0xff, 0x50, 0x48, 0x48, 0xff, 0x50, 0x4c, 0x48, 0xff,
    0x50, 0x4c, 0x48, 0xff, 0x50, 0x4c, 0x48, 0xff, 0x50, 0x4c, 0x48, 0xff,
    0x50, 0x4c, 0x48, 0xff, 0x50, 0x48, 0x48, 0xff, 0x50, 0x4c, 0x48, 0xff,
    0x50, 0x4c, 0x40, 0xff, 0x50, 0x4c, 0x48, 0xff, 0x50, 0x4c, 0x48, 0xff,
    0x50, 0x4c, 0x48, 0xff, 0x50, 0x48, 0x48, 0xff, 0x50, 0x48, 0x48, 0xff,
    0x50, 0x4c, 0x48, 0xff, 0x50, 0x48, 0x48, 0xff, 0x50, 0x4c, 0x48, 0xff,
    0x50, 0x4c, 0x48, 0xff, 0x50, 0x48, 0x48, 0xff, 0x50, 0x4c, 0x48, 0xff,
    0x50, 0x4c, 0x48, 0xff, 0x50, 0x4c, 0x48, 0xff, 0x50, 0x4c, 0x40, 0xff,
    0x50, 0x48, 0x48, 0xff, 0x50, 0x4c, 0x48, 0xff, 0x50, 0x4c, 0x48, 0xff,
    0x50, 0x48, 0x40, 0xff, 0x50, 0x48, 0x48, 0xff, 0x50, 0x4c, 0x48, 0xff,
    0x50, 0x4c, 0x48, 0xff, 0x50, 0x4c, 0x48, 0xff, 0x50, 0x48, 0x48, 0xff,
    0x50, 0x4c, 0x48, 0xff, 0x50, 0x48, 0x48, 0xff, 0x50, 0x4c, 0x48, 0xff,
    0x50, 0x4c, 0x48, 0xff, 0x50, 0x48, 0x48, 0xff, 0x50, 0x48, 0x40, 0xff,
    0x50, 0x4c, 0x48, 0xff, 0x50, 0x4c, 0x48, 0xff, 0x50, 0x4c, 0x48, 0xff,
    0x50, 0x48, 0x40, 0xff, 0x50, 0x4c, 0x48, 0xff, 0x50, 0x4c, 0x48, 0xff,
    0x50, 0x4c, 0x48, 0xff, 0x50, 0x4c, 0x48, 0xff, 0x50, 0x4c, 0x48, 0xff,
    0x50, 0x4c, 0x48, 0xff, 0x50, 0x48, 0x48, 0xff, 0x50, 0x4c, 0x48, 0xff,
    0x50, 0x4c, 0x48, 0xff, 0x50, 0x48, 0x48, 0xff, 0x50, 0x4c, 0x40, 0xff,
    0x50, 0x4c, 0x48, 0xff, 0x50, 0x48, 0x48, 0xff, 0x50, 0x4c, 0x48, 0xff,
    0x50, 0x4c, 0x40, 0xff, 0x50, 0x4c, 0x48, 0xff, 0x50, 0x4c, 0x48, 0xff,
    0x50, 0x4c, 0x48, 0xff, 0x50, 0x4c, 0x48, 0xff, 0x50, 0x48, 0x48, 0xff,
    0x50, 0x4c, 0x48, 0xff, 0x50, 0x4c, 0x48, 0xff, 0x50, 0x48, 0x48, 0xff,
    0x50, 0x4c, 0x48, 0xff, 0x50, 0x4c, 0x40, 0xff, 0x50, 0x48, 0x48, 0xff,
    0x50, 0x4c, 0x48, 0xff, 0x50, 0x4c, 0x48, 0xff, 0x50, 0x4c, 0x48, 0xff,
    0x50, 0x48, 0x48, 0xff, 0x50, 0x4c, 0x48, 0xff, 0x50, 0x4c, 0x40, 0xff,
    0x50, 0x48, 0x48, 0xff, 0x50, 0x4c, 0x48, 0xff, 0x50, 0x48, 0x40, 0xff,
    0x50, 0x48, 0x48, 0xff, 0x50, 0x4c, 0x48, 0xff, 0x50, 0x4c, 0x48, 0xff,
    0x50, 0x4c, 0x48, 0xff, 0x50, 0x4c, 0x48, 0xff, 0x50, 0x4c, 0x48, 0xff,
    0x50, 0x4c, 0x40, 0xff, 0x50, 0x48, 0x48, 0xff, 0x50, 0x4c, 0x48, 0xff,
    0x50, 0x4c, 0x48, 0xff, 0x50, 0x48, 0x48, 0xff, 0x50, 0x4c, 0x48, 0xff,
    0x50, 0x4c, 0x40, 0xff, 0x50, 0x4c, 0x48, 0xff, 0x50, 0x4c, 0x48, 0xff,
    0x50, 0x4c, 0x48, 0xff, 0x50, 0x4c, 0x48, 0xff, 0x50, 0x4c, 0x40, 0xff,
    0x50, 0x4c, 0x48, 0xff, 0x50, 0x4c, 0x48, 0xff, 0x50, 0x48, 0x48, 0xff,
    0x50, 0x4c, 0x48, 0xff, 0x50, 0x4c, 0x48, 0xff, 0x50, 0x4c, 0x48, 0xff,
    0x50, 0x4c, 0x40, 0xff, 0x50, 0x48, 0x48, 0xff, 0x50, 0x4c, 0x48, 0xff,
    0x50, 0x4c, 0x48, 0xff, 0x50, 0x4c, 0x40, 0xff, 0x50, 0x4c, 0x48, 0xff,
    0x50, 0x4c, 0x48, 0xff, 0x50, 0x4c, 0x48, 0xff, 0x50, 0x4c, 0x48, 0xff,
    0x50, 0x4c, 0x48, 0xff, 0x50, 0x48, 0x48, 0x20, 0x00, 0x00, 0x00, 0x00,
    0x00, 0x00, 0x00, 0x00, 0x00, 0x00, 0x00, 0x00, 0x50, 0x4c, 0x48, 0xbe,
    0x50, 0x48, 0x48, 0xff, 0x50, 0x4c, 0x48, 0xff, 0x50, 0x48, 0x48, 0xff,
    0x50, 0x48, 0x48, 0xff, 0x50, 0x4c, 0x48, 0xff, 0x50, 0x4c, 0x48, 0xff,
    0x50, 0x48, 0x48, 0xff, 0x50, 0x4c, 0x48, 0xff, 0x50, 0x4c, 0x48, 0xff,
    0x50, 0x4c, 0x48, 0xff, 0x50, 0x4c, 0x48, 0xff, 0x50, 0x4c, 0x48, 0xff,
    0x50, 0x4c, 0x48, 0xff, 0x50, 0x4c, 0x48, 0xff, 0x50, 0x48, 0x48, 0xff,
    0x50, 0x4c, 0x48, 0xff, 0x50, 0x4c, 0x48, 0xff, 0x50, 0x4c, 0x48, 0xff,
    0x50, 0x48, 0x48, 0xff, 0x50, 0x4c, 0x48, 0xff, 0x50, 0x4c, 0x40, 0xff,
    0x50, 0x4c, 0x48, 0xff, 0x50, 0x4c, 0x48, 0xff, 0x50, 0x4c, 0x48, 0xff,
    0x50, 0x4c, 0x48, 0xff, 0x50, 0x4c, 0x48, 0xff, 0x50, 0x4c, 0x48, 0xff,
    0x50, 0x48, 0x48, 0xff, 0x50, 0x4c, 0x48, 0xff, 0x50, 0x4c, 0x48, 0xff,
    0x50, 0x4c, 0x40, 0xff, 0x50, 0x48, 0x48, 0xff, 0x50, 0x4c, 0x48, 0xff,
    0x50, 0x4c, 0x40, 0xff, 0x50, 0x4c, 0x48, 0xff, 0x50, 0x4c, 0x48, 0xff,
    0x50, 0x4c, 0x48, 0xff, 0x50, 0x48, 0x48, 0xff, 0x50, 0x4c, 0x48, 0xff,
    0x50, 0x4c, 0x48, 0xff, 0x50, 0x48, 0x48, 0xff, 0x50, 0x4c, 0x48, 0xff,
    0x50, 0x4c, 0x48, 0xff, 0x50, 0x4c, 0x48, 0xff, 0x50, 0x4c, 0x48, 0xff,
    0x50, 0x4c, 0x48, 0xff, 0x50, 0x4c, 0x48, 0xff, 0x50, 0x4c, 0x48, 0xff,
    0x50, 0x4c, 0x48, 0xff, 0x50, 0x4c, 0x48, 0xff, 0x50, 0x4c, 0x48, 0xff,
    0x50, 0x4c, 0x48, 0xff, 0x50, 0x48, 0x48, 0xff, 0x50, 0x4c, 0x48, 0xff,
    0x50, 0x48, 0x48, 0xff, 0x50, 0x48, 0x48, 0xff, 0x50, 0x4c, 0x40, 0xff,
    0x50, 0x4c, 0x48, 0xff, 0x50, 0x48, 0x48, 0xff, 0x50, 0x4c, 0x40, 0xff,
    0x50, 0x4c, 0x48, 0xff, 0x50, 0x48, 0x48, 0xff, 0x50, 0x4c, 0x40, 0xff,
    0x50, 0x4c, 0x48, 0xff, 0x50, 0x4c, 0x48, 0xff, 0x50, 0x4c, 0x48, 0xff,
    0x50, 0x4c, 0x48, 0xff, 0x50, 0x4c, 0x48, 0xff, 0x50, 0x4c, 0x48, 0xff,
    0x50, 0x4c, 0x48, 0xff, 0x50, 0x4c, 0x48, 0xff, 0x50, 0x4c, 0x48, 0xff,
    0x50, 0x4c, 0x40, 0xff, 0x50, 0x4c, 0x48, 0xff, 0x50, 0x4c, 0x48, 0xff,
    0x50, 0x48, 0x48, 0xff, 0x50, 0x4c, 0x48, 0xff, 0x50, 0x4c, 0x48, 0xff,
    0x50, 0x48, 0x40, 0xff, 0x50, 0x4c, 0x48, 0xff, 0x50, 0x4c, 0x48, 0xff,
    0x50, 0x4c, 0x48, 0xff, 0x50, 0x48, 0x48, 0xff, 0x50, 0x4c, 0x48, 0xff,
    0x50, 0x4c, 0x48, 0xff, 0x50, 0x48, 0x48, 0xff, 0x50, 0x48, 0x40, 0xff,
    0x50, 0x4c, 0x48, 0xff, 0x50, 0x4c, 0x48, 0xff, 0x50, 0x48, 0x48, 0xff,
    0x50, 0x4c, 0x48, 0xff, 0x50, 0x4c, 0x48, 0xff, 0x50, 0x4c, 0x48, 0xff,
    0x50, 0x4c, 0x48, 0xff, 0x50, 0x4c, 0x48, 0xff, 0x50, 0x4c, 0x48, 0xff,
    0x50, 0x4c, 0x48, 0xff, 0x50, 0x4c, 0x48, 0xff, 0x50, 0x4c, 0x48, 0xff,
    0x50, 0x4c, 0x48, 0xff, 0x50, 0x4c, 0x48, 0xff, 0x50, 0x4c, 0x48, 0xff,
    0x50, 0x48, 0x48, 0xff, 0x50, 0x4c, 0x48, 0xff, 0x50, 0x4c, 0x48, 0xff,
    0x50, 0x48, 0x48, 0xff, 0x50, 0x4c, 0x48, 0xff, 0x50, 0x4c, 0x48, 0xff,
    0x50, 0x48, 0x48, 0xff, 0x50, 0x4c, 0x48, 0xff, 0x50, 0x4c, 0x48, 0xff,
    0x50, 0x48, 0x48, 0xff, 0x50, 0x4c, 0x48, 0xff, 0x50, 0x4c, 0x48, 0xff,
    0x50, 0x48, 0x40, 0xff, 0x50, 0x4c, 0x48, 0xff, 0x50, 0x4c, 0x48, 0xff,
    0x50, 0x48, 0x48, 0xff, 0x50, 0x4c, 0x48, 0xff, 0x50, 0x4c, 0x48, 0xff,
    0x50, 0x48, 0x48, 0xff, 0x50, 0x4c, 0x48, 0xff, 0x50, 0x4c, 0x40, 0xff,
    0x50, 0x4c, 0x48, 0xff, 0x50, 0x4c, 0x48, 0xff, 0x50, 0x4c, 0x40, 0xff,
    0x50, 0x4c, 0x48, 0xff, 0x50, 0x4c, 0x48, 0xff, 0x50, 0x48, 0x40, 0xff,
    0x50, 0x4c, 0x48, 0xff, 0x50, 0x4c, 0x48, 0xff, 0x50, 0x48, 0x40, 0xff,
    0x50, 0x48, 0x48, 0xff, 0x50, 0x4c, 0x48, 0xff, 0x50, 0x4c, 0x48, 0xff,
    0x50, 0x4c, 0x48, 0xff, 0x50, 0x48, 0x48, 0xff, 0x50, 0x4c, 0x48, 0xff,
    0x50, 0x4c, 0x48, 0xff, 0x50, 0x4c, 0x48, 0xff, 0x50, 0x48, 0x48, 0xff,
    0x50, 0x4c, 0x48, 0xff, 0x50, 0x4c, 0x48, 0xff, 0x50, 0x4c, 0x40, 0xff,
    0x50, 0x4c, 0x48, 0xff, 0x50, 0x48, 0x48, 0xff, 0x50, 0x4c, 0x40, 0xff,
    0x50, 0x4c, 0x48, 0xff, 0x50, 0x4c, 0x48, 0xff, 0x50, 0x4c, 0x48, 0xff,
    0x50, 0x48, 0x48, 0xff, 0x50, 0x4c, 0x48, 0xff, 0x50, 0x4c, 0x48, 0xff,
    0x50, 0x4c, 0x48, 0xff, 0x50, 0x48, 0x48, 0xff, 0x50, 0x48, 0x48, 0xff,
    0x50, 0x4c, 0x48, 0xff, 0x50, 0x4c, 0x48, 0xff, 0x50, 0x48, 0x40, 0xff,
    0x50, 0x4c, 0x48, 0xff, 0x50, 0x4c, 0x48, 0xff, 0x50, 0x48, 0x40, 0xff,
    0x50, 0x4c, 0x48, 0xff, 0x50, 0x4c, 0x48, 0xff, 0x50, 0x4c, 0x48, 0xff,
    0x50, 0x4c, 0x48, 0xff, 0x50, 0x48, 0x48, 0xff, 0x50, 0x4c, 0x48, 0xff,
    0x50, 0x48, 0x48, 0xff, 0x50, 0x48, 0x48, 0xff, 0x50, 0x4c, 0x48, 0xff,
    0x50, 0x4c, 0x48, 0xff, 0x50, 0x4c, 0x48, 0xff, 0x50, 0x4c, 0x40, 0xff,
    0x50, 0x4c, 0x48, 0xff, 0x50, 0x4c, 0x48, 0xff, 0x50, 0x48, 0x48, 0xff,
    0x50, 0x4c, 0x48, 0xff, 0x50, 0x4c, 0x48, 0xff, 0x50, 0x4c, 0x48, 0xff,
    0x50, 0x4c, 0x48, 0xff, 0x50, 0x4c, 0x48, 0xff, 0x50, 0x4c, 0x48, 0xff,
    0x50, 0x4c, 0x48, 0xff, 0x50, 0x4c, 0x48, 0xff, 0x50, 0x4c, 0x48, 0xff,
    0x50, 0x4c, 0x48, 0xff, 0x50, 0x4c, 0x48, 0xff, 0x50, 0x4c, 0x48, 0xff,
    0x50, 0x4c, 0x48, 0xff, 0x50, 0x48, 0x48, 0xff, 0x50, 0x4c, 0x40, 0xff,
    0x50, 0x4c, 0x48, 0xff, 0x50, 0x48, 0x48, 0xff, 0x50, 0x4c, 0x48, 0xff,
    0x50, 0x4c, 0x48, 0xff, 0x50, 0x48, 0x48, 0xff, 0x50, 0x4c, 0x48, 0xff,
    0x50, 0x4c, 0x40, 0xff, 0x50, 0x4c, 0x48, 0xff, 0x50, 0x4c, 0x48, 0xff,
    0x50, 0x48, 0x48, 0xff, 0x50, 0x4c, 0x48, 0xff, 0x50, 0x4c, 0x48, 0xff,
    0x50, 0x48, 0x48, 0xff, 0x50, 0x4c, 0x48, 0xff, 0x50, 0x4c, 0x48, 0xff,
    0x50, 0x4c, 0x48, 0xff, 0x50, 0x4c, 0x48, 0xff, 0x50, 0x4c, 0x40, 0xff,
    0x50, 0x48, 0x48, 0xff, 0x50, 0x4c, 0x48, 0xff, 0x50, 0x4c, 0x48, 0xff,
    0x50, 0x48, 0x48, 0xff, 0x50, 0x4c, 0x48, 0xff, 0x50, 0x4c, 0x48, 0xff,
    0x50, 0x48, 0x48, 0xff, 0x50, 0x4c, 0x48, 0xff, 0x50, 0x48, 0x48, 0xff,
    0x50, 0x4c, 0x48, 0xff, 0x50, 0x4c, 0x40, 0xff, 0x50, 0x48, 0x48, 0xff,
    0x50, 0x4c, 0x48, 0xbe, 0x00, 0x00, 0x00, 0x00, 0x00, 0x00, 0x00, 0x00,
    0x00, 0x00, 0x00, 0x00, 0x00, 0x00, 0x00, 0x00, 0x50, 0x4c, 0x48, 0x41,
    0x50, 0x4c, 0x48, 0xff, 0x50, 0x4c, 0x40, 0xff, 0x50, 0x4c, 0x48, 0xff,
    0x50, 0x4c, 0x48, 0xff, 0x50, 0x4c, 0x48, 0xff, 0x50, 0x48, 0x48, 0xff,
    0x50, 0x4c, 0x48, 0xff, 0x50, 0x4c, 0x48, 0xff, 0x50, 0x48, 0x48, 0xff,
    0x50, 0x4c, 0x40, 0xff, 0x50, 0x4c, 0x48, 0xff, 0x50, 0x48, 0x48, 0xff,
    0x50, 0x4c, 0x40, 0xff, 0x50, 0x4c, 0x48, 0xff, 0x50, 0x48, 0x48, 0xff,
    0x50, 0x4c, 0x48, 0xff, 0x50, 0x4c, 0x48, 0xff, 0x50, 0x4c, 0x48, 0xff,
    0x50, 0x4c, 0x48, 0xff, 0x50, 0x48, 0x48, 0xff, 0x50, 0x4c, 0x48, 0xff,
    0x50, 0x4c, 0x48, 0xff, 0x50, 0x48, 0x40, 0xff, 0x50, 0x4c, 0x48, 0xff,
    0x50, 0x48, 0x48, 0xff, 0x50, 0x4c, 0x48, 0xff, 0x50, 0x4c, 0x48, 0xff,
    0x50, 0x4c, 0x48, 0xff, 0x50, 0x48, 0x48, 0xff, 0x50, 0x4c, 0x48, 0xff,
    0x50, 0x4c, 0x48, 0xff, 0x50, 0x4c, 0x48, 0xff, 0x50, 0x48, 0x48, 0xff,
    0x50, 0x4c, 0x48, 0xff, 0x50, 0x4c, 0x48, 0xff, 0x50, 0x48, 0x40, 0xff,
    0x50, 0x4c, 0x48, 0xff, 0x50, 0x4c, 0x48, 0xff, 0x50, 0x4c, 0x48, 0xff,
    0x50, 0x48, 0x48, 0xff, 0x50, 0x4c, 0x40, 0xff, 0x50, 0x4c, 0x48, 0xff,
    0x50, 0x48, 0x48, 0xff, 0x50, 0x4c, 0x40, 0xff, 0x50, 0x48, 0x48, 0xff,
    0x50, 0x48, 0x48, 0xff, 0x50, 0x4c, 0x48, 0xff, 0x50, 0x4c, 0x48, 0xff,
    0x50, 0x48, 0x40, 0xff, 0x50, 0x4c, 0x48, 0xff, 0x50, 0x4c, 0x48, 0xff,
    0x50, 0x4c, 0x40, 0xff, 0x50, 0x4c, 0x48, 0xff, 0x50, 0x4c, 0x48, 0xff,
    0x50, 0x4c, 0x48, 0xff, 0x50, 0x4c, 0x48, 0xff, 0x50, 0x4c, 0x48, 0xff,
    0x50, 0x48, 0x48, 0xff, 0x50, 0x4c, 0x48, 0xff, 0x50, 0x4c, 0x48, 0xff,
    0x50, 0x4c, 0x48, 0xff, 0x50, 0x48, 0x48, 0xff, 0x50, 0x4c, 0x48, 0xff,
    0x50, 0x4c, 0x48, 0xff, 0x50, 0x48, 0x48, 0xff, 0x50, 0x4c, 0x40, 0xff,
    0x50, 0x48, 0x48, 0xff, 0x50, 0x4c, 0x48, 0xff, 0x50, 0x48, 0x40, 0xff,
    0x50, 0x4c, 0x48, 0xff, 0x50, 0x48, 0x48, 0xff, 0x50, 0x4c, 0x48, 0xff,
    0x50, 0x48, 0x48, 0xff, 0x50, 0x4c, 0x48, 0xff, 0x50, 0x4c, 0x48, 0xff,
    0x50, 0x4c, 0x40, 0xff, 0x50, 0x48, 0x48, 0xff, 0x50, 0x4c, 0x48, 0xff,
    0x50, 0x4c, 0x48, 0xff, 0x50, 0x4c, 0x48, 0xff, 0x50, 0x4c, 0x40, 0xff,
    0x50, 0x4c, 0x48, 0xff, 0x50, 0x48, 0x48, 0xff, 0x50, 0x4c, 0x40, 0xff,
    0x50, 0x4c, 0x48, 0xff, 0x50, 0x4c, 0x48, 0xff, 0x50, 0x4c, 0x48, 0xff,
    0x50, 0x4c, 0x48, 0xff, 0x50, 0x48, 0x48, 0xff, 0x50, 0x4c, 0x40, 0xff,
    0x50, 0x4c, 0x48, 0xff, 0x50, 0x48, 0x48, 0xff, 0x50, 0x4c, 0x48, 0xff,
    0x50, 0x48, 0x48, 0xff, 0x50, 0x48, 0x48, 0xff, 0x50, 0x4c, 0x48, 0xff,
    0x50, 0x48, 0x48, 0xff, 0x50, 0x4c, 0x48, 0xff, 0x50, 0x48, 0x48, 0xff,
    0x50, 0x4c, 0x40, 0xff, 0x50, 0x4c, 0x48, 0xff, 0x50, 0x48, 0x48, 0xff,
    0x50, 0x4c, 0x48, 0xff, 0x50, 0x4c, 0x48, 0xff, 0x50, 0x4c, 0x48, 0xff,
    0x50, 0x4c, 0x48, 0xff, 0x50, 0x4c, 0x40, 0xff, 0x50, 0x4c, 0x48, 0xff,
    0x50, 0x48, 0x48, 0xff, 0x50, 0x4c, 0x48, 0xff, 0x50, 0x4c, 0x48, 0xff,
    0x50, 0x4c, 0x48, 0xff, 0x50, 0x4c, 0x48, 0xff, 0x50, 0x4c, 0x48, 0xff,
    0x50, 0x48, 0x48, 0xff, 0x50, 0x4c, 0x48, 0xff, 0x50, 0x4c, 0x40, 0xff,
    0x50, 0x4c, 0x48, 0xff, 0x50, 0x4c, 0x48, 0xff, 0x50, 0x4c, 0x40, 0xff,
    0x50, 0x48, 0x48, 0xff, 0x50, 0x4c, 0x48, 0xff, 0x50, 0x48, 0x48, 0xff,
    0x50, 0x4c, 0x48, 0xff, 0x50, 0x4c, 0x48, 0xff, 0x50, 0x48, 0x48, 0xff,
    0x50, 0x4c, 0x48, 0xff, 0x50, 0x4c, 0x48, 0xff, 0x50, 0x4c, 0x48, 0xff,
    0x50, 0x4c, 0x48, 0xff, 0x50, 0x4c, 0x48, 0xff, 0x50, 0x4c, 0x48, 0xff,
    0x50, 0x4c, 0x48, 0xff, 0x50, 0x48, 0x48, 0xff, 0x50, 0x4c, 0x48, 0xff,
    0x50, 0x4c, 0x40, 0xff, 0x50, 0x4c, 0x48, 0xff, 0x50, 0x48, 0x48, 0xff,
    0x50, 0x4c, 0x48, 0xff, 0x50, 0x4c, 0x48, 0xff, 0x50, 0x4c, 0x40, 0xff,
    0x50, 0x48, 0x48, 0xff, 0x50, 0x4c, 0x48, 0xff, 0x50, 0x4c, 0x48, 0xff,
    0x50, 0x4c, 0x48, 0xff, 0x50, 0x4c, 0x48, 0xff, 0x50, 0x48, 0x48, 0xff,
    0x50, 0x4c, 0x48, 0xff, 0x50, 0x4c, 0x48, 0xff, 0x50, 0x4c, 0x48, 0xff,
    0x50, 0x4c, 0x40, 0xff, 0x50, 0x48, 0x48, 0xff, 0x50, 0x4c, 0x48, 0xff,
    0x50, 0x4c, 0x48, 0xff, 0x50, 0x4c, 0x48, 0xff, 0x50, 0x4c, 0x40, 0xff,
    0x50, 0x4c, 0x48, 0xff, 0x50, 0x48, 0x48, 0xff, 0x50, 0x4c, 0x48, 0xff,
    0x50, 0x4c, 0x48, 0xff, 0x50, 0x4c, 0x48, 0xff, 0x50, 0x4c, 0x48, 0xff,
    0x50, 0x48, 0x48, 0xff, 0x50, 0x4c, 0x48, 0xff, 0x50, 0x4c, 0x48, 0xff,
    0x50, 0x48, 0x40, 0xff, 0x50, 0x4c, 0x48, 0xff, 0x50, 0x4c, 0x48, 0xff,
    0x50, 0x4c, 0x48, 0xff, 0x50, 0x4c, 0x48, 0xff, 0x50, 0x48, 0x40, 0xff,
    0x50, 0x4c, 0x48, 0xff, 0x50, 0x48, 0x48, 0xff, 0x50, 0x4c, 0x48, 0xff,
    0x50, 0x4c, 0x48, 0xff, 0x50, 0x48, 0x48, 0xff, 0x50, 0x4c, 0x40, 0xff,
    0x50, 0x4c, 0x48, 0xff, 0x50, 0x4c, 0x48, 0xff, 0x50, 0x48, 0x48, 0xff,
    0x50, 0x4c, 0x40, 0xff, 0x50, 0x48, 0x48, 0xff, 0x50, 0x4c, 0x48, 0xff,
    0x50, 0x4c, 0x40, 0xff, 0x50, 0x48, 0x48, 0xff, 0x50, 0x48, 0x48, 0xff,
    0x50, 0x4c, 0x48, 0xff, 0x50, 0x4c, 0x48, 0xff, 0x50, 0x4c, 0x48, 0xff,
    0x50, 0x4c, 0x48, 0xff, 0x50, 0x4c, 0x48, 0xff, 0x50, 0x48, 0x48, 0xff,
    0x50, 0x4c, 0x48, 0xff, 0x50, 0x4c, 0x48, 0xff, 0x50, 0x48, 0x40, 0xff,
    0x50, 0x4c, 0x48, 0xff, 0x50, 0x4c, 0x48, 0xff, 0x50, 0x48, 0x48, 0xff,
    0x50, 0x4c, 0x48, 0xff, 0x50, 0x4c, 0x48, 0xff, 0x50, 0x48, 0x48, 0xff,
    0x50, 0x4c, 0x48, 0xff, 0x50, 0x4c, 0x48, 0xff, 0x50, 0x48, 0x40, 0xff,
    0x50, 0x4c, 0x48, 0xff, 0x50, 0x4c, 0x48, 0xff, 0x50, 0x48, 0x48, 0xff,
    0x50, 0x48, 0x48, 0xff, 0x50, 0x4c, 0x48, 0xff, 0x50, 0x4c, 0x48, 0xff,
    0x50, 0x4c, 0x48, 0xff, 0x50, 0x48, 0x48, 0xff, 0x50, 0x4c, 0x48, 0xff,
    0x50, 0x4c, 0x48, 0xff, 0x50, 0x4c, 0x40, 0xff, 0x50, 0x4c, 0x48, 0xff,
    0x50, 0x4c, 0x48, 0xff, 0x50, 0x48, 0x48, 0xff, 0x50, 0x4c, 0x48, 0xff,
    0x50, 0x4c, 0x48, 0xff, 0x50, 0x48, 0x48, 0xff, 0x50, 0x4c, 0x48, 0xff,
    0x50, 0x48, 0x40, 0x41, 0x00, 0x00, 0x00, 0x00, 0x00, 0x00, 0x00, 0x00,
    0x00, 0x00, 0x00, 0x00, 0x00, 0x00, 0x00, 0x00, 0x00, 0x00, 0x00, 0x00,
    0x50, 0x4c, 0x48, 0xbe, 0x50, 0x4c, 0x48, 0xff, 0x50, 0x48, 0x48, 0xff,
    0x50, 0x4c, 0x40, 0xff, 0x50, 0x4c, 0x48, 0xff, 0x50, 0x4c, 0x48, 0xff,
    0x50, 0x4c, 0x40, 0xff, 0x50, 0x4c, 0x48, 0xff, 0x50, 0x48, 0x48, 0xff,
    0x50, 0x4c, 0x48, 0xff, 0x50, 0x4c, 0x48, 0xff, 0x50, 0x48, 0x48, 0xff,
    0x50, 0x4c, 0x48, 0xff, 0x50, 0x4c, 0x48, 0xff, 0x50, 0x4c, 0x48, 0xff,
    0x50, 0x48, 0x40, 0xff, 0x50, 0x4c, 0x48, 0xff, 0x50, 0x4c, 0x48, 0xff,
    0x50, 0x4c, 0x40, 0xff, 0x50, 0x48, 0x48, 0xff, 0x50, 0x4c, 0x48, 0xff,
    0x50, 0x4c, 0x48, 0xff, 0x50, 0x48, 0x48, 0xff, 0x50, 0x4c, 0x48, 0xff,
    0x50, 0x4c, 0x40, 0xff, 0x50, 0x48, 0x48, 0xff, 0x50, 0x4c, 0x48, 0xff,
    0x50, 0x4c, 0x40, 0xff, 0x50, 0x4c, 0x48, 0xff, 0x50, 0x48, 0x48, 0xff,
    0x50, 0x4c, 0x48, 0xff, 0x50, 0x4c, 0x40, 0xff, 0x50, 0x4c, 0x48, 0xff,
    0x50, 0x48, 0x48, 0xff, 0x50, 0x4c, 0x48, 0xff, 0x50, 0x4c, 0x48, 0xff,
    0x50, 0x48, 0x48, 0xff, 0x50, 0x4c, 0x48, 0xff, 0x50, 0x4c, 0x40, 0xff,
    0x50, 0x4c, 0x48, 0xff, 0x50, 0x4c, 0x48, 0xff, 0x50, 0x4c, 0x48, 0xff,
    0x50, 0x4c, 0x48, 0xff, 0x50, 0x4c, 0x48, 0xff, 0x50, 0x4c, 0x48, 0xff,
    0x50, 0x4c, 0x48, 0xff, 0x50, 0x4c, 0x48, 0xff, 0x50, 0x48, 0x48, 0xff,
    0x50, 0x4c, 0x48, 0xff, 0x50, 0x4c, 0x48, 0xff, 0x50, 0x48, 0x48, 0xff,
    0x50, 0x4c, 0x48, 0xff, 0x50, 0x4c, 0x48, 0xff, 0x50, 0x48, 0x40, 0xff,
    0x50, 0x4c, 0x48, 0xff, 0x50, 0x4c, 0x48, 0xff, 0x50, 0x4c, 0x48, 0xff,
    0x50, 0x4c, 0x48, 0xff, 0x50, 0x4c, 0x40, 0xff, 0x50, 0x4c, 0x48, 0xff,
    0x50, 0x48, 0x48, 0xff, 0x50, 0x4c, 0x48, 0xff, 0x50, 0x4c, 0x48, 0xff,
    0x50, 0x48, 0x48, 0xff, 0x50, 0x4c, 0x48, 0xff, 0x50, 0x4c, 0x48, 0xff,
    0x50, 0x4c, 0x48, 0xff, 0x50, 0x48, 0x48, 0xff, 0x50, 0x4c, 0x48, 0xff,
    0x50, 0x4c, 0x48, 0xff, 0x50, 0x4c, 0x48, 0xff, 0x50, 0x48, 0x48, 0xff,
    0x50, 0x4c, 0x48, 0xff, 0x50, 0x4c, 0x48, 0xff, 0x50, 0x48, 0x48, 0xff,
    0x50, 0x4c, 0x48, 0xff, 0x50, 0x4c, 0x48, 0xff, 0x50, 0x4c, 0x48, 0xff,
    0x50, 0x48, 0x48, 0xff, 0x50, 0x4c, 0x48, 0xff, 0x50, 0x48, 0x48, 0xff,
    0x50, 0x4c, 0x48, 0xff, 0x50, 0x4c, 0x48, 0xff, 0x50, 0x48, 0x48, 0xff,
    0x50, 0x4c, 0x48, 0xff, 0x50, 0x4c, 0x48, 0xff, 0x50, 0x4c, 0x48, 0xff,
    0x50, 0x48, 0x48, 0xff, 0x50, 0x4c, 0x48, 0xff, 0x50, 0x4c, 0x48, 0xff,
    0x50, 0x4c, 0x48, 0xff, 0x50, 0x4c, 0x48, 0xff, 0x50, 0x4c, 0x40, 0xff,
    0x50, 0x4c, 0x48, 0xff, 0x50, 0x4c, 0x48, 0xff, 0x50, 0x4c, 0x40, 0xff,
    0x50, 0x4c, 0x48, 0xff, 0x50, 0x4c, 0x48, 0xff, 0x50, 0x48, 0x48, 0xff,
    0x50, 0x4c, 0x48, 0xff, 0x50, 0x4c, 0x48, 0xff, 0x50, 0x4c, 0x48, 0xff,
    0x50, 0x4c, 0x40, 0xff, 0x50, 0x48, 0x48, 0xff, 0x50, 0x4c, 0x48, 0xff,
    0x50, 0x4c, 0x48, 0xff, 0x50, 0x48, 0x48, 0xff, 0x50, 0x4c, 0x48, 0xff,
    0x50, 0x4c, 0x48, 0xff, 0x50, 0x4c, 0x40, 0xff, 0x50, 0x48, 0x48, 0xff,
    0x50, 0x4c, 0x48, 0xff, 0x50, 0x4c, 0x40, 0xff, 0x50, 0x48, 0x48, 0xff,
    0x50, 0x4c, 0x48, 0xff, 0x50, 0x4c, 0x48, 0xff, 0x50, 0x48, 0x48, 0xff,
    0x50, 0x4c, 0x48, 0xff, 0x50, 0x4c, 0x48, 0xff, 0x50, 0x48, 0x48, 0xff,
    0x50, 0x4c, 0x48, 0xff, 0x50, 0x4c, 0x48, 0xff, 0x50, 0x4c, 0x48, 0xff,
    0x50, 0x48, 0x48, 0xff, 0x50, 0x4c, 0x48, 0xff, 0x50, 0x4c, 0x48, 0xff,
    0x50, 0x48, 0x48, 0xff, 0x50, 0x4c, 0x48, 0xff, 0x50, 0x48, 0x48, 0xff,
    0x50, 0x4c, 0x48, 0xff, 0x50, 0x48, 0x48, 0xff, 0x50, 0x4c, 0x48, 0xff,
    0x50, 0x4c, 0x40, 0xff, 0x50, 0x4c, 0x48, 0xff, 0x50, 0x48, 0x48, 0xff,
    0x50, 0x4c, 0x48, 0xff, 0x50, 0x4c, 0x48, 0xff, 0x50, 0x4c, 0x48, 0xff,
    0x50, 0x48, 0x40, 0xff, 0x50, 0x4c, 0x48, 0xff, 0x50, 0x4c, 0x48, 0xff,
    0x50, 0x4c, 0x48, 0xff, 0x50, 0x48, 0x48, 0xff, 0x50, 0x4c, 0x48, 0xff,
    0x50, 0x48, 0x48, 0xff, 0x50, 0x4c, 0x48, 0xff, 0x50, 0x4c, 0x48, 0xff,
    0x50, 0x48, 0x40, 0xff, 0x50, 0x4c, 0x48, 0xff, 0x50, 0x4c, 0x48, 0xff,
    0x50, 0x4c, 0x48, 0xff, 0x50, 0x4c, 0x48, 0xff, 0x50, 0x48, 0x48, 0xff,
    0x50, 0x4c, 0x40, 0xff, 0x50, 0x4c, 0x48, 0xff, 0x50, 0x4c, 0x48, 0xff,
    0x50, 0x48, 0x48, 0xff, 0x50, 0x4c, 0x48, 0xff, 0x50, 0x4c, 0x48, 0xff,
    0x50, 0x48, 0x48, 0xff, 0x50, 0x4c, 0x48, 0xff, 0x50, 0x4c, 0x48, 0xff,
    0x50, 0x4c, 0x40, 0xff, 0x50, 0x48, 0x48, 0xff, 0x50, 0x4c, 0x48, 0xff,
    0x50, 0x4c, 0x48, 0xff, 0x50, 0x4c, 0x48, 0xff, 0x50, 0x4c, 0x48, 0xff,
    0x50, 0x4c, 0x40, 0xff, 0x50, 0x4c, 0x48, 0xff, 0x50, 0x4c, 0x48, 0xff,
    0x50, 0x4c, 0x48, 0xff, 0x50, 0x48, 0x48, 0xff, 0x50, 0x4c, 0x48, 0xff,
    0x50, 0x4c, 0x48, 0xff, 0x50, 0x4c, 0x48, 0xff, 0x50, 0x4c, 0x48, 0xff,
    0x50, 0x48, 0x48, 0xff, 0x50, 0x4c, 0x48, 0xff, 0x50, 0x4c, 0x48, 0xff,
    0x50, 0x4c, 0x48, 0xff, 0x50, 0x48, 0x48, 0xff, 0x50, 0x4c, 0x48, 0xff,
    0x50, 0x4c, 0x48, 0xff, 0x50, 0x4c, 0x48, 0xff, 0x50, 0x4c, 0x40, 0xff,
    0x50, 0x48, 0x48, 0xff, 0x50, 0x48, 0x48, 0xff, 0x50, 0x4c, 0x40, 0xff,
    0x50, 0x4c, 0x48, 0xff, 0x50, 0x48, 0x48, 0xff, 0x50, 0x4c, 0x48, 0xff,
    0x50, 0x4c, 0x48, 0xff, 0x50, 0x4c, 0x48, 0xff, 0x50, 0x4c, 0x48, 0xff,
    0x50, 0x4c, 0x48, 0xff, 0x50, 0x4c, 0x48, 0xff, 0x50, 0x4c, 0x48, 0xff,
    0x50, 0x48, 0x48, 0xff, 0x50, 0x4c, 0x48, 0xff, 0x50, 0x4c, 0x40, 0xff,
    0x50, 0x4c, 0x48, 0xff, 0x50, 0x4c, 0x48, 0xff, 0x50, 0x4c, 0x48, 0xff,
    0x50, 0x4c, 0x48, 0xff, 0x50, 0x4c, 0x40, 0xff, 0x50, 0x4c, 0x48, 0xff,
    0x50, 0x4c, 0x48, 0xff, 0x50, 0x48, 0x40, 0xff, 0x50, 0x4c, 0x48, 0xff,
    0x50, 0x4c, 0x48, 0xff, 0x50, 0x4c, 0x40, 0xff, 0x50, 0x48, 0x48, 0xff,
    0x50, 0x4c, 0x48, 0xff, 0x50, 0x4c, 0x48, 0xff, 0x50, 0x48, 0x48, 0xff,
    0x50, 0x4c, 0x40, 0xff, 0x50, 0x4c, 0x48, 0xff, 0x50, 0x4c, 0x48, 0xff,
    0x50, 0x4c, 0x40, 0xff, 0x50, 0x4c, 0x48, 0xff, 0x50, 0x48, 0x48, 0xdf,
    0x00, 0x00, 0x00, 0x00, 0x00, 0x00, 0x00, 0x00, 0x00, 0x00, 0x00, 0x00,
    0x00, 0x00, 0x00, 0x00, 0x00, 0x00, 0x00, 0x00, 0x00, 0x00, 0x00, 0x00,
    0x50, 0x4c, 0x48, 0x41, 0x50, 0x4c, 0x48, 0xff, 0x50, 0x48, 0x48, 0xff,
    0x50, 0x4c, 0x48, 0xff, 0x50, 0x4c, 0x48, 0xff, 0x50, 0x48, 0x48, 0xff,
    0x50, 0x4c, 0x48, 0xff, 0x50, 0x4c, 0x48, 0xff, 0x50, 0x4c, 0x48, 0xff,
    0x50, 0x4c, 0x48, 0xff, 0x50, 0x4c, 0x48, 0xff, 0x50, 0x4c, 0x48, 0xff,
    0x50, 0x48, 0x48, 0xff, 0x50, 0x4c, 0x48, 0xff, 0x50, 0x4c, 0x48, 0xff,
    0x50, 0x4c, 0x48, 0xff, 0x50, 0x48, 0x48, 0xff, 0x50, 0x4c, 0x48, 0xff,
    0x50, 0x4c, 0x48, 0xff, 0x50, 0x4c, 0x48, 0xff, 0x50, 0x4c, 0x48, 0xff,
    0x50, 0x4c, 0x48, 0xff, 0x50, 0x4c, 0x48, 0xff, 0x50, 0x4c, 0x48, 0xff,
    0x50, 0x4c, 0x48, 0xff, 0x50, 0x4c, 0x48, 0xff, 0x50, 0x48, 0x48, 0xff,
    0x50, 0x4c, 0x48, 0xff, 0x50, 0x4c, 0x48, 0xff, 0x50, 0x4c, 0x48, 0xff,
    0x50, 0x48, 0x48, 0xff, 0x50, 0x4c, 0x48, 0xff, 0x50, 0x4c, 0x48, 0xff,
    0x50, 0x4c, 0x48, 0xff, 0x50, 0x4c, 0x48, 0xff, 0x50, 0x4c, 0x48, 0xff,
    0x50, 0x4c, 0x48, 0xff, 0x50, 0x48, 0x48, 0xff, 0x50, 0x4c, 0x48, 0xff,
    0x50, 0x4c, 0x48, 0xff, 0x50, 0x48, 0x48, 0xff, 0x50, 0x48, 0x48, 0xff,
    0x50, 0x4c, 0x48, 0xff, 0x50, 0x4c, 0x48, 0xff, 0x50, 0x48, 0x40, 0xff,
    0x50, 0x4c, 0x48, 0xff, 0x50, 0x4c, 0x48, 0xff, 0x50, 0x4c, 0x40, 0xff,
    0x50, 0x4c, 0x48, 0xff, 0x50, 0x4c, 0x48, 0xff, 0x50, 0x48, 0x48, 0xff,
    0x50, 0x4c, 0x48, 0xff, 0x50, 0x4c, 0x48, 0xff, 0x50, 0x48, 0x48, 0xff,
    0x50, 0x4c, 0x48, 0xff, 0x50, 0x48, 0x48, 0xff, 0x50, 0x48, 0x40, 0xff,
    0x50, 0x4c, 0x48, 0xff, 0x50, 0x4c, 0x48, 0xff, 0x50, 0x48, 0x48, 0xff,
    0x50, 0x4c, 0x48, 0xff, 0x50, 0x4c, 0x40, 0xff, 0x50, 0x4c, 0x48, 0xff,
    0x50, 0x4c, 0x48, 0xff, 0x50, 0x4c, 0x40, 0xff, 0x50, 0x4c, 0x48, 0xff,
    0x50, 0x4c, 0x48, 0xff, 0x50, 0x4c, 0x48, 0xff, 0x50, 0x4c, 0x48, 0xff,
    0x50, 0x4c, 0x40, 0xff, 0x50, 0x4c, 0x48, 0xff, 0x50, 0x4c, 0x48, 0xff,
    0x50, 0x4c, 0x40, 0xff, 0x50, 0x4c, 0x48, 0xff, 0x50, 0x48, 0x48, 0xff,
    0x50, 0x4c, 0x48, 0xff, 0x50, 0x4c, 0x40, 0xff, 0x50, 0x48, 0x48, 0xff,
    0x50, 0x4c, 0x48, 0xff, 0x50, 0x4c, 0x48, 0xff, 0x50, 0x4c, 0x48, 0xff,
    0x50, 0x4c, 0x48, 0xff, 0x50, 0x4c, 0x48, 0xff, 0x50, 0x4c, 0x48, 0xff,
    0x50, 0x48, 0x40, 0xff, 0x50, 0x4c, 0x48, 0xff, 0x50, 0x4c, 0x48, 0xff,
    0x50, 0x48, 0x40, 0xff, 0x50, 0x4c, 0x48, 0xff, 0x50, 0x4c, 0x48, 0xff,
    0x50, 0x48, 0x48, 0xff, 0x50, 0x4c, 0x48, 0xff, 0x50, 0x4c, 0x48, 0xff,
    0x50, 0x48, 0x48, 0xff, 0x50, 0x4c, 0x48, 0xff, 0x50, 0x4c, 0x48, 0xff,
    0x50, 0x4c, 0x48, 0xff, 0x50, 0x4c, 0x48, 0xff, 0x50, 0x4c, 0x40, 0xff,
    0x50, 0x48, 0x48, 0xff, 0x50, 0x4c, 0x48, 0xff, 0x50, 0x4c, 0x48, 0xff,
    0x50, 0x48, 0x48, 0xff, 0x50, 0x4c, 0x48, 0xff, 0x50, 0x4c, 0x48, 0xff,
    0x50, 0x48, 0x40, 0xff, 0x50, 0x4c, 0x48, 0xff, 0x50, 0x4c, 0x48, 0xff,
    0x50, 0x4c, 0x48, 0xff, 0x50, 0x48, 0x48, 0xff, 0x50, 0x4c, 0x48, 0xff,
    0x50, 0x4c, 0x48, 0xff, 0x50, 0x48, 0x48, 0xff, 0x50, 0x4c, 0x48, 0xff,
    0x50, 0x4c, 0x48, 0xff, 0x50, 0x4c, 0x48, 0xff, 0x50, 0x48, 0x48, 0xff,
    0x50, 0x4c, 0x48, 0xff, 0x50, 0x4c, 0x48, 0xff, 0x50, 0x4c, 0x48, 0xff,
    0x50, 0x4c, 0x48, 0xff, 0x50, 0x4c, 0x48, 0xff, 0x50, 0x4c, 0x40, 0xff,
    0x50, 0x4c, 0x48, 0xff, 0x50, 0x4c, 0x48, 0xff, 0x50, 0x4c, 0x40, 0xff,
    0x50, 0x4c, 0x48, 0xff, 0x50, 0x4c, 0x48, 0xff, 0x50, 0x4c, 0x40, 0xff,
    0x50, 0x48, 0x48, 0xff, 0x50, 0x4c, 0x48, 0xff, 0x50, 0x4c, 0x48, 0xff,
    0x50, 0x4c, 0x48, 0xff, 0x50, 0x4c, 0x48, 0xff, 0x50, 0x4c, 0x48, 0xff,
    0x50, 0x48, 0x48, 0xff, 0x50, 0x4c, 0x48, 0xff, 0x50, 0x4c, 0x48, 0xff,
    0x50, 0x4c, 0x48, 0xff, 0x50, 0x48, 0x48, 0xff, 0x50, 0x4c, 0x48, 0xff,
    0x50, 0x4c, 0x48, 0xff, 0x50, 0x4c, 0x48, 0xff, 0x50, 0x4c, 0x40, 0xff,
    0x50, 0x4c, 0x48, 0xff, 0x50, 0x4c, 0x48, 0xff, 0x50, 0x4c, 0x48, 0xff,
    0x50, 0x48, 0x48, 0xff, 0x50, 0x4c, 0x48, 0xff, 0x50, 0x48, 0x48, 0xff,
    0x50, 0x4c, 0x48, 0xff, 0x50, 0x4c, 0x48, 0xff, 0x50, 0x4c, 0x48, 0xff,
    0x50, 0x48, 0x48, 0xff, 0x50, 0x4c, 0x48, 0xff, 0x50, 0x4c, 0x48, 0xff,
    0x50, 0x4c, 0x48, 0xff, 0x50, 0x4c, 0x48, 0xff, 0x50, 0x4c, 0x40, 0xff,
    0x50, 0x48, 0x48, 0xff, 0x50, 0x4c, 0x48, 0xff, 0x50, 0x4c, 0x48, 0xff,
    0x50, 0x4c, 0x48, 0xff, 0x50, 0x4c, 0x48, 0xff, 0x50, 0x48, 0x48, 0xff,
    0x50, 0x4c, 0x48, 0xff, 0x50, 0x4c, 0x48, 0xff, 0x50, 0x48, 0x48, 0xff,
    0x50, 0x48, 0x48, 0xff, 0x50, 0x4c, 0x48, 0xff, 0x50, 0x4c, 0x48, 0xff,
    0x50, 0x4c, 0x48, 0xff, 0x50, 0x4c, 0x48, 0xff, 0x50, 0x48, 0x40, 0xff,
    0x50, 0x4c, 0x48, 0xff, 0x50, 0x4c, 0x48, 0xff, 0x50, 0x48, 0x48, 0xff,
    0x50, 0x4c, 0x40, 0xff, 0x50, 0x4c, 0x48, 0xff, 0x50, 0x4c, 0x48, 0xff,
    0x50, 0x4c, 0x48, 0xff, 0x50, 0x4c, 0x48, 0xff, 0x50, 0x48, 0x40, 0xff,
    0x50, 0x4c, 0x48, 0xff, 0x50, 0x4c, 0x48, 0xff, 0x50, 0x4c, 0x48, 0xff,
    0x50, 0x4c, 0x48, 0xff, 0x50, 0x4c, 0x48, 0xff, 0x50, 0x4c, 0x48, 0xff,
    0x50, 0x48, 0x48, 0xff, 0x50, 0x4c, 0x40, 0xff, 0x50, 0x4c, 0x48, 0xff,
    0x50, 0x48, 0x48, 0xff, 0x50, 0x4c, 0x40, 0xff, 0x50, 0x48, 0x48, 0xff,
    0x50, 0x4c, 0x48, 0xff, 0x50, 0x4c, 0x40, 0xff, 0x50, 0x4c, 0x48, 0xff,
    0x50, 0x4c, 0x48, 0xff, 0x50, 0x48, 0x48, 0xff, 0x50, 0x4c, 0x48, 0xff,
    0x50, 0x48, 0x48, 0xff, 0x50, 0x4c, 0x48, 0xff, 0x50, 0x48, 0x48, 0xff,
    0x50, 0x48, 0x48, 0xff, 0x50, 0x4c, 0x48, 0xff, 0x50, 0x4c, 0x48, 0xff,
    0x50, 0x4c, 0x48, 0xff, 0x50, 0x4c, 0x48, 0xff, 0x50, 0x48, 0x48, 0xff,
    0x50, 0x4c, 0x48, 0xff, 0x50, 0x4c, 0x48, 0xff, 0x50, 0x4c, 0x48, 0xff,
    0x50, 0x48, 0x48, 0xff, 0x50, 0x4c, 0x48, 0xff, 0x50, 0x4c, 0x48, 0xff,
    0x50, 0x48, 0x48, 0xff, 0x50, 0x4c, 0x48, 0xff, 0x50, 0x4c, 0x48, 0xff,
    0x50, 0x48, 0x48, 0xff, 0x50, 0x4c, 0x48, 0xff, 0x50, 0x48, 0x48, 0x4d,
    0x00, 0x00, 0x00, 0x00, 0x00, 0x00, 0x00, 0x00, 0x00, 0x00, 0x00, 0x00,
    0x00, 0x00, 0x00, 0x00, 0x00, 0x00, 0x00, 0x00, 0x00, 0x00, 0x00, 0x00,
    0x00, 0x00, 0x00, 0x00, 0x50, 0x4c, 0x48, 0xbe, 0x50, 0x4c, 0x48, 0xff,
    0x50, 0x4c, 0x48, 0xff, 0x50, 0x48, 0x48, 0xff, 0x50, 0x4c, 0x48, 0xff,
    0x50, 0x4c, 0x48, 0xff, 0x50, 0x48, 0x40, 0xff, 0x50, 0x4c, 0x48, 0xff,
    0x50, 0x48, 0x48, 0xff, 0x50, 0x4c, 0x40, 0xff, 0x50, 0x4c, 0x48, 0xff,
    0x50, 0x4c, 0x48, 0xff, 0x50, 0x48, 0x40, 0xff, 0x50, 0x4c, 0x48, 0xff,
    0x50, 0x4c, 0x48, 0xff, 0x50, 0x48, 0x48, 0xff, 0x50, 0x4c, 0x48, 0xff,
    0x50, 0x4c, 0x48, 0xff, 0x50, 0x48, 0x40, 0xff, 0x50, 0x4c, 0x48, 0xff,
    0x50, 0x48, 0x48, 0xff, 0x50, 0x4c, 0x40, 0xff, 0x50, 0x48, 0x48, 0xff,
    0x50, 0x4c, 0x48, 0xff, 0x50, 0x4c, 0x48, 0xff, 0x50, 0x4c, 0x48, 0xff,
    0x50, 0x48, 0x48, 0xff, 0x50, 0x4c, 0x40, 0xff, 0x50, 0x4c, 0x48, 0xff,
    0x50, 0x4c, 0x48, 0xff, 0x50, 0x48, 0x48, 0xff, 0x50, 0x4c, 0x40, 0xff,
    0x50, 0x4c, 0x48, 0xff, 0x50, 0x48, 0x48, 0xff, 0x50, 0x4c, 0x40, 0xff,
    0x50, 0x4c, 0x48, 0xff, 0x50, 0x4c, 0x48, 0xff, 0x50, 0x48, 0x48, 0xff,
    0x50, 0x4c, 0x48, 0xff, 0x50, 0x4c, 0x40, 0xff, 0x50, 0x4c, 0x48, 0xff,
    0x50, 0x4c, 0x48, 0xff, 0x50, 0x48, 0x48, 0xff, 0x50, 0x4c, 0x48, 0xff,
    0x50, 0x4c, 0x48, 0xff, 0x50, 0x48, 0x48, 0xff, 0x50, 0x4c, 0x48, 0xff,
    0x50, 0x4c, 0x48, 0xff, 0x50, 0x48, 0x48, 0xff, 0x50, 0x4c, 0x40, 0xff,
    0x50, 0x4c, 0x48, 0xff, 0x50, 0x4c, 0x48, 0xff, 0x50, 0x4c, 0x48, 0xff,
    0x50, 0x4c, 0x48, 0xff, 0x50, 0x4c, 0x48, 0xff, 0x50, 0x4c, 0x48, 0xff,
    0x50, 0x4c, 0x48, 0xff, 0x50, 0x48, 0x48, 0xff, 0x50, 0x4c, 0x48, 0xff,
    0x50, 0x4c, 0x48, 0xff, 0x50, 0x4c, 0x48, 0xff, 0x50, 0x48, 0x48, 0xff,
    0x50, 0x4c, 0x48, 0xff, 0x50, 0x48, 0x48, 0xff, 0x50, 0x48, 0x48, 0xff,
    0x50, 0x4c, 0x48, 0xff, 0x50, 0x4c, 0x40, 0xff, 0x50, 0x48, 0x48, 0xff,
    0x50, 0x48, 0x48, 0xff, 0x50, 0x4c, 0x48, 0xff, 0x50, 0x4c, 0x48, 0xff,
    0x50, 0x48, 0x48, 0xff, 0x50, 0x4c, 0x48, 0xff, 0x50, 0x4c, 0x48, 0xff,
    0x50, 0x4c, 0x48, 0xff, 0x50, 0x4c, 0x48, 0xff, 0x50, 0x4c, 0x48, 0xff,
    0x50, 0x4c, 0x48, 0xff, 0x50, 0x48, 0x40, 0xff, 0x50, 0x4c, 0x48, 0xff,
    0x50, 0x48, 0x48, 0xff, 0x50, 0x4c, 0x40, 0xff, 0x50, 0x4c, 0x48, 0xff,
    0x50, 0x48, 0x48, 0xff, 0x50, 0x4c, 0x48, 0xff, 0x50, 0x4c, 0x48, 0xff,
    0x50, 0x4c, 0x48, 0xff, 0x50, 0x4c, 0x48, 0xff, 0x50, 0x48, 0x48, 0xff,
    0x50, 0x4c, 0x40, 0xff, 0x50, 0x4c, 0x48, 0xff, 0x50, 0x48, 0x48, 0xff,
    0x50, 0x4c, 0x48, 0xff, 0x50, 0x4c, 0x48, 0xff, 0x50, 0x48, 0x48, 0xff,
    0x50, 0x48, 0x48, 0xff, 0x50, 0x4c, 0x48, 0xff, 0x50, 0x4c, 0x48, 0xff,
    0x50, 0x4c, 0x48, 0xff, 0x50, 0x48, 0x48, 0xff, 0x50, 0x4c, 0x40, 0xff,
    0x50, 0x4c, 0x48, 0xff, 0x50, 0x4c, 0x48, 0xff, 0x50, 0x4c, 0x48, 0xff,
    0x50, 0x4c, 0x48, 0xff, 0x50, 0x48, 0x48, 0xff, 0x50, 0x4c, 0x48, 0xff,
    0x50, 0x4c, 0x40, 0xff, 0x50, 0x4c, 0x48, 0xff, 0x50, 0x4c, 0x48, 0xff,
    0x50, 0x4c, 0x48, 0xff, 0x50, 0x4c, 0x48, 0xff, 0x50, 0x4c, 0x40, 0xff,
    0x50, 0x4c, 0x48, 0xff, 0x50, 0x48, 0x48, 0xff, 0x50, 0x4c, 0x40, 0xff,
    0x50, 0x4c, 0x48, 0xff, 0x50, 0x48, 0x48, 0xff, 0x50, 0x4c, 0x40, 0xff,
    0x50, 0x48, 0x48, 0xff, 0x50, 0x48, 0x48, 0xff, 0x50, 0x4c, 0x48, 0xff,
    0x50, 0x48, 0x48, 0xff, 0x50, 0x4c, 0x48, 0xff, 0x50, 0x48, 0x48, 0xff,
    0x50, 0x4c, 0x48, 0xff, 0x50, 0x4c, 0x48, 0xff, 0x50, 0x4c, 0x48, 0xff,
    0x50, 0x4c, 0x48, 0xff, 0x50, 0x4c, 0x40, 0xff, 0x50, 0x48, 0x48, 0xff,
    0x50, 0x48, 0x48, 0xff, 0x50, 0x4c, 0x48, 0xff, 0x50, 0x4c, 0x40, 0xff,
    0x50, 0x4c, 0x48, 0xff, 0x50, 0x48, 0x48, 0xff, 0x50, 0x4c, 0x48, 0xff,
    0x50, 0x4c, 0x48, 0xff, 0x50, 0x4c, 0x48, 0xff, 0x50, 0x48, 0x40, 0xff,
    0x50, 0x4c, 0x48, 0xff, 0x50, 0x4c, 0x48, 0xff, 0x50, 0x48, 0x48, 0xff,
    0x50, 0x4c, 0x48, 0xff, 0x50, 0x4c, 0x40, 0xff, 0x50, 0x48, 0x48, 0xff,
    0x50, 0x4c, 0x48, 0xff, 0x50, 0x4c, 0x48, 0xff, 0x50, 0x4c, 0x40, 0xff,
    0x50, 0x48, 0x48, 0xff, 0x50, 0x4c, 0x48, 0xff, 0x50, 0x4c, 0x48, 0xff,
    0x50, 0x4c, 0x48, 0xff, 0x50, 0x48, 0x48, 0xff, 0x50, 0x4c, 0x40, 0xff,
    0x50, 0x48, 0x48, 0xff, 0x50, 0x4c, 0x48, 0xff, 0x50, 0x4c, 0x48, 0xff,
    0x50, 0x4c, 0x48, 0xff, 0x50, 0x48, 0x40, 0xff, 0x50, 0x4c, 0x48, 0xff,
    0x50, 0x4c, 0x48, 0xff, 0x50, 0x48, 0x48, 0xff, 0x50, 0x4c, 0x40, 0xff,
    0x50, 0x4c, 0x48, 0xff, 0x50, 0x4c, 0x48, 0xff, 0x50, 0x4c, 0x48, 0xff,
    0x50, 0x4c, 0x48, 0xff, 0x50, 0x48, 0x48, 0xff, 0x50, 0x4c, 0x40, 0xff,
    0x50, 0x4c, 0x48, 0xff, 0x50, 0x48, 0x48, 0xff, 0x50, 0x4c, 0x48, 0xff,
    0x50, 0x4c, 0x48, 0xff, 0x50, 0x48, 0x48, 0xff, 0x50, 0x4c, 0x48, 0xff,
    0x50, 0x4c, 0x48, 0xff, 0x50, 0x48, 0x48, 0xff, 0x50, 0x48, 0x40, 0xff,
    0x50, 0x4c, 0x48, 0xff, 0x50, 0x4c, 0x48, 0xff, 0x50, 0x4c, 0x48, 0xff,
    0x50, 0x48, 0x48, 0xff, 0x50, 0x4c, 0x48, 0xff, 0x50, 0x48, 0x48, 0xff,
    0x50, 0x4c, 0x48, 0xff, 0x50, 0x4c, 0x48, 0xff, 0x50, 0x4c, 0x48, 0xff,
    0x50, 0x4c, 0x48, 0xff, 0x50, 0x4c, 0x48, 0xff, 0x50, 0x4c, 0x48, 0xff,
    0x50, 0x4c, 0x48, 0xff, 0x50, 0x48, 0x48, 0xff, 0x50, 0x4c, 0x48, 0xff,
    0x50, 0x4c, 0x48, 0xff, 0x50, 0x48, 0x48, 0xff, 0x50, 0x4c, 0x48, 0xff,
    0x50, 0x4c, 0x48, 0xff, 0x50, 0x4c, 0x40, 0xff, 0x50, 0x4c, 0x48, 0xff,
    0x50, 0x4c, 0x48, 0xff, 0x50, 0x4c, 0x40, 0xff, 0x50, 0x4c, 0x48, 0xff,
    0x50, 0x4c, 0x48, 0xff, 0x50, 0x48, 0x48, 0xff, 0x50, 0x4c, 0x48, 0xff,
    0x50, 0x4c, 0x48, 0xff, 0x50, 0x4c, 0x48, 0xff, 0x50, 0x4c, 0x48, 0xff,
    0x50, 0x48, 0x48, 0xff, 0x50, 0x4c, 0x48, 0xff, 0x50, 0x4c, 0x48, 0xff,
    0x50, 0x4c, 0x40, 0xff, 0x50, 0x4c, 0x48, 0xff, 0x50, 0x4c, 0x48, 0xff,
    0x50, 0x4c, 0x48, 0xff, 0x50, 0x4c, 0x48, 0xff, 0x50, 0x48, 0x48, 0xff,
    0x50, 0x4c, 0x48, 0xff, 0x50, 0x48, 0x48, 0x9e, 0x00, 0x00, 0x00, 0x00,
    0x00, 0x00, 0x00, 0x00, 0x00, 0x00, 0x00, 0x00, 0x00, 0x00, 0x00, 0x00,
    0x00, 0x00, 0x00, 0x00, 0x00, 0x00, 0x00, 0x00, 0x00, 0x00, 0x00, 0x00,
    0x00, 0x00, 0x00, 0x00, 0x50, 0x48, 0x48, 0x20, 0x50, 0x4c, 0x48, 0xef,
    0x50, 0x4c, 0x40, 0xff, 0x50, 0x4c, 0x48, 0xff, 0x50, 0x4c, 0x48, 0xff,
    0x50, 0x48, 0x48, 0xff, 0x50, 0x4c, 0x48, 0xff, 0x50, 0x4c, 0x48, 0xff,
    0x50, 0x48, 0x48, 0xff, 0x50, 0x4c, 0x48, 0xff, 0x50, 0x4c, 0x48, 0xff,
    0x50, 0x4c, 0x48, 0xff, 0x50, 0x4c, 0x48, 0xff, 0x50, 0x4c, 0x48, 0xff,
    0x50, 0x4c, 0x40, 0xff, 0x50, 0x4c, 0x48, 0xff, 0x50, 0x48, 0x48, 0xff,
    0x50, 0x4c, 0x48, 0xff, 0x50, 0x4c, 0x48, 0xff, 0x50, 0x48, 0x48, 0xff,
    0x50, 0x4c, 0x48, 0xff, 0x50, 0x4c, 0x48, 0xff, 0x50, 0x4c, 0x48, 0xff,
    0x50, 0x48, 0x48, 0xff, 0x50, 0x4c, 0x40, 0xff, 0x50, 0x4c, 0x48, 0xff,
    0x50, 0x4c, 0x48, 0xff, 0x50, 0x48, 0x48, 0xff, 0x50, 0x4c, 0x48, 0xff,
    0x50, 0x4c, 0x48, 0xff, 0x50, 0x4c, 0x48, 0xff, 0x50, 0x48, 0x48, 0xff,
    0x50, 0x4c, 0x48, 0xff, 0x50, 0x4c, 0x48, 0xff, 0x50, 0x48, 0x48, 0xff,
    0x50, 0x4c, 0x48, 0xff, 0x50, 0x4c, 0x40, 0xff, 0x50, 0x4c, 0x48, 0xff,
    0x50, 0x4c, 0x48, 0xff, 0x50, 0x4c, 0x48, 0xff, 0x50, 0x4c, 0x48, 0xff,
    0x50, 0x48, 0x48, 0xff, 0x50, 0x4c, 0x40, 0xff, 0x50, 0x4c, 0x48, 0xff,
    0x50, 0x4c, 0x48, 0xff, 0x50, 0x48, 0x48, 0xff, 0x50, 0x4c, 0x48, 0xff,
    0x50, 0x4c, 0x48, 0xff, 0x50, 0x48, 0x48, 0xff, 0x50, 0x4c, 0x48, 0xff,
    0x50, 0x4c, 0x48, 0xff, 0x50, 0x48, 0x48, 0xff, 0x50, 0x4c, 0x40, 0xff,
    0x50, 0x4c, 0x48, 0xff, 0x50, 0x4c, 0x48, 0xff, 0x50, 0x4c, 0x48, 0xff,
    0x50, 0x48, 0x48, 0xff, 0x50, 0x4c, 0x40, 0xff, 0x50, 0x4c, 0x48, 0xff,
    0x50, 0x4c, 0x48, 0xff, 0x50, 0x48, 0x48, 0xff, 0x50, 0x4c, 0x48, 0xff,
    0x50, 0x4c, 0x48, 0xff, 0x50, 0x4c, 0x48, 0xff, 0x50, 0x4c, 0x48, 0xff,
    0x50, 0x4c, 0x48, 0xff, 0x50, 0x48, 0x48, 0xff, 0x50, 0x4c, 0x48, 0xff,
    0x50, 0x4c, 0x48, 0xff, 0x50, 0x4c, 0x48, 0xff, 0x50, 0x48, 0x48, 0xff,
    0x50, 0x4c, 0x48, 0xff, 0x50, 0x4c, 0x40, 0xff, 0x50, 0x48, 0x48, 0xff,
    0x50, 0x4c, 0x48, 0xff, 0x50, 0x48, 0x48, 0xff, 0x50, 0x4c, 0x48, 0xff,
    0x50, 0x4c, 0x48, 0xff, 0x50, 0x4c, 0x48, 0xff, 0x50, 0x48, 0x48, 0xff,
    0x50, 0x4c, 0x48, 0xff, 0x50, 0x4c, 0x48, 0xff, 0x50, 0x4c, 0x48, 0xff,
    0x50, 0x4c, 0x48, 0xff, 0x50, 0x48, 0x48, 0xff, 0x50, 0x4c, 0x48, 0xff,
    0x50, 0x4c, 0x48, 0xff, 0x50, 0x48, 0x48, 0xff, 0x50, 0x4c, 0x48, 0xff,
    0x50, 0x4c, 0x48, 0xff, 0x50, 0x4c, 0x48, 0xff, 0x50, 0x4c, 0x48, 0xff,
    0x50, 0x4c, 0x40, 0xff, 0x50, 0x4c, 0x48, 0xff, 0x50, 0x4c, 0x48, 0xff,
    0x50, 0x4c, 0x40, 0xff, 0x50, 0x48, 0x48, 0xff, 0x50, 0x4c, 0x48, 0xff,
    0x50, 0x4c, 0x48, 0xff, 0x50, 0x4c, 0x48, 0xff, 0x50, 0x48, 0x48, 0xff,
    0x50, 0x4c, 0x48, 0xff, 0x50, 0x48, 0x48, 0xff, 0x50, 0x4c, 0x48, 0xff,
    0x50, 0x4c, 0x48, 0xff, 0x50, 0x4c, 0x48, 0xff, 0x50, 0x48, 0x48, 0xff,
    0x50, 0x4c, 0x48, 0xff, 0x50, 0x48, 0x48, 0xff, 0x50, 0x4c, 0x48, 0xff,
    0x50, 0x48, 0x40, 0xff, 0x50, 0x4c, 0x48, 0xff, 0x50, 0x4c, 0x48, 0xff,
    0x50, 0x48, 0x48, 0xff, 0x50, 0x4c, 0x48, 0xff, 0x50, 0x4c, 0x48, 0xff,
    0x50, 0x4c, 0x48, 0xff, 0x50, 0x4c, 0x48, 0xff, 0x50, 0x4c, 0x48, 0xff,
    0x50, 0x4c, 0x48, 0xff, 0x50, 0x4c, 0x48, 0xff, 0x50, 0x4c, 0x48, 0xff,
    0x50, 0x4c, 0x48, 0xff, 0x50, 0x48, 0x48, 0xff, 0x50, 0x4c, 0x48, 0xff,
    0x50, 0x48, 0x48, 0xff, 0x50, 0x4c, 0x48, 0xff, 0x50, 0x48, 0x48, 0xff,
    0x50, 0x4c, 0x48, 0xff, 0x50, 0x4c, 0x48, 0xff, 0x50, 0x4c, 0x48, 0xff,
    0x50, 0x4c, 0x48, 0xff, 0x50, 0x48, 0x48, 0xff, 0x50, 0x4c, 0x48, 0xff,
    0x50, 0x4c, 0x48, 0xff, 0x50, 0x4c, 0x40, 0xff, 0x50, 0x48, 0x48, 0xff,
    0x50, 0x4c, 0x48, 0xff, 0x50, 0x4c, 0x48, 0xff, 0x50, 0x4c, 0x48, 0xff,
    0x50, 0x48, 0x48, 0xff, 0x50, 0x4c, 0x48, 0xff, 0x50, 0x4c, 0x48, 0xff,
    0x50, 0x48, 0x48, 0xff, 0x50, 0x4c, 0x48, 0xff, 0x50, 0x4c, 0x48, 0xff,
    0x50, 0x4c, 0x48, 0xff, 0x50, 0x4c, 0x48, 0xff, 0x50, 0x4c, 0x48, 0xff,
    0x50, 0x48, 0x48, 0xff, 0x50, 0x4c, 0x40, 0xff, 0x50, 0x4c, 0x48, 0xff,
    0x50, 0x48, 0x48, 0xff, 0x50, 0x4c, 0x48, 0xff, 0x50, 0x4c, 0x48, 0xff,
    0x50, 0x4c, 0x48, 0xff, 0x50, 0x48, 0x48, 0xff, 0x50, 0x4c, 0x48, 0xff,
    0x50, 0x4c, 0x48, 0xff, 0x50, 0x4c, 0x48, 0xff, 0x50, 0x48, 0x48, 0xff,
    0x50, 0x4c, 0x48, 0xff, 0x50, 0x4c, 0x48, 0xff, 0x50, 0x4c, 0x48, 0xff,
    0x50, 0x48, 0x48, 0xff, 0x50, 0x4c, 0x40, 0xff, 0x50, 0x4c, 0x48, 0xff,
    0x50, 0x4c, 0x48, 0xff, 0x50, 0x48, 0x48, 0xff, 0x50, 0x4c, 0x48, 0xff,
    0x50, 0x4c, 0x48, 0xff, 0x50, 0x4c, 0x48, 0xff, 0x50, 0x4c, 0x48, 0xff,
    0x50, 0x4c, 0x40, 0xff, 0x50, 0x4c, 0x48, 0xff, 0x50, 0x4c, 0x48, 0xff,
    0x50, 0x4c, 0x48, 0xff, 0x50, 0x4c, 0x48, 0xff, 0x50, 0x4c, 0x48, 0xff,
    0x50, 0x48, 0x48, 0xff, 0x50, 0x4c, 0x48, 0xff, 0x50, 0x4c, 0x48, 0xff,
    0x50, 0x4c, 0x48, 0xff, 0x50, 0x4c, 0x48, 0xff, 0x50, 0x4c, 0x40, 0xff,
    0x50, 0x48, 0x48, 0xff, 0x50, 0x4c, 0x48, 0xff, 0x50, 0x48, 0x40, 0xff,
    0x50, 0x4c, 0x48, 0xff, 0x50, 0x48, 0x48, 0xff, 0x50, 0x4c, 0x48, 0xff,
    0x50, 0x4c, 0x48, 0xff, 0x50, 0x4c, 0x48, 0xff, 0x50, 0x4c, 0x48, 0xff,
    0x50, 0x4c, 0x48, 0xff, 0x50, 0x48, 0x48, 0xff, 0x50, 0x4c, 0x48, 0xff,
    0x50, 0x48, 0x48, 0xff, 0x50, 0x4c, 0x48, 0xff, 0x50, 0x4c, 0x48, 0xff,
    0x50, 0x48, 0x48, 0xff, 0x50, 0x4c, 0x48, 0xff, 0x50, 0x4c, 0x48, 0xff,
    0x50, 0x4c, 0x48, 0xff, 0x50, 0x4c, 0x40, 0xff, 0x50, 0x48, 0x48, 0xff,
    0x50, 0x48, 0x48, 0xff, 0x50, 0x4c, 0x40, 0xff, 0x50, 0x4c, 0x48, 0xff,
    0x50, 0x4c, 0x48, 0xff, 0x50, 0x48, 0x40, 0xff, 0x50, 0x4c, 0x48, 0xff,
    0x50, 0x4c, 0x48, 0xff, 0x50, 0x48, 0x48, 0xff, 0x50, 0x48, 0x48, 0xff,
    0x50, 0x4c, 0x40, 0xff, 0x50, 0x4c, 0x48, 0xff, 0x50, 0x4c, 0x48, 0xff,
    0x50, 0x48, 0x40, 0xdf, 0x50, 0x48, 0x48, 0x20, 0x00, 0x00, 0x00, 0x00,
    0x00, 0x00, 0x00, 0x00, 0x00, 0x00, 0x00, 0x00, 0x00, 0x00, 0x00, 0x00,
    0x00, 0x00, 0x00, 0x00, 0x00, 0x00, 0x00, 0x00, 0x00, 0x00, 0x00, 0x00,
    0x00, 0x00, 0x00, 0x00, 0x00, 0x00, 0x00, 0x00, 0x50, 0x48, 0x48, 0x71,
    0x50, 0x4c, 0x48, 0xff, 0x50, 0x4c, 0x48, 0xff, 0x50, 0x48, 0x48, 0xff,
    0x50, 0x4c, 0x40, 0xff, 0x50, 0x4c, 0x48, 0xff, 0x50, 0x4c, 0x48, 0xff,
    0x50, 0x4c, 0x48, 0xff, 0x50, 0x48, 0x48, 0xff, 0x50, 0x4c, 0x40, 0xff,
    0x50, 0x48, 0x48, 0xff, 0x50, 0x4c, 0x48, 0xff, 0x50, 0x48, 0x48, 0xff,
    0x50, 0x4c, 0x48, 0xff, 0x50, 0x4c, 0x48, 0xff, 0x50, 0x4c, 0x48, 0xff,
    0x50, 0x4c, 0x40, 0xff, 0x50, 0x4c, 0x48, 0xff, 0x50, 0x4c, 0x48, 0xff,
    0x50, 0x4c, 0x48, 0xff, 0x50, 0x4c, 0x48, 0xff, 0x50, 0x4c, 0x48, 0xff,
    0x50, 0x4c, 0x48, 0xff, 0x50, 0x48, 0x48, 0xff, 0x50, 0x4c, 0x48, 0xff,
    0x50, 0x4c, 0x48, 0xff, 0x50, 0x4c, 0x48, 0xff, 0x50, 0x48, 0x40, 0xff,
    0x50, 0x4c, 0x48, 0xff, 0x50, 0x4c, 0x48, 0xff, 0x50, 0x4c, 0x48, 0xff,
    0x50, 0x4c, 0x48, 0xff, 0x50, 0x4c, 0x48, 0xff, 0x50, 0x48, 0x48, 0xff,
    0x50, 0x4c, 0x48, 0xff, 0x50, 0x4c, 0x48, 0xff, 0x50, 0x48, 0x48, 0xff,
    0x50, 0x48, 0x48, 0xff, 0x50, 0x4c, 0x48, 0xff, 0x50, 0x4c, 0x48, 0xff,
    0x50, 0x4c, 0x48, 0xff, 0x50, 0x4c, 0x48, 0xff, 0x50, 0x4c, 0x48, 0xff,
    0x50, 0x48, 0x48, 0xff, 0x50, 0x4c, 0x40, 0xff, 0x50, 0x4c, 0x48, 0xff,
    0x50, 0x4c, 0x48, 0xff, 0x50, 0x4c, 0x40, 0xff, 0x50, 0x4c, 0x48, 0xff,
    0x50, 0x48, 0x48, 0xff, 0x50, 0x4c, 0x48, 0xff, 0x50, 0x4c, 0x48, 0xff,
    0x50, 0x48, 0x48, 0xff, 0x50, 0x48, 0x40, 0xff, 0x50, 0x4c, 0x48, 0xff,
    0x50, 0x4c, 0x48, 0xff, 0x50, 0x4c, 0x48, 0xff, 0x50, 0x4c, 0x48, 0xff,
    0x50, 0x48, 0x48, 0xff, 0x50, 0x4c, 0x40, 0xff, 0x50, 0x4c, 0x48, 0xff,
    0x50, 0x4c, 0x48, 0xff, 0x50, 0x48, 0x40, 0xff, 0x50, 0x4c, 0x48, 0xff,
    0x50, 0x4c, 0x48, 0xff, 0x50, 0x4c, 0x48, 0xff, 0x50, 0x4c, 0x48, 0xff,
    0x50, 0x4c, 0x40, 0xff, 0x50, 0x4c, 0x48, 0xff, 0x50, 0x4c, 0x48, 0xff,
    0x50, 0x4c, 0x48, 0xff, 0x50, 0x4c, 0x48, 0xff, 0x50, 0x4c, 0x48, 0xff,
    0x50, 0x4c, 0x40, 0xff, 0x50, 0x48, 0x48, 0xff, 0x50, 0x4c, 0x48, 0xff,
    0x50, 0x4c, 0x40, 0xff, 0x50, 0x4c, 0x48, 0xff, 0x50, 0x4c, 0x48, 0xff,
    0x50, 0x4c, 0x48, 0xff, 0x50, 0x48, 0x48, 0xff, 0x50, 0x4c, 0x48, 0xff,
    0x50, 0x4c, 0x40, 0xff, 0x50, 0x4c, 0x48, 0xff, 0x50, 0x48, 0x48, 0xff,
    0x50, 0x4c, 0x40, 0xff, 0x50, 0x4c, 0x48, 0xff, 0x50, 0x4c, 0x48, 0xff,
    0x50, 0x48, 0x48, 0xff, 0x50, 0x4c, 0x48, 0xff, 0x50, 0x48, 0x48, 0xff,
    0x50, 0x4c, 0x48, 0xff, 0x50, 0x48, 0x48, 0xff, 0x50, 0x4c, 0x48, 0xff,
    0x50, 0x4c, 0x48, 0xff, 0x50, 0x4c, 0x48, 0xff, 0x50, 0x48, 0x40, 0xff,
    0x50, 0x4c, 0x48, 0xff, 0x50, 0x4c, 0x48, 0xff, 0x50, 0x4c, 0x48, 0xff,
    0x50, 0x4c, 0x48, 0xff, 0x50, 0x4c, 0x40, 0xff, 0x50, 0x48, 0x48, 0xff,
    0x50, 0x4c, 0x48, 0xff, 0x50, 0x4c, 0x40, 0xff, 0x50, 0x4c, 0x48, 0xff,
    0x50, 0x4c, 0x48, 0xff, 0x50, 0x4c, 0x48, 0xff, 0x50, 0x48, 0x48, 0xff,
    0x50, 0x4c, 0x48, 0xff, 0x50, 0x4c, 0x48, 0xff, 0x50, 0x48, 0x48, 0xff,
    0x50, 0x4c, 0x48, 0xff, 0x50, 0x4c, 0x48, 0xff, 0x50, 0x48, 0x48, 0xff,
    0x50, 0x4c, 0x48, 0xff, 0x50, 0x4c, 0x48, 0xff, 0x50, 0x48, 0x48, 0xff,
    0x50, 0x4c, 0x40, 0xff, 0x50, 0x4c, 0x48, 0xff, 0x50, 0x4c, 0x48, 0xff,
    0x50, 0x4c, 0x40, 0xff, 0x50, 0x4c, 0x48, 0xff, 0x50, 0x4c, 0x48, 0xff,
    0x50, 0x4c, 0x40, 0xff, 0x50, 0x4c, 0x48, 0xff, 0x50, 0x48, 0x48, 0xff,
    0x50, 0x4c, 0x40, 0xff, 0x50, 0x4c, 0x48, 0xff, 0x50, 0x4c, 0x48, 0xff,
    0x50, 0x4c, 0x48, 0xff, 0x50, 0x4c, 0x40, 0xff, 0x50, 0x48, 0x48, 0xff,
    0x50, 0x4c, 0x48, 0xff, 0x50, 0x4c, 0x48, 0xff, 0x50, 0x4c, 0x48, 0xff,
    0x50, 0x48, 0x48, 0xff, 0x50, 0x4c, 0x40, 0xff, 0x50, 0x4c, 0x48, 0xff,
    0x50, 0x4c, 0x48, 0xff, 0x50, 0x4c, 0x48, 0xff, 0x50, 0x4c, 0x40, 0xff,
    0x50, 0x48, 0x48, 0xff, 0x50, 0x4c, 0x48, 0xff, 0x50, 0x4c, 0x48, 0xff,
    0x50, 0x48, 0x40, 0xff, 0x50, 0x4c, 0x48, 0xff, 0x50, 0x4c, 0x48, 0xff,
    0x50, 0x4c, 0x48, 0xff, 0x50, 0x4c, 0x48, 0xff, 0x50, 0x4c, 0x48, 0xff,
    0x50, 0x4c, 0x48, 0xff, 0x50, 0x4c, 0x40, 0xff, 0x50, 0x4c, 0x48, 0xff,
    0x50, 0x4c, 0x48, 0xff, 0x50, 0x48, 0x48, 0xff, 0x50, 0x4c, 0x40, 0xff,
    0x50, 0x4c, 0x48, 0xff, 0x50, 0x4c, 0x48, 0xff, 0x50, 0x4c, 0x48, 0xff,
    0x50, 0x48, 0x40, 0xff, 0x50, 0x4c, 0x48, 0xff, 0x50, 0x4c, 0x48, 0xff,
    0x50, 0x48, 0x48, 0xff, 0x50, 0x4c, 0x48, 0xff, 0x50, 0x4c, 0x48, 0xff,
    0x50, 0x48, 0x48, 0xff, 0x50, 0x4c, 0x40, 0xff, 0x50, 0x4c, 0x48, 0xff,
    0x50, 0x48, 0x48, 0xff, 0x50, 0x4c, 0x48, 0xff, 0x50, 0x48, 0x48, 0xff,
    0x50, 0x4c, 0x48, 0xff, 0x50, 0x4c, 0x48, 0xff, 0x50, 0x48, 0x48, 0xff,
    0x50, 0x4c, 0x40, 0xff, 0x50, 0x4c, 0x48, 0xff, 0x50, 0x4c, 0x48, 0xff,
    0x50, 0x4c, 0x48, 0xff, 0x50, 0x48, 0x40, 0xff, 0x50, 0x4c, 0x48, 0xff,
    0x50, 0x4c, 0x48, 0xff, 0x50, 0x48, 0x48, 0xff, 0x50, 0x4c, 0x48, 0xff,
    0x50, 0x4c, 0x48, 0xff, 0x50, 0x4c, 0x48, 0xff, 0x50, 0x4c, 0x48, 0xff,
    0x50, 0x48, 0x48, 0xff, 0x50, 0x4c, 0x48, 0xff, 0x50, 0x4c, 0x40, 0xff,
    0x50, 0x48, 0x48, 0xff, 0x50, 0x4c, 0x48, 0xff, 0x50, 0x4c, 0x40, 0xff,
    0x50, 0x48, 0x48, 0xff, 0x50, 0x4c, 0x48, 0xff, 0x50, 0x4c, 0x40, 0xff,
    0x50, 0x4c, 0x48, 0xff, 0x50, 0x48, 0x48, 0xff, 0x50, 0x4c, 0x48, 0xff,
    0x50, 0x4c, 0x48, 0xff, 0x50, 0x48, 0x48, 0xff, 0x50, 0x4c, 0x48, 0xff,
    0x50, 0x4c, 0x48, 0xff, 0x50, 0x4c, 0x48, 0xff, 0x50, 0x4c, 0x48, 0xff,
    0x50, 0x4c, 0x48, 0xff, 0x50, 0x48, 0x48, 0xff, 0x50, 0x4c, 0x48, 0xff,
    0x50, 0x4c, 0x48, 0xff, 0x50, 0x4c, 0x48, 0xff, 0x50, 0x48, 0x48, 0xff,
    0x50, 0x4c, 0x48, 0xff, 0x50, 0x4c, 0x48, 0xff, 0x50, 0x4c, 0x48, 0xff,
    0x50, 0x48, 0x48, 0xff, 0x50, 0x4c, 0x48, 0xff, 0x50, 0x4c, 0x48, 0xff,
    0x50, 0x4c, 0x40, 0x61, 0x00, 0x00, 0x00, 0x00, 0x00, 0x00, 0x00, 0x00,
    0x00, 0x00, 0x00, 0x00, 0x00, 0x00, 0x00, 0x00, 0x00, 0x00, 0x00, 0x00,
    0x00, 0x00, 0x00, 0x00, 0x00, 0x00, 0x00, 0x00, 0x00, 0x00, 0x00, 0x00,
    0x00, 0x00, 0x00, 0x00, 0x00, 0x00, 0x00, 0x00, 0x00, 0x00, 0x00, 0x00,
    0x50, 0x4c, 0x48, 0x8e, 0x50, 0x4c, 0x48, 0xff, 0x50, 0x4c, 0x48, 0xff,
    0x50, 0x4c, 0x48, 0xff, 0x50, 0x48, 0x48, 0xff, 0x50, 0x4c, 0x48, 0xff,
    0x50, 0x4c, 0x40, 0xff, 0x50, 0x4c, 0x48, 0xff, 0x50, 0x4c, 0x48, 0xff,
    0x50, 0x4c, 0x48, 0xff, 0x50, 0x48, 0x48, 0xff, 0x50, 0x4c, 0x48, 0xff,
    0x50, 0x4c, 0x48, 0xff, 0x50, 0x48, 0x48, 0xff, 0x50, 0x4c, 0x48, 0xff,
    0x50, 0x48, 0x48, 0xff, 0x50, 0x4c, 0x48, 0xff, 0x50, 0x4c, 0x48, 0xff,
    0x50, 0x48, 0x40, 0xff, 0x50, 0x48, 0x48, 0xff, 0x50, 0x4c, 0x48, 0xff,
    0x50, 0x4c, 0x40, 0xff, 0x50, 0x4c, 0x48, 0xff, 0x50, 0x48, 0x48, 0xff,
    0x50, 0x4c, 0x48, 0xff, 0x50, 0x4c, 0x48, 0xff, 0x50, 0x4c, 0x48, 0xff,
    0x50, 0x48, 0x48, 0xff, 0x50, 0x4c, 0x40, 0xff, 0x50, 0x48, 0x48, 0xff,
    0x50, 0x4c, 0x48, 0xff, 0x50, 0x4c, 0x40, 0xff, 0x50, 0x4c, 0x48, 0xff,
    0x50, 0x48, 0x48, 0xff, 0x50, 0x4c, 0x48, 0xff, 0x50, 0x4c, 0x48, 0xff,
    0x50, 0x4c, 0x40, 0xff, 0x50, 0x48, 0x48, 0xff, 0x50, 0x4c, 0x48, 0xff,
    0x50, 0x48, 0x40, 0xff, 0x50, 0x4c, 0x48, 0xff, 0x50, 0x4c, 0x48, 0xff,
    0x50, 0x4c, 0x48, 0xff, 0x50, 0x4c, 0x48, 0xff, 0x50, 0x48, 0x48, 0xff,
    0x50, 0x4c, 0x48, 0xff, 0x50, 0x4c, 0x48, 0xff, 0x50, 0x48, 0x48, 0xff,
    0x50, 0x4c, 0x48, 0xff, 0x50, 0x4c, 0x40, 0xff, 0x50, 0x4c, 0x48, 0xff,
    0x50, 0x4c, 0x48, 0xff, 0x50, 0x4c, 0x48, 0xff, 0x50, 0x4c, 0x48, 0xff,
    0x50, 0x48, 0x48, 0xff, 0x50, 0x4c, 0x48, 0xff, 0x50, 0x4c, 0x48, 0xff,
    0x50, 0x4c, 0x48, 0xff, 0x50, 0x4c, 0x48, 0xff, 0x50, 0x48, 0x48, 0xff,
    0x50, 0x4c, 0x48, 0xff, 0x50, 0x4c, 0x48, 0xff, 0x50, 0x48, 0x48, 0xff,
    0x50, 0x4c, 0x40, 0xff, 0x50, 0x4c, 0x48, 0xff, 0x50, 0x48, 0x48, 0xff,
    0x50, 0x48, 0x48, 0xff, 0x50, 0x4c, 0x48, 0xff, 0x50, 0x48, 0x48, 0xff,
    0x50, 0x4c, 0x40, 0xff, 0x50, 0x48, 0x48, 0xff, 0x50, 0x4c, 0x48, 0xff,
    0x50, 0x4c, 0x48, 0xff, 0x50, 0x4c, 0x48, 0xff, 0x50, 0x48, 0x48, 0xff,
    0x50, 0x4c, 0x48, 0xff, 0x50, 0x48, 0x48, 0xff, 0x50, 0x4c, 0x48, 0xff,
    0x50, 0x4c, 0x40, 0xff, 0x50, 0x48, 0x48, 0xff, 0x50, 0x4c, 0x48, 0xff,
    0x50, 0x4c, 0x48, 0xff, 0x50, 0x4c, 0x48, 0xff, 0x50, 0x4c, 0x48, 0xff,
    0x50, 0x48, 0x48, 0xff, 0x50, 0x4c, 0x48, 0xff, 0x50, 0x4c, 0x40, 0xff,
    0x50, 0x4c, 0x48, 0xff, 0x50, 0x4c, 0x48, 0xff, 0x50, 0x4c, 0x40, 0xff,
    0x50, 0x48, 0x48, 0xff, 0x50, 0x4c, 0x48, 0xff, 0x50, 0x4c, 0x48, 0xff,
    0x50, 0x48, 0x48, 0xff, 0x50, 0x4c, 0x48, 0xff, 0x50, 0x4c, 0x48, 0xff,
    0x50, 0x48, 0x48, 0xff, 0x50, 0x4c, 0x48, 0xff, 0x50, 0x4c, 0x40, 0xff,
    0x50, 0x48, 0x48, 0xff, 0x50, 0x4c, 0x48, 0xff, 0x50, 0x4c, 0x48, 0xff,
    0x50, 0x48, 0x48, 0xff, 0x50, 0x4c, 0x48, 0xff, 0x50, 0x4c, 0x48, 0xff,
    0x50, 0x48, 0x48, 0xff, 0x50, 0x4c, 0x40, 0xff, 0x50, 0x4c, 0x48, 0xff,
    0x50, 0x4c, 0x48, 0xff, 0x50, 0x4c, 0x48, 0xff, 0x50, 0x4c, 0x48, 0xff,
    0x50, 0x4c, 0x40, 0xff, 0x50, 0x4c, 0x48, 0xff, 0x50, 0x48, 0x48, 0xff,
    0x50, 0x4c, 0x40, 0xff, 0x50, 0x4c, 0x48, 0xff, 0x50, 0x48, 0x48, 0xff,
    0x50, 0x4c, 0x48, 0xff, 0x50, 0x48, 0x48, 0xff, 0x50, 0x48, 0x48, 0xff,
    0x50, 0x4c, 0x48, 0xff, 0x50, 0x4c, 0x48, 0xff, 0x50, 0x48, 0x48, 0xff,
    0x50, 0x4c, 0x48, 0xff, 0x50, 0x4c, 0x48, 0xff, 0x50, 0x4c, 0x48, 0xff,
    0x50, 0x48, 0x48, 0xff, 0x50, 0x4c, 0x48, 0xff, 0x50, 0x48, 0x48, 0xff,
    0x50, 0x4c, 0x48, 0xff, 0x50, 0x4c, 0x48, 0xff, 0x50, 0x4c, 0x48, 0xff,
    0x50, 0x48, 0x48, 0xff, 0x50, 0x4c, 0x48, 0xff, 0x50, 0x4c, 0x48, 0xff,
    0x50, 0x4c, 0x48, 0xff, 0x50, 0x48, 0x48, 0xff, 0x50, 0x4c, 0x48, 0xff,
    0x50, 0x4c, 0x48, 0xff, 0x50, 0x48, 0x48, 0xff, 0x50, 0x4c, 0x48, 0xff,
    0x50, 0x4c, 0x48, 0xff, 0x50, 0x4c, 0x48, 0xff, 0x50, 0x48, 0x48, 0xff,
    0x50, 0x4c, 0x48, 0xff, 0x50, 0x4c, 0x48, 0xff, 0x50, 0x48, 0x48, 0xff,
    0x50, 0x4c, 0x48, 0xff, 0x50, 0x48, 0x48, 0xff, 0x50, 0x48, 0x48, 0xff,
    0x50, 0x4c, 0x48, 0xff, 0x50, 0x48, 0x48, 0xff, 0x50, 0x4c, 0x48, 0xff,
    0x50, 0x4c, 0x48, 0xff, 0x50, 0x4c, 0x48, 0xff, 0x50, 0x48, 0x48, 0xff,
    0x50, 0x4c, 0x48, 0xff, 0x50, 0x4c, 0x48, 0xff, 0x50, 0x48, 0x48, 0xff,
    0x50, 0x4c, 0x48, 0xff, 0x50, 0x4c, 0x48, 0xff, 0x50, 0x4c, 0x48, 0xff,
    0x50, 0x4c, 0x48, 0xff, 0x50, 0x4c, 0x48, 0xff, 0x50, 0x48, 0x48, 0xff,
    0x50, 0x4c, 0x48, 0xff, 0x50, 0x4c, 0x48, 0xff, 0x50, 0x4c, 0x48, 0xff,
    0x50, 0x4c, 0x48, 0xff, 0x50, 0x48, 0x40, 0xff, 0x50, 0x4c, 0x48, 0xff,
    0x50, 0x4c, 0x48, 0xff, 0x50, 0x48, 0x48, 0xff, 0x50, 0x4c, 0x48, 0xff,
    0x50, 0x48, 0x48, 0xff, 0x50, 0x4c, 0x48, 0xff, 0x50, 0x4c, 0x48, 0xff,
    0x50, 0x4c, 0x48, 0xff, 0x50, 0x48, 0x48, 0xff, 0x50, 0x4c, 0x48, 0xff,
    0x50, 0x4c, 0x48, 0xff, 0x50, 0x48, 0x40, 0xff, 0x50, 0x4c, 0x48, 0xff,
    0x50, 0x4c, 0x48, 0xff, 0x50, 0x48, 0x48, 0xff, 0x50, 0x4c, 0x48, 0xff,
    0x50, 0x4c, 0x48, 0xff, 0x50, 0x4c, 0x48, 0xff, 0x50, 0x4c, 0x48, 0xff,
    0x50, 0x48, 0x48, 0xff, 0x50, 0x4c, 0x48, 0xff, 0x50, 0x4c, 0x48, 0xff,
    0x50, 0x4c, 0x48, 0xff, 0x50, 0x4c, 0x48, 0xff, 0x50, 0x4c, 0x48, 0xff,
    0x50, 0x4c, 0x48, 0xff, 0x50, 0x4c, 0x48, 0xff, 0x50, 0x4c, 0x40, 0xff,
    0x50, 0x4c, 0x48, 0xff, 0x50, 0x48, 0x48, 0xff, 0x50, 0x4c, 0x40, 0xff,
    0x50, 0x48, 0x48, 0xff, 0x50, 0x4c, 0x48, 0xff, 0x50, 0x4c, 0x48, 0xff,
    0x50, 0x4c, 0x48, 0xff, 0x50, 0x4c, 0x48, 0xff, 0x50, 0x48, 0x48, 0xff,
    0x50, 0x4c, 0x48, 0xff, 0x50, 0x4c, 0x48, 0xff, 0x50, 0x4c, 0x48, 0xff,
    0x50, 0x4c, 0x40, 0xff, 0x50, 0x4c, 0x48, 0xff, 0x50, 0x4c, 0x48, 0xff,
    0x50, 0x4c, 0x48, 0xff, 0x50, 0x48, 0x48, 0xff, 0x50, 0x48, 0x48, 0x8e,
    0x00, 0x00, 0x00, 0x00, 0x00, 0x00, 0x00, 0x00, 0x00, 0x00, 0x00, 0x00,
    0x00, 0x00, 0x00, 0x00, 0x00, 0x00, 0x00, 0x00, 0x00, 0x00, 0x00, 0x00,
    0x00, 0x00, 0x00, 0x00, 0x00, 0x00, 0x00, 0x00, 0x00, 0x00, 0x00, 0x00,
    0x00, 0x00, 0x00, 0x00, 0x00, 0x00, 0x00, 0x00, 0x00, 0x00, 0x00, 0x00,
    0x50, 0x50, 0x50, 0x10, 0x50, 0x48, 0x40, 0xcf, 0x50, 0x4c, 0x48, 0xff,
    0x50, 0x4c, 0x48, 0xff, 0x50, 0x48, 0x48, 0xff, 0x50, 0x4c, 0x48, 0xff,
    0x50, 0x4c, 0x48, 0xff, 0x50, 0x48, 0x48, 0xff, 0x50, 0x4c, 0x48, 0xff,
    0x50, 0x4c, 0x48, 0xff, 0x50, 0x4c, 0x40, 0xff, 0x50, 0x4c, 0x48, 0xff,
    0x50, 0x4c, 0x48, 0xff, 0x50, 0x48, 0x40, 0xff, 0x50, 0x4c, 0x48, 0xff,
    0x50, 0x4c, 0x48, 0xff, 0x50, 0x48, 0x48, 0xff, 0x50, 0x4c, 0x48, 0xff,
    0x50, 0x4c, 0x48, 0xff, 0x50, 0x4c, 0x48, 0xff, 0x50, 0x48, 0x48, 0xff,
    0x50, 0x4c, 0x48, 0xff, 0x50, 0x4c, 0x48, 0xff, 0x50, 0x4c, 0x48, 0xff,
    0x50, 0x48, 0x40, 0xff, 0x50, 0x4c, 0x48, 0xff, 0x50, 0x4c, 0x48, 0xff,
    0x50, 0x4c, 0x48, 0xff, 0x50, 0x4c, 0x48, 0xff, 0x50, 0x48, 0x48, 0xff,
    0x50, 0x4c, 0x48, 0xff, 0x50, 0x4c, 0x48, 0xff, 0x50, 0x48, 0x48, 0xff,
    0x50, 0x4c, 0x48, 0xff, 0x50, 0x4c, 0x40, 0xff, 0x50, 0x4c, 0x48, 0xff,
    0x50, 0x4c, 0x48, 0xff, 0x50, 0x4c, 0x48, 0xff, 0x50, 0x4c, 0x48, 0xff,
    0x50, 0x48, 0x48, 0xff, 0x50, 0x4c, 0x48, 0xff, 0x50, 0x48, 0x48, 0xff,
    0x50, 0x4c, 0x48, 0xff, 0x50, 0x4c, 0x48, 0xff, 0x50, 0x48, 0x48, 0xff,
    0x50, 0x4c, 0x48, 0xff, 0x50, 0x4c, 0x48, 0xff, 0x50, 0x4c, 0x48, 0xff,
    0x50, 0x4c, 0x48, 0xff, 0x50, 0x48, 0x48, 0xff, 0x50, 0x4c, 0x48, 0xff,
    0x50, 0x4c, 0x48, 0xff, 0x50, 0x4c, 0x48, 0xff, 0x50, 0x48, 0x48, 0xff,
    0x50, 0x4c, 0x40, 0xff, 0x50, 0x4c, 0x48, 0xff, 0x50, 0x48, 0x48, 0xff,
    0x50, 0x4c, 0x40, 0xff, 0x50, 0x4c, 0x48, 0xff, 0x50, 0x48, 0x48, 0xff,
    0x50, 0x4c, 0x48, 0xff, 0x50, 0x4c, 0x48, 0xff, 0x50, 0x4c, 0x48, 0xff,
    0x50, 0x48, 0x48, 0xff, 0x50, 0x4c, 0x48, 0xff, 0x50, 0x4c, 0x48, 0xff,
    0x50, 0x4c, 0x48, 0xff, 0x50, 0x4c, 0x48, 0xff, 0x50, 0x4c, 0x48, 0xff,
    0x50, 0x48, 0x48, 0xff, 0x50, 0x4c, 0x48, 0xff, 0x50, 0x4c, 0x48, 0xff,
    0x50, 0x48, 0x48, 0xff, 0x50, 0x4c, 0x48, 0xff, 0x50, 0x4c, 0x48, 0xff,
    0x50, 0x4c, 0x48, 0xff, 0x50, 0x4c, 0x48, 0xff, 0x50, 0x48, 0x48, 0xff,
    0x50, 0x4c, 0x48, 0xff, 0x50, 0x4c, 0x48, 0xff, 0x50, 0x48, 0x48, 0xff,
    0x50, 0x4c, 0x48, 0xff, 0x50, 0x4c, 0x48, 0xff, 0x50, 0x4c, 0x48, 0xff,
    0x50, 0x4c, 0x48, 0xff, 0x50, 0x48, 0x48, 0xff, 0x50, 0x4c, 0x48, 0xff,
    0x50, 0x4c, 0x48, 0xff, 0x50, 0x48, 0x48, 0xff, 0x50, 0x4c, 0x48, 0xff,
    0x50, 0x4c, 0x48, 0xff, 0x50, 0x4c, 0x48, 0xff, 0x50, 0x4c, 0x40, 0xff,
    0x50, 0x4c, 0x48, 0xff, 0x50, 0x4c, 0x48, 0xff, 0x50, 0x4c, 0x48, 0xff,
    0x50, 0x4c, 0x48, 0xff, 0x50, 0x48, 0x48, 0xff, 0x50, 0x4c, 0x48, 0xff,
    0x50, 0x4c, 0x48, 0xff, 0x50, 0x4c, 0x48, 0xff, 0x50, 0x4c, 0x48, 0xff,
    0x50, 0x4c, 0x48, 0xff, 0x50, 0x48, 0x48, 0xff, 0x50, 0x4c, 0x48, 0xff,
    0x50, 0x4c, 0x48, 0xff, 0x50, 0x48, 0x48, 0xff, 0x50, 0x4c, 0x48, 0xff,
    0x50, 0x4c, 0x48, 0xff, 0x50, 0x48, 0x48, 0xff, 0x50, 0x4c, 0x48, 0xff,
    0x50, 0x4c, 0x48, 0xff, 0x50, 0x48, 0x48, 0xff, 0x50, 0x4c, 0x48, 0xff,
    0x50, 0x4c, 0x48, 0xff, 0x50, 0x4c, 0x48, 0xff, 0x50, 0x4c, 0x48, 0xff,
    0x50, 0x4c, 0x48, 0xff, 0x50, 0x4c, 0x48, 0xff, 0x50, 0x4c, 0x48, 0xff,
    0x50, 0x4c, 0x48, 0xff, 0x50, 0x48, 0x40, 0xff, 0x50, 0x4c, 0x48, 0xff,
    0x50, 0x4c, 0x48, 0xff, 0x50, 0x4c, 0x48, 0xff, 0x50, 0x4c, 0x48, 0xff,
    0x50, 0x4c, 0x48, 0xff, 0x50, 0x48, 0x48, 0xff, 0x50, 0x4c, 0x40, 0xff,
    0x50, 0x4c, 0x48, 0xff, 0x50, 0x48, 0x48, 0xff, 0x50, 0x4c, 0x48, 0xff,
    0x50, 0x4c, 0x48, 0xff, 0x50, 0x48, 0x40, 0xff, 0x50, 0x4c, 0x48, 0xff,
    0x50, 0x4c, 0x48, 0xff, 0x50, 0x4c, 0x48, 0xff, 0x50, 0x48, 0x48, 0xff,
    0x50, 0x4c, 0x40, 0xff, 0x50, 0x4c, 0x48, 0xff, 0x50, 0x48, 0x48, 0xff,
    0x50, 0x4c, 0x48, 0xff, 0x50, 0x4c, 0x40, 0xff, 0x50, 0x4c, 0x48, 0xff,
    0x50, 0x4c, 0x48, 0xff, 0x50, 0x48, 0x48, 0xff, 0x50, 0x4c, 0x40, 0xff,
    0x50, 0x4c, 0x48, 0xff, 0x50, 0x4c, 0x48, 0xff, 0x50, 0x4c, 0x40, 0xff,
    0x50, 0x4c, 0x48, 0xff, 0x50, 0x48, 0x48, 0xff, 0x50, 0x4c, 0x48, 0xff,
    0x50, 0x4c, 0x40, 0xff, 0x50, 0x48, 0x48, 0xff, 0x50, 0x4c, 0x48, 0xff,
    0x50, 0x4c, 0x48, 0xff, 0x50, 0x48, 0x40, 0xff, 0x50, 0x4c, 0x48, 0xff,
    0x50, 0x4c, 0x48, 0xff, 0x50, 0x48, 0x48, 0xff, 0x50, 0x4c, 0x40, 0xff,
    0x50, 0x4c, 0x48, 0xff, 0x50, 0x48, 0x48, 0xff, 0x50, 0x4c, 0x40, 0xff,
    0x50, 0x4c, 0x48, 0xff, 0x50, 0x48, 0x48, 0xff, 0x50, 0x4c, 0x48, 0xff,
    0x50, 0x4c, 0x48, 0xff, 0x50, 0x4c, 0x48, 0xff, 0x50, 0x4c, 0x48, 0xff,
    0x50, 0x4c, 0x48, 0xff, 0x50, 0x4c, 0x40, 0xff, 0x50, 0x4c, 0x48, 0xff,
    0x50, 0x4c, 0x48, 0xff, 0x50, 0x48, 0x48, 0xff, 0x50, 0x4c, 0x40, 0xff,
    0x50, 0x4c, 0x48, 0xff, 0x50, 0x4c, 0x48, 0xff, 0x50, 0x4c, 0x48, 0xff,
    0x50, 0x4c, 0x48, 0xff, 0x50, 0x4c, 0x48, 0xff, 0x50, 0x4c, 0x48, 0xff,
    0x50, 0x48, 0x48, 0xff, 0x50, 0x4c, 0x40, 0xff, 0x50, 0x4c, 0x48, 0xff,
    0x50, 0x4c, 0x48, 0xff, 0x50, 0x48, 0x40, 0xff, 0x50, 0x4c, 0x48, 0xff,
    0x50, 0x4c, 0x48, 0xff, 0x50, 0x48, 0x48, 0xff, 0x50, 0x4c, 0x48, 0xff,
    0x50, 0x4c, 0x40, 0xff, 0x50, 0x48, 0x48, 0xff, 0x50, 0x48, 0x48, 0xff,
    0x50, 0x4c, 0x48, 0xff, 0x50, 0x48, 0x48, 0xff, 0x50, 0x4c, 0x48, 0xff,
    0x50, 0x4c, 0x48, 0xff, 0x50, 0x4c, 0x48, 0xff, 0x50, 0x4c, 0x48, 0xff,
    0x50, 0x48, 0x48, 0xff, 0x50, 0x4c, 0x40, 0xff, 0x50, 0x48, 0x48, 0xff,
    0x50, 0x4c, 0x48, 0xff, 0x50, 0x4c, 0x40, 0xff, 0x50, 0x4c, 0x48, 0xff,
    0x50, 0x48, 0x48, 0xff, 0x50, 0x4c, 0x40, 0xff, 0x50, 0x48, 0x48, 0xff,
    0x50, 0x4c, 0x48, 0xff, 0x50, 0x48, 0x48, 0xff, 0x50, 0x4c, 0x48, 0xff,
    0x50, 0x4c, 0x40, 0xff, 0x50, 0x48, 0x40, 0xcf, 0x00, 0x00, 0x00, 0x00,
    0x00, 0x00, 0x00, 0x00, 0x00, 0x00, 0x00, 0x00, 0x00, 0x00, 0x00, 0x00,
    0x00, 0x00, 0x00, 0x00, 0x00, 0x00, 0x00, 0x00, 0x00, 0x00, 0x00, 0x00,
    0x00, 0x00, 0x00, 0x00, 0x00, 0x00, 0x00, 0x00, 0x00, 0x00, 0x00, 0x00,
    0x00, 0x00, 0x00, 0x00, 0x00, 0x00, 0x00, 0x00, 0x00, 0x00, 0x00, 0x00,
    0x00, 0x00, 0x00, 0x00, 0x50, 0x50, 0x50, 0x10, 0x50, 0x48, 0x48, 0xdf,
    0x50, 0x4c, 0x48, 0xff, 0x50, 0x4c, 0x40, 0xff, 0x50, 0x4c, 0x48, 0xff,
    0x50, 0x48, 0x48, 0xff, 0x50, 0x4c, 0x48, 0xff, 0x50, 0x4c, 0x48, 0xff,
    0x50, 0x48, 0x48, 0xff, 0x50, 0x4c, 0x48, 0xff, 0x50, 0x4c, 0x48, 0xff,
    0x50, 0x48, 0x48, 0xff, 0x50, 0x4c, 0x48, 0xff, 0x50, 0x4c, 0x48, 0xff,
    0x50, 0x4c, 0x48, 0xff, 0x50, 0x4c, 0x40, 0xff, 0x50, 0x4c, 0x48, 0xff,
    0x50, 0x4c, 0x48, 0xff, 0x50, 0x4c, 0x48, 0xff, 0x50, 0x4c, 0x48, 0xff,
    0x50, 0x48, 0x48, 0xff, 0x50, 0x4c, 0x48, 0xff, 0x50, 0x4c, 0x48, 0xff,
    0x50, 0x4c, 0x48, 0xff, 0x50, 0x48, 0x48, 0xff, 0x50, 0x4c, 0x48, 0xff,
    0x50, 0x4c, 0x48, 0xff, 0x50, 0x4c, 0x48, 0xff, 0x50, 0x4c, 0x48, 0xff,
    0x50, 0x4c, 0x48, 0xff, 0x50, 0x48, 0x48, 0xff, 0x50, 0x4c, 0x48, 0xff,
    0x50, 0x4c, 0x48, 0xff, 0x50, 0x48, 0x48, 0xff, 0x50, 0x4c, 0x48, 0xff,
    0x50, 0x48, 0x48, 0xff, 0x50, 0x4c, 0x48, 0xff, 0x50, 0x4c, 0x48, 0xff,
    0x50, 0x4c, 0x48, 0xff, 0x50, 0x4c, 0x48, 0xff, 0x50, 0x4c, 0x40, 0xff,
    0x50, 0x48, 0x48, 0xff, 0x50, 0x4c, 0x48, 0xff, 0x50, 0x4c, 0x40, 0xff,
    0x50, 0x48, 0x48, 0xff, 0x50, 0x4c, 0x48, 0xff, 0x50, 0x4c, 0x40, 0xff,
    0x50, 0x48, 0x48, 0xff, 0x50, 0x4c, 0x48, 0xff, 0x50, 0x4c, 0x48, 0xff,
    0x50, 0x48, 0x48, 0xff, 0x50, 0x4c, 0x48, 0xff, 0x50, 0x4c, 0x48, 0xff,
    0x50, 0x4c, 0x48, 0xff, 0x50, 0x4c, 0x48, 0xff, 0x50, 0x48, 0x48, 0xff,
    0x50, 0x4c, 0x48, 0xff, 0x50, 0x4c, 0x48, 0xff, 0x50, 0x4c, 0x48, 0xff,
    0x50, 0x4c, 0x40, 0xff, 0x50, 0x4c, 0x48, 0xff, 0x50, 0x4c, 0x48, 0xff,
    0x50, 0x4c, 0x48, 0xff, 0x50, 0x4c, 0x48, 0xff, 0x50, 0x4c, 0x40, 0xff,
    0x50, 0x48, 0x48, 0xff, 0x50, 0x4c, 0x48, 0xff, 0x50, 0x4c, 0x40, 0xff,
    0x50, 0x4c, 0x48, 0xff, 0x50, 0x4c, 0x48, 0xff, 0x50, 0x4c, 0x48, 0xff,
    0x50, 0x4c, 0x40, 0xff, 0x50, 0x48, 0x48, 0xff, 0x50, 0x4c, 0x48, 0xff,
    0x50, 0x4c, 0x40, 0xff, 0x50, 0x4c, 0x48, 0xff, 0x50, 0x4c, 0x48, 0xff,
    0x50, 0x4c, 0x48, 0xff, 0x50, 0x4c, 0x40, 0xff, 0x50, 0x4c, 0x48, 0xff,
    0x50, 0x48, 0x48, 0xff, 0x50, 0x48, 0x40, 0xff, 0x50, 0x4c, 0x48, 0xff,
    0x50, 0x4c, 0x48, 0xff, 0x50, 0x4c, 0x48, 0xff, 0x50, 0x48, 0x48, 0xff,
    0x50, 0x4c, 0x48, 0xff, 0x50, 0x4c, 0x48, 0xff, 0x50, 0x48, 0x48, 0xff,
    0x50, 0x4c, 0x48, 0xff, 0x50, 0x4c, 0x48, 0xff, 0x50, 0x48, 0x48, 0xff,
    0x50, 0x4c, 0x48, 0xff, 0x50, 0x48, 0x40, 0xff, 0x50, 0x4c, 0x48, 0xff,
    0x50, 0x4c, 0x48, 0xff, 0x50, 0x4c, 0x48, 0xff, 0x50, 0x48, 0x48, 0xff,
    0x50, 0x4c, 0x48, 0xff, 0x50, 0x48, 0x40, 0xff, 0x50, 0x4c, 0x48, 0xff,
    0x50, 0x4c, 0x48, 0xff, 0x50, 0x4c, 0x40, 0xff, 0x50, 0x4c, 0x48, 0xff,
    0x50, 0x4c, 0x48, 0xff, 0x50, 0x4c, 0x48, 0xff, 0x50, 0x48, 0x48, 0xff,
    0x50, 0x4c, 0x40, 0xff, 0x50, 0x4c, 0x48, 0xff, 0x50, 0x48, 0x48, 0xff,
    0x50, 0x4c, 0x48, 0xff, 0x50, 0x4c, 0x40, 0xff, 0x50, 0x4c, 0x48, 0xff,
    0x50, 0x48, 0x48, 0xff, 0x50, 0x4c, 0x48, 0xff, 0x50, 0x4c, 0x40, 0xff,
    0x50, 0x48, 0x48, 0xff, 0x50, 0x4c, 0x48, 0xff, 0x50, 0x4c, 0x40, 0xff,
    0x50, 0x4c, 0x48, 0xff, 0x50, 0x4c, 0x48, 0xff, 0x50, 0x48, 0x48, 0xff,
    0x50, 0x4c, 0x48, 0xff, 0x50, 0x48, 0x40, 0xff, 0x50, 0x4c, 0x48, 0xff,
    0x50, 0x4c, 0x48, 0xff, 0x50, 0x4c, 0x48, 0xff, 0x50, 0x4c, 0x48, 0xff,
    0x50, 0x4c, 0x48, 0xff, 0x50, 0x48, 0x48, 0xff, 0x50, 0x4c, 0x40, 0xff,
    0x50, 0x4c, 0x48, 0xff, 0x50, 0x4c, 0x48, 0xff, 0x50, 0x48, 0x48, 0xff,
    0x50, 0x4c, 0x48, 0xff, 0x50, 0x4c, 0x40, 0xff, 0x50, 0x4c, 0x48, 0xff,
    0x50, 0x4c, 0x48, 0xff, 0x50, 0x4c, 0x48, 0xff, 0x50, 0x4c, 0x48, 0xff,
    0x50, 0x48, 0x48, 0xff, 0x50, 0x4c, 0x48, 0xff, 0x50, 0x4c, 0x48, 0xff,
    0x50, 0x48, 0x48, 0xff, 0x50, 0x4c, 0x48, 0xff, 0x50, 0x4c, 0x48, 0xff,
    0x50, 0x4c, 0x48, 0xff, 0x50, 0x4c, 0x48, 0xff, 0x50, 0x4c, 0x48, 0xff,
    0x50, 0x4c, 0x48, 0xff, 0x50, 0x4c, 0x48, 0xff, 0x50, 0x4c, 0x48, 0xff,
    0x50, 0x48, 0x48, 0xff, 0x50, 0x4c, 0x48, 0xff, 0x50, 0x4c, 0x48, 0xff,
    0x50, 0x4c, 0x48, 0xff, 0x50, 0x4c, 0x48, 0xff, 0x50, 0x4c, 0x48, 0xff,
    0x50, 0x4c, 0x48, 0xff, 0x50, 0x48, 0x48, 0xff, 0x50, 0x4c, 0x48, 0xff,
    0x50, 0x4c, 0x48, 0xff, 0x50, 0x4c, 0x48, 0xff, 0x50, 0x4c, 0x48, 0xff,
    0x50, 0x4c, 0x48, 0xff, 0x50, 0x4c, 0x48, 0xff, 0x50, 0x48, 0x40, 0xff,
    0x50, 0x4c, 0x48, 0xff, 0x50, 0x4c, 0x48, 0xff, 0x50, 0x48, 0x48, 0xff,
    0x50, 0x4c, 0x48, 0xff, 0x50, 0x4c, 0x48, 0xff, 0x50, 0x48, 0x48, 0xff,
    0x50, 0x4c, 0x48, 0xff, 0x50, 0x4c, 0x48, 0xff, 0x50, 0x48, 0x48, 0xff,
    0x50, 0x4c, 0x48, 0xff, 0x50, 0x48, 0x48, 0xff, 0x50, 0x4c, 0x40, 0xff,
    0x50, 0x48, 0x48, 0xff, 0x50, 0x4c, 0x48, 0xff, 0x50, 0x4c, 0x48, 0xff,
    0x50, 0x4c, 0x48, 0xff, 0x50, 0x4c, 0x48, 0xff, 0x50, 0x4c, 0x48, 0xff,
    0x50, 0x48, 0x48, 0xff, 0x50, 0x4c, 0x48, 0xff, 0x50, 0x4c, 0x48, 0xff,
    0x50, 0x4c, 0x48, 0xff, 0x50, 0x4c, 0x40, 0xff, 0x50, 0x48, 0x48, 0xff,
    0x50, 0x4c, 0x48, 0xff, 0x50, 0x4c, 0x48, 0xff, 0x50, 0x4c, 0x48, 0xff,
    0x50, 0x4c, 0x40, 0xff, 0x50, 0x48, 0x48, 0xff, 0x50, 0x4c, 0x48, 0xff,
    0x50, 0x4c, 0x48, 0xff, 0x50, 0x48, 0x48, 0xff, 0x50, 0x4c, 0x48, 0xff,
    0x50, 0x4c, 0x48, 0xff, 0x50, 0x4c, 0x48, 0xff, 0x50, 0x4c, 0x48, 0xff,
    0x50, 0x48, 0x48, 0xff, 0x50, 0x4c, 0x48, 0xff, 0x50, 0x4c, 0x48, 0xff,
    0x50, 0x4c, 0x48, 0xff, 0x50, 0x4c, 0x48, 0xff, 0x50, 0x4c, 0x48, 0xff,
    0x50, 0x48, 0x48, 0xff, 0x50, 0x4c, 0x48, 0xff, 0x50, 0x4c, 0x48, 0xff,
    0x50, 0x48, 0x48, 0xdf, 0x50, 0x48, 0x48, 0x20, 0x00, 0x00, 0x00, 0x00,
    0x00, 0x00, 0x00, 0x00, 0x00, 0x00, 0x00, 0x00, 0x00, 0x00, 0x00, 0x00,
    0x00, 0x00, 0x00, 0x00, 0x00, 0x00, 0x00, 0x00, 0x00, 0x00, 0x00, 0x00,
    0x00, 0x00, 0x00, 0x00, 0x00, 0x00, 0x00, 0x00, 0x00, 0x00, 0x00, 0x00,
    0x00, 0x00, 0x00, 0x00, 0x00, 0x00, 0x00, 0x00, 0x00, 0x00, 0x00, 0x00,
    0x00, 0x00, 0x00, 0x00, 0x00, 0x00, 0x00, 0x00, 0x50, 0x48, 0x48, 0x20,
    0x50, 0x48, 0x48, 0xdf, 0x50, 0x4c, 0x48, 0xff, 0x50, 0x4c, 0x48, 0xff,
    0x50, 0x4c, 0x48, 0xff, 0x50, 0x4c, 0x40, 0xff, 0x50, 0x4c, 0x48, 0xff,
    0x50, 0x48, 0x48, 0xff, 0x50, 0x4c, 0x48, 0xff, 0x50, 0x4c, 0x48, 0xff,
    0x50, 0x4c, 0x48, 0xff, 0x50, 0x4c, 0x48, 0xff, 0x50, 0x48, 0x48, 0xff,
    0x50, 0x4c, 0x48, 0xff, 0x50, 0x4c, 0x48, 0xff, 0x50, 0x48, 0x48, 0xff,
    0x50, 0x48, 0x40, 0xff, 0x50, 0x4c, 0x48, 0xff, 0x50, 0x4c, 0x48, 0xff,
    0x50, 0x4c, 0x40, 0xff, 0x50, 0x48, 0x48, 0xff, 0x50, 0x4c, 0x48, 0xff,
    0x50, 0x4c, 0x48, 0xff, 0x50, 0x4c, 0x40, 0xff, 0x50, 0x48, 0x48, 0xff,
    0x50, 0x4c, 0x48, 0xff, 0x50, 0x48, 0x40, 0xff, 0x50, 0x4c, 0x48, 0xff,
    0x50, 0x4c, 0x48, 0xff, 0x50, 0x4c, 0x40, 0xff, 0x50, 0x4c, 0x48, 0xff,
    0x50, 0x4c, 0x48, 0xff, 0x50, 0x4c, 0x48, 0xff, 0x50, 0x4c, 0x48, 0xff,
    0x50, 0x4c, 0x40, 0xff, 0x50, 0x48, 0x48, 0xff, 0x50, 0x4c, 0x48, 0xff,
    0x50, 0x4c, 0x48, 0xff, 0x50, 0x48, 0x48, 0xff, 0x50, 0x4c, 0x48, 0xff,
    0x50, 0x4c, 0x48, 0xff, 0x50, 0x4c, 0x48, 0xff, 0x50, 0x4c, 0x48, 0xff,
    0x50, 0x4c, 0x48, 0xff, 0x50, 0x48, 0x48, 0xff, 0x50, 0x4c, 0x48, 0xff,
    0x50, 0x4c, 0x48, 0xff, 0x50, 0x4c, 0x48, 0xff, 0x50, 0x4c, 0x40, 0xff,
    0x50, 0x48, 0x48, 0xff, 0x50, 0x4c, 0x48, 0xff, 0x50, 0x4c, 0x40, 0xff,
    0x50, 0x48, 0x48, 0xff, 0x50, 0x4c, 0x48, 0xff, 0x50, 0x4c, 0x48, 0xff,
    0x50, 0x48, 0x48, 0xff, 0x50, 0x4c, 0x48, 0xff, 0x50, 0x4c, 0x48, 0xff,
    0x50, 0x48, 0x48, 0xff, 0x50, 0x48, 0x48, 0xff, 0x50, 0x4c, 0x40, 0xff,
    0x50, 0x48, 0x48, 0xff, 0x50, 0x4c, 0x48, 0xff, 0x50, 0x4c, 0x48, 0xff,
    0x50, 0x48, 0x48, 0xff, 0x50, 0x4c, 0x48, 0xff, 0x50, 0x4c, 0x48, 0xff,
    0x50, 0x48, 0x48, 0xff, 0x50, 0x4c, 0x48, 0xff, 0x50, 0x4c, 0x48, 0xff,
    0x50, 0x48, 0x48, 0xff, 0x50, 0x4c, 0x48, 0xff, 0x50, 0x4c, 0x48, 0xff,
    0x50, 0x48, 0x48, 0xff, 0x50, 0x48, 0x48, 0xff, 0x50, 0x4c, 0x48, 0xff,
    0x50, 0x48, 0x48, 0xff, 0x50, 0x4c, 0x48, 0xff, 0x50, 0x4c, 0x48, 0xff,
    0x50, 0x4c, 0x48, 0xff, 0x50, 0x4c, 0x48, 0xff, 0x50, 0x48, 0x48, 0xff,
    0x50, 0x4c, 0x40, 0xff, 0x50, 0x4c, 0x48, 0xff, 0x50, 0x4c, 0x48, 0xff,
    0x50, 0x4c, 0x40, 0xff, 0x50, 0x4c, 0x48, 0xff, 0x50, 0x4c, 0x48, 0xff,
    0x50, 0x4c, 0x40, 0xff, 0x50, 0x48, 0x48, 0xff, 0x50, 0x4c, 0x48, 0xff,
    0x50, 0x4c, 0x48, 0xff, 0x50, 0x4c, 0x48, 0xff, 0x50, 0x48, 0x48, 0xff,
    0x50, 0x4c, 0x40, 0xff, 0x50, 0x4c, 0x48, 0xff, 0x50, 0x4c, 0x48, 0xff,
    0x50, 0x4c, 0x48, 0xff, 0x50, 0x4c, 0x48, 0xff, 0x50, 0x48, 0x48, 0xff,
    0x50, 0x4c, 0x48, 0xff, 0x50, 0x48, 0x48, 0xff, 0x50, 0x4c, 0x48, 0xff,
    0x50, 0x4c, 0x40, 0xff, 0x50, 0x48, 0x48, 0xff, 0x50, 0x4c, 0x48, 0xff,
    0x50, 0x4c, 0x48, 0xff, 0x50, 0x4c, 0x48, 0xff, 0x50, 0x4c, 0x48, 0xff,
    0x50, 0x48, 0x48, 0xff, 0x50, 0x4c, 0x48, 0xff, 0x50, 0x4c, 0x48, 0xff,
    0x50, 0x48, 0x48, 0xff, 0x50, 0x4c, 0x48, 0xff, 0x50, 0x4c, 0x48, 0xff,
    0x50, 0x48, 0x48, 0xff, 0x50, 0x4c, 0x48, 0xff, 0x50, 0x48, 0x48, 0xff,
    0x50, 0x4c, 0x48, 0xff, 0x50, 0x4c, 0x48, 0xff, 0x50, 0x4c, 0x48, 0xff,
    0x50, 0x4c, 0x48, 0xff, 0x50, 0x48, 0x48, 0xff, 0x50, 0x4c, 0x48, 0xff,
    0x50, 0x4c, 0x40, 0xff, 0x50, 0x48, 0x48, 0xff, 0x50, 0x4c, 0x48, 0xff,
    0x50, 0x4c, 0x48, 0xff, 0x50, 0x4c, 0x48, 0xff, 0x50, 0x4c, 0x48, 0xff,
    0x50, 0x4c, 0x48, 0xff, 0x50, 0x4c, 0x48, 0xff, 0x50, 0x4c, 0x48, 0xff,
    0x50, 0x48, 0x48, 0xff, 0x50, 0x4c, 0x48, 0xff, 0x50, 0x4c, 0x48, 0xff,
    0x50, 0x48, 0x48, 0xff, 0x50, 0x4c, 0x48, 0xff, 0x50, 0x4c, 0x48, 0xff,
    0x50, 0x4c, 0x40, 0xff, 0x50, 0x48, 0x48, 0xff, 0x50, 0x4c, 0x48, 0xff,
    0x50, 0x4c, 0x48, 0xff, 0x50, 0x4c, 0x40, 0xff, 0x50, 0x48, 0x48, 0xff,
    0x50, 0x48, 0x48, 0xff, 0x50, 0x4c, 0x48, 0xff, 0x50, 0x48, 0x48, 0xff,
    0x50, 0x48, 0x40, 0xff, 0x50, 0x4c, 0x48, 0xff, 0x50, 0x4c, 0x48, 0xff,
    0x50, 0x4c, 0x48, 0xff, 0x50, 0x4c, 0x48, 0xff, 0x50, 0x48, 0x40, 0xff,
    0x50, 0x4c, 0x48, 0xff, 0x50, 0x4c, 0x48, 0xff, 0x50, 0x48, 0x48, 0xff,
    0x50, 0x4c, 0x40, 0xff, 0x50, 0x4c, 0x48, 0xff, 0x50, 0x4c, 0x48, 0xff,
    0x50, 0x48, 0x48, 0xff, 0x50, 0x4c, 0x48, 0xff, 0x50, 0x48, 0x48, 0xff,
    0x50, 0x4c, 0x48, 0xff, 0x50, 0x4c, 0x48, 0xff, 0x50, 0x4c, 0x48, 0xff,
    0x50, 0x48, 0x48, 0xff, 0x50, 0x4c, 0x48, 0xff, 0x50, 0x4c, 0x40, 0xff,
    0x50, 0x48, 0x48, 0xff, 0x50, 0x4c, 0x48, 0xff, 0x50, 0x4c, 0x48, 0xff,
    0x50, 0x4c, 0x40, 0xff, 0x50, 0x4c, 0x48, 0xff, 0x50, 0x4c, 0x48, 0xff,
    0x50, 0x4c, 0x48, 0xff, 0x50, 0x4c, 0x48, 0xff, 0x50, 0x48, 0x48, 0xff,
    0x50, 0x4c, 0x48, 0xff, 0x50, 0x4c, 0x48, 0xff, 0x50, 0x48, 0x40, 0xff,
    0x50, 0x4c, 0x48, 0xff, 0x50, 0x4c, 0x48, 0xff, 0x50, 0x48, 0x48, 0xff,
    0x50, 0x4c, 0x48, 0xff, 0x50, 0x4c, 0x48, 0xff, 0x50, 0x48, 0x48, 0xff,
    0x50, 0x4c, 0x48, 0xff, 0x50, 0x4c, 0x48, 0xff, 0x50, 0x4c, 0x48, 0xff,
    0x50, 0x4c, 0x48, 0xff, 0x50, 0x4c, 0x48, 0xff, 0x50, 0x4c, 0x48, 0xff,
    0x50, 0x4c, 0x48, 0xff, 0x50, 0x4c, 0x48, 0xff, 0x50, 0x4c, 0x48, 0xff,
    0x50, 0x48, 0x40, 0xff, 0x50, 0x4c, 0x48, 0xff, 0x50, 0x4c, 0x48, 0xff,
    0x50, 0x4c, 0x48, 0xff, 0x50, 0x48, 0x48, 0xff, 0x50, 0x4c, 0x48, 0xff,
    0x50, 0x4c, 0x40, 0xff, 0x50, 0x48, 0x48, 0xff, 0x50, 0x4c, 0x48, 0xff,
    0x50, 0x4c, 0x48, 0xff, 0x50, 0x48, 0x48, 0xff, 0x50, 0x4c, 0x48, 0xff,
    0x50, 0x4c, 0x48, 0xff, 0x50, 0x4c, 0x40, 0xff, 0x50, 0x48, 0x48, 0xdf,
    0x50, 0x48, 0x48, 0x20, 0x00, 0x00, 0x00, 0x00, 0x00, 0x00, 0x00, 0x00,
    0x00, 0x00, 0x00, 0x00, 0x00, 0x00, 0x00, 0x00, 0x00, 0x00, 0x00, 0x00,
    0x00, 0x00, 0x00, 0x00, 0x00, 0x00, 0x00, 0x00, 0x00, 0x00, 0x00, 0x00,
    0x00, 0x00, 0x00, 0x00, 0x00, 0x00, 0x00, 0x00, 0x00, 0x00, 0x00, 0x00,
    0x00, 0x00, 0x00, 0x00, 0x00, 0x00, 0x00, 0x00, 0x00, 0x00, 0x00, 0x00,
    0x00, 0x00, 0x00, 0x00, 0x00, 0x00, 0x00, 0x00, 0x00, 0x00, 0x00, 0x00,
    0x50, 0x48, 0x48, 0x20, 0x50, 0x4c, 0x48, 0xcf, 0x50, 0x48, 0x48, 0xff,
    0x50, 0x4c, 0x48, 0xff, 0x50, 0x4c, 0x48, 0xff, 0x50, 0x48, 0x48, 0xff,
    0x50, 0x4c, 0x48, 0xff, 0x50, 0x4c, 0x40, 0xff, 0x50, 0x48, 0x48, 0xff,
    0x50, 0x4c, 0x48, 0xff, 0x50, 0x4c, 0x40, 0xff, 0x50, 0x48, 0x48, 0xff,
    0x50, 0x4c, 0x48, 0xff, 0x50, 0x4c, 0x48, 0xff, 0x50, 0x4c, 0x48, 0xff,
    0x50, 0x4c, 0x48, 0xff, 0x50, 0x48, 0x48, 0xff, 0x50, 0x4c, 0x48, 0xff,
    0x50, 0x4c, 0x48, 0xff, 0x50, 0x4c, 0x48, 0xff, 0x50, 0x48, 0x48, 0xff,
    0x50, 0x4c, 0x48, 0xff, 0x50, 0x4c, 0x48, 0xff, 0x50, 0x4c, 0x48, 0xff,
    0x50, 0x48, 0x48, 0xff, 0x50, 0x4c, 0x48, 0xff, 0x50, 0x4c, 0x48, 0xff,
    0x50, 0x48, 0x48, 0xff, 0x50, 0x4c, 0x48, 0xff, 0x50, 0x48, 0x48, 0xff,
    0x50, 0x4c, 0x40, 0xff, 0x50, 0x4c, 0x48, 0xff, 0x50, 0x48, 0x48, 0xff,
    0x50, 0x4c, 0x48, 0xff, 0x50, 0x4c, 0x48, 0xff, 0x50, 0x48, 0x40, 0xff,
    0x50, 0x4c, 0x48, 0xff, 0x50, 0x4c, 0x48, 0xff, 0x50, 0x48, 0x48, 0xff,
    0x50, 0x4c, 0x40, 0xff, 0x50, 0x4c, 0x48, 0xff, 0x50, 0x48, 0x48, 0xff,
    0x50, 0x4c, 0x48, 0xff, 0x50, 0x4c, 0x48, 0xff, 0x50, 0x4c, 0x48, 0xff,
    0x50, 0x48, 0x48, 0xff, 0x50, 0x4c, 0x48, 0xff, 0x50, 0x4c, 0x48, 0xff,
    0x50, 0x4c, 0x48, 0xff, 0x50, 0x48, 0x48, 0xff, 0x50, 0x4c, 0x48, 0xff,
    0x50, 0x4c, 0x48, 0xff, 0x50, 0x4c, 0x48, 0xff, 0x50, 0x4c, 0x40, 0xff,
    0x50, 0x4c, 0x48, 0xff, 0x50, 0x48, 0x48, 0xff, 0x50, 0x4c, 0x40, 0xff,
    0x50, 0x4c, 0x48, 0xff, 0x50, 0x4c, 0x48, 0xff, 0x50, 0x4c, 0x48, 0xff,
    0x50, 0x48, 0x48, 0xff, 0x50, 0x4c, 0x48, 0xff, 0x50, 0x4c, 0x48, 0xff,
    0x50, 0x4c, 0x48, 0xff, 0x50, 0x4c, 0x48, 0xff, 0x50, 0x48, 0x48, 0xff,
    0x50, 0x4c, 0x48, 0xff, 0x50, 0x4c, 0x40, 0xff, 0x50, 0x48, 0x48, 0xff,
    0x50, 0x4c, 0x48, 0xff, 0x50, 0x4c, 0x48, 0xff, 0x50, 0x4c, 0x48, 0xff,
    0x50, 0x4c, 0x48, 0xff, 0x50, 0x4c, 0x40, 0xff, 0x50, 0x4c, 0x48, 0xff,
    0x50, 0x4c, 0x48, 0xff, 0x50, 0x48, 0x48, 0xff, 0x50, 0x4c, 0x48, 0xff,
    0x50, 0x4c, 0x48, 0xff, 0x50, 0x4c, 0x48, 0xff, 0x50, 0x4c, 0x48, 0xff,
    0x50, 0x48, 0x48, 0xff, 0x50, 0x4c, 0x48, 0xff, 0x50, 0x4c, 0x48, 0xff,
    0x50, 0x48, 0x48, 0xff, 0x50, 0x48, 0x48, 0xff, 0x50, 0x4c, 0x48, 0xff,
    0x50, 0x4c, 0x48, 0xff, 0x50, 0x4c, 0x48, 0xff, 0x50, 0x4c, 0x48, 0xff,
    0x50, 0x4c, 0x48, 0xff, 0x50, 0x4c, 0x48, 0xff, 0x50, 0x48, 0x48, 0xff,
    0x50, 0x4c, 0x48, 0xff, 0x50, 0x4c, 0x48, 0xff, 0x50, 0x48, 0x48, 0xff,
    0x50, 0x4c, 0x40, 0xff, 0x50, 0x4c, 0x48, 0xff, 0x50, 0x4c, 0x48, 0xff,
    0x50, 0x4c, 0x48, 0xff, 0x50, 0x48, 0x48, 0xff, 0x50, 0x4c, 0x48, 0xff,
    0x50, 0x4c, 0x48, 0xff, 0x50, 0x4c, 0x48, 0xff, 0x50, 0x4c, 0x48, 0xff,
    0x50, 0x48, 0x48, 0xff, 0x50, 0x4c, 0x40, 0xff, 0x50, 0x4c, 0x48, 0xff,
    0x50, 0x4c, 0x48, 0xff, 0x50, 0x4c, 0x48, 0xff, 0x50, 0x4c, 0x40, 0xff,
    0x50, 0x4c, 0x48, 0xff, 0x50, 0x4c, 0x48, 0xff, 0x50, 0x4c, 0x48, 0xff,
    0x50, 0x4c, 0x48, 0xff, 0x50, 0x4c, 0x48, 0xff, 0x50, 0x4c, 0x48, 0xff,
    0x50, 0x48, 0x48, 0xff, 0x50, 0x4c, 0x40, 0xff, 0x50, 0x4c, 0x48, 0xff,
    0x50, 0x4c, 0x48, 0xff, 0x50, 0x4c, 0x48, 0xff, 0x50, 0x48, 0x48, 0xff,
    0x50, 0x4c, 0x48, 0xff, 0x50, 0x4c, 0x48, 0xff, 0x50, 0x48, 0x48, 0xff,
    0x50, 0x4c, 0x40, 0xff, 0x50, 0x48, 0x48, 0xff, 0x50, 0x4c, 0x48, 0xff,
    0x50, 0x48, 0x48, 0xff, 0x50, 0x4c, 0x48, 0xff, 0x50, 0x4c, 0x40, 0xff,
    0x50, 0x4c, 0x48, 0xff, 0x50, 0x48, 0x48, 0xff, 0x50, 0x4c, 0x48, 0xff,
    0x50, 0x4c, 0x48, 0xff, 0x50, 0x48, 0x48, 0xff, 0x50, 0x4c, 0x48, 0xff,
    0x50, 0x4c, 0x48, 0xff, 0x50, 0x4c, 0x48, 0xff, 0x50, 0x4c, 0x48, 0xff,
    0x50, 0x4c, 0x48, 0xff, 0x50, 0x4c, 0x48, 0xff, 0x50, 0x4c, 0x48, 0xff,
    0x50, 0x4c, 0x48, 0xff, 0x50, 0x4c, 0x40, 0xff, 0x50, 0x4c, 0x48, 0xff,
    0x50, 0x4c, 0x48, 0xff, 0x50, 0x4c, 0x48, 0xff, 0x50, 0x48, 0x48, 0xff,
    0x50, 0x4c, 0x40, 0xff, 0x50, 0x4c, 0x48, 0xff, 0x50, 0x48, 0x48, 0xff,
    0x50, 0x4c, 0x48, 0xff, 0x50, 0x4c, 0x48, 0xff, 0x50, 0x48, 0x48, 0xff,
    0x50, 0x4c, 0x48, 0xff, 0x50, 0x4c, 0x48, 0xff, 0x50, 0x48, 0x48, 0xff,
    0x50, 0x4c, 0x40, 0xff, 0x50, 0x4c, 0x48, 0xff, 0x50, 0x4c, 0x48, 0xff,
    0x50, 0x48, 0x40, 0xff, 0x50, 0x4c, 0x48, 0xff, 0x50, 0x4c, 0x48, 0xff,
    0x50, 0x4c, 0x48, 0xff, 0x50, 0x4c, 0x48, 0xff, 0x50, 0x4c, 0x48, 0xff,
    0x50, 0x48, 0x48, 0xff, 0x50, 0x4c, 0x48, 0xff, 0x50, 0x4c, 0x48, 0xff,
    0x50, 0x48, 0x48, 0xff, 0x50, 0x4c, 0x48, 0xff, 0x50, 0x48, 0x48, 0xff,
    0x50, 0x4c, 0x40, 0xff, 0x50, 0x4c, 0x48, 0xff, 0x50, 0x4c, 0x48, 0xff,
    0x50, 0x4c, 0x48, 0xff, 0x50, 0x4c, 0x48, 0xff, 0x50, 0x48, 0x48, 0xff,
    0x50, 0x4c, 0x48, 0xff, 0x50, 0x4c, 0x48, 0xff, 0x50, 0x48, 0x40, 0xff,
    0x50, 0x4c, 0x48, 0xff, 0x50, 0x4c, 0x48, 0xff, 0x50, 0x4c, 0x40, 0xff,
    0x50, 0x48, 0x48, 0xff, 0x50, 0x4c, 0x48, 0xff, 0x50, 0x4c, 0x48, 0xff,
    0x50, 0x48, 0x48, 0xff, 0x50, 0x48, 0x40, 0xff, 0x50, 0x4c, 0x48, 0xff,
    0x50, 0x48, 0x48, 0xff, 0x50, 0x4c, 0x48, 0xff, 0x50, 0x4c, 0x48, 0xff,
    0x50, 0x4c, 0x48, 0xff, 0x50, 0x4c, 0x48, 0xff, 0x50, 0x48, 0x40, 0xff,
    0x50, 0x4c, 0x48, 0xff, 0x50, 0x4c, 0x48, 0xff, 0x50, 0x4c, 0x48, 0xff,
    0x50, 0x4c, 0x48, 0xff, 0x50, 0x4c, 0x48, 0xff, 0x50, 0x48, 0x48, 0xff,
    0x50, 0x4c, 0x40, 0xff, 0x50, 0x4c, 0x48, 0xff, 0x50, 0x48, 0x48, 0xff,
    0x50, 0x4c, 0x48, 0xff, 0x50, 0x48, 0x40, 0xcf, 0x50, 0x40, 0x40, 0x10,
    0x00, 0x00, 0x00, 0x00, 0x00, 0x00, 0x00, 0x00, 0x00, 0x00, 0x00, 0x00,
    0x00, 0x00, 0x00, 0x00, 0x00, 0x00, 0x00, 0x00, 0x00, 0x00, 0x00, 0x00,
    0x00, 0x00, 0x00, 0x00, 0x00, 0x00, 0x00, 0x00, 0x00, 0x00, 0x00, 0x00,
    0x00, 0x00, 0x00, 0x00, 0x00, 0x00, 0x00, 0x00, 0x00, 0x00, 0x00, 0x00,
    0x00, 0x00, 0x00, 0x00, 0x00, 0x00, 0x00, 0x00, 0x00, 0x00, 0x00, 0x00,
    0x00, 0x00, 0x00, 0x00, 0x00, 0x00, 0x00, 0x00, 0x00, 0x00, 0x00, 0x00,
    0x00, 0x00, 0x00, 0x00, 0x00, 0x00, 0x00, 0x00, 0x50, 0x4c, 0x48, 0x8e,
    0x50, 0x48, 0x48, 0xff, 0x50, 0x4c, 0x48, 0xff, 0x50, 0x4c, 0x48, 0xff,
    0x50, 0x4c, 0x48, 0xff, 0x50, 0x4c, 0x48, 0xff, 0x50, 0x48, 0x48, 0xff,
    0x50, 0x4c, 0x48, 0xff, 0x50, 0x4c, 0x48, 0xff, 0x50, 0x4c, 0x48, 0xff,
    0x50, 0x48, 0x40, 0xff, 0x50, 0x4c, 0x48, 0xff, 0x50, 0x4c, 0x48, 0xff,
    0x50, 0x4c, 0x48, 0xff, 0x50, 0x4c, 0x48, 0xff, 0x50, 0x48, 0x48, 0xff,
    0x50, 0x4c, 0x48, 0xff, 0x50, 0x4c, 0x40, 0xff, 0x50, 0x4c, 0x48, 0xff,
    0x50, 0x48, 0x48, 0xff, 0x50, 0x4c, 0x48, 0xff, 0x50, 0x4c, 0x48, 0xff,
    0x50, 0x4c, 0x48, 0xff, 0x50, 0x4c, 0x48, 0xff, 0x50, 0x4c, 0x40, 0xff,
    0x50, 0x4c, 0x48, 0xff, 0x50, 0x48, 0x48, 0xff, 0x50, 0x4c, 0x48, 0xff,
    0x50, 0x4c, 0x48, 0xff, 0x50, 0x48, 0x48, 0xff, 0x50, 0x4c, 0x48, 0xff,
    0x50, 0x4c, 0x48, 0xff, 0x50, 0x4c, 0x48, 0xff, 0x50, 0x4c, 0x48, 0xff,
    0x50, 0x4c, 0x48, 0xff, 0x50, 0x4c, 0x48, 0xff, 0x50, 0x4c, 0x48, 0xff,
    0x50, 0x4c, 0x48, 0xff, 0x50, 0x48, 0x48, 0xff, 0x50, 0x4c, 0x48, 0xff,
    0x50, 0x4c, 0x40, 0xff, 0x50, 0x4c, 0x48, 0xff, 0x50, 0x48, 0x48, 0xff,
    0x50, 0x4c, 0x40, 0xff, 0x50, 0x4c, 0x48, 0xff, 0x50, 0x48, 0x48, 0xff,
    0x50, 0x4c, 0x48, 0xff, 0x50, 0x4c, 0x48, 0xff, 0x50, 0x48, 0x48, 0xff,
    0x50, 0x4c, 0x48, 0xff, 0x50, 0x48, 0x48, 0xff, 0x50, 0x4c, 0x48, 0xff,
    0x50, 0x4c, 0x48, 0xff, 0x50, 0x4c, 0x48, 0xff, 0x50, 0x4c, 0x48, 0xff,
    0x50, 0x4c, 0x48, 0xff, 0x50, 0x4c, 0x48, 0xff, 0x50, 0x4c, 0x48, 0xff,
    0x50, 0x4c, 0x48, 0xff, 0x50, 0x48, 0x40, 0xff, 0x50, 0x4c, 0x48, 0xff,
    0x50, 0x4c, 0x48, 0xff, 0x50, 0x48, 0x40, 0xff, 0x50, 0x4c, 0x48, 0xff,
    0x50, 0x4c, 0x48, 0xff, 0x50, 0x4c, 0x48, 0xff, 0x50, 0x4c, 0x48, 0xff,
    0x50, 0x4c, 0x48, 0xff, 0x50, 0x48, 0x40, 0xff, 0x50, 0x4c, 0x48, 0xff,
    0x50, 0x4c, 0x48, 0xff, 0x50, 0x48, 0x48, 0xff, 0x50, 0x4c, 0x48, 0xff,
    0x50, 0x4c, 0x40, 0xff, 0x50, 0x4c, 0x48, 0xff, 0x50, 0x48, 0x48, 0xff,
    0x50, 0x4c, 0x40, 0xff, 0x50, 0x4c, 0x48, 0xff, 0x50, 0x4c, 0x48, 0xff,
    0x50, 0x48, 0x48, 0xff, 0x50, 0x4c, 0x48, 0xff, 0x50, 0x4c, 0x48, 0xff,
    0x50, 0x4c, 0x48, 0xff, 0x50, 0x4c, 0x40, 0xff, 0x50, 0x48, 0x48, 0xff,
    0x50, 0x4c, 0x48, 0xff, 0x50, 0x48, 0x48, 0xff, 0x50, 0x48, 0x40, 0xff,
    0x50, 0x4c, 0x48, 0xff, 0x50, 0x4c, 0x48, 0xff, 0x50, 0x4c, 0x48, 0xff,
    0x50, 0x4c, 0x48, 0xff, 0x50, 0x48, 0x48, 0xff, 0x50, 0x4c, 0x48, 0xff,
    0x50, 0x4c, 0x48, 0xff, 0x50, 0x48, 0x48, 0xff, 0x50, 0x4c, 0x48, 0xff,
    0x50, 0x4c, 0x40, 0xff, 0x50, 0x4c, 0x48, 0xff, 0x50, 0x48, 0x48, 0xff,
    0x50, 0x4c, 0x48, 0xff, 0x50, 0x4c, 0x48, 0xff, 0x50, 0x48, 0x48, 0xff,
    0x50, 0x4c, 0x48, 0xff, 0x50, 0x4c, 0x48, 0xff, 0x50, 0x48, 0x48, 0xff,
    0x50, 0x4c, 0x48, 0xff, 0x50, 0x48, 0x48, 0xff, 0x50, 0x4c, 0x48, 0xff,
    0x50, 0x48, 0x48, 0xff, 0x50, 0x4c, 0x40, 0xff, 0x50, 0x48, 0x48, 0xff,
    0x50, 0x4c, 0x48, 0xff, 0x50, 0x4c, 0x40, 0xff, 0x50, 0x4c, 0x48, 0xff,
    0x50, 0x48, 0x48, 0xff, 0x50, 0x4c, 0x48, 0xff, 0x50, 0x48, 0x48, 0xff,
    0x50, 0x4c, 0x48, 0xff, 0x50, 0x4c, 0x40, 0xff, 0x50, 0x4c, 0x48, 0xff,
    0x50, 0x4c, 0x48, 0xff, 0x50, 0x4c, 0x48, 0xff, 0x50, 0x4c, 0x48, 0xff,
    0x50, 0x48, 0x48, 0xff, 0x50, 0x4c, 0x48, 0xff, 0x50, 0x4c, 0x48, 0xff,
    0x50, 0x4c, 0x48, 0xff, 0x50, 0x48, 0x48, 0xff, 0x50, 0x4c, 0x48, 0xff,
    0x50, 0x4c, 0x48, 0xff, 0x50, 0x4c, 0x48, 0xff, 0x50, 0x4c, 0x40, 0xff,
    0x50, 0x4c, 0x48, 0xff, 0x50, 0x48, 0x48, 0xff, 0x50, 0x4c, 0x40, 0xff,
    0x50, 0x4c, 0x48, 0xff, 0x50, 0x48, 0x48, 0xff, 0x50, 0x48, 0x48, 0xff,
    0x50, 0x4c, 0x40, 0xff, 0x50, 0x48, 0x48, 0xff, 0x50, 0x4c, 0x48, 0xff,
    0x50, 0x4c, 0x48, 0xff, 0x50, 0x48, 0x48, 0xff, 0x50, 0x4c, 0x48, 0xff,
    0x50, 0x4c, 0x48, 0xff, 0x50, 0x4c, 0x48, 0xff, 0x50, 0x48, 0x48, 0xff,
    0x50, 0x4c, 0x48, 0xff, 0x50, 0x4c, 0x48, 0xff, 0x50, 0x4c, 0x48, 0xff,
    0x50, 0x4c, 0x48, 0xff, 0x50, 0x4c, 0x48, 0xff, 0x50, 0x4c, 0x40, 0xff,
    0x50, 0x4c, 0x48, 0xff, 0x50, 0x4c, 0x48, 0xff, 0x50, 0x4c, 0x48, 0xff,
    0x50, 0x4c, 0x48, 0xff, 0x50, 0x4c, 0x48, 0xff, 0x50, 0x4c, 0x48, 0xff,
    0x50, 0x48, 0x48, 0xff, 0x50, 0x4c, 0x48, 0xff, 0x50, 0x4c, 0x48, 0xff,
    0x50, 0x48, 0x40, 0xff, 0x50, 0x4c, 0x48, 0xff, 0x50, 0x4c, 0x48, 0xff,
    0x50, 0x4c, 0x48, 0xff, 0x50, 0x4c, 0x40, 0xff, 0x50, 0x48, 0x48, 0xff,
    0x50, 0x4c, 0x48, 0xff, 0x50, 0x4c, 0x48, 0xff, 0x50, 0x4c, 0x48, 0xff,
    0x50, 0x48, 0x48, 0xff, 0x50, 0x4c, 0x48, 0xff, 0x50, 0x4c, 0x48, 0xff,
    0x50, 0x48, 0x40, 0xff, 0x50, 0x4c, 0x48, 0xff, 0x50, 0x4c, 0x48, 0xff,
    0x50, 0x4c, 0x48, 0xff, 0x50, 0x4c, 0x48, 0xff, 0x50, 0x4c, 0x48, 0xff,
    0x50, 0x4c, 0x48, 0xff, 0x50, 0x4c, 0x48, 0xff, 0x50, 0x4c, 0x48, 0xff,
    0x50, 0x48, 0x48, 0xff, 0x50, 0x4c, 0x48, 0xff, 0x50, 0x4c, 0x48, 0xff,
    0x50, 0x4c, 0x48, 0xff, 0x50, 0x4c, 0x48, 0xff, 0x50, 0x4c, 0x48, 0xff,
    0x50, 0x48, 0x48, 0xff, 0x50, 0x4c, 0x40, 0xff, 0x50, 0x4c, 0x48, 0xff,
    0x50, 0x48, 0x48, 0xff, 0x50, 0x4c, 0x48, 0xff, 0x50, 0x4c, 0x48, 0xff,
    0x50, 0x48, 0x48, 0xff, 0x50, 0x4c, 0x48, 0xff, 0x50, 0x4c, 0x40, 0xff,
    0x50, 0x48, 0x48, 0xff, 0x50, 0x4c, 0x48, 0xff, 0x50, 0x4c, 0x48, 0xff,
    0x50, 0x4c, 0x48, 0xff, 0x50, 0x4c, 0x48, 0xff, 0x50, 0x4c, 0x48, 0xff,
    0x50, 0x48, 0x40, 0x8e, 0x50, 0x40, 0x40, 0x10, 0x00, 0x00, 0x00, 0x00,
    0x00, 0x00, 0x00, 0x00, 0x00, 0x00, 0x00, 0x00, 0x00, 0x00, 0x00, 0x00,
    0x00, 0x00, 0x00, 0x00, 0x00, 0x00, 0x00, 0x00, 0x00, 0x00, 0x00, 0x00,
    0x00, 0x00, 0x00, 0x00, 0x00, 0x00, 0x00, 0x00, 0x00, 0x00, 0x00, 0x00,
    0x00, 0x00, 0x00, 0x00, 0x00, 0x00, 0x00, 0x00, 0x00, 0x00, 0x00, 0x00,
    0x00, 0x00, 0x00, 0x00, 0x00, 0x00, 0x00, 0x00, 0x00, 0x00, 0x00, 0x00,
    0x00, 0x00, 0x00, 0x00, 0x00, 0x00, 0x00, 0x00, 0x00, 0x00, 0x00, 0x00,
    0x00, 0x00, 0x00, 0x00, 0x00, 0x00, 0x00, 0x00, 0x00, 0x00, 0x00, 0x00,
    0x50, 0x48, 0x40, 0x61, 0x50, 0x48, 0x48, 0xdf, 0x50, 0x4c, 0x40, 0xff,
    0x50, 0x4c, 0x48, 0xff, 0x50, 0x4c, 0x48, 0xff, 0x50, 0x4c, 0x48, 0xff,
    0x50, 0x48, 0x40, 0xff, 0x50, 0x4c, 0x48, 0xff, 0x50, 0x4c, 0x48, 0xff,
    0x50, 0x4c, 0x48, 0xff, 0x50, 0x48, 0x48, 0xff, 0x50, 0x4c, 0x48, 0xff,
    0x50, 0x4c, 0x40, 0xff, 0x50, 0x48, 0x48, 0xff, 0x50, 0x4c, 0x48, 0xff,
    0x50, 0x4c, 0x48, 0xff, 0x50, 0x48, 0x48, 0xff, 0x50, 0x4c, 0x48, 0xff,
    0x50, 0x4c, 0x40, 0xff, 0x50, 0x48, 0x48, 0xff, 0x50, 0x4c, 0x48, 0xff,
    0x50, 0x4c, 0x40, 0xff, 0x50, 0x48, 0x48, 0xff, 0x50, 0x4c, 0x48, 0xff,
    0x50, 0x4c, 0x48, 0xff, 0x50, 0x4c, 0x48, 0xff, 0x50, 0x4c, 0x48, 0xff,
    0x50, 0x4c, 0x48, 0xff, 0x50, 0x4c, 0x48, 0xff, 0x50, 0x4c, 0x40, 0xff,
    0x50, 0x48, 0x48, 0xff, 0x50, 0x4c, 0x48, 0xff, 0x50, 0x4c, 0x48, 0xff,
    0x50, 0x48, 0x48, 0xff, 0x50, 0x4c, 0x40, 0xff, 0x50, 0x4c, 0x48, 0xff,
    0x50, 0x48, 0x48, 0xff, 0x50, 0x4c, 0x48, 0xff, 0x50, 0x4c, 0x48, 0xff,
    0x50, 0x4c, 0x48, 0xff, 0x50, 0x48, 0x48, 0xff, 0x50, 0x4c, 0x48, 0xff,
    0x50, 0x4c, 0x48, 0xff, 0x50, 0x4c, 0x48, 0xff, 0x50, 0x48, 0x40, 0xff,
    0x50, 0x4c, 0x48, 0xff, 0x50, 0x4c, 0x48, 0xff, 0x50, 0x4c, 0x40, 0xff,
    0x50, 0x4c, 0x48, 0xff, 0x50, 0x4c, 0x48, 0xff, 0x50, 0x48, 0x48, 0xff,
    0x50, 0x4c, 0x48, 0xff, 0x50, 0x48, 0x48, 0xff, 0x50, 0x4c, 0x48, 0xff,
    0x50, 0x48, 0x48, 0xff, 0x50, 0x48, 0x40, 0xff, 0x50, 0x4c, 0x48, 0xff,
    0x50, 0x4c, 0x48, 0xff, 0x50, 0x4c, 0x48, 0xff, 0x50, 0x48, 0x48, 0xff,
    0x50, 0x4c, 0x48, 0xff, 0x50, 0x4c, 0x48, 0xff, 0x50, 0x4c, 0x48, 0xff,
    0x50, 0x48, 0x48, 0xff, 0x50, 0x4c, 0x48, 0xff, 0x50, 0x4c, 0x48, 0xff,
    0x50, 0x48, 0x48, 0xff, 0x50, 0x4c, 0x48, 0xff, 0x50, 0x4c, 0x48, 0xff,
    0x50, 0x48, 0x48, 0xff, 0x50, 0x4c, 0x48, 0xff, 0x50, 0x4c, 0x48, 0xff,
    0x50, 0x4c, 0x48, 0xff, 0x50, 0x48, 0x48, 0xff, 0x50, 0x4c, 0x48, 0xff,
    0x50, 0x4c, 0x48, 0xff, 0x50, 0x48, 0x48, 0xff, 0x50, 0x4c, 0x40, 0xff,
    0x50, 0x4c, 0x48, 0xff, 0x50, 0x4c, 0x48, 0xff, 0x50, 0x48, 0x40, 0xff,
    0x50, 0x4c, 0x48, 0xff, 0x50, 0x4c, 0x48, 0xff, 0x50, 0x4c, 0x48, 0xff,
    0x50, 0x4c, 0x48, 0xff, 0x50, 0x4c, 0x48, 0xff, 0x50, 0x4c, 0x48, 0xff,
    0x50, 0x48, 0x48, 0xff, 0x50, 0x4c, 0x40, 0xff, 0x50, 0x4c, 0x48, 0xff,
    0x50, 0x48, 0x48, 0xff, 0x50, 0x4c, 0x40, 0xff, 0x50, 0x4c, 0x48, 0xff,
    0x50, 0x4c, 0x48, 0xff, 0x50, 0x48, 0x48, 0xff, 0x50, 0x4c, 0x48, 0xff,
    0x50, 0x4c, 0x48, 0xff, 0x50, 0x4c, 0x48, 0xff, 0x50, 0x4c, 0x48, 0xff,
    0x50, 0x48, 0x40, 0xff, 0x50, 0x4c, 0x48, 0xff, 0x50, 0x4c, 0x48, 0xff,
    0x50, 0x4c, 0x40, 0xff, 0x50, 0x4c, 0x48, 0xff, 0x50, 0x4c, 0x48, 0xff,
    0x50, 0x48, 0x40, 0xff, 0x50, 0x4c, 0x48, 0xff, 0x50, 0x4c, 0x48, 0xff,
    0x50, 0x4c, 0x48, 0xff, 0x50, 0x48, 0x48, 0xff, 0x50, 0x4c, 0x48, 0xff,
    0x50, 0x4c, 0x48, 0xff, 0x50, 0x48, 0x48, 0xff, 0x50, 0x4c, 0x48, 0xff,
    0x50, 0x4c, 0x48, 0xff, 0x50, 0x4c, 0x48, 0xff, 0x50, 0x4c, 0x48, 0xff,
    0x50, 0x48, 0x48, 0xff, 0x50, 0x4c, 0x48, 0xff, 0x50, 0x48, 0x48, 0xff,
    0x50, 0x4c, 0x48, 0xff, 0x50, 0x4c, 0x40, 0xff, 0x50, 0x4c, 0x48, 0xff,
    0x50, 0x4c, 0x48, 0xff, 0x50, 0x4c, 0x48, 0xff, 0x50, 0x4c, 0x40, 0xff,
    0x50, 0x4c, 0x48, 0xff, 0x50, 0x48, 0x48, 0xff, 0x50, 0x4c, 0x48, 0xff,
    0x50, 0x4c, 0x48, 0xff, 0x50, 0x48, 0x48, 0xff, 0x50, 0x4c, 0x48, 0xff,
    0x50, 0x4c, 0x48, 0xff, 0x50, 0x4c, 0x48, 0xff, 0x50, 0x48, 0x48, 0xff,
    0x50, 0x4c, 0x48, 0xff, 0x50, 0x4c, 0x48, 0xff, 0x50, 0x4c, 0x48, 0xff,
    0x50, 0x4c, 0x48, 0xff, 0x50, 0x4c, 0x48, 0xff, 0x50, 0x48, 0x48, 0xff,
    0x50, 0x4c, 0x48, 0xff, 0x50, 0x4c, 0x48, 0xff, 0x50, 0x48, 0x48, 0xff,
    0x50, 0x4c, 0x40, 0xff, 0x50, 0x4c, 0x48, 0xff, 0x50, 0x4c, 0x48, 0xff,
    0x50, 0x48, 0x48, 0xff, 0x50, 0x4c, 0x48, 0xff, 0x50, 0x4c, 0x40, 0xff,
    0x50, 0x48, 0x48, 0xff, 0x50, 0x48, 0x48, 0xff, 0x50, 0x4c, 0x48, 0xff,
    0x50, 0x48, 0x48, 0xff, 0x50, 0x4c, 0x48, 0xff, 0x50, 0x48, 0x48, 0xff,
    0x50, 0x48, 0x48, 0xff, 0x50, 0x4c, 0x40, 0xff, 0x50, 0x4c, 0x48, 0xff,
    0x50, 0x4c, 0x48, 0xff, 0x50, 0x4c, 0x48, 0xff, 0x50, 0x48, 0x48, 0xff,
    0x50, 0x4c, 0x48, 0xff, 0x50, 0x48, 0x48, 0xff, 0x50, 0x4c, 0x48, 0xff,
    0x50, 0x4c, 0x48, 0xff, 0x50, 0x48, 0x48, 0xff, 0x50, 0x4c, 0x48, 0xff,
    0x50, 0x4c, 0x48, 0xff, 0x50, 0x4c, 0x40, 0xff, 0x50, 0x4c, 0x48, 0xff,
    0x50, 0x48, 0x48, 0xff, 0x50, 0x4c, 0x48, 0xff, 0x50, 0x4c, 0x48, 0xff,
    0x50, 0x48, 0x48, 0xff, 0x50, 0x4c, 0x48, 0xff, 0x50, 0x4c, 0x48, 0xff,
    0x50, 0x48, 0x40, 0xff, 0x50, 0x4c, 0x48, 0xff, 0x50, 0x48, 0x48, 0xff,
    0x50, 0x48, 0x48, 0xff, 0x50, 0x4c, 0x48, 0xff, 0x50, 0x4c, 0x48, 0xff,
    0x50, 0x4c, 0x40, 0xff, 0x50, 0x48, 0x48, 0xff, 0x50, 0x4c, 0x48, 0xff,
    0x50, 0x4c, 0x40, 0xff, 0x50, 0x4c, 0x48, 0xff, 0x50, 0x4c, 0x48, 0xff,
    0x50, 0x4c, 0x48, 0xff, 0x50, 0x48, 0x48, 0xff, 0x50, 0x4c, 0x48, 0xff,
    0x50, 0x4c, 0x48, 0xff, 0x50, 0x4c, 0x48, 0xff, 0x50, 0x4c, 0x48, 0xff,
    0x50, 0x4c, 0x48, 0xff, 0x50, 0x48, 0x48, 0xff, 0x50, 0x4c, 0x48, 0xff,
    0x50, 0x4c, 0x48, 0xff, 0x50, 0x48, 0x48, 0xff, 0x50, 0x4c, 0x40, 0xff,
    0x50, 0x4c, 0x48, 0xff, 0x50, 0x48, 0x48, 0xef, 0x50, 0x48, 0x48, 0x6d,
    0x00, 0x00, 0x00, 0x00, 0x00, 0x00, 0x00, 0x00, 0x00, 0x00, 0x00, 0x00,
    0x00, 0x00, 0x00, 0x00, 0x00, 0x00, 0x00, 0x00, 0x00, 0x00, 0x00, 0x00,
    0x00, 0x00, 0x00, 0x00, 0x00, 0x00, 0x00, 0x00, 0x00, 0x00, 0x00, 0x00,
    0x00, 0x00, 0x00, 0x00, 0x00, 0x00, 0x00, 0x00, 0x00, 0x00, 0x00, 0x00,
    0x00, 0x00, 0x00, 0x00, 0x00, 0x00, 0x00, 0x00, 0x00, 0x00, 0x00, 0x00,
    0x00, 0x00, 0x00, 0x00, 0x00, 0x00, 0x00, 0x00, 0x00, 0x00, 0x00, 0x00,
    0x00, 0x00, 0x00, 0x00, 0x00, 0x00, 0x00, 0x00, 0x00, 0x00, 0x00, 0x00,
    0x00, 0x00, 0x00, 0x00, 0x00, 0x00, 0x00, 0x00, 0x00, 0x00, 0x00, 0x00,
    0x00, 0x00, 0x00, 0x00, 0x50, 0x48, 0x48, 0x20, 0x50, 0x48, 0x48, 0x9e,
    0x50, 0x4c, 0x48, 0xff, 0x50, 0x4c, 0x48, 0xff, 0x50, 0x48, 0x48, 0xff,
    0x50, 0x4c, 0x48, 0xff, 0x50, 0x4c, 0x48, 0xff, 0x50, 0x4c, 0x48, 0xff,
    0x50, 0x4c, 0x48, 0xff, 0x50, 0x48, 0x48, 0xff, 0x50, 0x4c, 0x48, 0xff,
    0x50, 0x4c, 0x48, 0xff, 0x50, 0x4c, 0x48, 0xff, 0x50, 0x4c, 0x40, 0xff,
    0x50, 0x4c, 0x48, 0xff, 0x50, 0x4c, 0x48, 0xff, 0x50, 0x4c, 0x48, 0xff,
    0x50, 0x4c, 0x48, 0xff, 0x50, 0x4c, 0x48, 0xff, 0x50, 0x48, 0x48, 0xff,
    0x50, 0x4c, 0x48, 0xff, 0x50, 0x4c, 0x48, 0xff, 0x50, 0x48, 0x48, 0xff,
    0x50, 0x4c, 0x48, 0xff, 0x50, 0x48, 0x40, 0xff, 0x50, 0x4c, 0x48, 0xff,
    0x50, 0x48, 0x48, 0xff, 0x50, 0x4c, 0x48, 0xff, 0x50, 0x4c, 0x48, 0xff,
    0x50, 0x48, 0x48, 0xff, 0x50, 0x4c, 0x48, 0xff, 0x50, 0x4c, 0x40, 0xff,
    0x50, 0x48, 0x48, 0xff, 0x50, 0x4c, 0x48, 0xff, 0x50, 0x4c, 0x48, 0xff,
    0x50, 0x48, 0x48, 0xff, 0x50, 0x4c, 0x40, 0xff, 0x50, 0x4c, 0x48, 0xff,
    0x50, 0x48, 0x48, 0xff, 0x50, 0x4c, 0x48, 0xff, 0x50, 0x4c, 0x40, 0xff,
    0x50, 0x4c, 0x48, 0xff, 0x50, 0x4c, 0x48, 0xff, 0x50, 0x4c, 0x48, 0xff,
    0x50, 0x4c, 0x48, 0xff, 0x50, 0x48, 0x48, 0xff, 0x50, 0x4c, 0x48, 0xff,
    0x50, 0x4c, 0x48, 0xff, 0x50, 0x4c, 0x40, 0xff, 0x50, 0x4c, 0x48, 0xff,
    0x50, 0x4c, 0x48, 0xff, 0x50, 0x4c, 0x40, 0xff, 0x50, 0x4c, 0x48, 0xff,
    0x50, 0x4c, 0x48, 0xff, 0x50, 0x4c, 0x48, 0xff, 0x50, 0x48, 0x48, 0xff,
    0x50, 0x4c, 0x48, 0xff, 0x50, 0x4c, 0x48, 0xff, 0x50, 0x4c, 0x48, 0xff,
    0x50, 0x4c, 0x48, 0xff, 0x50, 0x4c, 0x48, 0xff, 0x50, 0x48, 0x40, 0xff,
    0x50, 0x4c, 0x48, 0xff, 0x50, 0x4c, 0x48, 0xff, 0x50, 0x48, 0x40, 0xff,
    0x50, 0x4c, 0x48, 0xff, 0x50, 0x4c, 0x48, 0xff, 0x50, 0x4c, 0x48, 0xff,
    0x50, 0x4c, 0x40, 0xff, 0x50, 0x4c, 0x48, 0xff, 0x50, 0x48, 0x48, 0xff,
    0x50, 0x4c, 0x48, 0xff, 0x50, 0x4c, 0x48, 0xff, 0x50, 0x4c, 0x48, 0xff,
    0x50, 0x4c, 0x48, 0xff, 0x50, 0x48, 0x48, 0xff, 0x50, 0x4c, 0x48, 0xff,
    0x50, 0x4c, 0x48, 0xff, 0x50, 0x48, 0x48, 0xff, 0x50, 0x4c, 0x48, 0xff,
    0x50, 0x4c, 0x48, 0xff, 0x50, 0x48, 0x48, 0xff, 0x50, 0x4c, 0x48, 0xff,
    0x50, 0x4c, 0x40, 0xff, 0x50, 0x4c, 0x48, 0xff, 0x50, 0x4c, 0x48, 0xff,
    0x50, 0x4c, 0x48, 0xff, 0x50, 0x48, 0x48, 0xff, 0x50, 0x4c, 0x48, 0xff,
    0x50, 0x4c, 0x48, 0xff, 0x50, 0x4c, 0x48, 0xff, 0x50, 0x4c, 0x48, 0xff,
    0x50, 0x48, 0x48, 0xff, 0x50, 0x4c, 0x40, 0xff, 0x50, 0x4c, 0x48, 0xff,
    0x50, 0x48, 0x48, 0xff, 0x50, 0x4c, 0x48, 0xff, 0x50, 0x4c, 0x48, 0xff,
    0x50, 0x4c, 0x48, 0xff, 0x50, 0x48, 0x48, 0xff, 0x50, 0x4c, 0x48, 0xff,
    0x50, 0x48, 0x48, 0xff, 0x50, 0x4c, 0x48, 0xff, 0x50, 0x4c, 0x48, 0xff,
    0x50, 0x4c, 0x48, 0xff, 0x50, 0x4c, 0x48, 0xff, 0x50, 0x4c, 0x48, 0xff,
    0x50, 0x4c, 0x48, 0xff, 0x50, 0x4c, 0x48, 0xff, 0x50, 0x4c, 0x48, 0xff,
    0x50, 0x4c, 0x48, 0xff, 0x50, 0x48, 0x48, 0xff, 0x50, 0x4c, 0x40, 0xff,
    0x50, 0x4c, 0x48, 0xff, 0x50, 0x4c, 0x48, 0xff, 0x50, 0x4c, 0x40, 0xff,
    0x50, 0x4c, 0x48, 0xff, 0x50, 0x48, 0x48, 0xff, 0x50, 0x4c, 0x48, 0xff,
    0x50, 0x48, 0x48, 0xff, 0x50, 0x4c, 0x48, 0xff, 0x50, 0x48, 0x48, 0xff,
    0x50, 0x4c, 0x48, 0xff, 0x50, 0x48, 0x48, 0xff, 0x50, 0x4c, 0x48, 0xff,
    0x50, 0x4c, 0x48, 0xff, 0x50, 0x4c, 0x40, 0xff, 0x50, 0x48, 0x48, 0xff,
    0x50, 0x4c, 0x48, 0xff, 0x50, 0x4c, 0x40, 0xff, 0x50, 0x48, 0x48, 0xff,
    0x50, 0x4c, 0x48, 0xff, 0x50, 0x4c, 0x48, 0xff, 0x50, 0x4c, 0x48, 0xff,
    0x50, 0x4c, 0x48, 0xff, 0x50, 0x4c, 0x40, 0xff, 0x50, 0x48, 0x48, 0xff,
    0x50, 0x4c, 0x48, 0xff, 0x50, 0x4c, 0x48, 0xff, 0x50, 0x4c, 0x40, 0xff,
    0x50, 0x4c, 0x48, 0xff, 0x50, 0x4c, 0x48, 0xff, 0x50, 0x4c, 0x48, 0xff,
    0x50, 0x48, 0x48, 0xff, 0x50, 0x4c, 0x48, 0xff, 0x50, 0x4c, 0x48, 0xff,
    0x50, 0x4c, 0x48, 0xff, 0x50, 0x48, 0x48, 0xff, 0x50, 0x4c, 0x48, 0xff,
    0x50, 0x4c, 0x48, 0xff, 0x50, 0x4c, 0x48, 0xff, 0x50, 0x4c, 0x48, 0xff,
    0x50, 0x4c, 0x48, 0xff, 0x50, 0x4c, 0x40, 0xff, 0x50, 0x4c, 0x48, 0xff,
    0x50, 0x4c, 0x48, 0xff, 0x50, 0x48, 0x48, 0xff, 0x50, 0x4c, 0x48, 0xff,
    0x50, 0x4c, 0x48, 0xff, 0x50, 0x48, 0x40, 0xff, 0x50, 0x4c, 0x48, 0xff,
    0x50, 0x4c, 0x48, 0xff, 0x50, 0x4c, 0x48, 0xff, 0x50, 0x48, 0x40, 0xff,
    0x50, 0x4c, 0x48, 0xff, 0x50, 0x4c, 0x48, 0xff, 0x50, 0x4c, 0x48, 0xff,
    0x50, 0x48, 0x48, 0xff, 0x50, 0x4c, 0x48, 0xff, 0x50, 0x4c, 0x48, 0xff,
    0x50, 0x4c, 0x48, 0xff, 0x50, 0x4c, 0x40, 0xff, 0x50, 0x4c, 0x48, 0xff,
    0x50, 0x4c, 0x48, 0xff, 0x50, 0x4c, 0x48, 0xff, 0x50, 0x48, 0x48, 0xff,
    0x50, 0x4c, 0x48, 0xff, 0x50, 0x4c, 0x48, 0xff, 0x50, 0x4c, 0x40, 0xff,
    0x50, 0x4c, 0x48, 0xff, 0x50, 0x48, 0x48, 0xff, 0x50, 0x4c, 0x48, 0xff,
    0x50, 0x4c, 0x48, 0xff, 0x50, 0x4c, 0x48, 0xff, 0x50, 0x48, 0x48, 0xff,
    0x50, 0x48, 0x48, 0xff, 0x50, 0x4c, 0x48, 0xff, 0x50, 0x48, 0x48, 0xff,
    0x50, 0x4c, 0x48, 0xff, 0x50, 0x4c, 0x48, 0xff, 0x50, 0x48, 0x40, 0xff,
    0x50, 0x4c, 0x48, 0xff, 0x50, 0x48, 0x48, 0xff, 0x50, 0x4c, 0x40, 0xff,
    0x50, 0x4c, 0x48, 0xff, 0x50, 0x4c, 0x48, 0xff, 0x50, 0x4c, 0x48, 0xff,
    0x50, 0x4c, 0x48, 0xff, 0x50, 0x4c, 0x48, 0xff, 0x50, 0x48, 0x48, 0xff,
    0x50, 0x4c, 0x48, 0xbe, 0x50, 0x48, 0x48, 0x20, 0x00, 0x00, 0x00, 0x00,
    0x00, 0x00, 0x00, 0x00, 0x00, 0x00, 0x00, 0x00, 0x00, 0x00, 0x00, 0x00,
    0x00, 0x00, 0x00, 0x00, 0x00, 0x00, 0x00, 0x00, 0x00, 0x00, 0x00, 0x00,
    0x00, 0x00, 0x00, 0x00, 0x00, 0x00, 0x00, 0x00, 0x00, 0x00, 0x00, 0x00,
    0x00, 0x00, 0x00, 0x00, 0x00, 0x00, 0x00, 0x00, 0x00, 0x00, 0x00, 0x00,
    0x00, 0x00, 0x00, 0x00, 0x00, 0x00, 0x00, 0x00, 0x00, 0x00, 0x00, 0x00,
    0x00, 0x00, 0x00, 0x00, 0x00, 0x00, 0x00, 0x00, 0x00, 0x00, 0x00, 0x00,
    0x00, 0x00, 0x00, 0x00, 0x00, 0x00, 0x00, 0x00, 0x00, 0x00, 0x00, 0x00,
    0x00, 0x00, 0x00, 0x00, 0x00, 0x00, 0x00, 0x00, 0x00, 0x00, 0x00, 0x00,
    0x00, 0x00, 0x00, 0x00, 0x00, 0x00, 0x00, 0x00, 0x00, 0x00, 0x00, 0x00,
    0x50, 0x4c, 0x48, 0x51, 0x50, 0x48, 0x48, 0xdf, 0x50, 0x4c, 0x40, 0xff,
    0x50, 0x4c, 0x48, 0xff, 0x50, 0x48, 0x48, 0xff, 0x50, 0x4c, 0x48, 0xff,
    0x50, 0x4c, 0x40, 0xff, 0x50, 0x4c, 0x48, 0xff, 0x50, 0x48, 0x48, 0xff,
    0x50, 0x4c, 0x48, 0xff, 0x50, 0x48, 0x48, 0xff, 0x50, 0x4c, 0x48, 0xff,
    0x50, 0x48, 0x48, 0xff, 0x50, 0x4c, 0x48, 0xff, 0x50, 0x48, 0x48, 0xff,
    0x50, 0x4c, 0x48, 0xff, 0x50, 0x4c, 0x48, 0xff, 0x50, 0x4c, 0x48, 0xff,
    0x50, 0x4c, 0x48, 0xff, 0x50, 0x4c, 0x48, 0xff, 0x50, 0x4c, 0x48, 0xff,
    0x50, 0x48, 0x48, 0xff, 0x50, 0x4c, 0x48, 0xff, 0x50, 0x4c, 0x48, 0xff,
    0x50, 0x4c, 0x48, 0xff, 0x50, 0x48, 0x40, 0xff, 0x50, 0x4c, 0x48, 0xff,
    0x50, 0x4c, 0x48, 0xff, 0x50, 0x4c, 0x48, 0xff, 0x50, 0x4c, 0x48, 0xff,
    0x50, 0x48, 0x48, 0xff, 0x50, 0x4c, 0x48, 0xff, 0x50, 0x4c, 0x48, 0xff,
    0x50, 0x4c, 0x48, 0xff, 0x50, 0x4c, 0x48, 0xff, 0x50, 0x4c, 0x48, 0xff,
    0x50, 0x4c, 0x48, 0xff, 0x50, 0x4c, 0x48, 0xff, 0x50, 0x48, 0x48, 0xff,
    0x50, 0x48, 0x48, 0xff, 0x50, 0x4c, 0x48, 0xff, 0x50, 0x4c, 0x48, 0xff,
    0x50, 0x48, 0x48, 0xff, 0x50, 0x4c, 0x48, 0xff, 0x50, 0x4c, 0x48, 0xff,
    0x50, 0x48, 0x48, 0xff, 0x50, 0x48, 0x48, 0xff, 0x50, 0x4c, 0x48, 0xff,
    0x50, 0x4c, 0x48, 0xff, 0x50, 0x48, 0x48, 0xff, 0x50, 0x4c, 0x48, 0xff,
    0x50, 0x4c, 0x48, 0xff, 0x50, 0x4c, 0x48, 0xff, 0x50, 0x4c, 0x48, 0xff,
    0x50, 0x48, 0x40, 0xff, 0x50, 0x4c, 0x48, 0xff, 0x50, 0x4c, 0x48, 0xff,
    0x50, 0x48, 0x40, 0xff, 0x50, 0x4c, 0x48, 0xff, 0x50, 0x4c, 0x48, 0xff,
    0x50, 0x4c, 0x48, 0xff, 0x50, 0x4c, 0x48, 0xff, 0x50, 0x4c, 0x48, 0xff,
    0x50, 0x4c, 0x48, 0xff, 0x50, 0x48, 0x48, 0xff, 0x50, 0x4c, 0x48, 0xff,
    0x50, 0x4c, 0x48, 0xff, 0x50, 0x48, 0x48, 0xff, 0x50, 0x4c, 0x48, 0xff,
    0x50, 0x4c, 0x40, 0xff, 0x50, 0x48, 0x48, 0xff, 0x50, 0x4c, 0x48, 0xff,
    0x50, 0x4c, 0x40, 0xff, 0x50, 0x4c, 0x48, 0xff, 0x50, 0x4c, 0x48, 0xff,
    0x50, 0x4c, 0x48, 0xff, 0x50, 0x4c, 0x48, 0xff, 0x50, 0x4c, 0x48, 0xff,
    0x50, 0x4c, 0x48, 0xff, 0x50, 0x48, 0x48, 0xff, 0x50, 0x4c, 0x48, 0xff,
    0x50, 0x48, 0x48, 0xff, 0x50, 0x48, 0x48, 0xff, 0x50, 0x4c, 0x48, 0xff,
    0x50, 0x4c, 0x48, 0xff, 0x50, 0x4c, 0x48, 0xff, 0x50, 0x48, 0x48, 0xff,
    0x50, 0x4c, 0x48, 0xff, 0x50, 0x4c, 0x48, 0xff, 0x50, 0x48, 0x48, 0xff,
    0x50, 0x4c, 0x48, 0xff, 0x50, 0x4c, 0x48, 0xff, 0x50, 0x4c, 0x48, 0xff,
    0x50, 0x48, 0x48, 0xff, 0x50, 0x4c, 0x40, 0xff, 0x50, 0x4c, 0x48, 0xff,
    0x50, 0x48, 0x48, 0xff, 0x50, 0x4c, 0x48, 0xff, 0x50, 0x4c, 0x48, 0xff,
    0x50, 0x4c, 0x48, 0xff, 0x50, 0x48, 0x48, 0xff, 0x50, 0x4c, 0x48, 0xff,
    0x50, 0x48, 0x48, 0xff, 0x50, 0x4c, 0x48, 0xff, 0x50, 0x48, 0x40, 0xff,
    0x50, 0x48, 0x48, 0xff, 0x50, 0x4c, 0x48, 0xff, 0x50, 0x4c, 0x40, 0xff,
    0x50, 0x48, 0x48, 0xff, 0x50, 0x4c, 0x48, 0xff, 0x50, 0x4c, 0x48, 0xff,
    0x50, 0x48, 0x48, 0xff, 0x50, 0x48, 0x48, 0xff, 0x50, 0x4c, 0x48, 0xff,
    0x50, 0x4c, 0x48, 0xff, 0x50, 0x4c, 0x48, 0xff, 0x50, 0x4c, 0x40, 0xff,
    0x50, 0x4c, 0x48, 0xff, 0x50, 0x4c, 0x48, 0xff, 0x50, 0x4c, 0x48, 0xff,
    0x50, 0x48, 0x40, 0xff, 0x50, 0x4c, 0x48, 0xff, 0x50, 0x4c, 0x48, 0xff,
    0x50, 0x48, 0x48, 0xff, 0x50, 0x4c, 0x48, 0xff, 0x50, 0x4c, 0x48, 0xff,
    0x50, 0x4c, 0x48, 0xff, 0x50, 0x4c, 0x48, 0xff, 0x50, 0x48, 0x48, 0xff,
    0x50, 0x4c, 0x48, 0xff, 0x50, 0x4c, 0x40, 0xff, 0x50, 0x48, 0x48, 0xff,
    0x50, 0x4c, 0x48, 0xff, 0x50, 0x4c, 0x48, 0xff, 0x50, 0x48, 0x48, 0xff,
    0x50, 0x4c, 0x48, 0xff, 0x50, 0x4c, 0x48, 0xff, 0x50, 0x48, 0x48, 0xff,
    0x50, 0x4c, 0x48, 0xff, 0x50, 0x4c, 0x48, 0xff, 0x50, 0x48, 0x40, 0xff,
    0x50, 0x4c, 0x48, 0xff, 0x50, 0x4c, 0x48, 0xff, 0x50, 0x48, 0x40, 0xff,
    0x50, 0x4c, 0x48, 0xff, 0x50, 0x4c, 0x48, 0xff, 0x50, 0x4c, 0x48, 0xff,
    0x50, 0x4c, 0x48, 0xff, 0x50, 0x4c, 0x40, 0xff, 0x50, 0x48, 0x48, 0xff,
    0x50, 0x4c, 0x48, 0xff, 0x50, 0x4c, 0x48, 0xff, 0x50, 0x4c, 0x48, 0xff,
    0x50, 0x4c, 0x48, 0xff, 0x50, 0x4c, 0x48, 0xff, 0x50, 0x48, 0x48, 0xff,
    0x50, 0x4c, 0x48, 0xff, 0x50, 0x4c, 0x48, 0xff, 0x50, 0x4c, 0x48, 0xff,
    0x50, 0x4c, 0x48, 0xff, 0x50, 0x4c, 0x48, 0xff, 0x50, 0x4c, 0x48, 0xff,
    0x50, 0x48, 0x48, 0xff, 0x50, 0x4c, 0x48, 0xff, 0x50, 0x4c, 0x40, 0xff,
    0x50, 0x48, 0x48, 0xff, 0x50, 0x4c, 0x48, 0xff, 0x50, 0x4c, 0x48, 0xff,
    0x50, 0x48, 0x48, 0xff, 0x50, 0x48, 0x48, 0xff, 0x50, 0x4c, 0x48, 0xff,
    0x50, 0x4c, 0x48, 0xff, 0x50, 0x48, 0x40, 0xff, 0x50, 0x4c, 0x48, 0xff,
    0x50, 0x4c, 0x48, 0xff, 0x50, 0x4c, 0x48, 0xff, 0x50, 0x4c, 0x48, 0xff,
    0x50, 0x4c, 0x48, 0xff, 0x50, 0x4c, 0x48, 0xff, 0x50, 0x48, 0x40, 0xff,
    0x50, 0x4c, 0x48, 0xff, 0x50, 0x4c, 0x48, 0xff, 0x50, 0x4c, 0x48, 0xff,
    0x50, 0x4c, 0x48, 0xff, 0x50, 0x4c, 0x48, 0xff, 0x50, 0x4c, 0x40, 0xff,
    0x50, 0x4c, 0x48, 0xff, 0x50, 0x4c, 0x48, 0xff, 0x50, 0x4c, 0x48, 0xff,
    0x50, 0x4c, 0x48, 0xff, 0x50, 0x4c, 0x48, 0xff, 0x50, 0x48, 0x48, 0xff,
    0x50, 0x4c, 0x48, 0xff, 0x50, 0x48, 0x40, 0xff, 0x50, 0x4c, 0x48, 0xff,
    0x50, 0x4c, 0x48, 0xff, 0x50, 0x48, 0x40, 0xbe, 0x50, 0x48, 0x40, 0x41,
    0x00, 0x00, 0x00, 0x00, 0x00, 0x00, 0x00, 0x00, 0x00, 0x00, 0x00, 0x00,
    0x00, 0x00, 0x00, 0x00, 0x00, 0x00, 0x00, 0x00, 0x00, 0x00, 0x00, 0x00,
    0x00, 0x00, 0x00, 0x00, 0x00, 0x00, 0x00, 0x00, 0x00, 0x00, 0x00, 0x00,
    0x00, 0x00, 0x00, 0x00, 0x00, 0x00, 0x00, 0x00, 0x00, 0x00, 0x00, 0x00,
    0x00, 0x00, 0x00, 0x00, 0x00, 0x00, 0x00, 0x00, 0x00, 0x00, 0x00, 0x00,
    0x00, 0x00, 0x00, 0x00, 0x00, 0x00, 0x00, 0x00, 0x00, 0x00, 0x00, 0x00,
    0x00, 0x00, 0x00, 0x00, 0x00, 0x00, 0x00, 0x00, 0x00, 0x00, 0x00, 0x00,
    0x00, 0x00, 0x00, 0x00, 0x00, 0x00, 0x00, 0x00, 0x00, 0x00, 0x00, 0x00,
    0x00, 0x00, 0x00, 0x00, 0x00, 0x00, 0x00, 0x00, 0x00, 0x00, 0x00, 0x00,
    0x00, 0x00, 0x00, 0x00, 0x00, 0x00, 0x00, 0x00, 0x00, 0x00, 0x00, 0x00,
    0x00, 0x00, 0x00, 0x00, 0x00, 0x00, 0x00, 0x00, 0x50, 0x48, 0x40, 0x41,
    0x50, 0x4c, 0x48, 0xbe, 0x50, 0x4c, 0x48, 0xff, 0x50, 0x48, 0x48, 0xff,
    0x50, 0x4c, 0x48, 0xff, 0x50, 0x4c, 0x48, 0xff, 0x50, 0x4c, 0x48, 0xff,
    0x50, 0x4c, 0x40, 0xff, 0x50, 0x4c, 0x48, 0xff, 0x50, 0x48, 0x48, 0xff,
    0x50, 0x4c, 0x48, 0xff, 0x50, 0x4c, 0x40, 0xff, 0x50, 0x4c, 0x48, 0xff,
    0x50, 0x48, 0x48, 0xff, 0x50, 0x4c, 0x40, 0xff, 0x50, 0x48, 0x48, 0xff,
    0x50, 0x4c, 0x48, 0xff, 0x50, 0x4c, 0x40, 0xff, 0x50, 0x48, 0x48, 0xff,
    0x50, 0x4c, 0x48, 0xff, 0x50, 0x4c, 0x48, 0xff, 0x50, 0x4c, 0x48, 0xff,
    0x50, 0x4c, 0x48, 0xff, 0x50, 0x4c, 0x48, 0xff, 0x50, 0x48, 0x48, 0xff,
    0x50, 0x4c, 0x48, 0xff, 0x50, 0x4c, 0x48, 0xff, 0x50, 0x48, 0x48, 0xff,
    0x50, 0x4c, 0x48, 0xff, 0x50, 0x4c, 0x40, 0xff, 0x50, 0x48, 0x48, 0xff,
    0x50, 0x4c, 0x48, 0xff, 0x50, 0x4c, 0x48, 0xff, 0x50, 0x48, 0x40, 0xff,
    0x50, 0x4c, 0x48, 0xff, 0x50, 0x4c, 0x48, 0xff, 0x50, 0x4c, 0x48, 0xff,
    0x50, 0x4c, 0x48, 0xff, 0x50, 0x4c, 0x40, 0xff, 0x50, 0x48, 0x48, 0xff,
    0x50, 0x4c, 0x48, 0xff, 0x50, 0x4c, 0x40, 0xff, 0x50, 0x4c, 0x48, 0xff,
    0x50, 0x4c, 0x48, 0xff, 0x50, 0x4c, 0x48, 0xff, 0x50, 0x4c, 0x48, 0xff,
    0x50, 0x48, 0x48, 0xff, 0x50, 0x4c, 0x48, 0xff, 0x50, 0x48, 0x40, 0xff,
    0x50, 0x4c, 0x48, 0xff, 0x50, 0x4c, 0x48, 0xff, 0x50, 0x48, 0x48, 0xff,
    0x50, 0x4c, 0x48, 0xff, 0x50, 0x4c, 0x48, 0xff, 0x50, 0x48, 0x48, 0xff,
    0x50, 0x4c, 0x48, 0xff, 0x50, 0x4c, 0x48, 0xff, 0x50, 0x48, 0x48, 0xff,
    0x50, 0x4c, 0x48, 0xff, 0x50, 0x48, 0x48, 0xff, 0x50, 0x4c, 0x48, 0xff,
    0x50, 0x4c, 0x40, 0xff, 0x50, 0x48, 0x48, 0xff, 0x50, 0x4c, 0x48, 0xff,
    0x50, 0x4c, 0x48, 0xff, 0x50, 0x4c, 0x48, 0xff, 0x50, 0x4c, 0x48, 0xff,
    0x50, 0x4c, 0x48, 0xff, 0x50, 0x48, 0x48, 0xff, 0x50, 0x4c, 0x48, 0xff,
    0x50, 0x4c, 0x48, 0xff, 0x50, 0x48, 0x48, 0xff, 0x50, 0x48, 0x48, 0xff,
    0x50, 0x4c, 0x40, 0xff, 0x50, 0x4c, 0x48, 0xff, 0x50, 0x48, 0x48, 0xff,
    0x50, 0x4c, 0x40, 0xff, 0x50, 0x4c, 0x48, 0xff, 0x50, 0x4c, 0x48, 0xff,
    0x50, 0x4c, 0x48, 0xff, 0x50, 0x4c, 0x48, 0xff, 0x50, 0x4c, 0x40, 0xff,
    0x50, 0x48, 0x48, 0xff, 0x50, 0x4c, 0x48, 0xff, 0x50, 0x4c, 0x40, 0xff,
    0x50, 0x4c, 0x48, 0xff, 0x50, 0x48, 0x48, 0xff, 0x50, 0x4c, 0x40, 0xff,
    0x50, 0x4c, 0x48, 0xff, 0x50, 0x4c, 0x48, 0xff, 0x50, 0x4c, 0x48, 0xff,
    0x50, 0x4c, 0x48, 0xff, 0x50, 0x4c, 0x48, 0xff, 0x50, 0x48, 0x48, 0xff,
    0x50, 0x4c, 0x40, 0xff, 0x50, 0x4c, 0x48, 0xff, 0x50, 0x4c, 0x48, 0xff,
    0x50, 0x4c, 0x40, 0xff, 0x50, 0x4c, 0x48, 0xff, 0x50, 0x4c, 0x48, 0xff,
    0x50, 0x4c, 0x40, 0xff, 0x50, 0x4c, 0x48, 0xff, 0x50, 0x4c, 0x48, 0xff,
    0x50, 0x4c, 0x48, 0xff, 0x50, 0x4c, 0x48, 0xff, 0x50, 0x48, 0x48, 0xff,
    0x50, 0x4c, 0x48, 0xff, 0x50, 0x4c, 0x48, 0xff, 0x50, 0x4c, 0x48, 0xff,
    0x50, 0x4c, 0x48, 0xff, 0x50, 0x4c, 0x48, 0xff, 0x50, 0x48, 0x48, 0xff,
    0x50, 0x4c, 0x48, 0xff, 0x50, 0x4c, 0x48, 0xff, 0x50, 0x48, 0x48, 0xff,
    0x50, 0x4c, 0x48, 0xff, 0x50, 0x4c, 0x48, 0xff, 0x50, 0x4c, 0x48, 0xff,
    0x50, 0x4c, 0x48, 0xff, 0x50, 0x4c, 0x48, 0xff, 0x50, 0x4c, 0x48, 0xff,
    0x50, 0x48, 0x48, 0xff, 0x50, 0x4c, 0x48, 0xff, 0x50, 0x4c, 0x48, 0xff,
    0x50, 0x48, 0x48, 0xff, 0x50, 0x4c, 0x48, 0xff, 0x50, 0x4c, 0x48, 0xff,
    0x50, 0x4c, 0x48, 0xff, 0x50, 0x48, 0x48, 0xff, 0x50, 0x4c, 0x48, 0xff,
    0x50, 0x4c, 0x48, 0xff, 0x50, 0x48, 0x48, 0xff, 0x50, 0x4c, 0x48, 0xff,
    0x50, 0x4c, 0x40, 0xff, 0x50, 0x4c, 0x48, 0xff, 0x50, 0x48, 0x48, 0xff,
    0x50, 0x4c, 0x48, 0xff, 0x50, 0x4c, 0x48, 0xff, 0x50, 0x48, 0x48, 0xff,
    0x50, 0x4c, 0x48, 0xff, 0x50, 0x4c, 0x48, 0xff, 0x50, 0x4c, 0x48, 0xff,
    0x50, 0x48, 0x48, 0xff, 0x50, 0x4c, 0x40, 0xff, 0x50, 0x48, 0x48, 0xff,
    0x50, 0x4c, 0x48, 0xff, 0x50, 0x48, 0x48, 0xff, 0x50, 0x4c, 0x48, 0xff,
    0x50, 0x4c, 0x48, 0xff, 0x50, 0x48, 0x48, 0xff, 0x50, 0x48, 0x48, 0xff,
    0x50, 0x4c, 0x40, 0xff, 0x50, 0x4c, 0x48, 0xff, 0x50, 0x4c, 0x48, 0xff,
    0x50, 0x48, 0x40, 0xff, 0x50, 0x4c, 0x48, 0xff, 0x50, 0x4c, 0x48, 0xff,
    0x50, 0x48, 0x40, 0xff, 0x50, 0x4c, 0x48, 0xff, 0x50, 0x4c, 0x48, 0xff,
    0x50, 0x4c, 0x48, 0xff, 0x50, 0x4c, 0x48, 0xff, 0x50, 0x4c, 0x48, 0xff,
    0x50, 0x4c, 0x48, 0xff, 0x50, 0x48, 0x48, 0xff, 0x50, 0x4c, 0x40, 0xff,
    0x50, 0x4c, 0x48, 0xff, 0x50, 0x4c, 0x48, 0xff, 0x50, 0x4c, 0x48, 0xff,
    0x50, 0x48, 0x48, 0xff, 0x50, 0x4c, 0x48, 0xff, 0x50, 0x4c, 0x48, 0xff,
    0x50, 0x48, 0x48, 0xff, 0x50, 0x48, 0x48, 0xff, 0x50, 0x4c, 0x48, 0xff,
    0x50, 0x4c, 0x48, 0xff, 0x50, 0x4c, 0x48, 0xff, 0x50, 0x4c, 0x48, 0xff,
    0x50, 0x48, 0x48, 0xff, 0x50, 0x4c, 0x48, 0xff, 0x50, 0x4c, 0x40, 0xff,
    0x50, 0x4c, 0x48, 0xff, 0x50, 0x48, 0x48, 0xff, 0x50, 0x4c, 0x48, 0xff,
    0x50, 0x48, 0x48, 0xff, 0x50, 0x4c, 0x48, 0xff, 0x50, 0x4c, 0x48, 0xff,
    0x50, 0x48, 0x48, 0xff, 0x50, 0x4c, 0x48, 0xff, 0x50, 0x4c, 0x48, 0xff,
    0x50, 0x4c, 0x48, 0xff, 0x50, 0x48, 0x48, 0xff, 0x50, 0x4c, 0x48, 0xbe,
    0x50, 0x48, 0x40, 0x41, 0x00, 0x00, 0x00, 0x00, 0x00, 0x00, 0x00, 0x00,
    0x00, 0x00, 0x00, 0x00, 0x00, 0x00, 0x00, 0x00, 0x00, 0x00, 0x00, 0x00,
    0x00, 0x00, 0x00, 0x00, 0x00, 0x00, 0x00, 0x00, 0x00, 0x00, 0x00, 0x00,
    0x00, 0x00, 0x00, 0x00, 0x00, 0x00, 0x00, 0x00, 0x00, 0x00, 0x00, 0x00,
    0x00, 0x00, 0x00, 0x00, 0x00, 0x00, 0x00, 0x00, 0x00, 0x00, 0x00, 0x00,
    0x00, 0x00, 0x00, 0x00, 0x00, 0x00, 0x00, 0x00, 0x00, 0x00, 0x00, 0x00,
    0x00, 0x00, 0x00, 0x00, 0x00, 0x00, 0x00, 0x00, 0x00, 0x00, 0x00, 0x00,
    0x00, 0x00, 0x00, 0x00, 0x00, 0x00, 0x00, 0x00, 0x00, 0x00, 0x00, 0x00,
    0x00, 0x00, 0x00, 0x00, 0x00, 0x00, 0x00, 0x00, 0x00, 0x00, 0x00, 0x00,
    0x00, 0x00, 0x00, 0x00, 0x00, 0x00, 0x00, 0x00, 0x00, 0x00, 0x00, 0x00,
    0x00, 0x00, 0x00, 0x00, 0x00, 0x00, 0x00, 0x00, 0x00, 0x00, 0x00, 0x00,
    0x00, 0x00, 0x00, 0x00, 0x00, 0x00, 0x00, 0x00, 0x00, 0x00, 0x00, 0x00,
    0x00, 0x00, 0x00, 0x00, 0x50, 0x48, 0x48, 0x20, 0x50, 0x4c, 0x48, 0x6d,
    0x50, 0x4c, 0x48, 0xbe, 0x50, 0x48, 0x48, 0xff, 0x50, 0x4c, 0x48, 0xff,
    0x50, 0x4c, 0x48, 0xff, 0x50, 0x4c, 0x48, 0xff, 0x50, 0x4c, 0x48, 0xff,
    0x50, 0x4c, 0x48, 0xff, 0x50, 0x4c, 0x48, 0xff, 0x50, 0x4c, 0x48, 0xff,
    0x50, 0x4c, 0x48, 0xff, 0x50, 0x48, 0x48, 0xff, 0x50, 0x4c, 0x48, 0xff,
    0x50, 0x4c, 0x48, 0xff, 0x50, 0x48, 0x48, 0xff, 0x50, 0x4c, 0x48, 0xff,
    0x50, 0x4c, 0x40, 0xff, 0x50, 0x48, 0x48, 0xff, 0x50, 0x4c, 0x48, 0xff,
    0x50, 0x4c, 0x40, 0xff, 0x50, 0x48, 0x48, 0xff, 0x50, 0x4c, 0x48, 0xff,
    0x50, 0x4c, 0x40, 0xff, 0x50, 0x4c, 0x48, 0xff, 0x50, 0x4c, 0x48, 0xff,
    0x50, 0x4c, 0x48, 0xff, 0x50, 0x4c, 0x48, 0xff, 0x50, 0x48, 0x48, 0xff,
    0x50, 0x4c, 0x48, 0xff, 0x50, 0x4c, 0x48, 0xff, 0x50, 0x48, 0x48, 0xff,
    0x50, 0x4c, 0x48, 0xff, 0x50, 0x4c, 0x48, 0xff, 0x50, 0x48, 0x40, 0xff,
    0x50, 0x4c, 0x48, 0xff, 0x50, 0x4c, 0x48, 0xff, 0x50, 0x4c, 0x48, 0xff,
    0x50, 0x4c, 0x48, 0xff, 0x50, 0x48, 0x48, 0xff, 0x50, 0x4c, 0x48, 0xff,
    0x50, 0x4c, 0x40, 0xff, 0x50, 0x4c, 0x48, 0xff, 0x50, 0x48, 0x48, 0xff,
    0x50, 0x4c, 0x40, 0xff, 0x50, 0x4c, 0x48, 0xff, 0x50, 0x4c, 0x48, 0xff,
    0x50, 0x48, 0x48, 0xff, 0x50, 0x4c, 0x48, 0xff, 0x50, 0x4c, 0x40, 0xff,
    0x50, 0x4c, 0x48, 0xff, 0x50, 0x4c, 0x48, 0xff, 0x50, 0x4c, 0x48, 0xff,
    0x50, 0x4c, 0x48, 0xff, 0x50, 0x4c, 0x48, 0xff, 0x50, 0x4c, 0x48, 0xff,
    0x50, 0x48, 0x40, 0xff, 0x50, 0x4c, 0x48, 0xff, 0x50, 0x4c, 0x48, 0xff,
    0x50, 0x4c, 0x48, 0xff, 0x50, 0x4c, 0x48, 0xff, 0x50, 0x48, 0x40, 0xff,
    0x50, 0x4c, 0x48, 0xff, 0x50, 0x4c, 0x48, 0xff, 0x50, 0x48, 0x40, 0xff,
    0x50, 0x4c, 0x48, 0xff, 0x50, 0x4c, 0x48, 0xff, 0x50, 0x4c, 0x48, 0xff,
    0x50, 0x4c, 0x48, 0xff, 0x50, 0x4c, 0x48, 0xff, 0x50, 0x4c, 0x48, 0xff,
    0x50, 0x48, 0x48, 0xff, 0x50, 0x4c, 0x48, 0xff, 0x50, 0x4c, 0x48, 0xff,
    0x50, 0x48, 0x48, 0xff, 0x50, 0x4c, 0x48, 0xff, 0x50, 0x4c, 0x40, 0xff,
    0x50, 0x4c, 0x48, 0xff, 0x50, 0x4c, 0x48, 0xff, 0x50, 0x48, 0x48, 0xff,
    0x50, 0x4c, 0x48, 0xff, 0x50, 0x4c, 0x48, 0xff, 0x50, 0x4c, 0x48, 0xff,
    0x50, 0x48, 0x48, 0xff, 0x50, 0x4c, 0x48, 0xff, 0x50, 0x4c, 0x48, 0xff,
    0x50, 0x48, 0x48, 0xff, 0x50, 0x4c, 0x40, 0xff, 0x50, 0x48, 0x48, 0xff,
    0x50, 0x4c, 0x48, 0xff, 0x50, 0x4c, 0x48, 0xff, 0x50, 0x4c, 0x48, 0xff,
    0x50, 0x4c, 0x48, 0xff, 0x50, 0x48, 0x48, 0xff, 0x50, 0x4c, 0x48, 0xff,
    0x50, 0x48, 0x48, 0xff, 0x50, 0x4c, 0x48, 0xff, 0x50, 0x4c, 0x48, 0xff,
    0x50, 0x48, 0x48, 0xff, 0x50, 0x4c, 0x48, 0xff, 0x50, 0x4c, 0x48, 0xff,
    0x50, 0x4c, 0x48, 0xff, 0x50, 0x4c, 0x48, 0xff, 0x50, 0x4c, 0x48, 0xff,
    0x50, 0x4c, 0x40, 0xff, 0x50, 0x48, 0x48, 0xff, 0x50, 0x4c, 0x48, 0xff,
    0x50, 0x4c, 0x40, 0xff, 0x50, 0x4c, 0x48, 0xff, 0x50, 0x4c, 0x48, 0xff,
    0x50, 0x48, 0x40, 0xff, 0x50, 0x4c, 0x48, 0xff, 0x50, 0x4c, 0x48, 0xff,
    0x50, 0x48, 0x48, 0xff, 0x50, 0x4c, 0x40, 0xff, 0x50, 0x48, 0x48, 0xff,
    0x50, 0x4c, 0x48, 0xff, 0x50, 0x4c, 0x48, 0xff, 0x50, 0x48, 0x40, 0xff,
    0x50, 0x4c, 0x48, 0xff, 0x50, 0x4c, 0x48, 0xff, 0x50, 0x4c, 0x40, 0xff,
    0x50, 0x48, 0x48, 0xff, 0x50, 0x4c, 0x48, 0xff, 0x50, 0x4c, 0x40, 0xff,
    0x50, 0x48, 0x48, 0xff, 0x50, 0x4c, 0x48, 0xff, 0x50, 0x4c, 0x48, 0xff,
    0x50, 0x4c, 0x40, 0xff, 0x50, 0x4c, 0x48, 0xff, 0x50, 0x4c, 0x48, 0xff,
    0x50, 0x4c, 0x48, 0xff, 0x50, 0x48, 0x48, 0xff, 0x50, 0x4c, 0x48, 0xff,
    0x50, 0x4c, 0x40, 0xff, 0x50, 0x4c, 0x48, 0xff, 0x50, 0x4c, 0x48, 0xff,
    0x50, 0x4c, 0x48, 0xff, 0x50, 0x4c, 0x48, 0xff, 0x50, 0x4c, 0x48, 0xff,
    0x50, 0x4c, 0x48, 0xff, 0x50, 0x4c, 0x48, 0xff, 0x50, 0x4c, 0x48, 0xff,
    0x50, 0x4c, 0x48, 0xff, 0x50, 0x4c, 0x48, 0xff, 0x50, 0x4c, 0x48, 0xff,
    0x50, 0x4c, 0x40, 0xff, 0x50, 0x4c, 0x48, 0xff, 0x50, 0x4c, 0x48, 0xff,
    0x50, 0x48, 0x48, 0xff, 0x50, 0x4c, 0x48, 0xff, 0x50, 0x4c, 0x48, 0xff,
    0x50, 0x4c, 0x48, 0xff, 0x50, 0x48, 0x48, 0xff, 0x50, 0x4c, 0x48, 0xff,
    0x50, 0x4c, 0x48, 0xff, 0x50, 0x48, 0x48, 0xff, 0x50, 0x4c, 0x48, 0xff,
    0x50, 0x48, 0x40, 0xff, 0x50, 0x4c, 0x48, 0xff, 0x50, 0x4c, 0x48, 0xff,
    0x50, 0x48, 0x48, 0xff, 0x50, 0x4c, 0x48, 0xff, 0x50, 0x4c, 0x48, 0xff,
    0x50, 0x4c, 0x48, 0xff, 0x50, 0x4c, 0x48, 0xff, 0x50, 0x48, 0x40, 0xff,
    0x50, 0x4c, 0x48, 0xff, 0x50, 0x4c, 0x48, 0xff, 0x50, 0x4c, 0x48, 0xff,
    0x50, 0x4c, 0x40, 0xff, 0x50, 0x4c, 0x48, 0xff, 0x50, 0x48, 0x48, 0xff,
    0x50, 0x4c, 0x40, 0xff, 0x50, 0x48, 0x48, 0xff, 0x50, 0x4c, 0x48, 0xff,
    0x50, 0x4c, 0x48, 0xff, 0x50, 0x48, 0x48, 0xff, 0x50, 0x4c, 0x48, 0xff,
    0x50, 0x4c, 0x48, 0xff, 0x50, 0x48, 0x48, 0xff, 0x50, 0x4c, 0x48, 0xff,
    0x50, 0x4c, 0x48, 0xff, 0x50, 0x48, 0x40, 0xff, 0x50, 0x4c, 0x48, 0xff,
    0x50, 0x4c, 0x48, 0xff, 0x50, 0x48, 0x40, 0xff, 0x50, 0x4c, 0x48, 0xbe,
    0x50, 0x48, 0x40, 0x7d, 0x50, 0x40, 0x40, 0x10, 0x00, 0x00, 0x00, 0x00,
    0x00, 0x00, 0x00, 0x00, 0x00, 0x00, 0x00, 0x00, 0x00, 0x00, 0x00, 0x00,
    0x00, 0x00, 0x00, 0x00, 0x00, 0x00, 0x00, 0x00, 0x00, 0x00, 0x00, 0x00,
    0x00, 0x00, 0x00, 0x00, 0x00, 0x00, 0x00, 0x00, 0x00, 0x00, 0x00, 0x00,
    0x00, 0x00, 0x00, 0x00, 0x00, 0x00, 0x00, 0x00, 0x00, 0x00, 0x00, 0x00,
    0x00, 0x00, 0x00, 0x00, 0x00, 0x00, 0x00, 0x00, 0x00, 0x00, 0x00, 0x00,
    0x00, 0x00, 0x00, 0x00, 0x00, 0x00, 0x00, 0x00, 0x00, 0x00, 0x00, 0x00,
    0x00, 0x00, 0x00, 0x00, 0x00, 0x00, 0x00, 0x00, 0x00, 0x00, 0x00, 0x00,
    0x00, 0x00, 0x00, 0x00, 0x00, 0x00, 0x00, 0x00, 0x00, 0x00, 0x00, 0x00,
    0x00, 0x00, 0x00, 0x00, 0x00, 0x00, 0x00, 0x00, 0x00, 0x00, 0x00, 0x00,
    0x00, 0x00, 0x00, 0x00, 0x00, 0x00, 0x00, 0x00, 0x00, 0x00, 0x00, 0x00,
    0x00, 0x00, 0x00, 0x00, 0x00, 0x00, 0x00, 0x00, 0x00, 0x00, 0x00, 0x00,
    0x00, 0x00, 0x00, 0x00, 0x00, 0x00, 0x00, 0x00, 0x00, 0x00, 0x00, 0x00,
    0x00, 0x00, 0x00, 0x00, 0x00, 0x00, 0x00, 0x00, 0x00, 0x00, 0x00, 0x00,
    0x00, 0x00, 0x00, 0x00, 0x50, 0x40, 0x40, 0x10, 0x50, 0x48, 0x40, 0x41,
    0x50, 0x48, 0x48, 0x7d, 0x50, 0x4c, 0x48, 0xae, 0x50, 0x4c, 0x40, 0xbe,
    0x50, 0x48, 0x48, 0xdf, 0x50, 0x48, 0x48, 0xff, 0x50, 0x4c, 0x48, 0xff,
    0x50, 0x4c, 0x48, 0xff, 0x50, 0x4c, 0x48, 0xff, 0x50, 0x4c, 0x40, 0xff,
    0x50, 0x4c, 0x48, 0xff, 0x50, 0x4c, 0x48, 0xff, 0x50, 0x4c, 0x48, 0xff,
    0x50, 0x4c, 0x48, 0xff, 0x50, 0x48, 0x48, 0xff, 0x50, 0x4c, 0x48, 0xff,
    0x50, 0x4c, 0x48, 0xff, 0x50, 0x4c, 0x48, 0xff, 0x50, 0x4c, 0x48, 0xff,
    0x50, 0x48, 0x48, 0xff, 0x50, 0x4c, 0x48, 0xff, 0x50, 0x48, 0x48, 0xff,
    0x50, 0x4c, 0x40, 0xff, 0x50, 0x4c, 0x48, 0xff, 0x50, 0x4c, 0x48, 0xff,
    0x50, 0x4c, 0x48, 0xff, 0x50, 0x4c, 0x40, 0xff, 0x50, 0x4c, 0x48, 0xff,
    0x50, 0x48, 0x48, 0xff, 0x50, 0x4c, 0x48, 0xff, 0x50, 0x4c, 0x48, 0xff,
    0x50, 0x48, 0x48, 0xff, 0x50, 0x4c, 0x48, 0xff, 0x50, 0x4c, 0x48, 0xff,
    0x50, 0x48, 0x48, 0xff, 0x50, 0x4c, 0x48, 0xff, 0x50, 0x4c, 0x48, 0xff,
    0x50, 0x48, 0x48, 0xff, 0x50, 0x4c, 0x48, 0xff, 0x50, 0x4c, 0x48, 0xff,
    0x50, 0x4c, 0x48, 0xff, 0x50, 0x4c, 0x48, 0xff, 0x50, 0x4c, 0x48, 0xff,
    0x50, 0x4c, 0x48, 0xff, 0x50, 0x48, 0x48, 0xff, 0x50, 0x4c, 0x48, 0xff,
    0x50, 0x4c, 0x48, 0xff, 0x50, 0x48, 0x48, 0xff, 0x50, 0x4c, 0x40, 0xff,
    0x50, 0x48, 0x48, 0xff, 0x50, 0x4c, 0x48, 0xff, 0x50, 0x4c, 0x48, 0xff,
    0x50, 0x4c, 0x48, 0xff, 0x50, 0x4c, 0x48, 0xff, 0x50, 0x48, 0x48, 0xff,
    0x50, 0x4c, 0x48, 0xff, 0x50, 0x4c, 0x48, 0xff, 0x50, 0x4c, 0x48, 0xff,
    0x50, 0x48, 0x48, 0xff, 0x50, 0x4c, 0x48, 0xff, 0x50, 0x4c, 0x48, 0xff,
    0x50, 0x48, 0x48, 0xff, 0x50, 0x4c, 0x48, 0xff, 0x50, 0x48, 0x40, 0xff,
    0x50, 0x4c, 0x48, 0xff, 0x50, 0x4c, 0x48, 0xff, 0x50, 0x4c, 0x40, 0xff,
    0x50, 0x4c, 0x48, 0xff, 0x50, 0x4c, 0x48, 0xff, 0x50, 0x4c, 0x48, 0xff,
    0x50, 0x4c, 0x48, 0xff, 0x50, 0x48, 0x48, 0xff, 0x50, 0x4c, 0x48, 0xff,
    0x50, 0x48, 0x48, 0xff, 0x50, 0x4c, 0x48, 0xff, 0x50, 0x4c, 0x48, 0xff,
    0x50, 0x4c, 0x48, 0xff, 0x50, 0x4c, 0x40, 0xff, 0x50, 0x48, 0x48, 0xff,
    0x50, 0x4c, 0x48, 0xff, 0x50, 0x4c, 0x48, 0xff, 0x50, 0x4c, 0x48, 0xff,
    0x50, 0x4c, 0x48, 0xff, 0x50, 0x4c, 0x48, 0xff, 0x50, 0x48, 0x48, 0xff,
    0x50, 0x4c, 0x48, 0xff, 0x50, 0x4c, 0x40, 0xff, 0x50, 0x48, 0x48, 0xff,
    0x50, 0x4c, 0x48, 0xff, 0x50, 0x4c, 0x48, 0xff, 0x50, 0x4c, 0x48, 0xff,
    0x50, 0x48, 0x48, 0xff, 0x50, 0x4c, 0x40, 0xff, 0x50, 0x4c, 0x48, 0xff,
    0x50, 0x48, 0x48, 0xff, 0x50, 0x4c, 0x48, 0xff, 0x50, 0x48, 0x40, 0xff,
    0x50, 0x48, 0x48, 0xff, 0x50, 0x4c, 0x48, 0xff, 0x50, 0x4c, 0x48, 0xff,
    0x50, 0x48, 0x48, 0xff, 0x50, 0x4c, 0x48, 0xff, 0x50, 0x4c, 0x48, 0xff,
    0x50, 0x48, 0x48, 0xff, 0x50, 0x4c, 0x48, 0xff, 0x50, 0x4c, 0x48, 0xff,
    0x50, 0x4c, 0x48, 0xff, 0x50, 0x4c, 0x48, 0xff, 0x50, 0x4c, 0x48, 0xff,
    0x50, 0x4c, 0x48, 0xff, 0x50, 0x48, 0x48, 0xff, 0x50, 0x4c, 0x48, 0xff,
    0x50, 0x4c, 0x48, 0xff, 0x50, 0x48, 0x48, 0xff, 0x50, 0x4c, 0x48, 0xff,
    0x50, 0x4c, 0x48, 0xff, 0x50, 0x4c, 0x48, 0xff, 0x50, 0x48, 0x48, 0xff,
    0x50, 0x4c, 0x48, 0xff, 0x50, 0x4c, 0x48, 0xff, 0x50, 0x4c, 0x48, 0xff,
    0x50, 0x4c, 0x48, 0xff, 0x50, 0x4c, 0x48, 0xff, 0x50, 0x48, 0x48, 0xff,
    0x50, 0x4c, 0x48, 0xff, 0x50, 0x48, 0x48, 0xff, 0x50, 0x4c, 0x48, 0xff,
    0x50, 0x4c, 0x48, 0xff, 0x50, 0x48, 0x48, 0xff, 0x50, 0x4c, 0x48, 0xff,
    0x50, 0x4c, 0x48, 0xff, 0x50, 0x48, 0x48, 0xff, 0x50, 0x4c, 0x48, 0xff,
    0x50, 0x48, 0x40, 0xff, 0x50, 0x48, 0x48, 0xff, 0x50, 0x4c, 0x48, 0xff,
    0x50, 0x4c, 0x48, 0xff, 0x50, 0x48, 0x48, 0xff, 0x50, 0x4c, 0x48, 0xff,
    0x50, 0x4c, 0x40, 0xff, 0x50, 0x48, 0x48, 0xff, 0x50, 0x48, 0x48, 0xff,
    0x50, 0x4c, 0x48, 0xff, 0x50, 0x4c, 0x48, 0xff, 0x50, 0x4c, 0x48, 0xff,
    0x50, 0x4c, 0x48, 0xff, 0x50, 0x48, 0x48, 0xff, 0x50, 0x4c, 0x48, 0xff,
    0x50, 0x4c, 0x48, 0xff, 0x50, 0x4c, 0x48, 0xff, 0x50, 0x4c, 0x48, 0xff,
    0x50, 0x4c, 0x48, 0xff, 0x50, 0x4c, 0x48, 0xff, 0x50, 0x48, 0x48, 0xff,
    0x50, 0x4c, 0x48, 0xff, 0x50, 0x4c, 0x48, 0xff, 0x50, 0x48, 0x48, 0xff,
    0x50, 0x4c, 0x40, 0xff, 0x50, 0x4c, 0x48, 0xff, 0x50, 0x48, 0x48, 0xff,
    0x50, 0x4c, 0x48, 0xff, 0x50, 0x4c, 0x48, 0xff, 0x50, 0x4c, 0x48, 0xff,
    0x50, 0x4c, 0x48, 0xff, 0x50, 0x48, 0x48, 0xff, 0x50, 0x4c, 0x48, 0xff,
    0x50, 0x4c, 0x48, 0xff, 0x50, 0x4c, 0x48, 0xff, 0x50, 0x4c, 0x48, 0xff,
    0x50, 0x4c, 0x48, 0xff, 0x50, 0x4c, 0x48, 0xff, 0x50, 0x4c, 0x48, 0xff,
    0x50, 0x4c, 0x40, 0xff, 0x50, 0x48, 0x48, 0xff, 0x50, 0x4c, 0x48, 0xff,
    0x50, 0x4c, 0x48, 0xff, 0x50, 0x4c, 0x40, 0xff, 0x50, 0x48, 0x48, 0xdf,
    0x50, 0x4c, 0x48, 0xcf, 0x50, 0x4c, 0x48, 0x9e, 0x50, 0x4c, 0x48, 0x6d,
    0x50, 0x48, 0x48, 0x51, 0x50, 0x40, 0x40, 0x10, 0x00, 0x00, 0x00, 0x00,
    0x00, 0x00, 0x00, 0x00, 0x00, 0x00, 0x00, 0x00, 0x00, 0x00, 0x00, 0x00,
    0x00, 0x00, 0x00, 0x00, 0x00, 0x00, 0x00, 0x00, 0x00, 0x00, 0x00, 0x00,
    0x00, 0x00, 0x00, 0x00, 0x00, 0x00, 0x00, 0x00, 0x00, 0x00, 0x00, 0x00,
    0x00, 0x00, 0x00, 0x00, 0x00, 0x00, 0x00, 0x00, 0x00, 0x00, 0x00, 0x00,
    0x00, 0x00, 0x00, 0x00, 0x00, 0x00, 0x00, 0x00, 0x00, 0x00, 0x00, 0x00,
    0x00, 0x00, 0x00, 0x00, 0x00, 0x00, 0x00, 0x00, 0x00, 0x00, 0x00, 0x00,
    0x00, 0x00, 0x00, 0x00, 0x00, 0x00, 0x00, 0x00, 0x00, 0x00, 0x00, 0x00
};
